grp,condition_id,n,sum_edge
df_70_90,0x002e73c0245559a035deb8aeea455644f25ca029190d5e9e8ecb2fddbf941d0a,1,-0.39333333333333333333
df_under70,0x004d381f7d632fcf39610994958ef02295e0bb2b4341b212602bc2f7331550e8,1,0.18777777777777777778
df_90plus,0x0061b1d4b49c44a05365d60389167968baf42f2b1ab99c3d8b80a8554980d9e8,1,0.19266666666666666667
df_90plus,0x009d773159b72d0575602bd9c855bed45187a7cfdc393dc231997731754d0ebf,1,0.05461538461538461538
df_under70,0x00a98be91394689188f2979411d033b64ac94e86fd64c8cdec0e47a44b2b5f2a,1,-0.31478450000000000000
df_70_90,0x00a9c166e12fe5f1db306980f242ef6b4f9b5c51f5d453dcc85452e989bf8a7c,1,0.33047360000000000000
df_under70,0x00bcf27e7607a88cd72d1f5592df7421420131f9964c5d3f161339899a5bf825,1,-0.69500000000000000000
df_under70,0x00cb155d600f0f7641bfb677a564ba842fa76017075486b6ddc558e66a5d7d5b,1,0.47000000000000000000
df_90plus,0x00cf3efc18a950cf442049aa0770903f0ab8606212499e0e4196bf74c102c456,1,0.05785524590163934426
df_under70,0x00d22d8c0e5b66af8c6e3f0fd9b1c61dbdca903a7c45d475153cf152fa002047,1,0.49324250000000000000
df_90plus,0x00eaef7036396448458560f3e7343ed08cb4f1fcc247c9dd805cf39d97fcebd7,1,0.46000000000000000000
df_90plus,0x010048d1206b30658bbaaa7f3147ed6e50855a959bcba38b91420a0938bcdd36,1,-0.50274700000000000000
df_90plus,0x011b0e5d3262c03cc9aff9ed177b03da8ebb1cd004c4e914a938c7c15b9a7d39,1,0.05000000000000000000
df_90plus,0x0130c758ed1de52334c9183f91f7b2db08c22a3e2ff9f4be509a228537623785,1,-0.52000000000000000000
df_70_90,0x0139fc0555d1d27de4a84c0d63051a62b5767a00858dc26b57262ae10517ea38,1,-0.48694400000000000000
df_90plus,0x0167879c2b764c835e06d78a4ef878ac40c72cf79fb05b66e86d516d0eea11bd,1,0.22250000000000000000
df_90plus,0x0177a8766c74748712fce0b6ab167ed66d7702de050b0ea4ff3911703f8c291d,1,0.49000000000000000000
df_70_90,0x017f79842c76a76ee2fd9d448b73cdfa85dcacd7d03c3b4c0a8e2663c4e84c27,1,-0.81857142857142857143
df_under70,0x0194372af6eaa9285f82632beecb279fec81beb78d7025a7444c4d914764ba72,1,-0.36000000000000000000
df_under70,0x01a85ca8e7cbbaeec3012b79fc16c785a7fb148da94316848b0c77b840670cc5,1,-0.50000000000000000000
df_under70,0x01ead212cee1eefdd92794fe4fdb75ccc4797dd1f84a34248945904b6ed82120,1,-0.36470633333333333333
df_90plus,0x020d7e2908c37aa50c634f0c7f8369f1556ad4a27e5a0312f703188abe42b598,1,-0.50500000000000000000
df_under70,0x02103f049a5fe127c4ea03c9531772e82f3b9f5e9f5f30d67fda5b472fb56c17,1,0.65333333333333333333
df_90plus,0x0255d4b6bb67a326965348838a136260839d10a8db717538de1fc8f05777a683,1,0.29000000000000000000
df_under70,0x0256ef63427ed0d9eefa1422eee948165a2a215b0741a339025fb08b2cf6e15d,1,0.59551724137931034483
df_90plus,0x02670845f2d5fcad741f7f31942176168ed91344baf345c83383d4ca9c70ca4c,1,0.10000000000000000000
df_70_90,0x029737e72b5b1661c0f96acb70528cf9a94bb3b2e211d7658f4449414665c03b,1,0.30666666666666666667
df_90plus,0x029e72f379232ca9a6cff192e77ef1a8d7b6582d41d4932f772a97f867c89336,1,0.19377325000000000000
df_under70,0x02a7e87d80dab860a4198c289baec8ee5052fad5b7a5a453c5544b5d8992b64e,1,0.51463161538461538462
df_90plus,0x02e6292d3236e2fb57cee80181bc59009577b2f383fc69373c4f36c5da6f9178,1,-0.48250000000000000000
df_90plus,0x030a94cdb727f201a5074fe3a29765917e5221de66cea8fc7d308f023e373f67,1,-0.73899150000000000000
df_90plus,0x0324ca93932e82f05a514282e2db652d8f7e47c09891548ffbb4ebfd691410e2,1,-0.66453050000000000000
df_70_90,0x033a08fef5f2a9628faeac132d02d8d817a07b95be3a7a52639867d9659fcffc,1,-0.79514050000000000000
df_70_90,0x036b0c654502bb269410e8353735575a9203fc24acb8a321b6945c9d7ef7f25f,1,0.43000000000000000000
df_under70,0x036d91a5f6bb6462d71153330275c32ad9350e9df53a0b4e51086c191c69b7ed,1,-0.90000000000000000000
df_90plus,0x039ace832c3eeab75c15e7b86b93aa4caf44ba9195be9bf1e4dca4b268535c9b,1,0.52500000000000000000
df_under70,0x04068db9551ef3a2ad5212a54ba6a19bfe53c2c9c5bd15b57a751bec0ecd69ed,1,-0.47500000000000000000
df_90plus,0x040887074fb3f1fbc279365eb70eb6ef3a3967a1a18c2f49c20bdbe4278b6101,1,-0.64898500000000000000
df_90plus,0x0413637e11b3f5fb80458276b757834194947eda75481e256cc5d9bc0ffbf3aa,1,0.07000000000000000000
df_90plus,0x041eb404c839cdb46387c06c4c74cbc72eb35a0d68adf2ce6171523b64d16788,1,-0.58885950000000000000
df_90plus,0x044863f506fcca9771a47de547fe03e00f5bc2a7070e93158499092a6843a0d2,1,0.04271428571428571429
df_90plus,0x0455b0b4ad19700dbfa1d6710b0cf310450cb9e95ea0946fbd16d0f4cf4039db,1,0.22444444444444444444
df_90plus,0x047c72df5492e4b06ecce9879631de7cc88b30b3767f072de9efcbac01d8b1dd,1,-0.58165100000000000000
df_90plus,0x04902a65e055235dcc6ed18c97a77270306ddf7e4ebb54a4b1b6d1a4c60eee6b,1,0.46000000000000000000
df_under70,0x04b6d6630d49e6513355ff045c96439c929335cb0d18da7792dea6c2fc717ead,1,0.33328571428571428571
df_under70,0x04c736342b639e05fc4eb5512a7b46fec794e79c93a6c06b89e866fe70d15003,1,-0.42142857142857142857
df_90plus,0x04e5640dff98d9c6546c6b108fbffc71d900887c90c3112d8ee18b2a8d9fb4b3,1,-0.69000000000000000000
df_70_90,0x04f0f21d77609ef19ef1c36749a8f522e471802384f484b80de4f789b1a90bb4,1,0.23333333333333333333
df_70_90,0x051e0ea5b3c394114eacf8ce5e944ca63cbb6ccdef1d086cadc5dd129a3804e6,1,0.32910919354838709677
df_90plus,0x052eaecc7b268742ae1d2ddae58fc0d7be1ea9ba02f995fbd87a97ba6c3bbfd8,1,-0.59000000000000000000
df_under70,0x05386c50bb29520c311e9c639762f2e01b70dc7d7cbdc0bb9740f95cca834244,1,-0.56500000000000000000
df_70_90,0x0545a047677b2e2224811d9bcca35753300cc07c5d0db15bd5e03c142957529d,1,0.34944750000000000000
df_90plus,0x0546fee199f1756d58838744c73673dbe98ae4a2c1b274bc0cbf2387aab61e45,1,0.03535250000000000000
df_under70,0x056cf5f0999932490946ba2e6521104984dcc0ae04b97e6d2c21fbfa90e6d1cf,1,0.44292200000000000000
df_70_90,0x05775444733d1783b666cd44e77a005dfbc856e6f05ac877b757dcff0b4acf63,1,-0.57750000000000000000
df_70_90,0x057885f5f49261eb41504e24899a88e53cb364ddf95e3c0df5608200feaddff8,1,0.18357142857142857143
df_90plus,0x0594b96046c411d37686ced117713601f5b4cd544ab1bc3bd5c13d14f4491e4f,1,0.06666666666666666667
df_90plus,0x059c26b07a3b35b46c9da3316ab8d60f3c1238b2cd7a8f069596cbd38583fe04,1,0.05428571428571428571
df_90plus,0x05a303645ac39405969df3786b6e33c74ec3be9e1779adba11e619a10d1feab0,1,0.15678069230769230769
df_90plus,0x05b7172e0b8fcd4bf0b93e66da5dddfb9d3db64016395ffece7028b0319a260e,1,0.55500000000000000000
df_under70,0x05c4feaa2dc0871b8eb41093e4851c3dc13fe16574e36b43e98fb0329254fd12,1,0.58613900000000000000
df_70_90,0x05c960b5d243634d9427c7fe3cbe18fe3fed481816b6ea3981314aa72059748f,1,-0.44000000000000000000
df_90plus,0x060d7f0175270020a957f8ab75b11370d4a8762d26d93f74e133a7acea4a4f57,1,0.51333600000000000000
df_90plus,0x060f4b969fc1f6b09682c1e7d9ae218273fe3f197977d1db22ccea01f42d895b,1,0.05909090909090909091
df_under70,0x061b574c09f1ba9d8f7de0d77a0403765b6059a81bcbacbd940a622e5048e613,1,-0.44052631578947368421
df_under70,0x06215a799ed95eb008eea3d8de97448c2030f8ec790547e6ce1bd9e974f9b70d,1,0.23833333333333333333
df_under70,0x0647fb9c25eec2285c37faf59b1666f3e41e17cb0a887fca202cec0d15645dda,1,-0.33888888888888888889
df_90plus,0x064d10bf45774ed4c791c6ad150a794017e2357ac188b83d01adedd0b503d84f,1,0.07535233333333333333
df_90plus,0x0654fbfeb3093867a43dcf05fe99b5f29652ce9f90dc1cf50cbc813741adee6a,1,0.49506350000000000000
df_under70,0x068c37c9b4ce10d1906a62fcd4ea97d8d2045362b20f7ebf2d28db311a941dd3,1,-0.59000000000000000000
df_90plus,0x0698bbfe9ca640fdc5d324070cd6d2ffc0db702ed6dc6fc8cdb2e24f1b081dca,1,0.21000000000000000000
df_90plus,0x069e0c84cdca04149ca8d57454510fc5c3124b26e612d604b03d6bc0a9b221ce,1,0.47000000000000000000
df_under70,0x06bbc2f74830b5b9c9b0c992d18151c529032bf28153e6e3a8d4428bfd80816f,1,-0.58000000000000000000
df_under70,0x06bdcf32ccab80d3b294dad26ab539d735a57e01e489e4a4f4161f554459d3da,1,0.30250000000000000000
df_70_90,0x06c8f5d3afbfbc90b72a776a36fa05eae3cc2649853584d1e4340bcb676f4aac,1,-0.50000000000000000000
df_90plus,0x06e8249349c88e2071aba2057c0ec6dc1e58897cd8295ab27ca88e983a0979ae,1,-0.96678400000000000000
df_90plus,0x079221e2d63b3a7524fba0afd0b66f512f7ee67b5bf77e09494a828a7c206407,1,0.34888878787878787879
df_under70,0x07b977c6f50d81adf24b62672356249237b5758bac2ddb5f3812082afb3c703b,1,-0.56500000000000000000
df_under70,0x07bad03186e32ce41e7c6fb8c8ef2cfc49df7a662a0649e8d3914053b4f33a0c,1,0.51000000000000000000
df_90plus,0x07c5e3740c6800a18f93b05181547de97b7da237171efb1d8017f7c3ec44e317,1,-0.61500000000000000000
df_70_90,0x07cf19dc78b559bd9aef41b00839d9e5a5637a073e87eb0185ee417db4006447,1,0.46500000000000000000
df_70_90,0x07fef4327c70321772dff8765fe762e214ec62d78c3d9e600e27fced06afa4ce,1,0.47666666666666666667
df_70_90,0x08066a5786c698c6de3541a9dd372b35798a6b330477ab52fbf3dcadae5578bf,1,0.11500000000000000000
df_90plus,0x082b9ad09da50bcdb623ee9b5cdbd9d9f65e591997bfaea81be04bbc2ef104a0,1,0.17077400000000000000
df_under70,0x0837b939fdfe8a75ee9795d59961ef46e8d5380c9f0bbd9f81252d543ec14777,1,0.42000000000000000000
df_90plus,0x0844f49c1d5d5f6b495275c43773434e610db71ebedd053deeede6d1cc6528a5,1,0.16500000000000000000
df_70_90,0x085d391f323281868231f25498990cb9fd65c791d26c5ffb7787a958ddb50f8e,1,0.25887100000000000000
df_under70,0x085e6d64dbcc4a308e7477c3bda16b8c3c62ec37f7df7a06dcafb6ab08396401,1,-0.18400050000000000000
df_70_90,0x089ee1cd8fd7e3406465f9672887e35eb1f9d24efd7f1d189fc551dc69800928,1,0.50000000000000000000
df_70_90,0x08a40aba4b5a9ab0524847c9b5c4ba280563602942498fba87aa2a2bd02076b7,1,0.46200000000000000000
df_70_90,0x08a73b776cb2196ad40d036466a72d22c7bd784014e7d8abdaec337185512d55,1,-0.60000000000000000000
df_90plus,0x08ac1bbcff8c6bf57b9744970faf8ef8a97fefa20737480a53af4f8d398f5d26,1,-0.69500000000000000000
df_90plus,0x08d56195e88cedb87eeff396bd35e8b67d031e586169b3bc937b3095b3cdfe43,1,-0.69473684210526315789
df_90plus,0x08f597781aae34affe783a26c3ebd70d6e7529ea5832f83cde42d03740f7bf66,1,0.15600000000000000000
df_70_90,0x091f1b8f82139c2003607f97ab88fd0f1fc8f75708935c619858e8e508622c46,1,-0.31166080000000000000
df_under70,0x0923f4cd56ffdd032deca9984f9779303b58c6ef9317c0c6490acccb477ba150,1,0.53250000000000000000
df_70_90,0x09620e07d807241bb41e5cf07d42dfd3e08943ee39e5c93ae3890e3b6164822e,1,0.34467532467532467532
df_90plus,0x09736de43a09191400c25861f599a6c3e8044e0123822d8e30e74e105d9b5e60,1,0.07700000000000000000
df_90plus,0x099d12093a6214e2dea67296c11dad775d0b3038c413731112a1c52ebd362adc,1,0.10400000000000000000
df_70_90,0x09af9830986ce1a73c99647bcca34b9fd8b46a0ad3ac234ba0b06ee76f53bc1e,1,0.47318850000000000000
df_under70,0x09b5319e9123d5135190a021b1828a92bfd6ca7597aab9d2a404f2f932a7adbc,1,0.56000000000000000000
df_70_90,0x09b9f51bd1767cd5429c18092e8e1d03370831e777eaa8219e6a90febe66172a,1,0.43788550000000000000
df_90plus,0x09c148aec38a12ff15514d6a42183b796b430de040896378ef2fbdf7d83f6abd,1,0.58124255555555555556
df_90plus,0x09ea2e3e7e7a1bd2ea192baba2eb9efa7c5bb29cec674bbe3978c9b426ea6915,1,0.27000000000000000000
df_under70,0x09fbaba76236671313e03c0dd341e24e8b16cb1fca7e04673a5c5d6fddc5c09e,1,-0.46266600000000000000
df_70_90,0x0a164e67541bdcd46143a1d6dd768ccd30eca67f68c510ff824bd67e06ef4738,1,0.20071428571428571429
df_under70,0x0a250f055701d3cc0263c519cee1cc8b2f98d60d2d1515084bc66942478dbabc,1,-0.47000000000000000000
df_under70,0x0a4b9beb6128863db2b107f185521597a426356f1d9a23c7001401edfd32014b,1,0.20000000000000000000
df_70_90,0x0a549d2fe4a227122995cc50800acf7ac0d51608867895113bed7b3146ef9516,1,0.46000000000000000000
df_90plus,0x0a9139bdffb04e3f8846ac3b574ccfbabdd1eacc2f1d7274dd6358e21d4f7a27,1,-0.90555271428571428571
df_90plus,0x0aef2d90790c986b0d057f617e873a9308f933d7d8225bb06300e773971bdb06,1,0.10167766666666666667
df_90plus,0x0af97753cd18611b0044752905b726a7eb00bf0473e1289d21c0baee011b8481,1,0.22610260000000000000
df_70_90,0x0b006124ec9f7e6e81408c0c03994bbb653a73007efd695163a013262de78abd,1,-0.45000000000000000000
df_70_90,0x0b5c3399164331aecce737896c461ede0483f00e8abb9744958a9df323602361,1,-0.48665566666666666667
df_under70,0x0b5ebfb0669c66c63f0723b2b04a4e1e2eb4038890fa0b93c7764726f6b0ed10,1,-0.53000000000000000000
df_90plus,0x0b7ac6f707814f5ca30a9c2586c36c49a1bae6138b050137abdc0a4987b37a59,1,-0.52809650000000000000
df_under70,0x0b91765daa443f8fb109590303c7d361e025668e85fb63b4cc8cdc56eb22673f,1,-0.67000000000000000000
df_under70,0x0bb5b4a52ab5bf7cb14bd8103a5eab32a5a4b939d5629471ab6c543c508bd7f5,1,-0.49000000000000000000
df_70_90,0x0bbc63372aaf0867db23fc361b4e37f7d3125c7acef6cc8e2d5ce40f65b7e523,1,-0.62231300000000000000
df_90plus,0x0bda08d14625ed788116d9df755e1d1879a1c7be8416c3c48cdad82022eb72ef,1,0.10000000000000000000
df_70_90,0x0c0f8da3116a620a0b2031f2627ddcdcac3576a0c44284b0c94186bf269426c6,1,-0.52062500000000000000
df_under70,0x0c9ea0b1503b95b499975674aefdbd6c235f68885f2a812e97ca96016b207e43,1,-0.26562500000000000000
df_under70,0x0caef97f7539ecacb0a9ee8be74ddd1757628fe170fa0fe4b0d24ef15758397e,1,-0.53250000000000000000
df_under70,0x0ce03975e13f66bc9f95a36f8ee40065ef5e9ecba000f1556b10fb34f036f5e3,1,0.39500000000000000000
df_under70,0x0ce05fdd6b44581c721cffd8d93f16836e0b0ce1d41f74dd7a1dc4d7e1beed42,1,0.51000000000000000000
df_90plus,0x0ced81ce3b26db93beaa581613c58161ff5bfc4aa74748ec5380b120daf7cf87,1,0.11250000000000000000
df_under70,0x0d2071920da35396162280a1af346e1f799ed45e019ed43fae0c88dc1ac4b4d6,1,0.34949773684210526316
df_90plus,0x0d8762d1041c935a9acf165eea57897df5aeeb7a600ab4aa8ebab39a99d8679d,1,0.43375000000000000000
df_under70,0x0d9ceec323925d837bd3c05da1e66586fe2b3d36f0e4335a749f929a5b2346e8,1,-0.49649622222222222222
df_70_90,0x0db7232eafb1882507f163f73655f262c6b84413f7567b0c0d105628cace065d,1,0.76105066666666666667
df_under70,0x0dc1e2c185cad730969d91c50f455f34b4745da7fd5b6a5519aabfa99ffeb395,1,-0.50571414285714285714
df_90plus,0x0dd400586e777d01bd8e8571e98dfaba27afa8d2627cbeda480522e9e88a2830,1,-0.47816766666666666667
df_under70,0x0dd9c3ad79f445c50193b94bc363faf5556c99d159b73d240fecac877548dfa4,1,0.47000000000000000000
df_under70,0x0e1e2085fb42249c462c5f51d56d4bf642a2be61e8b3182c71b903fd675731c9,1,0.18000000000000000000
df_under70,0x0e25ca26e75b5e37a27958c0be2464b6bebc820601931cb7137142dc487d39da,1,-0.53500000000000000000
df_70_90,0x0e5ee49e19ed625f133f26853122b1c3f2667c4f634aa628b59af182c7b86428,1,-0.66823400000000000000
df_90plus,0x0e7c959150b4e768b1b474679509e7e5751f1cc2da09f9266b9c91a4af2911c7,1,0.44162500000000000000
df_90plus,0x0e81097cf93109a031a5630b7a338eb8c43656e4a8485e0ebf57d24cbe23f3b3,1,0.44500000000000000000
df_90plus,0x0e85fca3e67afc24233770757d999b3f333b26b37a5791970a61e26f2488958b,1,0.50000000000000000000
df_90plus,0x0ea55d012e501a500011f42067b140ee5dcb4c678c94401459962b3a841ac568,1,0.25738358333333333333
df_90plus,0x0eb51cc4be51a4b833f77823398a1ccbdeabbaf4d14657c80d895fd8b11f4e7f,1,-0.47617900000000000000
df_70_90,0x0ee169087f44bf54788a332128397b58f2a76ea344844ed9e4004c94a9dafcfb,1,-0.34000000000000000000
df_under70,0x0eef909ecbb97c9e75ef685f8bc2a3f7e23a704d52a9085c1c124d6fa1dec7a6,1,0.42900000000000000000
df_90plus,0x0ef9d17aff09c873dc47a93cfb13c42ab6274b4493e022fed1f228193714540d,1,0.08655172413793103448
df_under70,0x0efee422293f7036a76dde33dca63621667d389632a43c2ac9ebff4511d21c25,1,-0.31588000000000000000
df_under70,0x0f458226149c445b93f45744aaf46372a1a16ccb2e0005f8aa07333794b33d80,1,0.45250000000000000000
df_70_90,0x0f5e01cf1cabb6c49e424f230ca77a2ccd3e1ac63b31ae03ef749ac2bde7fa0e,1,-0.51030100000000000000
df_under70,0x0f8de21a80996a54ced1327cbf4e0702d417e1f49ec6ebe267bc5664c7f36d90,1,-0.24250000000000000000
df_90plus,0x0fa4ea7c271214d91686c474973fe8ab5abe234800978325ebb8ae0450a0c940,1,0.04500000000000000000
df_90plus,0x0fa985dbfd9088ce72121b2cf1a0ea36829e1d137f3190c3f6d349cb77baa900,1,0.10000000000000000000
df_70_90,0x0fac1fde9bf271efa6a8bcd382db88003f661f051ee7644c85ff96a6a4b2e57a,1,-0.71423076923076923077
df_90plus,0x0fcd3ec1997002b2c76408a22d50cb3b29f220ec719ec8baf246b987764f0f7d,1,0.27026600000000000000
df_70_90,0x0fcd690d6e29f46a3ba589ae6630bf4cdead865653cdb8d2746682935effad90,1,0.48000000000000000000
df_70_90,0x0fd2990abb7f1cd90586b73bef74c3ab6145b1231c34669c733650cea8c3df5a,1,-0.28357600000000000000
df_70_90,0x0fd4d0c634da6175d02a0afe150d02d050031da5e92d0ca96ed1f89c7b045bd6,1,-0.52000000000000000000
df_under70,0x0ffb0853b21fd943fa0d591e86c9e8ce7bc779c2c32e7236c4cadfb91c38b2d8,1,-0.26850200000000000000
df_90plus,0x104afb8bad4b6497ee89582d7111ace2d0c120955dafdee4ba443f2b6703118e,1,0.54200000000000000000
df_90plus,0x108d9284a5afb66c7a829fecece3fa3c4f7a4591ffd001addd48d854ef722fe4,1,0.19666666666666666667
df_under70,0x109b9c0466a1cf2f03c81cfc6f4da9d242ef471b58582214a10dc14a4e0955c9,1,0.44000000000000000000
df_under70,0x10b4a49cc233715e3b2154533c654fcbdcac6c03b3b415611c5c014872e80b3b,1,0.31875000000000000000
df_under70,0x10b86541c2718fecfb2f49d65fd9109de8d05ac3ca7177edf304e317d235e1f6,1,-0.41400000000000000000
df_under70,0x10be1745047799c6e1c253e658fc0b3261ba36a7b1278a51f570a2ad16f0fb3a,1,-0.46714285714285714286
df_under70,0x10c98ce9c1eb1743ee49e4fedb64ef52f87c7da30c6ab5f724319382f5dbae87,1,-0.53516466666666666667
df_70_90,0x10d3ce265a1e1ab47359d7b27ddce67bd5ea2cd5fa35133f6a5d1a1fb3905003,1,0.49012000000000000000
df_90plus,0x10d8c194ea5a968fd72a4b19c673a74be975e47d529c123f93ef120a6b4f49a5,1,0.56000000000000000000
df_under70,0x1147da0bfe785460cd4fcb135bd3edfff40d70fdc84d18c31631e5723b32b523,1,-0.54999100000000000000
df_under70,0x11892972368e8691e53c5f1506ab9f374f54fb662e0a2ce2f1849e2e44679072,1,-0.39000000000000000000
df_under70,0x118ca389544450249f407be582d1b9716bb4e8af8d64740455fe1428e5e9b3fc,1,0.07000000000000000000
df_90plus,0x11e4780f48d73417a4863618e288e78c8848e2ef4f744dca4cabdff154af5e3c,1,0.28000000000000000000
df_70_90,0x11e878643f63c75e36d58024033ae710c19e696f652fa05ba705ab019402a633,1,-0.80000000000000000000
df_70_90,0x121bd4012ace396478c126f26925793eb6bf3cc28c3cc315982a9f91fe85d13b,1,0.21125000000000000000
df_under70,0x1224d4e2385e4a120b8062745a1d4bc5f71bc881c53065b52ea498edbdeb3970,1,0.35500000000000000000
df_90plus,0x122fb9e4e68e61fcdafd28c1f32732ca5ac7bc237da6c73588a68fa98ea344b7,1,0.56208660000000000000
df_70_90,0x12412d4db08dad91e4a5851b011935e53457caeb0f0c764047635dfa4b82e2b7,1,-0.43855714285714285714
df_90plus,0x12658e2cc9644d77f8a621d8cc1233c698467bc62081ea12dc3423a4135fb143,1,-0.53082675000000000000
df_90plus,0x12787684ec1ae320c734ebcc2e46080540fd1d478ef209d5a586f2676974fa2f,1,0.34022550000000000000
df_under70,0x12c17c04d2e404bd85a8c65c04cd7e8799a6295c7f74414feec5e867fa40cc5a,1,0.26400000000000000000
df_90plus,0x12d370c2fe98c01985766e990a1a84319fc01dc8c8fb1d62af4d34a0c309421f,1,0.50500000000000000000
df_70_90,0x12f28bf750a67a2da5bc52328e7e77f9d36a528eea6b0cfc52cd7bd697488f56,1,-0.49000000000000000000
df_90plus,0x130f87337a47e7281c18e53ab50663ae346ab821601759cfe42e71bb9587459b,1,-0.64539700000000000000
df_70_90,0x1326b3d37e87483d07793c3d4d921c7c0f99b13e93619c1764da27b89f90ced1,1,-0.42500000000000000000
df_70_90,0x133b396987296b9710c2eebbed735eed7ef5709410fc65c20d0a64b846b99515,1,0.61000000000000000000
df_under70,0x1377701810632490811be18700a079783dccb3882b81a405ae84e28fd33f9c12,1,-0.50500000000000000000
df_70_90,0x137ae42a26fde276b0fced88f502e88a67da8e6acbc2ff8760b7e24d99234192,1,0.17636363636363636364
df_under70,0x1389761b0bab1792f57d2c66cbb1d5bd9e355fbee6548ffa54ded74b6c3b7b8c,1,0.60000000000000000000
df_90plus,0x1397d636d15ea0ef67ba6e1a163a89830c11ee3b792d42e6d3a4f8d0105d067b,1,0.05220773684210526316
df_90plus,0x13b9d0aff46344f845d0681e53b9da4e27666284d306bbcc07fb9d53bfd00db1,1,-0.80250000000000000000
df_under70,0x13dc5422ef4fc7462082522d56130eb559965fe35052a9dfe2565a111f1886ce,1,-0.52000000000000000000
df_90plus,0x13f9fb19d4ddb32cf9f594cfcb239ad37d5ac225c4cd2805fff9d6b0415b0285,1,0.23470450000000000000
df_70_90,0x13fa53035b715cd965cc4ebdb82ff83d49a55186276ebd260252f18f23cbb311,1,0.46552900000000000000
df_70_90,0x1445a844f86113b5ca1fa756e868dfa453b17309ec133b900a8afbfddcacf353,1,-0.55000000000000000000
df_under70,0x1484c2cba67691f44e7cff7438161e12869d9c324dbc75590cdaccb819ef6953,1,0.47000000000000000000
df_under70,0x148b2287f92fb50ce1859eca6495aeaee67b407b18389a6d7f97d6bef09a66da,1,0.53048400000000000000
df_90plus,0x14be4c6504cdfe4b905f3c2e7d62034f35242da4cb8d0c02bfe8286e36feb5bb,1,0.52007266666666666667
df_90plus,0x1519af36e2842d6a6daf2da1d8cccad1e3a4522da94bfabc6cd52f7d3fd90152,1,0.45000000000000000000
df_70_90,0x1525f6e38aad87d60dca762113a3bc8bd48baa8563aca8489b12c79330d77a92,1,0.24828571428571428571
df_under70,0x15869f0d05e99ad5789f647685b2eedbbe4201f8910a2bdb70e5716bd3674e8f,1,0.29592592592592592593
df_under70,0x15885cb9c326e0b618c47166283915091fd8062307df3a100866c5d7eca35a76,1,-0.49735294117647058824
df_90plus,0x159b4767e9a41095e4b1d0b57147e88e4e6cbfb40f1db14849e73641304b49db,1,0.10000000000000000000
df_90plus,0x15ae32bb6f46f35220af9e623242dbcafffc965770a298316699a6ac2bb11b56,1,0.09357142857142857143
df_90plus,0x15b32ebe7aa506159da1ad63126f7bd9b837b626af565d169d9e5cb3db4e2cb4,1,0.30333333333333333333
df_under70,0x15d80ab940cf2f7b6c7daeb265af6d49aac06796d7229c4c3ce274fb997901f3,1,0.13500000000000000000
df_under70,0x15e879542319645b95191277a21df2f2d2074ea46ec4e202092ac4f18ef59250,1,-0.10865450000000000000
df_90plus,0x16326d7e5ecb541021b7b60e039918eb188f605426c33ffdf2a0a4261f371202,1,0.11500000000000000000
df_under70,0x1678eaaeeb2bad9384bef5fdc8d1bba9cafd59409d86e48531a0593b6479964e,1,0.52000000000000000000
df_90plus,0x16c01843ab95b96ca0b0655b758da983db7ea58a6086a32a392081284ee72c4b,1,0.10976750000000000000
df_under70,0x16c51ebf6cea99ba2d958910e743690b40c46c2a426eab1709cd934d8364a96c,1,0.25176470588235294118
df_90plus,0x16c962f9ea2ceec16839546ce67597b758fae7cf3d43167e769b296712021a38,1,0.40000000000000000000
df_under70,0x16c981b47490212bbb7d70edcccc419a84ff5771bc85c1b7abae37128975953e,1,0.38743904545454545455
df_under70,0x170333c98c08fb40f8e32ce93f0857d22f6cd0c6e4e1f4e90d99931fd1dae8d8,1,-0.55500000000000000000
df_under70,0x170373886dd60fb56085fe5fa3a989b737251b808cb3ccff980c30229ffa3ee0,1,-0.52000000000000000000
df_70_90,0x170996552b270c08f78fa7facadc17015bc40cec12ab932e90c31baed1dfd58c,1,0.40000000000000000000
df_90plus,0x1713d2d0bf9eaa69cd0f61473d1a1a8baadf82a40152c4116768bcfc7a46b59d,1,0.28227400000000000000
df_under70,0x1724602469147f55b70a28dbb596a2d7580eb0082b89aab07da8a36f10910669,1,0.43733333333333333333
df_under70,0x173be8afaedec7e17be529389b825fa2171aa7e6dff36fc5ad26698195dd2227,1,0.54138888888888888889
df_90plus,0x1762375dc40cbf324cbd1c39d34537d176a525b3642ee6d0ddbca9e56b6a663d,1,-0.31000000000000000000
df_under70,0x1774058d95d8a4e3c77f144e0099384acf685d6428dd230a8b2720d1bb05d0b3,1,0.47000000000000000000
df_90plus,0x1792ad47e15d9ee35b3f3038850d0293e302c8b72b8417c574844a3bd820e5cb,1,0.34500700000000000000
df_90plus,0x179c7dc229d757c7d1952235b0c9311e48b3437b34271248c0e3a6de366e22c9,1,0.29310933333333333333
df_under70,0x17a1210867363fba01633fb6d28a6f2f48d3daaac43d49c0acaa4352a8b9c264,1,0.24714285714285714286
df_under70,0x17a81ab01b9bd20133ddb368368e4fcecde6a0561fdeb2b2ddfbcbc747ee07e9,1,0.43105263157894736842
df_under70,0x17b566faa4c085b49020ab355d4b81f01037634c6b17b15f455861f3cfb0ab55,1,0.59000000000000000000
df_90plus,0x17b8a8a0e2884e6205a9ad17c49bcbde6e343b17e8e794e86d3202d3616c1ec1,1,0.08500000000000000000
df_90plus,0x17d821a9197f8de3acbb8a0140e70cea9461e95871c58ae7aa9c608d53ad00d0,1,-0.87250000000000000000
df_90plus,0x17dfc75726fa95d4054d91e80295c8b3e494569617e67a7e620e27562b7952b0,1,0.10000000000000000000
df_70_90,0x17e6c05bb2fed98c6b436798a2d5af4f492edef66aabce03760e878cd69ec78b,1,0.31000000000000000000
df_70_90,0x17e6ca6b83b4937b4cd575f2acbbefa194b3d52b62e8af192feae6f1c38da0c1,1,0.13583333333333333333
df_under70,0x180bce419c2b5ea2178514571c50c9d5ada7b85fd409e7088ff5d0d42e7fe867,1,-0.56893270000000000000
df_70_90,0x180c30ff50630b51d465af67287e463c966634be2d988625bc769818b2019557,1,-0.58601206666666666667
df_under70,0x18285409e22ffcc5701cd986d36ef82648cb86465a56797747489057e0d35ee4,1,-0.52000000000000000000
df_90plus,0x184ca107b54330d8e47c581aebc31426e9063943edd4c98ddafe2eb01307f62b,1,0.04333333333333333333
df_90plus,0x186cb47a69589a8c10cd1a06fa6b4dd5080b0950a75675f75b85a8270b1a3504,1,0.19317933333333333333
df_90plus,0x187651dbb617ad61b8c3342a4a61996273a6a206ff36405c37c5cf029c2f96bb,1,-0.72555555555555555556
df_under70,0x18779e4db92c739411a456ea63f080765d63a5d774419a0f1d74b1ba7e2b0db0,1,-0.57000000000000000000
df_70_90,0x188e4bc6ffc19b228df0b7930523a543037668f520da1aee6b43fbdc0bcec0e4,1,0.49750000000000000000
df_under70,0x189f32fc838f82489b6878d3027435478dadf892fd284ff6a446063ba28cc8f6,1,0.45000000000000000000
df_under70,0x18c4b4194cfdad3aca388e6dd889aa32bed945321e3def9e309e6e4bd2a9c19b,1,0.50007350000000000000
df_under70,0x18e369c487c93bd57c15d8420724cc083df289aea0aa40a2956b49851ef05bc0,1,0.29000000000000000000
df_under70,0x18f73aca12019d3fc2a03e7af28f6ebcec12634413819605d7cfa3db20073f26,1,-0.04332200000000000000
df_under70,0x19709c1bd74678c16a74a7037dd395335c0deec8ccde02986d0b07d13dfb0add,1,-0.50759900000000000000
df_90plus,0x1a319ce803f4e711b25af81a1d8bfb59c5cc6e5ef09ac046fc65e652c98e714e,1,0.07600000000000000000
df_90plus,0x1a4735fd4da9dbcbbab02750c25a52a52f06c4338061f5bd09d369ba0d6371a1,1,0.18451544444444444444
df_90plus,0x1a5a315ca780632355286ffe87ef7721b6f049bf4240b6bd201b1d16de948fe4,1,0.44000000000000000000
df_under70,0x1a649720ec774bb84276886b76ef8aab12a629653d15913bd1247c4befe8f531,1,-0.55666666666666666667
df_90plus,0x1a6c50308715d4c8041ba811f1feb8e69ef4b5a9ef613ebf7dc901c15d27a458,1,0.37440400000000000000
df_under70,0x1a71f1dd7c1e721db8e8e114284138950c6677c62fd2f809e04127e44d1f04da,1,-0.57000000000000000000
df_90plus,0x1a7cda59ebf636d56ab2af001494b6bedfb57d61ff2bdb6637acfc6acec0a1ee,1,0.14000000000000000000
df_70_90,0x1a7da260ba9283c3bb99cf5355dbf7d3e4331ad32188d931cb4e2a1869afa488,1,-0.80082817647058823529
df_under70,0x1ad4002cb09c738a5a1a5d0a3875fa64d8515f38859f760f21f9fe01c7ae41d7,1,0.49363050000000000000
df_90plus,0x1b18bbc2251ad59977f8800fe25f054137e6b92bb1e7ecc727785bafff639bd3,1,0.25690650000000000000
df_under70,0x1b44f04fcac2d197cecf48780cdc63b601932332c13773e572d349b5a0844f79,1,-0.56058700000000000000
df_under70,0x1b55db5000375c3a77366477d5321a3b5d27f4973cec47332bcd7147829497d6,1,-0.63200000000000000000
df_under70,0x1b796508b6a2fd9c4bc9ca165f3eb8d4056930572c183614eb021da27a074d61,1,-0.51000000000000000000
df_70_90,0x1c0b3b89f91914877baa6642fadd047deee44a76c129643779e134bb2c61e5f7,1,-0.53277777777777777778
df_90plus,0x1c48e5d7d34c8bf3f729f1bfa41c5651025c8ffdc3778f6217bcef0c679b822f,1,0.49500000000000000000
df_90plus,0x1c63bd5747fc2bf69453e33263eb3e9525792c9ca78cacb06c8995d37562cb76,1,0.38500000000000000000
df_70_90,0x1c6b3aa4ee22e4aa16795c6972d03605e7b69fe4a978cbe356e676a5e86e726e,1,-0.53333333333333333333
df_70_90,0x1cbfc85edce5c2ac987214953c73d072fca766c05fe1e6cabaf920da5bf040e1,1,-0.65142857142857142857
df_90plus,0x1cc3ece780f64a568d2134e79a2f3b2efbc461d8f270ac7030f502953e335391,1,0.09000000000000000000
df_70_90,0x1cd9ef1839a80ef347028d0584e2fc248708c73229919bc6cca3f5a90e501738,1,0.49800000000000000000
df_70_90,0x1ce1f3aa890d89772a81279225f4a534961d6f762c0ce85ea00349996df55278,1,0.51842652631578947368
df_70_90,0x1d26822ad5fca756e61c5dce8af6667df6ba521510893f792ae425ba7ccca332,1,0.39304810000000000000
df_90plus,0x1d5d0650020ee0ee9649f39df46d86cdb1489aaaff76f7a32cda7e933294465f,1,0.10851666666666666667
df_under70,0x1db037924b1442aa6a265841933a34c9149028763628f77c5d2cda70071a1e18,1,0.40500000000000000000
df_90plus,0x1dbff2b50db3233ec13be9e51e6f0f39350bb8f4935c260ce1f7f1bd81c33cc4,1,0.10000000000000000000
df_90plus,0x1dd0e0395efa791140592a7430baa9b1bcda6e788800ee3bdb25310335e5d886,1,-0.49736200000000000000
df_under70,0x1dd1595fb6b528bd285ea3af2e8a80a5b6a07f6eefd23b280a525652084e676c,1,-0.49200000000000000000
df_70_90,0x1dd37515ec985eb6cbb13412c2a8309e03d1a59b91c771180c2cc7dd1674b144,1,-0.54000000000000000000
df_under70,0x1df83085e1c209bc99f4c706fe51449d527b029bccdbe292085d36b7e7c7d374,1,-0.41323071428571428571
df_under70,0x1e7fb732140ec8dc308c0079f1351c5fea0bfd6909be778afa9ed1d74354c692,1,-0.55997600000000000000
df_70_90,0x1e876a58baa4f74f05fae2c8ec5fd388df4ae0af7d7df3c7e675e9a5cb079421,1,-0.52002833333333333333
df_70_90,0x1e9448fb909105dabb57e9054534f265ce74f8190d99289fa33fd48b45ff924a,1,0.60001300000000000000
df_70_90,0x1eb724a708f3720c2b7ef63d7ffc7483ecc14deed6df2e7e9dc1dfa724a98bd6,1,-0.62032917391304347826
df_under70,0x1eb763b13898566bbfe0a1e3d22a3ed2d7e20f428f145fc450655c8ea0ba751f,1,-0.49000000000000000000
df_under70,0x1ecaecae2f655c4a65f200c89ad513cb09e3459905682318102f67ad83f0ee7b,1,0.40529411764705882353
df_90plus,0x1ed76f49a12afc89ef93aec2cc8ade7af21d041c104f510597a627e584859171,1,0.59000000000000000000
df_70_90,0x1f2bb0bfc3c7b3c9ab678ce9e89cf68bd6daa83385c4834f669cb00c540276f2,1,0.37256756756756756757
df_90plus,0x1f33b6429abfb34d616028f494334af03c8d64383340a8324f0fb3d79458be50,1,0.43500000000000000000
df_70_90,0x1f54c5d06e9e7a7a11ed24123ab5743ba5b525745cf1338b7ec23d371e6f55ea,1,0.35187500000000000000
df_under70,0x1f6a19e4103c9942c35bdad46c4e4b6a6beb56ac78f3222b9d1bc5aa8621e75b,1,0.49336366666666666667
df_90plus,0x1fc7c76b0f48ef63013827bf7b353e4e757d1acb8f9637b06e9a7248ee08a2bd,1,0.57000000000000000000
df_under70,0x1fdac867dc0e06992ca126e7e073fd1ec709b2b07d19f3bdf4f0ddeba4e4ff42,1,-0.62000000000000000000
df_70_90,0x2037b257e602784d35e800c8c7880f56331791e03aaacae5864d8a78db303948,1,0.49015660714285714286
df_under70,0x204134121a644390e552de94a8b3677fc61acf3d8992b89d836cf7a8d9e09197,1,-0.43000000000000000000
df_70_90,0x20648354392bfbc60f7bb662d395947658d4aee1b7b920b4a7a324132f900c25,1,-0.58000000000000000000
df_under70,0x2090c8d093c73cac15c510b0d3b3c5f65dddf486dfbaa67bef9ecb2d470e7b72,1,0.47814900000000000000
df_under70,0x20a3262d6edf13c30b02861d73fb06b58b43955936349fc164267365cdeeca3c,1,-0.49000000000000000000
df_90plus,0x20b69b3ae8852891aec141e6bb5378877bb833d31b7a98fd35279b7f28adedfd,1,0.32931700000000000000
df_90plus,0x20f32e9daf45af5142db1adfe40e11c8de19a9d807ff0d26dc85344e74bea2d5,1,-0.30171533333333333333
df_under70,0x20fac1c925b7a2fed6b3b2736f47a800b4d0d4001b9deaeb7b918868eb63d081,1,-0.39470000000000000000
df_under70,0x21090f290e0bda90e0a53394b51bdc47d3d5c48b5c7c577637b451e93785085f,1,-0.44000000000000000000
df_under70,0x210b772ddd039f18f61c06318078131a6cd7646ff5acab02d6dae686844a2ce3,1,-0.47000000000000000000
df_90plus,0x21150b6dfc210ab49937ba0a096f1c80fd1754a0d75e77ce2c88f4d6164f8122,1,0.44000000000000000000
df_under70,0x211cc9763666374780fb2878ee245a1cb4e27f867ab6caeed579747a5ebacf1f,1,-0.53391304347826086957
df_under70,0x21327084c3f1ea177ba1352d13805cf7a612c68db81637ede4917297f1c6af25,1,0.57000000000000000000
df_under70,0x213a318f283bfe782ad7e33d4c556f9c5e769a36c0403986f807d0f23628e4ce,1,-0.38000000000000000000
df_90plus,0x21454470816337a6dadbea2140070a57ec40146b8e65bba2fbf8e4216ea6f0a1,1,0.09750000000000000000
df_under70,0x2153377bdb8920a0d3227e9a2a68ddb9a001025918b695fe55f66677836e62c6,1,0.47085714285714285714
df_90plus,0x216c728e6dfb75e8db6e2917b5c6b372d265e324933784e4ac30a0c171477bf1,1,-0.49000000000000000000
df_90plus,0x21a28e464650469e092f61facfcdab34f377b26dd2a67846f67bf0ae8a74b35d,1,0.53500000000000000000
df_70_90,0x21e4b9c78709570a2d0c61c9b12111f73a3c10d10cb682dd8a82dbc2a1ffb230,1,0.31500000000000000000
df_under70,0x21e9d9dc86727d9992bb3242da3e69f11d2f80cc6a578164c1d1b5a4b640abcb,1,-0.48818900000000000000
df_90plus,0x221b05db581e0beb3bd140683b89b06f6bb565f67674fb7243c6d3789ee18b96,1,0.19777265217391304348
df_under70,0x22462ddb4ac256e419320aeec7202aafd38f2e597f77709196bf9169b0301086,1,0.45027250000000000000
df_under70,0x22665887be33bd70f6eb9c39d37db073e9422b4669c9e6b76792638aab5a49a9,1,-0.55551479166666666667
df_90plus,0x226d0581746377d6489c09833dd7d76bf80fa54416ebfe29dd5f61c70c6ed1e2,1,0.32237755555555555556
df_90plus,0x227cb319d317693720769af65485fbb21bc89a08d646447aa9ae2839a265c07e,1,0.18333333333333333333
df_90plus,0x22d789d9dc8e63fdbe87b3558882a7ab548ca741b4e7578b2cfe6715b7ac889a,1,-0.46000000000000000000
df_under70,0x22f00bf63a3b57f8c774db0cf7560777018551bcbeafa9543c4e6a2c2cf09005,1,0.58000000000000000000
df_90plus,0x22fd21bc2c027c7be426c6ffd7fae4706a5fa2628e7ae4581c443299c3f7d1be,1,0.35759200000000000000
df_under70,0x2308d78dccdf19bf2a66acc8af60dfc3a435e7f55482a651e602658e354aac6f,1,-0.55000000000000000000
df_90plus,0x232342e2a9200b203703a816f9d99d1c6a872333567af16f43d67a255e1a6aa8,1,0.33132075471698113208
df_90plus,0x235fd15196fb5fa1189dad3f3b4c0296217949b7a4f95dcb9d5e8521eb5f5e28,1,-0.39000000000000000000
df_under70,0x2364b309827fcda2921f7e65ff957c0cdce217fa9d44d4eee0f025c53ecc8fde,1,0.44333333333333333333
df_90plus,0x237d201747b3465d517baa7d05dfd0947d077781113ec5d2855bb605127b211f,1,0.30000000000000000000
df_under70,0x239856e862c6c78d636e3f1b37362662580365901a6efd4742589bc1940c90d6,1,-0.47000000000000000000
df_70_90,0x24001e30676bd3c5417eeb619210a6d6103ef73b527de0d099273c5f6a38a09f,1,-0.28000000000000000000
df_90plus,0x2408a0823d113380ab4c36b5e538bb5e1b63c39c1eea062912bc1c3781d9483b,1,0.48000000000000000000
df_90plus,0x24310013c76bf5d9a7bd072f920891f36e789aadabdbe4464106128cc03be6be,1,-0.74997750000000000000
df_under70,0x243d5092cc4c43bf56b0fd90a72ca3d8ddb24e3efdb5298471290f60c341e1bd,1,-0.66000000000000000000
df_90plus,0x2462b715458a7f4ddb9a28d22c26b11740735c52292796abf568592057112018,1,-0.45993550000000000000
df_90plus,0x24681ff50e47c29dc82477346c77a8352732bf4fc00290fd59bc17d3ee090bec,1,0.10000000000000000000
df_under70,0x2489f6ab7d08ee24a1422d65523a6202c08356fd32a10478b07dad468d2de84e,1,-0.46000000000000000000
df_90plus,0x24b3113712b92e39dec6cdc5b252f386a40fb78e99d7bda2786c9076c84c7c96,1,-0.72647600000000000000
df_90plus,0x24bd47775326bbf1ebaaef68188569e86f0db836d7949b49450dea1ccc9db35a,1,-0.37500000000000000000
df_90plus,0x24c8792a1fed62980e960071702d8d3e493901af0671e79d3d17ddd9e21af012,1,-0.36345000000000000000
df_90plus,0x24e14f76cfd2c3cbb06898a53933d966dc443b25aa7396f36b2183e16d26d965,1,0.65000000000000000000
df_90plus,0x24f18bdec315f767612d94e386bc60589185ab6a84e97b080a661a3fce1b2739,1,-0.72500000000000000000
df_under70,0x254dfc6376b0fc88498424548750b885f3f2028674e853061b5234cd2f519ed0,1,0.36000000000000000000
df_70_90,0x255bd44ab944b139b8bba5881b1e47ae80cd5922ec31ecb498e388885f56f35e,1,-0.30324200000000000000
df_70_90,0x2575e6ffba4b0221654217dc5cd283c969816a2f2ed4729b39276438e8609077,1,0.21000000000000000000
df_90plus,0x257b096216f454df49c1c9f3e866694c7d3c5c34838051a169b161ec8e39dd6d,1,0.10000000000000000000
df_70_90,0x260a4882417a907b28b8c88bbc6981f0b001570349654ed371b89187feff17d7,1,-0.61563314285714285714
df_under70,0x2626dad5371837b0dfdabfa9f4640a93d668f4d79028b6ef2484bb517d037f0a,1,0.48718600000000000000
df_90plus,0x262d9c799b2bfe7565d387e521b407062c14f646a00f6dadbf00199b6de2bc58,1,-0.51000000000000000000
df_90plus,0x264e6793ab225b8fd861f13934ee8a826a864116e1dd727b38a65e2f7cd3f67c,1,0.21550000000000000000
df_90plus,0x268e64674742a086ed32225039060c5683dc06417689c90d0c04a9614d1073c9,1,-0.88000000000000000000
df_90plus,0x26954c84bed166fa0da034c310e3bd62e7afa32d299314c352bc32eb08e5a210,1,0.21750000000000000000
df_90plus,0x26af99aaa2182c11f3f02ea8e9ee5527dd2d0f9680c73ffbd7bd0237cc64d5f2,1,0.07117647058823529412
df_90plus,0x26b822b926feab4068f42bf2d0750fb8a65e09462c8edf1159275c2a116081ea,1,0.04567329411764705882
df_70_90,0x26c10c27cde58e2d6214d65ab562d8142d34723b3b6ec3f40836d24f6d22dfc9,1,0.53069988148148148148
df_70_90,0x26c84897f375ef75367a1fea2bcf3a1601950962c9424f8635b966cc5d9ff4ba,1,0.41840579710144927536
df_under70,0x26e5d0df8f56792b006a6c78b0668e225bb3ef3a92d1c68624a6a9549dd471ae,1,0.50000000000000000000
df_under70,0x271f673391000932a03311e9a6ce6152eb4e1a60bda85a9ce7c14e87dadcdfd4,1,0.15000000000000000000
df_70_90,0x272bd80b7bd9b3a2b3c2bfe2749be73d92d9ad0e2ee8f2b0c6080b2ea42f6810,1,0.28000000000000000000
df_90plus,0x27522dcf5698077665207c5479ac76741b052b2b57199d86f061d1e0dd3ef84a,1,-0.94285714285714285714
df_under70,0x275d26b8cb575a98fc360c94058bb0486949cbb358d45ad1e170ede75164feda,1,-0.53000000000000000000
df_90plus,0x27677e109fe6971564cca9dd2200c79cbcee40228cd724dabf8a1d343314e93f,1,-0.38651700000000000000
df_90plus,0x276aa72d0a06ccf6ca6c80649c518d55d56643c86ca438f378aa96dfe241320e,1,0.06995000000000000000
df_70_90,0x276bc80f1f6576865e8db86bf02187daf862303bd6bc6c7b53ebcf62b1585425,1,0.48800000000000000000
df_90plus,0x27931c4c452c72d75bc4ae93722cc5361e439f67e6e875a4f2cb5735508fb826,1,0.45500000000000000000
df_90plus,0x284684a278efc87cb49ee1582e2e81a1d03fe428b3f648791102ad456079ed00,1,0.26416666666666666667
df_90plus,0x28c19c840bd010dc279a8f14a417a9389c18801b271b407d7634425e8305de0b,1,0.23500000000000000000
df_under70,0x293aa18bd50ec49cefc2a185332b7ab53765ac0eee8aed6b755d082a06bd5d49,1,0.54000000000000000000
df_under70,0x293ed83ff451fbfd454eb09985f6707c5c33a30cf79ba98bf45ccf2fa553438f,1,0.32666666666666666667
df_90plus,0x297b559f9c2eedad3621596d6dae99345bef65d28e72922814a527a15f46471f,1,-0.63328333333333333333
df_70_90,0x299323b7c950c5ede518e89c6e6ad1161e77f40478163119a4470da77c9c1e93,1,0.46000000000000000000
df_under70,0x29941bbd2d71ae78cca565df160099415cab7f5bca3b71b972f0b9fe31a04de3,1,0.38329563636363636364
df_under70,0x2997cbaf6e07e25bb3ea6e28f5036cffc5ce1def18fa4f5a7eaab9b151365d9e,1,-0.60805400000000000000
df_90plus,0x29c3b7931701f2f7d0297b6c93b834333615e3b76253f83f7155ec2f5ad51a43,1,-0.45500000000000000000
df_under70,0x2a0e8ce7c309ec8015c4c721dec574ff100b0512ef412a54bb733dc5bef740dc,1,-0.54300000000000000000
df_under70,0x2a330bc6d2cf58b00d6a8559e1d473dd914e3c375c4187a6c8185626c75c437a,1,0.42800000000000000000
df_under70,0x2a39cace2081a0e2715a75997be27782ab6973b2607c88db8d8335c9b91e7485,1,0.55000000000000000000
df_under70,0x2a4f5138aaf651779c661c823624026b83a339206b8a5859ba993fdba8d230e3,1,-0.56000000000000000000
df_70_90,0x2a4f962b950e09e32e7db3d0c5d5b00765bb7fc7129e566cf3ba4e3153e619ac,1,0.31400000000000000000
df_70_90,0x2a77a51a3ac57ab5caddf6cee3f0229eff248817b14c84b228c81315b9cc32dc,1,-0.55428571428571428571
df_under70,0x2a7a6ab8f4984f1ae82eacd7fb408832a50e63162ac6b98fff1fe094b8e9d3b5,1,-0.34143094117647058824
df_90plus,0x2abb2c5d2a65365c4107904c4d7e04b6eef9cfc6875658bf3327c589cfd20589,1,0.07937500000000000000
df_90plus,0x2afe86f96be81a0d89ed776bedbd52d1c75bc47b49e6f0f791ddd009f52faf23,1,-0.63923076923076923077
df_90plus,0x2b1f7b75aa1bda0ec4c8ec9657940b9074098be3d56a35967f3677c166e05f9b,1,-0.69500000000000000000
df_70_90,0x2b4abd4c4f6336b33cdaf7aa65430ef1f4afe7122d1678b1f3d022b4357cdbf5,1,0.20055555555555555556
df_under70,0x2b759e69e6b2f509efebfe969cd26ddf30b84242506ddb5ac1e9a8b36cac22a2,1,-0.22000000000000000000
df_90plus,0x2b8f3a51cd79f5060142b5c79a5abaf24bdb0a2866571a4b2bc35772d6ab5543,1,0.42153862500000000000
df_under70,0x2b92ff7921ac9df284c06f414933c5b01e2ae2436367d3cf5d1619db5d977ec6,1,0.35333333333333333333
df_70_90,0x2ba83574cf99cf3b3bf23e197923081aefd2351c37c615da4ca082ef143ac347,1,0.52567637500000000000
df_under70,0x2bb049af08280cd21cb68e945fae78dd337266cd31a2aa257e567a7dd395f595,1,0.48000000000000000000
df_90plus,0x2bb35024469bbf634aea7fe29ea3b1f6354ce6a1b1f7635e68a6b9278c1187ff,1,0.50000000000000000000
df_70_90,0x2bd6c4c42854e80b5978b9e51e90b0f6729e1ecbe6d2c107a5a39702089a4143,1,0.57000000000000000000
df_90plus,0x2bd6c718c8a2df8dda2691ed903ebe5aa9e2c4f15feab10433f6389afb27e19e,1,-0.75331323529411764706
df_90plus,0x2c15da8a09a2744f979ea99f67f63dba45d1c57c6b3d6d837d3cc08c9452f119,1,0.43283900000000000000
df_90plus,0x2c1db8df1aa55e92c4bf462b11ace78e0ef682369ca740ed2b6e6c067adb9f8f,1,-0.54500000000000000000
df_70_90,0x2c37e07b722442c2381fac76f8564d580660aa028066e08bad1b32bd11813e9d,1,0.40076086956521739130
df_90plus,0x2ca4d5cc4817402b1835d9f31dcd185c1e41e16b9d41a43d9f553b6eb93c9392,1,0.37200000000000000000
df_under70,0x2cbaf57a009d98bb3e65fbcf08d0bf5afe323bb0ac258c01483ef14acd7c3540,1,0.37400000000000000000
df_under70,0x2cc359648ba6695498c169ceaa44c5444e0479102c453289c47ed9489e7f3e93,1,0.46030303030303030303
df_90plus,0x2cd5890faa545b54af1ad98acb43bbf63955e85ce39be199700fad51292ed738,1,0.15031500000000000000
df_70_90,0x2d17b7b5c8701296c4348f016076a948f25cb83e23c8b863bfa1e22ed493ae53,1,0.20000000000000000000
df_90plus,0x2d60f00d01ac92449a67fd52deee5f8e3d760c97d04d9a11e1c4b72ab8afb2c6,1,0.55000000000000000000
df_under70,0x2d8a8c670430061537dd6cb60c0fee0d0e0a4a3430fd00fcb390301f53e7b4d9,1,-0.77857142857142857143
df_90plus,0x2d9bd01aa8536b9a88ea289b569547818ea1e54ee099f7fc113b0273c11e4ad6,1,-0.68333333333333333333
df_under70,0x2e3925a9823796004a6dd8459f974f3e944f230af67787356cca0e441d7bfeeb,1,-0.64000000000000000000
df_70_90,0x2e8e6cd02e0b2b7348f0f2ac041762c4dc341756959767fb75c671781f2193cb,1,-0.69534050000000000000
df_90plus,0x2e958228320fd80d7bd3c2371a74d772ea32bff00f82f9af25770bdf05779639,1,0.18000000000000000000
df_under70,0x2e9d42b4245a6e13ea31d7e4f1bf034b6ecff95992235aa8b89a47903093ab5e,1,0.48000000000000000000
df_70_90,0x2ea32b144195d05af9b6b6791b86c555b86f4c5853f1684bbd94a6839c1d0902,1,-0.68500000000000000000
df_90plus,0x2eb86eead1897caaaf2ee1e815cd55349038d1d8b8d783b5d2c3c86934d60472,1,-0.47000000000000000000
df_70_90,0x2edd0ce8cbe18b441358ebda51bfe1cde1c164bcd30b7a892e98b3c51dc7421a,1,0.32200000000000000000
df_90plus,0x2f00e48e914ba6606867a6347e90c48cc1fd4da66cc196a191786637f40848e9,1,0.27682048780487804878
df_90plus,0x2f062369214fc0a95075e880c94a9ea991203740e554009d60b162384a4d6b3c,1,0.07000000000000000000
df_under70,0x2f204628fdab76ab18a96c8b05ae7a13a3ff74b0047e63c22668c3ed28e7822b,1,0.41583333333333333333
df_90plus,0x2f3e8ba123deb05e3aff47ad738429054f345fbb872b9305510706bff3aa8c3e,1,0.43133053333333333333
df_90plus,0x2f5719d903d6775ac99c6873c7d6a97734f1ba88ef83beb7291a97bd7a33c5aa,1,-0.54666666666666666667
df_under70,0x2f79bb189a75eca06e71950751d290d4a1abc2dbbbd8b1cf8fc1d75490a6f4b5,1,-0.51806443750000000000
df_70_90,0x2f81074aba3de3fc780d4839f9e6696b9bb684a9e1c61044bd3d3b488741b15f,1,-0.55777777777777777778
df_90plus,0x2fcf3968f5feff8c544b1be614f1c7aed22f5051949478bc0b39f9e966cab02a,1,0.10803707692307692308
df_90plus,0x2ffcfc87c00f1a85fc3a0acc86f16419f8c780fd409db9de5ca434bb623a6a7f,1,0.17000000000000000000
df_under70,0x3045a441e5ea4e49468d0fac36d47c32ceae2e572bd7960111187b6630a83b46,1,0.60109886666666666667
df_90plus,0x304f6556f954e24fb45a19b5d6ffc225de9dd2dcbb33a566d62d3f4d6dbcb055,1,-0.58642857142857142857
df_90plus,0x30827072fa2b285c204952c4b217e8f947f711b51142a229e2d85420f2ed06ad,1,-0.48599880000000000000
df_90plus,0x3107a083adef4e45938a55f966e5bfeb5320a62c5ce67b2af65ce8db1c3dcddc,1,0.06200000000000000000
df_70_90,0x3112fac8d20d1ab49fa9151c7f0a304d91dc5f180f49ee373327ef85ec5c2c2b,1,0.45000000000000000000
df_90plus,0x31217f3c57241ea9562f250c799d6f3d394660cfe0f492ee8e9c87935591d295,1,-0.49000000000000000000
df_70_90,0x3150ba668d15e1c248c71bcff71c67f1adf87063db7047f27f15ebbc9a1a6a0d,1,0.37937500000000000000
df_70_90,0x31a12ea94dfc91a57c192d0c72edf2d0e15fd9854d895dcb5a90c7b65945be7f,1,0.52353133333333333333
df_under70,0x31a2b2f759913dd3422e14a243e0d644de06804bf25b68e27519ef8808b152cc,1,0.31000000000000000000
df_70_90,0x31a2bb287be1ce21b88873a69655562c117f4abef9de2ee487a9a3c5b99df26b,1,-0.55304650000000000000
df_90plus,0x31b424b1c28368de1b23c47089356793739ba9731cf48db29cc7411828326b8b,1,-0.65000000000000000000
df_90plus,0x31c799bd281ced22395c6ad9131948ef5f789dab77b5c9c545dae595da74ff1b,1,-0.34333333333333333333
df_70_90,0x32046bdc03d13d916351bd2178cc20c5f268802d4ae60c0d8383ae91d2dd1d41,1,-0.31500000000000000000
df_under70,0x32171339b11c462131c67d652cf11ec890f74e524ea82459274f093643d79620,1,-0.47500000000000000000
df_70_90,0x32379cca7eb26f436054f2627953d4d1f010df136b118c5bc09c7f56007daf63,1,0.15000000000000000000
df_under70,0x32552863fe8014da2613037970661f0d49f415c86a88cb3d65af7a43395bc4ad,1,-0.50669022340425531915
df_under70,0x3279d83ee81f6a0e6c86e066c8e79c5a8a6b1c2d068141bd73c6401a346f764c,1,-0.55479800000000000000
df_90plus,0x32c994423d2edbe4d2ee9ce18c1d2a3e968c168c5cfbf02005e8ad9adebbb83d,1,-0.52500000000000000000
df_70_90,0x331a4a8b8b7d47d863ac2885453160b08d53134f404930adadecec00e051d2ab,1,-0.48000000000000000000
df_under70,0x336f5341ee0225793b0d6c274322e1840824fc3107bad168465fab3898188f9c,1,-0.48000000000000000000
df_90plus,0x339c300a9cfe452223d315d03c35473063ee904bbf3821741ed2e3ddfc27426d,1,0.12157894736842105263
df_under70,0x339e2690442ccef7bf962bfdd75dd176a1462a54fbdd2191050315459c888d1c,1,-0.53000000000000000000
df_70_90,0x33d2a04e00bbb0428f22926972e69a4fc049f5c689c05a127adc9ecb7b97da91,1,0.53000000000000000000
df_under70,0x344327632a0ab1c28b40003f14bfe75cb7d5bd65c58b4e34199cfc17a77104fe,1,0.76434782608695652174
df_under70,0x348549fa8f0babf3da7fe391c3b75c4ae1da0911bb964ea5d743c5abbe9a0e85,1,-0.71000000000000000000
df_under70,0x348635bb8e564da45acb5cfe43269287fad9005979770a07a5b6654464e0fe74,1,0.48333333333333333333
df_70_90,0x34b71a313a91684fdd052f72e98c1149321b8fd97a9602d9cf16ef4abc625727,1,0.33000000000000000000
df_70_90,0x353bfdea6f2cae034f1cef73064086e6c904d60d58f96c69644789b510ba862f,1,-0.23000000000000000000
df_under70,0x355ecd5575c79d48729b03b56301b88052e957a74f92c468d2896dc1a2cb82b7,1,-0.16666666666666666667
df_90plus,0x3560dacbcc4ffb2e95ddedc7d27516e515702216e891b0262fbfe9bfa571b132,1,-0.56000000000000000000
df_70_90,0x35ca7676a418724a3d5b8682a67af1c61f6c0173510e48a737cf495049da056d,1,0.61223600000000000000
df_under70,0x362a804b73714b42c4138746ae04b3aa59d564bf821bb47bd028101d1857251a,1,0.46080000000000000000
df_under70,0x363ffe148031f2c8fc3034d5d576311f91985ff1aa0a1f66119c4d8b96062fbc,1,-0.64555555555555555556
df_70_90,0x368f23e6cdbd867df7d22a9ed054a17a87643877b6ae8d01b5aa093ff8cce48e,1,-0.54000000000000000000
df_under70,0x36a8090a138c73e6a3237ee84c14f2d8ccc902b2f7b1000f1fdd72c871e06d28,1,-0.35781880000000000000
df_under70,0x36e5cbd61aa5104a9dd756c103a834f09403669797aca2ceb6f44ab29aadb260,1,0.56759000000000000000
df_under70,0x36f93dcdb75e18f9dd7f4bd4f976dd901562e6f779a86c8ac847f154e37e69d2,1,-0.77333333333333333333
df_70_90,0x36fca44fa14ee80f732b8c07f060f5f7f0eda41a01626409d178166156b4d6d1,1,-0.16907840000000000000
df_90plus,0x373e87edac24dde1e2bd0ebc35879380ead1bdfb64945dbc5605c410b8c8630d,1,0.49000000000000000000
df_70_90,0x374d4c9c12e766653de985450899cf2181edf47189894bc9c870216b5c6b1d83,1,-0.57727272727272727273
df_70_90,0x376036b2b41c51b3f6b511013fa59238436ccbfe03311d2d29ceab375367bbf7,1,-0.24354600000000000000
df_70_90,0x3774cdf17e49143a4f6e10812df8b06113731493842fccc52dea045a1744ae61,1,0.29458333333333333333
df_90plus,0x3777e133fec459b42aac3fdeeed231fc7544442388fe1a266ae0a61bd50cae12,1,0.50666666666666666667
df_under70,0x377d771fbb92cb291fefa615427826f82e66adbf27dd9b2f9142331ea8a6e087,1,-0.47000000000000000000
df_90plus,0x37818f22a6463f94cc16070ab06f3acd4753c74c0182277d21fa0d6367355a60,1,0.56000000000000000000
df_90plus,0x378f7b5c668014d9f6c42c305ec83902f3c8f6c770b336363aed0076ce6ce1c9,1,0.22876033057851239669
df_under70,0x37c6fa60ac0ba871039105ac8b537d32df16a9872118c6a9bb20d320f3f3f8d9,1,-0.43000000000000000000
df_90plus,0x3806398c5984d61b8f06e96e1979fa1402855421e890c80f69b5b8bd91f1a612,1,0.19790950000000000000
df_under70,0x3810cb9860d50b1c785250bba319a397bd27f8652feaff6743c18f54790d7bbc,1,-0.63000000000000000000
df_70_90,0x381a231517cf6088520a51df34bd1db9b93d035ba51913f98ca845d661e5e738,1,0.54000000000000000000
df_90plus,0x3845fd90b9cc4faf89f9b273043824d9958bc5bdc320b23119d10bdf6f940245,1,-0.56000000000000000000
df_70_90,0x38644f38c63679e539c578c59f4a1be38eb4693d1bdaf0ead50f70b824efb6ba,1,0.46750000000000000000
df_under70,0x386d1e55e61c1e7c8d86c0d67b580efe4b81a231c78bde9c93bb30f65a38b72d,1,-0.64017766666666666667
df_70_90,0x38ad1408695bd94eab17d4ba186e5812f44356876f9e02afdfc082b56a20930f,1,0.41838826666666666667
df_70_90,0x38b1f9f80a0ca11d8bf25f98ca1ea41243825151320fdadb49eda6dc9d56f4c3,1,-0.52000000000000000000
df_70_90,0x38cba70be0ad9209fa5d17ad1a098cba794f46fbb30e31423f5c2ed8939a72f0,1,-0.29000000000000000000
df_under70,0x38fb4ceda27a1d1ea63e8c28b4a69043a39e947662500564763879e2691b7a70,1,0.52749712500000000000
df_90plus,0x39176a48d8d4004debff0f41647c8e84c83638261e3ad8edd2e6683b6c04aafd,1,0.52666666666666666667
df_90plus,0x392b0b5b48989e2208978535ce82ed77ceaea60a3e906ffe201c129a6621f2bb,1,0.19653033333333333333
df_70_90,0x393bb312b6a92e046825403e888928d946cb6f39836782204d00b2ddcb2c5437,1,-0.45139316666666666667
df_70_90,0x3945ade440216f0a95cd1bd38792c96549d8bdb90ea9e5e2cf70db9fdee44d66,1,-0.51800000000000000000
df_70_90,0x39538bd435487a591c5fe326359f039050d1603837775317eaa852f1ce84a2b3,1,-0.41622312500000000000
df_under70,0x397cb99c9c4a90d548cf76c95218eab805662e675e5d9215b4204491c2b39f00,1,0.49000000000000000000
df_70_90,0x3984132d5d0c5be60bc0ad1dff63e44197b5f39a6135329490a0a75c0a372f06,1,0.27333333333333333333
df_70_90,0x3988e32420aa1f8d277edc65dce1e13b9779512c56e16531a09dcd7f8ce40ed0,1,0.28624537500000000000
df_90plus,0x39a5c4035cf680b76949cbc59086cfa27740060914c4b31389c0cc1fc1da0769,1,0.29000000000000000000
df_under70,0x3a159474d7791f289610f35e962b5edf079c4fe2f93789bdcb0774632a39e407,1,0.49500000000000000000
df_70_90,0x3a3de929cb6fb7a4eff6aeae1b515895de1e358ed9a2adc24eb04862251d132d,1,0.16428571428571428571
df_90plus,0x3a69abcfdba96ab94af7cc7c7ec0b6c6cbc55b43719f787e9682921042e98aa7,1,0.41500000000000000000
df_90plus,0x3a6d1fb1c119b5c5d7d66338ceb2c6f98619d09d320ab8c35d69d682c347cbbf,1,0.08500000000000000000
df_90plus,0x3a7223cd4898a789727d91f81aaf882840eedc3c4dbabcde0c12eebef5c4d1cd,1,0.53500000000000000000
df_90plus,0x3a73cc62c9877135093819d7d2046c4c648c5f9f35913b372987433910ba17bb,1,0.46828460000000000000
df_90plus,0x3a9782f2d155676977148299277d90d62d98399f63c0ee3ae273126ff8416895,1,0.06102750000000000000
df_90plus,0x3abd1b7cf1488504d51a36c1e3f944597dfe6e0545a6fd34ef3d4a3746f90e59,1,0.03666666666666666667
df_90plus,0x3b1bda4971a1696b0681ccb3c5441e500d1060ea3fa8abef314a1fa8af967cc1,1,0.50096650000000000000
df_90plus,0x3b4116e917c392ac1d00c0e22fe5a61415eb991517ce52e5ad9065b6886e029e,1,-0.53681150000000000000
df_under70,0x3b43eb7188434ad124e98aff60a70445712ff547737a972c2131ccb2cf358a05,1,-0.31246920000000000000
df_70_90,0x3b4deb265489a8f8bd8bfc28c4565eccdcb7c485633568bb159af444dbe34b3b,1,0.51666666666666666667
df_70_90,0x3b7520bb67b31c5116691d7296c5c70ee71c9032f1a4bcc885108347eed30949,1,-0.49000000000000000000
df_70_90,0x3b77b985e2dae9ef19d8147c42bfbee6eff3761c66bdf5d2189754ddf890ad8a,1,0.52501781250000000000
df_90plus,0x3b81fe9c2fd924dcfdbd2c8892cff5384f08a69082917cc1799276e46321a118,1,-0.46666666666666666667
df_70_90,0x3b9204e0fcba9234e3eaca1a941a342e4ce82aeb4ba373c668f2e8a72f1d41de,1,-0.32403133333333333333
df_70_90,0x3bb3d88dc789b03efe21b9e812dd4e77fd83bef6e8cf09dce2e13bf33c04d02d,1,0.25378000000000000000
df_under70,0x3bb3f35e86949207b257f1f3288a8ceaf071638cbd10a3c9a8273b4f542d4ee0,1,0.19900000000000000000
df_under70,0x3c656a9f361e5794a27aaf8e09aefd0df0132fe57d3cdd17cca6ae864152e600,1,-0.64000000000000000000
df_under70,0x3c985d77d6861007f67a967a55700bd848cb17f623bb0a78caf3284ebe4d675b,1,0.38142857142857142857
df_70_90,0x3ce3d9e40febcf84ba3da29d28d9c03e73c56a0f5c5b67c4ea34b880105477f8,1,-0.47500000000000000000
df_90plus,0x3ceb5b631318be5000758200590efe2b308a581d6787c3e7bc050bfd8f627627,1,-0.64939759036144578313
df_90plus,0x3d2a07d5824841b8bca746b19ff747093d34308209d402fe1d82387e98fe9cde,1,0.34987060000000000000
df_90plus,0x3d4d44c9c3d93b11ba2832b7e35f004fcee3daa8a4f32c1e5a7916f17a83a12f,1,0.03353500000000000000
df_90plus,0x3dac1c6e41591af519fee14c8b7e47022825b19e04e643b115ca407c6a722617,1,0.11500000000000000000
df_90plus,0x3dd7aeeb38a291ad6f8c809a29d85c13d5d2fd2ab9f273ed726e173e7bc00235,1,-0.57000000000000000000
df_under70,0x3de1fc90189e033ef435f509c8a885062abe38043c7ef56269b17076336fa54f,1,0.51000000000000000000
df_under70,0x3de4b1af9c03ab7dbe9e884e29683425c16fa96e7c40a7254f84cabcc0a70e9f,1,0.45727000000000000000
df_90plus,0x3e0e84f19abf090dae4490caf1d7f74d5cbaa5d49fa0d64bee52a42b0f71c7e4,1,0.18636363636363636364
df_70_90,0x3e47e9ab777735fd1dae04df35e34536c38cbd4a01f173eb1acee0ce88b80c13,1,0.57250000000000000000
df_70_90,0x3e8fe87f649fc790e848dc96e0ff98f13ae8fc8dc4450818064bd9ca9421b45e,1,-0.21000000000000000000
df_under70,0x3ea98a166b51a30b22432e87bb35a2873379bab13f9b7b04a1b12cf0a4674ab5,1,0.47076700000000000000
df_90plus,0x3ec0c20d6fce095b8294abc3a0131093a372ec87c4478c441a6d31cc3d2cb332,1,0.09666666666666666667
df_under70,0x3efeb0ad4fe8255cbcc429103b3662d9d00d9ddd294ab48ba04850cb0f377ac8,1,0.37501225000000000000
df_90plus,0x3f3320b5b0f6bbf783abd0233eaf450b0819d4a79372629cac136e11f27ae504,1,-0.71365875000000000000
df_70_90,0x3f436f0f01257c5fe735e52dfba2a76d06521af53ceeeab38b7dc64146323291,1,0.48223455555555555556
df_under70,0x3f6c6d730de27ffd48ca83c1e0cfa6b89ff278d290d641f71dc1705b868aa1a4,1,-0.42000000000000000000
df_90plus,0x3f8cf478db06096de3a4a9b49df2ca2fa70fb0c91458644375d6ea2ecafd4d5c,1,-0.61489100000000000000
df_under70,0x3f93e82c48c9a5dfef70a6cec3626298fd338128a69a5c27b65c6643d4552cb5,1,-0.52992700000000000000
df_70_90,0x3f971206382bed7d02b09350c43aedd9aec56d8debeb7f0784f4d6fc98f48f57,1,0.55600000000000000000
df_70_90,0x3f9bec31cf8e8550470626fbd15382e20a18e46af27358cad575a5ef5bf660de,1,0.14555555555555555556
df_90plus,0x3fa5dee1ae2508a05779c08707ed823df3dad95472e6748b1b8808b8add463ed,1,-0.51329966666666666667
df_90plus,0x3fb3e6600c409415968b8dfd8c78041a9c7c7172b83d9e158f22a5b7a94e278f,1,-0.53782900000000000000
df_under70,0x3fc39421e8ac6013078ea6159a4a35228e5a7090b94ef113cc56b54a67eba2c3,1,0.46000000000000000000
df_70_90,0x3fcacbc007e5c3605b165a2ef512815a04916b0a87fa71f63657039795a8dbfb,1,-0.33500000000000000000
df_under70,0x3fcbae2e98236f35af7db8174d2b5f08a2ae48c5a22790069d5a06f6f836cc7d,1,0.46000000000000000000
df_under70,0x3fdb4075cd42c6d704a13edb9c708ad818acecd2ec75f732ad68c91262dee0f2,1,-0.57062200000000000000
df_under70,0x3ff551f494ed7cd8ea2b778e684d99f0cc3d30ec687c468a0ff89c9fb9d27384,1,0.45000000000000000000
df_under70,0x40207f2e82a81843e316fb06d8a8f28f69f2853e47f28111202e9c70954aca2b,1,-0.49497075000000000000
df_90plus,0x403d31adf2ef9659953cd81fb9a4b816e48dd0bf18f1eaa498248a7acc3cbec6,1,0.18565050000000000000
df_90plus,0x40508086e35271ab55d2d4a3b34260104c9b6f3875bda4fb41a2819e5c7b6355,1,0.08333333333333333333
df_90plus,0x405ad8b0b07bc4296631721c78e94677f65e6f2b2ebd1d550b0e25894752fcff,1,-0.47600000000000000000
df_70_90,0x407dbb0dea2d6d800c0227f0b4d16ece966fcc537a279a2ef2bc53691e128034,1,0.54069366666666666667
df_under70,0x40c1c5ac2032b76d1be3e08dae22647fadecbf0cc9029503bf2608f342d23f1c,1,0.61000000000000000000
df_70_90,0x40e2282a59c796c9ddb71c41988c7f3db484734fbe53972fee0d12ff172ce74c,1,-0.62100000000000000000
df_under70,0x40fac8e2827c972e8536e9fa1e21efc4628256cfbf3bda8c3dfa0a99a81f2264,1,0.50500000000000000000
df_90plus,0x40fb654883feb0bd2cf37c9f9b11bfeda31739e24896c8353a224999d26cd872,1,0.22582500000000000000
df_under70,0x413a80c0325d44469c389293b9d11b75b6e52fde1264d1a7ce55ed53be31c05c,1,-0.58000000000000000000
df_70_90,0x413da7343afd0147d2a799ff849c19c68c25161c33802e1f63fdea032c7f1a6f,1,-0.45800000000000000000
df_70_90,0x415cb64cfa04f2cde4ec39c5a81050cc9fb539b9b6972e72cce16b46e0e33a5b,1,0.06023745000000000000
df_70_90,0x4197b096cbd5d75781c7d17faeeec7e9d94ef096d2bdb8803c08d214b61ccae0,1,0.38500000000000000000
df_under70,0x419df961def1517c12b6da92c135675559ba7dd511c4460e08e83d1bf147ece8,1,-0.12364900000000000000
df_90plus,0x41a72062c2008a62da644c433c5c01ed090d463eef4be17e7e7e860914566afb,1,-0.48514350000000000000
df_under70,0x41ce8a58b097d31faafc9b3037038c4030a443c5081dd5d16b1f489d11c15f66,1,0.34000000000000000000
df_under70,0x42288492a2528d10d36ea963f782962c3a380d9aa4abd5f59aefcb42e9d845b3,1,-0.50000000000000000000
df_90plus,0x4249bdebbe8ebb94c7497adda101702fec004a0fe2a4c16d1117856ada00f11c,1,-0.51000000000000000000
df_under70,0x4253fea48b64169e905c46540bd2c74b12c4ba50b1f18c09de8e5749ca479879,1,0.50000000000000000000
df_90plus,0x429d000ad6319aadec153464a262dcc248a11554bbfe747acf83e93ab58ee810,1,0.43000000000000000000
df_under70,0x42a55951aef16134e03a2fe5fd316a1fa2382f264a17c0a16f0a7a12cd8a69d0,1,0.52000000000000000000
df_70_90,0x42cf37b53bb2429b714f951d0a6fcc837e1875609736f80a205ecf70620b4f5a,1,0.58000000000000000000
df_90plus,0x42e4a1202f6e13038b5a6da1024b97e08cacd869b0b059d2a3403f79e645fb77,1,0.26800000000000000000
df_under70,0x4333cd609c108028024406861a77393a6f1305a74c474b67642ecce5fe06f5df,1,0.38000000000000000000
df_under70,0x4363164b5322d6a8b4c5d24d1eff47b64cb08c68385a2b7cb2441481f88c08c1,1,-0.64800000000000000000
df_90plus,0x439e1f155688b947f0014a6f7cd84cd83ab4ee9760a518bfa772694712c4c883,1,0.08500000000000000000
df_90plus,0x43a71145b80dfa87bdd42b9be44b0ccca9f030d7e7b2f4abdb1d424cd34915fc,1,0.25428571428571428571
df_70_90,0x43bde2aa4a2067139451beb84649e5acaff989a3a0817fb1c592046c993d4168,1,0.43171663636363636364
df_70_90,0x43c366201a9a4c559552659f3a4df591ec56d9975d8f300be47e2be29224c8e1,1,-0.50571428571428571429
df_70_90,0x43c70d2c3f03d1b797001768f6c7494158e735baf6070338179c8c9dc943aec3,1,-0.47000000000000000000
df_90plus,0x43c8473bf1d51cb61764f977d2d0fbfadb01c417dbc039dab3549af8fd122f1c,1,-0.51000000000000000000
df_under70,0x43ef177d77f7888ea12aae6ff780cac1e7f4509fa993873c0fd6907c6fc794b7,1,0.43000000000000000000
df_70_90,0x441073d8762b5e288adb7bfa54c7503d76d388dc0511f7d3e2e4f8a131bdfa00,1,-0.81333522222222222222
df_90plus,0x4423e0f0815644a2464ef34aa2b0757cb654428103678d43c4e76c22512520e2,1,0.07000000000000000000
df_under70,0x4457384d10bd19139415797fe197fed390213239184c8e80390671d8801c200d,1,0.18000000000000000000
df_70_90,0x44891f73ae7e1a86478ff48e1a060fb60252a419eb2326d8f5ebb66d62896c5f,1,0.30000000000000000000
df_70_90,0x44a0f6adbea52acf0a97b90870a637a0bf577dc09b9b376ea56a0fbe86f68e12,1,-0.17500000000000000000
df_90plus,0x44ae8c8f7bb5cccb6bd52009251cb6500726e6e639ef0f1a638b808ad16992a3,1,-0.14314333333333333333
df_90plus,0x44e25f753ae47dbdf2705d35e0a45db24d3a1b2996b82a1350ade2c7e92c4f93,1,-0.79532254761904761905
df_under70,0x4502f3bd525238d8b935f0b5e57bbc53c9582f45195de866c90897a049e89f6b,1,0.39800000000000000000
df_70_90,0x450fd33d3654f8d04724df89031e8a2c94c31bc25c1599ae4f6777f6ca5fbd6f,1,-0.64166666666666666667
df_70_90,0x451ad1ef28326b92cf4b37a62b3abe362ff19738cbfd4859068ef53bc811d5f4,1,-0.49546850000000000000
df_90plus,0x4556c5743eddd10c19e64f4d50bfe5abb1877165da419465bc8a56d7d3694ac7,1,0.39000000000000000000
df_70_90,0x4558afc5dfac49c7b2e3ea7c088930c5ae4811ae374698327be422f1f16daea2,1,-0.66666666666666666667
df_90plus,0x456fd6ea6cdcb8eba05786c5cc66f44ecc8abeab4553bc697240502d5a67c0a6,1,0.20000000000000000000
df_under70,0x457dfcc0bf0029ff73e68ef5018673c0fcd38cd9783a9103647aeb3c9da92c55,1,-0.23500000000000000000
df_70_90,0x45a5bdf9359a730d3dcb814cb34e2ec8527ace22521b53b9f6b067b17a218324,1,-0.80000000000000000000
df_70_90,0x45cf145161418406c8671e309aeadbc82e9a51ac95be82bf5f1cf93123ef5c97,1,-0.51291900000000000000
df_under70,0x45de52c6091f8d70a85f3b1ff05cc297709898f93bcba9f4a5676764e0b25a47,1,0.47000000000000000000
df_70_90,0x45ef31309ac10fd32e81b1d661b720a39f84edc41875b8c8026fab5aac3f11fd,1,-0.58268000000000000000
df_90plus,0x460bdcf944a67e2d6b7f3c1dae547f09881640ba4cc49f43e32f825600f192ec,1,0.42000000000000000000
df_70_90,0x4630348b6e6cb37edf6304792f0ca1a78955d8cb45ab09382e6881058ebcd78a,1,-0.52000000000000000000
df_70_90,0x4632e45fdc646883542ec8e228f5fe8ca27bbe20153f8f901616b09aa36e3139,1,-0.51000000000000000000
df_90plus,0x465164549c12fb98b30920a8116c125cb3010d736b30342fdb5518a3326f7f64,1,-0.51750000000000000000
df_90plus,0x4688cc8b1ad178095e5a7d63c05ce90bf7057037fe0ca36420cfd520355c284b,1,0.44000000000000000000
df_90plus,0x4691465cd4ac73b2fc650d87ba8a4b9cb41dac7d7c74b746b9fefe93803acf9b,1,0.16000000000000000000
df_90plus,0x46bc8f260e14c4dadf68683693f59bbfd373e6de9d70b8fe9463930184a50a5a,1,-0.53000000000000000000
df_90plus,0x46f6c75e9f8c7e1fc82f23de712875820c12feda2e9e8033f67fa083f16237b6,1,-0.60000000000000000000
df_under70,0x474935512e33aea11bcdffe7df724f33876fece00076eb68b582e74ff0ed9e2f,1,0.47697600000000000000
df_90plus,0x475b9074e64d7a3960f3348290afbe2b74f53f6a64316e02b39373ab278316d1,1,0.30018060000000000000
df_under70,0x47a079b62e331859854eedaa3bddbfb41f3f8ed4063481ba956a6ed29b61bb88,1,0.23000000000000000000
df_90plus,0x47aac0d91293182cf11508a8ac911b0384c5b00de91a3b6de90d994df095a6ff,1,0.39500000000000000000
df_under70,0x47b10cee6b566fb39018c6df4b189f8be68630e7da55ce8fe7708123cb6573bf,1,0.47750000000000000000
df_90plus,0x47d5431595a99686af2db245f963ac437b89fd8b9a3c25b6020f88f7d8f5ee12,1,-0.56750000000000000000
df_90plus,0x47fa26259c940255b5cbc6e4904548fde4bf7813dde3ebe9a55fe4af2921cf2f,1,-0.44375000000000000000
df_70_90,0x481b66d9bb07b81cd9e03f1896b16eef86985ddbf0af8fd606cd659bd1159f25,1,0.35500000000000000000
df_90plus,0x4822d1452ba17d280b2c271db0e58df7866c9b494040649ab6c6ae8bb7363b18,1,0.24375000000000000000
df_90plus,0x4837fa04e80eca89bbdd033be4f80fe0aeb5eb92ef0187b802befaae6a1c87f6,1,0.41500000000000000000
df_70_90,0x487187034dadebc71441bd70c34351eb189c12a05c99220eb43be41b919e9261,1,-0.61832666666666666667
df_70_90,0x487c0f8c01ebe72d23dbf69f3ef72908166cdcc6226da79b31280d937d85e159,1,-0.65000000000000000000
df_90plus,0x4882b26f86a381553f8b5742e99c615a2ef95599c64feacba3fb826d18e745aa,1,0.03273600000000000000
df_70_90,0x48880e3355f031da13b5ed1142d209396bdec61acf6c0945234ff6e5edab9ebf,1,-0.57017543859649122807
df_under70,0x488afe6decc7cbdb49abd45b30e9ee4225da88701b8e9ed32b15ddddc08caa83,1,0.37000000000000000000
df_under70,0x488e362388d988c27f364a4b29ece104fbe246ec7dc579eba4747fde00bd8373,1,-0.43925300000000000000
df_90plus,0x48a41e852b3e91fae18b8a40eefdac03f7fa09801ff19b0416e26620fa4a5e7d,1,0.15037100000000000000
df_90plus,0x48cdf2e083dc0d0596dcc0079727cf45e6e6822178725a7014ae9d601e8dbd2f,1,0.13269086666666666667
df_90plus,0x48e6e5108d0d878a02c2d79164fa1063792179b97dfe740b43cb6ebb803e0f7c,1,0.08428992857142857143
df_70_90,0x48f131da03acf07b77760b3b8dde68a193e4e8660626d5643dcaba3888fb1982,1,0.53666666666666666667
df_90plus,0x4917c1901bf8b7cd6c917c1a37b6e7090982d267a0823d02ff5971babb3f723a,1,0.07583333333333333333
df_90plus,0x491b270b1537fe6971fb09d497808f467fff32d79fc9868e4a9058a9137d1471,1,-0.62000000000000000000
df_90plus,0x4921226dfa83bdeafb800c8c53a7a068c0c75d52147e2e8408744529b86746b6,1,0.17824600000000000000
df_70_90,0x4926e7231ede8671513186a31c8b2a3e3fe9b6e98c7e61ad62325fdf617631bf,1,0.78000000000000000000
df_90plus,0x4975c8a0b6e9f3a450c5a39f6e40ef61f3f1755c8e36386099a7cdd087bcf3c0,1,0.21568733333333333333
df_70_90,0x497e49389c26aeb18a5082952d689474ad1206cc2c9298067ff9f54cf1bdbe15,1,-0.57436100000000000000
df_70_90,0x498cd7fcb7d5209192cd31676f27413e0a3bdb8c8d8d228229cac24c0701fc27,1,-0.51285714285714285714
df_90plus,0x49d7feedcbc9034abe791854ac28c1c488a63d187558f19fb389b381da252f10,1,0.43600000000000000000
df_90plus,0x49df50bfcc36759292881dc21daa9a2ad803287f33a92246fdd81146119aa991,1,0.49000000000000000000
df_70_90,0x49fc58c14fa26bfd4f3f3bd286d2fdf30e994af4393124200e91a21117c59d52,1,0.63551225000000000000
df_90plus,0x4a197e4958ec49bec33354628a05c4636c2ae0ab639e4bd32b1654f202ec2d8d,1,-0.52000000000000000000
df_70_90,0x4a2085d9d7302a081b64016124cf1981a5bcb1118392c9d645f1abb57ea14d65,1,-0.76583333333333333333
df_under70,0x4a30f99ff30707d8883622dc7aa1a61127c0f4e2395b6b19ede4f8c46a919582,1,0.36493700000000000000
df_90plus,0x4a5133f8fdce300a29a7f915e1fa497df643d1f925f7628908367c8410fb3756,1,-0.54000000000000000000
df_under70,0x4a5c996d32d0905e5c13b18671de76b98409c606b1f8fafb327f80a91525d523,1,-0.68750000000000000000
df_under70,0x4a6a12ba4c315f111f44064a08b436f6c543e0063e2a5edb7dbfb48f6aa5a45d,1,0.50250000000000000000
df_under70,0x4a6d3944c6997151c01706c26a58e454b6f08d43ab6640c3d2fb26b1ac844a1c,1,0.40123000000000000000
df_under70,0x4ac818ea083a05fd123b850d67c7e5bbe29964e8819ae414c8f9a86739fe7733,1,0.52750000000000000000
df_under70,0x4ae576622f86d375ca61844ad2d432d849b0c30dbdc3edb7cc920a699051bcb3,1,0.47333333333333333333
df_under70,0x4b38300fb27196d5ca73ae2cca3d601e107cf305e00358d64b2cdeb712eb5c5d,1,0.29000000000000000000
df_under70,0x4b6636f96ef554860fade46fa7de011fb4160c4c5f768e41b92a13f3a5f345fb,1,-0.47000000000000000000
df_70_90,0x4b674e4b8ca83d4bfa4845c1be7ba487a7fa4828336119a8a2110f26a7d47c3d,1,-0.61333333333333333333
df_under70,0x4b84a8e08cb3376c9e5be5cc5a37f7073de05cdf0810d2ad3fe745c4760ef3e0,1,-0.24610158333333333333
df_90plus,0x4bb3094254ad9879e387707fd466e4f87f0e97cb85187dae6d0a13b17d637b4c,1,0.33666666666666666667
df_90plus,0x4c11ec50edb9959c86b8c883165e90e58b2ebaf00a03768c7ed826281fd17dc3,1,0.43123733333333333333
df_under70,0x4c246b62dea969ce5717e2748139c3c5f4f44e22a6ef850f7072e0aa40efc482,1,-0.55500000000000000000
df_under70,0x4c3e52ad644da40aca2d3b98b3b6df77f4208251707c1e69e2e3551d36564dcd,1,-0.51600000000000000000
df_90plus,0x4c848328019296227bc205bb575cde555ed13f6fe5159e3f72636b4afd79dccd,1,0.11588235294117647059
df_90plus,0x4c88e7dabe1f1f37661d7b92151276f033a29fa520b007c8099df47e1a4729d5,1,0.24630592307692307692
df_under70,0x4c8c81a8977892ce501038db87ff2112e9eaeafa18e4e712180de0ed57d880a5,1,0.27750000000000000000
df_70_90,0x4c9b5ee73c4eb7c4a4757a0a722a9b7d10547732d10db6b0285e44042e39dd00,1,0.52200000000000000000
df_under70,0x4cca4d1e6722c00e372bd219c15a94d29d09dc34c2599cc5efa9eef82ff67838,1,0.47375000000000000000
df_70_90,0x4cd60ba77c03e7a0ec46f951af77c98f4a0314dc6bc683ed8506b696a86b81ba,1,0.49529300000000000000
df_70_90,0x4cd77d456c83e7d8c569a8fb8f6396c3f40154f657e6d970733e2b1b6a7110ff,1,0.30597560975609756098
df_90plus,0x4d24462ca4d1d7724d923ec3db4991df75ac6be542e0942257ebb146e476bbdc,1,-0.70500000000000000000
df_70_90,0x4d32282db59ec449edbc191b4b487b7f8218c07d6f94b0c01e2e7ddf6964c26d,1,0.19166666666666666667
df_70_90,0x4d39d238893ea8f7e0f4d53822a594129b9a98a1fc18744dab57351742e6a702,1,0.19500000000000000000
df_70_90,0x4d3cecff457d3da44258237c36d78d33d432499a76bb0cf94bb9f3d84c9b9e4e,1,0.44559100000000000000
df_90plus,0x4d576a70a3de20a106568848a82a3bcae1b6f5d653c6b8697bd5536a2e2dc38c,1,0.09291100000000000000
df_under70,0x4d581d181bc263e67b0fe2e4536e7e56ab56979d7b7d375643a5af002ac22e9f,1,0.39053200000000000000
df_90plus,0x4d6da45502cba72162462a4bf8d404f0a25be59e73c8622cb3c9f4e32602f369,1,0.49243550000000000000
df_70_90,0x4da73e81ca85a3d9715340bea8dc38c102fe0bf63ba6aa1f3efd8a54d56e9d0d,1,-0.39800000000000000000
df_under70,0x4dbb863adcf68567b574f8201fd6e63f2f061a1e4abe6d09c74f5646f2bd3c9b,1,0.54166666666666666667
df_90plus,0x4dbdf2191c0660d1c9b97ce261b42cdd2ec51555574cf4863d7128083093a6b2,1,0.49500000000000000000
df_90plus,0x4de7aaa89e889373861aa8788ec129011a42f64a20b6a30aed31c5956a1da87a,1,0.41000000000000000000
df_70_90,0x4df0608dd27fe2a79cf6ad387b9f0e4ba1df864d8abf275c01273c297ea94942,1,-0.52272727272727272727
df_under70,0x4e09dcad0f41416f0c89ffbb67cb3a0c376419b1d669687d0dd707ec93e02bdf,1,0.46000000000000000000
df_under70,0x4e69bfa7b1a5701a49bfcfa0988f7947382880c2b8b7cf98035e7e68c032a08c,1,-0.49000000000000000000
df_70_90,0x4e6f0bdf391d82a3686a6976e6eeb6f5fd8f15a5cd989fbb132ae267ac90ac91,1,0.42000000000000000000
df_under70,0x4e7ee488e38fe1944d61077b5f845798186cf0121be1166fdcb36e47d1c0c64b,1,0.46340757142857142857
df_under70,0x4e803589e3aac8b331a3c930a96ae0f1dffffa43e47776f4d48dd8fa2ef46206,1,0.20750000000000000000
df_70_90,0x4e9ad93f6a8446b1f5771ad164c9a2cf9a28954643012d5a8b705e47755204a2,1,0.25354866666666666667
df_70_90,0x4ea9c62efe1ef142a0999c239d94a390ff21768a51673db077d8f26e54627c91,1,-0.57333333333333333333
df_90plus,0x4eb495d6def11261946066ed559a196697a0d7f83377b0ccb527c9c402a30a5e,1,-0.34000000000000000000
df_under70,0x4ee0e85318a804c973143ae54be5d3f7657068f78cc7a93d240d85aba8c66f20,1,0.34000000000000000000
df_under70,0x4f00e73feb0a51a1e1878891d96acf460d117a55c775786f12ab3793c2bd0b34,1,-0.49000000000000000000
df_under70,0x4f2e71f5c4c6cc81f298f02e7b896de3a5ba4de2ad7d26f9f094ec5767e58629,1,0.48000000000000000000
df_under70,0x4f456ceb851e5f2c739829af61fd5063e9645a59746dfbf721f908ff53cccae9,1,-0.26500000000000000000
df_70_90,0x4f51bf8e3fb21c3b99939ff1ffb55429ff97c5fa39d7f7be46b9f25660e9d494,1,-0.52000000000000000000
df_90plus,0x4f986f21e1cfd311fcb4a570fa4b7fdbf5c4a8b381ea1c03bc233125dc1a0baa,1,0.09000000000000000000
df_70_90,0x4f9abfba26f37d6174d9b3b283bc295f0d4249de0991a752763c95f1445a1eeb,1,0.22600000000000000000
df_70_90,0x4fac468f982004edb492143b18fcae0a2ff5c7571c4a6be784a392e2818901ba,1,0.42002966666666666667
df_70_90,0x4fb29009dff803b3bb2416cf77d3833730e35c6f99cf580c03499250487dbb16,1,-0.58000000000000000000
df_90plus,0x4fc53c04db29af550c2f1c9168c89b857734127abcf2ef9d52fb9044474aab02,1,-0.50500000000000000000
df_70_90,0x4fc889e9cabcfaf2dca7f9f7af0e9bca69ac54dbf529a6d9e61ae35d0526d7df,1,0.49000000000000000000
df_under70,0x4fd2cf13e94863cdfcbbe1aeff3c02408cbc83e11be8e6b48b9f1dcef1a7ea5e,1,-0.47000000000000000000
df_under70,0x5038cb8d1ae39e35eded49cbcb86ccf579de09935ba069050db28f07a05c23c1,1,-0.48045454545454545455
df_90plus,0x503cc08c1fcff5bcca91d07c143e87b3bddd68566445851e93db965e6a1a122d,1,-0.57333333333333333333
df_90plus,0x504124a9b21894731d718718f1a570b052b4a464782b5391aea84f18c6e35c38,1,-0.55000000000000000000
df_90plus,0x50b6deadae2107626418d5d3b6be15da9a47c09d575c7ff3cac60662b55f1c2d,1,0.42000000000000000000
df_90plus,0x51166276fa646ca50165f7d030c297138ed1d62dc41f6ffde21e962c44182074,1,0.67875000000000000000
df_70_90,0x512ecdaf48f51c46d9cc4eecc1fa21712aed7a2bf30e1de21f32662f8f1ef319,1,0.30800000000000000000
df_90plus,0x5138e24ab6bd78f9f35646a4da1e5c0debe130f0020502ef8ab7cdb1010fafa2,1,0.09532157142857142857
df_90plus,0x51840d39c1c81a941600dfa4131680411b0c53ff731e7314f1a307c0663f9a4d,1,-0.50000000000000000000
df_90plus,0x51930becb77692cc4b5e51a87be262a13e922774e3de1dde84529fd89b338327,1,-0.73000000000000000000
df_90plus,0x51c3558bf7c9a716b72af5070b574ad1de5c266eabec34af69d2cbf3283403fe,1,0.28324300000000000000
df_under70,0x51fc7cfdaee135d6d0bed053e5fcd3652954414d9b9f4eef5dce2e9ea717f161,1,0.26000000000000000000
df_90plus,0x5221bdfe3db679762c38e7261a7bd75d3909ab4c88279c3fe5b69c2b61ef439b,1,-0.47200000000000000000
df_under70,0x5225f459631e80efee03e9ee63850252087fc53be28aa8c3ebddca487091e6a4,1,-0.52000000000000000000
df_90plus,0x5256dfc89708ca138d1dc892c81991f2798694e077d86843707aeb2b615b1e15,1,0.10466666666666666667
df_under70,0x5261cdd049afd2af36f5324bbe29d96c5fb410033fc5abde5b9d4c1fa67bba11,1,-0.50430050000000000000
df_under70,0x527440cef5c222a008270784dcfc2068de21caa04e781cd111963488cdcabbdd,1,0.36800000000000000000
df_90plus,0x528663818f8f40350e20d63acd3dbae9955ddbdd03860019a752c699aa6e5f31,1,0.14200000000000000000
df_under70,0x52a93c7646d0f0e8f93f98536f45e5a787553d6f8347f9dd7332236dda0ef633,1,0.38500000000000000000
df_90plus,0x52b6109a748d81c35c23158684a4157981c636e57e5fdf9512223912d02bcb2d,1,-0.64500000000000000000
df_under70,0x52d0c49125364e722c72cf1391d98b249d0fcae2afddec5af565af13b3810e43,1,0.34333333333333333333
df_90plus,0x530bd255cc1314b3c3076286f25762ce95bb902729309e23bd331aa74e8e005a,1,-0.53000000000000000000
df_90plus,0x53488dada2f70267524c9cbd7b7ccfda9db11a47e109d896c4954e29faf632a3,1,0.40083900000000000000
df_90plus,0x535e6907693cf90eb50e61c6935366e3b29933337c952e0e937cf944307747bb,1,-0.67615300000000000000
df_70_90,0x53637ef9dacf9aff2b6ce87e1a4d7de81c44cda7d6ae8cc582ba8579e9a81e35,1,-0.47750000000000000000
df_90plus,0x5389df46fbc0366e12650d7e9cfc50eab40641484aa4ae024e22585bbdba41cc,1,-0.56500000000000000000
df_70_90,0x539f3d8f8bc3c783f01ba385007f2fc07891f7fca78a3467e9e10b487d576a0e,1,0.52800000000000000000
df_90plus,0x53ae1c439bcbccbf961acf365131b06d9e0a55e1a3d3768192a8a5b0a89f3ea0,1,0.11666666666666666667
df_90plus,0x53c08c3119b9fe4ba6d6d19b70c5c53509fe85ae197fdf92208089c1503d84e0,1,-0.56600000000000000000
df_90plus,0x53c3b338da6d1a21df12163c76592c36f37638c2d2a70ca4543038048a7c7056,1,-0.53965900000000000000
df_90plus,0x543bf402f239c69ceabc002c8b212f13350d030cdd9f62dd7e90e3b98c7a3747,1,0.48333333333333333333
df_70_90,0x544254174f990d90d385b3528ed810da1f5433f3461c9b99963f8ae5f29ddea6,1,-0.52000000000000000000
df_90plus,0x544ad971fa6e6fe217544a09593d288b14de2fca8818a631b7428889c2430fb0,1,0.44660822222222222222
df_90plus,0x5488b6f813d86edaaf2f9b490b58cdeb571a3553bdf27710448f62c4493150b8,1,0.28000000000000000000
df_under70,0x549b70d5a33c5cc50802b920ed39efe6d5ac6a68fbf074fbc394052f4773f860,1,-0.52000000000000000000
df_under70,0x549c773419bc3ec5e0db5611f53a3019a4e2aef73a7c05cb675987cf65d9dfa0,1,-0.44000000000000000000
df_70_90,0x54e133e26795655e469df67a34218fabf17fb822af2514c052435da326ac7204,1,0.14000000000000000000
df_70_90,0x556b2042ebc85221bb402de322a8724f149b8c95b520831bade2316565e3ca84,1,0.42545454545454545455
df_under70,0x5576defcdfd62b164ce68fe522ec40155164e7b61189c3a37b569f353a31ed1b,1,0.44011200000000000000
df_under70,0x559902409510d8db5cf54ccdc96c01568bba2a7a19843d7d815e2c187d868828,1,0.49000000000000000000
df_70_90,0x55a6455b7ac593b760f63400e43afe3c613d14bb20755b1f3c83039419edcf44,1,-0.24800360000000000000
df_90plus,0x55aa84891f31cedeaef953dfabbb56214ed9549f2ca3ddfe10d395bc58def557,1,0.08142857142857142857
df_90plus,0x55be331898a7bbb78cc768f42b78b178d0ad25f103fd6aecd08f5ade2ba5791f,1,-0.54500000000000000000
df_90plus,0x55c50c630e6447642c0472a6a2176019f75cb2a2e61cefd8e6ce5761e6211ffa,1,0.07000000000000000000
df_under70,0x55cc774706283801ea7653616ac54bcc7390576a6eaff1803cc6a468869f1007,1,0.43000000000000000000
df_under70,0x55d02472c6ffe437409ece155de9d50f82f0f366d93f058d9c3d719db467c1fc,1,0.44090909090909090909
df_90plus,0x5612d69aa560ba6bdb9244be8dcef735412f3347b1ac0230a5cee260930c7189,1,-0.51585700000000000000
df_90plus,0x565c985299852acb95a663f0a42f3502ad5e9737d3eb37179790f1dd174718f3,1,0.38149950000000000000
df_90plus,0x567d0ef4dbfb776edca3c6affbaf4229a3919c8242b0643fc845eb67d278fc55,1,0.15666666666666666667
df_under70,0x56a22fd15651313c565c845fe3b060d4dbedd6482059865857ae77951887bf1d,1,-0.73879977777777777778
df_90plus,0x56a745b1fe61dd05263b1344951ede37bb9b9107163cda6cb531a9b3fcba6c2a,1,0.24000000000000000000
df_90plus,0x56f4b50a93d5caab9d99b43f36058a72f210fec6689b8b3d27d0a7da82002d0c,1,0.46500000000000000000
df_90plus,0x5726547a57349a12b1abdbe093815f07ffb5dcd74e76534be11872ebeaa87911,1,0.05000000000000000000
df_90plus,0x573b94d1df2175e37b4c392f3f2543dda70ae651407115c66ba97f7a8bf6d7d9,1,0.10500000000000000000
df_90plus,0x57511dbf6549dd2d40298bf903ffba7bb341be65616db68585a3d97a10373964,1,-0.49999833333333333333
df_under70,0x5770f1292047c5c2ceef7e9636442e071f9d1b64dcf4a24ac42b0702e71ebc1d,1,0.53500000000000000000
df_70_90,0x577cffeb67b4b292a9f8e29b967e5de1c409333fabb752cf5057768c5e900422,1,0.26200000000000000000
df_under70,0x577d6803441f508c1fe12e1cd483625b832b562416897eda0757e3e5ca4ebaa9,1,0.32500000000000000000
df_90plus,0x579d6c9d6ee37144e5b3ecb466973b6279b4e7b4d59f03f67def0aad32cdadc2,1,-0.51000000000000000000
df_90plus,0x57b870ef0a2d042fd9cd5d8a50cbaf692d858cbf95fa50b2ab09a8dffc2dab10,1,0.52000000000000000000
df_90plus,0x57dac5b6332f3d53233950105e7768575e511d90338f3f7be5ce993f424675a7,1,0.23750000000000000000
df_under70,0x584c51dbf4069125f1b87c058dcdcd1c169c79b83071f8eb15e32157b177e5b4,1,-0.62000000000000000000
df_under70,0x58a640dc715cef8614ec5d105e38867cd7b3c3ac4e4a7d40dce96a762c53429e,1,0.38000000000000000000
df_70_90,0x58c42e2957429d5a81b549187514524ff154e5d8abbf86e0af39202b7456becb,1,-0.49500000000000000000
df_90plus,0x58fb28277f01ff73ccf08a758225ed51a00267d06e6369701cfbb931f527bf92,1,-0.57666666666666666667
df_70_90,0x594b83cd77a12b6aa25d86d58884389da652ca55636183e8694a8ae58f14cf7d,1,-0.52000000000000000000
df_70_90,0x59622385e39f80c95db2567273b4dbf894f335092177f3c770b0465c314ee6d1,1,-0.37428571428571428571
df_under70,0x597e0e209cef883bb95c6905f07d8066c3ef35652087d3611c43b93f0ed237c2,1,0.50636363636363636364
df_70_90,0x59a029e4250b18648e06da0168533249e9807af1ac5c7317e25d3e3cdafba03b,1,-0.29046500000000000000
df_70_90,0x5a2a5cff8c2a226a13ea4dc8a956a9521b488f5068927c4bb971a30279996996,1,0.50000000000000000000
df_70_90,0x5a43d0d7ced40da6ea7d5d21cf78a96b913c9c845ead824f287dc38252d87e5f,1,-0.55600000000000000000
df_90plus,0x5a5f26f47075e7bc8eb13328ab90f46c1c072b2baf35351c2c2b5ea93ddd284c,1,-0.48907550000000000000
df_90plus,0x5a65916bffaf64914bdbfededab08b150d85648b53d1f6d03582cce3bd07b9c2,1,-0.53189150000000000000
df_under70,0x5a6619f625da519b9d26f64f6da00c564465e27b6c31f39c83e311e2a4ca0325,1,0.57000000000000000000
df_90plus,0x5a7641db4f569b4dea6b7356888f7027fdf46bae943204d20fd1060068edf09e,1,-0.49890700000000000000
df_70_90,0x5ab734f8e6547d4e66e3f10089abc60b9b1b1cbb58368d4428ace148c02df4cd,1,-0.49144960000000000000
df_under70,0x5abd8122038f8523a9029d62cfac6b4ca7c040abbe4c69119170309a691639f5,1,0.31000000000000000000
df_90plus,0x5ac27bf2e8040b7e4f0131c69e7498ed5391e1f1d5c25b6109befa5edf1a49f3,1,-0.54500000000000000000
df_90plus,0x5b05c1a2abd0430f0521a43a6ba2d9a69df5aa39e3d42cad6d088c29180815af,1,0.22902600000000000000
df_90plus,0x5b1a6d5798116e4c13a922e839ae91e56d6fc8ac3d383d6f2b84399e4cd59354,1,0.20791766666666666667
df_70_90,0x5b1e3bbbc177f124ae80e0919243ecbb4d00c1418dea343879204536465fff86,1,-0.42500000000000000000
df_90plus,0x5b379f83a7f2c6b0daee16c5ba4a3eaef3d03303a8604e060fe2e28fdecc5b6f,1,0.25000000000000000000
df_90plus,0x5b42e47063c17ba7b2250c8509c817ca86e419616beb7c49ce7c7208ac2dc46f,1,0.47500000000000000000
df_90plus,0x5b5a48a3cd45926dba02e25e5c582be25f89739c94adeee6a91a49d610d023e3,1,0.12500000000000000000
df_70_90,0x5b7d04a82da673fdc7475a1637ab8e1435535b0d340797cdd992e4704d58bdfc,1,-0.62744100000000000000
df_under70,0x5bdcf0fd010eba1a55a0f3de9be6612fc72038279a734e994ce2e34664a3cfe4,1,0.33429693243243243243
df_90plus,0x5becd484cc612594dd3f2a5138d9c191f9089dbc7dc3bd7dbbfb9d2184ed194c,1,0.27005266666666666667
df_under70,0x5bf04bea3b9d4ee70ebcc92aee7247f6198ec5183a5afc0032fdc632f0e9c979,1,0.27015200000000000000
df_70_90,0x5c16576775aaa463cd9da6db82d35459287a092319724d626f2094169babc804,1,0.40500000000000000000
df_90plus,0x5c6647d179413fbb40f6a11afedfe4adfefcbafeecb640921c5fde93c02fe951,1,-0.93000000000000000000
df_under70,0x5c6fade951a8a7e2b93b156ac8e42e01a2564831ef9b33dbd522aaaf989bfc7a,1,-0.32700000000000000000
df_90plus,0x5c79f8c2635dda4d5febf466d41440193188064333d8fdd3063cbf086c5634c6,1,0.03523850000000000000
df_70_90,0x5c86bfa33b04fb90e1f222cc3e8582cc8332f39a4abf69431cdba8f6ffae24d3,1,0.53000000000000000000
df_90plus,0x5c89fbcd00a1788ef694e9fe8f179461289aea0578b8d08e4206998af2fed235,1,0.04000000000000000000
df_under70,0x5cac231397cc63e8d8ebc4c555066f77d7ba6581555a42297a9ac0b21e72a17f,1,0.25600000000000000000
df_70_90,0x5d1b513e38071f6fdad4e7b5cc70756ece593b600cf5cc3ee746e75e9770fd19,1,-0.62500000000000000000
df_under70,0x5d4517d9eafea457b2c7be558982bb6fcfa01566af2636ff6ca1da8941efbdea,1,0.44800000000000000000
df_under70,0x5d4c5252dfbf6202ec5e71f521052c4a23aa8d07bfe5c09a5ef7126907e185df,1,-0.39000000000000000000
df_70_90,0x5d4f94b804d7203fbb644541015b5a17f0f3cce5c9899a99a0ae7259dafb05a9,1,0.48002433333333333333
df_under70,0x5d57371510134a140e75dd11eb6f7f41e7fac286772a338ae0d13f2c65be9dc1,1,-0.50850000000000000000
df_70_90,0x5d5a74d8cf82cff649ec0ebba4b05e40e781a75b027eceab123f1c377de12081,1,0.52000000000000000000
df_70_90,0x5d91d91acb419287ed5e06ca73edcab4c119c637cc923289beaf74ac26d1f8e4,1,0.35023750000000000000
df_under70,0x5e04f542a1882e74a3a49908a79c2e94f7097ec9cbbe42abd0b0af345fe6206b,1,-0.62000000000000000000
df_90plus,0x5e21a24a093f1f6f4e48ff7f338f6451b25468d390c98a17784aa635cf503173,1,-0.49000000000000000000
df_70_90,0x5e2a2315d944adcdde545050b58590f84bd50d10df4ea0001635353d7d290789,1,-0.63803271428571428571
df_90plus,0x5e85a440e5c1c2b7b59b8b2f6fed028c6e324d805ad04ad9c9deb30b4630e945,1,0.19166666666666666667
df_under70,0x5f18fe243edaf6c98882c7e63442c24023a07d465b41dbec6517af1bd6de40dd,1,-0.53000000000000000000
df_90plus,0x5f4340be34f9f45e76f28390111c349b343b6072a0953101fb78ec98e1ad3e90,1,0.05481860000000000000
df_90plus,0x5f6d29fad8884a17b9b911b78c0623b76487f8a3afaf987972875fdbdbc20a87,1,0.28844050000000000000
df_70_90,0x5f9dfa3237fd6e4d6efc71f6e4a56e6cd536b78e0ef8bde7f73372570ce67ce6,1,0.45079100000000000000
df_90plus,0x5fac5a47f11802e8a7b82d76e05461bd4551fe199041fb45c5e6228c56532d4a,1,0.15833333333333333333
df_70_90,0x5fccfbe78bfdf61ab0db8b90affd51a7a482b1a3358e9fc10f93bda76187c8b4,1,0.69417700000000000000
df_90plus,0x5fd3de37fb55c6eaa180f343529549296b69b82b58f095aa9794a47fa078f5a8,1,0.57576593333333333333
df_under70,0x6001eea8fd2aad68d5ec8f01f517d832ce3a3ed1714b825ef293b8c9370708ca,1,-0.43000000000000000000
df_under70,0x6004d2c3eed914c555d1e37a79e8cce28445bc0564af72bc0be4d18b3ad07923,1,-0.46000000000000000000
df_90plus,0x60287a2ab4ed375af8c583abc1f935e36f2ec8a517eeb550b522681743f66564,1,0.11570700000000000000
df_under70,0x609e55cfad2bea2c42ab7f2524cd23a532d418a4cb55ef53312ca362d8048f7e,1,-0.26959566666666666667
df_90plus,0x60e76572f233123de8614e3fbedf2c5ace86deb5723ff91f436b6bf4ed2e3023,1,0.46521200000000000000
df_90plus,0x60effd8fc15aa831113ace31915530640606eefb05c2040e77ef54a0c467e845,1,0.31386033333333333333
df_90plus,0x60feb252716c9ceaaed415182fd235ef9e9fd8e8361bf2076366c5f66baa04cf,1,-0.79000000000000000000
df_70_90,0x610a5db5ba9f6767421958082686313a217b919a38aafbdc1ffb6dd1b0416222,1,-0.56000000000000000000
df_90plus,0x610fd1924156eb0e782d435f804ce7d3e8fd51dc65f9897cace963513358eb3d,1,0.04000000000000000000
df_90plus,0x6110a256f214e84f8a904dd2a12a4b9bced3011d0ee5ebb83c765b1bd6f56827,1,0.48333333333333333333
df_under70,0x6114f7db7f4c99210db8e54bc52a0aec1ef1fa7f15cddb6e302f6c2951b8b48d,1,0.48166666666666666667
df_90plus,0x614c0fdc1fc1a14df170bec4ab0eabdcdc870aaae1da9979c056714b96db4441,1,-0.75875000000000000000
df_70_90,0x615d18f2a9ea90ede61d1d2dcf64446d121e479b8318b6156466b7b4a4fb71ff,1,0.41750000000000000000
df_90plus,0x6172da3db76c83578796d09bbbca323e2c0d2208b0b09c31c135811779a2188a,1,0.23666666666666666667
df_90plus,0x617bd276ccbc092f366d59dc997a4c67f13f809e7592498f15244933b56d9dcd,1,-0.40041285714285714286
df_70_90,0x61b31949ecaad18217d0f4f709e07b2e94a04e41e6934d5351f783010d67b6ab,1,-0.40000000000000000000
df_90plus,0x61b80a4a7a325eba229ccfa35aaef9cf5879a4ad38bee2fef49a0359d823d9ca,1,0.14818181818181818182
df_90plus,0x61d09702aa0f333bc9d78f896e7a742bb6def0314acda8f58c7f1ca6504a01d9,1,-0.53000000000000000000
df_90plus,0x61e51090cebc3a0c3f050afebcacbd0d14e0b0557acd007ae36339cd18c80463,1,-0.96600000000000000000
df_90plus,0x61fc3b479c8f00a79da7ab93c45f3ef9d5d7bec59c6692548e928704541a15b5,1,0.29500000000000000000
df_70_90,0x624f2df42067bb196e9daa447dd0f44f917987a4fe927357530511461601427d,1,-0.32300000000000000000
df_90plus,0x6257ac3bdd0b512bd6470c21d5dc99ed12ef42b5fd9ad6078fad24d351ebda5c,1,0.21512370000000000000
df_90plus,0x62593e7f01f0bfa80fca7689b20e367d48bc8c292e2d0f0a883c18eb6ddc2ebb,1,0.24000000000000000000
df_under70,0x629ad5b25d13acbc3b9dd6bfa905daf323226125794031bd9895ffcc48f5af11,1,-0.57750000000000000000
df_90plus,0x63078a36afec06cec9c4a9b8dda707abc8270cdeb3d22c0d1f0181eebb7e78a3,1,0.25500000000000000000
df_70_90,0x63094407f001b541f18e434892b1068714e2e98d114b19721be2a6e732676b36,1,-0.44750000000000000000
df_90plus,0x630aca6e981f0d4be249ff27cadfb067bb3a9d3d160a2b0e6287a810a91da8a9,1,-0.48500000000000000000
df_90plus,0x63340c0f15053d8667348706a3f593074f8a5db236a46a8b495efd0818e36ee4,1,-0.44500000000000000000
df_70_90,0x63407575e7f0a2ac5b423adb97aaab566cc6a5609a828c6744ac3949f86327ea,1,0.30333333333333333333
df_90plus,0x637358e96ad336fb3943b556b525f1b6cb5b1545fbcce3e61553737d5e8216a1,1,0.08682600000000000000
df_90plus,0x6396b86626db7c19b2e245ab0027406afa7ef331b7c896bc2da1f7d8b09e9736,1,0.47500000000000000000
df_under70,0x639c60e4a74ea30a30b637625813d3fabed195d88072a488f8b7ac6441b930ae,1,-0.87000000000000000000
df_under70,0x6439c66cca805cdeb50925a4e67b85d0a2df66eb2f46983ff123fef019d14190,1,0.57538461538461538462
df_under70,0x64428ea4acb80ab69b900eaf579f6cf35502b540d674d2dde53011da0d617769,1,0.59500000000000000000
df_70_90,0x64739195110169341a575b300adc3e45e88f4184ad535d59511cd81452585d42,1,-0.47475550000000000000
df_90plus,0x649bd3dc845f647aa8c9a739ad8de245b853224961afd01127de0071c13f84b3,1,0.20785714285714285714
df_90plus,0x6512196f058444f422d4f8ed9a00ba1b48f70ed879fb2fbaac2d36e8f42e9d6b,1,-0.87833250000000000000
df_70_90,0x652a7e27819c8aa682f1013295dd637c000133862850d96143e48a1815b94d38,1,0.32647522857142857143
df_90plus,0x653930b7fc6f8f670a769980f4d58001165e44c9e168557d3ec6b124b4bb6b85,1,0.06500000000000000000
df_under70,0x65670c7c4f3f691833e48aabc9937abb59c92d6c43d6e896ae8cc011870fc166,1,-0.54858800000000000000
df_70_90,0x65c752289ab1e3b4fde40b3909d9c0fc2b35849ad950a38cab30d19a80457a9a,1,-0.59642857142857142857
df_under70,0x65d30f3d41bbab278c2108ab0883d7ae1a9fac97a2086542a975d885a9c72dba,1,-0.22500000000000000000
df_70_90,0x65ea54fcd5747b326c31912e6e67ec846ec28e49dc66c5cc15b772ed346e3dd2,1,0.38333333333333333333
df_under70,0x65f5760095b3b903c895b320765ccdd4074b72750458b09fde516f6254bcec67,1,0.56685714285714285714
df_90plus,0x65f94d5762d4b366f93a0c7e2579318184e8c46369f7fdd14ab23ba6825f45c9,1,0.21500000000000000000
df_70_90,0x66675d1b23cd5f411eddc3ed949aff6a8e8ed3daa95438a5e8b3d9d3790aa996,1,0.39000000000000000000
df_90plus,0x667913c790faa2d47cf3bafb54a5c7f85f5c2bc5fae9ed04e93c4ec1e1b4f352,1,-0.65725650000000000000
df_90plus,0x66af3906643acee485f9b2976ee13a4be9fb648ee84249f5ebd7165ece3b8a5c,1,-0.49000000000000000000
df_90plus,0x66b7ad48448f8846395b8df8edb5f20f99bed8e79928b1b9d2cf3a19d70dbdf8,1,0.05333333333333333333
df_90plus,0x66f677ca220360d883192d65e447e398166d4c1340e54792722894ba0db904c0,1,0.05000000000000000000
df_under70,0x67008e048787cc454932ee292ac105138e33ba6fb5ab360168850b86c6d5bdb4,1,0.58002858333333333333
df_70_90,0x670917654552c1aba2471eae97763d4217d14114e133cf2071359d9ed72b8e29,1,0.50500000000000000000
df_under70,0x67452e322e6c5d5de2f8a02dab43d3c9f55ec28008c8de63199595a8ea83ad68,1,0.57000187500000000000
df_under70,0x67700563a089f191cd117908a7681c602597fdb06d044ed23597d7d2f505ca4f,1,-0.56000000000000000000
df_90plus,0x67c06a12a9dfab9a39c38cc521dbc10e1d0b2d6591bcfec6cc6fc0d10f60763d,1,-0.71000000000000000000
df_under70,0x67c4fbb88c02abe7962f39ca31b15bbda3cd71ed3765d2831dd5dbf00a49340f,1,0.46000000000000000000
df_90plus,0x680bbc0bc07336931cf06a646df4ca8a60b1ba423e2c58dde480dd13423fabdf,1,0.14000000000000000000
df_70_90,0x6825d9518cb15d2b3f2b1472634e454c7eede410f7b6a0cab4c63260a88b8c5e,1,-0.61000000000000000000
df_under70,0x683b5a5e07c42cc4bcdc0124deca94f8a973c64ff152e336b615a2fb6be54e38,1,-0.55000000000000000000
df_90plus,0x6851a479045c4799f6158f316371f5dcb66e9d28bdb0bfdc980d26a0065b736d,1,0.41724150000000000000
df_under70,0x685e955c390b26452550bc758bd0b531982f039f03e384eaba3c9bc5fcaff05a,1,-0.53000000000000000000
df_70_90,0x68757e3c882f8cc20ca7fb1705451691da14abffac46921c072c58ba92f23d26,1,0.46000000000000000000
df_under70,0x688954ad8e279cc5febef6739d4f87acd3e42ca768ac6a8b621386a8578532ed,1,0.44731707317073170732
df_under70,0x68a7152d211263bd73cbe5cb87758af8a2378bf27ff7ff4640539dc6660f7d64,1,0.54500000000000000000
df_90plus,0x68b265984a40a85c0aeac5ceb3112bce9ea9c16f4b73660b0b4e1a2128c161c5,1,0.58010750000000000000
df_90plus,0x69223e038e1f291fd11c067fc4fe3407739a6825013b427e56242a62cf324f4d,1,0.62500000000000000000
df_under70,0x695915526d635c2cdd411dd315313c691d329bd6a92b62f56686a33146d13186,1,0.40300000000000000000
df_70_90,0x6963100c49bdcf119433cb1617abf6683b7256a93c707037e9fbf6271276e846,1,0.21333333333333333333
df_under70,0x6966f2af6a3eb65d339a83d63cf55731b5b34a46cbbf28d2656be86932567391,1,-0.65666666666666666667
df_under70,0x696875ecd42b85107cd73854b41337fc9258428a53af3834f9c1434385669b5a,1,-0.56988600000000000000
df_90plus,0x69c05ef6b35cdc8a77097fe72e26b3cde670679adc75beaf1c0f1d7af67cf12c,1,-0.69000000000000000000
df_under70,0x6a3af0023e79bb777ef3795741600a3b152ce7dcb27aeed7991a38421f0acffc,1,0.54000000000000000000
df_under70,0x6a3e1085ee5403095fd323a0b94603a97d6fbce91b569f637c59c8ecb3b006e3,1,0.49000000000000000000
df_90plus,0x6a6255f95ea0e78d9e8d016908e386989e3e92ef5127b56c7234bd5eafbb3dc5,1,0.30583333333333333333
df_90plus,0x6ae54b57f576915b00f24e95c48c5f49fa7a40247caed58746654e7bfce4613a,1,0.49600000000000000000
df_90plus,0x6b049bc3befa02c22d0cfaee77625fc94e9a6d571f00c015ba7a3b442e306fbc,1,0.83000000000000000000
df_90plus,0x6b864f35765706986a861d22fcc207872062186ddcb5fbc20275e991b20ff6ab,1,-0.81900000000000000000
df_90plus,0x6b9216836a42edd951be87b3a7e11532058687d97e84c75773dd442af1a51cf6,1,-0.46000000000000000000
df_under70,0x6bb8b2483eccb8fcae84cd42fd7d8e5e394689e0a06f95b189a77b4819cf0173,1,0.71666666666666666667
df_under70,0x6c30005caa5321f694ca3816ae077627ceb6eefdd96be8f571874ba6f79599ef,1,-0.56285714285714285714
df_90plus,0x6c30da876bfc4333cc74ae3940e034a3ef789e58f237b93b9cf1bb4794432541,1,0.05658600000000000000
df_90plus,0x6c3aace15263739d947b78346d01c6a12be496b70df1d2621161cce59b986c67,1,0.11396566666666666667
df_90plus,0x6c3c1eb9055cf4ff809b8d4f26a8ef56e11e17c184da687353927de474615746,1,0.07000000000000000000
df_90plus,0x6c43b8f1b2588dd71ddbc3109747eff02061c4471b8c5a45a205eddd4311393a,1,-0.47500000000000000000
df_under70,0x6c53618154f4de6b1b138b48aeaf6bc4c2a6227c4f65dbefce1ab67bbce394c5,1,-0.51000000000000000000
df_90plus,0x6c5896252964bbc669677eae6becc35d2afd469801237cb77e4b9357f28e71ad,1,-0.51098100000000000000
df_90plus,0x6c5de82b3802a5bd7709f4aaa6041ade0f8eb41042eca21a368c5e23768e27ed,1,0.17000000000000000000
df_70_90,0x6c8fe6a7ba456940f6bcb2bba619c59b9b91bd89bae6782bdf519fd8a7072e05,1,-0.61442800000000000000
df_under70,0x6cbc2d6902ca3241db9ca9a78d3bb8d25ce27703090425fbc9329542d57de86b,1,-0.52000000000000000000
df_70_90,0x6cf021522e40b2324826653a5cbe7500804602a01802bad185c9809fde5c600c,1,-0.49649050000000000000
df_70_90,0x6d1ac4815a4642a1ad97b1cf384207b06d66cae075824ec978fe7fbee9924740,1,0.47500000000000000000
df_under70,0x6d224ad119d86425d4641ac6ef4ef3972171060ef4e19832737457c545771a85,1,-0.50000000000000000000
df_under70,0x6d81d3758071fd3ac9645d430979a9c8ae74a5eb7b0d1cd6f1b7a8a423c141cd,1,0.73000000000000000000
df_under70,0x6e649d863c11e0b1fb29f6d08548e9a4aaceded7c03afdee9723a032aaa9112d,1,0.58000000000000000000
df_90plus,0x6e6d8d463471091d8a5ddc5c54b24aa4d2b9772edd0fd4673f79e32ec7a0cde4,1,0.07500000000000000000
df_70_90,0x6e86fc1b3d5ebabc61316fa5543b7b88338cfafa76e38183aaf654b425fbd648,1,-0.49423896153846153846
df_70_90,0x6e876aba1e55cbdf424dd50066940ce0bb8a4356f8b4e2535ebb6ce0e10a6ee4,1,0.47316700000000000000
df_under70,0x6eb007d26596439facaa305089ed4c1edfc69637290945b9e972a8d7252d60fe,1,-0.31304000000000000000
df_70_90,0x6f05c7bc5ad978f8f9916f05d30a7f752e02b81508c56d82ed7c9245bca163b0,1,-0.52638608510638297872
df_70_90,0x6f062353f0d41ff7d4ceda7cf424c60eed845754b78c111317e72f917b3f1089,1,0.26750000000000000000
df_under70,0x6f3f77b596cd944508d10f02d8c71d8eb8503d59cd4c30392e96b071255765b8,1,-0.48954545454545454545
df_under70,0x6f997d046c23a16be6f8f02da6089ab462c176108f361b10297d41c500dc6b3f,1,-0.46000000000000000000
df_70_90,0x6fa2ac0a313c1ea67987ed91b38e040fd5e925b60285fd3cbac434fcaa92d702,1,-0.29000000000000000000
df_90plus,0x6fcd127dbe2c45255d6b201b1b250c69dbf940de0fe80b4e40e23822c963443d,1,0.13727272727272727273
df_under70,0x6ff39585b998ab23e4af6df502eed80dc8e07509a9f0ff641208792b730ae48b,1,-0.39500000000000000000
df_under70,0x6ff94500c79343c2144d0c85122c9723a597cb3888be67223585f964317ae2c1,1,-0.41625285714285714286
df_90plus,0x7005e0f5be980acd865871978b02498d739fbb89ddb2f0a66838982a0a22379d,1,0.10000000000000000000
df_under70,0x700a372481cccd80a1f8b8a1eaef6f6e3e03ff39c8194520f4386c8a195ea1ba,1,-0.35200000000000000000
df_under70,0x70163c26493bede705f826c22b2568624e797315e2cbb1e9c0df8a309bf3c42b,1,-0.47458175000000000000
df_90plus,0x703ac6a57d3ce5186986b3fd2f770a3798a8238449c7a4414e7950f354519fbe,1,0.03534450000000000000
df_70_90,0x7061e7ce4d7744677b6c3a7d1db0f82eb90c342104167386619d75777a6083c1,1,-0.63157894736842105263
df_90plus,0x7064b4bf253860b051624b34e4b58db0a05e63b08248c7f337407ea1ddcf58ae,1,0.56333333333333333333
df_90plus,0x7077f3c10a622e5993a68ead8020db179185979df7b58b143f6e70cb9b791537,1,-0.49777777777777777778
df_70_90,0x7096e37f05c2caf5f79251a08b819e1f126ba58835147535ff22a55b1a80a6eb,1,0.60333333333333333333
df_70_90,0x70a95f86ff0198c0f77792c228d1b8a45bad497107a4dbdfb9ffbe3c9c640755,1,0.52000000000000000000
df_90plus,0x70de9477cf371879e4f7792efa3ca1b651978051da5b595eaf28c799043fe6c1,1,-0.66000000000000000000
df_70_90,0x70f345f465bb50e849126c06db2e5cfe5a175de4842e6a5126e828020758f872,1,-0.41500000000000000000
df_under70,0x7122b57616861c549463d47ea07d747118450bcff2c3aa4deaeaf7703c8f01e9,1,0.54526640000000000000
df_90plus,0x715c1e51ec62ed31210e5409cc2c57eafbbf9126fd6b94457a882617d69b675f,1,0.06500000000000000000
df_under70,0x7164003effdfef62c5ac5b660c40630ecde0890e3c328ef8510f037831c59c0c,1,0.63500000000000000000
df_70_90,0x7180c163f26020820fcbc6813fa8617fb22e24bd44682d361fee0a1bee25ce34,1,-0.48000000000000000000
df_70_90,0x71b9be2e4558d3581e1023a0e0568a7a49fcca8c7f1ba1d1ca73fa1deb05e76f,1,0.64428571428571428571
df_90plus,0x71cf19220d20cbad74d50c08f51995fc8aa7f93455878bffbbec739d1d63cee6,1,0.39502133333333333333
df_under70,0x71d026e2e338042c3cc06ce61f59c40adededa6d58c63a4e0496c2cffb304388,1,0.48000000000000000000
df_90plus,0x71e1fd51618a9c298e578d2a60d571a74ca5bd9056d483f0569f9e4ef7e22db1,1,0.14000000000000000000
df_under70,0x7233f31dfcc83de059ae82aa6746ed28c1c89b8723ad51d420f8478eeb48d5ed,1,0.58500000000000000000
df_90plus,0x72623f2d6f9658617d7df011e52ff8def77a62d90e7c411bc2204cdeb41d7705,1,0.42000000000000000000
df_under70,0x727b8c788239944b9b46d7e4bb2e93358da89c03903331aeb90d88f0c8ca2619,1,0.54250000000000000000
df_90plus,0x728a0ab43935f4ed75bf0886e826e93b5b8c4a491657534a31f33991c0b62a59,1,0.04781360000000000000
df_90plus,0x72c1f535498017d725976369659994f1d6a79b805523c56d88d3d2eb177dda95,1,0.15500000000000000000
df_90plus,0x72c8eba84d41cc7baf84204dc69a7ea3be45021e96b7a6a1195c437cfa41e142,1,-0.49500000000000000000
df_90plus,0x7324ddd79f1525ecc5c758781329b3cfb7cc30e00061de6a9a89e81bd3a93ccf,1,0.30407200000000000000
df_70_90,0x734373e272d3dfb3a121b1144073fbe369494f221d8800095f0bf51412e2ffd0,1,-0.54000000000000000000
df_70_90,0x739ae7457696da4132d04787b96848f38a0d71c0f48347ee69ac55f7e75dad9f,1,-0.44535737500000000000
df_90plus,0x73a0cb13e0634bd434ad09e20c1fef7326278d1bd9dba8a540bf0d7114e8b91d,1,-0.61600000000000000000
df_90plus,0x73b3d2eee243a7f5438e12b72e2f33da013b0f3963302ee62bbc9198df121515,1,0.11944444444444444444
df_under70,0x73cdf481e0d213e3ad3b2c096ad9dfea604b6587900419d0a214aac966c68988,1,-0.60538461538461538462
df_under70,0x73df1750c304a75a535107d76be71075fdf1ed63d3aa332e26259a6d4f421e19,1,-0.46664966666666666667
df_under70,0x7406301abe38410ff67b284735988a34c8f7648c684b2ae227184322c8f4e324,1,0.52000000000000000000
df_70_90,0x742e9aeb382e7b5beb165993a5aea04165ed99e7cfbd3b7c26873bf7812e92e5,1,-0.54666666666666666667
df_90plus,0x743dd58b90eedc8cda136a843f5bfcc3b46c5142333dcdc7e0d4b00d3ab21e89,1,-0.63000000000000000000
df_70_90,0x744df2cb98d5dd869623f254c6bdfb167c9caf1e5dd16732106cb61b2d4bc577,1,0.34625000000000000000
df_90plus,0x7459ceb3931cb0b88cfc3bdeb0f2d11a0fb82b879b1c701a5ef195cb628eec56,1,-0.43537100000000000000
df_under70,0x745b6bec8c5826adde0468de9a78d9a59f83886e34900ec9ee6a01382e3af9ec,1,0.35750000000000000000
df_under70,0x746952c6890a9281b34f30d6e3c40221b7074a2fac27cdedc6cb8992a73c0ea8,1,-0.48454433333333333333
df_70_90,0x7492c53d3c56fec34b2c1311a9190f35378d8ab2b7eb39fde966c9a7edfb2078,1,0.36700000000000000000
df_90plus,0x74a8c4daafb40392c2eae20e2fa42a2c0b58e43b3ac475d69011b57db78a37ad,1,0.40000000000000000000
df_70_90,0x74ab826996f3c909455311ee5c4fee7faa696988b2c51a4d1d09f81e367ead19,1,-0.47214285714285714286
df_under70,0x74b37c0885028f4c6dafa7afea9ba46cc4fa18a0156e615c2292d36210134043,1,-0.49000000000000000000
df_70_90,0x750f495779adfc70a508af943bedb6e4759c9daaf067fd794f053d7e4505c717,1,-0.42063837500000000000
df_70_90,0x7526f46b98feedea0c2497666aead4cb6b9a2949384f8e3e451c0e9f0f57468c,1,0.65890750000000000000
df_under70,0x754fe74ebdc926d3ac7cf0a969ead6499449c35aa6a6a9a980c5b440bcbb9dd1,1,0.51000000000000000000
df_70_90,0x75632c047c314459500d1efb10e00ede9926af2143d165112d92a0ee9dad3dc0,1,0.39857142857142857143
df_70_90,0x75c001657761d5dce1e0a81705a7381b247c31aa2b0d8e9c64de314da5968952,1,-0.49460638461538461538
df_under70,0x75d91cd268cec8d688b8a7e543b149700bf45d9f62e9fffa479b18f19a60a63e,1,-0.36785714285714285714
df_70_90,0x76681ef64f64af6d2005096c23d73a4e67a01f36aae3ad327857a7bc49cfaed5,1,0.49333333333333333333
df_under70,0x76bb05cfbf31eb30dcc20b5ee6aef61f472a774d4a11818a82fc89e9ef2a691f,1,-0.49800000000000000000
df_90plus,0x76daa37c1941c4bd4c5906e3471f879f662bf5da5f40a29ee0bb33322b9a2dcc,1,-0.56666666666666666667
df_90plus,0x76ddb1214cec71e2c162aa9823405bd778d4d62f6e493e3f532c09da3c3bac0a,1,0.44500000000000000000
df_90plus,0x7724fa4cb641a4cbfe3a518eafcab942f7d5db9f820de607a7d2e7ee13eac2ac,1,0.31000000000000000000
df_90plus,0x779638e78cb31dcca8940a97431e8ae5af37436b3c3cee0a722fb3c833b0c5a3,1,-0.49500000000000000000
df_90plus,0x77b3df499be4b5cc27c6bbe022760926b10f4515e62682bb346ea3b9b05587e8,1,-0.62500000000000000000
df_90plus,0x77cc5880f49f1541e230506330a7410266916b2c461f4808f44d5b8d962c84e1,1,-0.48234675000000000000
df_under70,0x77f5e0337a602ae5f81f9f5afc97752cc0f88b06e252e0981ee4b4b9f0362fe8,1,-0.65333333333333333333
df_70_90,0x7806f3a191784bfedb4bb3d99db890d05a834e413a50ecbf6893f7926089e45b,1,0.24250000000000000000
df_90plus,0x7815af57ea657fd0442932a788988b7f6c219a46903e4bce678981b801daf8a4,1,0.10500000000000000000
df_90plus,0x7818d9d6b2c434969839f6fd3b8808d673c84d9efedd2b09b2e4d1c3fea3973e,1,0.35334600000000000000
df_70_90,0x782564f9eab808b967f6b83c83166fb040064acd20a8c9059a4ee423abcd0005,1,-0.52440783333333333333
df_under70,0x782d19c493717c65f6099a403fbb9ddb86c217a0c979af3b48c7652f8b5d5321,1,-0.58000000000000000000
df_90plus,0x788854b73c372dfb5cad306a8ef0cfb027023946531f0c2d9b23b2de4a560687,1,0.27500000000000000000
df_90plus,0x78aeffff83031b4880183033b44fc7d554c20425f61a54d8e5f5778d9deb5338,1,0.10000000000000000000
df_70_90,0x78b3c3b1f0ddbfc85416b79412647dc806e7ec8a46376f554a254562103edacd,1,-0.53675060000000000000
df_90plus,0x78bdd0292451fd2041616eb96114f931c661f262a51c3c1306913b7d33ca6e1f,1,0.39000000000000000000
df_70_90,0x78daf138ea2324c6a8e0599d55f929be080b60557a2028c3f5083f46583f6e56,1,0.47000000000000000000
df_70_90,0x7935ae0f04779cd0ac560edd3db34a7fee2185fe01b4fbfee81574cc31f600ff,1,0.44657068750000000000
df_under70,0x793636815c316b4ae7cc589827428ddfadd85bd969467bf40b63a96d58d271c6,1,0.53800000000000000000
df_70_90,0x7959beb1fe023421f7fef423bd5a5de655804123c54214a8027f29cee3732f25,1,0.36298650000000000000
df_90plus,0x7a165a01426747174f2ab1daacdf1d2e143a82e8cbab08fc26cc9b60af19d5a2,1,-0.44000000000000000000
df_70_90,0x7a47d9cb33434788761e0b84bbad0fc78bf63602abd5f25f08397a56700b3c26,1,-0.53710800000000000000
df_90plus,0x7a57248cb65eb38d83bbace034f756504c93053577792001b09ce4de4ceee6ac,1,0.13500000000000000000
df_90plus,0x7a582647d279d70223a8cfce98451ef6ecbe2e574f24b7dda17be7f65b387c20,1,0.15109934146341463415
df_under70,0x7aa10dc64e62564b4d75c8d3b8f9b0051a42c6ca7dbf8fdcc6110637e4ebacf9,1,0.63200000000000000000
df_90plus,0x7b043e790b732a274893af20a3d8b3515a1862a7cbcd12cfc0e63aa55d031205,1,-0.90412585714285714286
df_90plus,0x7b456d32d21f1b6f035e466a1f4af0ea09861b4f648d52afcaccf100f957988d,1,0.36003300000000000000
df_under70,0x7b4a889b320b2cf96c3bf0435ca09f46e4b3a41cf752cfe359550a92c2279229,1,0.40000000000000000000
df_90plus,0x7b6b58d6916bbd3d5b59c769a80d2a1e9fafe09d52d3821618cab1c5e9a96789,1,0.35000000000000000000
df_90plus,0x7b830121eb0c58c5f4161ecd626af187d199ba1ed7a705a696ebf93e84a1423f,1,-0.51197368421052631579
df_under70,0x7b9b922f50d8c4437018ae7e90da1c787feff07b609d7ce0999be0656c0cdc5b,1,-0.51428800000000000000
df_under70,0x7bb43214df4e9c1466258fff8108dc4cfb440e7088204d4475c71b8d0ee9e394,1,0.48000000000000000000
df_90plus,0x7bc2b2373ea7b98442eb76db74e6d4336591ec5206f10e8bd1acd1d7d3c759e4,1,0.03354050000000000000
df_70_90,0x7bed81b0bd1cbe7cae0ad49fcf2d9e068d1ea2da49a36e638712daa55712a184,1,-0.47114942528735632184
df_under70,0x7c0662e6e0d91b2de6c33a5757db4a093f399e32205b48d9a73ad9dcf5cf4b71,1,0.24500000000000000000
df_under70,0x7c200c3facd45c4307c4d52d47a7d0d86fe219ff25eba92ff88a674d974c4ec3,1,0.25333333333333333333
df_90plus,0x7c6cd7a3bc858e069d886098c7909b2c733a7f8f586f72a012eb56f7a6686fcb,1,0.56166666666666666667
df_70_90,0x7c7314adb56bf8525f8e3f17fa0b5fec6cc6eede73ce3385eaae85b6a4cc3d5a,1,-0.71500000000000000000
df_70_90,0x7c771ad45b25b73f1670d6f176e66f6eb4bad3fdf56b43f7a32eda4bdaf6d6cf,1,-0.50000000000000000000
df_90plus,0x7c83e1f889ddaf02b9e41091d1902f20a5f1f93cac9e04ad8f8451a889278aa3,1,-0.42000000000000000000
df_70_90,0x7ca0523e63ee3ed1cfe404ea5526d3768842a646312264fc50b438932ee4c0b1,1,0.49251675000000000000
df_under70,0x7d531b7f4710a8f00562455db5d409e269564a1415b5da352ba3f3daf33ee98e,1,0.52139808000000000000
df_90plus,0x7d73962569ca46ead8c516eebc1c5fbf201aa048319d0b70cfa51a82f7a37849,1,0.30500000000000000000
df_90plus,0x7d8526b35a02aaad53aa897523a736f8921c97a96fa90e541f8098db7cca2ea3,1,-0.53000000000000000000
df_under70,0x7db97866f97c987ad688be20ad35e367725d3029ed971af8100c7de39cf7142b,1,0.45666666666666666667
df_under70,0x7e88d2cc7e7afe872aabba5f7ad58ea3626a283ef118be0aee8cf129d887c311,1,-0.45500000000000000000
df_under70,0x7e88fd883e66a95417ac88e33876c14479a06e7aaae4c23494233622e2ee0467,1,0.28857142857142857143
df_under70,0x7e9a11b6eb4cbeb32961b04853e7cfed65c05cedd38d9a04df51b46592a0a6e5,1,0.67000000000000000000
df_under70,0x7ebb07134794576c154f06fbaa1cc61a5292d58e280ce98207977771c0326c27,1,0.39047619047619047619
df_under70,0x7ebf0e6d02b9f101c2e357ee8202bb9c892e82685070d24e1cb591551c5938da,1,0.36500000000000000000
df_90plus,0x7f05f24b33ad6ff5559a32c346e1e38029fa3b79dd8508aaf2be8f26bf4cf7f7,1,-0.75071300000000000000
df_70_90,0x7f631610811039f03e85106365e1ef4a34dc6bf8329acb700734a7d859dcc5a2,1,0.48889904347826086957
df_90plus,0x7fef847f33db2ddfc92b90bf494f36917b7af3e583d2185a9ddca561a146b4e1,1,0.33000000000000000000
df_90plus,0x7ff3ed46b924fc4516f3dd1e918df843c45163e8a064ac023b2c2163f3d16123,1,0.24508900000000000000
df_70_90,0x801789fd001f72517a0ae1be88b015b239b2ba5846ce73e5d11426d4e17d0514,1,0.46044776119402985075
df_90plus,0x801a0f8f4c1efb838604ea856489b3245c1b425a7f558b8fe6a375122a7a9049,1,-0.47833400000000000000
df_under70,0x802adc7238db42d431521f625b2a367954d04ebf8836109257dd4a3b961c6108,1,-0.53703703703703703704
df_70_90,0x807a61b7d11e380b0d5dc18a85e32321174988cfc8b8fe5420bed654efc87adb,1,0.25504450000000000000
df_90plus,0x80a3bce767b871e3e9fc7d088f671cf8977818231c22bebecb82da08c5da045d,1,-0.56250000000000000000
df_90plus,0x810819e78c2fc0eefbf356e9dcf264903746a76fde18f83cc34f079a6024b7fa,1,-0.55499800000000000000
df_under70,0x8148ac62977e95dd3cb5d2cda5dd0b1071721f3ffb101941b3499fa4e074fae2,1,0.13200000000000000000
df_under70,0x814c3d019b69f63ba12cbadf612ff5f215a5da34b84a010c484eb80233795f59,1,-0.53666666666666666667
df_70_90,0x8151448835d86bd930bfe4ccae07ca8cf54b1b1e0b943707a74c03337820d932,1,-0.58500000000000000000
df_70_90,0x816e42b7b73201b74beb77d1065f7b6cc6979d54216e21ae0670b7a43da9ef24,1,0.79500000000000000000
df_70_90,0x81a9bf420ad3960903ebba6bc8b4cbf5275c96b83063452e233a7ee618f6e948,1,0.55021560000000000000
df_90plus,0x81bcb06611bc29d8fa5987ac0e606fb6103190db7d411cbbd449e8cb95d72748,1,-0.46000000000000000000
df_under70,0x81cef42df3d25aecf0bf7e96c344202e86f447f2f3ba2e4b8eb59f4680efeb22,1,-0.72508684615384615385
df_under70,0x81d3c86751ca93f01717914355372e3e0198d90d5fd9e3b8533efa272d25c369,1,0.22000000000000000000
df_under70,0x82179a07a8cd8bcffc30a05138c847d932df1d821f637100a1de5e9bb2f892f7,1,-0.55850000000000000000
df_90plus,0x821b530445694142d4b28874d58ffe841cad17a1106b7c0cff715bd7a165d7df,1,0.40663241666666666667
df_90plus,0x823b02713ae3ebece7b6570713ef1e4960b7acb442a497f0c39f8b5b48e40913,1,-0.59000000000000000000
df_90plus,0x82432810ecd0ab27644c38e90fcf406fa06798b286d889bf27406b6a22648520,1,0.24333333333333333333
df_70_90,0x8249e710309a8b921adfd8cc48e4358ffcce41a9c6cb6260f316c76df4ec8b00,1,-0.49000000000000000000
df_under70,0x825bc4151fd9c139c4f0400c1a6f5d60cf67b2d04f12d69fd9fb5de67b13e4bc,1,0.52725731034482758621
df_90plus,0x826887e3ac134321e8137d47870b4efa84d0263b0864f21feb227c8e024d759e,1,-0.88333333333333333333
df_under70,0x82840122ea40e8f3d204e15a97354fabff57520668762f48a13ec5cf57a86e2e,1,0.43758800000000000000
df_90plus,0x828925a141e34474877403fcbd246d57114f7a256b8c01531eb3a4bcd594456a,1,0.14000000000000000000
df_90plus,0x82ab6bbfc4d984edd4234f0527b91e75ec6bc8f640a93a803b7d55205064712b,1,0.26666666666666666667
df_under70,0x8301c0025a6ee9b4f65b538205f71f0f3078c7f2d6fad769c9c516dfdb99a953,1,0.55000000000000000000
df_90plus,0x83175ebfdbce08270cc11b4f741f364f158ba707af2d1d46ed44657f0e60befd,1,-0.65500000000000000000
df_90plus,0x837b796bb05855b5c76229f0e1ad786d8228ec8baed86f9bf8757bc5b4e5bba0,1,0.50500000000000000000
df_90plus,0x8410172244cf57dda82cd2c53eb490b4e10ab351962df0aa21a5e4804e99e29b,1,0.17000000000000000000
df_90plus,0x84136fa9f75b5a971591564046af0ffd0f741ac1d89e6988be487b61282f6ca6,1,0.04000000000000000000
df_70_90,0x84466f679694048db91acf068a3c1757aa5c5e44e4409e97b32ee214f2a8940b,1,0.26846153846153846154
df_70_90,0x845d6997f4b60fbcf81e8cac4510bb18988efe56e0318d77e476124c9ce80ce8,1,0.20333333333333333333
df_70_90,0x84a221a1818f255df6dee1848285e45ec6c1a91a14f827c5bea5d432cdcd4848,1,0.45212020000000000000
df_90plus,0x84ceac327b0b2a76ced4315420c9f1ad695512b456c6ee565f134fc82384ffc3,1,0.32285366666666666667
df_90plus,0x84da455c07eecc23e4ddc5af482b492c6be7964f14dae35c7975a88d90be8c87,1,-0.68356177777777777778
df_under70,0x84e4c217668e74c93ae176f96922e9e20f0ce05a54e98f7953a4aea9e1fb9699,1,-0.47000000000000000000
df_70_90,0x84f1c423c758b166d791ed5ab0514c783a7eadadc15aa0600305dfab01e2e25f,1,0.52178866666666666667
df_under70,0x84fbb724c0465bf76f6302fa7189a8dd67264d39c59fba5fd341968de1178f9c,1,0.54977953846153846154
df_90plus,0x850552f50936ab5538988b385803dbe3f8ed3d266b836fc588e618f2df40189d,1,0.24500000000000000000
df_90plus,0x855e2bb5efff1550592bb499915ddc6691700449d8c5273e897c8e314e1c72cc,1,0.19333333333333333333
df_90plus,0x8586f76f1f694c182c7e794570d70c1a470b9b9c7a606b3506af53cfc2d59ee8,1,-0.54500000000000000000
df_90plus,0x85959f9f1d190d2ca5545ed29ce442ea6a32895ac74f5bd4a72357a77b6bf4d4,1,0.06000000000000000000
df_90plus,0x85a4b7ed34ee0b08a0a6dba1bde7f0c33570f5d3854ef8aadef39892e7f23cd1,1,0.33200000000000000000
df_under70,0x85afab9788db5749a1da9dc68735419bb59c4f102e8f63acaa33656cc0ad76fd,1,0.49000000000000000000
df_70_90,0x85dff838897a01d538527ceda8a6965ec9bafea2aa0d6e9610846fa83a34d128,1,-0.65106900000000000000
df_70_90,0x85e2ee437bdbcf5c96bde3f47bf2d9fdf51b9d0b89522004163e0c8e73005286,1,-0.25926500000000000000
df_70_90,0x860c114441e358ef191f1cd7464a307878224837cd1eb01ced7cd2571f14fad2,1,-0.40000000000000000000
df_90plus,0x86160e86690150e60f37bb1fdd7e3b5902b4927b87c4d9c321ed8043d9afcd7c,1,0.13000000000000000000
df_90plus,0x86360e1e0c007fee1607ea239b16952ab6f12d9fd6a25229cdd7e3be400e2c90,1,0.23142857142857142857
df_90plus,0x864c6fe35c3a04de6a1743c9acd0b233beaab05a69de32ef4f1b9a5223ccd818,1,0.53000000000000000000
df_under70,0x864d4155b62431499f469772de81ea9b7daa1c87b78047e4aa9cc2fbcd222640,1,0.46888888888888888889
df_under70,0x865fbcaaeeb4345ba59003bc284bc92e14c19902a46efe5567cf80b8f8f92195,1,0.32076923076923076923
df_70_90,0x867d356663531b8c39ac4452bf981e3a8dc933d16a5d96006b7a02817220cb79,1,0.43750000000000000000
df_70_90,0x86ce5cfdcaf28e222b5bb633155de06bc2167331a58795d1588bf1d4d526d241,1,0.14061866666666666667
df_70_90,0x86f102a31cf4b12dbcf31ae8c62c526c0b538d5b7eb1af5947d0b0378522f926,1,0.23687500000000000000
df_70_90,0x86fc22f4d262b93a4ea5f28a6c750cde3130dd86f2662fb6641c06b2861eab47,1,0.17714285714285714286
df_under70,0x86fc2f4dc631cc096262b8ae9873d993318703ac3cb307f53b05a311e3e90ed7,1,-0.68285714285714285714
df_90plus,0x87030106adba59ce8ef007955073623da31f15fdf4655b96cf033fb9e57df694,1,0.26600000000000000000
df_70_90,0x870bb248c96c52dcf35390a66542471c5bba2896942d6bc97ade41a418646ba8,1,0.37222222222222222222
df_90plus,0x8726b035e9be6ee8a2820f187fcd1a0020d1b2073dae4e3976aed1e598b1f48c,1,0.20666666666666666667
df_90plus,0x87348688ee0df7a6842ed6c0c4503836922e16db1741600ec540ae6e7f206bdc,1,0.41107438095238095238
df_70_90,0x8765cc2b3c75089a9c5de8d12d52274857a2e573a9726bc023faa2a046340fac,1,-0.76000000000000000000
df_under70,0x8782c72dfd38ee4907d42e5589d42ff900f1fb08767498ad439436c6c165ae7a,1,-0.65000000000000000000
df_under70,0x87c9134e18d318a68a48326b8d7492efd08efc2324e5b4414f6bfa512b88b115,1,0.44896600000000000000
df_under70,0x87d01f6df1ace6b16fc6a77c72eea3393909a43c089355bd87436b3e7e497612,1,-0.50000000000000000000
df_90plus,0x881a8f56f7fd207f0df92688beb7f83890daa1b56a0065f5a9137ea5bc7d09bb,1,0.31444200000000000000
df_90plus,0x882f0d33b6fff38f764d031355b1cdb4068683dc4e4a26cd91274fee77dd7065,1,-0.61500000000000000000
df_under70,0x8860b62c353ebb9313bfbe2f82d06f33dcb4579bd437dcb7af8f9107244b311d,1,-0.55490600000000000000
df_90plus,0x886ab0341311c663a71823d2170aa848bd8a10f77c32b65daacb8a7edb1e97af,1,-0.41000000000000000000
df_90plus,0x887c641092cf6d1b51f0a482b215f665e6e3e715617efcda23fcbfbcfcd0b766,1,-0.56000000000000000000
df_90plus,0x887f26cf6ab07f7aebdf203280c1f1cddbe1cd494f420316b94a2647238f48d1,1,0.04692307692307692308
df_under70,0x889e0fa1c435f52ba8534423449865e6f18fd11fc13b473988b88a60d81a9ea0,1,0.70500000000000000000
df_90plus,0x88af4761575573a2160112379f717b7d2c2dd561a4cd1a0d694f3d6fe396bcb9,1,-0.60500000000000000000
df_90plus,0x88e08e08821f020a5b1db64dfeca60cf8b09168e6bead377cfa6aa8018b401c5,1,-0.84000000000000000000
df_70_90,0x8905c060c162a649362b3b57f131327066c635664fe824b7a416284175b4ed4f,1,0.75791150000000000000
df_90plus,0x8938048ba1a211e9c7abe052dc86f59e6fdcc1ddcb004cf11df28a303813df9d,1,-0.52000000000000000000
df_under70,0x89492569601c88beb1c76187f27b306f4a67a8f430c3aac5cb2ad5c13128c230,1,0.41000000000000000000
df_under70,0x8971d6d3b52a5afd048fc453ab752b93d907f460951147842b5372ce37287e4d,1,0.46511900000000000000
df_70_90,0x897472e107b886597e0bf7532e6ef391ef8940cf557b7677f77d22ab72c028f8,1,0.61000000000000000000
df_90plus,0x89ae4bd727cfb265d512f605df0827d6f1d9dc263e2ea669e93063365977ef67,1,-0.43000000000000000000
df_90plus,0x89bcb9962bde4aa6bb95486aa06ee82f8144fb802d36c9e705e6fa007ff2a787,1,0.07000000000000000000
df_90plus,0x89d881bef3494d021e687cb1d21afdf34b935ae320be8656fa779bc11ec43cc4,1,-0.56000000000000000000
df_90plus,0x89f3660355b18cdd0684d129970fbcafbe253427af12a76cd806bc684f240f6a,1,0.17833333333333333333
df_under70,0x8a045ab5bd960b812f7a8efc15ae54d37502ceefe577cdc4b3f72687c839b82e,1,-0.45000000000000000000
df_90plus,0x8a17e1a9a29061744eba8f5c330a766bd97117e1e740731e4de4bf4559d58a96,1,-0.66333333333333333333
df_under70,0x8a3c443a5e3096f795501f61233b0fd132dc9c4e6de574ff8ef33ad7916990b5,1,-0.78000000000000000000
df_70_90,0x8a3ca97b10cab04b078e5a8ff0f88c3d406c9468d766f194e3e062aa72a9b539,1,0.24937500000000000000
df_70_90,0x8a9a994f26fe406565832cba71c31dae557c358245fb8bb3c4d22353c2fb96cc,1,-0.44795633333333333333
df_under70,0x8ab8461b23e508d2469fb8c56919e6f26845ddc9082c2cad904f10a1df441cc1,1,-0.22395066666666666667
df_90plus,0x8b10bf2ecb04c704ef0ade790087c530a85254d9fbdb70012310c828129cbd96,1,0.15464960000000000000
df_under70,0x8b20d46ff222ed9ebeb8e79af2a48a2135a59c0b266852a0aa00f7c5d05bae00,1,-0.48490900000000000000
df_70_90,0x8b331ce08b5b76cf7e680b0fa177d306c6c421cf214b8df230c34392e988c952,1,0.08197700000000000000
df_90plus,0x8b5120790c8f89cfd7a6666fb413990f9ef740d2b0826b2690dbc5fd6788f5c4,1,-0.46000000000000000000
df_70_90,0x8b55c97e867bbad8c5f1b1976766f6b9d8e88fe5a92b4cad679d78018c26e928,1,-0.48666666666666666667
df_70_90,0x8b9176d24ac65c3ec55f5113c290b7ce97dc026dc506db9f1444879ffcdadd6d,1,-0.69226944444444444444
df_under70,0x8c143ae299d75c4f3c75fe154f22b722fa6cdfbd9df0551add8d28767f4fba77,1,0.54500000000000000000
df_90plus,0x8c65738021aa8195009b33a4e375f83e4cb49eafd0c75ba7b44d08510036b9ae,1,-0.78125000000000000000
df_90plus,0x8c6d26f9f43b2afd5760fae140eecac91f2c1ad9f74ca152b6196000bbe031c6,1,0.06250000000000000000
df_90plus,0x8c700112c536c54f2630f7ef6c2af7fda72c122fc7d26aa446f9d5f3ac156b10,1,-0.69225900000000000000
df_90plus,0x8ca4a2f4577b40af153f7a744a985a09854504c6717ecde8b85856b5015a392e,1,-0.72465650000000000000
df_90plus,0x8ca66a3012273cbadf1339f2b3c53cbeaf977d61a2f3f97495fd056afc0691f8,1,0.16611982608695652174
df_90plus,0x8cd985e7c4e627fe98d14531586c26f992f96475963e72a294b1e06de1429058,1,0.20142857142857142857
df_90plus,0x8cf9e4310640adb5fc2e6d89042314d054639ad00e9d2b680195c8b753d744bd,1,0.58500000000000000000
df_90plus,0x8d3e340f1c59efd56416643ea52c63980f9197d314c482f28a42dd9bb4a55443,1,0.29293550000000000000
df_70_90,0x8d48a2cf0249e72082dd8b779256db37a9165eeccbb2fce5ac480afa2b3d4efc,1,0.50000000000000000000
df_under70,0x8d5d4faa2969011cb31fc7a6b6ae1383c69f973abbd95b84cab67b55d6e0aae4,1,-0.48250000000000000000
df_90plus,0x8d65471084efc1270308b40d0bc1f83ca3789ef264daba5dc7c024ee394c6773,1,-0.71000000000000000000
df_under70,0x8da627b7c1eaba23664611ad9a3f777b0412d837ebfdf93b7cd91375df2d83cd,1,0.46001100000000000000
df_70_90,0x8dc0f659a1ec0e46ce14f371bc50584e69033d06cd15de5d51ed6083c4c40d56,1,0.34200560000000000000
df_70_90,0x8df7a564513f3ed13f9f33efdb64b79c34c4a5aab4814916e4f599a4c31e43f2,1,-0.50953450000000000000
df_under70,0x8e219fb5970e12d4cdabfd87bc5a127a20e9569d2241e0d3eab60af5fd4805f3,1,-0.52000000000000000000
df_under70,0x8e648799802e82df4e6d5b63385622fb7ac6e7f1bd5d5f2e3944f8f09c3b6eda,1,0.16600000000000000000
df_70_90,0x8eb933271beaafebafc8f7615e69e6a20bdd61ef25f99f78f1e21486340f6570,1,0.24434782608695652174
df_under70,0x8ec11c542abad626523247adb33c9a26eb8cf174896cef44f1df9e128e99a5d7,1,-0.56250000000000000000
df_under70,0x8ec1344d38fb55aa4adf043a3d81899bda2762b89bebec5769a81a50c3b9c25f,1,0.41034482758620689655
df_under70,0x8ec18580b64a06864f892eb5c597f83deb05e29684c475f118e55d137fb5e000,1,-0.42130434782608695652
df_90plus,0x8ed465b028b57f81c9b43c9b2052f3f375642f932a5a38b4bd54fe89a0c707ea,1,0.31361866666666666667
df_under70,0x8ee99ee9a4b5e2c9ef24d5eadd17890a8961f1bfd9a3f3f321d40cf0f617efc6,1,-0.55500000000000000000
df_under70,0x8f0238f109028445232328dce2ff342cb92207a4e9e0e0dda195f1644655b2ab,1,0.26296309090909090909
df_90plus,0x8f172fca6b16f787f6a859ef9bc918dcf80eee45cb55baf434e67f7588d77bdf,1,0.17000000000000000000
df_70_90,0x8f5caf5cc8ea15482a34640c5dc803a3f3e31a3ab9062bc1ca90dbe3cf225c50,1,-0.23961700000000000000
df_under70,0x8f74c2e5b0c468a4dcfcb01248b48f5779470c9481de61dc2730ae67231bb571,1,-0.42535600000000000000
df_under70,0x8f92746709a4fc82f4d454e162046ac3590e3a5a7564540806a6c5f8a87e6738,1,-0.71933333333333333333
df_90plus,0x8f9acc102ec78d37dae2756f513f9ab9cca7518aaa1e6d283cec333d6812a363,1,-0.36736960000000000000
df_70_90,0x8ff3e26ce8b89ae6323241d1139b14712876d0194843f7ff96c63b963f05f50b,1,0.27679900000000000000
df_90plus,0x8ff5375fe98397d47a32ef5deb2f7eb1e7af1f8390e97bb95a4d2d0651495303,1,-0.65666666666666666667
df_under70,0x90166b30eaaf0a80d735741d7df781a9fda92ede1f57ec92d28f0e10c03449e5,1,0.55666666666666666667
df_90plus,0x9023eedb2645ee65bccb6aa93753b26b837e98ac64f065e1acdac188aff54b2b,1,-0.77600000000000000000
df_90plus,0x90387faad9abf6d8d1c8e38aeabf8bb0d9f0d604775487d98fc66f7cb3b40a00,1,0.07497100000000000000
df_90plus,0x905548eef567e68dd533b7304a79c681518603049f2d358a37f42fe66971f513,1,-0.38397660000000000000
df_70_90,0x906f33ed491b9afc879861077054f65f9b0dc3e7f2239856b854a1a261ff66e7,1,-0.47874433333333333333
df_90plus,0x9071667acecf09df549a77327ee534ef8f1125acdeb79a5d7385a7c98f05be1a,1,0.15675200000000000000
df_70_90,0x90b9d20ece132c342654f98e0826e972134b10f58d4789c2662bdc00eee44b13,1,0.17071428571428571429
df_70_90,0x90f9c8c24f8ba4a45a0adb05e9229f4d16fdeed262d076e59c67acadef2ec742,1,-0.46333333333333333333
df_70_90,0x914abe14ed078456f247cc648e2ae1e9579150d85ddab7670266fa8fcd350889,1,0.71656640000000000000
df_70_90,0x915c8ff5cc774e058416d26d65cee8a04858b0d22548f59b2dcb2766de5a8e50,1,0.23214285714285714286
df_under70,0x919e77feb14a8bf0a6f0f69d9c0dd79f9b165e4df48e45c37d64bd93249611c2,1,0.23000000000000000000
df_70_90,0x91bc2d5c57d20851caa4bbf821e9d7d3b488e041f21f00d256bc43caa9e1c4c9,1,0.43303030303030303030
df_under70,0x91d1a4dd4648f079aec8f2695164cd4fd0aa1db8e1ccc9b251578738e309df23,1,0.55020275000000000000
df_under70,0x91d4bfc779dfff0dea3a93bae4bfbc582d4e8f60517c03f32b33180e78f31ffe,1,0.40684210526315789474
df_90plus,0x91d4c6b34271cbb1eaf1e9b40c55f11410c6a8611122506b4c30e83b7ca1996d,1,0.57367033333333333333
df_90plus,0x924bc8071a68295bc16c28a987932d96fcb04ca8c79fe072b8efc820cbd281ba,1,0.09500000000000000000
df_90plus,0x92777779b1ed60e0e1d2b5f834a710788856e2960391ddc123aba4d84b4a0c5f,1,0.54346466666666666667
df_70_90,0x92bdf7efbb8cab957c0df41b474823618dc1e6f0ec0cc38ab20be4a033945b5f,1,0.46000000000000000000
df_90plus,0x92bfb95fc52fa725ae2bca303d75f3e5f9e2d33bafdbe8b5c10918df2f24c70d,1,0.03343200000000000000
df_90plus,0x92d09b7b7ea0b44a83b703af8c29a28d3069821a241ccd49ddf9617fe15ee8fe,1,0.27000000000000000000
df_90plus,0x92ff8c48c3a90b96197f8a8ab985408a3511c00b4b827f6c94f2d54bbc423163,1,0.40343100000000000000
df_90plus,0x9391a87ef28e3b3a2fee1fe79e57afbac0f1e9fa58d9966bd5aa679a0194035a,1,-0.55524580000000000000
df_under70,0x939693c8859f2684a8be14724282117fbf438701de890f47bc85ce8b42c11076,1,0.35000000000000000000
df_90plus,0x93ef6ecab1a8c9c50d084547f1648bec4de13ea1dd795ee95128320d457b73d3,1,0.41500000000000000000
df_90plus,0x941429e69aba45da9d769432de076ca96aaa284b94cab24cbf832651ed01c50d,1,0.28952850000000000000
df_90plus,0x942ec9fe68f733c196433b9ba146ff4d6629610c83324c91395e078b8b21e127,1,0.07416666666666666667
df_70_90,0x9476673098b7c180d010e84090d5bd0ceffea3a1053b907db4da5a637502ee86,1,0.26285714285714285714
df_under70,0x94a50383c5e07b5fe2b8df3c1a47471225edfd73637f37922bb010da54b54769,1,0.52000000000000000000
df_70_90,0x94c77089d52470ef1d014e2c2ca3c1b9add6a08b42514edbe16c14cda99fb0ac,1,-0.47030133333333333333
df_70_90,0x94dd33f550b7d179672224b2750b5d15716484acdf7b2eec1559d22dc58947c2,1,-0.78191800000000000000
df_90plus,0x94ef7c9052a3d71f05fbd0e0916d45201bb07cf95951bff83bc3187a14f08fd8,1,-0.53995125000000000000
df_90plus,0x94fa4a58ff0c26c6d015101a131f958642013e60709ecb324e11c570121056af,1,0.48500000000000000000
df_70_90,0x94fc825eee8ed2a26395002ba75637bad72042d43b8fa2ee6aa8447b4f8d82da,1,-0.53000000000000000000
df_90plus,0x9512efee246b1d7b1e6299ba9f946cb96483d5399466fc05ac02ff3d7ccf701e,1,0.60657700000000000000
df_90plus,0x9530048cc1ed8802cc38a04c37ebc87e33a086f1b291d7d11498cef77e38f99b,1,0.31808033333333333333
df_under70,0x95417e73958d52ff217929ecbd4a55d518254f1f463e0a4c9cfa95c2ecbd57a1,1,0.51233333333333333333
df_90plus,0x95549cacb5b40e77e08a8c6d9926dd9c858fbeccdecd699c65b1f809976ad838,1,0.51000000000000000000
df_90plus,0x95650a5f6ad0f0b8c216e5e7172699c1de6c3be25bcd626f87bdfbcda8f5b1e1,1,-0.53500000000000000000
df_under70,0x957b5b6df8c233f36c8f7cd53a449db23207507075fafaa7fc3e4ea8f7514864,1,0.44000000000000000000
df_90plus,0x9581ddc0227054c2d891ffc1bd5b3d0dcc5ab6833f512d9abd416af8e34b6e61,1,-0.58166666666666666667
df_70_90,0x959c79d9ff310b46dec3e402f4e71e80a23d8c7a5228c41946900eab085a0d85,1,0.27800000000000000000
df_90plus,0x95a5beea0030946971bd00ca2105a85733c705c2dfb11ae0db2d85e9ad9ecd1f,1,-0.73856233333333333333
df_70_90,0x95e8c492f878a1c6b04e47caceee107037a26e4a8b040041b28a3be8eb0f6942,1,0.29600000000000000000
df_70_90,0x95f726bbb693b945f94473908298b2389989550b08a7bfd90f97ce7ba62cb719,1,-0.57058393103448275862
df_under70,0x961a36eac5b80ae87695632db3e714fb6ef3e72307b58bd79d553854175f245a,1,0.39000000000000000000
df_under70,0x9623b379f3e25ffa6206f8bc7aedeecd67580944645151350e06cb3efd95c090,1,0.37750000000000000000
df_90plus,0x962b62543a305b883233862f94d490b7dafd7ad2f845c62b287bd37519782da6,1,0.15500000000000000000
df_90plus,0x962c33d297cb9720835b5e5579a3d9f8bb0e0c97429d59ee01c70bc073c18d7f,1,0.28900000000000000000
df_under70,0x964314cfa3bbe2b74e99f1973135a7678ba86ad048116b1a9846a9fa8cde646f,1,0.09333333333333333333
df_70_90,0x96774b432f1fac5ff2980a00b8b4aa21a1d2b131e48af38c08114b29d08984ab,1,0.37750000000000000000
df_90plus,0x9689c781c9967fde005c3887e111340df1e0870637a616e6dc50d170828ab3cb,1,0.47000000000000000000
df_under70,0x96a6c6a13291cc65ab14e43344eeeb32f84b7af70c533338e9dc5431e2fb03de,1,0.45250000000000000000
df_under70,0x96b01ad1652091c183549b076a76859c3012de63297dbcc165416ee1b5ddfa72,1,-0.17000000000000000000
df_70_90,0x96c8d405361d0286a7f96ef1d1dc77346059d8c8a769296d1afbb3f6fad835be,1,0.62512550000000000000
df_under70,0x96dd9f873ec920b870ef7eb94819220f287abedca0a7a203e735230f182a62a7,1,-0.46000000000000000000
df_90plus,0x96ebdf8f3f121af44fe463aeb9dbae93d2dbca3d354e1d09e0be42616db644d4,1,-0.56000000000000000000
df_under70,0x971eb98daab3a11a1dd3b76e14ae962f8e5980ec6a3d499529b5f19b75108d4a,1,0.08000000000000000000
df_under70,0x9765b4eeb598565dfa5231e4cb5c40339502a02ab598d83ef7f8dccbe28df4cc,1,0.41733275000000000000
df_90plus,0x97c1177092b8b0477c24e68aa8d08238baff215ca2771998fa0168baee1f7733,1,0.36500000000000000000
df_90plus,0x97d575b72f12355f393ac5dfd2258ba24c06fdbe5355451b8d59256dfc3748e6,1,0.27000000000000000000
df_under70,0x9814196ae917e1c962ce23612be50554586828a996b06c800d502a137001bc25,1,0.58200000000000000000
df_70_90,0x98173b0b2c8c33289b25ad91ec78fd2583220af0c2df0ac49bc9c978be8c5f05,1,0.29500000000000000000
df_under70,0x98246e71eeea4006e77c0218bff17be6ff5aead33f06dae15bc8f651e2aa7323,1,0.58787350000000000000
df_90plus,0x982941d6030e30ed0f56043622c52d71db557f6ef2774a11a06945248e7076ab,1,0.28666666666666666667
df_90plus,0x983aafe2560d2e3987a2ecbeb022c364160c03ead3543d607e0aa2313006d2aa,1,-0.40136950000000000000
df_90plus,0x9840fe7e15ad16c1f918c0b923f6e5eb770c1fa9c2ce2b37d362bfe8d15190f0,1,0.30148585714285714286
df_under70,0x98935863c55fcf43e580a875d9c0df9602dd21b85317732273e5b2c2a43b1152,1,-0.55000000000000000000
df_90plus,0x98fd71534bfdad2bfc9174802386a0b0bfb9e199d082b8e6f09b35dca2dd4745,1,-0.53666666666666666667
df_90plus,0x996314a5d1f4f81c0dbe514158b0d5cf5b83dca7837b533c3baf40aba3821eb8,1,0.16714285714285714286
df_under70,0x99f0c39e4235d840bd25d2c229b2cda57cc087b6b8c2780f804fffeed0d0c628,1,0.61857142857142857143
df_90plus,0x9a07caaff2c446ef13f2ef28c15e788cbf52be21aec37178aa26927952fb32f4,1,0.11260000000000000000
df_90plus,0x9a08835a475427b9e66d18fdee295225a0244650158c9a634ef2813b19e512c3,1,-0.53000000000000000000
df_90plus,0x9a24729c1a356df21269518e4014fc5a5c9e72eb89135313db6dfbac61bdd5a5,1,0.53777900000000000000
df_70_90,0x9a405a09ebeff5dd1b8a3b128f02824bbf849cb5b3bbca39c410dc7f85832d53,1,0.32800000000000000000
df_90plus,0x9a415e9895fbfa3c31935629eb6d3249714fae8810a352949b531554b91dafce,1,0.38500000000000000000
df_under70,0x9a71be66887fe27655113f93a01ec5c58ac8d1eabda3eb8f9086cd9b9bc3c6ed,1,0.46555800000000000000
df_90plus,0x9a745f325b64c78e74bb059dc59e1a8bec03793b78ecd55df99fd11c6d7b2fbe,1,0.29079300000000000000
df_under70,0x9a9d3bfbb23acafb8c574adba6bcacc7faffc1b9666b341b26112a94604930e3,1,0.55000000000000000000
df_under70,0x9acea27bde102ae70948f7bd5ba1157ced4a6945da094df8516c3b086e949875,1,-0.48987550000000000000
df_70_90,0x9ad38d22c9912987ca4d644c8b7d239f24afba5c93d16300a8cad778bc6f6858,1,0.45876659259259259259
df_90plus,0x9af69672ed9980d291f11e2a794ccde49d96296539d805932bf057120548613a,1,0.29000000000000000000
df_90plus,0x9b16f4464580d00cf9852a00d1407c17c2a07318b520f72970965a1a825511e2,1,0.05400000000000000000
df_under70,0x9b21c51fd409325c3f685a1adf45bc934733fa2fed21d45bff101ab478f5b142,1,0.48000000000000000000
df_under70,0x9b422451df6b6808dc6fa839149b981e4ffbf18cab87519b20df9591d8aa437b,1,0.52001400000000000000
df_under70,0x9b65b179679f0aca3606ba61f6177267fe7778c850c2eb6fd8c13b099b94aa60,1,-0.42000000000000000000
df_70_90,0x9b70a547e151a25e290e18db8a699e016c67c9d04c96a5ac5f72b8ee83abe2dd,1,0.35511416666666666667
df_70_90,0x9be7c018df50bed6a36eaa249067eeb30e15bfcc3ebb58881fadc81d8b6ce111,1,0.49000000000000000000
df_under70,0x9bf751e905a219ecdc3c36d9a788328346c83d0b79c641b6155bf0c4e13aed0e,1,0.34183400000000000000
df_under70,0x9c0d9a1069ac4f4c041a5feba31a4949eb78adee87ab22b72a6d28a7007fe625,1,0.52000000000000000000
df_70_90,0x9c183f63913cee589ec7a8d584fb7743a541f724edc047837c053c027bdf9074,1,0.47837500000000000000
df_90plus,0x9c44e40a763fdc058dbdf268b8630f32adfb0216b641ac4d4a957ee8a5605179,1,-0.65920000000000000000
df_90plus,0x9c62c626cfe36f5273fa016e27803a00c75a19a62a044a1941f83c55706bf97b,1,0.59000000000000000000
df_under70,0x9c79bcf3058b4035a47a8d786ab08cbd1e3826b41203ee9974d934d17d40de09,1,0.47083333333333333333
df_90plus,0x9c97adce88d841584b807eea09a482085209cf2cf4ca115aca56853c735c9d9e,1,-0.59644200000000000000
df_under70,0x9ca755fe004a3bd0b32c6f3c5692772abd1772acd0b46d9652798d9eb62d73e5,1,-0.58000000000000000000
df_under70,0x9cc35742b16556e5b1d7a7781e25e47ff4a84ab6fa2e990893eafa81a623eb87,1,0.46000600000000000000
df_90plus,0x9cd209879a2b7d5f6f8873ed2849ed65a1937ae5deb9bdf0e9858cc20586522d,1,0.08500000000000000000
df_under70,0x9ce04dc3705208f3a0d99ecc661c910b6cd4a882332caf341f99804d54711f68,1,-0.48333333333333333333
df_under70,0x9ce3c4653c7740cd29d36e92fc433786c3658ab690099eba8957dc07bec04695,1,-0.35000000000000000000
df_under70,0x9cf903b718826286cfa9dcfd8f49d399a629c1d908105e5964b776959866b64d,1,-0.49000000000000000000
df_under70,0x9cff92dfeb631df408d4df186b3d43fd3a6ec5cb954c829e6f3b5ee6a32f83f8,1,-0.58000000000000000000
df_70_90,0x9d013d3fc2d53c9c22d1738416312b854b72a80fcbfa5940937928578b686698,1,-0.42236500000000000000
df_90plus,0x9d0abf7c16f624d2137733806fd7b97f2bd6d2908cf8ec0a4a1d7c9bb58e8b9a,1,0.13816950000000000000
df_90plus,0x9d0b73b44506a98906d93d52b012834470ca99d7bf64b49a07810b897d81be6f,1,-0.52736250000000000000
df_90plus,0x9d1a6dcd6912d5d50624749059f23051a5ba48ee04c0b1f83d323e7277abc33f,1,-0.59337500000000000000
df_90plus,0x9d2fce5a4a99a9b4228d97b446f48a25d4d4baf0daa22c439660219a66c4a6f2,1,-0.11966700000000000000
df_under70,0x9d3448d58b4a3f44e47de1b4cc9674961c88e4481b4a2ea4482980449c950c9f,1,0.49000000000000000000
df_70_90,0x9d6616aa851e889ca620b34a2f13b21c139840bfd798af9d417429c79227ca7a,1,-0.79996760000000000000
df_90plus,0x9d96267f5f0028505640aa54538227c6cbe8bc7a8b519ada32d3a6d5f2a33d27,1,0.30506314285714285714
df_70_90,0x9db067927a1a368ea58a3c50eaebdcf1091ecb19fa008e577979d54652ebc1ea,1,0.42625000000000000000
df_under70,0x9de91738929365f104420a4246815a47ea2017b17e30370fa4572ceb84d898b9,1,-0.24000000000000000000
df_under70,0x9df33deabe599e034faca07e1e21f59fe23f5d67251a233b4739cb06c5af8fb6,1,0.30750000000000000000
df_90plus,0x9e030ad2c9ecc0037a1056f1641d913bddd5c7b26c100267fb8b22a4fb64936e,1,0.05177502040816326531
df_90plus,0x9e0dfd9c66ed39f64252d5fc95bd041aa09c77f013d14f314b4a95a429e85816,1,0.14500000000000000000
df_under70,0x9e37ca874f843dfbf05b0739927175b3cca18145df1350bb948530fce26f46df,1,0.45000000000000000000
df_under70,0x9e9014ddc6e6386e9bbd6bb8e6bd0049094ebaa3fa2eabf51055b2439c08a075,1,-0.71790000000000000000
df_under70,0x9ec12bd23874a60ba96ccc614ec6a49e7d538702424bf7a6e0397141e95dca55,1,0.37000000000000000000
df_70_90,0x9ef39163c9da9d594e6a8fe09619846c77b9e573793ae9a0885dba5747f46304,1,0.27918560000000000000
df_90plus,0x9f0d7a8592ed8426613b0fec075acf1f3bb2d08ce52952884f579e6db8c6811d,1,0.25250000000000000000
df_70_90,0x9f1fc9fa4e0af34538485d07cd1ca93fd0d7a45989346ed94be84dada491d2a6,1,0.52000000000000000000
df_under70,0x9f4987dbf8bd92e4f8f7390aaa0db22d6260639138e91675314ed5a625e0f224,1,-0.48666666666666666667
df_90plus,0x9f71becb6b0ac116af538e50f3a592ef08290d2a086383131a2b8b88336418d4,1,0.28500000000000000000
df_90plus,0x9f89a244b1655169cf6866e6e6f9b1c6df9677ad5e69bb2b498fffaa0dcb0c0e,1,0.46500000000000000000
df_90plus,0x9fa9e5a60d59f1b61636d6a19bd0d8d0a0fa7cd365d00cf1a38204d5d26760e0,1,-0.52000000000000000000
df_under70,0x9fd1dc171c922192e9f1ca0df99f741f72d6aecacd9f8ad766c146f10158b8b0,1,0.48000000000000000000
df_under70,0xa010c8e7ab644ca49a8c7d015bd80d6524e2d822fec6077e1f1019327507c65b,1,-0.41000000000000000000
df_90plus,0xa01d6e0c1c6a48eaf3d31c999320f59c8aae9190d099e1774d6868d7680cfd51,1,-0.59581100000000000000
df_70_90,0xa02879f996b27c511cdc8a443428ae7a068f45295e5b141d00af299f238680cf,1,0.52000000000000000000
df_70_90,0xa05862606d887ed25719559a79356af1622917172cb1eeb07dec0916ccbdb027,1,0.29000000000000000000
df_70_90,0xa05e65c9f1ec3e3cdf6daee18535cf58ebf658188099dbff6edad06b05ba0bae,1,0.41944444444444444444
df_90plus,0xa0ba93195484d20776804fa7a99cf6e4e931ae22812e14f8526c4a206cbeb3d1,1,0.42000000000000000000
df_90plus,0xa0cb2c5087cd6ac76edb0a7d06d536619c4d41bfbdd6fddcd804e23eb8fd8e79,1,0.11000000000000000000
df_70_90,0xa0e2b2e4d3ff27855cc95329b608a8a28bafa78c186c94d7ec041411cf165f10,1,-0.77000000000000000000
df_90plus,0xa0ef2dfbe3c5ed385a0df800b72d60fa2c207e51a3d213592e94cbd703229165,1,0.33008000000000000000
df_under70,0xa0efa19585249994e2f00c863d7d1a186401dad9bf3be18e0a91993103c96724,1,0.60000000000000000000
df_under70,0xa0f4d15ca1f25a095760f56ba63d7f99bad977a33ae93003d86d58fda3ba3da4,1,0.23800000000000000000
df_90plus,0xa116c6a9338996dbf3d361a4bca75531f4d7c0ed86c15e4cd5a6c2e8010e381d,1,0.27615384615384615385
df_70_90,0xa12d679ff0fdf65202aac049e402e70710bf25f550e24d28ce6c2f99ca3bbc57,1,0.48809500000000000000
df_90plus,0xa16a7269a25f746cd0aa5d85910de766d940d4dea9bf0cdb6423158b24149be1,1,0.38700000000000000000
df_70_90,0xa18915f2ad2ef6e17ce5b9725ae11de32a5be94d66a1b9c5e93df903f7945f22,1,0.49600000000000000000
df_90plus,0xa1b31bac0ea53770e042bd436afa607b8c5234246c8923feb26f242725ba811a,1,0.26448650000000000000
df_90plus,0xa1cb668f44322a8975bdd12276b7c43bd7705b47298cc6d869858e62ead1435c,1,-0.55500000000000000000
df_90plus,0xa243c744cd4e707e11e100848eadd29ed01b75b747c5ee59be0ceeea8791ffee,1,-0.65198458333333333333
df_90plus,0xa2465d9f8ac9b1edd75278beb731b64b7f3d714148ca7850bd544900dcebb0f1,1,-0.52500000000000000000
df_90plus,0xa28a6cc029f576cb01d4d5751d79b1f5661259eca7064a93dc7ba32ba7533f0b,1,-0.07996566666666666667
df_70_90,0xa28fcbb16f57a3b97c9104514a695c6dd8db07916504490e76685459ac2441cb,1,0.47522000000000000000
df_70_90,0xa2dbbde3c939a2b2f3511e3fcec68e4f0b7ea698272eee124e0636bf9734aea2,1,-0.64357142857142857143
df_90plus,0xa2ef637747cfa2f0168252a1e364801971fb0660a94c6ab21da6b65fe5993c48,1,0.42112266666666666667
df_90plus,0xa2f852b978e8ecf641e190501a8c23a1ef38ddc3d441ac244ca31167a172ea39,1,0.11000000000000000000
df_70_90,0xa310857073c4d7d5213d310878f2aef1b4d12846e006f4f29b4cb4253f19f348,1,0.45000000000000000000
df_90plus,0xa322f23996edbe83bd1fb38caa6d08603ce34f8b9aa48ea0c05c2d39e525138a,1,0.37000000000000000000
df_under70,0xa3361abfc0aed81ad5655323b25ea5a050556f918cdff1b64c3aeba517216f53,1,-0.49833333333333333333
df_90plus,0xa364600645068223fb5b0c5059be8c992abc7d4e8ec4c2ccfe52f9cb1930f9a6,1,-0.60750000000000000000
df_90plus,0xa3c357cad15ec4c3ee05a87635688d990ba6eb8a4dbe6b17bf320e69cab40bbe,1,-0.95378100000000000000
df_90plus,0xa43b6287d60caf4f330cc2f6884fd5a304c2110b9b847564ebbcaf22e7f66e3a,1,0.19742900000000000000
df_90plus,0xa45cfdf74f3a85f98392397482ceebb7e85d4e9f7a9d3f00d16eb89e67ebb972,1,-0.57884533333333333333
df_90plus,0xa4618503f975d4252e4a8393311c87f598738d3af1f6c126318abc76f14a8480,1,0.47620466666666666667
df_90plus,0xa46926b0bdef66209285cddc3a0fa99e371cccd7459a39693ae7ab76f38d80e7,1,0.16857142857142857143
df_90plus,0xa4781f5d97b6fe28ca7a69353b89e3401a9483a4c7bfc2f493c6cca138bd9c82,1,0.16583333333333333333
df_under70,0xa4bfbc119167267238565a00f935d848b195975471c7dfdd9a6a44cc4e40462e,1,0.26000000000000000000
df_70_90,0xa4d0f8471418b33261d02865b5838d344b3dbff250cf75e2981f2d16c85ed09f,1,-0.32500000000000000000
df_under70,0xa526b8d2898ec27db4a6c096b6e5f2a5829305a77d738cf740389f10d5c585be,1,0.52230769230769230769
df_90plus,0xa5501b4dc0c99c382b1c2871ad9141c7f58509a0f962f70a38bb6566ec570049,1,-0.91685241573033707865
df_under70,0xa56777ed448742b9e0587c225b50a187982cca2b241d713d8cb67ffa97249a4d,1,0.43857142857142857143
df_90plus,0xa569abcebebc65a1da9ce118d869a62e326631807876b8fd7627fad167817250,1,-0.60000000000000000000
df_90plus,0xa585409edfa2633de93083c6315d5c855988112f24e3f6dbac3bc91834a9776a,1,0.56400960000000000000
df_90plus,0xa58f9b7082d119b7ef12a65e22ee72513141b023b07a6ce6b81aac52d8e98133,1,-0.84251100000000000000
df_90plus,0xa5bffc6d7acf1f539b9af905860ebdbbc7a8e94932c4f90ee42fcfd575a05e31,1,-0.49250000000000000000
df_70_90,0xa5c91a275b76d4c50d92eee50d17cf08a7bcb2886450a40eac125b533831b9cb,1,-0.50000000000000000000
df_under70,0xa5fc22f30517e336b2ce8ac45279cf801b84f9ea94a9b3b9897e7111d2e82aa6,1,0.46000000000000000000
df_90plus,0xa61829cdbca398043eb59cb5db4b1c234ecde18c5920eacbdbe059b9c7afc325,1,-0.37500000000000000000
df_under70,0xa61a8aeadb14792a9bdbfe09b648819a011e2515d7db4c5b0110d660662a34c4,1,-0.48000000000000000000
df_90plus,0xa6297df05b259aba5711509a43238f4fe469866941dec85324672f54440f69ce,1,0.29277800000000000000
df_under70,0xa66b0dc5d126cd76a7434ff4782acfb59c267130afea696d71fefaea98beb381,1,-0.36045333333333333333
df_under70,0xa6ae199ce172475dd0e29d7584810a15a1d4608398d2f42d7ca39bfac45ed52b,1,0.23714285714285714286
df_under70,0xa6c938b3402538af5faa626dc882bd7995db132df1c4ea669db7841df3557678,1,-0.33666666666666666667
df_90plus,0xa6cd933c6cc3487b1a8505ecfad35d38428cbc9e3df01cc81fa10219b8724d25,1,-0.89888888888888888889
df_70_90,0xa6cf98441634952f17511cb0f76540ae1df32f6bd9597be6e923f7aa53edf2b5,1,-0.54000000000000000000
df_90plus,0xa6d016ba329b99b89bc4170baa70fa24420a8e09860e39dacddc6471c0641884,1,-0.55000000000000000000
df_under70,0xa6d8d2c3180bf09d36552d8979cf6347706c7e7f28a14715f0ddef1fc717c950,1,0.49333333333333333333
df_90plus,0xa6e7fb89eea732a895f4a0ecf9c844898777839258fd5749f11b2114a651bc02,1,0.28500000000000000000
df_under70,0xa6f18041a9e4db4936e9da82108169296ade7b2d7c9f0bcf2aec7402db9bfd3b,1,-0.44287233333333333333
df_90plus,0xa6fd438021ff0503d431b058127c961de1e6be232950ce40c3de8727813b4649,1,0.08000000000000000000
df_under70,0xa6ff9a9ae5b2f5c748db841ebd1b573cd14a6c10f9702336ad395c956427c6bb,1,-0.57000000000000000000
df_under70,0xa71f817655a1e3388855598499fbe5dbb1f7904a376b7a792869b19279365dc1,1,-0.54518240000000000000
df_90plus,0xa721375a399119654640479062a7df1e3d36650a90a42d21d429ab64c4a85449,1,-0.56739000000000000000
df_90plus,0xa73bd5add4d188bfd6b35c9f998acc2b86b213561516709e7eac65dad146d9a9,1,0.12555555555555555556
df_under70,0xa75053ffa630e41fdc08a0885fe0614716ecb13061ac460914bfe498038d5364,1,0.58235294117647058824
df_under70,0xa75a205300edac4d68cd48eec8427ab77e5af337fd9a61479b4fdb1abe290ec8,1,-0.45500000000000000000
df_70_90,0xa75da8dbd8ec6c97c6f983d0c196b7f21159b5bb7aaced5912472ebf2de8d6ef,1,0.38333333333333333333
df_90plus,0xa76c27f6f1529868acb88204c0f94b5126ac3987c125a8abda028fa0663aeb1f,1,0.37666666666666666667
df_under70,0xa777e8473bb8585373fc9bef82942fd48f7438ce88404dd823f12c16bc871366,1,0.45000000000000000000
df_90plus,0xa782a426fb996d22d85188f307ddb73f7a9e8251ead6e806ca3a79a289d5d48a,1,0.48333333333333333333
df_90plus,0xa7869235d343ee56afdf6c8aa455d04d5ed7f13c6c91c822655424a4dee48344,1,-0.49000000000000000000
df_90plus,0xa7a1a0c511b5e5c14b1b0f689c1828459be94888c522c103f3221181730a4031,1,0.10000000000000000000
df_70_90,0xa7aaf48c9cbc54690424ecd4a3f3b3b10e7e07235d912a08d7de69bfc35979df,1,0.54400100000000000000
df_70_90,0xa7b5b123f9fd38f83fbe19773a5d04e38208b370ca66be27b9688155e7b5c60a,1,0.26875000000000000000
df_70_90,0xa7ce8ecccf7a43457980b2489d7bcaef3838ee2266ba3b14d8eec48f881d2e59,1,-0.74993800000000000000
df_under70,0xa825e19f5638d9d2f83f98b63e312502ac1889eef112c44355e337aa3661a092,1,-0.63666666666666666667
df_under70,0xa82f6b6a288b9e5c065da52fb907b05e65e05a6d2f3431ec541d59e23825b3e1,1,0.33316100000000000000
df_70_90,0xa83aaa11f3e7153604f9ebe7aa36377670bc889fa6a23a34ef598066c98502af,1,0.49278650000000000000
df_under70,0xa842c6a7072d7434b77bdf6a22cd0faeef91da51b109078c143eb292980f6bb5,1,0.44000000000000000000
df_90plus,0xa87d333443e0e6718a060246618b20d2e5d271acf9cd561d4caa31d7fd6f770a,1,0.46500000000000000000
df_90plus,0xa8837f816ae1a7ac2be42a679f6599d1b3f3e8bccbc0e3ecf72a3085c68a8ba6,1,0.04000000000000000000
df_70_90,0xa8936191fa20020c7ba8477eb3bd0c44fbfbc07dddbfe4cfb4de86b09edbe250,1,0.35222222222222222222
df_90plus,0xa8ee7f09d0cee1a124a4c7d5aa31ade845712eeb5b9a5f3489fb08d4995cf600,1,0.51501500000000000000
df_90plus,0xa90ce8b69a218dced329076162df3b79f99596d1dc71d93bd30a64a2c8b6ba3e,1,-0.85185185185185185185
df_under70,0xa944601a6e0f66f0404a86cb15ac1bc7043e24068d2269a0626f8cd93817d1d1,1,0.46523000000000000000
df_90plus,0xa947b7c696453a288460a8e12aae31b854ca02d0b87970ffc259cec8a9fffcd2,1,0.46022222222222222222
df_70_90,0xa95d48279f55ae3288220263c0eb8a28197828121b878ff91671695ce88df46c,1,-0.61000000000000000000
df_under70,0xa964eb76543e3916540cc12c55ecb67cda57a46fa64bd5976fce9d3e2ed2c2c2,1,-0.48009480000000000000
df_under70,0xa9970cdb57e2904552132071fe29051b06dc2c6d5996c326bcee2fec4d19c146,1,0.39500000000000000000
df_70_90,0xa9c26984edcb251ddb120a1080c324aca343f9bf07b8bb77dcf986bff723bc15,1,0.23267675000000000000
df_90plus,0xaa1e27321af456cd4258982e4260f4e9010dc1461b5d90b560c8e15041e8cc05,1,-0.45000000000000000000
df_70_90,0xaa23528a8f30c7566c04c7bcd513440dc2d7645ae383f27a876dec5dc4881282,1,0.70373742857142857143
df_90plus,0xaa5c804ff72f9bc8556c4918cbb1e9815456b80518ba3bf1d83b9ff5872d9764,1,0.14000000000000000000
df_90plus,0xaa850b5f700f1dd8322765c85908f11af042ac4a6697f3f6ffc468143534034e,1,0.37500000000000000000
df_90plus,0xaa9814ea10240748005552c1a0cb9327defe6ecef2af432607a697cd87e75031,1,-0.70496350000000000000
df_70_90,0xaaee502e7f2378521ba15c183e2762cecab013dd42f7600f7b35e99e0882f08c,1,-0.82200000000000000000
df_under70,0xab186f403a2260444ccc536fce775670e1a851d8ceff6b7fff3f5f3d240ba412,1,0.52655172413793103448
df_under70,0xab3f153316654c7d3f8ab95a1542014fe17cf3299890be732bb5cf9bc28920fa,1,-0.44100000000000000000
df_under70,0xab71bfef1eaac050c68818b70c3554441a8ec09ca5ed76efdcf7632bf0464844,1,-0.41846153846153846154
df_under70,0xabcd94970a42787bb01726ff703134cf666434b9bdaa288505290e6a4b339fc0,1,0.60211346666666666667
df_70_90,0xac111edf9fdf6fab06525d9a0216c16a2e54483c0df7ac58f1a83e9fa53b0c72,1,0.21900000000000000000
df_90plus,0xac4237747ca9496655efd50d36efd03751d8eed768139e48fe12ed9e3d6873c0,1,-0.62581900000000000000
df_90plus,0xac480a2ad4c2524a60b8d6c1856dd4795264f12f63552cee98ab05055499ecdf,1,0.66666666666666666667
df_under70,0xac6dd0094fb0f6384507e950ff971e2a80b1bd4cd2b32b37a5a7b5dc888e1e59,1,0.52333333333333333333
df_under70,0xac8d629b6c47d8500ee4f9cbbe5cefebb15cbb696faba06ec5bdbbf247136038,1,-0.68333333333333333333
df_90plus,0xacb0eed77d09803271dbd3c4bd48e36e7db3bce93d9f9e7b41698c5b374ae726,1,-0.76714285714285714286
df_90plus,0xacc91369e8ab91b13e8c7e9dfecc5798f9ea6a64776f89742f13683b68f6420f,1,0.21094642857142857143
df_90plus,0xad3441638abca4aa830cb997b7caea5f3c8b84be06b99173781cb9a47c5cbc5a,1,0.16801648275862068966
df_70_90,0xad4b85c901a42bbadc399ae65af75d86b6bffab92c5875267df646b481788a45,1,0.32571428571428571429
df_70_90,0xad8d3be925887abafef346e442cd57fc83e1786f8e3cd4a8e8fda99c9ce1aaea,1,0.67353300000000000000
df_90plus,0xad970ab46d2351a5250bc777e2fe4a4b9ddfe96b3b36c33e106b4b00dc169485,1,0.55027000000000000000
df_90plus,0xad979e61f088c7145aee00e18135312290aa4220b68db7bf2a6b14090d6115f1,1,-0.42000000000000000000
df_90plus,0xadc078b4cae4d1b47e985cbf79f512314485d54ff617909db98f5a28bfb31dfa,1,0.57922080000000000000
df_90plus,0xadc95775815bd47bb353679bebc4b9c93cb703b1e732deafdb5a8a1888a71bec,1,0.33500000000000000000
df_90plus,0xadf11162a2f91512e2b4c39099a9b2d606a65bdb7ce87cd42c1a28e722eeebd8,1,0.37000000000000000000
df_under70,0xadf4acda3ae836e6c4f6646eaa940c7934d1b97de2a8f7a51ff585139e8f693a,1,-0.68555555555555555556
df_70_90,0xaeb2d82268b7c3ade887c9765ea0f946b4d265828014fb33844f1df29c27969a,1,-0.56000000000000000000
df_under70,0xaec9b992e0d877c321c7789af5d6fb64ad5e339714fb1000e1e97bf14159ea1a,1,0.11428571428571428571
df_70_90,0xaf01d7a1615baf2c0f924097bf7cddaff4f2d30d4eb2436f7018acf67c339488,1,-0.43649466666666666667
df_under70,0xaf0752f7830f684b8e544e528afc561f7e97b0eac09f561df603000fed28168f,1,0.35000000000000000000
df_90plus,0xaf1fb04bebca27d6cdd46305c039a4e0bb09dd7ff53255dd6a1716bd2b93cace,1,0.03326300000000000000
df_90plus,0xaf3bbf935b50f0da65b3356ea3a946a820f32a0ba36c91f8d7707e766a56db98,1,0.47000000000000000000
df_under70,0xaf503d0b1bc9cbca253451ad26d5a984aa845a2d229fbe52ad3e09cdc516da9e,1,-0.58600000000000000000
df_under70,0xaf647f6da772eb4d97e60b77914990124d3c9b7707274f52ae2bfbb696f66c57,1,-0.45011257142857142857
df_under70,0xaf75f0bedd9631bedb412a358193d06153736c0faa689d38f7f22630cd7e479c,1,0.48000000000000000000
df_under70,0xaf767784230a131d5c4dc31e6b3cc4b4e898e03af20a75d5935a75100a76a46f,1,-0.77000000000000000000
df_70_90,0xaf7c36c72e0e2a62d13167248ad5fb9d9b570313875c7155ccc759e1037bbe8b,1,0.42333333333333333333
df_under70,0xaf7ff334511a96c738381ec46fff088d3e02938d69c85ffcbabfcf9eac0ffe6f,1,-0.60200000000000000000
df_70_90,0xafa5a0ce360d8e378d3af2a9ab2ad4f0ef1456ada49df62ae090fb169f409018,1,0.55000000000000000000
df_90plus,0xafcb70bc6f11db4dc7600d1d4347e9cf7df2b080e6ea278b2afc6a282daf882f,1,-0.56666666666666666667
df_under70,0xafe17432cfe5eed2e8b762691d86f60a65cea238a2b5fbcb1510bf0d65b74e78,1,-0.50224230000000000000
df_90plus,0xaffbeeaef4c956c9e55932d3384eb7ad02640d6a421f3e749f208cb9047cf982,1,0.14461538461538461538
df_90plus,0xaffdb6f8316b7efdbfde2c8b0ec582a28063258895f4314ab36081db0fcd8b36,1,0.46000000000000000000
df_under70,0xb025924a635da63f0fe25da502ba1b006cbe2797166be54ad6634c1c9891a798,1,0.24250000000000000000
df_under70,0xb06cef8614c330248ed45ee7ee90e56674a44bce0af00a775190d6b5ac2a3321,1,0.60000000000000000000
df_90plus,0xb0a4f56b4ec0d97ef3f7f346942d6fe795771263ffd6cfe76147163af702353b,1,0.57424050000000000000
df_under70,0xb0a72abdd625f7db31770fd42a5cbe483b45b305ba8ce1f0cc5e88509747abb2,1,-0.43374300000000000000
df_under70,0xb0de6731c61f3619a3718d306bf83d6476592998bb3dbcdac410fb284aef357c,1,0.49000000000000000000
df_90plus,0xb143f24f0684c6cdff535c33482eab8b5b9c6f9cd282d7c8a01599b4d2081e01,1,-0.63454150000000000000
df_70_90,0xb1a0254ee2dfe4fc6bb05e521cd068d463245f3763cac6ed3c464d6499a8cc07,1,0.29285714285714285714
df_under70,0xb1af31b06f89438b39f8013b2dbd1108128f9bc09fc415a662ecde9999fca1c8,1,-0.56719805000000000000
df_90plus,0xb1f8c5043264ddb6231c7a262515aded31c4f7b3dde356eeaa239f169d186f9d,1,-0.50666666666666666667
df_90plus,0xb1fca83dd9b3046c8db3ae0de2c8d56ee5d17d3aad54b7bbfa5c65000f6df350,1,0.16907790625000000000
df_70_90,0xb20f96ba6ccf4555d4e3adcc97a561512ef27af67183b52d32283066d4a81853,1,-0.74842105263157894737
df_90plus,0xb2989e2ccee13b5d7ab3b23ce3f8efd36ccf9a4ac9562edef984e05680c06c3f,1,0.09463900000000000000
df_70_90,0xb2a84fa3a1ead35ebf89b87f9ec329b1c4cfabb42980f7d9d0c718f0d58ddfba,1,-0.58500000000000000000
df_under70,0xb2b937174fa5cd0184c921a2af822bfc968683a55ce4c6b482bcef3c15876b2d,1,-0.50333333333333333333
df_90plus,0xb2ddc589d74b18aa81838ddbffed98675fa0296f1d63bd2e8e3a79a4b03127eb,1,0.27750000000000000000
df_90plus,0xb2e4f1f05b4f3057baa0f3c69a3c7d7972cc3255e6040b76406bd1e462a3da7f,1,0.36566125000000000000
df_70_90,0xb312e27945a29c469183912dec93d4eccdad5cf16fdf6f26ca57753370278999,1,0.38425531914893617021
df_90plus,0xb3260de5ae9935d6976ea1c378d06a8e81f9ae8b72b9d4ae77f5ab93d92c5a4b,1,0.48160700000000000000
df_90plus,0xb3486280b72f21c652ca26b94d301d016c9076b4aad9238e7dad607f26a23f95,1,-0.60000000000000000000
df_under70,0xb361c29b5481164886627cb175ed76792df30902e66ec329c0a3853f807fe8e9,1,0.41964285714285714286
df_90plus,0xb39175784775533bc87b9b171ba2a6fa8579666476a7e0e9d733c3a277bfbb9e,1,0.14739300000000000000
df_under70,0xb3a40e1e7abeab732ed3691d992f49b50d69d09643650710f9b4f7063b50fbae,1,-0.53000000000000000000
df_90plus,0xb3d6f987b056ba304a306fda19638b5ad102436bfdcdccab666031088af0e292,1,-0.40600000000000000000
df_90plus,0xb3d8611a37297d53401111fce7b5d7bcb306e68ea3127ac2aa7abdb86389c5ca,1,-0.40666666666666666667
df_70_90,0xb3de3c8e27c89d369754e456ebc0e1fa42fe2c9998f8a4b9a68009117f08d508,1,-0.32250000000000000000
df_under70,0xb3e5963c18d0fbe9285a35e65aa260b304a3cded6aaddab9507122caa33caf44,1,-0.31833333333333333333
df_90plus,0xb3ffa74d46d4f6329a448d7bd7cfe55cc6e1c1f55b828c8bed6b02f13195d114,1,-0.47666666666666666667
df_under70,0xb406c8fa7f77fe5e0b3fe2a934f3f831a752afe1b5343d7dba71f659ba4b633d,1,0.49000000000000000000
df_90plus,0xb415ceb63b33538726384111d29d8e67597138c4e6fa0b43121926b5c8c7a342,1,0.31238100000000000000
df_90plus,0xb45645188f311ecc46f8cdb80b02c29a345d4933cf6b73664b09d3131a2d16d9,1,-0.72000000000000000000
df_70_90,0xb465c0d920be7fa9413909befc3989247de10a1d4feca2621bb36f9a62191a12,1,0.14852320289855072464
df_70_90,0xb469ba7ae1520cbde8b3c9fc19e43ff1f2220d1ec605172e83a745d9d16a19f5,1,0.32945750000000000000
df_70_90,0xb477ae770a67625d6897e52343b4adff5e4ec2d9b6dadd74d99ab7f1c157fb31,1,0.28000000000000000000
df_90plus,0xb4874524b82ca34f211d1b1b805474e07cbf43cba186489a3dbc7f5ef805bd1b,1,-0.36506366666666666667
df_under70,0xb50b0f936bcd3538bfa9791e8bfb26a231c298b1df68eff57b8b9620dd60fb15,1,0.55000000000000000000
df_90plus,0xb515de447e8d1ae6089bd6e4151750cd40bdb21cdc595e72bfe32fc377f486fa,1,-0.66194766666666666667
df_under70,0xb523db2e39a90b7847398cc9255f9ddb6f2a42c79f1c4f49cf625754da5903b4,1,0.43710666666666666667
df_90plus,0xb53a439c60d979f1c19108b263d97419e0a6ea99eb71ce08cfc0e459622e71cc,1,0.06114753846153846154
df_under70,0xb53f3010c9962c0652a065b6626f8c80da1e6225dfaa9838eeef3747df59f095,1,-0.49500000000000000000
df_under70,0xb559bb0e246dd6d0d5ba641d37499a69e1d51324076485e6aeb82f8b5f87227d,1,-0.32422775000000000000
df_70_90,0xb56bc35aa6debdc1b1f53a32521a736939c3e429328bfef3c5fdccb0f5ada138,1,-0.52824725000000000000
df_under70,0xb580a149a4b393c95b2b4ac393bfb3a111517ef2ef6e458761b1fc5d9832f315,1,0.50000000000000000000
df_70_90,0xb5cb9a94206dc77d3e4108cb11c7ad70cd4398e8501be0f961ca330157a53d80,1,-0.28666666666666666667
df_90plus,0xb5e6e5829c986107aebc5b4b18429b007a813f2b5ca860993020f27ef9f0e080,1,0.20555555555555555556
df_70_90,0xb611e081048b117473aed705096d35862621adde646102f26a16c208ca1f4d25,1,0.36800000000000000000
df_under70,0xb6383e151dc3bf7ae92c4bb554c0f55efa42e3ec98e5c8e8e7da89267419d59e,1,0.59800020000000000000
df_under70,0xb649843b51fda336ea99acc208acace91770af0dce9c7100488f33ff4232cce5,1,0.11500000000000000000
df_under70,0xb6543fe370d7fd8cec63fcf47b7ed14bbcd58b22ba5e2d0e04c8a6fbe05cafde,1,-0.51500000000000000000
df_under70,0xb662193e0cfa9fa92ce7a5db442acfef5c064b6f2b9419c7b3f2e157463927c1,1,0.42500000000000000000
df_under70,0xb665dad0a25faaa6a6209c4eab2ec10553c40439c17e938963886abda9f80c08,1,-0.25000000000000000000
df_90plus,0xb6de0c43f214510ff0ecb581354805e1f337eaefc06ee5d220ebc06e16dea0b6,1,0.18500000000000000000
df_70_90,0xb6e51a628cf76b0ac95833b8ed9b83294d2cee129ef55b1c5c9012dd931c8fc6,1,0.45090909090909090909
df_70_90,0xb6f2a4cd9e893532ea369d820c6f2ac14bc4710ca8c663f548a417be0d2e1342,1,0.19000000000000000000
df_under70,0xb7297ad99cd8e4957c64aca2fbf143efeb7045e95826cf4aa6b327ebfe1f1ec3,1,0.23367127272727272727
df_under70,0xb735d67ec0d26547a913e3d29e3336c32b750d21808aa4d9179f3ba1c0e7034b,1,0.38666666666666666667
df_90plus,0xb73c908b629cd56daebfbb731dceb002a1751e04dd9a2930e5559dd08aa81416,1,-0.43500000000000000000
df_under70,0xb74483c33ae08dd756abaae761e129fb321f4ac7f3b128043e4948983f6e32db,1,0.40000000000000000000
df_90plus,0xb75a73ddf94b74666787b3433650fe1d10fd0d42450c81f8accb708e032c3848,1,-0.48999850000000000000
df_under70,0xb75a74a413bb606a44632c44b39abe59361ff36f3d080f49703f4005dafc632b,1,-0.38428571428571428571
df_under70,0xb780e5532d09c34e15ef360e2eb634bafeba67a0d0938419dbb8b7cc7f51817f,1,-0.42000000000000000000
df_90plus,0xb7892f8e64d30d763c35328639b9db6326a97998392acaafe5a4191a92218cb0,1,-0.52000000000000000000
df_90plus,0xb7b0d281d8c73734384c3c38c8a4f161b5637a69b31b1377387e6d1b9372e6b1,1,-0.48120600000000000000
df_under70,0xb7dc069ed1fa05b964f3fcf5a201fc5f19c812d7f2f1328b2c922abab8dc250e,1,-0.66000000000000000000
df_under70,0xb7dd583abff48e738900a1da4edf31e31d7d7834afe6f460345c597d50ad2497,1,0.47213489473684210526
df_90plus,0xb81d9a63be774f9c3db1b96af4d0e869128643a29c6eb922c0d8a20137880120,1,-0.85700000000000000000
df_under70,0xb86425238a6bb2abbea65a4730da96a877bb8f1c18e5579271f5bd08fcd7fdff,1,0.57750000000000000000
df_under70,0xb8c4eb2bc36fb256ac730f0d1d05cf5ff6649a7d8d5ed779544dfa068da1cd18,1,-0.49470588235294117647
df_under70,0xb8ef38cd7a8454b8f74f8f201625f2facf69e6d48e87cb9842b8d36012000c92,1,-0.55664933333333333333
df_70_90,0xb91bcf97aed2a45f079de5a8683035e8505562523bc2b643518175ee11fb7bed,1,-0.43962514285714285714
df_90plus,0xb91fd8a9087220e91e72419db83f7481d9e0ca794db364e01bafa26388ab0944,1,0.10333333333333333333
df_90plus,0xb9275e5de263eb01555279db80db363cb631912b944878805bfb1e9062b7298c,1,-0.71580722222222222222
df_90plus,0xb940a4d630a6d79b5d6a18dd3c701d94f49b19c2531370d7e077f130562bb137,1,0.31500000000000000000
df_90plus,0xb94639b167e24b6ab0caac746d383ca4500dc656c083b249097f0fa71f6ab5c7,1,-0.66499850000000000000
df_90plus,0xb94becdebf118edcd856851ae2c3d440e65e5ce4369df16c4648b754bb3db0ea,1,-0.49000000000000000000
df_90plus,0xb96585ac41b808bac0bcfa00f39a92990c64dc413804368c7191ad4e1cd299a5,1,0.18444444444444444444
df_under70,0xb9b6bd6cd3e75c2fad9bd952fec88f5263266bc74385ad822bf279f45d44fda1,1,-0.52000000000000000000
df_70_90,0xb9cee2a269573216b17117bd86703d3eddb29d70779b30e1cea6a96eb23ceb1d,1,-0.32749366666666666667
df_90plus,0xba0ad0f933bc441911ed6cbfc098163ebd3b6913f9a06c133e3e4bc7c6f3311c,1,0.50000000000000000000
df_70_90,0xba120866cc67617efc1a7406d7775b5cd8d0a996f550559c4c76611341c7ecae,1,-0.48833333333333333333
df_under70,0xba66cc3b0bcb50844c89c8efdc828818cf49c44de3d85df393a904135cfbc77c,1,0.42142857142857142857
df_70_90,0xba8426be65e07294ace564de4163c136fd1eb5bfdcb8888aa7df174173da583e,1,0.40299100000000000000
df_under70,0xba9a25966e61386933732603c7eaa6a32290b5034f35b8c99a27127267e5ea2c,1,-0.41333333333333333333
df_under70,0xba9f8cf52b752cde7d4478aff324dcea53d565311e4c16e8389767b3e9e4b55a,1,-0.40857142857142857143
df_90plus,0xbabc896225844371b57a54468c5e2638a47fc64039765fb61c68d10f23885331,1,0.48250000000000000000
df_under70,0xbaf4b42efa22e7a782a3c57621e8483e2bb61155f3de647edca1f7272ab2a937,1,0.32929751851851851852
df_under70,0xbb355e1f116a058bd303890ef13d892a429a8f2ca80f3be03a9a3b4def461582,1,0.44222222222222222222
df_70_90,0xbb5243e8e12a186025c0f27597a8c4808a206379f1f9762d4072718644dc9fa3,1,0.13333333333333333333
df_90plus,0xbb8523862374b3edc90cb813b125bd30e8e27030be53fcf40d1f76152339f8d0,1,0.04226871428571428571
df_70_90,0xbb89a679d44cf88c575b66f234ee288b931da327567f83a5cd65be5682baae53,1,0.52200000000000000000
df_under70,0xbb9edd5af76211de5933aa091bae0d14463155d9aafb7e0c3131000f0416cba1,1,0.56000000000000000000
df_70_90,0xbbb20aee74d8d120db212bc10c1fc915a412a758117a64ed6ff6f3948c2f7d66,1,-0.35700000000000000000
df_under70,0xbbd99bea1431686a38998361d31a0156fb278c0f7154d6bc968a1fbb5db86284,1,0.44600000000000000000
df_under70,0xbbe121ffa9fc47b8c012bb20bb68ace100fc8358032a423115c2b62d360a9efe,1,0.51000000000000000000
df_90plus,0xbbe144199504e5c2ff8d04964edc7211c6266114248d17b0c1c55133370fb9c7,1,-0.40500000000000000000
df_90plus,0xbbf3d45e340d1b69feb4f8b1078ecd4e79012299766980def72c58e6dc811117,1,0.07500000000000000000
df_70_90,0xbc0b15aaa25a0346aa6fae1604a1015d2df52d2dde8bac2bae13096a52fbc033,1,0.32000000000000000000
df_90plus,0xbc2411ad32549a7d62055cc59ecef3ce98e8c827451addc324321fffe5c29b86,1,0.45500000000000000000
df_90plus,0xbc28e92d1fa999e842caf926cff56a580fb477f26d8c44c99aa29beb78062241,1,0.41841121495327102804
df_under70,0xbc2cab6671496f760cf7784d22f8f9c70a5231eaffad0108ec8f0b5a616785c8,1,-0.47000000000000000000
df_70_90,0xbc54d73527785bdc7b443cfdf3b0d59558c5ac2bbffca23425ecfbd161b07317,1,0.64583320833333333333
df_90plus,0xbc733b27510a37833afa638c3aeabec2811dffbb996c6bd1c735337f13f85bed,1,0.32938937500000000000
df_70_90,0xbd175757f12ecc85b7aae7f1f35c8637e350227dd2967abd6e1373e245c51f49,1,0.21200000000000000000
df_under70,0xbd362d78a8ec15b4e2082dcecbcee3b2d8dc9143af61a3254703042cdf5e9259,1,0.46000000000000000000
df_under70,0xbdb12b78f80b60bfa232a08f83d7ef089acec4137aa9f52668deeefa15f34709,1,0.39800000000000000000
df_under70,0xbdb326038e98f139550add22cab891493f7093118096eb005cd7d3224aaf4f5e,1,0.47155447619047619048
df_90plus,0xbde4fb8b6f3f87b2778c80b2eeb7d9b3a2ac19a521a89043fba88f435bfc50f4,1,0.41666666666666666667
df_70_90,0xbdf3af1911c5ef8abb7694eb6f9e3c611ab282a8f6dd413bba64bad2d8177ad8,1,0.57116033333333333333
df_90plus,0xbe3d3f97a50d7898b6ccdc40c5520a9767cb05479843006cc7977358414d734f,1,0.27828300000000000000
df_90plus,0xbe70f4643f0372177768b214bcf55fe4f87750fe013213cf802dc5800369e1cc,1,0.05820200000000000000
df_90plus,0xbe94379d5a8500bdebb9bf3a9b68eae26cff9e8e17b756e8b1f47263bd91da95,1,0.50500000000000000000
df_90plus,0xbee7d58b8a5ca59c228423923d1025e808e1d91d1c1d126cc1c575234cd517aa,1,-0.41666666666666666667
df_90plus,0xbf0890e41441e70dc4c0a9f303cc1cdc0222622e09bc0a1a175ad2f8a4841b39,1,-0.71500000000000000000
df_90plus,0xbf22f356b089a7484cb35acdd60e8d58a94d432d15e08a774f90fe7bca5925f9,1,0.29000000000000000000
df_90plus,0xbf94136859320cde5d12b534f997761ada5acdab7e4e752f86cc94f8383dc5ac,1,0.48285714285714285714
df_90plus,0xbfcf93d7f2cb5d878ebe68cb01815139c305896929da7e3ee0e55cd3654d4f29,1,-0.50000000000000000000
df_under70,0xc016166a92698c0a45b9d7c7e97260cc9422b6ef806218e218134e45219c3728,1,0.45000000000000000000
df_90plus,0xc0335c9816ab0bf9b4d493f9fb9f2c31c625181a0d33a3fcd66f329b6952c731,1,-0.66618020000000000000
df_under70,0xc03d873f1d0a65c3d653e291c2dd3138bce15cfccc879209d5f9f69ee4cfd8dc,1,-0.49000000000000000000
df_90plus,0xc04094452b0386a73a9a6e07da0370fffb2722e05c837a5246b88c914e78b79f,1,0.25000000000000000000
df_90plus,0xc06b23aa5798c99580ed982cd82996ded8dd644e6b32110052123426727954dc,1,-0.54000000000000000000
df_70_90,0xc09537a0976d0927901432859fbb6dfe5d23d1d69bb4e8355253e7b142a44e83,1,0.38592857142857142857
df_under70,0xc0c2aa208f6a2fc36846a39f523c59bea895272805ba077a020aeefe86d18846,1,0.69750000000000000000
df_90plus,0xc0df3517400ed1e8f875b91b8b50720bcec071d7d7f9d72835e346b3f34df27e,1,0.46000000000000000000
df_under70,0xc0f88d884322bad4aadedfa49a1022636cc6ad248e412bfd8e406b65d4da3de7,1,0.51415180000000000000
df_70_90,0xc10b26ee3086b33ea3eefffb256983c37300b75c8bf25843fe3dd29f7a39e5db,1,0.47333333333333333333
df_90plus,0xc11e4d7bdada69c622c73beab9484d479d6f0f76f7238fe259c3d90e51bd7694,1,0.20135800000000000000
df_90plus,0xc1597ee2f9a73ad23a83c826edc39d209dc617347805971952eb04b857f590f6,1,0.06614650000000000000
df_under70,0xc17c0b2fbaaf76f218153cc4d4c6c0dca65c9138317e2cbd1903c63ab70dc1ef,1,0.31000000000000000000
df_90plus,0xc19ec5ee94949b64a9d9b49aaf4ee47fe2d70f513ff411301f19ff1d0f0026b7,1,0.22211000000000000000
df_90plus,0xc1bf3ab30348820b5912c0a4d389b0a379382c17a6043dfbd66c94f08e79dc77,1,-0.59400000000000000000
df_70_90,0xc1d603aea09c645bb952011bd7dfa352671dc0949e89b926e3d01af5c94aca71,1,0.46000000000000000000
df_90plus,0xc1dc6e3d75ad31cfdbad714db394d9b96897d485d9b8ecce2503017b2795a39b,1,0.46666666666666666667
df_90plus,0xc22152abaa96b8875db3d772809a6abb32c02c68d8e5dc7ea83918eb9b6a63a4,1,-0.42000000000000000000
df_70_90,0xc245de91bbebca2764eabc6402c92b88885f1ded4a869d74cc41bd73b269c2eb,1,0.12000000000000000000
df_under70,0xc24aa01123dccff5c173cc10499bb7b7a8fa18dcdeada509b2454bbef85cf06c,1,-0.42656600000000000000
df_under70,0xc24e826fe4c7231eb3f6271d19222c29ee44c513b3b8cfaffa0a15e433852009,1,0.53000000000000000000
df_70_90,0xc26a3fb2a2008e7ebb9b4dd4c93ac4089db1e479910f4053d8cf09b2fc59cd93,1,0.34333333333333333333
df_under70,0xc28e6b21563b09b9a801c8b96ad81e21f9c1a77c8a1db91eecf843652dd898f4,1,-0.51000000000000000000
df_70_90,0xc2a6b7f3eccc5bf1db01f09a8549567dd57e1de694c487fe290ee40ff4aa9625,1,0.21600000000000000000
df_90plus,0xc2ab0a2dbf173b5d75d19e402ae02c1af6c32c82a127c93873c47b0315593d2a,1,0.53500000000000000000
df_90plus,0xc2bc60be9dadb002ee034d481095eef66cd96deb3b83084429d1f0f43aecbde1,1,0.54501550000000000000
df_90plus,0xc34b198e91f197098da3f782c066328e199a6342e6798753de2bfa9ae568ae93,1,-0.93734587500000000000
df_70_90,0xc37f30846927a14aadc730839e78df475ea2d3fd02f6db3aa7028f8f070c1e0c,1,0.27000000000000000000
df_under70,0xc3a2899b4095335eacb14f575465937113e3767e8e3b4407ffa28441db0be872,1,-0.55277777777777777778
df_under70,0xc3b9ac6f43d878b96c1e6819fe45858920b4ab3d61fdf104ceb78c9813787698,1,0.50767182352941176471
df_under70,0xc3d918f88f4a0251ab795a381ad4c44cd3d5871bf2f2de92c2e9bebfdecb4758,1,0.36250000000000000000
df_70_90,0xc3f9467281768a1774cac7e0ddf59168c4e5bb6837a53d89014d9ce1a29808f5,1,0.30880466666666666667
df_90plus,0xc41f543ccb7a1a35a200c28096cc2e5c2351c54546087f4f6cf5c4ef3e0c1aa5,1,-0.53571428571428571429
df_under70,0xc43eed5e30cf6f0220341e6564bf8b4f09ea60eaa9709bf4b96c07544672ab9e,1,-0.50000000000000000000
df_under70,0xc46dfc981a07f588bfd0e42739bccc0c2a0a67a48e68b2946e0447866f0c8264,1,0.49000000000000000000
df_90plus,0xc485717bceac2ea78ba406d05cc32b095147db8a83e1a4dd93c99dad0f8ccc33,1,0.04833333333333333333
df_90plus,0xc495d1ca2bb297e6f960c82bb443337dfdf527fa8b4dd4578acc149343936e4d,1,-0.82888888888888888889
df_90plus,0xc49afbcf2abadda0a5e5cb65de7e9d32c694d0252657f9cf524f892f78bd12c6,1,-0.66750000000000000000
df_under70,0xc49c6c8ab28df0243c616a4618c27a5ad077684e0d44569b9bc6c67e66169de8,1,-0.26406300000000000000
df_70_90,0xc4a229b06046a4a30d9b5cd73fc6364f6b7cdc48efc33bfc6b24a2806aa93f30,1,0.11500000000000000000
df_under70,0xc4a26ee77fc5777d5036854f3835bf7ce44b42a61e3c6325c22b444627757eca,1,-0.32500000000000000000
df_70_90,0xc4ada5fb63f8d6ac0970690f7c6898f1a7bc9b5192b70c01d945f20e3feed0e0,1,-0.60000000000000000000
df_90plus,0xc4b6e6f463d4041c2f88b040c13f3b4c341d3d353fceb96a9c993e81c28bca5d,1,0.35000000000000000000
df_90plus,0xc4dd64ba5844f4a50df03fc7dc37af5decf637aacb8527fd42ccb1fbc6068f5e,1,0.11714285714285714286
df_90plus,0xc4fd56d6c5a263604a92cb6f0c7cc401fb1d82f106a27ca523ec6c502adff017,1,-0.66223600000000000000
df_90plus,0xc4ffaeb0bcceb5ab8983856f606c0dda031b5df31978a2e48d5fc2d0c2abbbb4,1,0.53250000000000000000
df_under70,0xc51a08334e7c0865181a72dd8c94662cacf7fd8129c3e24da5fd0ead4bc0ca43,1,-0.27000000000000000000
df_90plus,0xc51c4915042352c57f6ae91e631fc635a846bb317346197372a2f03a406856d6,1,0.64438366666666666667
df_90plus,0xc5943cca27ce657f519619520b1664829b1209f9a5ef9266be7f2954be1b0260,1,0.25789955555555555556
df_90plus,0xc5b9eba004d33dc8da7bfcadbf7d460a9012d4b8f068af45ccc38f6a969294dd,1,0.37670750000000000000
df_70_90,0xc5c075c77d2b8a98606097f5e42c3e907a66debf4a4058131dc0160235fa8fed,1,0.12807692307692307692
df_under70,0xc5fae6a0a3f8fe0f8d0ec9253eb0624a53609a863fd663f042747e89a80b4306,1,-0.50400000000000000000
df_90plus,0xc652e64e762f146e084fc52fe5f3c2bc73810ea7841614830d5bc9a9eedf8b21,1,-0.74329280000000000000
df_under70,0xc65d4e7f6f5bb008ec087c398472fd94fafe9f1d3d216283f0beb100a309042e,1,0.42500000000000000000
df_70_90,0xc67e78d9515ea4100e43ea9f861fde9b068c7fc3f1395d26699c433206f9aabf,1,0.46730769230769230769
df_70_90,0xc6f7e4a015ec643eb49c749da19553a2257add76278a252805a12dfa85103269,1,0.48644768000000000000
df_90plus,0xc700c8f5fd4ae02e1cea115059dd330b808115235f9e688a213eb4364feba840,1,0.16500000000000000000
df_under70,0xc70225afd173c74f7e62671aa5153db6bf849e2330e76ab48c7750c8a67a2c41,1,-0.26666666666666666667
df_90plus,0xc762565f9176d9541db13d712f9c0209d800abb4eb39d37e2dbbdf445b68e77d,1,0.21000000000000000000
df_90plus,0xc7a9f8cf846f6eba833fc69da7340af7c150e6cf72fc9501507a4431bbcde19e,1,0.04187911538461538462
df_70_90,0xc7cf1cff6bc27b004f2b8fef8f72113c7c10d24b14eeca2fe903a04e0def3d40,1,0.28000000000000000000
df_under70,0xc7e4166f17cd569f3b6321db925b106dcb8f07e65060cbec3107d236981c1c14,1,0.45000000000000000000
df_90plus,0xc812009ff8ad557e3caac30a15aa68bf0d2a1ec4852401e27476fbe59d8d8d7a,1,0.03800000000000000000
df_90plus,0xc816e5752d43d1436cd982d4634898feed183808a83f3f5cae30d1bd99150fef,1,-0.50000000000000000000
df_70_90,0xc82d6ac87a17b4fb7f094a826ac53b5a43b7f9288406289c1a13d8073c45ecc9,1,0.43813700000000000000
df_under70,0xc83ad41fdb71c97373dda9caf656ca5c1404d41e84acad53df592b7d744c77e3,1,-0.47000000000000000000
df_70_90,0xc84f8331b94a23147dc65df3ffe87911a14c868c56e66ba3805168c3cea6a262,1,0.47841366666666666667
df_under70,0xc851fc5ae688d3d67bccb7c8f0ca475f61ebda796cfcddca7230042de6b48cfd,1,0.32956521739130434783
df_under70,0xc86a384afc368a2e81c1c84885c4fe5d51a625d3d32e5ccbf0fea6d91ac4fd5c,1,0.20000000000000000000
df_under70,0xc88b56747a94daaddf4138e2ae1be99ba1aae13ed5cbddf34aa916a77b1dfe1d,1,-0.43000000000000000000
df_under70,0xc8a1e0fda1d072f87aaa9aadcf4618088b362d4a7c4944207d098b30b80b82d2,1,0.59500000000000000000
df_90plus,0xc8f123c03e3dd7b36c8046268ad2ba016119e1f078802100a72e6485b53a5c07,1,0.43523750000000000000
df_90plus,0xc90381f6021b8dc8d07dd3d783d3927f34706f8ce1ed097b21cc92f31b5be076,1,0.11235294117647058824
df_70_90,0xc90f95af1a5d4e392fe9cc484f1b1a0983687865e7b85910ae89300c2076e4a1,1,0.23882352941176470588
df_under70,0xc920db1acc999cd16e24a3d5cb2426757ebfa7dac6e607a4ce5aa1208a70bd2e,1,-0.72000000000000000000
df_70_90,0xc941c85181778d1bb52f46be32aab775aa1df7a1e225c8c86869046507d1508e,1,0.39500000000000000000
df_under70,0xc9613f1f9ad625dd5958e590956a38d645082b1d6c1fdfc2398789d47f810853,1,-0.34501650000000000000
df_90plus,0xc9a89abf7afbc51e128dbb2af4679c552f7ea76bef4357884c0c07922ace118d,1,-0.61500000000000000000
df_under70,0xc9cb33ea7fe032b660a20413666a98bcffe4e86c4102263b18233eacc2c40879,1,0.50511500000000000000
df_90plus,0xca09c10248cda4825c3d5b5a07b36b8e478f7d853879f2d05b1ad8c6fdc84e9d,1,-0.54888888888888888889
df_90plus,0xca17a8f383ddf39c57db80ee653fb29b5cf8a44f18db9561b1bf02d9561802ef,1,0.50500000000000000000
df_under70,0xca1f4760e175d71d1c7677dbc56a1856dc2cee6a4d8de8275a16dbca716afd24,1,0.29083333333333333333
df_under70,0xca35822b1c27ecd3de6e0fc31e2d1621ce3a1bbf8c975e14cec05578745c69a3,1,0.10000000000000000000
df_90plus,0xca4c8e1e8b01cfe5cb813d876450efe4aa50fd25b01ded8bd8e181bd0555ed23,1,0.07229950000000000000
df_70_90,0xcaaa1338d38b5c614196c9a926dd84babc3984442f2ec9b937a16284a199ec3a,1,-0.76447761194029850746
df_90plus,0xcaf17208c812beab21ab967b239d54677483c9e0a74c4f82c72cd213c7b4c267,1,0.15500000000000000000
df_70_90,0xcaf94cace6684a017c4379d4cbe34b5d433946b6c8b4118fd095dc63aa828dca,1,0.53000000000000000000
df_under70,0xcb11e7712b7d51b29198c8d84ae6daeb351b2001ae112da524e378ed23c57432,1,0.13000000000000000000
df_70_90,0xcb6548d786f967a9c49af6860edb84a773c58b0ec6a2861ee6a3c203e206fc07,1,-0.57000000000000000000
df_90plus,0xcb6fa529451ebffe7d54cdbe499e897a130eba792abde847030e6ffa15e9ae0b,1,0.11752700000000000000
df_90plus,0xcb7e3e560df16a637514fbac34768ddf8bea8f9607956f25b037878536454136,1,0.04976550000000000000
df_under70,0xcb94c4ef263a682fef90b334571bfd812c648f5da2bb8e7305469a2f17efa915,1,0.45212000000000000000
df_70_90,0xcbabbb681d220bab6ab04824f90bd045723dff54a3cb31a7efeeaefbc3782e9f,1,0.28000000000000000000
df_under70,0xcbdb0cdaf3b8a2da164b3cbfcc4a5745384be36f2c0176346e63e55d643b3bbd,1,0.47000000000000000000
df_70_90,0xcbececf2cf6b6f91c5041f75cb91a99e57c20a1590e45210c1e75d7f0c4e7573,1,-0.67875000000000000000
df_90plus,0xcbf6f5f841fb66c9cfa75d6151bf886dae822062528bf48f556e0e9a279790d8,1,0.03754900000000000000
df_90plus,0xcc14b915a78cec9356036c07ea43b1a18ed156d95446ed700b7b531129fb4a8a,1,0.38500000000000000000
df_70_90,0xcc3f41af4b7ef6c7b399c1666801913d6b129594b261c84c1d1a838f4f76242a,1,0.60000000000000000000
df_under70,0xcc5463e4aa60caa17d7602c340ec3d428d6558547951fb33f6eb8e630650d89b,1,-0.46500000000000000000
df_under70,0xcc5ac79e75113d325de33982adb585b9c1a19575186d2570a09f6070cb1f0a72,1,-0.44568500000000000000
df_under70,0xcc6f59dede385d57d3b95df6abf163bb6681a2261f6e108370ee5291e690a384,1,0.44666666666666666667
df_under70,0xcc7ebf199cf4bb394c671ee2cced56d604ca4e9233426b3911939255549e58ee,1,0.45000000000000000000
df_90plus,0xcc987f154d6eaf68543866178cd1addc2df3e57ae32b91c141c8cf2db0c36523,1,0.43645560000000000000
df_under70,0xcc9f16579efd6b9f8b157c8ccae7a2d597b24a47602861bc9d74a294ea77c97a,1,0.44250000000000000000
df_70_90,0xccadd10de997aea6beb2393d595c06e01d905279411ae6df0460c1c6487195e0,1,-0.56302766666666666667
df_under70,0xccf8936f55a6991da10bc36639ff6b5a480d72bec891c21bf4c326a7a6422e10,1,0.56000000000000000000
df_90plus,0xcd05a73f2ddf6c07340b4f1c6c853c4754b2f4428045fec1b295c192e399e563,1,0.71000000000000000000
df_under70,0xcd0a71e6c6fdbea30bd7641f0a618635ef8bc1866e1fc06d1b875c0f8d68735a,1,0.57000000000000000000
df_90plus,0xcd50dcfcd6bb56ed5ee7b848476df7d65f8df636d3b91dd88642d186d0c16bf1,1,0.41500000000000000000
df_70_90,0xcd5a126fcefcdfa03d8e25bfff3d3c4476100f630467622ec6d5fa7595c72636,1,0.30666666666666666667
df_70_90,0xcd84f901e5b49d769f43d1d78fdf5e913bd736be0dedb7acff688b9655e04ca4,1,0.42500000000000000000
df_90plus,0xcd909c6b2f0d58c39f430afd1ab586d9ff2a6e7dbd74d1fc0c45b9fa605e22ed,1,0.49000000000000000000
df_under70,0xcdb65c8e897e0f928e8ca6f9ecded0b37220862bb572aab27fa1751c905f5356,1,-0.34731100000000000000
df_under70,0xcdc6121950d67a39bb033f134ba9fcc1a6d74d92f9fa1738ca6f998ca7bf1e45,1,-0.55000000000000000000
df_90plus,0xce5bb9b9169e0d7609a7bd148be8bc414935672ceef48dff1917aafa56c971a5,1,0.48500000000000000000
df_under70,0xce96b12a687f29fdc247f62712217cd6a98bf16a1efb49aad2799703265572f7,1,-0.65000000000000000000
df_90plus,0xceaa54d3e0373077188b7e3dc4278cc1278e90ccd190992b43e1cd188a504ea4,1,0.50020714285714285714
df_under70,0xceb1a9b8ca423afaa3cf78f0b4334e7dd685c8c464cb8750cfcb6650739ce0fa,1,-0.53000000000000000000
df_under70,0xced03c94d544f1de181e549add5b39bb0a2c0a33f25d95482cabd52b607c4bd1,1,0.51000000000000000000
df_70_90,0xcee0d9074a1f8766b4f66d806608a4097d027c94f85de367410fbbb166a29424,1,0.18888888888888888889
df_90plus,0xceeae51ec212b347500255f0426c79798d5d6eb2e9368210f37761e0ffcae1f2,1,-0.69896300000000000000
df_90plus,0xcf097ba9d41fffbb4f3af544e6913e200dced0eabc572d00621c7fb7d8e12806,1,0.03077500000000000000
df_90plus,0xcf2f9e5fac1bf6f59012958743f1f25769ee880d4e4134e79fd7dd2c850a8522,1,-0.95000000000000000000
df_70_90,0xcf6b967abc1ba56d4979b51f6918d5615bcb430cb3cccd678cd174c6428a9562,1,-0.51000000000000000000
df_70_90,0xcf82be61c1d7181c99b6454afcbb188e0abcba20b91de49ffa93097ff9db13cf,1,0.65625000000000000000
df_under70,0xcf9f37ee5c19d9f4f504ab3fce97249b09c6e6f54a74737d648349208b0841d6,1,0.50000000000000000000
df_90plus,0xcfd05b8542186b65050be56282039a00a5099d36b956408b440cddac4bff1f96,1,0.56756950000000000000
df_under70,0xcfe2ea28ce54eb6009048e8b9d4f810860b51fabc4a162db99bc554e9d840d36,1,0.47625200000000000000
df_70_90,0xcff7633b55d26a5813773137ada67496722c9918caea80fbafe7b7a8e1a94a7b,1,-0.44000000000000000000
df_under70,0xd017264f91f862ce033476620d8243ce3a145967ce910c095d4663017ed651e4,1,0.51933333333333333333
df_90plus,0xd01a16e5adf6934d12c7a0e9875332356f74289ae6652a57aacb853e252fbbf4,1,0.17526315789473684211
df_under70,0xd028195b6d48c7acb17b8bc6e3ba19413a598911255e9dcd6e753c5bd0faee8e,1,0.43000000000000000000
df_70_90,0xd03601c92043be754123c00c297bad8cd93f14d900b984fbe36bce5fe24b221c,1,-0.69333333333333333333
df_70_90,0xd050c9b7d794d82bdec110dd4c30b53aaabf3eb0515b1d4d7be1e5bc7a318e2e,1,0.41000000000000000000
df_70_90,0xd073e69e0f003f550ea02c93c43cc365dd4d850502afe2e6b4a4f6cf97bef917,1,0.44000000000000000000
df_70_90,0xd07791beebe3ba0ae54b1be59d36336061c71441cb85d8ded0350b85b80e44aa,1,-0.51833333333333333333
df_90plus,0xd0931285bc113225a34787e34f7355d63b0313b30cc7640ab9a9b72e52a38340,1,0.62000000000000000000
df_70_90,0xd0c0909f0cb7e0fd1e5d8c9c9eae86fec21ff6aa53f812d58c285e88c64a32e5,1,0.12000000000000000000
df_under70,0xd0ef28f31dd1dbcee925fca7b5d663240a352c632210247a853ebe61dcc75381,1,-0.42000000000000000000
df_90plus,0xd0f426a990bf590d8b5b41fddf846d28e99d8eeba81c1d33360811686f6c8477,1,0.07059000000000000000
df_90plus,0xd0fa27da024261ba5edb5e9eda33651a224fb5a2137d3c9e73b216109b12dd79,1,0.26130434782608695652
df_90plus,0xd121d7fa08b0aa417fd07952b61e7d64286b74ebbb9ba9f3f6d9a19aed893985,1,-0.43000000000000000000
df_under70,0xd133d26d2ce46531a15e564e7641aca719dcc02a320b2f4b4903f3cfc17860e3,1,-0.31158600000000000000
df_70_90,0xd14544ac7360f37de17eb6a442694de21a8c5ea01714323be6409b002c4d7d7d,1,0.26200000000000000000
df_under70,0xd14da9be3e2dd833144b534e016d066d5071b896383cbcc867eee13908b104a6,1,-0.51577880000000000000
df_90plus,0xd18fd7f48dd45be3bbfda098f51d12aaa11f66c367fdd93c292dde4896b74897,1,-0.76708155555555555556
df_90plus,0xd191393d3c9d3e5833599ee600ede295550c35c057fee4e41e741b054f078f72,1,-0.68642750000000000000
df_under70,0xd19aeb1aa927d4d7002b17280fcd0479093aaaf61693b76b5d9c2c0c9a82f708,1,0.49000000000000000000
df_under70,0xd1a333e72b4618fee21c080f6761a3998c0cc15b00a45cc2f532e4f0a3f801e0,1,-0.53500000000000000000
df_70_90,0xd1b44514a10d1041ecfeff34c4f96400a84a171e3c09944956fa936ec8049a58,1,-0.49884200000000000000
df_under70,0xd1b84389768a326c133c297e29b11979fcb2da025ac18ece69cd8cfb7e1ed7c7,1,0.54000000000000000000
df_under70,0xd1c3b0cb17e682fe9637f144d818d4d02911276591ef34aca817a7fa10277541,1,-0.35633541176470588235
df_90plus,0xd1d036b5841586e9b14581bc6722eb9b756d17b29c66f1e8014a315c55a3b0f1,1,-0.50361250000000000000
df_90plus,0xd204d39f2ee031502f777b41040f40df665a1e395c39abdfc3c746ca6824e397,1,0.26000000000000000000
df_70_90,0xd23b4810d916942c2c7b71d9f0f5e3248adc0e4017d8ffa5dd0b1fe721beb0f2,1,0.18040300000000000000
df_90plus,0xd23bf61367002265932ce5ae32052aac970c889da8518a2487b5e8a5f1e0693b,1,0.37000000000000000000
df_70_90,0xd280f18b2d08ca9851839a0f1644c7d1bd722819ac1beb1ddc75d295e75eca62,1,0.23443371428571428571
df_90plus,0xd2b8c1d221459643be62410c1159f8e5dbd424b759727dadcf9497120316dc54,1,0.10667050000000000000
df_under70,0xd2c03593d3bca01405e8b7952138cd66bc87414caab295baf764940c83f9c93b,1,0.44428680000000000000
df_90plus,0xd2cad61516b1b931bb806fb98b3309e32f498cd6436108dfab3661dafaf3ac6c,1,0.09233725000000000000
df_90plus,0xd37613f8e75f8241c2f05798fe1a5454af036e2c697dc958ca1073e54bbeab03,1,-0.59499700000000000000
df_under70,0xd38adcbe19792fa9f148757c3f67759ef80e579f0a00804ddcb9c9d11ab285d2,1,0.49200000000000000000
df_under70,0xd3f94536c5583b74bae4af863d0891289568be1ca51114bd3f515a8488e79e2e,1,-0.57000000000000000000
df_70_90,0xd4122f6fab05642da45026ef43f6362bf934954b955d35e0f7d3b39ee02e5daf,1,-0.49000000000000000000
df_90plus,0xd414a4bdb4c86f835fb31e432ab3ea15e374fe7f39b6b0a224c7a521378967ea,1,0.08187858333333333333
df_90plus,0xd4428eeec7a90f36bb5a7322d1d8db882388cc1698eecab65bd3d541110fa2a6,1,0.08000000000000000000
df_under70,0xd4b655d492d3b2782146b06867af802bff0c75f47118aa367ac66e0e8c91f3ff,1,0.39755016666666666667
df_70_90,0xd4cea7608974a3f2df2c6cd4aac691f17d251b874ee4e8eea39af6949c4ad995,1,0.35000000000000000000
df_under70,0xd500e617d0fca74f823c5724a45bea209cb36e3adb74b1ccf7dafaab21acd193,1,0.41275833333333333333
df_under70,0xd50a81ff6950496b9b1825e666dfeb7d39728b45b8c2c7bf67a165c6a2d1e28a,1,-0.52704066666666666667
df_70_90,0xd510cba5f5ee6a45a3141d3d4a260b48e7d06bde072db95afe60c13b2f10d862,1,0.18125000000000000000
df_90plus,0xd5118e6e1365bc458998c38b6914d5299a70881cdb7f9b2b8749f2d305fd5603,1,0.46500000000000000000
df_under70,0xd520a523bb7a0cfcd2948dcfb3d74697205a36027ac26c1a6ba62d0b76ffdd8f,1,-0.53000000000000000000
df_under70,0xd539b423e67721977968c61838ffd7775e6b04efaef3d8e50757ce9804b003e2,1,0.40750000000000000000
df_90plus,0xd546089cc3627d3edca9e09edc1a4f239e9a5a5e0221a5273997fd6ea606e773,1,-0.79500000000000000000
df_under70,0xd5705bc687cf8e753507ab299e64024c487caa5f6b1708e7221e9ad30adfe49f,1,0.43000000000000000000
df_90plus,0xd57b2721f6c32de7d06e1213a74cb6be5299e1fe3e13ee8f547877c338743c4c,1,0.35500000000000000000
df_90plus,0xd5858a6bf85fcaff96b6f4cd6230433777ac1cfb26f8678f9a2b52ef11b456c2,1,0.03737700000000000000
df_90plus,0xd592a31e3b2d36c3d81df76e464e23d8d132e82eaa88e58f3e5130236c7533e0,1,0.35000000000000000000
df_70_90,0xd5c59693bb75ae06fa735619157952748dc018cdd480db982b9c32548e46b0f2,1,0.44678833333333333333
df_under70,0xd5cb530c6ae7fb76fc164332a64718818a5397ac27c2e0eea2a674c83af57c28,1,0.51250000000000000000
df_70_90,0xd5d6953da88e5c245a7e114f8f9af0fe2e6b342c9ce51e109c289e5886013c2b,1,0.45500000000000000000
df_under70,0xd5ec4d6554c106526351f72c5ba32146c5372a62e26905709abb659e8644f878,1,0.51416666666666666667
df_90plus,0xd5fbf53ee90d68963700bb3f6fd3807e323e60243dbf1d3d99783f93bb7c6d2b,1,-0.48336980000000000000
df_70_90,0xd6001841cf04b7eb669e22b552760b9716ed45d283cc69bf81c5d7b9bcf54bf2,1,-0.51092716666666666667
df_90plus,0xd639ab51a4ff3c0359c4a0bbc05283f088524c007692746778cd2618236859ec,1,-0.56356980000000000000
df_under70,0xd6a5a44e8105c4808ba09d19bce444b22b883330fd6e23e5661988b3583a9d4c,1,-0.54666666666666666667
df_90plus,0xd6a9536cb35c7d96420a267622aa934b10468aaf2102a7f672dbb53f5fc2e659,1,-0.77804366666666666667
df_70_90,0xd6cbeda77d8f82d788812b6ce91d764191ee8381c8f33eebd83a7c155302c1cd,1,0.42750000000000000000
df_90plus,0xd6d22d2aeae813586c2cf08692d7707833a99cea83212da950632b9d50176209,1,-0.50000000000000000000
df_90plus,0xd717524223a0bd26b723cb501f5a587e797c74c339cd14e6083d96005eee27f9,1,-0.59500000000000000000
df_70_90,0xd760a03102facc1287e6bab7d3526997634d3518cd39b39640443233b6c8e83c,1,0.28500000000000000000
df_90plus,0xd77856bc126af520501c0aa6ec4133130eecf46d5660d8caea7dbe3660322c1e,1,0.50070000000000000000
df_70_90,0xd77880aca0470db35915a0f24235846a5d13a0e26e72831cc6530b4d7a5d7161,1,0.52000000000000000000
df_70_90,0xd78567ca1a5759cb839cdd64eb5bb293b4f2f243ccb09e2917946d2f45ceca9c,1,-0.28800000000000000000
df_70_90,0xd790740baf9d96b30d8ddfc9412f8fc0e6fb7cfcae06e987ae1691e7b9717895,1,-0.64912020000000000000
df_under70,0xd7b6ed6bdad7aa62803029e4e920c2a0aa20b5a36dd38617b2921155a2928399,1,0.51000000000000000000
df_under70,0xd7cf3f4318d38dd719f1e14f0220d34f9c8900dfb6fbd96fdb2aacad9eccff26,1,-0.59666666666666666667
df_70_90,0xd7d48e1eea0feb72eba03e6f1e32215db113c8edbdfb90956e18273614d229db,1,-0.53489800000000000000
df_under70,0xd7d5b787799ddb504e23e1213e7eabb8905c3786d2758510653907067ec03ebb,1,0.44030533333333333333
df_90plus,0xd7f63eb9275b0e4804f41552b02a1b640bb8ce137e0ec33dc851797f46b5bb2a,1,0.24561500000000000000
df_90plus,0xd7f937aba1d17680b222899a0b1f3d1d1cb66246614695c31e79ddf10566e8fb,1,0.33666666666666666667
df_under70,0xd87fdf1311dc02a993b81fe1ad38b0fd9cd31f3c35a116d6d7f034c773851c36,1,-0.58000000000000000000
df_under70,0xd894e6a98b1d031f77aa51cfb9a6abaff2bb8dbc82c5f66e4f2cd31aaa8f097a,1,0.40649944444444444444
df_70_90,0xd8aff2490e3a808f2cbef7970698f72762f8090b78562e388ee6ab500e6821eb,1,0.09857142857142857143
df_70_90,0xd941ad423c0c98491ce724a050ca03303198ceaa9bd6a8a9858620fe8641a201,1,0.56000800000000000000
df_under70,0xd946b50e437888851b9032e01ab2f52efb594b858650f07f06a1f4d941143c79,1,-0.12138200000000000000
df_90plus,0xd986b03674d1e1bf54b9cf25448c667452975dc068ac12e36a0b23cf96cd1795,1,0.06214285714285714286
df_70_90,0xd98a7968d1039f08563abf2eba842636cf58030be550d5d3f4548fe9d97f4fbb,1,-0.55275000000000000000
df_70_90,0xd99c60888ea71d9cd9ad5e69f2eae30a2c7439b228827211d880f79c05c376c3,1,-0.27202366666666666667
df_90plus,0xd9a23115df9698780e32b300739bcacadc9395e826d1b4c4608d404175d7ccea,1,0.14427393750000000000
df_90plus,0xd9bba7d4993e49894af12f37944648c6ffc5423739a1d9aa48e314379dfcb76d,1,0.56440000000000000000
df_under70,0xda41287cdb20c0529122e083fbfff4bb8daac885775320d682e31ada34853dd3,1,-0.53999350000000000000
df_70_90,0xda5249802c2df7dc2c9a63e07a9cacaeb77ebc226adebc32cdb3f4b44cfa7cd6,1,-0.47500000000000000000
df_70_90,0xda6877018e52e9624d651fc905ec01b9e5b86eb25c8ea03fdd3fa3027ddcf803,1,-0.50666666666666666667
df_90plus,0xda699f1aa77704fbbfe77257709ee6b0e174851eddb2463e6d865775e31373f4,1,-0.46996700000000000000
df_70_90,0xda91a5834a92b5484402be2a95427cdac4387d7b5f2be383c575f03ba8c689f1,1,-0.58500000000000000000
df_70_90,0xdac6e67bfc09e630711ceb1be0be8f19c472344ca4353b608cc3b9282e61ec95,1,-0.73235303030303030303
df_70_90,0xdae2fd2aaeeb832e13fc564457a1ca2ba7da317d89337f8b55daf16a72befdcb,1,-0.66500000000000000000
df_70_90,0xdaf4445f6d52bac31444f06ce262c8cc5c23b35cbf475822794c5107828239c9,1,0.44853434782608695652
df_under70,0xdb5f464e5b43e4f5918beeb75bb32e4db927b8d163079155f37e7f5c5d9261ba,1,-0.46750000000000000000
df_70_90,0xdb66799418632bc23574a523d9d8239b684d003e9acb442152cebe11ee0034d3,1,0.33125000000000000000
df_90plus,0xdb6834c952cb97dfccf48e719f11c914632b9762b2eae199788b53e69af62ff2,1,0.23000000000000000000
df_90plus,0xdb811e47814afe7e851371c4cbb53fce0e2e94b048e5ba5b7e76905511eabbde,1,0.20000000000000000000
df_70_90,0xdba8fd30b44e1f50cb75d4727eeff77b162031b55c4a08278519701ba1d9e9a6,1,0.48000000000000000000
df_under70,0xdbc885b0109187775630532881942434b8d6b860489328398bd822a66df8858d,1,-0.47500000000000000000
df_under70,0xdbe98f3ca185a40a9aa0678a2e79ed3b2ebe0f232e3a7cff4c2018d4e92c4121,1,0.53666666666666666667
df_70_90,0xdc340e3d0d6a9d7e5c5e65f9e7484516b1c2530bb35282a7de0f0efb4fbb6b48,1,-0.47500000000000000000
df_70_90,0xdc34b1a1507fb269c41fb4750880a7774d396f00b76e95c5746c9fe454e6085c,1,0.22500000000000000000
df_70_90,0xdc3c530b790e9477a068cb64c8d9a7222b91f164aa055176bd2b19abd299e820,1,-0.47986070000000000000
df_90plus,0xdc3e3564b443e3c792469931be4ba528b4eb49f9b56b2dfbe85d20dfef5c23b7,1,-0.50000000000000000000
df_90plus,0xdc44cd6b7aa4e581fb88f7a9feddb4db80e5901a5c53e0acfaec481ba08724ad,1,-0.55474850000000000000
df_under70,0xdcb7659344c489dcfced18da6cb7b76a4a227565d029f4caa256a6076c94ac47,1,-0.50000000000000000000
df_90plus,0xdcd01c45bd4a6507714725a29b851a8a488247d5543fc985c701866b3f5c5038,1,-0.52666666666666666667
df_90plus,0xdcf709908e8bb77938b511729afa3b0116a1eb11e55a8d9b4fff9ec1ec2a17b1,1,0.17000000000000000000
df_under70,0xdd5d566c3e92732b96cc88e6087adfd95787a2e4e54daafb3990062bed0e3794,1,-0.39250000000000000000
df_90plus,0xdd6770194aa7757ff1282b286d7e0d55118a4ad82d317d5015c6b96ee2a9ae3a,1,0.58000000000000000000
df_90plus,0xddd12119a1a48ee0794c739eb440c4447bd789d164adc13f96d826cba00f4ec2,1,-0.50000000000000000000
df_under70,0xddfe7926b77c8c942a69d8f655c09bd3acffc469a7b19df5ea4895dc97c95649,1,0.54000000000000000000
df_90plus,0xde1ca95e6cedbd2c5d1a71b541c1bdc3e0c3bbef10923b185b47d66feefa8acf,1,-0.62500000000000000000
df_70_90,0xde65545dc7aade6f9504049b28487dc6a4fb410c6b7011606640453478f252a1,1,-0.73500000000000000000
df_90plus,0xde7d0ab69c9860901626217b2ea84c962a20ad75bec7c98ae994801a2bd0de63,1,0.15000000000000000000
df_90plus,0xde8e3ed627ae6c72fbf1e042554112049f98e54203b5c6a3a1510f170a7a7d9c,1,0.23966281818181818182
df_under70,0xde92d563a6d742a4750c8c83a9c490ee5b02bd5d972a1765ab41c0f9095ef6c0,1,-0.42760000000000000000
df_under70,0xdea063b6b79c85a36fc2ac6b11f45257ab2089d8a6028208714cd46bf550d1ef,1,0.48000000000000000000
df_90plus,0xdeb6744a743f60eec009aa59e354e2a31a6259dd9a28ad4bf3726e27dced5402,1,-0.51500000000000000000
df_70_90,0xdee35a7252998fc6dcfffc4eb407a3fbb2d5242a74dbdcb74cda41e9b7d4b04e,1,-0.52529600000000000000
df_under70,0xdf13369a5e77705a1d62214dde4617929c5875f6c52b62177ccb2ea27488b18f,1,0.34250000000000000000
df_under70,0xdf555b051b32ce152f189b22ee6d1bcca18c87862cf4597251be4c4dbb73b6f7,1,0.42000000000000000000
df_70_90,0xdfbaae9f7587b11691c676d942f22b4ea9a9e3a68f7ca1d5d6bd4a1c967db23b,1,-0.42593750000000000000
df_90plus,0xdfcf09fb53ae317a24091dd1772d5f36cac719a80bf5f34a81cfccd4f24f93d1,1,0.06000000000000000000
df_70_90,0xdff3bacd1eddaafb8571ad045173b6b6413e364b200e99fcec9e2a5cf99240ef,1,0.48000000000000000000
df_under70,0xe00fc665f336de6d094ef1f4e5e2d07390309b05f41e9587a9fefba3e13e30e2,1,-0.55666666666666666667
df_70_90,0xe042d8dedadf6b3d1148dafae62610bf1ce58d0678552512c83eeb083b66077e,1,0.39166666666666666667
df_90plus,0xe0978062817e92e9ca76aa7a9f7c81682d8a9a9180acb3585b9fad004451416f,1,0.52375000000000000000
df_under70,0xe0982c3804ef36d7a28a6ab34384dc9032c313c63eac628048c21fbfc2f4575e,1,0.30500000000000000000
df_70_90,0xe0a067da293edbaed03ba0ca1e1159ee9892f11315b1ea3a263094eddba221fb,1,-0.60333333333333333333
df_70_90,0xe0a6c849e9b72d68b21328190c645a60e9e09db5d273ddeb3ca3efb4b6c30a45,1,0.34428571428571428571
df_70_90,0xe0d01461d31c98ada3371b52b551bac52ff92f088f24b3f679b64c1d2140898e,1,-0.59238200000000000000
df_90plus,0xe11c5eaeeb2c20ef3eeb6ad43328225dc9ed354ae5da076480f008ac9d15e885,1,0.44500000000000000000
df_under70,0xe120b5ac48c5e2abdfcb3e34be55567e2ae81caaa87a243e964814ca65e6667e,1,0.36233333333333333333
df_90plus,0xe1229d13a3adb22bcbd1e8ce6094c941e913b9eb5505ebaeccf0f0a1aa455e5a,1,0.08710366666666666667
df_90plus,0xe1491486aae6e1479ccfc2437e6a27cb79adf389408c62df8fa95e61ff58251b,1,-0.54000000000000000000
df_90plus,0xe14ce063583698c78f5e459a62d842036f234c2d2d5ad440d77669cee5fad121,1,-0.64285714285714285714
df_70_90,0xe1537d96b7be2d51520f443434415af5780acf69eed0e76a05b4019047205d01,1,0.48000000000000000000
df_90plus,0xe1624aae66ef1ad781d288473c3af5ebe7029fef268d049555d629a756073c5d,1,0.35333333333333333333
df_70_90,0xe1953a0f479de0ff3efabb7dff6116ff6cb9d7fe2d7ee6526c5d68da9cf09767,1,-0.60520000000000000000
df_under70,0xe199f7d72f3a7a7f7b0e2b0f2f547842fb36eaced8bfa00f12811795c9a77fea,1,0.41165700000000000000
df_90plus,0xe19b02b324d24ded95c879cc30b544dee7278bfedad14e6bc7b88da15725a6ba,1,-0.49500000000000000000
df_under70,0xe1bd581c13be7103749ca1a64d21230ed6693a162fc057d81e3d1e9237fc81f8,1,-0.47302593902439024390
df_90plus,0xe1de2664660ed1b8c5bcb9f7cab2eaebd16cf2677dbb53ffe0a003acbbf5dc20,1,0.18818600000000000000
df_90plus,0xe1ed71c61305213edb53181ac5dbbbd2828aa9a5b13f6a19c899f55524459e46,1,0.53002925000000000000
df_90plus,0xe2000201df4102cc9aea5d2a7971857d3a26f34ea05d74c2d04b6feadb30e51e,1,0.48000000000000000000
df_90plus,0xe2215da45fe8c72a7382843dfd1d17859d6d7d7e9f6e344ec189fc519d91d5fd,1,-0.47228150000000000000
df_90plus,0xe249dc590f7c1e4157a725993039f3acd09819b6076706f61022a354f88689e3,1,-0.52200000000000000000
df_under70,0xe254398c20fd6166bf2fd564b474c131ef48a558bfd228aa535e35bdea106fcf,1,-0.38400000000000000000
df_70_90,0xe2671b2075027e789dd1066e9976fd4515b4db921f84f05d5df463bd0165f950,1,0.18500000000000000000
df_under70,0xe268a524be61fbefe911ee7354c62a5a09a8fa7c7f8ea702f82d22ec431c3887,1,0.50083100000000000000
df_70_90,0xe2c2cba80ca7e745aef3ff3c3a359db4d862f2b0ea40a9821bb137bb9e31b40f,1,0.09130434782608695652
df_90plus,0xe2de941b5d68bac3258448390f94846bc015ff9273fd25abdf6f73b0fd0e47ba,1,0.22000000000000000000
df_90plus,0xe2e3e289d42ce5df6a79676f3339b4e9dd353ba97dfe45d272c030599151cea2,1,0.28875000000000000000
df_90plus,0xe2ed6cfe00fc17e671c3a6e1de68be244dccb233b32e40902454dd95df9c60f5,1,0.55000000000000000000
df_under70,0xe322faca2a534900680db54e3a4349a61427d347b6f906d2eeb01f81ae1b082c,1,0.40357142857142857143
df_90plus,0xe33f9fa333e54eca35e52e2f234bc6527667ff90e7bcde6fb1512dd8992add96,1,0.06691800000000000000
df_70_90,0xe38c513ff550dc446ad73053261eb0105197651355b413541574d831bab539fb,1,-0.74666666666666666667
df_70_90,0xe3a20caed4d81a0d90aa0cbd95f438948a39701cf5beb2811b659155f140a90e,1,0.64000033333333333333
df_under70,0xe3bf60e06ad404590aa8581b5563ca079f600279074606987ba539c59985d27a,1,-0.41000000000000000000
df_under70,0xe3d3e8fdccbfe2c879be8cee1e6899ee329d8bad95aed743bedfe9289cc5bca7,1,-0.45333333333333333333
df_90plus,0xe3d7ca04fac14044181daff35448515ff016c08be1c44e84052dda95794d5dc0,1,0.44007450000000000000
df_under70,0xe3ddf1a7548e4c72bc094cac2753359b40a2ebaeaa5e8b0336b9249b1ee287b4,1,0.35000000000000000000
df_90plus,0xe3ef9372df6d154ea1b9802bac6532da38b5384c0010bb2228ff8e49df9e67b9,1,-0.40000000000000000000
df_90plus,0xe41d7765de1a7284223b88475ce83a497e758bf6d355e3fd23bceda348812e38,1,0.43336066666666666667
df_90plus,0xe433fb5ad83d9c3d61e632e2cf475179c5c1643868cbc8ab07e4ff32ee170c5a,1,-0.76000000000000000000
df_70_90,0xe43caeeefb9438d44e3c73a10dddc88f3dd355daf89d0586f8e9c2369bbf762f,1,0.66357142857142857143
df_under70,0xe455a699cef84722e86965dcadc5f8f871477223238602c2ee8940fb6a9ccdd7,1,0.60032800000000000000
df_90plus,0xe46277046a5c17f5d921bd645887e46e972bc6c9400f41387b0f71fcf6ec904f,1,-0.47666666666666666667
df_under70,0xe479113b196827bef3a900e90c63eaac8be015f96c12754593324a94e6f5406c,1,0.32250000000000000000
df_under70,0xe483f47893f6dcd5fe8da9858b2e03c5f0bc8c5649f54e11e46b0467db12d259,1,-0.51000000000000000000
df_90plus,0xe48a03aaa46279d97e8221b9ac30d8e3180da20217c3f35b1b9b13f69eabbe4a,1,0.25000000000000000000
df_90plus,0xe48ef90e4188849fcbd81ea7e88516c24ebdd9bc701bb1c0df06f23ab8e68aa6,1,-0.80593766666666666667
df_under70,0xe4bb12cb5222683ea5cab59484b97304a5e5e353ecde8d3a328d3cedff68e1bc,1,-0.44000000000000000000
df_90plus,0xe4bff3f50a7f093065d15db9662ba8d7e5aab31fc288c8b161ec394ae1e96662,1,-0.69750000000000000000
df_90plus,0xe4d7c15b723f83a1d16663a990d64faab84a684c650e06c035d6b533d23b0040,1,0.33000000000000000000
df_90plus,0xe4e772127cc217f1f9ab8efabfd1cc99ecbed62795fafd3a0d11e025209e703d,1,-0.40857142857142857143
df_under70,0xe4e97ed7d3d550e4e5a3fcf0babd8fbae86a0728861bd6d313e8ded97d8f3df2,1,-0.54921375000000000000
df_90plus,0xe517720150282acdfeeb401e7a8d5c14132bd5559cf5e68be38191817010d0f4,1,0.40000000000000000000
df_90plus,0xe5304b767638fa30212b176b62a75fd4e8c6c92195ae2968cd071edc048ca4ed,1,-0.47000000000000000000
df_70_90,0xe54f2dc88adda1f328beaa9cf54913c1240f0188b3ceca8779f83fb0d5e145dd,1,-0.46428571428571428571
df_90plus,0xe5708a1a592904bf3c74a0c0c0ac0a67fcfc5143e6e03a563b4a0fab26c1ed6a,1,0.07500000000000000000
df_90plus,0xe57737c36bea2728ff49d9347740e6571054244e79bc53aef787bab599283462,1,-0.83250000000000000000
df_90plus,0xe5cd23076f086aa73e44c920b9400b03b921a885671b5106e1728f14f7f7b8ba,1,0.16526700000000000000
df_70_90,0xe5e75db7c18a2a9caeb6234ab0505e06064c26293dc64bd65e31a70bd7a66a3f,1,-0.49786280000000000000
df_under70,0xe679ceffb8016721fbb3cdaf5cf7ac2f2a3cff1d3c8fd52abaaca3fef2a7e8c0,1,-0.45333333333333333333
df_70_90,0xe690620297dfea974d20df84b4cf90460e46a26ec864353482717b90509a3c0b,1,-0.59905454444444444444
df_90plus,0xe6d5a5edac7cfbaff4f0787357ee17944ee7cf03f484dc4d6badc8bb47561802,1,-0.50664633333333333333
df_90plus,0xe6d9c626f5926c221fd4233e0a635390db0ae6d8b04d4dfcf03fd19d39c7ecfb,1,0.33582800000000000000
df_under70,0xe6e7232371d3d0498258122b69e9889c3341ad3eeb0d8cd1851a91f585f70140,1,-0.44000000000000000000
df_90plus,0xe6f040d202cefefe47bdc9d192303905418223fec440f96eb2abe98f3b701bd4,1,-0.79857142857142857143
df_90plus,0xe6fee254dec84bba2cb809dd05ea0fccb291252da5b046182c2f29ace761b182,1,-0.65500000000000000000
df_70_90,0xe70fd51f42e61fc309d8e57019a7b76c8dc7bd19b473351d56ff1e125ae0d9d4,1,0.51735799248120300752
df_under70,0xe715ed16f75e109fd6690893884ecf2093b5daf02e4af2f08d29a9b956f7e8e2,1,0.68930800000000000000
df_90plus,0xe71caed7f6ab972aadba5c34f91163d040c962a669d7e6b093aba1ba97a1f52b,1,0.42000000000000000000
df_90plus,0xe741bae99fc9da13f2b1dd8591f92dfff369e79f7a0a48f8a4dc3b26afc0c0f4,1,-0.41000000000000000000
df_90plus,0xe7583bb9ad9406d223d1ece566f3ee78d58e061e33f51db240934ee261266fb0,1,0.27500000000000000000
df_70_90,0xe76d397afa47ea028b914eec69543c69f9bbec8c313bd3a1dba022bd050b4c22,1,-0.55200000000000000000
df_90plus,0xe772a83565a918436561c25abc500af0dc11fd2903050f47f185b7899efc74a2,1,-0.65750000000000000000
df_90plus,0xe7ca40873cdf7f97b983caae0db2d0b28695597a09da8e4a7cf52ff0a6c516c6,1,0.15500000000000000000
df_90plus,0xe7d813bf752081508adb435d4d9a587c2292c11ff8b5ddfad0ae664466f9346d,1,0.15714285714285714286
df_90plus,0xe7fa223cd125e6d068d1f5c4fe1aa6a35e395f90915f7b7d983027ca646dc891,1,-0.41708700000000000000
df_90plus,0xe821c4eeb243d0c8533e63b605e49f906f096944cb79fee04d87120e56ccf0d0,1,0.23000000000000000000
df_90plus,0xe83a97fead69a6b2aa76e5d6a8baf6b2855e94a41aef397d46976371e5ff3fe8,1,0.38000000000000000000
df_70_90,0xe86d3da939f0d5613fff5e4ff5332c93558849e238812d2a615d81c48386a790,1,-0.55570114285714285714
df_90plus,0xe8791038300a33a37645044fe40292c268183bf079808a833c1e7bb8d3b0955e,1,-0.79094033333333333333
df_70_90,0xe8b0a13c20a94dc28e10736419d1f51c4374b8bd1ac2d61bc9c56c426b96fd12,1,0.56000000000000000000
df_90plus,0xe8d9302b2491ab432ff28c5f58c49fb1603ad1a64c4c827c721e9c7e5fbae4b9,1,-0.59923866666666666667
df_under70,0xe8f3f0eaf784cd02e47d31aba8244c84f4e73c6a8272dde8515bd18184f4fdf1,1,-0.60000000000000000000
df_70_90,0xe901129bb3629cb4ba367890d24e195c233fef0a9877ef2f786f51fd7c64440f,1,-0.51000000000000000000
df_under70,0xe91a3fd9e7335667c3b418b89e08502bfd19088716f28019f86bbe3961135eb7,1,-0.52500000000000000000
df_90plus,0xe925f30538d3eda3f9390ad8d42417e8bf9e1c5204ab20f8e6c066998c88ee46,1,0.48623350000000000000
df_90plus,0xe93dabe2f1870b268da3352d92c27b5a5434e86b10be9ecfb2ba589333108928,1,0.46000000000000000000
df_under70,0xe945f7138a82949a0cfa2afdfa4a52f935fb7960c294cdcd13b427ca2ec92357,1,-0.48666666666666666667
df_under70,0xe949e3949780dfce68fc24136bb3f79e5e1ad94d0001079ee26f6b474d77d355,1,0.36929446428571428571
df_90plus,0xe95c61d8857061e6828a8f77fa6fe4b1e231b166299527f8ac5092bad77c211f,1,-0.69000000000000000000
df_90plus,0xe977a5bb87218f46c1e056bf2befa049a6431a73438f232c42d6f1fe1205242a,1,0.45095300000000000000
df_90plus,0xe9790f4ad8728e6f98fe35149254cd74f72a4f44dac289e843b4795093ffca18,1,0.61272300000000000000
df_70_90,0xe9b6af2b81a59d36a47915db6f54b6af0e3dd19883382aacc41fe82e43cc2313,1,-0.83444444444444444444
df_under70,0xe9b9f9a110d4e791cebc125fc3cbad7e83c4128b97712f45411cba50a1b4b5cc,1,-0.48000000000000000000
df_70_90,0xe9d96f957f3f5e4ffa0e920087edf967c4cc353e9d1ad0c2d7ae928b32b61cb0,1,0.28192307692307692308
df_90plus,0xe9df594cbfebb4df47a05a12806018b446f59113cfc9f4a1dbb96c4a2d05a489,1,-0.53768550000000000000
df_90plus,0xea10d8dd95b0c4ad57330dddb04d8d832d0c85a5774c75e58628622f0aac5332,1,0.30000000000000000000
df_90plus,0xea65db68df175eec2f3a6332ada1ff3fb3fd74be05955c61a9f0b5fa19f4c440,1,0.03600000000000000000
df_under70,0xea6df785da68cafd307083843ec34cbdfb73b55d82dc8d35592f15285977ee92,1,0.64000000000000000000
df_90plus,0xea7f963972609fa934a8033e3a677bd3624cfa5b40a563bbcfa4579e283ae088,1,-0.90500000000000000000
df_90plus,0xead6fa677653599171b228853335783f28f33c5b8cd9f13b687c17783dcd5f94,1,0.34578900000000000000
df_70_90,0xeaea18e8ecfbf59be46b42cf5535a1171276ec9ac9e971503989328f709c171e,1,-0.63333333333333333333
df_90plus,0xeb09515ac4bfd413dbdecd22953cb8ba8bdc8428ee0b79b8ce666c3dbf78c507,1,-0.51000000000000000000
df_70_90,0xeb0de200851ebb80eb722c8b02e2226fe76e91e86a7cfe7e38042632e42d5ae9,1,-0.29875000000000000000
df_70_90,0xeb24a4ebd21a1351b50151b8213cea02ea0e822f5aee2c4d5d72c452235db1b0,1,0.50000000000000000000
df_under70,0xeb332c4077ea1847eaa8a6c1e24a46c9cae14f426d3e7ec08861c3694f15194d,1,0.53909090909090909091
df_70_90,0xeb348b65a59bb2752d3dd10636d17de501df76a424e978e136d22e76d07c84e9,1,0.41642857142857142857
df_70_90,0xeb59effaba8164e18fa022d3ab889c1868171f599794bbbce7c1b36ef845056e,1,-0.49786580000000000000
df_70_90,0xeb83b484265e531f2420e8b6a5f64b6b80258cf9bb45cb421cee504772ca20a7,1,0.54083333333333333333
df_under70,0xebb200cb08bbe89c2523a345947d083a992e27cc479cf1b5568407751e026d2c,1,0.68952380952380952381
df_90plus,0xebe3704ea7ef134bf3433df304367b057a54078ea4ae78b1925efe44031c13f8,1,0.24625000000000000000
df_70_90,0xebfc4972fa10272d79851eeeffa93f91c7fbd51231b4e971af182d01c88fceb3,1,-0.51500000000000000000
df_under70,0xec0eb481e17d6a7f803462d8dc8ac337a0118dab7b6063bf841c98df45875475,1,0.33000000000000000000
df_70_90,0xec441b8529f338c97ef74c11de811a52ba9ef3d69a3522054bd6fb2931c3faba,1,-0.52000000000000000000
df_90plus,0xec5ddb14b2703348f04461452ee37086e03cae0610e7ee53cf4ae17824cf6286,1,0.35564100000000000000
df_under70,0xeccb83a4273eda4a395d3d603e3b5af80e3bf214a95c7e460c10667967017b89,1,0.31666666666666666667
df_70_90,0xeced37a42da367a843d417a5bb7e5c985c6304f5f0c4f2451d1a021ce4e6e30b,1,-0.46857142857142857143
df_under70,0xed275b2bba23267e5410760b9cbf4e3a42565af0f5d64d6eb7862482efb21574,1,-0.57000000000000000000
df_90plus,0xed31efc5fbf2602d82b3f7fed2aef82fc31bc7ec3dd117c6ee23ab48a3976ca2,1,-0.51333333333333333333
df_90plus,0xed437b50a7399c0c0f4de17f72872856b4297591803ccf416cf8b13c6c8bd4bf,1,0.25500000000000000000
df_under70,0xed4f26c9cdc937a2acd916229c1f365abac88f58bed8d388cc4737b4c2482875,1,0.38207650000000000000
df_70_90,0xed4fa0c7a11d55f2c3bcb5e13d94d10b0dced33d7f195748990be092b70952c3,1,-0.79947368421052631579
df_90plus,0xed5203d21a26b12d1a13d1b9ce5b58423880e4da0bfcac2ba246c751ef83c413,1,0.44000000000000000000
df_70_90,0xed716b8f1c6b88b85eec26a59ea13c56a93607703d5d7ae43d7a1057f4d96d7c,1,-0.44272727272727272727
df_under70,0xed731efabe978ae565a11181e2d785df1d0629a9614df9e372e40a8fac35af2d,1,-0.46833333333333333333
df_90plus,0xed76e3c271f4e24a3db2436cdf2c314cda43909fbc94c2bc34631a01cd67d3ae,1,0.24545454545454545455
df_under70,0xeda55c7409e9f0f436377ea300db42db6c576277846df770abd1391828dde639,1,-0.73000000000000000000
df_90plus,0xedaf0b2a234f4a765b8e13b66ebb8804803a23e5c74ce1073c78997274c0b511,1,-0.65000000000000000000
df_90plus,0xedb3019370258d0a3b8884c02af3e057c3199d421815484036f2a18d8b5c295c,1,0.13588716666666666667
df_under70,0xedeb0024a221396f0d59d742ebe8a59389c0c980d422cab9d4bcd006eacd3e44,1,0.49750000000000000000
df_70_90,0xee02e7da504ef2a7fde5418c9774bab7e4aef18522297323dfab84e18b6b1ace,1,0.47750000000000000000
df_90plus,0xee08a43efb9c556696204333b15f0fd876d3ef5b0d8b1c8a4483e45804e771b5,1,0.23754460000000000000
df_under70,0xee10d82d435f8fbda6ba7178b7ce9cc0bcb527d67a49e1c4205a1f25452da1cf,1,0.47666666666666666667
df_70_90,0xee18e2be3e48b1561811f5be46773447f590de5e44ed8a540dd27d15a9f08dd7,1,-0.43000000000000000000
df_70_90,0xee1b87b97b7d4027d4b10e689d5e6adae94aa1bde43e2ab6a09cd8c7891ddcde,1,0.38333333333333333333
df_90plus,0xee49e8198f51e9ba029fc1932e19c57f083c2b4906f04962074f2914ae3cb380,1,0.20666666666666666667
df_90plus,0xee5d05fdd0f8dd96299dd91d337a8ecbc7de0d5fe96d6d55f89059fb773233d0,1,-0.51000000000000000000
df_70_90,0xeeacf73ffeff2b71dbcb36e8af65c76319b40865a38af41ecc7f936f212fcf4d,1,-0.51000000000000000000
df_90plus,0xeec06128758c71d78a20fc4868190e0518217f0414443370fa10d962987d8340,1,-0.53240000000000000000
df_70_90,0xeec0dcea9df0643a868e9b152752473444ab03d9f6db1440ed66db8e76f93a14,1,0.18000000000000000000
df_70_90,0xeed5912efe864c928292b17eff730392c2503c836f5c3cc86c2b2bc5571c1c17,1,-0.70214285714285714286
df_70_90,0xef2bf6eca9564885099af0ccb3a825e5c3f59b7c86b2e32bb9f3dc33662829e8,1,0.28901560000000000000
df_70_90,0xef4d1abda2794b38e0f82752e0cbd279b036a2e383b7aa679b9605342b10a580,1,-0.44218450000000000000
df_90plus,0xef9f2245a2aa930c04465e73bbcb483810d67660568ebcd18d2437397ba1245c,1,0.50500000000000000000
df_90plus,0xefae165fdde11e136354eaa8be453cbf3a97b05c44270d40633dcd46d28ed2d6,1,0.25467400000000000000
df_90plus,0xefd54d83edb9aea966d979ba2b3e809aa8eb9cae9cce4a12a910e7fb0c48c9cd,1,0.42893400000000000000
df_70_90,0xf0164e968314bae58a0440248e2abd20ee9e4704df2b24c98c50072006b26315,1,0.46635751250000000000
df_90plus,0xf075d746536b9a9a0f076c1cde8cce2052305b8364539c625470a7e5b037d8c3,1,-0.27000000000000000000
df_90plus,0xf0e0c177e541cb5a98d04fd2edf15ef4ab56dc8aff853e933778741d2a7032a7,1,-0.50935200000000000000
df_90plus,0xf109a0e7478f4746ce0c8acaa1455893bc426b1c07028fa136562dac7f5203e4,1,0.41333333333333333333
df_70_90,0xf1308ead2907cb337f702bb95418251de6daff58a63c7bfb9f83735be83d8b6b,1,0.56122300000000000000
df_under70,0xf134b5d6d31ea59fe65cb22961ec1120e41a2451ef9311d6b750d6638a1c9322,1,0.42184133333333333333
df_70_90,0xf137a63511ef92f91300f45be56da5994ed84c4b820bdfeb557adc7470f0811e,1,0.49731033333333333333
df_70_90,0xf15fd5d5168b80720c307ef56295c80375afea183d174a9ba10a66c2a5208ee1,1,0.51127133333333333333
df_under70,0xf161117482d741f8aef64794048a43b1533588d49120b25dd6170ffeaccd360e,1,-0.41201733333333333333
df_under70,0xf16a350408098cd7c231454f3899fa5fcbb92455f4961f66ba1f274cf7cc8162,1,0.70250000000000000000
df_90plus,0xf1963b7540d4e8aef7cdd68ec7a45d3737886f533fe8594df7ba6ea4c38a8d03,1,-0.48000000000000000000
df_90plus,0xf19a53afb615e3d80cddbca6e41e57833b1f723cc14c04bf6ff88568159702a4,1,-0.68000000000000000000
df_70_90,0xf1c20951d3e2748c9a4a653d829495f557e6e101319714d6afea4d80eeee3880,1,-0.30425900000000000000
df_70_90,0xf1c215b6038f2290110e65366460cf561b6e53679d35107b766ca749d15ef45d,1,0.48250000000000000000
df_under70,0xf1db6e4bbe2475997c76cfcc60fbb937d48eb06cd116f51f8285fd77cc5caaa8,1,-0.21315733333333333333
df_under70,0xf1dd418c956ef62820d2e263cf8f819a793f4e903218702e26623951eaafde36,1,-0.74939700000000000000
df_90plus,0xf2215021b876a363cffe9467fe3d6ba34b38a3b61ee7ed9a74aa58395065c64e,1,0.34521700000000000000
df_70_90,0xf224cac9c315d3693bbcbd8406460b8052ecc40df364f7e2bc6079c072cfe219,1,0.29705882352941176471
df_90plus,0xf26b46b3b66c819b5108e1078a1a5e81300c0aa5eb8dc7595d576ea123ebb767,1,-0.54000000000000000000
df_under70,0xf278f9bb7161847a264d8c88af9f6ff2b4aab9059ff7b9ab175202992031407d,1,0.27500000000000000000
df_70_90,0xf27a7b1a177c026da6f85127551ed572f5ca64db4e174b8a816ddb18fe5f8ba9,1,0.47083833333333333333
df_under70,0xf282bfe9826a358541f0b97e16d8862a551d1f2bf8028ebb01eb6d25a51bfb51,1,-0.66000000000000000000
df_90plus,0xf29e8ca118bc47e9d5d162191382c8700213730e6f5959d69b006c64e16685a8,1,0.03221800000000000000
df_70_90,0xf2d8503c18629fc7775ef40a94c78a9138246fc70f2ceba17d5ecc304c5a8ce1,1,-0.66859428571428571429
df_90plus,0xf2dbce3795ec857534dde21ec1cc07aed421c1cfc8d632557b74dbd2a81ea181,1,0.15500000000000000000
df_90plus,0xf369b843628f0aac14e629956a5ca5bc4e9dafec504af4ee57e821e1e60866e7,1,-0.75666666666666666667
df_70_90,0xf3869157b5e6914f96126ea7c8d34e0f7623dd2557d2266d4616440feb93deed,1,0.37250000000000000000
df_90plus,0xf38eb2d29d50d9f0f56ca1e830000869450b1df455aaa62acd5bf2576636baac,1,0.47066666666666666667
df_90plus,0xf38fd2da92a4b67e9a3e83ca109d45d28999069393e95c41f534da0bb8d6af1c,1,0.31339935294117647059
df_70_90,0xf3a4ebc0e59aadc6c37a49f7e50c34233925d15868fbdef7a83c4da274e1dfb3,1,0.39928571428571428571
df_under70,0xf3ba713405b219a93eeada80d705a18e31543b7f6f8417777dc8f307012e1669,1,0.45000000000000000000
df_70_90,0xf43ff51691087995246d3c5b369541b8fd18fee9307939dd03c64fa74bc3c05a,1,0.49000000000000000000
df_70_90,0xf475730b3e6403bd4893bc09ee57bc714535fbe902fc6faf49ab842abd6ed4dd,1,-0.62763900000000000000
df_90plus,0xf48af9b91e1b51294ead87587d97446e1d4330cf2137b0cc29cdb0977d663a8e,1,0.11001025000000000000
df_under70,0xf4940ecf28b4fea5444cd48ec6ee337efc8ec7ccaba4c325941ce6429924e9bd,1,0.52000000000000000000
df_under70,0xf4a873d2bafb1fa680a6bfe72ecdf02b1a652cdae1f5f9b313cc23b9c731d21b,1,-0.37666666666666666667
df_90plus,0xf4cad1aff5701953f55578f48fa9d8dde899c7ce231f469388bf02bf68cb3425,1,0.57000000000000000000
df_90plus,0xf4cd4028db5fed58a544bbca6709e78e110d7f6cef28624f48dd212d170feada,1,0.57035800000000000000
df_under70,0xf4d111c515a1c64c86cee36d27b1a0c009706a41109668a600b34398efacbca9,1,-0.60666666666666666667
df_90plus,0xf4d4b372f63bba7381c467b34afaa8f8e2e352760de735a61684023e067368a8,1,-0.84572600000000000000
df_90plus,0xf533732b78d2c64a29a1a70f375ffd1f39d32b2024127798ccb4411e77743e11,1,0.33000000000000000000
df_90plus,0xf54b0de2e018132a2dde2abc0401702023e8d23b3d2070d59a55a18726ab81ae,1,0.19500000000000000000
df_90plus,0xf57902fb236a32a52a6230e8c7c46d0ecd13cd04b43fb48064007666b0ef1ce5,1,-0.53109660000000000000
df_70_90,0xf5956e111e0e9b352200e89196a1e68b294d349644119cdf862221e9567cd069,1,0.46117042857142857143
df_70_90,0xf5a0c2d5b6bf0a7b9899aaf4c6237b08e1dbf8d17430fac4de8468a6e2df2e0e,1,0.36751870270270270270
df_70_90,0xf5a9e3349d8cbc4354a8ee9c6a8f527d5aa7dc2c8db453490cae59438f48a81d,1,-0.46414733333333333333
df_90plus,0xf5cc5eb8477c1fc806d38dacd0d2566438d5fba3b70c0aecaacfc97e8c0de442,1,-0.64885857894736842105
df_under70,0xf5d121bfdc08c838df6dbbc9691ecf0207de71094b7bd94a1b4c7d0e1978e2c6,1,0.51000000000000000000
df_70_90,0xf5d3eeed8260951cc0b3d8c63b1415f1321054b45a47ec1dcc8cf8c380192c67,1,-0.53700000000000000000
df_under70,0xf5dd16cfe15618cbcb55c9c7793d517315129504b6a4049fa773cae5049c4930,1,0.34000000000000000000
df_under70,0xf5f92385410ab388143b226e44bc97270f9f39dc3a3f76c19196b48394d37966,1,-0.42200000000000000000
df_90plus,0xf666fd961d005cacb389bf548088918a4f915981c2e1ce72ab006cb860993310,1,0.48393700000000000000
df_under70,0xf69f20bd0d98517d62c583ebab6f1d739f8b238fc65b390ea2852871e2de6051,1,-0.40000000000000000000
df_under70,0xf6f6353010773ee04ab97efe632d0d1b5665ac8a3c7f616a90efd6f2a51e52d7,1,-0.68000000000000000000
df_under70,0xf6f693f2d5b402d1d35d78cdebd7268bc219976effb45ce4c10a9b658189258a,1,0.41000000000000000000
df_90plus,0xf6fe0dfcb5be2f8e961972059e42700713164673bc7463a28d029602b5e3df18,1,0.12333333333333333333
df_under70,0xf7251f18a3761e118655a5bb7c12a0d0126255ab5dc9a8f3eb2eb4f1cfdd1aac,1,0.44333333333333333333
df_90plus,0xf7266d7d2dafb8632bb8531f6c47320a81ae547581895b8086fdcdf20e51a153,1,-0.69666666666666666667
df_90plus,0xf731e598c0a3b7334b370dbb982f3ebbaf4243ee100a4ec51d6a0513061702c8,1,0.12000000000000000000
df_90plus,0xf77e62220227db0862e20ba0fb1743fd8f4cead574f2ebc3d00a9671394bd922,1,-0.41561866666666666667
df_90plus,0xf8001a9c2a7c4930db5a1d99d2fccf71b839534fade3910f2807662d722e4e45,1,0.04033333333333333333
df_70_90,0xf83de5752a72706d42774eabee977b1e76c570a159829c1648f96cf1a847c4c0,1,-0.55500000000000000000
df_under70,0xf84f5a38bdae656f9329a97ee558aaa4c3bfc55174f919620f795a61c9e58510,1,-0.49000000000000000000
df_under70,0xf88edd6eff8eb2805aeec1ecaa154f3c5381f912fe3a3b43176ad006ba5b5797,1,0.23000000000000000000
df_under70,0xf8aed03f04ada65ed26a78a6bdd2e8397b08d0733fbc81c56576e68a2ab05ad2,1,-0.51000000000000000000
df_90plus,0xf8e8e1cdf6da68b5b79004c87e4f845ee28e78929c598746c0e63731d94c391e,1,0.06666666666666666667
df_90plus,0xf938675c5383f1c313e5eed3636c58cf116927fc5911a64bffe1be576bda4d25,1,-0.77000000000000000000
df_under70,0xf95968b1334c35a5c17867680d783d1d592bb8648b014f7365d03e40e37c99fb,1,0.43080459770114942529
df_90plus,0xf96847a8f7cc56b1957955cbbdd043c316100866f4070ba18548804b61fc4574,1,0.16000000000000000000
df_90plus,0xf993e4cec8b08c0b76e52e16b4d26327f1aacd87c37e7189d5acac8e0b97d7b6,1,0.09878800000000000000
df_under70,0xf9b6b82f2d64af8b1af14ee9e89c1de0345c1c603f637f22032ff9e67792a2af,1,-0.56795989473684210526
df_70_90,0xf9d50eb856c853f734158294d38e7fa3895a025dc2597dde9956c81f14458cf0,1,0.34444877777777777778
df_under70,0xf9eaf1a6678503d387de1fd58e5e972987743c2cb30e87f8311f567e67a82e26,1,-0.51008600000000000000
df_90plus,0xf9ec009333c869e447b6b034e356259eaf2ae0d630052935f3ec2a2cdd74c2ac,1,-0.64855833333333333333
df_90plus,0xf9fba5c69db2d6ed43112bc93dda07388e3cca1cd18d576f9de4fc0511acc201,1,0.14823225000000000000
df_90plus,0xfa0717cc2be9fb8434051b76caf38f539c102e6283edcdfbee2c35d79f46b1ee,1,0.29000000000000000000
df_under70,0xfa30aea7e7856be05cc2b71ece899c1b12eed714a378a81eb2eefc0a8439cd74,1,-0.37000000000000000000
df_90plus,0xfada1a1ea8a231ee0e232b0fbb0b57b1230693f0981de1e72176fd5b4f4700b1,1,0.34000000000000000000
df_90plus,0xfadb4ce0f2ff95054d2e58c5425bbf2c9c348a6ef588dceeb44ea40f183ed50f,1,-0.53574400000000000000
df_70_90,0xfb22501ffce04e5a029bcc79ebb9e6a534cc676677c1354e29d29e3adfd08f46,1,-0.60919809090909090909
df_under70,0xfb2314dcad9273745bd3de0db31a2036cda3eae847039a58e41a3c2dcc233657,1,0.50250000000000000000
df_70_90,0xfb2e524094df09bf6078173417b9d3f46b4b84d62366cd6a158c79dc180441fe,1,-0.73250000000000000000
df_70_90,0xfb523cdb2c2f3e2128264f030d661419df9778bc819152b35970e641ee6d85b3,1,-0.48976733333333333333
df_90plus,0xfb92baa02cf2853ff27fbd9b593d7b4303eeb2f2e1e5a494197fb69a18a5cd4b,1,0.54172066666666666667
df_under70,0xfbcdae24669153e811b86329a4adb56689b590845b02fd0c16e7b1826c863034,1,0.25538461538461538462
df_70_90,0xfc35bff2ad7d9edefa77d1df366161a4aebebed33e5dda6ff932ce7c8e00edfb,1,-0.11000000000000000000
df_90plus,0xfc4e311005805e09422c981a3e75732b0506159ca0c31672f7f1b3b0f84ec181,1,-0.49000000000000000000
df_under70,0xfcdca19394530ab70264089a593cf2a0548e5b0f8773bdbc4a496799474d77c0,1,-0.45000000000000000000
df_70_90,0xfcf7c5b8a12b6a4f9c6f3f2cb18558dc5d4d747d3a0a40271cda0abf75f35c05,1,-0.58942300000000000000
df_90plus,0xfd2052594f25def40a18550640ee55714e2b45e1302e1ed59a8b96427742992d,1,-0.52000000000000000000
df_under70,0xfd2cd91be3b1215099cea2512b3c98c3e2da290064dfc0ca815d4e315fb6fdf9,1,0.20300000000000000000
df_70_90,0xfd565955b77aa7d5dc969e740eaf052dba31b9ceed59b5bdaeec9b5d37a16542,1,-0.75000000000000000000
df_under70,0xfdd4ebe45cbb144bf0ab23edc02699a091ef916e2483f67a928f78021bde09f5,1,-0.59833316666666666667
df_90plus,0xfe0b593f9752802b1aeb4745beb6cb5a97cb01739b9331e109f3a970f27cbf38,1,0.27299100000000000000
df_90plus,0xfe42f3eeeca128c49ac1c603b75bc5b7997936fdedcb816092c88cb04d2543ea,1,0.34500000000000000000
df_90plus,0xfe5703b21c9dc7e67d8e24681a080d515824d7ba91e7f1c73bca8325bffa41b4,1,0.23500000000000000000
df_90plus,0xfe754df11b052ab80e28100162ab99ea7e2d7fbf90de28acab6962aa86bb4bf8,1,-0.34467300000000000000
df_90plus,0xfe905b76a501cdd8be2921df2949c3bd7c9bf966783d1285745c36474c0aa189,1,-0.43498050000000000000
df_90plus,0xfe9d0037d1f2bd80d1202c1f75eb5660418fd8e7626394e3035c1df343eb8775,1,-0.78446900000000000000
df_under70,0xfec117e3f24c0ee72f753bb35c743d6248212998c001b400609858caeb3fcc00,1,-0.29700000000000000000
df_90plus,0xfec51420e12384ab73ffd47e90b46b3c64e746d5f4d8627d566020b7a952e5cc,1,0.09000000000000000000
df_90plus,0xfecf975f984273ab77d0d7bdbefb4ae80b31000a28e490ea90848f44f109b6a4,1,0.26171271428571428571
df_under70,0xff174bdd2bfd7ac907ada0a186bd46f202247901ea003694c861c06fe0de6e2a,1,0.54000000000000000000
df_under70,0xff1afdef47475128b85467bd1a3a4a3182da0c27409d81c2dc6c7d55b5467dad,1,0.83000000000000000000
df_90plus,0xff1ec56e0e47033727e33deab740896fbf1c6bb8a2b0068efdba3d900c7ba7a2,1,-0.83365853658536585366
df_70_90,0xff3744285965810d599d4ac7037760134c349eab25c289c14ba2523320debda7,1,0.36137931034482758621
df_90plus,0xff5f7254acc0b7276f9593401acbb989d57ec470715faad76ead7ec0abf71a95,1,-0.49678250000000000000
df_70_90,0xffa05800960fb8b1532c0f3f99f51b4996c9b447b0b195635e644e071e4b63e7,1,0.21481481481481481481
df_90plus,0xffc1f33ffb076baa241ba48915749085e7dbc319eceb1f34fed2b0ee7d2e6bc2,1,-0.33049383333333333333
df_70_90,0xffcc16466bec36ad1a0d27106b53eaf338b4013c40fa6fdf446819e14318141d,1,-0.41194240000000000000
df_under70,0xffeb9a62a66aca79403befa0d016fb2718758842a1e0e50dd16369d54b2f0c3e,1,0.38824266666666666667
df_under70,0xfffb1f8d13c2180831f8dc8302324b85321bc3d74ad28432de109428759e3c9c,1,-0.45222222222222222222
df_90plus,0xfffe245eae9b2af3c3c547829373c8ce91bbf7389afd13dd75570ef9d40e9d43,1,0.27057650000000000000
sab_70_90,0x001649e0865024e6e86bc14c95de5dfd2dfec30513565d5cf3462faf9aa54d43,1,0.13000000000000000000
sab_90plus,0x0038083fba6b4c0a4e49963e9f67c4e0a333c8886d7d8b007263ac79ac908925,1,0.06625000000000000000
sab_90plus,0x004d381f7d632fcf39610994958ef02295e0bb2b4341b212602bc2f7331550e8,1,0.18058823529411764706
sab_70_90,0x0061b1d4b49c44a05365d60389167968baf42f2b1ab99c3d8b80a8554980d9e8,1,0.19428571428571428571
sab_90plus,0x009d773159b72d0575602bd9c855bed45187a7cfdc393dc231997731754d0ebf,1,0.05647058823529411765
sab_70_90,0x00a98be91394689188f2979411d033b64ac94e86fd64c8cdec0e47a44b2b5f2a,1,0.30568686666666666667
sab_90plus,0x00bcf27e7607a88cd72d1f5592df7421420131f9964c5d3f161339899a5bf825,1,-0.69714285714285714286
sab_70_90,0x00cb155d600f0f7641bfb677a564ba842fa76017075486b6ddc558e66a5d7d5b,1,-0.47000000000000000000
sab_90plus,0x00cf3efc18a950cf442049aa0770903f0ab8606212499e0e4196bf74c102c456,1,0.05880095454545454545
sab_90plus,0x00e311ab3fd85e4e70876e4f860f6ffc2f6f3fe6c2d9c5ff972cf5cfc7d393c5,1,0.27500000000000000000
sab_90plus,0x011b0e5d3262c03cc9aff9ed177b03da8ebb1cd004c4e914a938c7c15b9a7d39,1,0.05068300000000000000
sab_90plus,0x0167879c2b764c835e06d78a4ef878ac40c72cf79fb05b66e86d516d0eea11bd,1,0.22800000000000000000
sab_70_90,0x0177a8766c74748712fce0b6ab167ed66d7702de050b0ea4ff3911703f8c291d,1,0.46972250000000000000
sab_90plus,0x017f79842c76a76ee2fd9d448b73cdfa85dcacd7d03c3b4c0a8e2663c4e84c27,1,-0.81333333333333333333
sab_90plus,0x01946be44edf4072d463be67bbbbcdf26170b4948cc1ad7c4322f9d9a46d0923,1,0.11500000000000000000
sab_90plus,0x019db3b4c51d975ab3ebbffcbeb96df45586ef82832a309b32956a84682710cf,1,0.07385746153846153846
sab_70_90,0x02103f049a5fe127c4ea03c9531772e82f3b9f5e9f5f30d67fda5b472fb56c17,1,-0.65000000000000000000
sab_70_90,0x0256ef63427ed0d9eefa1422eee948165a2a215b0741a339025fb08b2cf6e15d,1,0.60500000000000000000
sab_90plus,0x02670845f2d5fcad741f7f31942176168ed91344baf345c83383d4ca9c70ca4c,1,0.10000000000000000000
sab_70_90,0x02e6292d3236e2fb57cee80181bc59009577b2f383fc69373c4f36c5da6f9178,1,0.48000000000000000000
sab_70_90,0x030a94cdb727f201a5074fe3a29765917e5221de66cea8fc7d308f023e373f67,1,0.42195957142857142857
sab_90plus,0x03333cba94ad7239a0f3fb0215d1a480d530f86940b4da55c9ae214f0b200b57,1,0.04740000000000000000
sab_90plus,0x03363ead3b44ea49f534aeeea8286267b0e509f6bbaa57274a7d2eb3b96379ce,1,0.14000000000000000000
sab_under70,0x036b0c654502bb269410e8353735575a9203fc24acb8a321b6945c9d7ef7f25f,1,0.44000000000000000000
sab_70_90,0x04068db9551ef3a2ad5212a54ba6a19bfe53c2c9c5bd15b57a751bec0ecd69ed,1,0.47259033333333333333
sab_90plus,0x044350e4009e8ef258b56ce25e3b6dff145f426979489675b6b52373865d2776,1,-0.73289400000000000000
sab_90plus,0x044863f506fcca9771a47de547fe03e00f5bc2a7070e93158499092a6843a0d2,1,0.03952633333333333333
sab_under70,0x0455b0b4ad19700dbfa1d6710b0cf310450cb9e95ea0946fbd16d0f4cf4039db,1,0.24000000000000000000
sab_90plus,0x04902a65e055235dcc6ed18c97a77270306ddf7e4ebb54a4b1b6d1a4c60eee6b,1,-0.46000000000000000000
sab_under70,0x04b6d6630d49e6513355ff045c96439c929335cb0d18da7792dea6c2fc717ead,1,-0.33214285714285714286
sab_under70,0x04cfc9a4750296502a38b7dd244e7d7c7e277576f62a56e7fdff8ae9d4e27fd2,1,-0.36000000000000000000
sab_90plus,0x04f0f21d77609ef19ef1c36749a8f522e471802384f484b80de4f789b1a90bb4,1,0.24000000000000000000
sab_90plus,0x051b8b3dce5a70861abca27d131ec9663d9c338baabf6b4ff4f9903cccea2ff7,1,0.03775000000000000000
sab_under70,0x051e0ea5b3c394114eacf8ce5e944ca63cbb6ccdef1d086cadc5dd129a3804e6,1,-0.32789473684210526316
sab_70_90,0x05386c50bb29520c311e9c639762f2e01b70dc7d7cbdc0bb9740f95cca834244,1,-0.57000000000000000000
sab_70_90,0x0545a047677b2e2224811d9bcca35753300cc07c5d0db15bd5e03c142957529d,1,0.34833333333333333333
sab_under70,0x05775444733d1783b666cd44e77a005dfbc856e6f05ac877b757dcff0b4acf63,1,0.58000000000000000000
sab_90plus,0x057885f5f49261eb41504e24899a88e53cb364ddf95e3c0df5608200feaddff8,1,0.16862745098039215686
sab_90plus,0x05860d617ebe48543eb6cff01adf8b0b67fb5d98aaecc0e36fd37a2430af41dd,1,-0.37500000000000000000
sab_90plus,0x0594b96046c411d37686ced117713601f5b4cd544ab1bc3bd5c13d14f4491e4f,1,0.06500000000000000000
sab_90plus,0x05a303645ac39405969df3786b6e33c74ec3be9e1779adba11e619a10d1feab0,1,0.16075580952380952381
sab_90plus,0x05c1451819eb04173dac5cd2e58289b9f75c7cc0a63b5d0a440f2e7936a4cd64,1,0.06000000000000000000
sab_under70,0x06090fb772acb3d17f8e35aee927f9e42ee46955c3283d1e4c3f45b09ce287a3,1,0.50199400000000000000
sab_90plus,0x060f4b969fc1f6b09682c1e7d9ae218273fe3f197977d1db22ccea01f42d895b,1,0.06888888888888888889
sab_under70,0x061b574c09f1ba9d8f7de0d77a0403765b6059a81bcbacbd940a622e5048e613,1,0.43375000000000000000
sab_90plus,0x06215a799ed95eb008eea3d8de97448c2030f8ec790547e6ce1bd9e974f9b70d,1,0.23857142857142857143
sab_90plus,0x0647fb9c25eec2285c37faf59b1666f3e41e17cb0a887fca202cec0d15645dda,1,0.32833333333333333333
sab_90plus,0x064d10bf45774ed4c791c6ad150a794017e2357ac188b83d01adedd0b503d84f,1,0.08500000000000000000
sab_90plus,0x068c37c9b4ce10d1906a62fcd4ea97d8d2045362b20f7ebf2d28db311a941dd3,1,-0.58000000000000000000
sab_70_90,0x0698bbfe9ca640fdc5d324070cd6d2ffc0db702ed6dc6fc8cdb2e24f1b081dca,1,0.22000000000000000000
sab_90plus,0x06bdcf32ccab80d3b294dad26ab539d735a57e01e489e4a4f4161f554459d3da,1,0.31250000000000000000
sab_90plus,0x06d4d2978d8120dab65b8b72bdcd7b2fcf113d9435d6fb7b024c2bd339767d86,1,0.06000000000000000000
sab_under70,0x06f8686a7ac5a7e41f9e63bb27127d9fc554b843a9d305cce2a263686d49dbe3,1,0.44500000000000000000
sab_90plus,0x072153d1227dde8964ce7886d255cad92a1b88e088af496f6bd6cde92e24bf7f,1,-0.60852600000000000000
sab_under70,0x079221e2d63b3a7524fba0afd0b66f512f7ee67b5bf77e09494a828a7c206407,1,0.40857142857142857143
sab_70_90,0x07bad03186e32ce41e7c6fb8c8ef2cfc49df7a662a0649e8d3914053b4f33a0c,1,-0.51000000000000000000
sab_90plus,0x07cf19dc78b559bd9aef41b00839d9e5a5637a073e87eb0185ee417db4006447,1,-0.46295100000000000000
sab_90plus,0x07f258489261b9bc45ba6e66ad62ea7fbc823d54a6c60743185592933e6b4d8e,1,-0.18000000000000000000
sab_90plus,0x08066a5786c698c6de3541a9dd372b35798a6b330477ab52fbf3dcadae5578bf,1,0.11000000000000000000
sab_under70,0x0806d9065242519976a4d3acd8e438e7228c2d8537156fef93ae5404576c7ec2,1,0.54000000000000000000
sab_under70,0x0837b939fdfe8a75ee9795d59961ef46e8d5380c9f0bbd9f81252d543ec14777,1,0.42000000000000000000
sab_90plus,0x0844f49c1d5d5f6b495275c43773434e610db71ebedd053deeede6d1cc6528a5,1,0.18000000000000000000
sab_90plus,0x085e6d64dbcc4a308e7477c3bda16b8c3c62ec37f7df7a06dcafb6ab08396401,1,0.18115384615384615385
sab_under70,0x08a73b776cb2196ad40d036466a72d22c7bd784014e7d8abdaec337185512d55,1,-0.59735160000000000000
sab_90plus,0x08ac1bbcff8c6bf57b9744970faf8ef8a97fefa20737480a53af4f8d398f5d26,1,-0.68285714285714285714
sab_70_90,0x08d56195e88cedb87eeff396bd35e8b67d031e586169b3bc937b3095b3cdfe43,1,-0.68428571428571428571
sab_90plus,0x08f597781aae34affe783a26c3ebd70d6e7529ea5832f83cde42d03740f7bf66,1,0.15750000000000000000
sab_70_90,0x08f9304924ef78cbd9440242ef0293df1e43a95f03b2c7c1aa93a37c944d3b53,1,-0.45735800000000000000
sab_under70,0x091f03148f461e5c8d4740c4bf414a40c90e632b2ada9bf2b17b93189fbb704a,1,0.45000000000000000000
sab_90plus,0x091f1b8f82139c2003607f97ab88fd0f1fc8f75708935c619858e8e508622c46,1,0.34000000000000000000
sab_70_90,0x0923f4cd56ffdd032deca9984f9779303b58c6ef9317c0c6490acccb477ba150,1,-0.54142857142857142857
sab_90plus,0x092ed5b1fa0f8c26ec0fa838f427d5649c35a89da580654465858edc5fd53574,1,0.10398050000000000000
sab_under70,0x09396b2e3cec4ced5c176724d51bd577c15051a283db94cae83a747efd015f3f,1,-0.65000000000000000000
sab_under70,0x09620e07d807241bb41e5cf07d42dfd3e08943ee39e5c93ae3890e3b6164822e,1,-0.33836065573770491803
sab_70_90,0x096873e049905afa1627d5640878e5dccaf6d7ef187729adc728411b9ad69b6d,1,0.32056750000000000000
sab_90plus,0x09736de43a09191400c25861f599a6c3e8044e0123822d8e30e74e105d9b5e60,1,0.07941176470588235294
sab_90plus,0x09c148aec38a12ff15514d6a42183b796b430de040896378ef2fbdf7d83f6abd,1,-0.57250000000000000000
sab_90plus,0x09cda17fac7e2852d995348ee3990d651f67a2882805626f9036cf55ff773395,1,0.34000000000000000000
sab_90plus,0x09d20ba7f9b7a27370237e9211b761a63990358196ef395f664d92eada598b37,1,0.18500000000000000000
sab_70_90,0x09ea2e3e7e7a1bd2ea192baba2eb9efa7c5bb29cec674bbe3978c9b426ea6915,1,0.26500000000000000000
sab_90plus,0x0a164e67541bdcd46143a1d6dd768ccd30eca67f68c510ff824bd67e06ef4738,1,0.20200000000000000000
sab_under70,0x0a250f055701d3cc0263c519cee1cc8b2f98d60d2d1515084bc66942478dbabc,1,0.47000000000000000000
sab_70_90,0x0a4b9beb6128863db2b107f185521597a426356f1d9a23c7001401edfd32014b,1,0.21500000000000000000
sab_90plus,0x0a549d2fe4a227122995cc50800acf7ac0d51608867895113bed7b3146ef9516,1,-0.46500000000000000000
sab_90plus,0x0a8e603ba6f956434b1c1680120626fbb14bd5b8600b251d107465f95c638c3b,1,-0.46000000000000000000
sab_90plus,0x0abf84c016b57e2df790a22c564ce29dde968519cf6834eb8e97e96a260177a0,1,0.50000000000000000000
sab_90plus,0x0b0adca02078e24967046e7c4d79a1d405e1eb80afd8979865c32d1ad7191a00,1,0.31666666666666666667
sab_under70,0x0b355c1e83b8ee60dc0a82329549cbf9e436072110dd3a19c6fd0cf9fd3230ba,1,0.43000000000000000000
sab_90plus,0x0b77bf344d3ddb8dcae175c1d02fa316ccba516e412408c999cd42976d096778,1,0.57500000000000000000
sab_under70,0x0b91765daa443f8fb109590303c7d361e025668e85fb63b4cc8cdc56eb22673f,1,0.66000000000000000000
sab_90plus,0x0bd3d3c4c45f17c67cbe7a41bc92f6625926d47103b9c90b69d87256c308c352,1,0.48000000000000000000
sab_under70,0x0c0f8da3116a620a0b2031f2627ddcdcac3576a0c44284b0c94186bf269426c6,1,-0.52176470588235294118
sab_90plus,0x0c4334e84edeff507fe1907f7c206a883027983f74b81469fd48d8a7746cec97,1,-0.55696350000000000000
sab_90plus,0x0c4afd4cb28b8434b4efa0b8fd6f34860f0b7b88e8cc4d9180894a9fcbb9ce1d,1,-0.68500000000000000000
sab_90plus,0x0c9ea0b1503b95b499975674aefdbd6c235f68885f2a812e97ca96016b207e43,1,0.26382812500000000000
sab_70_90,0x0ced81ce3b26db93beaa581613c58161ff5bfc4aa74748ec5380b120daf7cf87,1,0.12000000000000000000
sab_70_90,0x0d2071920da35396162280a1af346e1f799ed45e019ed43fae0c88dc1ac4b4d6,1,-0.35047619047619047619
sab_under70,0x0d6e7e621e5ea2969632095002e10f744987bfc94c6a988fabc23f328ae693f3,1,-0.59408500000000000000
sab_90plus,0x0d756a9be93ac46fa7bb13b242e50befc663b8b8b76cc2b394a60f565b4faa44,1,0.04260475000000000000
sab_70_90,0x0d9ceec323925d837bd3c05da1e66586fe2b3d36f0e4335a749f929a5b2346e8,1,-0.49500000000000000000
sab_90plus,0x0db7232eafb1882507f163f73655f262c6b84413f7567b0c0d105628cace065d,1,-0.76333333333333333333
sab_90plus,0x0dc1e2c185cad730969d91c50f455f34b4745da7fd5b6a5519aabfa99ffeb395,1,0.50666666666666666667
sab_90plus,0x0df24947d64ae26592efaf3f6ec5c0ee3aa0a2c07668515dc781003ba38e253c,1,0.34500000000000000000
sab_90plus,0x0e1590e4801e320f20aae9d30278c9095217eda18075a9eb8e5f90027642d8b1,1,-0.84000000000000000000
sab_90plus,0x0e1a1dd0300c2c25ae79368a1ea80fbaaf69442a0f4fc0b3bc24e0adaaaf7331,1,0.23000000000000000000
sab_90plus,0x0e1e2085fb42249c462c5f51d56d4bf642a2be61e8b3182c71b903fd675731c9,1,0.18250000000000000000
sab_70_90,0x0e25ca26e75b5e37a27958c0be2464b6bebc820601931cb7137142dc487d39da,1,-0.52833333333333333333
sab_90plus,0x0e93fc6435e832f728e582ac08f1d337bf9c19fcec4c3a31b5190a62416ea90e,1,-0.75000000000000000000
sab_under70,0x0ea55d012e501a500011f42067b140ee5dcb4c678c94401459962b3a841ac568,1,0.26500000000000000000
sab_90plus,0x0eb1bd203708364bae1f57baaf9a7dae47a602ba5574f4518db0d2efa33f73c8,1,0.44000000000000000000
sab_90plus,0x0ec121d774f023f80b324ead4ea9e24dc52ec3e8a2134dcd0dfa48ec2d9528fa,1,0.43500000000000000000
sab_70_90,0x0ee169087f44bf54788a332128397b58f2a76ea344844ed9e4004c94a9dafcfb,1,0.33833333333333333333
sab_90plus,0x0eead812dd20ebafbf0eec0531c9d6844a111e776a440685853bc4ca91af7c2a,1,0.35000000000000000000
sab_under70,0x0eef909ecbb97c9e75ef685f8bc2a3f7e23a704d52a9085c1c124d6fa1dec7a6,1,-0.42666666666666666667
sab_90plus,0x0ef9d17aff09c873dc47a93cfb13c42ab6274b4493e022fed1f228193714540d,1,0.09300000000000000000
sab_under70,0x0efee422293f7036a76dde33dca63621667d389632a43c2ac9ebff4511d21c25,1,-0.32485000000000000000
sab_90plus,0x0f04c77d6f12d6cc69bdae925324ab6d41f01388e72d25d92ac34ebd0b3a0d37,1,0.08000000000000000000
sab_90plus,0x0f3c8df200f2cd7fbb268f03a06a31360cfd82f63ce053e341d223a6370f79ee,1,0.43000000000000000000
sab_90plus,0x0f568c8c8d439b13109756e84266ec36ea3ab87680e36dc5250842f56e987102,1,0.40563900000000000000
sab_90plus,0x0f5a9a8670cc76629faedf09ed8f64e08b1dad8727b834b31515b01322576b6a,1,0.46117975000000000000
sab_under70,0x0f5e01cf1cabb6c49e424f230ca77a2ccd3e1ac63b31ae03ef749ac2bde7fa0e,1,-0.52045480000000000000
sab_70_90,0x0f8de21a80996a54ced1327cbf4e0702d417e1f49ec6ebe267bc5664c7f36d90,1,0.24000000000000000000
sab_90plus,0x0fa4ea7c271214d91686c474973fe8ab5abe234800978325ebb8ae0450a0c940,1,0.05000000000000000000
sab_90plus,0x0fa502d616fd9802f245ecae41daf67cf57c69786576c2399bf75836ccf7031c,1,0.19000000000000000000
sab_90plus,0x0fac1fde9bf271efa6a8bcd382db88003f661f051ee7644c85ff96a6a4b2e57a,1,-0.71250000000000000000
sab_under70,0x0fbf11375faff96f8c645931a2abf8a3f196f7ef3ec9b384324bc26085ee2dac,1,-0.51841383333333333333
sab_70_90,0x0fd4d0c634da6175d02a0afe150d02d050031da5e92d0ca96ed1f89c7b045bd6,1,0.51200000000000000000
sab_under70,0x0ffb0853b21fd943fa0d591e86c9e8ce7bc779c2c32e7236c4cadfb91c38b2d8,1,-0.24000000000000000000
sab_70_90,0x10312b76609d2993fa69f27b037075b461b2ff7983911ec34c01a8a2f5c4d345,1,0.08333333333333333333
sab_under70,0x108d9284a5afb66c7a829fecece3fa3c4f7a4591ffd001addd48d854ef722fe4,1,-0.20000000000000000000
sab_90plus,0x10b4a49cc233715e3b2154533c654fcbdcac6c03b3b415611c5c014872e80b3b,1,0.32142857142857142857
sab_90plus,0x10b86541c2718fecfb2f49d65fd9109de8d05ac3ca7177edf304e317d235e1f6,1,0.40882352941176470588
sab_90plus,0x10be1745047799c6e1c253e658fc0b3261ba36a7b1278a51f570a2ad16f0fb3a,1,0.47000000000000000000
sab_90plus,0x10c98ce9c1eb1743ee49e4fedb64ef52f87c7da30c6ab5f724319382f5dbae87,1,-0.53497100000000000000
sab_90plus,0x10e5b2fe8b603b252a67f297e2f66bf22b907f9392707d2a7cd593df2599508c,1,-0.40130350000000000000
sab_90plus,0x115a4cbd340377fccae7a46f133565a791058aa467e6b4de6c6a75fac35cff47,1,0.36000000000000000000
sab_90plus,0x11602c3e49309dc1db6990df88cf31eddf034a44df2a0303ffb3188b94ce553e,1,-0.39000000000000000000
sab_90plus,0x11d0c2ade173f63c6b2c71a86196bf07027cd1b76339e7e0e3f2ab302564bfec,1,0.29929000000000000000
sab_90plus,0x11e878643f63c75e36d58024033ae710c19e696f652fa05ba705ab019402a633,1,-0.79875000000000000000
sab_90plus,0x11f36a8b804d73ffe7d4a56e5c787fb1dbfc4bda0a34d6e2af364aa7057351fe,1,0.62500000000000000000
sab_90plus,0x121bd4012ace396478c126f26925793eb6bf3cc28c3cc315982a9f91fe85d13b,1,0.22250000000000000000
sab_90plus,0x122d30a80ed10b5d4886350c1da3af6eb3f39339dbb8aeb7fee7a33513673f94,1,0.11000000000000000000
sab_90plus,0x12412d4db08dad91e4a5851b011935e53457caeb0f0c764047635dfa4b82e2b7,1,0.44500000000000000000
sab_under70,0x126431a9baddef3a5b19bfff4ce607d150f3c783fff879877b458c45eace32df,1,-0.57000000000000000000
sab_90plus,0x12658e2cc9644d77f8a621d8cc1233c698467bc62081ea12dc3423a4135fb143,1,-0.52333333333333333333
sab_90plus,0x12ad5730c9253c809adde7f40b45875f6f0910dd233195dad308e5c27aa5d5f8,1,-0.18000000000000000000
sab_90plus,0x12c17c04d2e404bd85a8c65c04cd7e8799a6295c7f74414feec5e867fa40cc5a,1,0.26777777777777777778
sab_under70,0x12c31f5a0fdcc0cb68c3af10a4bf2afba881320751c167c50c32033ac7fe4f80,1,-0.47989150000000000000
sab_90plus,0x12cf53197734b97293eb7dd7316c27991cb4b71e7452d08b4f2ceeeadd2acc87,1,0.27800000000000000000
sab_under70,0x12ddde239577983a2f2459bbac7d41739602f154f17d1ee08a0d5df5397af4b2,1,0.50000000000000000000
sab_90plus,0x12e9b523ab1ff1a3f881134cc5532cacb976992824177f99ef933e1092b12cc2,1,0.19892087500000000000
sab_under70,0x12f28bf750a67a2da5bc52328e7e77f9d36a528eea6b0cfc52cd7bd697488f56,1,0.49107350000000000000
sab_90plus,0x1326b3d37e87483d07793c3d4d921c7c0f99b13e93619c1764da27b89f90ced1,1,0.40000000000000000000
sab_90plus,0x137ae42a26fde276b0fced88f502e88a67da8e6acbc2ff8760b7e24d99234192,1,0.17384615384615384615
sab_90plus,0x1397d636d15ea0ef67ba6e1a163a89830c11ee3b792d42e6d3a4f8d0105d067b,1,0.05500000000000000000
sab_90plus,0x13f6d49fa7aa2599be127fdcbe7904e463a541e06d163c557291fd32dd342972,1,0.05703375000000000000
sab_90plus,0x1424ee43216a075ae76f3a7496360a73a91478c8b986b6e23aba03818c61cb5f,1,0.57813900000000000000
sab_90plus,0x14b517c34f558ef40685cc2969d738b25b48a091a50f5a7aa311fd9fd8076430,1,-0.91750000000000000000
sab_90plus,0x14be4c6504cdfe4b905f3c2e7d62034f35242da4cb8d0c02bfe8286e36feb5bb,1,-0.50582262500000000000
sab_70_90,0x1525f6e38aad87d60dca762113a3bc8bd48baa8563aca8489b12c79330d77a92,1,0.25000000000000000000
sab_90plus,0x156c2e109e104272e7f556d54e35df2353e99e0f7271a88fb966a665e94c91a4,1,0.21600020000000000000
sab_70_90,0x15869f0d05e99ad5789f647685b2eedbbe4201f8910a2bdb70e5716bd3674e8f,1,0.29000000000000000000
sab_90plus,0x15885cb9c326e0b618c47166283915091fd8062307df3a100866c5d7eca35a76,1,-0.49500000000000000000
sab_90plus,0x15ae32bb6f46f35220af9e623242dbcafffc965770a298316699a6ac2bb11b56,1,0.09400000000000000000
sab_90plus,0x15d80ab940cf2f7b6c7daeb265af6d49aac06796d7229c4c3ce274fb997901f3,1,0.14333333333333333333
sab_90plus,0x15e879542319645b95191277a21df2f2d2074ea46ec4e202092ac4f18ef59250,1,0.09771428571428571429
sab_90plus,0x163310d1a7d6d905e18b3b008cd2179640398b558ebd6cbee36e0bd4ba4931f3,1,0.48000000000000000000
sab_under70,0x1678eaaeeb2bad9384bef5fdc8d1bba9cafd59409d86e48531a0593b6479964e,1,0.52666666666666666667
sab_90plus,0x16c51ebf6cea99ba2d958910e743690b40c46c2a426eab1709cd934d8364a96c,1,0.25833333333333333333
sab_70_90,0x16c962f9ea2ceec16839546ce67597b758fae7cf3d43167e769b296712021a38,1,0.39666666666666666667
sab_under70,0x16c981b47490212bbb7d70edcccc419a84ff5771bc85c1b7abae37128975953e,1,0.39600000000000000000
sab_under70,0x16e57e7aa2a6af6e137de83409cc26960920cccaf3331d9a7f0a1842083f2631,1,-0.56000000000000000000
sab_under70,0x170373886dd60fb56085fe5fa3a989b737251b808cb3ccff980c30229ffa3ee0,1,0.53130966666666666667
sab_under70,0x17194fbce408a1c03404e908a670b4b1e0918741a1ce58faaed2289d9a5b6109,1,0.47000000000000000000
sab_90plus,0x1724602469147f55b70a28dbb596a2d7580eb0082b89aab07da8a36f10910669,1,0.43090909090909090909
sab_90plus,0x173102a5270697132d94444dd0a63e3befc112453d8881a0c8c43d9af1451326,1,-0.34000000000000000000
sab_under70,0x173be8afaedec7e17be529389b825fa2171aa7e6dff36fc5ad26698195dd2227,1,-0.53882352941176470588
sab_90plus,0x1762752aa32d47f535ee77518eb9850a4afb9c5f081488dcdcc89cfc28b98955,1,0.52346433333333333333
sab_under70,0x179c7dc229d757c7d1952235b0c9311e48b3437b34271248c0e3a6de366e22c9,1,0.30687500000000000000
sab_under70,0x17a1210867363fba01633fb6d28a6f2f48d3daaac43d49c0acaa4352a8b9c264,1,0.25666666666666666667
sab_90plus,0x17a81ab01b9bd20133ddb368368e4fcecde6a0561fdeb2b2ddfbcbc747ee07e9,1,0.40750000000000000000
sab_70_90,0x17b566faa4c085b49020ab355d4b81f01037634c6b17b15f455861f3cfb0ab55,1,0.58333333333333333333
sab_under70,0x17b8a8a0e2884e6205a9ad17c49bcbde6e343b17e8e794e86d3202d3616c1ec1,1,-0.09000000000000000000
sab_90plus,0x17bc6c0a7493a0fc33fbce239f9310af60ca501f693e33e75ed0e1f9d7a96588,1,0.50000000000000000000
sab_70_90,0x17d821a9197f8de3acbb8a0140e70cea9461e95871c58ae7aa9c608d53ad00d0,1,-0.87625000000000000000
sab_90plus,0x17dfc75726fa95d4054d91e80295c8b3e494569617e67a7e620e27562b7952b0,1,0.11000000000000000000
sab_70_90,0x17e6ca6b83b4937b4cd575f2acbbefa194b3d52b62e8af192feae6f1c38da0c1,1,0.14131578947368421053
sab_under70,0x180bce419c2b5ea2178514571c50c9d5ada7b85fd409e7088ff5d0d42e7fe867,1,-0.56461717857142857143
sab_90plus,0x184ca107b54330d8e47c581aebc31426e9063943edd4c98ddafe2eb01307f62b,1,0.04666666666666666667
sab_90plus,0x187651dbb617ad61b8c3342a4a61996273a6a206ff36405c37c5cf029c2f96bb,1,0.73333333333333333333
sab_90plus,0x187729a906bc12373844993adab5ceb478dca0f57725cf0399bbd1580b7484d8,1,-0.46000000000000000000
sab_under70,0x18d18afd42d14798cec4cbcfdbc792e2538b58969ce12c2f9de1157865b59b0e,1,0.47000000000000000000
sab_90plus,0x18f73aca12019d3fc2a03e7af28f6ebcec12634413819605d7cfa3db20073f26,1,0.03981600000000000000
sab_90plus,0x1948968ff9311250fa1cd4299ce8895d1c7f2237115ccc1454c1226e396aba23,1,-0.64000000000000000000
sab_90plus,0x1955392f25a40ec04323182027650204a0cf90b1357022d747bb4d0576bd24e8,1,0.13200000000000000000
sab_70_90,0x19a92a18787a6f287f03caee12e17bf34b4fe5553e874b81d9879fb3aedac04c,1,-0.51000000000000000000
sab_90plus,0x1a319ce803f4e711b25af81a1d8bfb59c5cc6e5ef09ac046fc65e652c98e714e,1,0.07315789473684210526
sab_90plus,0x1a7da260ba9283c3bb99cf5355dbf7d3e4331ad32188d931cb4e2a1869afa488,1,-0.73000000000000000000
sab_90plus,0x1aeb392f4e0e96215fc360b9dc09ca664fe1d02fe09ec7bc3c47cb2afe0a68b1,1,-0.42000000000000000000
sab_70_90,0x1b55db5000375c3a77366477d5321a3b5d27f4973cec47332bcd7147829497d6,1,-0.63000000000000000000
sab_90plus,0x1b72ba6e06868b5ddcb81691a2af876dfab4cc0c017cfc386ca88104126f3c59,1,-0.69500000000000000000
sab_90plus,0x1b796508b6a2fd9c4bc9ca165f3eb8d4056930572c183614eb021da27a074d61,1,0.52000000000000000000
sab_70_90,0x1c0b3b89f91914877baa6642fadd047deee44a76c129643779e134bb2c61e5f7,1,0.53200000000000000000
sab_under70,0x1cbfc85edce5c2ac987214953c73d072fca766c05fe1e6cabaf920da5bf040e1,1,0.65398322222222222222
sab_90plus,0x1cc3ece780f64a568d2134e79a2f3b2efbc461d8f270ac7030f502953e335391,1,0.10000000000000000000
sab_90plus,0x1cd9ef1839a80ef347028d0584e2fc248708c73229919bc6cca3f5a90e501738,1,-0.49500000000000000000
sab_70_90,0x1ce1f3aa890d89772a81279225f4a534961d6f762c0ce85ea00349996df55278,1,-0.49105263157894736842
sab_90plus,0x1d5d0650020ee0ee9649f39df46d86cdb1489aaaff76f7a32cda7e933294465f,1,0.11150000000000000000
sab_90plus,0x1d729f63ad9b154048117fe39e3f9b255ab8f7b3c84e15223995bd4c229045d1,1,0.16875000000000000000
sab_90plus,0x1db0a673e54d03be88c155835d1b08286a469fe9ae8cfffe73777d18431533e4,1,0.30063240000000000000
sab_under70,0x1dd0e0395efa791140592a7430baa9b1bcda6e788800ee3bdb25310335e5d886,1,0.49000000000000000000
sab_under70,0x1dd1595fb6b528bd285ea3af2e8a80a5b6a07f6eefd23b280a525652084e676c,1,0.49600000000000000000
sab_90plus,0x1dd37515ec985eb6cbb13412c2a8309e03d1a59b91c771180c2cc7dd1674b144,1,0.54000000000000000000
sab_under70,0x1df83085e1c209bc99f4c706fe51449d527b029bccdbe292085d36b7e7c7d374,1,0.41272727272727272727
sab_90plus,0x1e2e5a20fcfa2b1fa6401d7c7322a055cf2c2e23f8379174c2214d8ba73ddf47,1,-0.90333333333333333333
sab_under70,0x1e306551005b7ce648424fdaf898c4ddb2b1d52ade14e38f87c87ac7f4ca17a8,1,-0.46975400000000000000
sab_under70,0x1e3a086b318fcd5c476b1eeb74662e155b827d2e3156c1405526448be50f61e0,1,0.37000000000000000000
sab_under70,0x1e6fc3eb4ab2aaf240edb4cd9618dec2af24d4feb8960beb63a8ad60212c6759,1,0.48500000000000000000
sab_90plus,0x1e93e33beecbd9ae3dbe35a7c263b5d1a6d81084f6eed57e16b7fba56821ea1b,1,-0.77250000000000000000
sab_under70,0x1e9448fb909105dabb57e9054534f265ce74f8190d99289fa33fd48b45ff924a,1,-0.60000000000000000000
sab_under70,0x1eb724a708f3720c2b7ef63d7ffc7483ecc14deed6df2e7e9dc1dfa724a98bd6,1,-0.59600000000000000000
sab_70_90,0x1ecaecae2f655c4a65f200c89ad513cb09e3459905682318102f67ad83f0ee7b,1,0.40545454545454545455
sab_90plus,0x1ef76bf63c4b9ec4b854ac39a10750f7b57af7c811fc4e569371fb89871dbe3d,1,-0.45666666666666666667
sab_70_90,0x1f2bb0bfc3c7b3c9ab678ce9e89cf68bd6daa83385c4834f669cb00c540276f2,1,0.37852941176470588235
sab_90plus,0x1f336cf49f17b08d7dee4775c8c0c97f3ff1c467cba0016e396281c20f46fa23,1,0.38000000000000000000
sab_under70,0x1f33b6429abfb34d616028f494334af03c8d64383340a8324f0fb3d79458be50,1,0.44000000000000000000
sab_90plus,0x1f54c5d06e9e7a7a11ed24123ab5743ba5b525745cf1338b7ec23d371e6f55ea,1,0.34750000000000000000
sab_90plus,0x1f650b7cc1994d859a86db35811ddcad79fa34c63b9c15c59fbcfe1a9d7ccf9b,1,0.15000000000000000000
sab_90plus,0x1f83327b96dc1eaf4649193715b3550adaaacbb7b51577f6298412ca7bf39227,1,-0.50500000000000000000
sab_90plus,0x1f9269229cbf3215c56c3697c1392a6806197d0f0a6c730cc94af6ce3531e508,1,0.19076923076923076923
sab_90plus,0x1fb896c8a8efb3cce1edf772a3afa8b9a89c19494d5bdf576ba37c2fd0e287be,1,-0.56898766666666666667
sab_70_90,0x2037b257e602784d35e800c8c7880f56331791e03aaacae5864d8a78db303948,1,-0.49037194736842105263
sab_90plus,0x20648354392bfbc60f7bb662d395947658d4aee1b7b920b4a7a324132f900c25,1,0.58000000000000000000
sab_70_90,0x207163293bff45503b7e4bfc63670be9e255ae22e14f00a490c6bc1dd6c2dd1f,1,0.41000000000000000000
sab_70_90,0x2090c8d093c73cac15c510b0d3b3c5f65dddf486dfbaa67bef9ecb2d470e7b72,1,0.33333333333333333333
sab_90plus,0x20c1c2a41a07585037ca930ca4ffa8341dfbb7d8baff816e4b58b53dc5b250de,1,-0.55500000000000000000
sab_90plus,0x20f32e9daf45af5142db1adfe40e11c8de19a9d807ff0d26dc85344e74bea2d5,1,0.30400000000000000000
sab_70_90,0x20fac1c925b7a2fed6b3b2736f47a800b4d0d4001b9deaeb7b918868eb63d081,1,0.38811767948717948718
sab_under70,0x21090f290e0bda90e0a53394b51bdc47d3d5c48b5c7c577637b451e93785085f,1,-0.42963700000000000000
sab_90plus,0x210cc296e88f72bfe48316b46424d83bb319368313f11df169e28f31cfc5b62d,1,-0.45000000000000000000
sab_90plus,0x21150b6dfc210ab49937ba0a096f1c80fd1754a0d75e77ce2c88f4d6164f8122,1,-0.44000000000000000000
sab_70_90,0x211cc9763666374780fb2878ee245a1cb4e27f867ab6caeed579747a5ebacf1f,1,-0.55142857142857142857
sab_70_90,0x213dcedb14691c57620baeb8dd87d2d493e7ff900f0f6ae970e2daba8396afb9,1,0.60166666666666666667
sab_90plus,0x21454470816337a6dadbea2140070a57ec40146b8e65bba2fbf8e4216ea6f0a1,1,0.09458333333333333333
sab_70_90,0x2153377bdb8920a0d3227e9a2a68ddb9a001025918b695fe55f66677836e62c6,1,0.47720000000000000000
sab_under70,0x216c728e6dfb75e8db6e2917b5c6b372d265e324933784e4ac30a0c171477bf1,1,-0.49000000000000000000
sab_under70,0x21afd6b72c6dbcafe48f551cf7453011c03ea7ced3b496e5856b683e2673f232,1,0.44000000000000000000
sab_90plus,0x21e4b9c78709570a2d0c61c9b12111f73a3c10d10cb682dd8a82dbc2a1ffb230,1,0.31220133333333333333
sab_70_90,0x221b05db581e0beb3bd140683b89b06f6bb565f67674fb7243c6d3789ee18b96,1,0.20278050000000000000
sab_90plus,0x223788d9b6e7bded740197d5516c7ea517254ae65cc31ebe0ecea4274ef2935d,1,0.61500000000000000000
sab_70_90,0x22665887be33bd70f6eb9c39d37db073e9422b4669c9e6b76792638aab5a49a9,1,-0.53324175000000000000
sab_under70,0x226d0581746377d6489c09833dd7d76bf80fa54416ebfe29dd5f61c70c6ed1e2,1,0.31714285714285714286
sab_90plus,0x227cb319d317693720769af65485fbb21bc89a08d646447aa9ae2839a265c07e,1,0.18307692307692307692
sab_90plus,0x227e39491eefa64d2ce6776f4b182ca2247e34c9771d0e565d7297c72fcfbc79,1,0.04000000000000000000
sab_90plus,0x22a21921a9dad2575c6e27979f44decb5acdc270027113da17f74a49d9a6c87e,1,0.44592666666666666667
sab_90plus,0x22b70c37879edd25487f4ff061837179b2774829cbbbf2ed78bb318db24a3b64,1,0.04552400000000000000
sab_90plus,0x22d2e9466ed3cb61250fc7c03dd10172653a0bcde857085a7910318336a7b475,1,0.40000000000000000000
sab_under70,0x22f00bf63a3b57f8c774db0cf7560777018551bcbeafa9543c4e6a2c2cf09005,1,0.58000000000000000000
sab_90plus,0x22ff62a08fc3b84aedf60f18a13bef7926e710410364d9769206be33c6674660,1,-0.49981000000000000000
sab_90plus,0x2308d78dccdf19bf2a66acc8af60dfc3a435e7f55482a651e602658e354aac6f,1,-0.56000000000000000000
sab_70_90,0x232342e2a9200b203703a816f9d99d1c6a872333567af16f43d67a255e1a6aa8,1,0.33156250000000000000
sab_90plus,0x235fd15196fb5fa1189dad3f3b4c0296217949b7a4f95dcb9d5e8521eb5f5e28,1,0.39000000000000000000
sab_90plus,0x237d201747b3465d517baa7d05dfd0947d077781113ec5d2855bb605127b211f,1,0.30500000000000000000
sab_90plus,0x23cac0807bfdeb0a0dfcbacc28f2accb400af507ad308f2b35fa8c885046c09b,1,0.07906250000000000000
sab_under70,0x23e492f5f5bc61bb3b06a7cf9a3ffe5ea5dd6a21430d2c7ed15363ca747d9349,1,-0.42000000000000000000
sab_90plus,0x24001e30676bd3c5417eeb619210a6d6103ef73b527de0d099273c5f6a38a09f,1,0.28000000000000000000
sab_90plus,0x244594c21b55f9f07af5a288ff9f41ff77324aa24b6fcc6f8341337c23c62806,1,0.21000000000000000000
sab_90plus,0x24681ff50e47c29dc82477346c77a8352732bf4fc00290fd59bc17d3ee090bec,1,0.11000000000000000000
sab_90plus,0x2489f6ab7d08ee24a1422d65523a6202c08356fd32a10478b07dad468d2de84e,1,0.46000000000000000000
sab_90plus,0x24a2f24949a85555846da3a25e28543a3feaaac145f5093547c5c42f532545b2,1,0.07000000000000000000
sab_90plus,0x24afbaf5bbbcbece7e5125f0da84b36d945147e5042fcedce7689c1d7d8e8e45,1,0.45000000000000000000
sab_90plus,0x24b29f470d936697df0e599b794761fbe5c6b2ad9b2cce40f7d50a1e6dd5617d,1,0.36251733333333333333
sab_90plus,0x24bd47775326bbf1ebaaef68188569e86f0db836d7949b49450dea1ccc9db35a,1,0.37009766666666666667
sab_90plus,0x24e14f76cfd2c3cbb06898a53933d966dc443b25aa7396f36b2183e16d26d965,1,-0.65000000000000000000
sab_90plus,0x24e8d428add25d6d86d5fb220979eb0ca82966dd060d42490b4ba10784f5ca46,1,0.08877000000000000000
sab_70_90,0x254dfc6376b0fc88498424548750b885f3f2028674e853061b5234cd2f519ed0,1,0.35200000000000000000
sab_90plus,0x255bd44ab944b139b8bba5881b1e47ae80cd5922ec31ecb498e388885f56f35e,1,0.30200000000000000000
sab_90plus,0x25e0567b5ebd7ae2cf9d9f5483e2555ff2c4eab957bf3a6d2c37ef9e2477ae6d,1,0.05000000000000000000
sab_90plus,0x25e2279eff597a465fc340c544c2b71ca450493d15cb2b36745ca5f3f900a535,1,0.21000000000000000000
sab_70_90,0x26039b14d07c9770f7b6395b1f3ac3111763e279589c894445f5471f7b6effc1,1,-0.54000000000000000000
sab_under70,0x2605a86f36e02c088e12678a73754894497f32b5cedb8d2943c357271d1c24bc,1,0.40881233333333333333
sab_70_90,0x260a4882417a907b28b8c88bbc6981f0b001570349654ed371b89187feff17d7,1,-0.60727272727272727273
sab_90plus,0x264e6793ab225b8fd861f13934ee8a826a864116e1dd727b38a65e2f7cd3f67c,1,0.21904761904761904762
sab_under70,0x2657cb209211d20092c8db9c19191cfe1f855572e8cfcda3cd12a59e481e99cd,1,-0.53000000000000000000
sab_90plus,0x267e0a5b9cb7f3abb20d7da35c79a286491f8e2f529b166f597f88a2e3f11082,1,0.48500000000000000000
sab_70_90,0x26954c84bed166fa0da034c310e3bd62e7afa32d299314c352bc32eb08e5a210,1,0.22375000000000000000
sab_90plus,0x26af99aaa2182c11f3f02ea8e9ee5527dd2d0f9680c73ffbd7bd0237cc64d5f2,1,0.07714285714285714286
sab_90plus,0x26b5700bf5511c09001a9da919f1cdbaa24e9ed47be648b3e5c89a2ad1a8a33a,1,0.07500000000000000000
sab_90plus,0x26b822b926feab4068f42bf2d0750fb8a65e09462c8edf1159275c2a116081ea,1,0.04824014285714285714
sab_70_90,0x26c10c27cde58e2d6214d65ab562d8142d34723b3b6ec3f40836d24f6d22dfc9,1,0.52870967741935483871
sab_under70,0x26c84897f375ef75367a1fea2bcf3a1601950962c9424f8635b966cc5d9ff4ba,1,-0.41384615384615384615
sab_under70,0x26f093ddcbc941407c71da66a98e2fed47c0151155f6fca5f02c0fa2220bee01,1,-0.49000000000000000000
sab_90plus,0x271f673391000932a03311e9a6ce6152eb4e1a60bda85a9ce7c14e87dadcdfd4,1,0.15333333333333333333
sab_70_90,0x275d26b8cb575a98fc360c94058bb0486949cbb358d45ad1e170ede75164feda,1,0.51955550000000000000
sab_under70,0x2769b6aa8e5396f62dccba7ba45014a875abc5b111b4b91c87d21a3e9742f359,1,0.54000000000000000000
sab_under70,0x27d9788cbd8905bfc795b12401e0e6f8c4fa2e054652bfd01950f9678aa0f3f9,1,0.52000000000000000000
sab_90plus,0x27f0222c0aedcc92988ee73c6fed16b37801757fe43afda48558e345ff4e690f,1,-0.64270000000000000000
sab_90plus,0x27fc9fbdb295e18efb4eaab54827a2286268f47f39d9ba187b6b0d284acf2bf7,1,0.14500000000000000000
sab_under70,0x280093bfc0537118b85c5ed9e63e022dc904e4b3e32c0e3b4aaca5c62e8059bd,1,0.47000000000000000000
sab_90plus,0x281958c54a688bfca19eb3e48bd3540df815549ccdac6d85016e5a6ca1493a68,1,-0.83000000000000000000
sab_70_90,0x284684a278efc87cb49ee1582e2e81a1d03fe428b3f648791102ad456079ed00,1,0.26571428571428571429
sab_90plus,0x284adee1a144a754ccc899a52947533c828b25a5feb6d4028eaa8542ca2d8d66,1,0.10000000000000000000
sab_under70,0x28590a136885cb7031f236ddd16bfc84f5998d06220cc9e2890a571ec3618652,1,-0.50000000000000000000
sab_70_90,0x2896742acb1fdba5672f267b2026375d96e936ce132002395d93ddc9cef9a273,1,-0.50000000000000000000
sab_90plus,0x28c19c840bd010dc279a8f14a417a9389c18801b271b407d7634425e8305de0b,1,0.24000000000000000000
sab_90plus,0x29019df1f940644d9134d2c7b6cbfe0c3f86d45b50080987265de3ce5c14610b,1,0.20000000000000000000
sab_90plus,0x29246c615dc298a5e6ae54a51f9446a904d9096cc3cd3c6c89a198d0a3cfad11,1,-0.89500000000000000000
sab_70_90,0x2939bac2ce9b2154621a8309f1671793d7151c44de308dfab4a3071fad918e39,1,-0.45000000000000000000
sab_70_90,0x293ed83ff451fbfd454eb09985f6707c5c33a30cf79ba98bf45ccf2fa553438f,1,0.32000000000000000000
sab_under70,0x295e2ced1e09047b696ac5fb72ee32c6f7083c6e9a8d382152fc5e6e9818650b,1,-0.50000000000000000000
sab_90plus,0x296baf84f9c629631791348cbf4f0fd8a38c7be34fd5098a355b400b7036cda4,1,0.13000000000000000000
sab_90plus,0x29819930c2d7ab4f07e48864eba92df89cd2b8b33f7e9ad59346b053e32cfee3,1,0.27000000000000000000
sab_90plus,0x298f99bce5c222fb7d555bb48e942cdf3918f904fd530ef30d5f903619fd994e,1,0.25400000000000000000
sab_under70,0x2997cbaf6e07e25bb3ea6e28f5036cffc5ce1def18fa4f5a7eaab9b151365d9e,1,-0.61333333333333333333
sab_90plus,0x29d7fd145d8f62452d482c5b4976e43a358054b6e7fe8cc5877117aa0486bb6e,1,0.07000000000000000000
sab_70_90,0x2a0e8ce7c309ec8015c4c721dec574ff100b0512ef412a54bb733dc5bef740dc,1,-0.54764705882352941176
sab_under70,0x2a77a51a3ac57ab5caddf6cee3f0229eff248817b14c84b228c81315b9cc32dc,1,0.56833333333333333333
sab_90plus,0x2a7a6ab8f4984f1ae82eacd7fb408832a50e63162ac6b98fff1fe094b8e9d3b5,1,0.33900000000000000000
sab_90plus,0x2abb2c5d2a65365c4107904c4d7e04b6eef9cfc6875658bf3327c589cfd20589,1,0.08035714285714285714
sab_70_90,0x2afe86f96be81a0d89ed776bedbd52d1c75bc47b49e6f0f791ddd009f52faf23,1,-0.64166666666666666667
sab_90plus,0x2b10b428254e3bc6785b8c7e15b9ababf0d1981be2c412f061fe24fbdea38ef4,1,0.24000000000000000000
sab_90plus,0x2b4033444fd095ce1f0c84bc905a359d93dcfbc2fe5e10f6f44ec77ee4ce3afe,1,0.18000000000000000000
sab_90plus,0x2b4abd4c4f6336b33cdaf7aa65430ef1f4afe7122d1678b1f3d022b4357cdbf5,1,0.19800000000000000000
sab_90plus,0x2b759e69e6b2f509efebfe969cd26ddf30b84242506ddb5ac1e9a8b36cac22a2,1,0.21900000000000000000
sab_70_90,0x2b93dccffd662fdff87714526f6cd4c3ceaa184eb3fe45d33e51cb7ee808e84e,1,0.29666666666666666667
sab_90plus,0x2ba4df783d9ab9c85352a1316fab4418133f57b1bfa8e0188a55b31c0404864c,1,0.11354166666666666667
sab_under70,0x2bb35024469bbf634aea7fe29ea3b1f6354ce6a1b1f7635e68a6b9278c1187ff,1,-0.50000000000000000000
sab_90plus,0x2bd2d8cd8f86c337453b05332a803cf74559a70d0a35fa77f90871b38c34250f,1,0.46500000000000000000
sab_under70,0x2bd6c718c8a2df8dda2691ed903ebe5aa9e2c4f15feab10433f6389afb27e19e,1,-0.74000000000000000000
sab_under70,0x2c37e07b722442c2381fac76f8564d580660aa028066e08bad1b32bd11813e9d,1,0.40036554838709677419
sab_90plus,0x2c98f52b1275eef92fb5b2636909ec51528f9755014a1959e9294048fa438b24,1,0.43500000000000000000
sab_70_90,0x2ca4d5cc4817402b1835d9f31dcd185c1e41e16b9d41a43d9f553b6eb93c9392,1,0.36333333333333333333
sab_90plus,0x2cc359648ba6695498c169ceaa44c5444e0479102c453289c47ed9489e7f3e93,1,-0.46153846153846153846
sab_90plus,0x2cd5890faa545b54af1ad98acb43bbf63955e85ce39be199700fad51292ed738,1,0.16000000000000000000
sab_90plus,0x2d0dc4c1e7ce5824e55ee4e8123134e150fba9d84b5870a9d7f9fde1bdf1a3d2,1,0.11500000000000000000
sab_90plus,0x2d17b7b5c8701296c4348f016076a948f25cb83e23c8b863bfa1e22ed493ae53,1,0.19166666666666666667
sab_90plus,0x2d60f00d01ac92449a67fd52deee5f8e3d760c97d04d9a11e1c4b72ab8afb2c6,1,-0.55000000000000000000
sab_90plus,0x2d846d44faef4bc887807e81a165e10b2faf772470e4e66cc7d9ba89d41324d4,1,0.04800000000000000000
sab_90plus,0x2d8a8c670430061537dd6cb60c0fee0d0e0a4a3430fd00fcb390301f53e7b4d9,1,-0.78916666666666666667
sab_70_90,0x2d8bd0c647ff9237e77240b99d93bd0aba18213748744f2d3c2d8f18d063e5c3,1,0.45000000000000000000
sab_90plus,0x2d9bd01aa8536b9a88ea289b569547818ea1e54ee099f7fc113b0273c11e4ad6,1,0.68500000000000000000
sab_90plus,0x2dc4d27fc0e84719a37a79a34501ca5cc2e0dbf88d3d4c585bc13ba922302872,1,0.07375000000000000000
sab_90plus,0x2dc5340263370be583917ab572771b646eb309c104e7c99f207bad63fdfe926c,1,0.21000000000000000000
sab_90plus,0x2e092978cba0c7aa1f6eb4261ac7c52c45903c613f0e25bb77b6e2a5f47c4004,1,0.08000000000000000000
sab_90plus,0x2e8c007f0524f4c0df0937e0dcdd19552ae67462de7c2ed2f4c58fd014a7eceb,1,0.25666666666666666667
sab_70_90,0x2e8e6cd02e0b2b7348f0f2ac041762c4dc341756959767fb75c671781f2193cb,1,0.68600000000000000000
sab_70_90,0x2e958228320fd80d7bd3c2371a74d772ea32bff00f82f9af25770bdf05779639,1,0.18600000000000000000
sab_under70,0x2ea32b144195d05af9b6b6791b86c555b86f4c5853f1684bbd94a6839c1d0902,1,-0.69333333333333333333
sab_90plus,0x2edd0ce8cbe18b441358ebda51bfe1cde1c164bcd30b7a892e98b3c51dc7421a,1,0.32000000000000000000
sab_under70,0x2f00e48e914ba6606867a6347e90c48cc1fd4da66cc196a191786637f40848e9,1,-0.26764705882352941176
sab_90plus,0x2f062369214fc0a95075e880c94a9ea991203740e554009d60b162384a4d6b3c,1,0.07500000000000000000
sab_under70,0x2f204628fdab76ab18a96c8b05ae7a13a3ff74b0047e63c22668c3ed28e7822b,1,-0.41439472727272727273
sab_70_90,0x2f3e8ba123deb05e3aff47ad738429054f345fbb872b9305510706bff3aa8c3e,1,-0.44166677777777777778
sab_under70,0x2f40b48f8d3177ec141fc216669c06206f37c359c0ace9cde11925055c0638a1,1,-0.45000000000000000000
sab_90plus,0x2f51b3bd3efc357490ffe83afaef9a54ee97542669358568e4803ef2640aa8d9,1,0.08600000000000000000
sab_under70,0x2f81074aba3de3fc780d4839f9e6696b9bb684a9e1c61044bd3d3b488741b15f,1,0.55001833333333333333
sab_90plus,0x2fa28ee7e79e45479684e5b9f9359504a93427440752f7af8d04d2894193a451,1,-0.73000000000000000000
sab_under70,0x2fb15810a854d163b5c5321907d0621208b743ee89b02a7afafea019e66c83fd,1,0.38000000000000000000
sab_90plus,0x2fcf3968f5feff8c544b1be614f1c7aed22f5051949478bc0b39f9e966cab02a,1,0.11333333333333333333
sab_90plus,0x2fdce6b7b80c99e765e708d936bc7818ce595ece20ecf3908afafeaaa670afe9,1,0.36510660000000000000
sab_under70,0x2ffcfc87c00f1a85fc3a0acc86f16419f8c780fd409db9de5ca434bb623a6a7f,1,0.18000000000000000000
sab_70_90,0x304f6556f954e24fb45a19b5d6ffc225de9dd2dcbb33a566d62d3f4d6dbcb055,1,0.58333333333333333333
sab_90plus,0x30827072fa2b285c204952c4b217e8f947f711b51142a229e2d85420f2ed06ad,1,0.49000000000000000000
sab_90plus,0x30fc482e9a834a122fa4aeb0e9d90b72621e9e9fff1ade8f3dd35399439d7f8c,1,0.34500000000000000000
sab_90plus,0x3107a083adef4e45938a55f966e5bfeb5320a62c5ce67b2af65ce8db1c3dcddc,1,0.06333333333333333333
sab_70_90,0x3112fac8d20d1ab49fa9151c7f0a304d91dc5f180f49ee373327ef85ec5c2c2b,1,-0.45000000000000000000
sab_under70,0x3150ba668d15e1c248c71bcff71c67f1adf87063db7047f27f15ebbc9a1a6a0d,1,-0.38266666666666666667
sab_90plus,0x31a70fd9374f3568b4f5a81e3d32af1a11748225745c6f299829e7184cafdaa0,1,-0.63500000000000000000
sab_90plus,0x31b56156ab85beb94ad15a16d96d2d7b98e08db841f1741c1d1b7ea7c1176da9,1,0.05250000000000000000
sab_under70,0x32046bdc03d13d916351bd2178cc20c5f268802d4ae60c0d8383ae91d2dd1d41,1,0.30983236363636363636
sab_70_90,0x321d3afb156d373bfe817fae985e178d89bee1c15ab40965fad373e1d7fa3134,1,0.24080900000000000000
sab_90plus,0x322784a918a20128a4e8794145d18036a4dcb5230b589e32dd24c38540cd38e3,1,0.08500000000000000000
sab_90plus,0x32379cca7eb26f436054f2627953d4d1f010df136b118c5bc09c7f56007daf63,1,0.15333333333333333333
sab_90plus,0x323e42463f28e1857bf362779f197447e5844867be9732d98283d61b8de3a444,1,0.26500000000000000000
sab_under70,0x32552863fe8014da2613037970661f0d49f415c86a88cb3d65af7a43395bc4ad,1,-0.52139534883720930233
sab_under70,0x3258ae4861d5de88a8fe5bbebd3a6edad679ef0de41f324d0d4ce11f5815b98f,1,0.45000000000000000000
sab_90plus,0x329a1dee06774af488a67454c5ea30885063037552d2ec562241051b5b0e921c,1,0.72000000000000000000
sab_90plus,0x329bbdcff202d214ef4b6b29042dc5bdc62464ef09d3bec77162a88cb3aeb37b,1,0.24080950000000000000
sab_70_90,0x339c300a9cfe452223d315d03c35473063ee904bbf3821741ed2e3ddfc27426d,1,0.12444444444444444444
sab_90plus,0x33c07c35c757b0c163d0f9f4a4b99a28c65c36eabacd2f77ae87ed2e46f3a531,1,0.48500000000000000000
sab_90plus,0x344327632a0ab1c28b40003f14bfe75cb7d5bd65c58b4e34199cfc17a77104fe,1,-0.76363636363636363636
sab_90plus,0x34432ae59cf61fa9e03bf2813b5f7ed6511fe08bb44434ded994df48701d4234,1,-0.94500000000000000000
sab_90plus,0x344a058d25dfdd47bb00300bed22419673c6ca8409a546504118032f57353783,1,0.36122562500000000000
sab_90plus,0x346395456ef53be429b9acd014248ca5408d2e9fef70b5d7f3fbab666739e8c9,1,0.07500000000000000000
sab_under70,0x34aae0d3ca8f99d1ecee2e60f748f6e39a9447040bcd7db0ef2dbdfa5f9309f6,1,0.40500000000000000000
sab_70_90,0x34b71a313a91684fdd052f72e98c1149321b8fd97a9602d9cf16ef4abc625727,1,-0.34692307692307692308
sab_90plus,0x34fbd54c2660c69679604f67cd31f652b859565d6470705521266cff8bca6971,1,-0.46000000000000000000
sab_under70,0x353bfdea6f2cae034f1cef73064086e6c904d60d58f96c69644789b510ba862f,1,0.21000000000000000000
sab_90plus,0x3540b9a068f00062e1c466bb0b52acf7e2789d271e59c851ae68abc950294d8f,1,0.31500000000000000000
sab_under70,0x355ecd5575c79d48729b03b56301b88052e957a74f92c468d2896dc1a2cb82b7,1,0.16800000000000000000
sab_90plus,0x35a17105ab9cadc57e0de8d1accacd88dfc6e4db5cb73889304d9d4e3437bac7,1,0.30250000000000000000
sab_under70,0x35ca7676a418724a3d5b8682a67af1c61f6c0173510e48a737cf495049da056d,1,-0.77570942857142857143
sab_90plus,0x35e39a8d417b5ff0b7778fd1f4e38246473f2adca419dfa3b9c1fa8403317bbb,1,0.11500000000000000000
sab_90plus,0x361319c3fde8ec9fff208881ad3a0a7de1ae7ef9b09c751834c1827db5e198e4,1,0.29979330000000000000
sab_under70,0x362a804b73714b42c4138746ae04b3aa59d564bf821bb47bd028101d1857251a,1,0.47166666666666666667
sab_90plus,0x36341ce7d475795d3e403a30382aea4074614aade2627efeb71de965e8c49d14,1,-0.48634300000000000000
sab_90plus,0x363ffe148031f2c8fc3034d5d576311f91985ff1aa0a1f66119c4d8b96062fbc,1,-0.65187500000000000000
sab_under70,0x364cce57f51d6691e708a5811e1255ec128a809138a76df89fd141f98c4dc5fb,1,-0.51000000000000000000
sab_70_90,0x36a8090a138c73e6a3237ee84c14f2d8ccc902b2f7b1000f1fdd72c871e06d28,1,0.35833333333333333333
sab_90plus,0x36f93dcdb75e18f9dd7f4bd4f976dd901562e6f779a86c8ac847f154e37e69d2,1,-0.76666666666666666667
sab_70_90,0x36fc2020db287a9af339df0cd043afbe27c045ea29a6191c11051341149c8d9c,1,0.32500000000000000000
sab_90plus,0x36fca44fa14ee80f732b8c07f060f5f7f0eda41a01626409d178166156b4d6d1,1,0.16452380952380952381
sab_70_90,0x374d4c9c12e766653de985450899cf2181edf47189894bc9c870216b5c6b1d83,1,-0.55975000000000000000
sab_90plus,0x375faf1b968d58210d666aaa8b010f8426a14c2089910ca3e0efb6c3861b81b7,1,-0.87500000000000000000
sab_90plus,0x376036b2b41c51b3f6b511013fa59238436ccbfe03311d2d29ceab375367bbf7,1,0.24000000000000000000
sab_90plus,0x3761180c57e0f2ec591d2a85efb403fca8df4cab35affde69857e8f05a2c7887,1,-0.63982100000000000000
sab_90plus,0x3774cdf17e49143a4f6e10812df8b06113731493842fccc52dea045a1744ae61,1,0.30583333333333333333
sab_90plus,0x3777e133fec459b42aac3fdeeed231fc7544442388fe1a266ae0a61bd50cae12,1,-0.50000000000000000000
sab_70_90,0x378f7b5c668014d9f6c42c305ec83902f3c8f6c770b336363aed0076ce6ce1c9,1,0.23157894736842105263
sab_90plus,0x379a72b7b1bd5f492bfc5430d6980d510583ad3facd0b780fdde40bd91f6c665,1,0.04000000000000000000
sab_under70,0x37eae0b6c67e924e4754bdc743973283b206ef2ffc6e23d93996256998326ade,1,0.47000000000000000000
sab_90plus,0x380101b01c3a31e00fb9e5c0a0dbdd71a015b00b341646649a0a35818fc4bfc5,1,0.37500000000000000000
sab_90plus,0x3806398c5984d61b8f06e96e1979fa1402855421e890c80f69b5b8bd91f1a612,1,0.21285714285714285714
sab_under70,0x3810cb9860d50b1c785250bba319a397bd27f8652feaff6743c18f54790d7bbc,1,-0.62571428571428571429
sab_under70,0x381a231517cf6088520a51df34bd1db9b93d035ba51913f98ca845d661e5e738,1,-0.56000000000000000000
sab_90plus,0x38644f38c63679e539c578c59f4a1be38eb4693d1bdaf0ead50f70b824efb6ba,1,-0.46500000000000000000
sab_70_90,0x386d1e55e61c1e7c8d86c0d67b580efe4b81a231c78bde9c93bb30f65a38b72d,1,-0.62000000000000000000
sab_90plus,0x388aa8508bba1d7da96512107eac53e889cd35b7e503cacbcf529b901dce603e,1,-0.50500000000000000000
sab_70_90,0x38ad1408695bd94eab17d4ba186e5812f44356876f9e02afdfc082b56a20930f,1,-0.39222222222222222222
sab_70_90,0x38b1f9f80a0ca11d8bf25f98ca1ea41243825151320fdadb49eda6dc9d56f4c3,1,-0.55467100000000000000
sab_90plus,0x38fb4ceda27a1d1ea63e8c28b4a69043a39e947662500564763879e2691b7a70,1,0.51666666666666666667
sab_under70,0x39176a48d8d4004debff0f41647c8e84c83638261e3ad8edd2e6683b6c04aafd,1,-0.52000000000000000000
sab_90plus,0x392b0b5b48989e2208978535ce82ed77ceaea60a3e906ffe201c129a6621f2bb,1,0.20443037037037037037
sab_90plus,0x393114ef117486c498def54adac1fd42f49f432f07efd240d3ca129c8c75bd6a,1,0.20250400000000000000
sab_90plus,0x393bb312b6a92e046825403e888928d946cb6f39836782204d00b2ddcb2c5437,1,0.45500000000000000000
sab_90plus,0x393d4f3f33dc1cf2e5afbfb117fbc022f05c7df29a47f4730426ecb884debd14,1,0.34683000000000000000
sab_70_90,0x3945ade440216f0a95cd1bd38792c96549d8bdb90ea9e5e2cf70db9fdee44d66,1,0.51666666666666666667
sab_70_90,0x39538bd435487a591c5fe326359f039050d1603837775317eaa852f1ce84a2b3,1,0.41000000000000000000
sab_90plus,0x397cb99c9c4a90d548cf76c95218eab805662e675e5d9215b4204491c2b39f00,1,-0.49000000000000000000
sab_90plus,0x3984132d5d0c5be60bc0ad1dff63e44197b5f39a6135329490a0a75c0a372f06,1,0.27615384615384615385
sab_90plus,0x3988e32420aa1f8d277edc65dce1e13b9779512c56e16531a09dcd7f8ce40ed0,1,-0.86000000000000000000
sab_under70,0x398a318bfb9e358e08fa33e468da67f08c4f6649eaf401254a04e0b316764986,1,-0.52500000000000000000
sab_under70,0x39a5c4035cf680b76949cbc59086cfa27740060914c4b31389c0cc1fc1da0769,1,0.29000000000000000000
sab_90plus,0x3a159474d7791f289610f35e962b5edf079c4fe2f93789bdcb0774632a39e407,1,-0.49000000000000000000
sab_70_90,0x3a3de929cb6fb7a4eff6aeae1b515895de1e358ed9a2adc24eb04862251d132d,1,0.16285714285714285714
sab_90plus,0x3a6d1fb1c119b5c5d7d66338ceb2c6f98619d09d320ab8c35d69d682c347cbbf,1,0.09003260000000000000
sab_90plus,0x3a9782f2d155676977148299277d90d62d98399f63c0ee3ae273126ff8416895,1,0.06000000000000000000
sab_90plus,0x3abd1b7cf1488504d51a36c1e3f944597dfe6e0545a6fd34ef3d4a3746f90e59,1,0.03600023529411764706
sab_90plus,0x3b102fc754fb1958898d2edd81ba2bec856eb072feeed9721ace2b5950366181,1,-0.43500000000000000000
sab_90plus,0x3b1bda4971a1696b0681ccb3c5441e500d1060ea3fa8abef314a1fa8af967cc1,1,-0.50000000000000000000
sab_under70,0x3b43eb7188434ad124e98aff60a70445712ff547737a972c2131ccb2cf358a05,1,0.30750000000000000000
sab_90plus,0x3b77b985e2dae9ef19d8147c42bfbee6eff3761c66bdf5d2189754ddf890ad8a,1,-0.52000000000000000000
sab_90plus,0x3b81fe9c2fd924dcfdbd2c8892cff5384f08a69082917cc1799276e46321a118,1,0.47000000000000000000
sab_under70,0x3b9204e0fcba9234e3eaca1a941a342e4ce82aeb4ba373c668f2e8a72f1d41de,1,0.31833333333333333333
sab_90plus,0x3b9dbc82b90ec92cfa53f0d07caf6ced2465100110a2282a774fe6170c7d7ee7,1,-0.83714933333333333333
sab_70_90,0x3bae865f39fd0cc48f2fe2e751567bff85a09a195ff6661a92b376daee3d9351,1,0.40303650000000000000
sab_90plus,0x3bb3d88dc789b03efe21b9e812dd4e77fd83bef6e8cf09dce2e13bf33c04d02d,1,0.25800000000000000000
sab_90plus,0x3bb3f35e86949207b257f1f3288a8ceaf071638cbd10a3c9a8273b4f542d4ee0,1,0.19500000000000000000
sab_90plus,0x3be8bdf281b37788e9839402469304f8eb5d104cb0d111ad37dfde7bd188980b,1,0.14664150000000000000
sab_90plus,0x3bea17696f830a30a836358bbd6a1166782851516ac2c6ab9c2bf0bebb7180df,1,0.04250000000000000000
sab_under70,0x3c1c440ae736685fd08dcd38b324f77ee948b4883bd2084458c86688a66c40d5,1,-0.71000000000000000000
sab_70_90,0x3c42cef46df181fafb20312bb0f3ec02f62a9fcd8eb742bbd6a9fa1679f6a600,1,0.17500000000000000000
sab_90plus,0x3c5895028ee6c15e4da7b73884819bc86897c08a890cf76712b09ac37de5d82d,1,0.10000000000000000000
sab_90plus,0x3c5b255b09ee67b763ca552fc9d3084e8e75eaa78c110d013041b4bff4b45b05,1,0.17500000000000000000
sab_70_90,0x3c6d94d69450d7a4c235efde3d2f4aa13f157cba253a4292971659999b92fd4c,1,0.62000000000000000000
sab_under70,0x3c7503474952b697741797aed32cc19a12d2020a96bba156717f8cdb5253f5d8,1,0.44000000000000000000
sab_90plus,0x3ceb5b631318be5000758200590efe2b308a581d6787c3e7bc050bfd8f627627,1,0.64948717948717948718
sab_90plus,0x3cf790e534d59f6261152e0958ecac38519436b09b4bc1b300bb28490993394e,1,-0.47493450000000000000
sab_70_90,0x3dac1c6e41591af519fee14c8b7e47022825b19e04e643b115ca407c6a722617,1,0.11166666666666666667
sab_under70,0x3de1fc90189e033ef435f509c8a885062abe38043c7ef56269b17076336fa54f,1,0.50000000000000000000
sab_70_90,0x3df01d128467c9f6908236bf4fe16b50435f3bb0db4310f25f554e4abc7e1c09,1,-0.53867640000000000000
sab_90plus,0x3e0e84f19abf090dae4490caf1d7f74d5cbaa5d49fa0d64bee52a42b0f71c7e4,1,0.20000000000000000000
sab_90plus,0x3e3018cd88b652a5908b1e8c998a0b752a4889673bec4a3fa8be314147ca77ef,1,0.44357100000000000000
sab_90plus,0x3e47e9ab777735fd1dae04df35e34536c38cbd4a01f173eb1acee0ce88b80c13,1,-0.57333333333333333333
sab_90plus,0x3e778d017e485186cc8e851ab989d91c4dbd2f9733260c4a8e1c8dbbf349d599,1,0.10500000000000000000
sab_under70,0x3e7b0b572b56b0b4d607fed4289f89e4c6fe99b5cb9affe978de57dae1091474,1,0.28000000000000000000
sab_90plus,0x3e8fe87f649fc790e848dc96e0ff98f13ae8fc8dc4450818064bd9ca9421b45e,1,0.20666666666666666667
sab_under70,0x3efeb0ad4fe8255cbcc429103b3662d9d00d9ddd294ab48ba04850cb0f377ac8,1,-0.37500000000000000000
sab_under70,0x3f34e8f5c4adb70b83c8463f84fa6985db6931a28df91a25bb6964c0b6ecd86b,1,0.48000000000000000000
sab_90plus,0x3f4159f9579d3a79bdd4bd0839772350091d5f320f8dbd300c2df02fe8f5220d,1,-0.46000000000000000000
sab_90plus,0x3f436f0f01257c5fe735e52dfba2a76d06521af53ceeeab38b7dc64146323291,1,-0.48000000000000000000
sab_under70,0x3f5361492841955af485c2e155768f103859a9fb2b3ba29415d8f09741da3354,1,0.53000000000000000000
sab_90plus,0x3f971206382bed7d02b09350c43aedd9aec56d8debeb7f0784f4d6fc98f48f57,1,-0.55519050000000000000
sab_under70,0x3f9bec31cf8e8550470626fbd15382e20a18e46af27358cad575a5ef5bf660de,1,-0.14000000000000000000
sab_90plus,0x3fb06b113b165aab34de3ecd311012d017a9dcba9f2d1564d16a2d9a0fd9915f,1,0.21500000000000000000
sab_90plus,0x3ff551f494ed7cd8ea2b778e684d99f0cc3d30ec687c468a0ff89c9fb9d27384,1,0.46397625000000000000
sab_under70,0x40207f2e82a81843e316fb06d8a8f28f69f2853e47f28111202e9c70954aca2b,1,-0.46800000000000000000
sab_under70,0x405ad8b0b07bc4296631721c78e94677f65e6f2b2ebd1d550b0e25894752fcff,1,-0.47000000000000000000
sab_90plus,0x4062b12aade65cc58fc93cca1628787a67726160903075975f8011417714d35d,1,0.35681566666666666667
sab_90plus,0x4099902eee2ab9ca7b34327cf7fed4d3fb6c835f58577fbf00b09199cc09e1bd,1,0.10857142857142857143
sab_90plus,0x40e2282a59c796c9ddb71c41988c7f3db484734fbe53972fee0d12ff172ce74c,1,0.60125000000000000000
sab_90plus,0x41061e38e53e2af61214ad71345a249c756a1f9f9e1b2fc4972e7b2f2edbf15b,1,0.15000000000000000000
sab_90plus,0x412d2ff6ffaf447624ac641e1fe7550b03a443bd4d86b00a1cc94e0e8706eae0,1,-0.59605500000000000000
sab_90plus,0x415cb64cfa04f2cde4ec39c5a81050cc9fb539b9b6972e72cce16b46e0e33a5b,1,0.05968416000000000000
sab_90plus,0x417f98451a788b1e061c8e16ec2e540ffa420e97d2d9fe11051e793f22c2b61f,1,-0.89500000000000000000
sab_90plus,0x4185ec8428765ab57bc80e9523f0fbbf8835e1ac580b82f1e0f6a0db8d5fce3f,1,0.40333333333333333333
sab_90plus,0x4197b096cbd5d75781c7d17faeeec7e9d94ef096d2bdb8803c08d214b61ccae0,1,0.39677850000000000000
sab_90plus,0x419df961def1517c12b6da92c135675559ba7dd511c4460e08e83d1bf147ece8,1,0.12666666666666666667
sab_90plus,0x41b6b8319e2954eaa005bba3a0ac5cd7fd8c37a4079674b6b40bd431062db713,1,0.06333333333333333333
sab_under70,0x41ce8a58b097d31faafc9b3037038c4030a443c5081dd5d16b1f489d11c15f66,1,0.33500000000000000000
sab_90plus,0x41e06a878d9fc4f05a79b517475613e0dba81cc9f7128c6b3f252b0c8b6b4369,1,0.48500000000000000000
sab_under70,0x423d479febbd9af86e65727500348ee920c94c948e0a0df6dcedc84791d9aa31,1,-0.48000000000000000000
sab_under70,0x42cf37b53bb2429b714f951d0a6fcc837e1875609736f80a205ecf70620b4f5a,1,-0.60000000000000000000
sab_under70,0x4363164b5322d6a8b4c5d24d1eff47b64cb08c68385a2b7cb2441481f88c08c1,1,-0.63871933333333333333
sab_under70,0x43bde2aa4a2067139451beb84649e5acaff989a3a0817fb1c592046c993d4168,1,0.43183857142857142857
sab_90plus,0x43ef177d77f7888ea12aae6ff780cac1e7f4509fa993873c0fd6907c6fc794b7,1,-0.44000000000000000000
sab_90plus,0x43f0dfc0dab452d2216af1e338fad1cf2c1d14816a85eeb28138d0f1b58fe9f4,1,-0.48000000000000000000
sab_90plus,0x440eacd1c497033c6829e7678f5563219b67b9e9ac26096546d5d9eac48e39e6,1,-0.51000000000000000000
sab_70_90,0x441073d8762b5e288adb7bfa54c7503d76d388dc0511f7d3e2e4f8a131bdfa00,1,-0.81222222222222222222
sab_90plus,0x4430641c41597b4ada30b4e4304751f7e52f171264a0e087a5e6a7e757f5d799,1,0.47000000000000000000
sab_under70,0x4444068cacd3bd455e07efee6e1b460c92aabc1c64f97067ed0db91192f83bb1,1,0.48000000000000000000
sab_90plus,0x4457384d10bd19139415797fe197fed390213239184c8e80390671d8801c200d,1,0.20600000000000000000
sab_90plus,0x44891f73ae7e1a86478ff48e1a060fb60252a419eb2326d8f5ebb66d62896c5f,1,-0.31000000000000000000
sab_90plus,0x44a0f6adbea52acf0a97b90870a637a0bf577dc09b9b376ea56a0fbe86f68e12,1,0.18363636363636363636
sab_90plus,0x44ae8c8f7bb5cccb6bd52009251cb6500726e6e639ef0f1a638b808ad16992a3,1,0.14000000000000000000
sab_90plus,0x44e25f753ae47dbdf2705d35e0a45db24d3a1b2996b82a1350ade2c7e92c4f93,1,-0.79577247619047619048
sab_under70,0x450fd33d3654f8d04724df89031e8a2c94c31bc25c1599ae4f6777f6ca5fbd6f,1,0.64400000000000000000
sab_90plus,0x451ad1ef28326b92cf4b37a62b3abe362ff19738cbfd4859068ef53bc811d5f4,1,0.49000000000000000000
sab_90plus,0x4543c6990183b2ae68dc01810615205068394646910aaee05c0f3e59001b2d1b,1,-0.55384300000000000000
sab_under70,0x4558afc5dfac49c7b2e3ea7c088930c5ae4811ae374698327be422f1f16daea2,1,-0.67000000000000000000
sab_90plus,0x457dfcc0bf0029ff73e68ef5018673c0fcd38cd9783a9103647aeb3c9da92c55,1,0.23909090909090909091
sab_90plus,0x45de52c6091f8d70a85f3b1ff05cc297709898f93bcba9f4a5676764e0b25a47,1,0.46666666666666666667
sab_90plus,0x45f98d5eda7bb6f2988986cd9a98be10807c8508ca7453ee1acf1d0953a3a8a7,1,0.31000000000000000000
sab_70_90,0x4688cc8b1ad178095e5a7d63c05ce90bf7057037fe0ca36420cfd520355c284b,1,-0.44500000000000000000
sab_90plus,0x4691465cd4ac73b2fc650d87ba8a4b9cb41dac7d7c74b746b9fefe93803acf9b,1,0.16444444444444444444
sab_under70,0x46bc8f260e14c4dadf68683693f59bbfd373e6de9d70b8fe9463930184a50a5a,1,-0.52000000000000000000
sab_90plus,0x46e7555011a28e224408874f19801a7ad94f78cdcf0b69154bdbfb8cf1a74b55,1,0.24500000000000000000
sab_90plus,0x47a079b62e331859854eedaa3bddbfb41f3f8ed4063481ba956a6ed29b61bb88,1,0.23153846153846153846
sab_under70,0x47b10cee6b566fb39018c6df4b189f8be68630e7da55ce8fe7708123cb6573bf,1,-0.45666666666666666667
sab_under70,0x47fa26259c940255b5cbc6e4904548fde4bf7813dde3ebe9a55fe4af2921cf2f,1,0.44159620000000000000
sab_90plus,0x480686636099964b80f282393f76e06ccbc8d936822d00d461f8524346796437,1,0.13666666666666666667
sab_70_90,0x4822d1452ba17d280b2c271db0e58df7866c9b494040649ab6c6ae8bb7363b18,1,0.23454545454545454545
sab_under70,0x487187034dadebc71441bd70c34351eb189c12a05c99220eb43be41b919e9261,1,-0.61610400000000000000
sab_90plus,0x4882b26f86a381553f8b5742e99c615a2ef95599c64feacba3fb826d18e745aa,1,0.03282100000000000000
sab_90plus,0x48880e3355f031da13b5ed1142d209396bdec61acf6c0945234ff6e5edab9ebf,1,-0.56200000000000000000
sab_90plus,0x48ba936d95fba79df886cf37b1d4dd04035c3bf25ab175ac302eb90c6b7d4e61,1,-0.40666666666666666667
sab_under70,0x48cd516b8e121227e822eef65706ac231431ccb2695a61bf5528ec653af43f0b,1,-0.44000000000000000000
sab_90plus,0x48cdf2e083dc0d0596dcc0079727cf45e6e6822178725a7014ae9d601e8dbd2f,1,0.14864457142857142857
sab_90plus,0x48e6e5108d0d878a02c2d79164fa1063792179b97dfe740b43cb6ebb803e0f7c,1,0.08625000000000000000
sab_90plus,0x48ff4ccbcfcf953e7ed526eed8bd70a8720a5127dcce5116f65644e5179c723c,1,-0.57500000000000000000
sab_90plus,0x4917c1901bf8b7cd6c917c1a37b6e7090982d267a0823d02ff5971babb3f723a,1,0.07550000000000000000
sab_90plus,0x4921226dfa83bdeafb800c8c53a7a068c0c75d52147e2e8408744529b86746b6,1,0.20333333333333333333
sab_90plus,0x492266a37fa8676292ecf7bb932ae99e36877b7e40e376e5cd574d3185ca09fd,1,-0.40000000000000000000
sab_90plus,0x4926e7231ede8671513186a31c8b2a3e3fe9b6e98c7e61ad62325fdf617631bf,1,-0.78527466666666666667
sab_90plus,0x49479fd3ce388c802dc47becd1d23fc6f8ad89ac5a31378810d9ad754582fb04,1,-0.91500000000000000000
sab_under70,0x494c90405f3983224bab5d39f6f48a138c413417993b7a7825abba978c934e9b,1,-0.37000000000000000000
sab_70_90,0x497c481fd33a172302dbe96a44308d62c7029495ffd81a63f85ee3fb0c37144d,1,0.07300000000000000000
sab_70_90,0x498cd7fcb7d5209192cd31676f27413e0a3bdb8c8d8d228229cac24c0701fc27,1,0.51604838709677419355
sab_90plus,0x49a27c995d59d4e08c7098095356b56a28cd54b7d4a8d54886c7ba7ba0926aaf,1,0.04500133333333333333
sab_under70,0x49c1fc564811c5bc7b5fb72ec8abc2371a86d1f33b925f39c267f0bf1f8c7a43,1,-0.50000000000000000000
sab_70_90,0x49d3b353203f4ae2f2c2cada04de61521dca9a1a01c8ae716e62a06ed71798ab,1,0.48000000000000000000
sab_90plus,0x49e67e0beaab4b75bbd785cbbff3b6d6b2cc3a3f20616835cbcaa4e782fdc2c6,1,0.07666666666666666667
sab_70_90,0x49fc58c14fa26bfd4f3f3bd286d2fdf30e994af4393124200e91a21117c59d52,1,-0.65000000000000000000
sab_under70,0x4a197e4958ec49bec33354628a05c4636c2ae0ab639e4bd32b1654f202ec2d8d,1,-0.52000000000000000000
sab_90plus,0x4a2085d9d7302a081b64016124cf1981a5bcb1118392c9d645f1abb57ea14d65,1,-0.76400000000000000000
sab_70_90,0x4a5c996d32d0905e5c13b18671de76b98409c606b1f8fafb327f80a91525d523,1,-0.67562500000000000000
sab_70_90,0x4a6a12ba4c315f111f44064a08b436f6c543e0063e2a5edb7dbfb48f6aa5a45d,1,0.51000000000000000000
sab_90plus,0x4a9f67f674bbbcc9f16e3c6ad1cc3d6a9e194c92d42d3a33f077292a918f6de8,1,0.05000000000000000000
sab_70_90,0x4ac818ea083a05fd123b850d67c7e5bbe29964e8819ae414c8f9a86739fe7733,1,-0.52166666666666666667
sab_90plus,0x4aed01a016de319b1a605754b680cb12629adc63f57cc044795ac7eee8922ddf,1,-0.63529000000000000000
sab_90plus,0x4b38300fb27196d5ca73ae2cca3d601e107cf305e00358d64b2cdeb712eb5c5d,1,0.28666666666666666667
sab_70_90,0x4b43d9360a5e0d08b483bdf27cf0e1fefb6242a749a6fe698c7a62e14699bafc,1,0.34000000000000000000
sab_90plus,0x4b84a8e08cb3376c9e5be5cc5a37f7073de05cdf0810d2ad3fe745c4760ef3e0,1,0.24130681818181818182
sab_90plus,0x4bb68d1f5bd2c1ee649bebad73f602ee7483e2d82c901ef4d019abd76cc55f95,1,0.15000000000000000000
sab_90plus,0x4bcab5f6ab40b357021bf4c86334c7715b997578274be8893d3c78248aac0b74,1,0.06000000000000000000
sab_70_90,0x4c0b020012ab16bac98d338e8ece45e8de6dedce6a327c2a98af36302ea326e8,1,0.36520000000000000000
sab_under70,0x4c3f30e7ef21f76881f21a7c3ad6585d90795458cddfb8a9693c3305114ddde2,1,0.39000000000000000000
sab_70_90,0x4c848328019296227bc205bb575cde555ed13f6fe5159e3f72636b4afd79dccd,1,0.11750000000000000000
sab_under70,0x4c88e7dabe1f1f37661d7b92151276f033a29fa520b007c8099df47e1a4729d5,1,0.24666666666666666667
sab_70_90,0x4c8c81a8977892ce501038db87ff2112e9eaeafa18e4e712180de0ed57d880a5,1,0.28000000000000000000
sab_under70,0x4c9b5ee73c4eb7c4a4757a0a722a9b7d10547732d10db6b0285e44042e39dd00,1,0.52142857142857142857
sab_90plus,0x4c9f08a28ff9eb9de6e2f48c2cad592474840d995f0d184c4cce01c789e280e8,1,-0.85000000000000000000
sab_90plus,0x4ca004770f58e5ad56b47fa336c5a2b6ca823893262478fa76ca01b878cdf8ce,1,0.07000000000000000000
sab_90plus,0x4cca4d1e6722c00e372bd219c15a94d29d09dc34c2599cc5efa9eef82ff67838,1,0.46600000000000000000
sab_90plus,0x4cd60ba77c03e7a0ec46f951af77c98f4a0314dc6bc683ed8506b696a86b81ba,1,-0.49500000000000000000
sab_under70,0x4cd77d456c83e7d8c569a8fb8f6396c3f40154f657e6d970733e2b1b6a7110ff,1,0.30500000000000000000
sab_90plus,0x4cf1e1dcd33418e3244a85f78bab866a2ce08b1d87d605073ac250edfa63271f,1,0.05500000000000000000
sab_under70,0x4d32282db59ec449edbc191b4b487b7f8218c07d6f94b0c01e2e7ddf6964c26d,1,-0.19000000000000000000
sab_90plus,0x4d39d238893ea8f7e0f4d53822a594129b9a98a1fc18744dab57351742e6a702,1,0.19416666666666666667
sab_90plus,0x4d3cecff457d3da44258237c36d78d33d432499a76bb0cf94bb9f3d84c9b9e4e,1,-0.44333333333333333333
sab_90plus,0x4d576a70a3de20a106568848a82a3bcae1b6f5d653c6b8697bd5536a2e2dc38c,1,0.10333333333333333333
sab_90plus,0x4d765b0b9ac804b4caf06003f4fb1ed6ca29e28232e5eda7b6e40c5aab13ba7f,1,-0.84000000000000000000
sab_90plus,0x4da73e81ca85a3d9715340bea8dc38c102fe0bf63ba6aa1f3efd8a54d56e9d0d,1,0.39750000000000000000
sab_90plus,0x4dbb863adcf68567b574f8201fd6e63f2f061a1e4abe6d09c74f5646f2bd3c9b,1,-0.54000000000000000000
sab_70_90,0x4dd987594593e7e1fca9a4e0bc4301cc9320b3c51255fde088d40763ed01a69d,1,0.21350000000000000000
sab_under70,0x4df0608dd27fe2a79cf6ad387b9f0e4ba1df864d8abf275c01273c297ea94942,1,0.52750000000000000000
sab_90plus,0x4e012ba21e4b4046d9ba75766e42398ae7d52cdae6f35ecf2bfcb742589a4634,1,-0.49500000000000000000
sab_90plus,0x4e4442373bf10b8f6c5a27a6b067f1379a608186fadffd4fd8bd355108ec5d79,1,0.53666666666666666667
sab_70_90,0x4e803589e3aac8b331a3c930a96ae0f1dffffa43e47776f4d48dd8fa2ef46206,1,0.21125000000000000000
sab_70_90,0x4e9ad93f6a8446b1f5771ad164c9a2cf9a28954643012d5a8b705e47755204a2,1,0.26500000000000000000
sab_90plus,0x4ee0e85318a804c973143ae54be5d3f7657068f78cc7a93d240d85aba8c66f20,1,0.33000000000000000000
sab_90plus,0x4f456ceb851e5f2c739829af61fd5063e9645a59746dfbf721f908ff53cccae9,1,0.26000000000000000000
sab_90plus,0x4f6c369f3043e93f6994111c20ca6c832e9642e9d0e5a134ac3efb426329593f,1,0.09500000000000000000
sab_under70,0x4f9abfba26f37d6174d9b3b283bc295f0d4249de0991a752763c95f1445a1eeb,1,-0.23666666666666666667
sab_90plus,0x4f9d9c5654e9beb546af817b25fc5a1ff4773d2d1be34646810e4c2458a9d43f,1,0.35000000000000000000
sab_90plus,0x4fc53c04db29af550c2f1c9168c89b857734127abcf2ef9d52fb9044474aab02,1,0.50000000000000000000
sab_90plus,0x4fd23edbe70bf96210fb1cda09dc663f5503045aed574929afef75a8187fc8ce,1,0.13166833333333333333
sab_70_90,0x5038cb8d1ae39e35eded49cbcb86ccf579de09935ba069050db28f07a05c23c1,1,-0.47533333333333333333
sab_70_90,0x503cc08c1fcff5bcca91d07c143e87b3bddd68566445851e93db965e6a1a122d,1,0.57000000000000000000
sab_90plus,0x504124a9b21894731d718718f1a570b052b4a464782b5391aea84f18c6e35c38,1,0.55000000000000000000
sab_90plus,0x50a28deec33f0e66b921b8709d5aa2b68a03fa028f5fae6ea35f914a5fac1e3f,1,0.05000000000000000000
sab_70_90,0x51166276fa646ca50165f7d030c297138ed1d62dc41f6ffde21e962c44182074,1,0.68000000000000000000
sab_90plus,0x5129a2db0eb7408a4478a1298cc0d8ac64379c3eebb0815bcf41aabe20373868,1,0.05500000000000000000
sab_90plus,0x512ecdaf48f51c46d9cc4eecc1fa21712aed7a2bf30e1de21f32662f8f1ef319,1,0.54666666666666666667
sab_90plus,0x51487daba44bac28d30ad7ab7fdabb0807c64e2e069ecf630f584d2eb306a1bc,1,-0.50729800000000000000
sab_90plus,0x514ec956661f4e1291058eae35c7e61ef68f21b95fe3ba3c6df0d8bbefbd8412,1,-0.32651100000000000000
sab_90plus,0x51930becb77692cc4b5e51a87be262a13e922774e3de1dde84529fd89b338327,1,-0.74500000000000000000
sab_90plus,0x51b3013982097ed11aa93039dc521f984f0525c07f4dcef432d3eb6765f87c38,1,-0.49596000000000000000
sab_70_90,0x51fc7cfdaee135d6d0bed053e5fcd3652954414d9b9f4eef5dce2e9ea717f161,1,0.26062500000000000000
sab_90plus,0x5256dfc89708ca138d1dc892c81991f2798694e077d86843707aeb2b615b1e15,1,0.11000000000000000000
sab_90plus,0x527440cef5c222a008270784dcfc2068de21caa04e781cd111963488cdcabbdd,1,0.37000000000000000000
sab_90plus,0x528663818f8f40350e20d63acd3dbae9955ddbdd03860019a752c699aa6e5f31,1,0.13645336363636363636
sab_90plus,0x52a93c7646d0f0e8f93f98536f45e5a787553d6f8347f9dd7332236dda0ef633,1,0.37200000000000000000
sab_90plus,0x52bb88d8ebb6fd5864d8d6c7fcc718bab8157f94da1abdf05f5a7f5381b0543e,1,0.03786642857142857143
sab_90plus,0x52c093036c5c4acc51bf4f86256160330ce9f0ebbdefb5b48ef2c8397641354c,1,0.45043750000000000000
sab_90plus,0x52c1af15cd0c98ab8cc0dcae880f7314daab5c8bccf39ff604699a2abbc8c01a,1,0.16200000000000000000
sab_under70,0x52d0c49125364e722c72cf1391d98b249d0fcae2afddec5af565af13b3810e43,1,0.34857142857142857143
sab_70_90,0x52e0cb307b972ac845797b2412cc962dd1c54508f3f7b060299aaaf4cdecc27a,1,-0.56836250000000000000
sab_90plus,0x530bd255cc1314b3c3076286f25762ce95bb902729309e23bd331aa74e8e005a,1,0.53000000000000000000
sab_90plus,0x535e6907693cf90eb50e61c6935366e3b29933337c952e0e937cf944307747bb,1,-0.68998080000000000000
sab_90plus,0x53637ef9dacf9aff2b6ce87e1a4d7de81c44cda7d6ae8cc582ba8579e9a81e35,1,-0.47800000000000000000
sab_90plus,0x537f67896c246c0770f9eb5534c0d28d388174632c452ee53411cc8865c9da14,1,0.03550000000000000000
sab_90plus,0x5389df46fbc0366e12650d7e9cfc50eab40641484aa4ae024e22585bbdba41cc,1,-0.56250000000000000000
sab_70_90,0x539f3d8f8bc3c783f01ba385007f2fc07891f7fca78a3467e9e10b487d576a0e,1,-0.52832125000000000000
sab_90plus,0x53ae1c439bcbccbf961acf365131b06d9e0a55e1a3d3768192a8a5b0a89f3ea0,1,0.11000000000000000000
sab_90plus,0x53afb3e60d88a04cc1e12c918b21e2c67a698ef79a076fc7c48e1d2786b5e3aa,1,0.22995666666666666667
sab_90plus,0x53c08c3119b9fe4ba6d6d19b70c5c53509fe85ae197fdf92208089c1503d84e0,1,0.56500000000000000000
sab_90plus,0x53de075821a6f02eebe4f415f8bc49257cc5bb57404c0471e447676b30d66363,1,0.14333333333333333333
sab_90plus,0x542ea9fe1a48c357b45072ba9408b7e1eebee1252fe04882c3f50218ccd297fc,1,0.39500000000000000000
sab_90plus,0x544254174f990d90d385b3528ed810da1f5433f3461c9b99963f8ae5f29ddea6,1,0.52000000000000000000
sab_90plus,0x54e133e26795655e469df67a34218fabf17fb822af2514c052435da326ac7204,1,0.13500000000000000000
sab_90plus,0x54f795bc914be49d9d4f96a644246ace9c4df5bee3a526d459b8b1578e645e27,1,0.28000000000000000000
sab_under70,0x556b2042ebc85221bb402de322a8724f149b8c95b520831bade2316565e3ca84,1,-0.42285714285714285714
sab_under70,0x559241bab67c7a64ebf331defb80d99b4572d2d95851a6a3bf8bcdf3f0ecf5ee,1,0.54000000000000000000
sab_90plus,0x55a6455b7ac593b760f63400e43afe3c613d14bb20755b1f3c83039419edcf44,1,0.25416666666666666667
sab_90plus,0x55aa84891f31cedeaef953dfabbb56214ed9549f2ca3ddfe10d395bc58def557,1,0.08153846153846153846
sab_90plus,0x55c50c630e6447642c0472a6a2176019f75cb2a2e61cefd8e6ce5761e6211ffa,1,0.07400000000000000000
sab_90plus,0x55cc774706283801ea7653616ac54bcc7390576a6eaff1803cc6a468869f1007,1,0.40812540000000000000
sab_90plus,0x55d02472c6ffe437409ece155de9d50f82f0f366d93f058d9c3d719db467c1fc,1,-0.42000000000000000000
sab_90plus,0x55d7c173d9e4b66260160aa5cd3e13ec2541a733ff06c4a1168c38241347a1fc,1,0.05166666666666666667
sab_90plus,0x5626a4dd2eee4d8627bb82bcf5f870dcbcafd3b43c1ba09bc251a41b5c2ed4d8,1,-0.54547650000000000000
sab_90plus,0x5628760cc56964480883e0f1059df18b418c4de1852c90a6271db30476baf90f,1,0.25500000000000000000
sab_90plus,0x562959ccec9b871d9e12d461740376e0ce3729b8ffd7d68f845121a2671e777e,1,0.06375000000000000000
sab_90plus,0x5637b99be61ab6ff4214056df66cefb7b9cc2322a5eee9916b4c7bc7488181f0,1,-0.74190400000000000000
sab_90plus,0x564d92081cc33bc0fc034ff62bdea17b32774c711ff6a52745857f8c404b3d2e,1,0.06250000000000000000
sab_90plus,0x567d0ef4dbfb776edca3c6affbaf4229a3919c8242b0643fc845eb67d278fc55,1,0.15000000000000000000
sab_90plus,0x56a22fd15651313c565c845fe3b060d4dbedd6482059865857ae77951887bf1d,1,-0.69500000000000000000
sab_90plus,0x56a745b1fe61dd05263b1344951ede37bb9b9107163cda6cb531a9b3fcba6c2a,1,0.26250000000000000000
sab_90plus,0x56ad603e867ed7bbef0fbea3d1dbc32f02d42032e2203b67bda83526eef0d905,1,0.23600000000000000000
sab_under70,0x56ec87046a910843de2b83ab0e1f2a0b3cdee947b7c450cf36cddeb219a7cef2,1,0.53000000000000000000
sab_90plus,0x56f673bc0de3165e4bd13819925ff65e0be5d6067f306f205e07ad00f57c9d7f,1,0.11000000000000000000
sab_90plus,0x577d6803441f508c1fe12e1cd483625b832b562416897eda0757e3e5ca4ebaa9,1,0.30000000000000000000
sab_90plus,0x57924924e3903f1005489be2e434e43637ebbfed31d0f3077302b0567936c015,1,0.18500000000000000000
sab_under70,0x57fd4fd4934f0679b0cc7548989009938c7ea2d5a66ddc5a111e4d177c00595d,1,0.23333333333333333333
sab_70_90,0x58a640dc715cef8614ec5d105e38867cd7b3c3ac4e4a7d40dce96a762c53429e,1,0.38333333333333333333
sab_90plus,0x58c42e2957429d5a81b549187514524ff154e5d8abbf86e0af39202b7456becb,1,-0.52892600000000000000
sab_90plus,0x58fb28277f01ff73ccf08a758225ed51a00267d06e6369701cfbb931f527bf92,1,0.57000000000000000000
sab_70_90,0x594b83cd77a12b6aa25d86d58884389da652ca55636183e8694a8ae58f14cf7d,1,0.52000000000000000000
sab_90plus,0x59622385e39f80c95db2567273b4dbf894f335092177f3c770b0465c314ee6d1,1,0.36400000000000000000
sab_under70,0x597e0e209cef883bb95c6905f07d8066c3ef35652087d3611c43b93f0ed237c2,1,-0.51521739130434782609
sab_90plus,0x59a029e4250b18648e06da0168533249e9807af1ac5c7317e25d3e3cdafba03b,1,0.29000000000000000000
sab_90plus,0x59a242b9d0bfe73c0ca17f5035e3765efd24871f80349ff048c89b3ecb399047,1,0.09500000000000000000
sab_under70,0x59bd255a6b59d96cd1080858a5c47f4c9c872d2c55548ecaab088e0faa3c811c,1,-0.47970150000000000000
sab_90plus,0x59d2fc404ff56828ed2b6f2ae4cd765de2f608248d6038f4e588b8a2ecaae443,1,-0.47685666666666666667
sab_90plus,0x5a225548a5cf5c61ea03c8f1a04648ed9ee10a0614918073df73ed6d3388581c,1,0.05500000000000000000
sab_under70,0x5a43d0d7ced40da6ea7d5d21cf78a96b913c9c845ead824f287dc38252d87e5f,1,0.55000000000000000000
sab_70_90,0x5a5e1ab7745b65b671e2691f186c3eeea1ff1604136c38b90f5143e363a9e9e6,1,-0.34000000000000000000
sab_90plus,0x5a5f26f47075e7bc8eb13328ab90f46c1c072b2baf35351c2c2b5ea93ddd284c,1,-0.50408250000000000000
sab_70_90,0x5a6619f625da519b9d26f64f6da00c564465e27b6c31f39c83e311e2a4ca0325,1,0.55430200000000000000
sab_under70,0x5a8ea92c9d01b9ab435326843c758a082685d69bff48a3a6acd9ada77b5312d6,1,-0.63000000000000000000
sab_under70,0x5aa3c64b8f8c45cbf09cbeb004e3e192315a3d5a6e99217b64e429fdbd7c9d48,1,-0.33000000000000000000
sab_90plus,0x5ab0a11e14efc6ea53020ca2193495156419aa5921e3eb8a9650169fdb92923b,1,0.54424700000000000000
sab_70_90,0x5ab734f8e6547d4e66e3f10089abc60b9b1b1cbb58368d4428ace148c02df4cd,1,0.48077933333333333333
sab_90plus,0x5abd8122038f8523a9029d62cfac6b4ca7c040abbe4c69119170309a691639f5,1,0.31500000000000000000
sab_90plus,0x5ae28d2aa6aef594f7756b3ca43f5c5be75edf138bb25e7c8de5335e3add9750,1,0.46000000000000000000
sab_90plus,0x5b0535b3da544441b42dc6e9ee8e30174f30a8662bd3ae1fbf048d52c8592a9b,1,0.46500000000000000000
sab_90plus,0x5b1e3bbbc177f124ae80e0919243ecbb4d00c1418dea343879204536465fff86,1,0.43000000000000000000
sab_90plus,0x5b5a48a3cd45926dba02e25e5c582be25f89739c94adeee6a91a49d610d023e3,1,0.11500000000000000000
sab_70_90,0x5bdcf0fd010eba1a55a0f3de9be6612fc72038279a734e994ce2e34664a3cfe4,1,0.33071428571428571429
sab_90plus,0x5becd484cc612594dd3f2a5138d9c191f9089dbc7dc3bd7dbbfb9d2184ed194c,1,-0.27000000000000000000
sab_70_90,0x5bf04bea3b9d4ee70ebcc92aee7247f6198ec5183a5afc0032fdc632f0e9c979,1,0.27000000000000000000
sab_90plus,0x5c244e53dea10690090562274d42219fe3ff6c1bb2889ce2495463e4a76fcc05,1,0.24750000000000000000
sab_70_90,0x5c5b33ef213f53597584da0c194b9e333437c89afda8e6395039e29a85b44d2e,1,0.46500000000000000000
sab_90plus,0x5c6647d179413fbb40f6a11afedfe4adfefcbafeecb640921c5fde93c02fe951,1,-0.91750000000000000000
sab_under70,0x5c6fade951a8a7e2b93b156ac8e42e01a2564831ef9b33dbd522aaaf989bfc7a,1,0.32666666666666666667
sab_90plus,0x5c79f8c2635dda4d5febf466d41440193188064333d8fdd3063cbf086c5634c6,1,0.03844444444444444444
sab_90plus,0x5c89fbcd00a1788ef694e9fe8f179461289aea0578b8d08e4206998af2fed235,1,0.05000000000000000000
sab_90plus,0x5cac231397cc63e8d8ebc4c555066f77d7ba6581555a42297a9ac0b21e72a17f,1,0.25000000000000000000
sab_90plus,0x5d083a3e2a94eb1aa43f5d2b5624375c5a0d17f33e66b5b331a2b759ba55fa70,1,0.07000000000000000000
sab_90plus,0x5d37df550f41364f972afb1acb7284e6171d2666ff74d5bf9bbe53db083124cb,1,0.05033333333333333333
sab_under70,0x5d4517d9eafea457b2c7be558982bb6fcfa01566af2636ff6ca1da8941efbdea,1,0.43855433333333333333
sab_70_90,0x5d4c5252dfbf6202ec5e71f521052c4a23aa8d07bfe5c09a5ef7126907e185df,1,0.39000000000000000000
sab_90plus,0x5d5a74d8cf82cff649ec0ebba4b05e40e781a75b027eceab123f1c377de12081,1,-0.52000000000000000000
sab_90plus,0x5d91d91acb419287ed5e06ca73edcab4c119c637cc923289beaf74ac26d1f8e4,1,-0.34500000000000000000
sab_70_90,0x5e03dfe9b7de848b26fd89f0f849c8acf1471e61e8a262703092b29b8c461c46,1,-0.60000000000000000000
sab_under70,0x5e04f542a1882e74a3a49908a79c2e94f7097ec9cbbe42abd0b0af345fe6206b,1,-0.61333333333333333333
sab_90plus,0x5e08ecbac37a8a72dfafb83a8d8df19a11f8a42601c042daa6a747246f400ce5,1,-0.61000000000000000000
sab_90plus,0x5e0f8bcb8f5993748f7ff14590efdb8c8d02ed8f07b6792de4aab91217c33a57,1,0.47000000000000000000
sab_70_90,0x5e21a24a093f1f6f4e48ff7f338f6451b25468d390c98a17784aa635cf503173,1,0.48007600000000000000
sab_90plus,0x5e2a2315d944adcdde545050b58590f84bd50d10df4ea0001635353d7d290789,1,0.63300000000000000000
sab_90plus,0x5e391b7298950c538bad7893ec4e1b1ba582c0dd57524c1d522812b805b34627,1,0.51000000000000000000
sab_under70,0x5e44ff28aba24a58183f8cf6b3719be1c3c48b594ce4a2cc6a4da753a9d2ecf9,1,-0.46223400000000000000
sab_90plus,0x5e64a1fa6ccde6206df9a171b2c1832a53b12a8be4b55da22ba59556d4943664,1,0.06966666666666666667
sab_under70,0x5e85a440e5c1c2b7b59b8b2f6fed028c6e324d805ad04ad9c9deb30b4630e945,1,0.18666666666666666667
sab_70_90,0x5ee7f9810c26a8d6800dde1fe536cb082110ab9b7e40e0bac87fdc1246d12d4a,1,0.42000000000000000000
sab_under70,0x5f005a68950aeca7600af0f1e81bbb8a9873002bb784076842a6c878b6371fdf,1,0.38500000000000000000
sab_90plus,0x5f18fe243edaf6c98882c7e63442c24023a07d465b41dbec6517af1bd6de40dd,1,0.53000000000000000000
sab_90plus,0x5f4340be34f9f45e76f28390111c349b343b6072a0953101fb78ec98e1ad3e90,1,0.05646148387096774194
sab_90plus,0x5f6d29fad8884a17b9b911b78c0623b76487f8a3afaf987972875fdbdbc20a87,1,0.29000000000000000000
sab_90plus,0x5f93716879d451c8c0d77548da55944eaaa143c051707cc7aa6fdcdaf109fb4b,1,0.41000000000000000000
sab_90plus,0x5fac5a47f11802e8a7b82d76e05461bd4551fe199041fb45c5e6228c56532d4a,1,0.16714285714285714286
sab_90plus,0x5fd3de37fb55c6eaa180f343529549296b69b82b58f095aa9794a47fa078f5a8,1,-0.57043478260869565217
sab_under70,0x5fdbeac433a3b8d2b6e8a5c3ba7f4212a24915b528d3046d8bbec3c8b253404a,1,-0.60917800000000000000
sab_under70,0x5fe0b2cf3d079ae026c26c79322501e2f2cee45b7e3b0229157037b659c4b1b1,1,0.50000000000000000000
sab_90plus,0x5fe1871072fc6948fad70320d236cce3c4b2aa624ea6c8ce860287459112671b,1,0.26938062500000000000
sab_90plus,0x5fee4f88a5795fa8a370c428b53650c5422d243d43865b9e1762c63b8e461256,1,0.37963900000000000000
sab_90plus,0x6004d2c3eed914c555d1e37a79e8cce28445bc0564af72bc0be4d18b3ad07923,1,-0.45500000000000000000
sab_90plus,0x609e55cfad2bea2c42ab7f2524cd23a532d418a4cb55ef53312ca362d8048f7e,1,0.26222222222222222222
sab_under70,0x60d2835aad7087ac12a54ddf1d0be8598e80f6ba31b91eb87a506421d148749a,1,0.48006900000000000000
sab_90plus,0x60e94553fca1436b4ffc521bc1d7bf4b927c86c660e98e9e881153373d3fbac2,1,0.11842000000000000000
sab_90plus,0x60effd8fc15aa831113ace31915530640606eefb05c2040e77ef54a0c467e845,1,-0.34400000000000000000
sab_90plus,0x60f7a2f3b8c0809d9d90e6e92a00696eed517455778a0e031d154f5f5878f067,1,-0.72683800000000000000
sab_90plus,0x610a5db5ba9f6767421958082686313a217b919a38aafbdc1ffb6dd1b0416222,1,0.54996033333333333333
sab_90plus,0x610fd1924156eb0e782d435f804ce7d3e8fd51dc65f9897cace963513358eb3d,1,0.04500000000000000000
sab_70_90,0x6110a256f214e84f8a904dd2a12a4b9bced3011d0ee5ebb83c765b1bd6f56827,1,-0.48000000000000000000
sab_90plus,0x6114f7db7f4c99210db8e54bc52a0aec1ef1fa7f15cddb6e302f6c2951b8b48d,1,0.49000000000000000000
sab_90plus,0x6121eb398cb83975bb4d1f8226e77b73c0381d97b3527cf0abb900831e72125b,1,0.51500000000000000000
sab_90plus,0x614c0fdc1fc1a14df170bec4ab0eabdcdc870aaae1da9979c056714b96db4441,1,-0.76333333333333333333
sab_90plus,0x615d18f2a9ea90ede61d1d2dcf64446d121e479b8318b6156466b7b4a4fb71ff,1,0.41000000000000000000
sab_90plus,0x617bd276ccbc092f366d59dc997a4c67f13f809e7592498f15244933b56d9dcd,1,0.39800000000000000000
sab_70_90,0x61b31949ecaad18217d0f4f709e07b2e94a04e41e6934d5351f783010d67b6ab,1,-0.41000000000000000000
sab_70_90,0x61b80a4a7a325eba229ccfa35aaef9cf5879a4ad38bee2fef49a0359d823d9ca,1,0.15000000000000000000
sab_90plus,0x61c7240e96b68903c5fd38c00f3bbb0e88dfc4fb08894cd2856417fc78996096,1,-0.73916666666666666667
sab_under70,0x61cb5127658f9e182ca8338d97445cd952bfa1545632ac1d322bdf4ca239045c,1,0.45000000000000000000
sab_70_90,0x624f2df42067bb196e9daa447dd0f44f917987a4fe927357530511461601427d,1,0.33900000000000000000
sab_70_90,0x6257ac3bdd0b512bd6470c21d5dc99ed12ef42b5fd9ad6078fad24d351ebda5c,1,0.19600000000000000000
sab_90plus,0x62593e7f01f0bfa80fca7689b20e367d48bc8c292e2d0f0a883c18eb6ddc2ebb,1,0.25666666666666666667
sab_90plus,0x629ad5b25d13acbc3b9dd6bfa905daf323226125794031bd9895ffcc48f5af11,1,-0.58380900000000000000
sab_90plus,0x62a7a778a0c492a6ccd77ff40ef928d5c155e857e9719b57be93313dad158586,1,-0.42500000000000000000
sab_90plus,0x6305ecd7daf99884bcac6e4a27a75309fa8d9695f95b8ecb2af2cc444f5cc78d,1,0.13000000000000000000
sab_90plus,0x63078a36afec06cec9c4a9b8dda707abc8270cdeb3d22c0d1f0181eebb7e78a3,1,0.25500000000000000000
sab_90plus,0x63407575e7f0a2ac5b423adb97aaab566cc6a5609a828c6744ac3949f86327ea,1,0.29700000000000000000
sab_70_90,0x634a20854c91b008611736597f27161dabe8b9ee61ecc508d6929b9364f83252,1,0.46000000000000000000
sab_90plus,0x639c60e4a74ea30a30b637625813d3fabed195d88072a488f8b7ac6441b930ae,1,-0.86700000000000000000
sab_under70,0x6439c66cca805cdeb50925a4e67b85d0a2df66eb2f46983ff123fef019d14190,1,-0.55500000000000000000
sab_70_90,0x649bd3dc845f647aa8c9a739ad8de245b853224961afd01127de0071c13f84b3,1,0.20727272727272727273
sab_under70,0x652a7e27819c8aa682f1013295dd637c000133862850d96143e48a1815b94d38,1,0.33200000000000000000
sab_90plus,0x6561a5e70ade99fc272f68852064f2a5fabf4be5d96a5ef427b60fcd21275bf7,1,0.13000000000000000000
sab_70_90,0x65670c7c4f3f691833e48aabc9937abb59c92d6c43d6e896ae8cc011870fc166,1,0.53060450000000000000
sab_under70,0x65c752289ab1e3b4fde40b3909d9c0fc2b35849ad950a38cab30d19a80457a9a,1,-0.59238095238095238095
sab_under70,0x65d30f3d41bbab278c2108ab0883d7ae1a9fac97a2086542a975d885a9c72dba,1,0.22142857142857142857
sab_90plus,0x65e192c00f6ffe5e487ada218f0792aa5ce0a9d1017360ad21ac7d95ef54324a,1,0.24500000000000000000
sab_70_90,0x65f5760095b3b903c895b320765ccdd4074b72750458b09fde516f6254bcec67,1,-0.56944444444444444444
sab_under70,0x6648418409a20a47b21f8efbc32ddd82fa4014cb99d41002450dae3b018329bc,1,-0.50000000000000000000
sab_90plus,0x66b7ad48448f8846395b8df8edb5f20f99bed8e79928b1b9d2cf3a19d70dbdf8,1,0.05952380952380952381
sab_90plus,0x66d28b13a93d459b2d19ca3972ff29d9cfd741fbaf5880e753cbf17e7d6a729b,1,0.50500000000000000000
sab_90plus,0x67008e048787cc454932ee292ac105138e33ba6fb5ab360168850b86c6d5bdb4,1,0.59125000000000000000
sab_90plus,0x670a76c02d78d05e78b2f823e4e101825bcf8f63a4587f9e4aefcfe99393ecbf,1,0.05500000000000000000
sab_under70,0x67339ac82b996dacb1f2ee7caf1599cd542e09598c6ca3f688b3926927588245,1,-0.27000000000000000000
sab_under70,0x67452e322e6c5d5de2f8a02dab43d3c9f55ec28008c8de63199595a8ea83ad68,1,0.56733333333333333333
sab_90plus,0x67505d766fa03999d6b0583212a8703657e04aed7f2615bee1bfe57225699651,1,0.07250000000000000000
sab_90plus,0x6768dbd9c5255c8cebeedb50795dd1e63641c502202a48db036c3b3813fcc463,1,0.04000000000000000000
sab_90plus,0x67c06a12a9dfab9a39c38cc521dbc10e1d0b2d6591bcfec6cc6fc0d10f60763d,1,-0.71000000000000000000
sab_90plus,0x67cc68fbfe1fba4cbf218a19d66d1dff867dd4d304907bd1840e95f445819043,1,-0.88250000000000000000
sab_90plus,0x6803fba1a3d6ff34196305c5e5f34477f920f2070dcd0431c80673adc640acc4,1,0.53500000000000000000
sab_70_90,0x6825d9518cb15d2b3f2b1472634e454c7eede410f7b6a0cab4c63260a88b8c5e,1,-0.58500000000000000000
sab_under70,0x68757e3c882f8cc20ca7fb1705451691da14abffac46921c072c58ba92f23d26,1,0.45000000000000000000
sab_90plus,0x687967971d8bc035d66477c435778fa200ede4ce4b028521fd58b2be8bf3f723,1,0.08625000000000000000
sab_90plus,0x688286dfa1f90215c1dbce2cbe168b3588617726e2202bcf0ccea4776dfc25d3,1,0.05366666666666666667
sab_70_90,0x688954ad8e279cc5febef6739d4f87acd3e42ca768ac6a8b621386a8578532ed,1,0.45406779661016949153
sab_90plus,0x68f89644c2833757fc678c1ed27c77960af20a428a29dbe2002fe847a7d1158f,1,-0.49000000000000000000
sab_90plus,0x692c4891ebed3dee349feaa1d055511c071d51dadbc5207cc15920d54eb866ce,1,-0.56410250000000000000
sab_under70,0x6953a4a86eb434ce8a817a7d683784986538034e843e66b92785fc6926275131,1,0.48000000000000000000
sab_70_90,0x695915526d635c2cdd411dd315313c691d329bd6a92b62f56686a33146d13186,1,-0.40833333333333333333
sab_90plus,0x6963100c49bdcf119433cb1617abf6683b7256a93c707037e9fbf6271276e846,1,0.22000000000000000000
sab_70_90,0x6966f2af6a3eb65d339a83d63cf55731b5b34a46cbbf28d2656be86932567391,1,-0.65000000000000000000
sab_90plus,0x69c05ef6b35cdc8a77097fe72e26b3cde670679adc75beaf1c0f1d7af67cf12c,1,-0.68500000000000000000
sab_70_90,0x6a6255f95ea0e78d9e8d016908e386989e3e92ef5127b56c7234bd5eafbb3dc5,1,0.31108108108108108108
sab_90plus,0x6a726539729eafa66a1729f8c34c32dc85d75a412a64f76e1069a3a69b591d49,1,0.60975300000000000000
sab_90plus,0x6a787fb7957d31f0a4dea08961ac59b5e2e244b203bd42a07d069d4bdb79a048,1,0.49000000000000000000
sab_90plus,0x6aa7a4862d94095f69a4649d00d435c8059f5263d151942377837a0994e505f1,1,0.53000000000000000000
sab_90plus,0x6ae54b57f576915b00f24e95c48c5f49fa7a40247caed58746654e7bfce4613a,1,-0.51000000000000000000
sab_90plus,0x6b16230263b666a7ba154cdca621f1ce3448b2f784e2b3d371670196e555a0b5,1,0.52000000000000000000
sab_90plus,0x6b5a4b013f59b002ed515c9f955204283d8754cb26b0ef0ddea276125e25d49f,1,0.14500000000000000000
sab_70_90,0x6b864f35765706986a861d22fcc207872062186ddcb5fbc20275e991b20ff6ab,1,-0.81125000000000000000
sab_90plus,0x6bb8b2483eccb8fcae84cd42fd7d8e5e394689e0a06f95b189a77b4819cf0173,1,-0.72500000000000000000
sab_90plus,0x6bc127390c4644267ced3fbf129d19ac2eef532bda2fe21dae841b6c11ea8f59,1,0.37686750000000000000
sab_90plus,0x6c0add0e3e5158fefa03e9b54e354c27aba34cf2c073bda4506d7d9dd429be24,1,-0.72000000000000000000
sab_90plus,0x6c3c1eb9055cf4ff809b8d4f26a8ef56e11e17c184da687353927de474615746,1,0.06961538461538461538
sab_90plus,0x6c5de82b3802a5bd7709f4aaa6041ade0f8eb41042eca21a368c5e23768e27ed,1,0.17600000000000000000
sab_under70,0x6c62b7187ce5d84c7618d8713d6e5fb86016ed374514503053af98f69ec79ab3,1,-0.51000000000000000000
sab_70_90,0x6c7e12393a3bc0c30e00e14d25977757e399eaf1f9c6f75a5d28bec999388806,1,0.47000000000000000000
sab_90plus,0x6cb62aad9b4611798f2a1ba60dae64c1e4b8c9ba400cb8231955e79e5765cc6f,1,0.36000000000000000000
sab_90plus,0x6cc53d624f4831c0dd54087e70ee036590f7504ecd991094f0f36a591f4c9e3e,1,0.13400000000000000000
sab_90plus,0x6cf021522e40b2324826653a5cbe7500804602a01802bad185c9809fde5c600c,1,0.47611550000000000000
sab_70_90,0x6d1ac4815a4642a1ad97b1cf384207b06d66cae075824ec978fe7fbee9924740,1,0.46500000000000000000
sab_70_90,0x6d81d3758071fd3ac9645d430979a9c8ae74a5eb7b0d1cd6f1b7a8a423c141cd,1,-0.74083333333333333333
sab_90plus,0x6d82688216d53e2e656c86fc1e1041c822182963474b8c4f46991d83711c2345,1,0.45333333333333333333
sab_70_90,0x6dd26ff4cf53e7799bc5474b800403fee98b1776967ec69e9dea535d3b8dec5a,1,0.57000000000000000000
sab_70_90,0x6e61637192c084b6e152e177e0c75db2ee0058cbfe54c2e08077ebc65d5b5a22,1,-0.78250000000000000000
sab_under70,0x6e649d863c11e0b1fb29f6d08548e9a4aaceded7c03afdee9723a032aaa9112d,1,0.58416000000000000000
sab_90plus,0x6e86fc1b3d5ebabc61316fa5543b7b88338cfafa76e38183aaf654b425fbd648,1,-0.48846153846153846154
sab_90plus,0x6eb007d26596439facaa305089ed4c1edfc69637290945b9e972a8d7252d60fe,1,0.31688450000000000000
sab_90plus,0x6ec32ebe876603b516ab476336ad76b8e48831fdeeb4701b0acb1536772b15d5,1,0.16250000000000000000
sab_70_90,0x6f05c7bc5ad978f8f9916f05d30a7f752e02b81508c56d82ed7c9245bca163b0,1,-0.52652173913043478261
sab_70_90,0x6f062353f0d41ff7d4ceda7cf424c60eed845754b78c111317e72f917b3f1089,1,0.26750000000000000000
sab_90plus,0x6f29a7b0b5b4d1dae435f3a095fb94536b53f71dd52ece77fe7f8b70be58fb10,1,0.03108000000000000000
sab_under70,0x6f3f77b596cd944508d10f02d8c71d8eb8503d59cd4c30392e96b071255765b8,1,0.50000000000000000000
sab_90plus,0x6fa2ac0a313c1ea67987ed91b38e040fd5e925b60285fd3cbac434fcaa92d702,1,0.28542550000000000000
sab_90plus,0x6fc1698adce04e36a16da065dc12a47d6eca62fde0aa91b6f606668f6c31ddf1,1,-0.44250000000000000000
sab_70_90,0x6fcd127dbe2c45255d6b201b1b250c69dbf940de0fe80b4e40e23822c963443d,1,0.13111111111111111111
sab_90plus,0x6ff61311e936fe1dbbdfa7840d7741daa611b3abbefc25d0eb95f08cc124377a,1,-0.49000000000000000000
sab_under70,0x6ff94500c79343c2144d0c85122c9723a597cb3888be67223585f964317ae2c1,1,-0.42500000000000000000
sab_70_90,0x700a372481cccd80a1f8b8a1eaef6f6e3e03ff39c8194520f4386c8a195ea1ba,1,0.35833333333333333333
sab_90plus,0x70163c26493bede705f826c22b2568624e797315e2cbb1e9c0df8a309bf3c42b,1,0.47000000000000000000
sab_70_90,0x7061e7ce4d7744677b6c3a7d1db0f82eb90c342104167386619d75777a6083c1,1,-0.62588235294117647059
sab_90plus,0x7064b4bf253860b051624b34e4b58db0a05e63b08248c7f337407ea1ddcf58ae,1,-0.56666666666666666667
sab_90plus,0x7077f3c10a622e5993a68ead8020db179185979df7b58b143f6e70cb9b791537,1,0.50000000000000000000
sab_90plus,0x7096e37f05c2caf5f79251a08b819e1f126ba58835147535ff22a55b1a80a6eb,1,0.59666666666666666667
sab_70_90,0x70de9477cf371879e4f7792efa3ca1b651978051da5b595eaf28c799043fe6c1,1,0.66000000000000000000
sab_90plus,0x7122b57616861c549463d47ea07d747118450bcff2c3aa4deaeaf7703c8f01e9,1,-0.55760450000000000000
sab_90plus,0x715c1e51ec62ed31210e5409cc2c57eafbbf9126fd6b94457a882617d69b675f,1,0.05850000000000000000
sab_70_90,0x7164003effdfef62c5ac5b660c40630ecde0890e3c328ef8510f037831c59c0c,1,-0.64111111111111111111
sab_under70,0x71954eb4b08944aef21b025e5f621489b3d107b3aced1c970046afd6ecbf5a76,1,0.31968700000000000000
sab_70_90,0x71b9be2e4558d3581e1023a0e0568a7a49fcca8c7f1ba1d1ca73fa1deb05e76f,1,-0.64875000000000000000
sab_90plus,0x71cc5dd0766e0306f331cb61a56419ca1aa24e65c9a5b3abdd79172aa1123a9e,1,0.43000000000000000000
sab_under70,0x71cf19220d20cbad74d50c08f51995fc8aa7f93455878bffbbec739d1d63cee6,1,0.39690690000000000000
sab_90plus,0x71e4e32f85be965184636c0403952f598cca65cd67004f54950a89bd6381c077,1,0.12500000000000000000
sab_90plus,0x71f6be73436e9e3b79dec665ec99af4f6f5ab3a1f7de42b8365f955bb2cd4034,1,0.06450000000000000000
sab_70_90,0x723ee27a4e1ba3d02e93cf4545d4c06ec3fc8cb8c2b3713459bd0420c1819371,1,0.29500000000000000000
sab_90plus,0x72623f2d6f9658617d7df011e52ff8def77a62d90e7c411bc2204cdeb41d7705,1,-0.42000000000000000000
sab_90plus,0x7267817de4e0c2a9defb7ad2891b2c53e5f751d941b1c77bfc348e53a9ec0470,1,0.19333333333333333333
sab_90plus,0x727b8c788239944b9b46d7e4bb2e93358da89c03903331aeb90d88f0c8ca2619,1,0.53527950000000000000
sab_90plus,0x72c1f535498017d725976369659994f1d6a79b805523c56d88d3d2eb177dda95,1,0.14750000000000000000
sab_under70,0x72e6f4325ce193a0dfc3b27e00b8c300afeb2f435ae123592ad89963e7675eba,1,0.43000000000000000000
sab_under70,0x72f38d5d67a43790fca5028dd465318dfcb521a778baeb6f5ba3b10712ada032,1,0.11000000000000000000
sab_90plus,0x7324ddd79f1525ecc5c758781329b3cfb7cc30e00061de6a9a89e81bd3a93ccf,1,0.31500000000000000000
sab_90plus,0x739ae7457696da4132d04787b96848f38a0d71c0f48347ee69ac55f7e75dad9f,1,0.45545454545454545455
sab_90plus,0x73b3d2eee243a7f5438e12b72e2f33da013b0f3963302ee62bbc9198df121515,1,0.13833333333333333333
sab_70_90,0x73cdf481e0d213e3ad3b2c096ad9dfea604b6587900419d0a214aac966c68988,1,-0.59000000000000000000
sab_90plus,0x73de092b8ca7ce0a3dc640e774dd0d938e7a435a7a816194b519171c8ecaa145,1,0.41000000000000000000
sab_70_90,0x744df2cb98d5dd869623f254c6bdfb167c9caf1e5dd16732106cb61b2d4bc577,1,0.34944444444444444444
sab_90plus,0x746f53249e289b26d46a707286a4e8c936d1c872899af71633a128e8f861883b,1,-0.85000000000000000000
sab_under70,0x7492c53d3c56fec34b2c1311a9190f35378d8ab2b7eb39fde966c9a7edfb2078,1,0.37666666666666666667
sab_70_90,0x74ab826996f3c909455311ee5c4fee7faa696988b2c51a4d1d09f81e367ead19,1,-0.45210526315789473684
sab_under70,0x750f495779adfc70a508af943bedb6e4759c9daaf067fd794f053d7e4505c717,1,-0.42000000000000000000
sab_90plus,0x7526f46b98feedea0c2497666aead4cb6b9a2949384f8e3e451c0e9f0f57468c,1,-0.66000000000000000000
sab_under70,0x75632c047c314459500d1efb10e00ede9926af2143d165112d92a0ee9dad3dc0,1,0.40000000000000000000
sab_under70,0x75d91cd268cec8d688b8a7e543b149700bf45d9f62e9fffa479b18f19a60a63e,1,0.37400000000000000000
sab_90plus,0x767975c376caad373f4a12cd4dea1895e7c728473e1a94d74fae0da49442a76a,1,0.42000000000000000000
sab_90plus,0x76c4b5bca14f3d0ae4c149fd6f52fdec678c02637595161e361b6c4a5b238336,1,0.10666666666666666667
sab_70_90,0x76ddb1214cec71e2c162aa9823405bd778d4d62f6e493e3f532c09da3c3bac0a,1,0.44000000000000000000
sab_under70,0x7724fa4cb641a4cbfe3a518eafcab942f7d5db9f820de607a7d2e7ee13eac2ac,1,0.30687800000000000000
sab_90plus,0x7732f9ae6a3cd12fbb2e293257a34bc99e5bd23f37a6e53f19619b2668f4742e,1,-0.43877100000000000000
sab_90plus,0x7740a9a40937e69e7309f203a8b080213370e7f6f71153d6ef27d73ed894e7b2,1,0.15000000000000000000
sab_90plus,0x77ba3670b33ba5026a260cb614435dea7c7a8271d3f64caecf9748f804a1f707,1,0.49000000000000000000
sab_70_90,0x77f5e0337a602ae5f81f9f5afc97752cc0f88b06e252e0981ee4b4b9f0362fe8,1,-0.65222222222222222222
sab_70_90,0x7806f3a191784bfedb4bb3d99db890d05a834e413a50ecbf6893f7926089e45b,1,0.25800000000000000000
sab_90plus,0x7815af57ea657fd0442932a788988b7f6c219a46903e4bce678981b801daf8a4,1,-0.11000000000000000000
sab_90plus,0x782564f9eab808b967f6b83c83166fb040064acd20a8c9059a4ee423abcd0005,1,0.53000000000000000000
sab_under70,0x78aeffff83031b4880183033b44fc7d554c20425f61a54d8e5f5778d9deb5338,1,0.09717900000000000000
sab_under70,0x78b3c3b1f0ddbfc85416b79412647dc806e7ec8a46376f554a254562103edacd,1,0.55250000000000000000
sab_90plus,0x7911d07c971db75a0d7a01560aa36392e9942a80e89ec34172ec71937fc96279,1,0.18500000000000000000
sab_70_90,0x793ea8d51674c942f485bf9030316e0bc1f47b6db810902587ffa5530ab41b09,1,-0.48000000000000000000
sab_70_90,0x795f529f79b253cc602db98474f27ccd42389cc28823a1482aca3d819e05e307,1,-0.29386700000000000000
sab_90plus,0x79b56bddf0494c36a69a46c92a15d9ecf7c1556dc26fca0822401a3cabce3c3c,1,-0.45000000000000000000
sab_90plus,0x79e4e2895ca9ad1c9864f3c6b1dd1725dc1fe32bbb8427a8ab286ce56953b61c,1,0.07333333333333333333
sab_70_90,0x7a165a01426747174f2ab1daacdf1d2e143a82e8cbab08fc26cc9b60af19d5a2,1,0.44000000000000000000
sab_under70,0x7a47d9cb33434788761e0b84bbad0fc78bf63602abd5f25f08397a56700b3c26,1,0.53769230769230769231
sab_70_90,0x7a50d6ca06cd4b6c1d49d86d5852f6d3c9ae68ea7b2fb3407ce5f9dbd0d6e7d2,1,0.62000000000000000000
sab_90plus,0x7a57248cb65eb38d83bbace034f756504c93053577792001b09ce4de4ceee6ac,1,0.11000000000000000000
sab_70_90,0x7a582647d279d70223a8cfce98451ef6ecbe2e574f24b7dda17be7f65b387c20,1,0.15800000000000000000
sab_90plus,0x7a7ad0575539fd552e61444429c0ccad374ee9efa3e7352f5d6433c6300c69fe,1,0.45666666666666666667
sab_70_90,0x7a7d4b4177aeb3b116b252d31c404b1729e3c2ed388e2183e94688efe41b6d84,1,-0.49500000000000000000
sab_90plus,0x7a9a64a340dd4c2af357a9aa8b2df97791ca8c13b5609a19b57d93a5ae15acb5,1,0.05500000000000000000
sab_70_90,0x7aa10dc64e62564b4d75c8d3b8f9b0051a42c6ca7dbf8fdcc6110637e4ebacf9,1,0.63200000000000000000
sab_70_90,0x7aa6e53f7057c3a8dd202086282a4499d87b92a5602b18e2ff386a82a3622d70,1,0.43876633333333333333
sab_90plus,0x7af1b8e5c4954a89b103957c4eec81041d7634bb2a51b97f6c9ae44cec543e1c,1,0.13617450000000000000
sab_90plus,0x7b06f977c3a7b6326caca86c50954c07d183d0f7884e15587d6b2b16badf7647,1,0.05750000000000000000
sab_90plus,0x7b830121eb0c58c5f4161ecd626af187d199ba1ed7a705a696ebf93e84a1423f,1,-0.50828571428571428571
sab_70_90,0x7b85587fe1ec930b5e33ced13d1a0c4783b89ecc996706272a6c82d92d2182d8,1,0.55000000000000000000
sab_70_90,0x7bc61b9f857b24d6fbd5449d42691bb3517288e42aba4fe716d508c207af46f6,1,-0.51000000000000000000
sab_90plus,0x7bed81b0bd1cbe7cae0ad49fcf2d9e068d1ea2da49a36e638712daa55712a184,1,-0.46855375000000000000
sab_90plus,0x7c200c3facd45c4307c4d52d47a7d0d86fe219ff25eba92ff88a674d974c4ec3,1,0.25625000000000000000
sab_70_90,0x7c35c38bab77b2b6ce12f8444e0831662a3b0cc26f759bf815b136fb20747120,1,0.47500000000000000000
sab_90plus,0x7c83e1f889ddaf02b9e41091d1902f20a5f1f93cac9e04ad8f8451a889278aa3,1,0.42000000000000000000
sab_90plus,0x7c84d83c39bdf3089768a71ef52c0a136712f72e34c753d4335cd67d11316162,1,-0.54000000000000000000
sab_90plus,0x7ca0523e63ee3ed1cfe404ea5526d3768842a646312264fc50b438932ee4c0b1,1,-0.48316150000000000000
sab_90plus,0x7d531b7f4710a8f00562455db5d409e269564a1415b5da352ba3f3daf33ee98e,1,0.52826086956521739130
sab_90plus,0x7d8526b35a02aaad53aa897523a736f8921c97a96fa90e541f8098db7cca2ea3,1,0.53000000000000000000
sab_70_90,0x7d854ea7b988fac9b66500ce1042092a031308964b48d7cf5e6aea75d6730d46,1,-0.47250000000000000000
sab_under70,0x7d9ee252651e1334c3975130d904908259d2629367e306fe9ddd408cb2a5ee02,1,0.19500000000000000000
sab_70_90,0x7db97866f97c987ad688be20ad35e367725d3029ed971af8100c7de39cf7142b,1,0.46000000000000000000
sab_under70,0x7e88d2cc7e7afe872aabba5f7ad58ea3626a283ef118be0aee8cf129d887c311,1,-0.46000000000000000000
sab_90plus,0x7e88fd883e66a95417ac88e33876c14479a06e7aaae4c23494233622e2ee0467,1,0.29000000000000000000
sab_70_90,0x7ebb07134794576c154f06fbaa1cc61a5292d58e280ce98207977771c0326c27,1,0.39578947368421052632
sab_90plus,0x7eefa752079b9cf4d863776effeef7a82b323fc6a9bd1502e245018fdb3a65a4,1,0.06500000000000000000
sab_70_90,0x7f05f24b33ad6ff5559a32c346e1e38029fa3b79dd8508aaf2be8f26bf4cf7f7,1,0.75000000000000000000
sab_70_90,0x7f631610811039f03e85106365e1ef4a34dc6bf8329acb700734a7d859dcc5a2,1,-0.48900000000000000000
sab_90plus,0x7f92aea9e10055125b4165d0032c7183a3a0ab22f82bdbb5eaf59b6a5fdecc59,1,0.05000000000000000000
sab_70_90,0x7ff3ed46b924fc4516f3dd1e918df843c45163e8a064ac023b2c2163f3d16123,1,0.23111111111111111111
sab_70_90,0x801789fd001f72517a0ae1be88b015b239b2ba5846ce73e5d11426d4e17d0514,1,0.45714285714285714286
sab_70_90,0x802adc7238db42d431521f625b2a367954d04ebf8836109257dd4a3b961c6108,1,0.53588235294117647059
sab_90plus,0x80427fe5018417aa5a7af91384be50d6a95a103b7284f02c1684226a17adc079,1,0.48500000000000000000
sab_under70,0x8054fef9f1b2bbf57dc4fc438b3744c96c0b4d59d128f660cc467fff34a7c3f0,1,-0.67000000000000000000
sab_70_90,0x8057e7d66ecc8d716f0692aca30d7c1af6e814763264128d1f64c031c8575c2d,1,-0.59933600000000000000
sab_90plus,0x807a61b7d11e380b0d5dc18a85e32321174988cfc8b8fe5420bed654efc87adb,1,0.26000000000000000000
sab_70_90,0x80a3bce767b871e3e9fc7d088f671cf8977818231c22bebecb82da08c5da045d,1,-0.55000000000000000000
sab_under70,0x810819e78c2fc0eefbf356e9dcf264903746a76fde18f83cc34f079a6024b7fa,1,0.55500000000000000000
sab_90plus,0x8111730a05e3ba5007bd462e29072e19dbf4074e048e1f1d6a588cb4b7aa35d2,1,0.15000000000000000000
sab_90plus,0x812a6833ab17d4c8d66c61fa31da8c8a93af82a5141b7d01c693a7a75c1604b2,1,0.34001000000000000000
sab_90plus,0x8148ac62977e95dd3cb5d2cda5dd0b1071721f3ffb101941b3499fa4e074fae2,1,0.13000000000000000000
sab_90plus,0x814c3d019b69f63ba12cbadf612ff5f215a5da34b84a010c484eb80233795f59,1,0.54000000000000000000
sab_90plus,0x816e42b7b73201b74beb77d1065f7b6cc6979d54216e21ae0670b7a43da9ef24,1,-0.79750000000000000000
sab_90plus,0x81a9bf420ad3960903ebba6bc8b4cbf5275c96b83063452e233a7ee618f6e948,1,-0.63800000000000000000
sab_90plus,0x81bcb06611bc29d8fa5987ac0e606fb6103190db7d411cbbd449e8cb95d72748,1,0.46000000000000000000
sab_70_90,0x81cef42df3d25aecf0bf7e96c344202e86f447f2f3ba2e4b8eb59f4680efeb22,1,-0.73900000000000000000
sab_90plus,0x81d3c86751ca93f01717914355372e3e0198d90d5fd9e3b8533efa272d25c369,1,0.22666666666666666667
sab_90plus,0x81f6a8cea2b3879ba981efa01e1badab0b43f074ea0abb58eeda897493b19e51,1,-0.52320400000000000000
sab_70_90,0x82179a07a8cd8bcffc30a05138c847d932df1d821f637100a1de5e9bb2f892f7,1,0.55692307692307692308
sab_70_90,0x821b530445694142d4b28874d58ffe841cad17a1106b7c0cff715bd7a165d7df,1,-0.40705882352941176471
sab_90plus,0x8240d9450bb180fa511177b4395964ed30f6d6c2b0a51ff53a71e8c834553059,1,0.45670800000000000000
sab_70_90,0x825bc4151fd9c139c4f0400c1a6f5d60cf67b2d04f12d69fd9fb5de67b13e4bc,1,-0.52064516129032258065
sab_90plus,0x826887e3ac134321e8137d47870b4efa84d0263b0864f21feb227c8e024d759e,1,-0.88857142857142857143
sab_90plus,0x837fb8c35203389843ed42dbfaaa43e7bc76855bc97b27f7d2756737802612ef,1,0.09000000000000000000
sab_90plus,0x83fa9e0fdd7658bb42d3f80a8673f583563c249ec29ae13498ef1de5fa0d37b5,1,0.13713550000000000000
sab_90plus,0x84081da3dfbf0e69308c5bff08d763895246ff4ff0af9ebd53d901d56f8513d8,1,-0.57000000000000000000
sab_90plus,0x84136fa9f75b5a971591564046af0ffd0f741ac1d89e6988be487b61282f6ca6,1,0.04750000000000000000
sab_under70,0x84466f679694048db91acf068a3c1757aa5c5e44e4409e97b32ee214f2a8940b,1,-0.27000000000000000000
sab_90plus,0x8456aeeaada0c06e64d78268f66ff41806ea04366cd68c7a4fd4bedcfe440380,1,0.12000000000000000000
sab_90plus,0x845d6997f4b60fbcf81e8cac4510bb18988efe56e0318d77e476124c9ce80ce8,1,0.20866666666666666667
sab_70_90,0x84ceac327b0b2a76ced4315420c9f1ad695512b456c6ee565f134fc82384ffc3,1,0.31750000000000000000
sab_under70,0x84da455c07eecc23e4ddc5af482b492c6be7964f14dae35c7975a88d90be8c87,1,-0.66000000000000000000
sab_90plus,0x84e259a4eeb1e9f8b0d21592caef31d8ce2bae81e88bc5bde8cd66ca8228146c,1,0.05333333333333333333
sab_90plus,0x84f3b2402f5471ff48cd85a43fa5ff8b144afc5b6c3afcc8ac7437578aba6774,1,0.33000000000000000000
sab_under70,0x84fbb724c0465bf76f6302fa7189a8dd67264d39c59fba5fd341968de1178f9c,1,-0.54758487500000000000
sab_70_90,0x850552f50936ab5538988b385803dbe3f8ed3d266b836fc588e618f2df40189d,1,0.24500000000000000000
sab_90plus,0x85474b37db9d2eff3620bdcbc7cac4f5c3e03d97ef7caca30e45befce1cea651,1,0.09000000000000000000
sab_90plus,0x8549254b70d23ec8312e9379f3ecff6e127c8f78a451d363d8da163a6453e8d4,1,0.15333333333333333333
sab_90plus,0x855e2bb5efff1550592bb499915ddc6691700449d8c5273e897c8e314e1c72cc,1,0.07000000000000000000
sab_70_90,0x8586f76f1f694c182c7e794570d70c1a470b9b9c7a606b3506af53cfc2d59ee8,1,0.53611666666666666667
sab_90plus,0x85a4b7ed34ee0b08a0a6dba1bde7f0c33570f5d3854ef8aadef39892e7f23cd1,1,-0.33666666666666666667
sab_90plus,0x85dff838897a01d538527ceda8a6965ec9bafea2aa0d6e9610846fa83a34d128,1,-0.62000000000000000000
sab_90plus,0x85e2ee437bdbcf5c96bde3f47bf2d9fdf51b9d0b89522004163e0c8e73005286,1,0.24285714285714285714
sab_90plus,0x86160e86690150e60f37bb1fdd7e3b5902b4927b87c4d9c321ed8043d9afcd7c,1,0.13714285714285714286
sab_under70,0x86360e1e0c007fee1607ea239b16952ab6f12d9fd6a25229cdd7e3be400e2c90,1,0.23833333333333333333
sab_90plus,0x8642853e209970a1dbcc1c8d2fc88751f0287252d4098d7ea596629570ad2097,1,-0.72646966666666666667
sab_90plus,0x864c6fe35c3a04de6a1743c9acd0b233beaab05a69de32ef4f1b9a5223ccd818,1,-0.53000000000000000000
sab_90plus,0x864d4155b62431499f469772de81ea9b7daa1c87b78047e4aa9cc2fbcd222640,1,-0.45500000000000000000
sab_90plus,0x865fbcaaeeb4345ba59003bc284bc92e14c19902a46efe5567cf80b8f8f92195,1,0.32133333333333333333
sab_70_90,0x867d356663531b8c39ac4452bf981e3a8dc933d16a5d96006b7a02817220cb79,1,-0.44000000000000000000
sab_90plus,0x86f102a31cf4b12dbcf31ae8c62c526c0b538d5b7eb1af5947d0b0378522f926,1,0.23555555555555555556
sab_90plus,0x86fc22f4d262b93a4ea5f28a6c750cde3130dd86f2662fb6641c06b2861eab47,1,0.17666666666666666667
sab_90plus,0x86fc2f4dc631cc096262b8ae9873d993318703ac3cb307f53b05a311e3e90ed7,1,-0.66857142857142857143
sab_70_90,0x87030106adba59ce8ef007955073623da31f15fdf4655b96cf033fb9e57df694,1,0.26150000000000000000
sab_under70,0x87030cc9a017b3458800b4837d4b2b1d78121108b6d58e20995e6b021c2f853f,1,-0.47000000000000000000
sab_90plus,0x8706fcec3f5b2710dfab9071c442cc49979215700b3d1a217be994a25fe94fe1,1,0.37640400000000000000
sab_under70,0x870bb248c96c52dcf35390a66542471c5bba2896942d6bc97ade41a418646ba8,1,0.37666666666666666667
sab_90plus,0x8726b035e9be6ee8a2820f187fcd1a0020d1b2073dae4e3976aed1e598b1f48c,1,0.22400142857142857143
sab_under70,0x87348688ee0df7a6842ed6c0c4503836922e16db1741600ec540ae6e7f206bdc,1,-0.40900000000000000000
sab_70_90,0x8765cc2b3c75089a9c5de8d12d52274857a2e573a9726bc023faa2a046340fac,1,-0.76000000000000000000
sab_70_90,0x87bfadc267506f23659028fd10e9523d892c1da55cbb5a72db32de5cb07bebb8,1,0.23215257142857142857
sab_under70,0x87c9134e18d318a68a48326b8d7492efd08efc2324e5b4414f6bfa512b88b115,1,0.45608076666666666667
sab_70_90,0x87d01f6df1ace6b16fc6a77c72eea3393909a43c089355bd87436b3e7e497612,1,0.49601500000000000000
sab_70_90,0x882f0d33b6fff38f764d031355b1cdb4068683dc4e4a26cd91274fee77dd7065,1,0.61333333333333333333
sab_90plus,0x8832a0cb723339a79b20bd21ffd064de58a8a0a68c92a014d16852d47b1a24e4,1,0.24646200000000000000
sab_under70,0x88578244dc28f12e9df9e568adac0aa2cde43c0498c6a159bc1cd7b5a18e562f,1,0.43000000000000000000
sab_90plus,0x8860b62c353ebb9313bfbe2f82d06f33dcb4579bd437dcb7af8f9107244b311d,1,0.54500000000000000000
sab_90plus,0x887f26cf6ab07f7aebdf203280c1f1cddbe1cd494f420316b94a2647238f48d1,1,0.04241379310344827586
sab_90plus,0x889e0fa1c435f52ba8534423449865e6f18fd11fc13b473988b88a60d81a9ea0,1,-0.71000000000000000000
sab_90plus,0x88d3568d16cd610174bbf2c66978f16008f3e66fc6a431b853ae24b1491efed1,1,0.80000000000000000000
sab_90plus,0x88e08e08821f020a5b1db64dfeca60cf8b09168e6bead377cfa6aa8018b401c5,1,-0.84500000000000000000
sab_90plus,0x8905c060c162a649362b3b57f131327066c635664fe824b7a416284175b4ed4f,1,-0.73863636363636363636
sab_90plus,0x8938048ba1a211e9c7abe052dc86f59e6fdcc1ddcb004cf11df28a303813df9d,1,-0.50750000000000000000
sab_90plus,0x89686353299b5d95c4b0720840dfa7516850a102764d65e3f077302aa2586dea,1,0.37500000000000000000
sab_90plus,0x8997b762028a9624c4f04f2b1082c47cb83f9e2e69d187721c4443ee09df3b30,1,0.08000000000000000000
sab_90plus,0x89a097ecc9be34c7c4d6ac4377fe4c90f1d267bcf2a287464b959564b5c8f33a,1,0.10285714285714285714
sab_90plus,0x89d881bef3494d021e687cb1d21afdf34b935ae320be8656fa779bc11ec43cc4,1,-0.56000000000000000000
sab_90plus,0x89f3660355b18cdd0684d129970fbcafbe253427af12a76cd806bc684f240f6a,1,0.17900000000000000000
sab_under70,0x8a045ab5bd960b812f7a8efc15ae54d37502ceefe577cdc4b3f72687c839b82e,1,0.48000000000000000000
sab_90plus,0x8a11f0733fa80ab8040482c4e0f5acd43df6003bdb5e130786039656277a6c38,1,0.15000000000000000000
sab_90plus,0x8a2e7737d04cf353c9d74124f572a20c5440187074d0cbad83faa9bf3745ee0c,1,-0.55450200000000000000
sab_90plus,0x8a3c443a5e3096f795501f61233b0fd132dc9c4e6de574ff8ef33ad7916990b5,1,-0.78000000000000000000
sab_70_90,0x8a3ca97b10cab04b078e5a8ff0f88c3d406c9468d766f194e3e062aa72a9b539,1,0.24916666666666666667
sab_70_90,0x8ab8461b23e508d2469fb8c56919e6f26845ddc9082c2cad904f10a1df441cc1,1,0.22500000000000000000
sab_70_90,0x8b10bf2ecb04c704ef0ade790087c530a85254d9fbdb70012310c828129cbd96,1,0.15073420000000000000
sab_90plus,0x8b1bb5ca14aa932987f2125561bf2cd6b999d4a5dca09e60c79b01d2229d4530,1,0.40333333333333333333
sab_under70,0x8b5120790c8f89cfd7a6666fb413990f9ef740d2b0826b2690dbc5fd6788f5c4,1,-0.46748250000000000000
sab_90plus,0x8b9176d24ac65c3ec55f5113c290b7ce97dc026dc506db9f1444879ffcdadd6d,1,-0.68740363157894736842
sab_90plus,0x8baaeb9d47cf2973a790e045e83afbb20484abc69031111a0f680600a2906a24,1,0.11000000000000000000
sab_90plus,0x8bd798cf5ae4a6dc0d5770852cbd41366481173aae585d1c99f0f7a27beab13c,1,0.17006666666666666667
sab_90plus,0x8c65738021aa8195009b33a4e375f83e4cb49eafd0c75ba7b44d08510036b9ae,1,0.78000000000000000000
sab_90plus,0x8c68fd2a02ac82ee1ea1729a13a34d26046d39eb0deeea3fd23e3105dbdb5382,1,0.14400000000000000000
sab_90plus,0x8c6d26f9f43b2afd5760fae140eecac91f2c1ad9f74ca152b6196000bbe031c6,1,0.07000000000000000000
sab_70_90,0x8c700112c536c54f2630f7ef6c2af7fda72c122fc7d26aa446f9d5f3ac156b10,1,-0.69332337500000000000
sab_under70,0x8c8959d62407bb686db709801c421fabbfb895a3b527762a956f9405e74f32ba,1,-0.52000000000000000000
sab_70_90,0x8ca66a3012273cbadf1339f2b3c53cbeaf977d61a2f3f97495fd056afc0691f8,1,0.16540030000000000000
sab_70_90,0x8cd985e7c4e627fe98d14531586c26f992f96475963e72a294b1e06de1429058,1,0.19333333333333333333
sab_90plus,0x8ce71de40f08f580dfd32070f54c38bee6c20b5c05c311b2592b2167824a0e8f,1,-0.56000000000000000000
sab_90plus,0x8d18aae6b585c739e2e4dc7b50c9e067b64152effaf0e84af5876e911e189d62,1,0.04816666666666666667
sab_70_90,0x8d65471084efc1270308b40d0bc1f83ca3789ef264daba5dc7c024ee394c6773,1,-0.72441266666666666667
sab_70_90,0x8da627b7c1eaba23664611ad9a3f777b0412d837ebfdf93b7cd91375df2d83cd,1,-0.46500000000000000000
sab_70_90,0x8dc0f659a1ec0e46ce14f371bc50584e69033d06cd15de5d51ed6083c4c40d56,1,0.34000000000000000000
sab_70_90,0x8e1ae84b627a8bfd5ba87022804086396e572002b88ef5cdad1043d6efe11400,1,0.44500000000000000000
sab_90plus,0x8e218570a336c37d4871785ae86945ba4859e46ad122cf7d365da31ae1fc8851,1,0.03201766666666666667
sab_under70,0x8e219fb5970e12d4cdabfd87bc5a127a20e9569d2241e0d3eab60af5fd4805f3,1,-0.51000000000000000000
sab_90plus,0x8e648799802e82df4e6d5b63385622fb7ac6e7f1bd5d5f2e3944f8f09c3b6eda,1,0.17000000000000000000
sab_under70,0x8e7b2d6fe9eeba28fa7147588594a162db197ffe4165ed3587f9e6380f8d01ed,1,0.37000000000000000000
sab_under70,0x8eb933271beaafebafc8f7615e69e6a20bdd61ef25f99f78f1e21486340f6570,1,0.25800000000000000000
sab_70_90,0x8ec1344d38fb55aa4adf043a3d81899bda2762b89bebec5769a81a50c3b9c25f,1,0.41200000000000000000
sab_70_90,0x8ec18580b64a06864f892eb5c597f83deb05e29684c475f118e55d137fb5e000,1,-0.41777777777777777778
sab_70_90,0x8ee99ee9a4b5e2c9ef24d5eadd17890a8961f1bfd9a3f3f321d40cf0f617efc6,1,0.55538461538461538462
sab_90plus,0x8f0238f109028445232328dce2ff342cb92207a4e9e0e0dda195f1644655b2ab,1,0.27283333333333333333
sab_under70,0x8f08071a56115b63baf6fb651a203033652ac03785d36b3c7d143dffcb3695f3,1,-0.60000000000000000000
sab_under70,0x8f3657204939101bfe86a2a83f42cd4528124e4b19712bf8baba95b1d692c84c,1,-0.42000000000000000000
sab_90plus,0x8f3c4ec8a952306d39d3eb361dc05bf50e8911e84e0a2238af749d2b28fe21a0,1,0.07000000000000000000
sab_90plus,0x8f5caf5cc8ea15482a34640c5dc803a3f3e31a3ab9062bc1ca90dbe3cf225c50,1,0.23250000000000000000
sab_under70,0x8f74c2e5b0c468a4dcfcb01248b48f5779470c9481de61dc2730ae67231bb571,1,0.39487600000000000000
sab_under70,0x8f81a18827cc712f196809195814fbb2cd5a95f86ce1adf3b856015521fd3e46,1,0.49000000000000000000
sab_90plus,0x8f92746709a4fc82f4d454e162046ac3590e3a5a7564540806a6c5f8a87e6738,1,-0.71076923076923076923
sab_90plus,0x8f9acc102ec78d37dae2756f513f9ab9cca7518aaa1e6d283cec333d6812a363,1,0.37000000000000000000
sab_90plus,0x8fa051de29f2f71b525b4191c207dd534adfcccd624f6db6e73668c0f465d891,1,0.18000000000000000000
sab_90plus,0x8faecbffb1b1385e237a24c1ba71eaa909168db5a541ce105b709c63c849952a,1,0.50000000000000000000
sab_70_90,0x8fb8c5b5e504f8b1bbf18ac9aa85aefc65bba1ffc5075c91910d0dd9767c7486,1,0.44000000000000000000
sab_90plus,0x8fc6d0d3ab2963712cb2545ec04e978e0f470eeaf4167f588bd4e7237689a0ae,1,0.19800000000000000000
sab_70_90,0x8ff3e26ce8b89ae6323241d1139b14712876d0194843f7ff96c63b963f05f50b,1,0.28333333333333333333
sab_70_90,0x9023eedb2645ee65bccb6aa93753b26b837e98ac64f065e1acdac188aff54b2b,1,-0.77250000000000000000
sab_90plus,0x905548eef567e68dd533b7304a79c681518603049f2d358a37f42fe66971f513,1,0.38800000000000000000
sab_90plus,0x906f33ed491b9afc879861077054f65f9b0dc3e7f2239856b854a1a261ff66e7,1,0.47500000000000000000
sab_90plus,0x9077873d0dd508c3370dd0f73e3d07a4ab79efa8c17cc84fb8f5a745032787e6,1,0.07000000000000000000
sab_90plus,0x90b756743ecc57ef54d2d782efc9dd2342520b7814a936f7f429922da9c48f8a,1,0.33540666666666666667
sab_90plus,0x90b9d20ece132c342654f98e0826e972134b10f58d4789c2662bdc00eee44b13,1,0.18333333333333333333
sab_90plus,0x90dab0680f465b0e4f505295d1b138b2982a86a2eafa92b6530c5035efa7a716,1,0.29500000000000000000
sab_under70,0x90dab25da3664b7a341a6114a8c310ea526d578e1286ca97987ffb5207b8c939,1,0.35000000000000000000
sab_90plus,0x90dcf4df8981ec60f4d0b532ae7cf717955a6c4794542e79230907e2dc1d576e,1,0.05000000000000000000
sab_90plus,0x914abe14ed078456f247cc648e2ae1e9579150d85ddab7670266fa8fcd350889,1,-0.71477272727272727273
sab_90plus,0x9158bb965a8a5a9bac0b29bc4774567771c780255ecda1ebd0b291bebe4c5e90,1,0.18500000000000000000
sab_70_90,0x915c8ff5cc774e058416d26d65cee8a04858b0d22548f59b2dcb2766de5a8e50,1,0.23538461538461538462
sab_under70,0x9165c0068860796b577272bebf658bfef829f481a9828a0d7ca5cee8b351cc95,1,0.34000000000000000000
sab_90plus,0x919e77feb14a8bf0a6f0f69d9c0dd79f9b165e4df48e45c37d64bd93249611c2,1,0.23222222222222222222
sab_under70,0x91bc2d5c57d20851caa4bbf821e9d7d3b488e041f21f00d256bc43caa9e1c4c9,1,-0.42266666666666666667
sab_70_90,0x91d4bfc779dfff0dea3a93bae4bfbc582d4e8f60517c03f32b33180e78f31ffe,1,0.40617850000000000000
sab_90plus,0x924bc8071a68295bc16c28a987932d96fcb04ca8c79fe072b8efc820cbd281ba,1,0.10142857142857142857
sab_90plus,0x92777779b1ed60e0e1d2b5f834a710788856e2960391ddc123aba4d84b4a0c5f,1,-0.54000000000000000000
sab_90plus,0x928eabb60cd8848fccaab042f93c710e1f0adf8983f4dc5573b53cbd2ca4d5d7,1,0.48000000000000000000
sab_90plus,0x92bb5b9f46751bba79f98e08537692ca916eaa3075e8a6090d4b8d9ed970609c,1,0.06000000000000000000
sab_90plus,0x9363d8829c28b135f4952bf56c945d43bfa150417a65d086089e76f6fe68c939,1,0.46015100000000000000
sab_90plus,0x937d9bd267b25a53d8c4320103395cd9af44f55fc54928c2668524cfced273ac,1,0.05500000000000000000
sab_90plus,0x938c7d0e0f63b22403e59fe1fec4c0767bc12de5cd90627be282aeb63bdfbb02,1,0.10517200000000000000
sab_90plus,0x939693c8859f2684a8be14724282117fbf438701de890f47bc85ce8b42c11076,1,0.34695400000000000000
sab_90plus,0x9424c36690bd0734f32d4435bedfc7766cf5c7059dc697e2ec80598e825c050e,1,0.20500050000000000000
sab_90plus,0x942ec9fe68f733c196433b9ba146ff4d6629610c83324c91395e078b8b21e127,1,0.07454545454545454545
sab_90plus,0x94710318784a6a4fefdf735fc9b4e594a5a48ffc2136c8aa4af582a8fe779fe5,1,-0.45000000000000000000
sab_70_90,0x9476673098b7c180d010e84090d5bd0ceffea3a1053b907db4da5a637502ee86,1,0.26265628571428571429
sab_90plus,0x947996d016c91c138f34eb5ebf0a67a27af1254fb93e603e48889c2f178ddd0a,1,0.14083333333333333333
sab_90plus,0x94a50383c5e07b5fe2b8df3c1a47471225edfd73637f37922bb010da54b54769,1,-0.51500000000000000000
sab_90plus,0x94dd33f550b7d179672224b2750b5d15716484acdf7b2eec1559d22dc58947c2,1,-0.78000000000000000000
sab_70_90,0x94fc825eee8ed2a26395002ba75637bad72042d43b8fa2ee6aa8447b4f8d82da,1,0.53500000000000000000
sab_90plus,0x9500e74e6d2f34035c373bc91ad9ea2a232b7c19012c30678b9c2e7041a55b93,1,0.28000000000000000000
sab_90plus,0x9512efee246b1d7b1e6299ba9f946cb96483d5399466fc05ac02ff3d7ccf701e,1,-0.61255133333333333333
sab_under70,0x951e4575c8405a07ab0669943e5483771fb2143056e8ffd0ec64df6a212a1b08,1,0.33900000000000000000
sab_under70,0x95417e73958d52ff217929ecbd4a55d518254f1f463e0a4c9cfa95c2ecbd57a1,1,-0.51125000000000000000
sab_70_90,0x9581ddc0227054c2d891ffc1bd5b3d0dcc5ab6833f512d9abd416af8e34b6e61,1,0.58500000000000000000
sab_70_90,0x959c79d9ff310b46dec3e402f4e71e80a23d8c7a5228c41946900eab085a0d85,1,0.27888888888888888889
sab_90plus,0x95be02324f34ab7063ff1a0c755f9caa8391f1eaf9421221e577f2234447a0fb,1,-0.59000000000000000000
sab_90plus,0x95e8c492f878a1c6b04e47caceee107037a26e4a8b040041b28a3be8eb0f6942,1,0.30000000000000000000
sab_under70,0x95f726bbb693b945f94473908298b2389989550b08a7bfd90f97ce7ba62cb719,1,0.57131578947368421053
sab_90plus,0x961f5a9a2b52b49e60efd0454c136b9c2a120434c47b353a8d8211f75e335e9b,1,-0.51442950000000000000
sab_70_90,0x9623b379f3e25ffa6206f8bc7aedeecd67580944645151350e06cb3efd95c090,1,0.37285714285714285714
sab_under70,0x962c33d297cb9720835b5e5579a3d9f8bb0e0c97429d59ee01c70bc073c18d7f,1,0.28894736842105263158
sab_90plus,0x964314cfa3bbe2b74e99f1973135a7678ba86ad048116b1a9846a9fa8cde646f,1,0.08222222222222222222
sab_90plus,0x96b01ad1652091c183549b076a76859c3012de63297dbcc165416ee1b5ddfa72,1,0.16888888888888888889
sab_90plus,0x96dd9f873ec920b870ef7eb94819220f287abedca0a7a203e735230f182a62a7,1,0.46000000000000000000
sab_90plus,0x971eb98daab3a11a1dd3b76e14ae962f8e5980ec6a3d499529b5f19b75108d4a,1,0.07724137931034482759
sab_90plus,0x972ccf977b07c4dfa53eab0aa0277371d42a8c4ebd02c22363d563304a3ffc84,1,0.08250000000000000000
sab_90plus,0x97b66d987b63b438af6467bf15ede9f2845b857dadf44653b262fc5a6a699411,1,0.51482900000000000000
sab_70_90,0x97d575b72f12355f393ac5dfd2258ba24c06fdbe5355451b8d59256dfc3748e6,1,-0.26500000000000000000
sab_70_90,0x9814196ae917e1c962ce23612be50554586828a996b06c800d502a137001bc25,1,-0.57851851851851851852
sab_under70,0x98173b0b2c8c33289b25ad91ec78fd2583220af0c2df0ac49bc9c978be8c5f05,1,-0.30833333333333333333
sab_under70,0x982941d6030e30ed0f56043622c52d71db557f6ef2774a11a06945248e7076ab,1,0.28545454545454545455
sab_under70,0x98a73d72d15f9fae4c907c1b777762ffe463533e7c7f7a534208364890db716b,1,-0.53075733333333333333
sab_90plus,0x98b06321867b2b9624b41c1ee314d04fc999133cfb5ccaef51e3a242c7a2d30e,1,0.34975600000000000000
sab_90plus,0x98c2ec4c8669d1f2a1fbab582ae0227e673e92096b1652a33be62da3e74fa4d6,1,0.23200000000000000000
sab_90plus,0x996314a5d1f4f81c0dbe514158b0d5cf5b83dca7837b533c3baf40aba3821eb8,1,-0.17000000000000000000
sab_70_90,0x99ae217a33b60f298daac2ff2a19c1aa2362ae001fb964bf0273241d7796bf7b,1,-0.54666666666666666667
sab_70_90,0x99f0c39e4235d840bd25d2c229b2cda57cc087b6b8c2780f804fffeed0d0c628,1,-0.61473600000000000000
sab_90plus,0x9a07caaff2c446ef13f2ef28c15e788cbf52be21aec37178aa26927952fb32f4,1,0.11726275000000000000
sab_under70,0x9a08835a475427b9e66d18fdee295225a0244650158c9a634ef2813b19e512c3,1,-0.55476150000000000000
sab_90plus,0x9a11b4f4502f280d5f95b1b12a05e5d3c93ca9d473bcfe6c80051000bccf0312,1,0.03900000000000000000
sab_under70,0x9a24729c1a356df21269518e4014fc5a5c9e72eb89135313db6dfbac61bdd5a5,1,0.54000000000000000000
sab_90plus,0x9a405a09ebeff5dd1b8a3b128f02824bbf849cb5b3bbca39c410dc7f85832d53,1,0.34857142857142857143
sab_under70,0x9a6f473c55a10d8bdc81ec50713d0bfd8035971ed45f3d5d49c82e9058d536ee,1,-0.50000000000000000000
sab_90plus,0x9acab1d93ff637d8061f1679f9db5534196b2f972e91039d9b61b5ad710b2b79,1,0.20500000000000000000
sab_70_90,0x9ad38d22c9912987ca4d644c8b7d239f24afba5c93d16300a8cad778bc6f6858,1,-0.44333333333333333333
sab_90plus,0x9aede26e053f76d2f03d1683c89d37651cd05fa9f0e58da871f0e17cb0b6bd02,1,0.52127500000000000000
sab_90plus,0x9af69672ed9980d291f11e2a794ccde49d96296539d805932bf057120548613a,1,0.30000000000000000000
sab_90plus,0x9b422451df6b6808dc6fa839149b981e4ffbf18cab87519b20df9591d8aa437b,1,-0.50857142857142857143
sab_90plus,0x9b65b179679f0aca3606ba61f6177267fe7778c850c2eb6fd8c13b099b94aa60,1,0.44448450000000000000
sab_under70,0x9b70a547e151a25e290e18db8a699e016c67c9d04c96a5ac5f72b8ee83abe2dd,1,-0.35800000000000000000
sab_90plus,0x9ba86ff47ca8edc6e15ad552cd00f70376d92b4a50fb52afd60c898e873a2f51,1,0.07666666666666666667
sab_90plus,0x9bb9a841d4c976b86213d73dfed1fbe14acf120999326f48c9c7c9e2bf097e09,1,-0.57500000000000000000
sab_90plus,0x9bf751e905a219ecdc3c36d9a788328346c83d0b79c641b6155bf0c4e13aed0e,1,0.33500000000000000000
sab_90plus,0x9c06e3a3e35c6c7d6416331ed7988e89dd7dd5286a2b6306b3dd2ce01ae723a5,1,0.11500000000000000000
sab_70_90,0x9c183f63913cee589ec7a8d584fb7743a541f724edc047837c053c027bdf9074,1,0.48166666666666666667
sab_90plus,0x9c55934cd521047470e0e30746b7e1e2d634263b40b9783e545082f2a88b369f,1,0.05000000000000000000
sab_90plus,0x9c717d291c95bc8d015d7e32d0e84f67ac09e9928bb0ad886e8833869b5700a9,1,0.05600000000000000000
sab_under70,0x9c79bcf3058b4035a47a8d786ab08cbd1e3826b41203ee9974d934d17d40de09,1,-0.46333333333333333333
sab_90plus,0x9c97adce88d841584b807eea09a482085209cf2cf4ca115aca56853c735c9d9e,1,0.59500000000000000000
sab_70_90,0x9ce04dc3705208f3a0d99ecc661c910b6cd4a882332caf341f99804d54711f68,1,-0.48000000000000000000
sab_90plus,0x9ce3c4653c7740cd29d36e92fc433786c3658ab690099eba8957dc07bec04695,1,0.34166666666666666667
sab_70_90,0x9cff92dfeb631df408d4df186b3d43fd3a6ec5cb954c829e6f3b5ee6a32f83f8,1,-0.57919700000000000000
sab_under70,0x9d013d3fc2d53c9c22d1738416312b854b72a80fcbfa5940937928578b686698,1,0.41500000000000000000
sab_90plus,0x9d0750f726f15fd3ecbb801990fb6a36662c5efd86036a39ab7a520cdde9d057,1,0.41499050000000000000
sab_90plus,0x9d2fce5a4a99a9b4228d97b446f48a25d4d4baf0daa22c439660219a66c4a6f2,1,0.12692200000000000000
sab_90plus,0x9d6616aa851e889ca620b34a2f13b21c139840bfd798af9d417429c79227ca7a,1,0.22500000000000000000
sab_90plus,0x9d96267f5f0028505640aa54538227c6cbe8bc7a8b519ada32d3a6d5f2a33d27,1,-0.31625000000000000000
sab_under70,0x9db067927a1a368ea58a3c50eaebdcf1091ecb19fa008e577979d54652ebc1ea,1,-0.42000000000000000000
sab_70_90,0x9de91738929365f104420a4246815a47ea2017b17e30370fa4572ceb84d898b9,1,0.23750000000000000000
sab_90plus,0x9e030ad2c9ecc0037a1056f1641d913bddd5c7b26c100267fb8b22a4fb64936e,1,0.05055921621621621622
sab_90plus,0x9e2ce4e01bbffb0ae61041d053c9afe9d7b0f4d276bfef84f9f40122c0e27b7c,1,0.10382200000000000000
sab_90plus,0x9e4786fb9948c7f56c3e941d8d0e4ba7ba4329d4ec76b781d605c73809907ffb,1,0.24000000000000000000
sab_70_90,0x9e8345ef61995457041dded86ec4b24ead5ddd1b6563f543efe30cf373b1866a,1,-0.52000000000000000000
sab_70_90,0x9e9014ddc6e6386e9bbd6bb8e6bd0049094ebaa3fa2eabf51055b2439c08a075,1,-0.70728571428571428571
sab_90plus,0x9eaff6fbaf30fead4e862ed63e3d7938781b72b84ae0d2d590632690f8dcd423,1,0.32000000000000000000
sab_under70,0x9ec12bd23874a60ba96ccc614ec6a49e7d538702424bf7a6e0397141e95dca55,1,-0.37000000000000000000
sab_90plus,0x9ef2776fa7119fc1ec81a0a5d8f9e5a677701eed5b581b138c94ed177d12955e,1,0.21121066666666666667
sab_90plus,0x9ef39163c9da9d594e6a8fe09619846c77b9e573793ae9a0885dba5747f46304,1,-0.27933333333333333333
sab_under70,0x9f1fc9fa4e0af34538485d07cd1ca93fd0d7a45989346ed94be84dada491d2a6,1,0.53500000000000000000
sab_70_90,0x9f35e753b35f5e6c9dc1eacde28bb41c5434348e52ed0ba9647191ed62928326,1,-0.51000000000000000000
sab_under70,0x9f4987dbf8bd92e4f8f7390aaa0db22d6260639138e91675314ed5a625e0f224,1,0.48000000000000000000
sab_90plus,0x9f87034007b499d3cee162776e3672ead6f71e6d519518a445a9f758c9d37096,1,0.06500000000000000000
sab_90plus,0xa013d8d71c41e6fc8f984bcf783350fecead7aa897049acc1cbea8303cc26340,1,0.04000000000000000000
sab_70_90,0xa01d6e0c1c6a48eaf3d31c999320f59c8aae9190d099e1774d6868d7680cfd51,1,0.58750000000000000000
sab_under70,0xa05e65c9f1ec3e3cdf6daee18535cf58ebf658188099dbff6edad06b05ba0bae,1,-0.41933333333333333333
sab_90plus,0xa0cb2c5087cd6ac76edb0a7d06d536619c4d41bfbdd6fddcd804e23eb8fd8e79,1,0.06666666666666666667
sab_90plus,0xa0e2b2e4d3ff27855cc95329b608a8a28bafa78c186c94d7ec041411cf165f10,1,-0.78000000000000000000
sab_70_90,0xa0f4d15ca1f25a095760f56ba63d7f99bad977a33ae93003d86d58fda3ba3da4,1,0.23352941176470588235
sab_90plus,0xa113314075ef81a9d3a6577083b8e9a5c834b4b55b1ef0ad5b51ed5e032afc32,1,-0.63500500000000000000
sab_under70,0xa116c6a9338996dbf3d361a4bca75531f4d7c0ed86c15e4cd5a6c2e8010e381d,1,0.27666666666666666667
sab_90plus,0xa118d4a71c01bc4e5705b77ae31b18bebf1f694aabe85eb50bc881a2b9215302,1,-0.53500000000000000000
sab_under70,0xa11a0133d77f01e62223c676d41c7f3e6ca3779751e1c77f99f7fb63fd521182,1,0.52000000000000000000
sab_90plus,0xa12d679ff0fdf65202aac049e402e70710bf25f550e24d28ce6c2f99ca3bbc57,1,-0.49000000000000000000
sab_90plus,0xa14e6806b2389ec9fcd9907b7dd444fa59706cd905acb56acb835818d180585c,1,-0.83750000000000000000
sab_70_90,0xa16a7269a25f746cd0aa5d85910de766d940d4dea9bf0cdb6423158b24149be1,1,-0.37600000000000000000
sab_90plus,0xa1bbaa496df553167936bc8f25e9b86476a123c1a2e5a69fc52baa5ac49c314e,1,0.51522800000000000000
sab_90plus,0xa1cb668f44322a8975bdd12276b7c43bd7705b47298cc6d869858e62ead1435c,1,0.55500000000000000000
sab_90plus,0xa1f130957238c162bfb7c871eae95975038c2b4a9409a778b2f2bff23eef4b40,1,-0.51000000000000000000
sab_90plus,0xa243c744cd4e707e11e100848eadd29ed01b75b747c5ee59be0ceeea8791ffee,1,0.64000000000000000000
sab_70_90,0xa2dbbde3c939a2b2f3511e3fcec68e4f0b7ea698272eee124e0636bf9734aea2,1,0.65666666666666666667
sab_under70,0xa2e0029e9d3924c2c7afa2e4649cba2967dab0d31a2eeb75b24a8591ed0f5a9d,1,-0.56000000000000000000
sab_90plus,0xa2f852b978e8ecf641e190501a8c23a1ef38ddc3d441ac244ca31167a172ea39,1,0.11000000000000000000
sab_90plus,0xa33166037d7120de9e5aba5c250c11eaef99a131d42a3214f9b44d68ba7d30d4,1,0.38604100000000000000
sab_90plus,0xa3361abfc0aed81ad5655323b25ea5a050556f918cdff1b64c3aeba517216f53,1,0.49000000000000000000
sab_90plus,0xa364600645068223fb5b0c5059be8c992abc7d4e8ec4c2ccfe52f9cb1930f9a6,1,0.60500000000000000000
sab_90plus,0xa390f8871f025c2f86861d56cde9ac26fa5a6453076d7ea861ec08f39e5d7482,1,0.16500000000000000000
sab_under70,0xa4112f3fa6ff2e41793c171c9b55f825c31bc2aea6d4e2301db059b8768798ae,1,-0.51000000000000000000
sab_90plus,0xa42a38c17e4da22601fa9e93a45b155ad40b56debc68085f706cf7a148da47b9,1,-0.64000000000000000000
sab_under70,0xa4618503f975d4252e4a8393311c87f598738d3af1f6c126318abc76f14a8480,1,-0.48500000000000000000
sab_90plus,0xa465e5118544b6d4c309728b8666ad2e35c1423d1f1411de5bcc4c3ae04be7ca,1,-0.60000000000000000000
sab_90plus,0xa46926b0bdef66209285cddc3a0fa99e371cccd7459a39693ae7ab76f38d80e7,1,0.17333333333333333333
sab_90plus,0xa4781f5d97b6fe28ca7a69353b89e3401a9483a4c7bfc2f493c6cca138bd9c82,1,0.17083333333333333333
sab_under70,0xa4bfbc119167267238565a00f935d848b195975471c7dfdd9a6a44cc4e40462e,1,-0.26000000000000000000
sab_under70,0xa4d0f8471418b33261d02865b5838d344b3dbff250cf75e2981f2d16c85ed09f,1,0.35489925000000000000
sab_90plus,0xa51acce990c10c0c5aa7bc5f2e5dd1348672e7a3c796610ae0859cf94a1a18d7,1,0.54000000000000000000
sab_under70,0xa526b8d2898ec27db4a6c096b6e5f2a5829305a77d738cf740389f10d5c585be,1,-0.52636363636363636364
sab_90plus,0xa5501b4dc0c99c382b1c2871ad9141c7f58509a0f962f70a38bb6566ec570049,1,-0.90666666666666666667
sab_under70,0xa56777ed448742b9e0587c225b50a187982cca2b241d713d8cb67ffa97249a4d,1,-0.42000000000000000000
sab_90plus,0xa585409edfa2633de93083c6315d5c855988112f24e3f6dbac3bc91834a9776a,1,-0.56333333333333333333
sab_90plus,0xa59df62ba341709f748a3a3abf6dd98ca97936eb2d22772a8f5470e0be6b3fb4,1,-0.47853300000000000000
sab_90plus,0xa5c34a67f76f57b54c2b02de07fda95fd0789e252fd595c2f27564509989cb82,1,0.18912550000000000000
sab_90plus,0xa61a8aeadb14792a9bdbfe09b648819a011e2515d7db4c5b0110d660662a34c4,1,-0.47500000000000000000
sab_90plus,0xa64bf02f5e4790504980a59b74c49a36bf6075faf189b1dae5f6bfac1e7f27b5,1,-0.82000000000000000000
sab_70_90,0xa667db2b04a745408b796ed9d4ea7db00825198793736341e59815ab83044ae0,1,0.47007200000000000000
sab_70_90,0xa66b0dc5d126cd76a7434ff4782acfb59c267130afea696d71fefaea98beb381,1,0.33600000000000000000
sab_90plus,0xa672d7914b6cf5c2ede7368a159485b46d2319e551b3bc26aa242d6c808f0090,1,-0.55500000000000000000
sab_90plus,0xa67f4318ea71b3ecde28bbd52896bf588fbe8d89f45f6c7db8f193b9e1500c4d,1,0.11000000000000000000
sab_70_90,0xa6ae199ce172475dd0e29d7584810a15a1d4608398d2f42d7ca39bfac45ed52b,1,0.24100000000000000000
sab_90plus,0xa6c938b3402538af5faa626dc882bd7995db132df1c4ea669db7841df3557678,1,0.33000000000000000000
sab_90plus,0xa6cd933c6cc3487b1a8505ecfad35d38428cbc9e3df01cc81fa10219b8724d25,1,-0.89823529411764705882
sab_90plus,0xa6d8d2c3180bf09d36552d8979cf6347706c7e7f28a14715f0ddef1fc717c950,1,-0.49666666666666666667
sab_90plus,0xa6e038f2afe16051046cedfabc2b14e49315fbe8b7bc5ce354c74744f75c3e55,1,0.19000000000000000000
sab_70_90,0xa6f18041a9e4db4936e9da82108169296ade7b2d7c9f0bcf2aec7402db9bfd3b,1,-0.47500000000000000000
sab_90plus,0xa6fd438021ff0503d431b058127c961de1e6be232950ce40c3de8727813b4649,1,0.08000000000000000000
sab_90plus,0xa71f817655a1e3388855598499fbe5dbb1f7904a376b7a792869b19279365dc1,1,0.55066666666666666667
sab_90plus,0xa727a02ea7cbbc805fcb0674a67bee71d0aa52748e9d9328f751878e5fbf4cfb,1,0.19909090909090909091
sab_90plus,0xa73bd5add4d188bfd6b35c9f998acc2b86b213561516709e7eac65dad146d9a9,1,0.14000000000000000000
sab_70_90,0xa75053ffa630e41fdc08a0885fe0614716ecb13061ac460914bfe498038d5364,1,-0.58172413793103448276
sab_90plus,0xa75a205300edac4d68cd48eec8427ab77e5af337fd9a61479b4fdb1abe290ec8,1,0.46000000000000000000
sab_90plus,0xa7869235d343ee56afdf6c8aa455d04d5ed7f13c6c91c822655424a4dee48344,1,0.49000000000000000000
sab_under70,0xa7b5b123f9fd38f83fbe19773a5d04e38208b370ca66be27b9688155e7b5c60a,1,0.27055555555555555556
sab_90plus,0xa7ce8ecccf7a43457980b2489d7bcaef3838ee2266ba3b14d8eec48f881d2e59,1,-0.74666666666666666667
sab_90plus,0xa83aaa11f3e7153604f9ebe7aa36377670bc889fa6a23a34ef598066c98502af,1,-0.49000000000000000000
sab_90plus,0xa842c6a7072d7434b77bdf6a22cd0faeef91da51b109078c143eb292980f6bb5,1,-0.44000000000000000000
sab_under70,0xa8936191fa20020c7ba8477eb3bd0c44fbfbc07dddbfe4cfb4de86b09edbe250,1,0.36428571428571428571
sab_70_90,0xa8d64ff826067a88d125173890b470ce99f1328da7b33bb038627ef67661fa10,1,0.26557788888888888889
sab_70_90,0xa90ce8b69a218dced329076162df3b79f99596d1dc71d93bd30a64a2c8b6ba3e,1,-0.84684210526315789474
sab_90plus,0xa93be1024e17c8a6f52bcbf8f8f53d88215703978d801741e9b2bc1f85b9e518,1,-0.81000000000000000000
sab_under70,0xa947b7c696453a288460a8e12aae31b854ca02d0b87970ffc259cec8a9fffcd2,1,-0.45487241463414634146
sab_70_90,0xa95d48279f55ae3288220263c0eb8a28197828121b878ff91671695ce88df46c,1,0.60500000000000000000
sab_under70,0xa964eb76543e3916540cc12c55ecb67cda57a46fa64bd5976fce9d3e2ed2c2c2,1,-0.47295987500000000000
sab_70_90,0xa9c26984edcb251ddb120a1080c324aca343f9bf07b8bb77dcf986bff723bc15,1,0.23666666666666666667
sab_90plus,0xaa009a05f702af9bcbda7df1723340e24f3c710c76c1591c53feb1c921492dc4,1,0.18000000000000000000
sab_90plus,0xaa04cb664758874f49215c8bdc81e15b1a280de91b9bd08595b01822e5b59f53,1,0.08066666666666666667
sab_90plus,0xaa1e27321af456cd4258982e4260f4e9010dc1461b5d90b560c8e15041e8cc05,1,0.45000000000000000000
sab_under70,0xaa23528a8f30c7566c04c7bcd513440dc2d7645ae383f27a876dec5dc4881282,1,-0.70549420000000000000
sab_90plus,0xaa5c804ff72f9bc8556c4918cbb1e9815456b80518ba3bf1d83b9ff5872d9764,1,0.13000000000000000000
sab_90plus,0xaa77e3ff60b877f2ed42ad0f579a906d26a9f1036f51780ff23d3230e7f43200,1,-0.95038614285714285714
sab_90plus,0xaaa631aeedeb6c066740a47729c0af115785738c1e9ccb7b4a5371ae2b2f5d08,1,-0.44000000000000000000
sab_90plus,0xaaee502e7f2378521ba15c183e2762cecab013dd42f7600f7b35e99e0882f08c,1,-0.82250000000000000000
sab_70_90,0xab186f403a2260444ccc536fce775670e1a851d8ceff6b7fff3f5f3d240ba412,1,-0.52555555555555555556
sab_70_90,0xab3f153316654c7d3f8ab95a1542014fe17cf3299890be732bb5cf9bc28920fa,1,-0.44000000000000000000
sab_under70,0xab71bfef1eaac050c68818b70c3554441a8ec09ca5ed76efdcf7632bf0464844,1,-0.42454545454545454545
sab_under70,0xabcd94970a42787bb01726ff703134cf666434b9bdaa288505290e6a4b339fc0,1,0.60045550000000000000
sab_90plus,0xac111edf9fdf6fab06525d9a0216c16a2e54483c0df7ac58f1a83e9fa53b0c72,1,0.21750000000000000000
sab_under70,0xac4237747ca9496655efd50d36efd03751d8eed768139e48fe12ed9e3d6873c0,1,-0.61500000000000000000
sab_90plus,0xac480a2ad4c2524a60b8d6c1856dd4795264f12f63552cee98ab05055499ecdf,1,-0.67500000000000000000
sab_90plus,0xac6dd0094fb0f6384507e950ff971e2a80b1bd4cd2b32b37a5a7b5dc888e1e59,1,-0.52333333333333333333
sab_90plus,0xac8d629b6c47d8500ee4f9cbbe5cefebb15cbb696faba06ec5bdbbf247136038,1,-0.68000000000000000000
sab_70_90,0xacb0eed77d09803271dbd3c4bd48e36e7db3bce93d9f9e7b41698c5b374ae726,1,-0.75000000000000000000
sab_under70,0xacc7fa48047453e6668e3da39c57eecf1277e0694cf92cf6fb3fdc035d624230,1,0.52000000000000000000
sab_70_90,0xacc91369e8ab91b13e8c7e9dfecc5798f9ea6a64776f89742f13683b68f6420f,1,0.23000000000000000000
sab_90plus,0xad0785e454a8b0d96171b924ed7e1aa158ce87892ec81a44a0387cccdf92a3a7,1,-0.51500000000000000000
sab_90plus,0xad3441638abca4aa830cb997b7caea5f3c8b84be06b99173781cb9a47c5cbc5a,1,0.17108108108108108108
sab_90plus,0xad454788da455474d9e28c8ef2bf9bc1a01707b0bf445a9e4aa3c8b6ab44b30f,1,0.06000000000000000000
sab_90plus,0xad47c57403c3f2d2c7edd24f7f4a0f6d50177d28edf43330623ded6c27f0d412,1,0.41500000000000000000
sab_90plus,0xad4b705d4d6cf553c921b6f7012a82d06f4bb641559eb8df763c0effa61393c4,1,0.34794900000000000000
sab_70_90,0xad4b85c901a42bbadc399ae65af75d86b6bffab92c5875267df646b481788a45,1,0.33500000000000000000
sab_90plus,0xad4c809234ed3611262865264ae3c075721f6ca2e3c86c76b0a7bb5da94cc70c,1,0.05500000000000000000
sab_90plus,0xad5533fc1a714531d1a224888ad024953ff66ed34acd1831ddae16d6b95361b3,1,0.05000000000000000000
sab_70_90,0xad8d3be925887abafef346e442cd57fc83e1786f8e3cd4a8e8fda99c9ce1aaea,1,-0.69500000000000000000
sab_under70,0xad979e61f088c7145aee00e18135312290aa4220b68db7bf2a6b14090d6115f1,1,0.42229225000000000000
sab_under70,0xadaedf732c19b74380f459e0cdd8d799711a14c865a4dec0648278a8386816bc,1,-0.50000000000000000000
sab_90plus,0xadc078b4cae4d1b47e985cbf79f512314485d54ff617909db98f5a28bfb31dfa,1,-0.54419650000000000000
sab_90plus,0xadc95775815bd47bb353679bebc4b9c93cb703b1e732deafdb5a8a1888a71bec,1,0.36000000000000000000
sab_90plus,0xadd379ff0c644f129ca40b804749a64d87e4d9120adf91d607f3ee1a2f5a69e7,1,0.09500000000000000000
sab_under70,0xadf4acda3ae836e6c4f6646eaa940c7934d1b97de2a8f7a51ff585139e8f693a,1,-0.68642857142857142857
sab_90plus,0xae564cd0f9fa44c4d475bcfabcdfdd5396e36ad29ca883fbe04065813d1994cf,1,0.20500000000000000000
sab_90plus,0xae5cb04ead7e17b8c0332015360a81523173dceac47d469cd386e90bba32dce0,1,-0.57500000000000000000
sab_under70,0xaea50c46b138456d358138b2c1737f22cc692ac199e2cfa0c1e86e2babf9e37b,1,0.57500000000000000000
sab_70_90,0xaec9b992e0d877c321c7789af5d6fb64ad5e339714fb1000e1e97bf14159ea1a,1,0.11700000000000000000
sab_90plus,0xaed88e69aa25b45dc1a0d57e364b218433b0caebb84b07a2de08c67003f501c8,1,0.09500000000000000000
sab_under70,0xaf01d7a1615baf2c0f924097bf7cddaff4f2d30d4eb2436f7018acf67c339488,1,0.43657650000000000000
sab_under70,0xaf503d0b1bc9cbca253451ad26d5a984aa845a2d229fbe52ad3e09cdc516da9e,1,-0.57857142857142857143
sab_under70,0xaf647f6da772eb4d97e60b77914990124d3c9b7707274f52ae2bfbb696f66c57,1,0.46500000000000000000
sab_90plus,0xaf767784230a131d5c4dc31e6b3cc4b4e898e03af20a75d5935a75100a76a46f,1,-0.76250000000000000000
sab_under70,0xaf7ff334511a96c738381ec46fff088d3e02938d69c85ffcbabfcf9eac0ffe6f,1,-0.58857142857142857143
sab_under70,0xafb4cbefe1c36ccce9665d21c9093e94d6122f16c39b71c0aa383670f25aa956,1,-0.55000000000000000000
sab_90plus,0xafe17432cfe5eed2e8b762691d86f60a65cea238a2b5fbcb1510bf0d65b74e78,1,0.50000000000000000000
sab_under70,0xafe68e1483d40328b5dab00f28a88fd45aae31618d8cacd75f4b086c2bb96a5f,1,0.37000000000000000000
sab_90plus,0xaffbeeaef4c956c9e55932d3384eb7ad02640d6a421f3e749f208cb9047cf982,1,0.14547619047619047619
sab_90plus,0xb0145bd4aef91466f77a1c2e7cad8a37c9997f5bd7424c165788ad26945e5de1,1,0.50000000000000000000
sab_under70,0xb025924a635da63f0fe25da502ba1b006cbe2797166be54ad6634c1c9891a798,1,-0.24457266666666666667
sab_70_90,0xb0a72abdd625f7db31770fd42a5cbe483b45b305ba8ce1f0cc5e88509747abb2,1,0.46375000000000000000
sab_90plus,0xb1876c5b40e321d4efbd20415eb84c4c72b501894c6449cf609236c1401463e6,1,0.11000000000000000000
sab_under70,0xb1af31b06f89438b39f8013b2dbd1108128f9bc09fc415a662ecde9999fca1c8,1,0.56636363636363636364
sab_90plus,0xb1f0a22e71aeeb464554acc78612de743236f45d254e931514b46c4bc60f3c07,1,-0.94666666666666666667
sab_under70,0xb1f2ae3e9ae5bb037a9ef55942a1b6d53497dd50723bbe5a2b0cfb728afb5fe3,1,0.50502300000000000000
sab_70_90,0xb1f2c55d95d9dc660ce2d9bd118b9ca8400da4692b33bb2e0eb0d6fa479b4a2b,1,-0.66000000000000000000
sab_90plus,0xb1f8c5043264ddb6231c7a262515aded31c4f7b3dde356eeaa239f169d186f9d,1,0.51000000000000000000
sab_70_90,0xb1fca83dd9b3046c8db3ae0de2c8d56ee5d17d3aad54b7bbfa5c65000f6df350,1,0.17900000000000000000
sab_90plus,0xb20f96ba6ccf4555d4e3adcc97a561512ef27af67183b52d32283066d4a81853,1,-0.74000000000000000000
sab_under70,0xb288103f4ef069fc13b9b0bc05345687261f1c0ad0477d465eafe40ef5cf6f14,1,0.42000000000000000000
sab_under70,0xb2a84fa3a1ead35ebf89b87f9ec329b1c4cfabb42980f7d9d0c718f0d58ddfba,1,0.58833333333333333333
sab_under70,0xb2ddc589d74b18aa81838ddbffed98675fa0296f1d63bd2e8e3a79a4b03127eb,1,0.28500000000000000000
sab_90plus,0xb312e27945a29c469183912dec93d4eccdad5cf16fdf6f26ca57753370278999,1,0.39133333333333333333
sab_90plus,0xb3260de5ae9935d6976ea1c378d06a8e81f9ae8b72b9d4ae77f5ab93d92c5a4b,1,-0.48187500000000000000
sab_90plus,0xb33840d7abb800915faf5fcc68e538a870dd7c43e1d933118e867fff8e47267b,1,-0.64867000000000000000
sab_under70,0xb3486280b72f21c652ca26b94d301d016c9076b4aad9238e7dad607f26a23f95,1,-0.43396433333333333333
sab_90plus,0xb34e42870f0ed70aedecc23888c8537108ee472bc4341f7b8d90ddc02418f2c6,1,0.15000000000000000000
sab_under70,0xb361c29b5481164886627cb175ed76792df30902e66ec329c0a3853f807fe8e9,1,-0.41250000000000000000
sab_70_90,0xb3b9f4a16219db9489a490bb923631b980de0ac91b518009677170d3115b4df8,1,0.48000000000000000000
sab_90plus,0xb3d6f987b056ba304a306fda19638b5ad102436bfdcdccab666031088af0e292,1,-0.40000000000000000000
sab_90plus,0xb3d8611a37297d53401111fce7b5d7bcb306e68ea3127ac2aa7abdb86389c5ca,1,0.40500000000000000000
sab_under70,0xb3de3c8e27c89d369754e456ebc0e1fa42fe2c9998f8a4b9a68009117f08d508,1,-0.32000000000000000000
sab_90plus,0xb3ffc9292cc5a09ad3c95675f4b6b85e55653e34c9ce0cfc7ce49d84e00e8f65,1,0.11964014285714285714
sab_90plus,0xb42dbec8465cdd7a9f8f803fa13fdc4a14fd00e680c00c253a2f5a55e06d9337,1,0.04633600000000000000
sab_90plus,0xb4528250bfbecacd1da31cd9dac28d32077c66cc921a8598da6b8e4265144507,1,-0.47000000000000000000
sab_90plus,0xb45645188f311ecc46f8cdb80b02c29a345d4933cf6b73664b09d3131a2d16d9,1,-0.72000000000000000000
sab_70_90,0xb465c0d920be7fa9413909befc3989247de10a1d4feca2621bb36f9a62191a12,1,0.14166666666666666667
sab_under70,0xb469ba7ae1520cbde8b3c9fc19e43ff1f2220d1ec605172e83a745d9d16a19f5,1,-0.35000000000000000000
sab_90plus,0xb46d6a65e23e4356eb2379f97c5e4bd040cad8f5fe92830a66f5f35089a43510,1,0.39000000000000000000
sab_90plus,0xb47959475696c12c99e65a4a672c061e0bdda03bb0e8d358fc896220954cfeaf,1,0.05143620000000000000
sab_90plus,0xb4874524b82ca34f211d1b1b805474e07cbf43cba186489a3dbc7f5ef805bd1b,1,0.20269287500000000000
sab_90plus,0xb4917b28f36b011c35f190dceaec5253bec46aae9c43ef757fadc78b4b39766f,1,-0.74000000000000000000
sab_70_90,0xb4d8bdd6fcb2d325a238ce8c1199799cf1615899380cd815d1aa1846c1f5cc4e,1,-0.69750000000000000000
sab_90plus,0xb50b0f936bcd3538bfa9791e8bfb26a231c298b1df68eff57b8b9620dd60fb15,1,-0.55000000000000000000
sab_under70,0xb523db2e39a90b7847398cc9255f9ddb6f2a42c79f1c4f49cf625754da5903b4,1,-0.44333333333333333333
sab_90plus,0xb53a439c60d979f1c19108b263d97419e0a6ea99eb71ce08cfc0e459622e71cc,1,0.05026315789473684211
sab_under70,0xb552687ec56c49a10cb87fd92ea3b2540c11473658750b4ab0f1c6edc7d2a392,1,-0.40000000000000000000
sab_70_90,0xb559bb0e246dd6d0d5ba641d37499a69e1d51324076485e6aeb82f8b5f87227d,1,0.32642063636363636364
sab_under70,0xb5bb5932b8a1704d4a4d5593539f615079364ced1d4ab665d96d3a24c72b1154,1,-0.50000000000000000000
sab_90plus,0xb5cb9a94206dc77d3e4108cb11c7ad70cd4398e8501be0f961ca330157a53d80,1,0.29000000000000000000
sab_90plus,0xb5e6e5829c986107aebc5b4b18429b007a813f2b5ca860993020f27ef9f0e080,1,0.20300000000000000000
sab_under70,0xb611e081048b117473aed705096d35862621adde646102f26a16c208ca1f4d25,1,0.37000000000000000000
sab_under70,0xb6259679a7cc53b57f92353842ff170fb74ba670034db9c03ce38f30f9bdbbdd,1,0.43450600000000000000
sab_90plus,0xb6383e151dc3bf7ae92c4bb554c0f55efa42e3ec98e5c8e8e7da89267419d59e,1,-0.60000000000000000000
sab_under70,0xb6543fe370d7fd8cec63fcf47b7ed14bbcd58b22ba5e2d0e04c8a6fbe05cafde,1,0.52000000000000000000
sab_90plus,0xb665dad0a25faaa6a6209c4eab2ec10553c40439c17e938963886abda9f80c08,1,0.24000000000000000000
sab_90plus,0xb691003e61520ab94b0eac8adf28553bf67ac4ba4839a9fa03a2b4d48d225967,1,0.45000000000000000000
sab_70_90,0xb6c2397b0d074be058e81c4475cbcf5a1c75685e85de6f07807a52da539906c1,1,-0.75000000000000000000
sab_90plus,0xb6de0c43f214510ff0ecb581354805e1f337eaefc06ee5d220ebc06e16dea0b6,1,0.19000000000000000000
sab_under70,0xb6e51a628cf76b0ac95833b8ed9b83294d2cee129ef55b1c5c9012dd931c8fc6,1,-0.45600000000000000000
sab_90plus,0xb6f2a4cd9e893532ea369d820c6f2ac14bc4710ca8c663f548a417be0d2e1342,1,0.19500000000000000000
sab_90plus,0xb7297ad99cd8e4957c64aca2fbf143efeb7045e95826cf4aa6b327ebfe1f1ec3,1,0.23181818181818181818
sab_90plus,0xb7299024535d27679bef5f29ce57e7576d20655ebada1e2c40539b60102f4a20,1,0.40388650000000000000
sab_90plus,0xb72bdc0fab144240659eda3d63506060cc4840e9e617aed9f818aedfedd983e6,1,0.07000000000000000000
sab_under70,0xb735d67ec0d26547a913e3d29e3336c32b750d21808aa4d9179f3ba1c0e7034b,1,-0.40000000000000000000
sab_70_90,0xb75a74a413bb606a44632c44b39abe59361ff36f3d080f49703f4005dafc632b,1,0.38375000000000000000
sab_90plus,0xb7892f8e64d30d763c35328639b9db6326a97998392acaafe5a4191a92218cb0,1,0.52000000000000000000
sab_under70,0xb7aa5da5e6f37efb144d02ffc8c2b90752cf71fb076f6ff55685f70e90496ace,1,-0.57756200000000000000
sab_under70,0xb7dc069ed1fa05b964f3fcf5a201fc5f19c812d7f2f1328b2c922abab8dc250e,1,-0.66089625000000000000
sab_under70,0xb7dd583abff48e738900a1da4edf31e31d7d7834afe6f460345c597d50ad2497,1,0.47826086956521739130
sab_90plus,0xb80b86347f46673ffdc958ed9b43256d4fac4cd451ee930d8b972dd52d37feeb,1,0.10333333333333333333
sab_90plus,0xb81d9a63be774f9c3db1b96af4d0e869128643a29c6eb922c0d8a20137880120,1,-0.85533333333333333333
sab_under70,0xb8277fdbeb64abd4ff7f305c338df40791dd8be7f17350bd0892ad28d2efe029,1,-0.52000000000000000000
sab_90plus,0xb84d748259c817c0203121ab58eb6a420cb11bb01286483361ecaefe8dcddf23,1,-0.46666666666666666667
sab_70_90,0xb86425238a6bb2abbea65a4730da96a877bb8f1c18e5579271f5bd08fcd7fdff,1,-0.56292214285714285714
sab_under70,0xb8c4eb2bc36fb256ac730f0d1d05cf5ff6649a7d8d5ed779544dfa068da1cd18,1,0.49074074074074074074
sab_90plus,0xb906efc556ff8859422a1c5fd4a86c5efdac18dd551eec7a900fbefbc878df82,1,-0.56500000000000000000
sab_90plus,0xb919777c92212f3a7ff07a6e77568162657229d9a9cff0595d0b3379671ecbc4,1,0.40438700000000000000
sab_under70,0xb91bcf97aed2a45f079de5a8683035e8505562523bc2b643518175ee11fb7bed,1,-0.43666666666666666667
sab_90plus,0xb91fd8a9087220e91e72419db83f7481d9e0ca794db364e01bafa26388ab0944,1,0.10000000000000000000
sab_90plus,0xb9275e5de263eb01555279db80db363cb631912b944878805bfb1e9062b7298c,1,0.70333333333333333333
sab_90plus,0xb96585ac41b808bac0bcfa00f39a92990c64dc413804368c7191ad4e1cd299a5,1,0.18592592592592592593
sab_70_90,0xba120866cc67617efc1a7406d7775b5cd8d0a996f550559c4c76611341c7ecae,1,0.48000000000000000000
sab_90plus,0xba5c09d244f2c52ca23d12741d5b149a8b433afbc1199418f814605aa4eb7b3f,1,0.06500000000000000000
sab_70_90,0xba66cc3b0bcb50844c89c8efdc828818cf49c44de3d85df393a904135cfbc77c,1,-0.43181818181818181818
sab_under70,0xba8426be65e07294ace564de4163c136fd1eb5bfdcb8888aa7df174173da583e,1,-0.40600000000000000000
sab_70_90,0xba9f8cf52b752cde7d4478aff324dcea53d565311e4c16e8389767b3e9e4b55a,1,0.39443530000000000000
sab_70_90,0xbabc896225844371b57a54468c5e2638a47fc64039765fb61c68d10f23885331,1,-0.50000000000000000000
sab_under70,0xbaf4b42efa22e7a782a3c57621e8483e2bb61155f3de647edca1f7272ab2a937,1,-0.32750000000000000000
sab_90plus,0xbafc60a76e4d3ffa51d5cf7bcd4a019bd7bd99c00062daed0f49a4ca8882710f,1,0.54000000000000000000
sab_under70,0xbb355e1f116a058bd303890ef13d892a429a8f2ca80f3be03a9a3b4def461582,1,0.44400000000000000000
sab_90plus,0xbb45f24d652c8f583573c647d4cfb630fc803a51549bf98f09781ca8bfc6d054,1,0.45000000000000000000
sab_90plus,0xbb5243e8e12a186025c0f27597a8c4808a206379f1f9762d4072718644dc9fa3,1,0.12500000000000000000
sab_90plus,0xbb8523862374b3edc90cb813b125bd30e8e27030be53fcf40d1f76152339f8d0,1,0.03813020000000000000
sab_under70,0xbb89a679d44cf88c575b66f234ee288b931da327567f83a5cd65be5682baae53,1,-0.52000000000000000000
sab_under70,0xbb95f6adb7d8b886ce86d41fe4700de59056796a7e8b3d8eb1f4bdc334a215a9,1,0.50000000000000000000
sab_70_90,0xbbb20aee74d8d120db212bc10c1fc915a412a758117a64ed6ff6f3948c2f7d66,1,0.35811564444444444444
sab_under70,0xbbd99bea1431686a38998361d31a0156fb278c0f7154d6bc968a1fbb5db86284,1,0.45000000000000000000
sab_under70,0xbbe121ffa9fc47b8c012bb20bb68ace100fc8358032a423115c2b62d360a9efe,1,0.49502100000000000000
sab_90plus,0xbbf3d45e340d1b69feb4f8b1078ecd4e79012299766980def72c58e6dc811117,1,0.08222222222222222222
sab_90plus,0xbc0b15aaa25a0346aa6fae1604a1015d2df52d2dde8bac2bae13096a52fbc033,1,0.31875000000000000000
sab_70_90,0xbc28e92d1fa999e842caf926cff56a580fb477f26d8c44c99aa29beb78062241,1,0.41781250000000000000
sab_90plus,0xbc2cab6671496f760cf7784d22f8f9c70a5231eaffad0108ec8f0b5a616785c8,1,0.47500000000000000000
sab_90plus,0xbc54d73527785bdc7b443cfdf3b0d59558c5ac2bbffca23425ecfbd161b07317,1,-0.65045454545454545455
sab_90plus,0xbc733b27510a37833afa638c3aeabec2811dffbb996c6bd1c735337f13f85bed,1,0.34142857142857142857
sab_90plus,0xbc8e9375effa3cbe84bee9207461397cf7772d67214f21a07405e069a386e64e,1,0.10000000000000000000
sab_90plus,0xbcb4afb2535f14a91ea3fdeaa430f30fa427d8884d2032d6cdd95ef3f561431d,1,-0.46050150000000000000
sab_90plus,0xbcf392e4f4527b0811b57f4a7ad00b2a33a0c63d5e587c12479af44ba191154d,1,0.33000000000000000000
sab_70_90,0xbd175757f12ecc85b7aae7f1f35c8637e350227dd2967abd6e1373e245c51f49,1,0.21000000000000000000
sab_under70,0xbd5a377139deceab650dad59d8952c10e33c79950a41bb42d4e0b55e444978b4,1,0.47000000000000000000
sab_90plus,0xbda6d8cebcb59100c725fb04b6bc0e5214dd47bdebfbafca4c0b65e94a410d0a,1,-0.72042000000000000000
sab_under70,0xbdb12b78f80b60bfa232a08f83d7ef089acec4137aa9f52668deeefa15f34709,1,0.40000000000000000000
sab_under70,0xbdb326038e98f139550add22cab891493f7093118096eb005cd7d3224aaf4f5e,1,-0.45888888888888888889
sab_under70,0xbdbb4d717b99f1c2f2f39945cef12ea47266acf69d412bb82f1ccbcf8a165542,1,-0.45000000000000000000
sab_90plus,0xbe3d3f97a50d7898b6ccdc40c5520a9767cb05479843006cc7977358414d734f,1,0.21142361111111111111
sab_90plus,0xbe3e1a801e1b89dd1dcb32a9a48c39158acb4934294da2ecba746d8291d72fdc,1,0.14000000000000000000
sab_90plus,0xbe5d13f0f52ead50956f758e5cf911bb024093ebdc52b6075d88e7f8f0047e05,1,0.50808300000000000000
sab_70_90,0xbe730c57ffdb48263a67ffa23edbb9b1ea5cd3a3a208203b65f1a873827b529f,1,0.49000000000000000000
sab_90plus,0xbee7d58b8a5ca59c228423923d1025e808e1d91d1c1d126cc1c575234cd517aa,1,0.41333333333333333333
sab_90plus,0xbf0890e41441e70dc4c0a9f303cc1cdc0222622e09bc0a1a175ad2f8a4841b39,1,0.71000650000000000000
sab_90plus,0xbf1350ee0c80864f0885e41dfa870ddd937e3e3a9d2ad68a150f355038d198fc,1,0.33000000000000000000
sab_90plus,0xbf22f356b089a7484cb35acdd60e8d58a94d432d15e08a774f90fe7bca5925f9,1,0.30000000000000000000
sab_90plus,0xbf3b5bf191a83d3cd9cb67fa0b7d057a9257a3267bd2c624bc4fd2c43157f8c7,1,0.44000000000000000000
sab_90plus,0xbf94136859320cde5d12b534f997761ada5acdab7e4e752f86cc94f8383dc5ac,1,-0.48857142857142857143
sab_under70,0xbfcf93d7f2cb5d878ebe68cb01815139c305896929da7e3ee0e55cd3654d4f29,1,-0.51000000000000000000
sab_70_90,0xc0335c9816ab0bf9b4d493f9fb9f2c31c625181a0d33a3fcd66f329b6952c731,1,-0.67890500000000000000
sab_70_90,0xc0402f52532e009de5cb506cbfbb64ee580f9c6af5222308016bfb4cf0127f1f,1,-0.52980550000000000000
sab_90plus,0xc089bbe35d4e612de6c29b9d870d1a9050c5e8eeeeee71ebfb3a45b592e82322,1,-0.28000000000000000000
sab_under70,0xc09537a0976d0927901432859fbb6dfe5d23d1d69bb4e8355253e7b142a44e83,1,0.38475806451612903226
sab_70_90,0xc0c08e15ce7c4d0f1a3f2d6ace0f1050cfeb95e9cc908527f6bd0ff6f22af05a,1,0.37000000000000000000
sab_90plus,0xc0c2aa208f6a2fc36846a39f523c59bea895272805ba077a020aeefe86d18846,1,-0.68600000000000000000
sab_90plus,0xc0d22d645231313cf8947015ad150badbb90692ee810cefdb7ca8992a5e9f067,1,0.20631578947368421053
sab_90plus,0xc0f88d884322bad4aadedfa49a1022636cc6ad248e412bfd8e406b65d4da3de7,1,-0.52500000000000000000
sab_90plus,0xc10b26ee3086b33ea3eefffb256983c37300b75c8bf25843fe3dd29f7a39e5db,1,-0.46500000000000000000
sab_under70,0xc1143157dd8b1f11df1e7f76d2c1aec4b78cb3ab8cbffc48131be40fcb4aa024,1,-0.55000000000000000000
sab_90plus,0xc13eb74203f9e2d401903a3da5ec4e411ad34b92bc47ef7c2c6a072712c8e463,1,0.23400000000000000000
sab_90plus,0xc16f3a5d903e24ac58d41d43834e611f4efd5b6d15e61b80092b6d179ffb27b3,1,0.03650000000000000000
sab_90plus,0xc17c0b2fbaaf76f218153cc4d4c6c0dca65c9138317e2cbd1903c63ab70dc1ef,1,0.31000000000000000000
sab_70_90,0xc19ec5ee94949b64a9d9b49aaf4ee47fe2d70f513ff411301f19ff1d0f0026b7,1,0.22222222222222222222
sab_under70,0xc1bf3ab30348820b5912c0a4d389b0a379382c17a6043dfbd66c94f08e79dc77,1,-0.59000000000000000000
sab_under70,0xc1dc6e3d75ad31cfdbad714db394d9b96897d485d9b8ecce2503017b2795a39b,1,-0.46500000000000000000
sab_90plus,0xc22152abaa96b8875db3d772809a6abb32c02c68d8e5dc7ea83918eb9b6a63a4,1,0.42000000000000000000
sab_90plus,0xc245de91bbebca2764eabc6402c92b88885f1ded4a869d74cc41bd73b269c2eb,1,0.12500000000000000000
sab_90plus,0xc24e826fe4c7231eb3f6271d19222c29ee44c513b3b8cfaffa0a15e433852009,1,-0.53000000000000000000
sab_under70,0xc26a3fb2a2008e7ebb9b4dd4c93ac4089db1e479910f4053d8cf09b2fc59cd93,1,0.33000000000000000000
sab_90plus,0xc2a6b7f3eccc5bf1db01f09a8549567dd57e1de694c487fe290ee40ff4aa9625,1,0.22500000000000000000
sab_90plus,0xc2b77717f57e01c4471aa3d6184f24dffad5099bba9ca0768e46bad7e61f7d3f,1,-0.62149700000000000000
sab_90plus,0xc2c5087eeff169f8d06a7fc2935554933824237e4ba0b22e0f1aad3ecc515caf,1,0.15000000000000000000
sab_90plus,0xc340bd1a00f838b4d6e01ef78737525e28611b010755af341b95cc909a6909a1,1,-0.63000000000000000000
sab_under70,0xc3487dd5a4c4c5d9488f80090af89aa3941bef83d97004ad70f0233cda286f4c,1,-0.46000000000000000000
sab_90plus,0xc34b198e91f197098da3f782c066328e199a6342e6798753de2bfa9ae568ae93,1,-0.93391240000000000000
sab_90plus,0xc394bf16191ed6d9023e9a2061492a48b62c890236395d2307a481902b868c19,1,-0.86000000000000000000
sab_70_90,0xc3a2899b4095335eacb14f575465937113e3767e8e3b4407ffa28441db0be872,1,-0.55642857142857142857
sab_90plus,0xc3b9ac6f43d878b96c1e6819fe45858920b4ab3d61fdf104ceb78c9813787698,1,-0.51000000000000000000
sab_90plus,0xc3e1798c352d34de0fec7a53ba45c7b476c4a80b0b921c084ef4be6e04c0ef66,1,-0.50000000000000000000
sab_under70,0xc3f9467281768a1774cac7e0ddf59168c4e5bb6837a53d89014d9ce1a29808f5,1,0.32266125000000000000
sab_70_90,0xc41f543ccb7a1a35a200c28096cc2e5c2351c54546087f4f6cf5c4ef3e0c1aa5,1,-0.52782608695652173913
sab_under70,0xc47acdf2c41b53b8397befef88cf7d6d6c0f343d26e29d2b773687cfb5035f5e,1,0.62000000000000000000
sab_90plus,0xc485717bceac2ea78ba406d05cc32b095147db8a83e1a4dd93c99dad0f8ccc33,1,0.05285714285714285714
sab_90plus,0xc49c6c8ab28df0243c616a4618c27a5ad077684e0d44569b9bc6c67e66169de8,1,0.25500000000000000000
sab_70_90,0xc4a229b06046a4a30d9b5cd73fc6364f6b7cdc48efc33bfc6b24a2806aa93f30,1,0.11357142857142857143
sab_70_90,0xc4a26ee77fc5777d5036854f3835bf7ce44b42a61e3c6325c22b444627757eca,1,0.32809523809523809524
sab_90plus,0xc4dd64ba5844f4a50df03fc7dc37af5decf637aacb8527fd42ccb1fbc6068f5e,1,0.11800000000000000000
sab_70_90,0xc51a08334e7c0865181a72dd8c94662cacf7fd8129c3e24da5fd0ead4bc0ca43,1,0.26300000000000000000
sab_90plus,0xc51fcbee00ccd92e01e8d9a0f6c85e71774dc2c44e48782bb2408199a73598fb,1,0.36666666666666666667
sab_90plus,0xc535f9383e6d7082c2df0b00f5f377dec51d75213c5f30a634e92abb049a0128,1,-0.74000000000000000000
sab_90plus,0xc57258c174f8a1b57222d983f57f2c4c0145fc171f3602b7aa4cb4b3948e7119,1,0.44000000000000000000
sab_70_90,0xc5943cca27ce657f519619520b1664829b1209f9a5ef9266be7f2954be1b0260,1,0.25417297222222222222
sab_90plus,0xc5c075c77d2b8a98606097f5e42c3e907a66debf4a4058131dc0160235fa8fed,1,0.13166666666666666667
sab_70_90,0xc5fae6a0a3f8fe0f8d0ec9253eb0624a53609a863fd663f042747e89a80b4306,1,0.49750000000000000000
sab_70_90,0xc67e78d9515ea4100e43ea9f861fde9b068c7fc3f1395d26699c433206f9aabf,1,-0.45500000000000000000
sab_under70,0xc6f7e4a015ec643eb49c749da19553a2257add76278a252805a12dfa85103269,1,-0.48545454545454545455
sab_90plus,0xc700c8f5fd4ae02e1cea115059dd330b808115235f9e688a213eb4364feba840,1,0.11000000000000000000
sab_under70,0xc70225afd173c74f7e62671aa5153db6bf849e2330e76ab48c7750c8a67a2c41,1,0.26250000000000000000
sab_90plus,0xc762565f9176d9541db13d712f9c0209d800abb4eb39d37e2dbbdf445b68e77d,1,0.21200000000000000000
sab_90plus,0xc7751feaef12dc531aaa5d5d8b30216a1ec27a0fecd05ccf14b9028499878137,1,0.08000000000000000000
sab_90plus,0xc7980a63f1e446612b616aadb3c1462b3738ea3544f6d99d29348b5d5f20fa08,1,0.12400000000000000000
sab_90plus,0xc7a9f8cf846f6eba833fc69da7340af7c150e6cf72fc9501507a4431bbcde19e,1,0.04124779487179487179
sab_90plus,0xc7cf1cff6bc27b004f2b8fef8f72113c7c10d24b14eeca2fe903a04e0def3d40,1,0.28666666666666666667
sab_90plus,0xc7eadef1b162f0763a5f15074176974ce7ac6911710660641ab5dd28286bc6d4,1,0.53000000000000000000
sab_90plus,0xc83ad41fdb71c97373dda9caf656ca5c1404d41e84acad53df592b7d744c77e3,1,-0.48500000000000000000
sab_90plus,0xc84f8331b94a23147dc65df3ffe87911a14c868c56e66ba3805168c3cea6a262,1,-0.47000000000000000000
sab_under70,0xc851fc5ae688d3d67bccb7c8f0ca475f61ebda796cfcddca7230042de6b48cfd,1,0.32321428571428571429
sab_90plus,0xc86e9323c91af2be6d263342c0ea87af6fbeaca7d6865e1ed862719c637376d5,1,0.08500000000000000000
sab_under70,0xc8a02f1d046942a43372b0afb195c479a5c5116b21808a0ad28160312f9a7d66,1,0.56803800000000000000
sab_90plus,0xc8a1e0fda1d072f87aaa9aadcf4618088b362d4a7c4944207d098b30b80b82d2,1,-0.59375000000000000000
sab_90plus,0xc8f123c03e3dd7b36c8046268ad2ba016119e1f078802100a72e6485b53a5c07,1,0.41338600000000000000
sab_90plus,0xc90381f6021b8dc8d07dd3d783d3927f34706f8ce1ed097b21cc92f31b5be076,1,0.11571428571428571429
sab_under70,0xc90f95af1a5d4e392fe9cc484f1b1a0983687865e7b85910ae89300c2076e4a1,1,-0.22090909090909090909
sab_90plus,0xc9423039f214e6799303fc1052f42a0cff304262cbf0fd7184df53b4b1fadf50,1,0.17000000000000000000
sab_90plus,0xc944b0677a883c8dc0bbeb4eab57c573d19335012968bb0f38dad40bc2a058d8,1,0.20500000000000000000
sab_90plus,0xc94add044df99ed39ee79b7172ef45560678429dac1c00a4f19f5f28260b0f44,1,0.44126300000000000000
sab_under70,0xc9613f1f9ad625dd5958e590956a38d645082b1d6c1fdfc2398789d47f810853,1,0.33285714285714285714
sab_under70,0xc9c49b28d0c94a7a02739b19826e87eb27dbeef5c1a4ba779155927278680e54,1,0.59618100000000000000
sab_90plus,0xca09c10248cda4825c3d5b5a07b36b8e478f7d853879f2d05b1ad8c6fdc84e9d,1,0.54500000000000000000
sab_under70,0xca17a8f383ddf39c57db80ee653fb29b5cf8a44f18db9561b1bf02d9561802ef,1,0.50000000000000000000
sab_90plus,0xca1f4760e175d71d1c7677dbc56a1856dc2cee6a4d8de8275a16dbca716afd24,1,0.27777777777777777778
sab_90plus,0xca4c8e1e8b01cfe5cb813d876450efe4aa50fd25b01ded8bd8e181bd0555ed23,1,0.08000000000000000000
sab_90plus,0xca7362e0588a0468f891b44cc9b89a3f90315f8213ec88823547570c657e873f,1,-0.49000000000000000000
sab_70_90,0xcaaa1338d38b5c614196c9a926dd84babc3984442f2ec9b937a16284a199ec3a,1,-0.76600000000000000000
sab_90plus,0xcada763187f33f2b15a351966e5609f95c3cc00de176f01637366e64a5e3b83d,1,0.45000000000000000000
sab_70_90,0xcae11c24e67a2f445428d470ea64f0c7e49d294404e02e46a6e10866336449e1,1,0.10000000000000000000
sab_90plus,0xcaf17208c812beab21ab967b239d54677483c9e0a74c4f82c72cd213c7b4c267,1,0.14545454545454545455
sab_90plus,0xcaf33bd7481ee9ab52c56f096e8782a93a7598ca34732f9939cd05531472becb,1,0.33500000000000000000
sab_70_90,0xcaf94cace6684a017c4379d4cbe34b5d433946b6c8b4118fd095dc63aa828dca,1,-0.53000000000000000000
sab_under70,0xcb5fb9850d664f85717994918f9297a49411361b292307bd5ebb3f4055eef89f,1,0.42546900000000000000
sab_70_90,0xcbabbb681d220bab6ab04824f90bd045723dff54a3cb31a7efeeaefbc3782e9f,1,0.27000000000000000000
sab_90plus,0xcbcf485b345852f3ce49c6e96d8ac523edff29746723a2446daf7ac1f9f2278f,1,0.11627150000000000000
sab_under70,0xcbececf2cf6b6f91c5041f75cb91a99e57c20a1590e45210c1e75d7f0c4e7573,1,-0.68105263157894736842
sab_under70,0xcc6f59dede385d57d3b95df6abf163bb6681a2261f6e108370ee5291e690a384,1,-0.45000000000000000000
sab_90plus,0xcc987f154d6eaf68543866178cd1addc2df3e57ae32b91c141c8cf2db0c36523,1,-0.43500000000000000000
sab_70_90,0xcc9f16579efd6b9f8b157c8ccae7a2d597b24a47602861bc9d74a294ea77c97a,1,-0.46000000000000000000
sab_90plus,0xccbdabccf9d1513af8cda0fd62cefe6c63fe16c43ca27ff72e228302068fa3b9,1,0.14500000000000000000
sab_90plus,0xcceb9e1383ed4d746ac9bae6bcf682ebff8046b45bd57e5b83b0e32dc6489e8e,1,0.10666666666666666667
sab_70_90,0xcd05a73f2ddf6c07340b4f1c6c853c4754b2f4428045fec1b295c192e399e563,1,-0.71285714285714285714
sab_under70,0xcd5a126fcefcdfa03d8e25bfff3d3c4476100f630467622ec6d5fa7595c72636,1,0.32000000000000000000
sab_90plus,0xcd5eafaf2212ecd7b9449baa77432e7a294c24415840c0fafcf7befa3ff9e851,1,0.12000000000000000000
sab_under70,0xcd650a073f42175fef95f32633394493a2db438a425e2be26f83997409f4aa5c,1,0.34000000000000000000
sab_90plus,0xcd84f901e5b49d769f43d1d78fdf5e913bd736be0dedb7acff688b9655e04ca4,1,-0.42666666666666666667
sab_90plus,0xcdb2c33b42cf83d328c795dcc9620c5cfa17167ef53c89232aea54c725ace017,1,0.10000000000000000000
sab_under70,0xcdc47ab97b679450c8ee613c6225a070ff528f9806d6e14778e0b51f271e206a,1,-0.34000000000000000000
sab_70_90,0xcdc6121950d67a39bb033f134ba9fcc1a6d74d92f9fa1738ca6f998ca7bf1e45,1,-0.54000000000000000000
sab_90plus,0xcdc8bc65cbd4db9dd24c0b05de9e86b14232beb8e8d7e26326c2ac80278a5dc4,1,0.49579250000000000000
sab_90plus,0xce943af1c0b8ca9b103414a0cd75d17e5f8cdc021e6de5ae38c748c44cecef00,1,-0.51000000000000000000
sab_90plus,0xceaa54d3e0373077188b7e3dc4278cc1278e90ccd190992b43e1cd188a504ea4,1,-0.49500000000000000000
sab_70_90,0xcee0d9074a1f8766b4f66d806608a4097d027c94f85de367410fbbb166a29424,1,0.19400000000000000000
sab_90plus,0xcee1e52c2efbdf267746861fd52045aea5301133ed815cc24b0cac43a274ca03,1,0.11000000000000000000
sab_under70,0xceeae51ec212b347500255f0426c79798d5d6eb2e9368210f37761e0ffcae1f2,1,-0.70888888888888888889
sab_90plus,0xcf103c45e684845648e3af771f5d086542166af24ac97e4444249f78477fdd7c,1,0.05000000000000000000
sab_70_90,0xcf126490c7e2d567eb1c4f1cf7c22ffb61c888fd86fedbd1e83eec0a9e02ca2c,1,-0.44500000000000000000
sab_90plus,0xcf2f9e5fac1bf6f59012958743f1f25769ee880d4e4134e79fd7dd2c850a8522,1,-0.94666666666666666667
sab_90plus,0xcf4b8efffb6fa2f72ea6a8e434f64b1507452562ed7ebe64ea9854bc6f71e58c,1,0.18909090909090909091
sab_70_90,0xcf5e859e3e1aa529e1e0887908da4513b64a5eab239d492146c1a3c234eeb38e,1,0.26050000000000000000
sab_under70,0xcf6e15aa1871157bb42efcb6b06078f41b4b70516906dc202e5d814cf7b7ea31,1,-0.45000000000000000000
sab_90plus,0xcf82be61c1d7181c99b6454afcbb188e0abcba20b91de49ffa93097ff9db13cf,1,-0.65987636363636363636
sab_90plus,0xcf82e4109103e709a7934b18034b902d58bafa402262acce0ee92ee8a4b22790,1,0.08800000000000000000
sab_90plus,0xcf8482eb154c9e79b6b7ec3f698164448432494bc532037069bb1f5f8f3d140f,1,-0.78500000000000000000
sab_90plus,0xcf9f06e92fa22ad39e19687779800082ff710a7d69e581e5a16e0a8259784302,1,-0.53491800000000000000
sab_70_90,0xd017264f91f862ce033476620d8243ce3a145967ce910c095d4663017ed651e4,1,0.51000000000000000000
sab_70_90,0xd01a16e5adf6934d12c7a0e9875332356f74289ae6652a57aacb853e252fbbf4,1,0.18300000000000000000
sab_under70,0xd03601c92043be754123c00c297bad8cd93f14d900b984fbe36bce5fe24b221c,1,-0.69000000000000000000
sab_90plus,0xd050c9b7d794d82bdec110dd4c30b53aaabf3eb0515b1d4d7be1e5bc7a318e2e,1,-0.41428571428571428571
sab_90plus,0xd07791beebe3ba0ae54b1be59d36336061c71441cb85d8ded0350b85b80e44aa,1,0.51000000000000000000
sab_90plus,0xd0c0909f0cb7e0fd1e5d8c9c9eae86fec21ff6aa53f812d58c285e88c64a32e5,1,0.12000000000000000000
sab_under70,0xd0fa27da024261ba5edb5e9eda33651a224fb5a2137d3c9e73b216109b12dd79,1,0.26142857142857142857
sab_90plus,0xd121d7fa08b0aa417fd07952b61e7d64286b74ebbb9ba9f3f6d9a19aed893985,1,-0.43500000000000000000
sab_70_90,0xd14544ac7360f37de17eb6a442694de21a8c5ea01714323be6409b002c4d7d7d,1,0.26176470588235294118
sab_under70,0xd18fd7f48dd45be3bbfda098f51d12aaa11f66c367fdd93c292dde4896b74897,1,0.75000000000000000000
sab_90plus,0xd191393d3c9d3e5833599ee600ede295550c35c057fee4e41e741b054f078f72,1,-0.56333333333333333333
sab_90plus,0xd19970ef22583c25568432815ef1ba141835da9d05209c665e2772eb8a5a1397,1,0.25500000000000000000
sab_90plus,0xd1a333e72b4618fee21c080f6761a3998c0cc15b00a45cc2f532e4f0a3f801e0,1,-0.54500000000000000000
sab_under70,0xd1b44514a10d1041ecfeff34c4f96400a84a171e3c09944956fa936ec8049a58,1,0.50764807142857142857
sab_90plus,0xd1c3b0cb17e682fe9637f144d818d4d02911276591ef34aca817a7fa10277541,1,0.35343750000000000000
sab_90plus,0xd23b4810d916942c2c7b71d9f0f5e3248adc0e4017d8ffa5dd0b1fe721beb0f2,1,0.17972222222222222222
sab_90plus,0xd24021ba63231469b94b0af527ae8583502f4f37c25f12c2be7cd56d2e69065a,1,0.41893550000000000000
sab_90plus,0xd25444262e61b3ab1f483590eb110f3ca539557f093f21089500313d7bee0bd3,1,0.37143400000000000000
sab_70_90,0xd2724937d8bba62a66b4de1a9bf7d8485429b6a9e4ab8a85d54e81bc0f790bf0,1,0.40000000000000000000
sab_90plus,0xd2b8c1d221459643be62410c1159f8e5dbd424b759727dadcf9497120316dc54,1,0.10666666666666666667
sab_under70,0xd2c03593d3bca01405e8b7952138cd66bc87414caab295baf764940c83f9c93b,1,-0.44500000000000000000
sab_90plus,0xd2eed9ec72464b12abb7225d6854da1ccd520240497cf3bc070da6f292b65fe3,1,0.53000000000000000000
sab_under70,0xd318d7b6332b24e6c8a85a2b8ec780beebc0eee0a2b70ce8fe073bab2fad8d35,1,0.13000000000000000000
sab_70_90,0xd370b44ba743095c01c4b157e7f05f9aa04243898ff8f9a7d2d7dcf494f089e8,1,0.29007100000000000000
sab_70_90,0xd3c9633a52b2613202083691b1845e2ff02ed82fc110237a1e77cff823983292,1,-0.54000000000000000000
sab_90plus,0xd414a4bdb4c86f835fb31e432ab3ea15e374fe7f39b6b0a224c7a521378967ea,1,0.08162500000000000000
sab_90plus,0xd42a99cab0c940b60792eeee878d531a87f539db5b7c48090c5eab64a45e6d24,1,-0.95000000000000000000
sab_90plus,0xd44f902ef98f6fb0fac2cd827bfb0ea434edaf5fb4a4d3d7b63c30793c2acb82,1,-0.86998700000000000000
sab_70_90,0xd4b655d492d3b2782146b06867af802bff0c75f47118aa367ac66e0e8c91f3ff,1,-0.39583333333333333333
sab_under70,0xd500e617d0fca74f823c5724a45bea209cb36e3adb74b1ccf7dafaab21acd193,1,0.41198340000000000000
sab_70_90,0xd510cba5f5ee6a45a3141d3d4a260b48e7d06bde072db95afe60c13b2f10d862,1,0.17705882352941176471
sab_90plus,0xd539b423e67721977968c61838ffd7775e6b04efaef3d8e50757ce9804b003e2,1,0.40800000000000000000
sab_90plus,0xd53fb03e11829549e105ed04b0b1c7d39cb02c86be34f0d9b2917d84ca7c3d1d,1,0.05266666666666666667
sab_90plus,0xd546089cc3627d3edca9e09edc1a4f239e9a5a5e0221a5273997fd6ea606e773,1,-0.79500000000000000000
sab_90plus,0xd562c955bb9ba07848c4f25c208546a925220dc5ad41371ac911d1d8ccaf8d8c,1,-0.45000000000000000000
sab_90plus,0xd5698392d3b3074508359036996248d76c74618de869c3d0a867c6ef46ee5fb1,1,0.07515950000000000000
sab_90plus,0xd57b2721f6c32de7d06e1213a74cb6be5299e1fe3e13ee8f547877c338743c4c,1,0.34714285714285714286
sab_under70,0xd5ec4d6554c106526351f72c5ba32146c5372a62e26905709abb659e8644f878,1,-0.53117647058823529412
sab_90plus,0xd5f7851b3b24b21ecae3d1394c8cdedcbae7a72d195da9c745797dc3ca03cb79,1,-0.41269300000000000000
sab_70_90,0xd6001841cf04b7eb669e22b552760b9716ed45d283cc69bf81c5d7b9bcf54bf2,1,0.40333333333333333333
sab_90plus,0xd6369dce085ca13362f9712cac1d44091e23745918a2ac6190c6edfbdbfe6677,1,-0.64400000000000000000
sab_90plus,0xd639ab51a4ff3c0359c4a0bbc05283f088524c007692746778cd2618236859ec,1,-0.51333333333333333333
sab_70_90,0xd6865e14d2b6c86a14e4a06724281e8ea60651412a3075d8814cabc108849cad,1,-0.41632000000000000000
sab_90plus,0xd6955b92c95116e194cfb1932dbff4566da437f8501e592222948c97ef4a44eb,1,0.27666666666666666667
sab_under70,0xd6a5a44e8105c4808ba09d19bce444b22b883330fd6e23e5661988b3583a9d4c,1,-0.55714285714285714286
sab_90plus,0xd6a9536cb35c7d96420a267622aa934b10468aaf2102a7f672dbb53f5fc2e659,1,-0.79666666666666666667
sab_90plus,0xd6dc8130a69ffd2f560a2ebc5d36438566290269e0b145e25f95e0b0dced2958,1,0.10000000000000000000
sab_90plus,0xd727dfbc05c29c238103ff273625001d97a17e80f2f9e49407d903b3272beff4,1,0.15000000000000000000
sab_90plus,0xd760a03102facc1287e6bab7d3526997634d3518cd39b39640443233b6c8e83c,1,0.29200000000000000000
sab_under70,0xd78567ca1a5759cb839cdd64eb5bb293b4f2f243ccb09e2917946d2f45ceca9c,1,-0.28000000000000000000
sab_70_90,0xd790740baf9d96b30d8ddfc9412f8fc0e6fb7cfcae06e987ae1691e7b9717895,1,-0.63166666666666666667
sab_70_90,0xd7cf3f4318d38dd719f1e14f0220d34f9c8900dfb6fbd96fdb2aacad9eccff26,1,-0.58662940740740740741
sab_90plus,0xd80220c4a12bca764f43bea0f8d481382a0501b9aea7dc148ff4d0076050732a,1,0.22500000000000000000
sab_under70,0xd80ea0271d34a077ac2f16d212b8300622b2249fc8b1937aa160cc15c719d9d1,1,0.42000000000000000000
sab_under70,0xd821bbb8f3fb72b6c1f4b295181c0e6fc123e1d800dc9d447957142804bbb690,1,0.44000000000000000000
sab_90plus,0xd870bcb4be57731878d35b6758f0b9088daf322afba6aa6e1c3c59f440ed96fe,1,0.21750000000000000000
sab_under70,0xd894e6a98b1d031f77aa51cfb9a6abaff2bb8dbc82c5f66e4f2cd31aaa8f097a,1,0.40500000000000000000
sab_90plus,0xd8aff2490e3a808f2cbef7970698f72762f8090b78562e388ee6ab500e6821eb,1,0.10030303030303030303
sab_90plus,0xd945a6c3e2231c8afa9ba2ab8d3849377fd57da52e83866782bc87fbaad4663e,1,0.10000000000000000000
sab_90plus,0xd95ecf7bb2a8a1adff455dc1ae15cd91c12cc6c8e5e3f684d18065ceda99c7b2,1,0.08115071428571428571
sab_90plus,0xd986b03674d1e1bf54b9cf25448c667452975dc068ac12e36a0b23cf96cd1795,1,0.06666666666666666667
sab_under70,0xd98a7968d1039f08563abf2eba842636cf58030be550d5d3f4548fe9d97f4fbb,1,-0.56615384615384615385
sab_70_90,0xd9a23115df9698780e32b300739bcacadc9395e826d1b4c4608d404175d7ccea,1,0.14500000000000000000
sab_90plus,0xda4b39d19f0eb9cdae507e3e5bf53960e3fc2b4edd1b42322c81a123adf8538e,1,0.24000000000000000000
sab_90plus,0xda51c63910427b3d72410031c42f9b44dcf76aca025099ebd3bde04da1b049d9,1,0.08666666666666666667
sab_90plus,0xda699f1aa77704fbbfe77257709ee6b0e174851eddb2463e6d865775e31373f4,1,0.47200000000000000000
sab_under70,0xdac46d46ec46afe0b141bfd9f09838dbe103b3dadd18d5d79d4535d50531e5b5,1,0.55000000000000000000
sab_90plus,0xdac6e67bfc09e630711ceb1be0be8f19c472344ca4353b608cc3b9282e61ec95,1,-0.73205882352941176471
sab_90plus,0xdaf4445f6d52bac31444f06ce262c8cc5c23b35cbf475822794c5107828239c9,1,-0.42200000000000000000
sab_70_90,0xdb0c515b4dbf35a5237523f5553b5ff375ed326746e225821f724e6163b1ecba,1,-0.59751500000000000000
sab_90plus,0xdb120e0c5fcc7f8ef84666410719b0a389e37951784dec1d9a93cd8d90dd7703,1,0.50068100000000000000
sab_under70,0xdb1c817dc08f5947d68b800bdb35f16e33d6938a63fe5cefa8599a320d87ae79,1,-0.47000000000000000000
sab_70_90,0xdb5f464e5b43e4f5918beeb75bb32e4db927b8d163079155f37e7f5c5d9261ba,1,-0.46000000000000000000
sab_under70,0xdb66799418632bc23574a523d9d8239b684d003e9acb442152cebe11ee0034d3,1,0.34800000000000000000
sab_90plus,0xdba80b0424e1246f429301738c4ec607f31ba09fc8a65f6e4d309cfce998fc9d,1,-0.47000000000000000000
sab_under70,0xdba8fd30b44e1f50cb75d4727eeff77b162031b55c4a08278519701ba1d9e9a6,1,-0.49333333333333333333
sab_under70,0xdbbbbd6ea71cad296d859aa629497400402ab253a51350bddd5d761dbbad1460,1,0.74416666666666666667
sab_90plus,0xdbc885b0109187775630532881942434b8d6b860489328398bd822a66df8858d,1,0.48000000000000000000
sab_70_90,0xdbe98f3ca185a40a9aa0678a2e79ed3b2ebe0f232e3a7cff4c2018d4e92c4121,1,-0.54666666666666666667
sab_90plus,0xdc34b1a1507fb269c41fb4750880a7774d396f00b76e95c5746c9fe454e6085c,1,0.23875000000000000000
sab_70_90,0xdc3b05d0102203112958aaaf4caeee4bc479e1c8fb5bba228d04ef2ed26ee27a,1,0.47000000000000000000
sab_70_90,0xdc3c530b790e9477a068cb64c8d9a7222b91f164aa055176bd2b19abd299e820,1,-0.47533333333333333333
sab_90plus,0xdc6d6e8b7436863baec6c226eddc8aa51b1d64c1831322469eb344248b131ef0,1,0.36571428571428571429
sab_90plus,0xdcb4c2cf369c2dfabbfd928f29b7ca6382779f40d35382aee36ee185c7a09a75,1,0.17500000000000000000
sab_90plus,0xdd1a395fd49cf6fe09acc09ba75f1cef6e5da3b568b4a4a59c3d34611d45d0bb,1,0.52500000000000000000
sab_90plus,0xdd2f9f86ca14dbd551b4e9603396b74951ccca29fb0fc439a699dfd08d235bf1,1,0.05000000000000000000
sab_70_90,0xdd5d566c3e92732b96cc88e6087adfd95787a2e4e54daafb3990062bed0e3794,1,0.38875000000000000000
sab_under70,0xddced8c82aebc5ff2840f853863389d9a2ea8ad9868927e46398810f5e54181a,1,-0.57000000000000000000
sab_90plus,0xddd12119a1a48ee0794c739eb440c4447bd789d164adc13f96d826cba00f4ec2,1,0.49666666666666666667
sab_70_90,0xddff5bf0a6eeb66f9dace592a9963161952a9a07e333c9474f4fa4da023bc58f,1,0.54000000000000000000
sab_90plus,0xde36c43387299957f6e355d69a27965855cff458c48abf7dd7577c9aff4b3979,1,-0.78500000000000000000
sab_90plus,0xde65545dc7aade6f9504049b28487dc6a4fb410c6b7011606640453478f252a1,1,-0.73333333333333333333
sab_70_90,0xde92d563a6d742a4750c8c83a9c490ee5b02bd5d972a1765ab41c0f9095ef6c0,1,-0.42771428571428571429
sab_90plus,0xdea063b6b79c85a36fc2ac6b11f45257ab2089d8a6028208714cd46bf550d1ef,1,0.48651825000000000000
sab_70_90,0xdeb3400ac49cfbe4509a0342ab56d43c8f8a43eeb468431b3c0e060cf1b91a49,1,-0.54956500000000000000
sab_70_90,0xdeb4489d8cc3ef8ece099c0f24a79ec6bdbb89351e5363cb9dac721ee258d0dc,1,0.43000000000000000000
sab_90plus,0xdeb6744a743f60eec009aa59e354e2a31a6259dd9a28ad4bf3726e27dced5402,1,0.51333333333333333333
sab_70_90,0xdf13369a5e77705a1d62214dde4617929c5875f6c52b62177ccb2ea27488b18f,1,0.33858695652173913043
sab_90plus,0xdf51badf5d3f8112c7f7aee8354c08d740fb2b7a4653e4f65769cb13f0ecc619,1,0.13250000000000000000
sab_under70,0xdfbaae9f7587b11691c676d942f22b4ea9a9e3a68f7ca1d5d6bd4a1c967db23b,1,-0.42442307692307692308
sab_90plus,0xdfcf09fb53ae317a24091dd1772d5f36cac719a80bf5f34a81cfccd4f24f93d1,1,0.05428571428571428571
sab_90plus,0xe02a32a8c539dfb3828f2d383d702ae44521ad94e3e6f8ddd864c190205a7082,1,-0.53000000000000000000
sab_90plus,0xe042d8dedadf6b3d1148dafae62610bf1ce58d0678552512c83eeb083b66077e,1,-0.39166666666666666667
sab_90plus,0xe0978062817e92e9ca76aa7a9f7c81682d8a9a9180acb3585b9fad004451416f,1,-0.52000000000000000000
sab_under70,0xe0982c3804ef36d7a28a6ab34384dc9032c313c63eac628048c21fbfc2f4575e,1,0.30333333333333333333
sab_under70,0xe0a6c849e9b72d68b21328190c645a60e9e09db5d273ddeb3ca3efb4b6c30a45,1,-0.33250000000000000000
sab_under70,0xe120b5ac48c5e2abdfcb3e34be55567e2ae81caaa87a243e964814ca65e6667e,1,0.36818181818181818182
sab_90plus,0xe1229d13a3adb22bcbd1e8ce6094c941e913b9eb5505ebaeccf0f0a1aa455e5a,1,0.10000000000000000000
sab_90plus,0xe1491486aae6e1479ccfc2437e6a27cb79adf389408c62df8fa95e61ff58251b,1,0.55333333333333333333
sab_under70,0xe1537d96b7be2d51520f443434415af5780acf69eed0e76a05b4019047205d01,1,0.48333333333333333333
sab_70_90,0xe1953a0f479de0ff3efabb7dff6116ff6cb9d7fe2d7ee6526c5d68da9cf09767,1,-0.59237604761904761905
sab_90plus,0xe1ac60554de07b26447393b73db66423a6fe8b4ac60a4a95893ce9fab7d4bc23,1,0.07000000000000000000
sab_70_90,0xe1bd581c13be7103749ca1a64d21230ed6693a162fc057d81e3d1e9237fc81f8,1,0.48005749152542372881
sab_90plus,0xe1c53562e6a763ef26f4ef78c0eeff6bbc1776a3ee7f7c0d679adabbe92dfa5a,1,0.21502433333333333333
sab_90plus,0xe1de2664660ed1b8c5bcb9f7cab2eaebd16cf2677dbb53ffe0a003acbbf5dc20,1,0.17500000000000000000
sab_90plus,0xe1ed71c61305213edb53181ac5dbbbd2828aa9a5b13f6a19c899f55524459e46,1,-0.52500000000000000000
sab_90plus,0xe1f12d2ae73f4f9eb54871a3815f8557b25fd27be0eab370b4f9f28d0639a1bb,1,-0.56271400000000000000
sab_90plus,0xe20c204c80c680c4a471a29cea5ec81631cf1505f0c7824620c5dee4586ae581,1,0.23500000000000000000
sab_70_90,0xe249dc590f7c1e4157a725993039f3acd09819b6076706f61022a354f88689e3,1,-0.52666666666666666667
sab_under70,0xe254398c20fd6166bf2fd564b474c131ef48a558bfd228aa535e35bdea106fcf,1,-0.38600000000000000000
sab_90plus,0xe2671b2075027e789dd1066e9976fd4515b4db921f84f05d5df463bd0165f950,1,0.19000000000000000000
sab_90plus,0xe2c2cba80ca7e745aef3ff3c3a359db4d862f2b0ea40a9821bb137bb9e31b40f,1,0.09105263157894736842
sab_70_90,0xe2e3e289d42ce5df6a79676f3339b4e9dd353ba97dfe45d272c030599151cea2,1,0.29750000000000000000
sab_90plus,0xe31a525bd6c65fd82bb50c2ffc5f272adde1c832d29019c7aa0c775ebbcc3ffe,1,0.05691400000000000000
sab_70_90,0xe322faca2a534900680db54e3a4349a61427d347b6f906d2eeb01f81ae1b082c,1,0.40868421052631578947
sab_90plus,0xe34ddffc2f47c47b6730c27b694622e5a8ff2f399d1de3b68fe3a092aeb5509a,1,-0.48500000000000000000
sab_90plus,0xe36934b5a0432c027f5bc2c1be1ecb655e718ccc95059fd717d74687f1637116,1,0.18000000000000000000
sab_under70,0xe38c513ff550dc446ad73053261eb0105197651355b413541574d831bab539fb,1,-0.74750000000000000000
sab_under70,0xe39dc3b00dfdf937f722dc30bf8a6a10a46a84eb207cba72b23abfeb15384efa,1,-0.44000000000000000000
sab_90plus,0xe3a20caed4d81a0d90aa0cbd95f438948a39701cf5beb2811b659155f140a90e,1,-0.64000000000000000000
sab_90plus,0xe3b612beeffda28965f6adc43292acdc2eb726707a3b2fdb4d9f7cfdf4cf0644,1,0.12500000000000000000
sab_90plus,0xe3bf60e06ad404590aa8581b5563ca079f600279074606987ba539c59985d27a,1,0.41000000000000000000
sab_90plus,0xe40f10ac8ffee96bba6a5226a97f4731ce93cf26eb0a0ec18dc3a93e84cd2dc2,1,0.43000000000000000000
sab_90plus,0xe41d7765de1a7284223b88475ce83a497e758bf6d355e3fd23bceda348812e38,1,-0.43500000000000000000
sab_90plus,0xe438a1312bb22a5bcba859132807d490acad7439d5eb4377a768929a808c7c94,1,0.24000000000000000000
sab_90plus,0xe43caeeefb9438d44e3c73a10dddc88f3dd355daf89d0586f8e9c2369bbf762f,1,-0.66391891891891891892
sab_under70,0xe46277046a5c17f5d921bd645887e46e972bc6c9400f41387b0f71fcf6ec904f,1,0.47000000000000000000
sab_70_90,0xe479113b196827bef3a900e90c63eaac8be015f96c12754593324a94e6f5406c,1,0.33222222222222222222
sab_90plus,0xe483f47893f6dcd5fe8da9858b2e03c5f0bc8c5649f54e11e46b0467db12d259,1,-0.50000000000000000000
sab_90plus,0xe48a03aaa46279d97e8221b9ac30d8e3180da20217c3f35b1b9b13f69eabbe4a,1,0.25000000000000000000
sab_under70,0xe4bff3f50a7f093065d15db9662ba8d7e5aab31fc288c8b161ec394ae1e96662,1,-0.70000000000000000000
sab_70_90,0xe4d7c15b723f83a1d16663a990d64faab84a684c650e06c035d6b533d23b0040,1,0.32750000000000000000
sab_90plus,0xe4e97ed7d3d550e4e5a3fcf0babd8fbae86a0728861bd6d313e8ded97d8f3df2,1,-0.59498250000000000000
sab_under70,0xe4f52bd0b886606053e7b41117f0c71bbdcdeb0f8b90f8512cdb20e041649a19,1,0.33396600000000000000
sab_90plus,0xe5487dd77daa6c4ed6b20c1191b4d4624f8362775d22b7958ef0c3ccaebc48a8,1,0.42500000000000000000
sab_90plus,0xe551d4bd14a39dd9cdba21735c4dfc8062a09a760d513019c46c31373128f38c,1,0.33500000000000000000
sab_90plus,0xe5708a1a592904bf3c74a0c0c0ac0a67fcfc5143e6e03a563b4a0fab26c1ed6a,1,0.08000000000000000000
sab_90plus,0xe60a108f1f925be79e39f2827d40b92b0708f5401a77e97bcba9b014d37fc26b,1,0.06000000000000000000
sab_under70,0xe62bc7ed9b629b08145ed0ca2705429cc3e4d560bf0339d29dbd10742e853020,1,-0.54000000000000000000
sab_under70,0xe63823b72fd86ecfdbccc8940e52589c23c5a9fac8944b949f97fa3d75db64ff,1,-0.48770900000000000000
sab_under70,0xe690620297dfea974d20df84b4cf90460e46a26ec864353482717b90509a3c0b,1,0.61663447126436781609
sab_70_90,0xe6f040d202cefefe47bdc9d192303905418223fec440f96eb2abe98f3b701bd4,1,-0.79833333333333333333
sab_70_90,0xe70fd51f42e61fc309d8e57019a7b76c8dc7bd19b473351d56ff1e125ae0d9d4,1,-0.51538461538461538462
sab_70_90,0xe715ed16f75e109fd6690893884ecf2093b5daf02e4af2f08d29a9b956f7e8e2,1,-0.70250000000000000000
sab_90plus,0xe741794b98d7ddd41f99172a4a27e8de1a9a559a1601ebfd9fb87b4a6f03f39a,1,-0.81000000000000000000
sab_90plus,0xe741bae99fc9da13f2b1dd8591f92dfff369e79f7a0a48f8a4dc3b26afc0c0f4,1,0.41000000000000000000
sab_under70,0xe75d6690754a5d653b5cda86df00da7017b56e8e2ae1b469948287c17b663476,1,0.14000000000000000000
sab_under70,0xe76d397afa47ea028b914eec69543c69f9bbec8c313bd3a1dba022bd050b4c22,1,0.55615384615384615385
sab_90plus,0xe772a83565a918436561c25abc500af0dc11fd2903050f47f185b7899efc74a2,1,-0.62999225000000000000
sab_under70,0xe7bc840cf2b9d634def7cc8c45d4d2b6268cdd9f2caf7c73db82f78a889278f1,1,0.46000000000000000000
sab_90plus,0xe7ca40873cdf7f97b983caae0db2d0b28695597a09da8e4a7cf52ff0a6c516c6,1,0.14500000000000000000
sab_70_90,0xe7d813bf752081508adb435d4d9a587c2292c11ff8b5ddfad0ae664466f9346d,1,0.15666666666666666667
sab_under70,0xe7fa223cd125e6d068d1f5c4fe1aa6a35e395f90915f7b7d983027ca646dc891,1,-0.43361700000000000000
sab_90plus,0xe821c4eeb243d0c8533e63b605e49f906f096944cb79fee04d87120e56ccf0d0,1,0.23750000000000000000
sab_90plus,0xe8368efeb188668bc6d0a45342ea0bdb78e609e632be67ff3c6fb4696ad0e313,1,-0.54262700000000000000
sab_under70,0xe86d3da939f0d5613fff5e4ff5332c93558849e238812d2a615d81c48386a790,1,0.56000000000000000000
sab_90plus,0xe8791038300a33a37645044fe40292c268183bf079808a833c1e7bb8d3b0955e,1,-0.79000000000000000000
sab_90plus,0xe88ccdadd028828674c7c0c057fee090cf041ae0f6a765a44144c984b4877a89,1,0.37000000000000000000
sab_90plus,0xe8c86c8884ff7c6041e7d131b365f355829bf5f5761d3aa23fe93cfe24a2e157,1,0.21200000000000000000
sab_90plus,0xe8d9302b2491ab432ff28c5f58c49fb1603ad1a64c4c827c721e9c7e5fbae4b9,1,0.59501750000000000000
sab_90plus,0xe8fa25e9c880da16c0074eb688556bf1d64c2ff9bf7e4bcf57dafbc19dbdd8a9,1,0.04700000000000000000
sab_70_90,0xe90998971549abaaf98d3f33afb1288f8a4bbb27f9498b7da8d5be79b0cc28f7,1,-0.37000000000000000000
sab_90plus,0xe91a3fd9e7335667c3b418b89e08502bfd19088716f28019f86bbe3961135eb7,1,-0.53000000000000000000
sab_90plus,0xe925f30538d3eda3f9390ad8d42417e8bf9e1c5204ab20f8e6c066998c88ee46,1,-0.49911850000000000000
sab_under70,0xe949e3949780dfce68fc24136bb3f79e5e1ad94d0001079ee26f6b474d77d355,1,0.34892857142857142857
sab_under70,0xe95c61d8857061e6828a8f77fa6fe4b1e231b166299527f8ac5092bad77c211f,1,-0.69000000000000000000
sab_90plus,0xe977a5bb87218f46c1e056bf2befa049a6431a73438f232c42d6f1fe1205242a,1,-0.47998733333333333333
sab_90plus,0xe9a378539d1237007a9d0f50d8570b26b2ccebdcd17574f2a8391c451050b55e,1,-0.92564100000000000000
sab_90plus,0xe9b6af2b81a59d36a47915db6f54b6af0e3dd19883382aacc41fe82e43cc2313,1,-0.83291666666666666667
sab_70_90,0xe9d96f957f3f5e4ffa0e920087edf967c4cc353e9d1ad0c2d7ae928b32b61cb0,1,0.28066666666666666667
sab_90plus,0xea04e5d7dc90f493c1f2b0186694a628ca5981c78b2090b7d1bc84c5766e40af,1,0.25000000000000000000
sab_under70,0xea43cdc94d22076ffc3d927d572acbcd260c5208dccae607e0c6589633f6dd7b,1,-0.56997300000000000000
sab_90plus,0xea65db68df175eec2f3a6332ada1ff3fb3fd74be05955c61a9f0b5fa19f4c440,1,0.04000000000000000000
sab_under70,0xea6df785da68cafd307083843ec34cbdfb73b55d82dc8d35592f15285977ee92,1,-0.61333333333333333333
sab_90plus,0xeae8a66c67a9c174a107758a554fb00a22496004815558f14dffd6df7f986260,1,-0.58000000000000000000
sab_90plus,0xeaf9c7b5f66605d3c6840e54f72ebed8d9fdaa3017ae2bf8790915d45b56b18d,1,0.07571428571428571429
sab_under70,0xeb0de200851ebb80eb722c8b02e2226fe76e91e86a7cfe7e38042632e42d5ae9,1,0.29333333333333333333
sab_90plus,0xeb24a4ebd21a1351b50151b8213cea02ea0e822f5aee2c4d5d72c452235db1b0,1,0.51296720000000000000
sab_70_90,0xeb348b65a59bb2752d3dd10636d17de501df76a424e978e136d22e76d07c84e9,1,0.41500000000000000000
sab_90plus,0xeb453784e79163f941f20ee850c55948587d2d44adb4ded9865f4b808719ca2e,1,0.03855800000000000000
sab_under70,0xeb59effaba8164e18fa022d3ab889c1868171f599794bbbce7c1b36ef845056e,1,-0.51000000000000000000
sab_90plus,0xeb75d1e6a896d3524c6483c0c772fa3b3c90e4662b7b8be910c336c72c0f729e,1,0.07000000000000000000
sab_90plus,0xeb833fbba177dc3351f63b742e3ce75084e2d5e8bfd8b1539b0236f46142c99d,1,-0.31000000000000000000
sab_70_90,0xeb83b484265e531f2420e8b6a5f64b6b80258cf9bb45cb421cee504772ca20a7,1,-0.54383204761904761905
sab_under70,0xebb1703cc7b5cd5a2c6c66a93c217f81dae11070598310e0ac441e2ad8c05b20,1,-0.54000000000000000000
sab_under70,0xebb200cb08bbe89c2523a345947d083a992e27cc479cf1b5568407751e026d2c,1,-0.68222222222222222222
sab_90plus,0xebcfb79be116f858f8ac0c12b5b487db7f45cf2b65c782b58f14243db85fcbcf,1,0.38398433333333333333
sab_90plus,0xebe3704ea7ef134bf3433df304367b057a54078ea4ae78b1925efe44031c13f8,1,0.23681300000000000000
sab_under70,0xec479a66c25e0890f454fc0ded792370a1fe1dc7af645175c0a72ca4228a29b4,1,-0.42000000000000000000
sab_under70,0xed1d5279fbbb02bb3f8270bef2eaf1315149b8b069a61302afee74f9b62e74d1,1,-0.40978700000000000000
sab_90plus,0xed275b2bba23267e5410760b9cbf4e3a42565af0f5d64d6eb7862482efb21574,1,0.56500000000000000000
sab_90plus,0xed437b50a7399c0c0f4de17f72872856b4297591803ccf416cf8b13c6c8bd4bf,1,0.26250000000000000000
sab_70_90,0xed4fa0c7a11d55f2c3bcb5e13d94d10b0dced33d7f195748990be092b70952c3,1,-0.80117647058823529412
sab_70_90,0xed716b8f1c6b88b85eec26a59ea13c56a93607703d5d7ae43d7a1057f4d96d7c,1,0.44352941176470588235
sab_under70,0xed731efabe978ae565a11181e2d785df1d0629a9614df9e372e40a8fac35af2d,1,0.46400000000000000000
sab_70_90,0xed76e3c271f4e24a3db2436cdf2c314cda43909fbc94c2bc34631a01cd67d3ae,1,0.24495230769230769231
sab_90plus,0xeda55c7409e9f0f436377ea300db42db6c576277846df770abd1391828dde639,1,-0.72500000000000000000
sab_90plus,0xeda9d31973fe12b0ece85c3300c15ec2506cef64b91d47ddd7798d715342c56a,1,0.22900000000000000000
sab_70_90,0xedb3019370258d0a3b8884c02af3e057c3199d421815484036f2a18d8b5c295c,1,0.14000000000000000000
sab_90plus,0xedeb0024a221396f0d59d742ebe8a59389c0c980d422cab9d4bcd006eacd3e44,1,0.50000000000000000000
sab_90plus,0xee02e7da504ef2a7fde5418c9774bab7e4aef18522297323dfab84e18b6b1ace,1,-0.48500000000000000000
sab_90plus,0xee0cd6aa55aab522043af5858a2a12435c0bccfb460f25b67f2a307392d97be3,1,0.25000000000000000000
sab_90plus,0xee119a12bd76bb9d059e4199903d7439eea0b090d04a36f3e4aff728fd2e506f,1,-0.73666666666666666667
sab_90plus,0xee2eac71e2e1286ca3cc12d50d38d935f064951a4cb382a009dc3d2a347ce0ab,1,-0.77125550000000000000
sab_90plus,0xee49e8198f51e9ba029fc1932e19c57f083c2b4906f04962074f2914ae3cb380,1,0.19888888888888888889
sab_90plus,0xeeb80ed28a302a07a9e8e9b5d39ae9342f59ccfd4ea76de7fa1a845f0483ca4f,1,0.46500000000000000000
sab_90plus,0xeec0dcea9df0643a868e9b152752473444ab03d9f6db1440ed66db8e76f93a14,1,0.18125000000000000000
sab_under70,0xeed5912efe864c928292b17eff730392c2503c836f5c3cc86c2b2bc5571c1c17,1,-0.69692307692307692308
sab_under70,0xef2bf6eca9564885099af0ccb3a825e5c3f59b7c86b2e32bb9f3dc33662829e8,1,0.28666666666666666667
sab_90plus,0xef7e8660541d07039dbdc55feea0d828685f999c81f4b4206cbb9f49b2082ee3,1,0.11000000000000000000
sab_70_90,0xefb63177017a2bff2965cb15a6bbc03d3a5108ed3026f69b25715f634d2a11e5,1,-0.39308000000000000000
sab_90plus,0xeffc9017a924f8d16977ee85fd63a531bda32605c4d5b4b625d8d444909d58a8,1,-0.48000000000000000000
sab_70_90,0xf0164e968314bae58a0440248e2abd20ee9e4704df2b24c98c50072006b26315,1,0.47062500000000000000
sab_70_90,0xf075d746536b9a9a0f076c1cde8cce2052305b8364539c625470a7e5b037d8c3,1,0.26666666666666666667
sab_90plus,0xf08d4757c42738c4d4eedc39d3a310360674ad5c23e93b5ac2ea9fbfdcde55a4,1,0.06000000000000000000
sab_90plus,0xf0ab9f1f469088774fc1986e5ed099d0ffe7cb80fee84dd54584567cf7f21a18,1,0.55000000000000000000
sab_90plus,0xf12eba67c15730121df5865df8d69095c6ea5794b6c334f6d67e976e95af33d3,1,-0.52500000000000000000
sab_under70,0xf134b5d6d31ea59fe65cb22961ec1120e41a2451ef9311d6b750d6638a1c9322,1,0.44055376923076923077
sab_90plus,0xf15fd5d5168b80720c307ef56295c80375afea183d174a9ba10a66c2a5208ee1,1,-0.50500000000000000000
sab_90plus,0xf18688eccdccfd8f324f4d1e766af47a92c17de28ff579a93c94202f48ab3431,1,-0.49750000000000000000
sab_90plus,0xf194634652d8dbdb464a85ef173ca2d037cc6d488d547da4b56aace7b5b3a6ec,1,0.36539200000000000000
sab_90plus,0xf1963b7540d4e8aef7cdd68ec7a45d3737886f533fe8594df7ba6ea4c38a8d03,1,0.47278750000000000000
sab_90plus,0xf19a53afb615e3d80cddbca6e41e57833b1f723cc14c04bf6ff88568159702a4,1,-0.67500000000000000000
sab_90plus,0xf1c20951d3e2748c9a4a653d829495f557e6e101319714d6afea4d80eeee3880,1,0.28333333333333333333
sab_90plus,0xf1c215b6038f2290110e65366460cf561b6e53679d35107b766ca749d15ef45d,1,-0.47798550000000000000
sab_90plus,0xf1db6e4bbe2475997c76cfcc60fbb937d48eb06cd116f51f8285fd77cc5caaa8,1,0.21333333333333333333
sab_90plus,0xf1dd418c956ef62820d2e263cf8f819a793f4e903218702e26623951eaafde36,1,-0.74500000000000000000
sab_90plus,0xf20a288d12121676de8bba95658d1a58a9dfea2953cdfd4e513eb54d4e80d7d9,1,0.06916666666666666667
sab_under70,0xf224cac9c315d3693bbcbd8406460b8052ecc40df364f7e2bc6079c072cfe219,1,0.29272727272727272727
sab_90plus,0xf278f9bb7161847a264d8c88af9f6ff2b4aab9059ff7b9ab175202992031407d,1,0.26666666666666666667
sab_under70,0xf282bfe9826a358541f0b97e16d8862a551d1f2bf8028ebb01eb6d25a51bfb51,1,-0.65000000000000000000
sab_70_90,0xf2879c8ebb8875ce8a39bccd9e3640915f40a7c01ec91bf457d120d3ee93468c,1,0.61000000000000000000
sab_90plus,0xf29a0b1963077209946829f7270b4fd77d7e5040a2fbc873a1c91e0569f4d625,1,0.09000000000000000000
sab_90plus,0xf29e8ca118bc47e9d5d162191382c8700213730e6f5959d69b006c64e16685a8,1,0.03471428571428571429
sab_90plus,0xf2a8ce275be558b5d880f1dd47bf3ffb05e108c96a9b34c78af13d6314cde394,1,0.48000000000000000000
sab_90plus,0xf2cafdf9c307fbc34fd47c617ebfeb713d5a7750c85e33041f18bd9171ab5c81,1,-0.41500000000000000000
sab_70_90,0xf2d8503c18629fc7775ef40a94c78a9138246fc70f2ceba17d5ecc304c5a8ce1,1,-0.65000000000000000000
sab_90plus,0xf2dbce3795ec857534dde21ec1cc07aed421c1cfc8d632557b74dbd2a81ea181,1,0.16585200000000000000
sab_90plus,0xf335a9cc1ffa7ac6b262f818ec5768de954d30b22dfd6f137f3eb0b52a35bee5,1,0.16200000000000000000
sab_70_90,0xf38eb2d29d50d9f0f56ca1e830000869450b1df455aaa62acd5bf2576636baac,1,-0.47818181818181818182
sab_90plus,0xf38f31748bf164fba353e453e1169d447bdee127b6e0e3571a42b775fc87cb9f,1,0.22000000000000000000
sab_90plus,0xf38fa834fce828bb953615d771cc13f9f7249dd9c38d58f6428afabf88b6b24f,1,0.15500000000000000000
sab_90plus,0xf38fd2da92a4b67e9a3e83ca109d45d28999069393e95c41f534da0bb8d6af1c,1,0.31826086956521739130
sab_under70,0xf3a4ebc0e59aadc6c37a49f7e50c34233925d15868fbdef7a83c4da274e1dfb3,1,-0.39636363636363636364
sab_90plus,0xf3afb2dd052479f1cb2f7e73162c5a4bba8318acd104eb17ec3d6f9e342c6cce,1,-0.50500000000000000000
sab_90plus,0xf3ba713405b219a93eeada80d705a18e31543b7f6f8417777dc8f307012e1669,1,0.44000000000000000000
sab_90plus,0xf449bd748e015ec982e83c9a52d75d18dc4c8ffe9dbce0198ade2d4ea7e6f3e9,1,0.21276150000000000000
sab_90plus,0xf475730b3e6403bd4893bc09ee57bc714535fbe902fc6faf49ab842abd6ed4dd,1,-0.63419125000000000000
sab_70_90,0xf4a873d2bafb1fa680a6bfe72ecdf02b1a652cdae1f5f9b313cc23b9c731d21b,1,0.38000000000000000000
sab_90plus,0xf4cecb041bd0a86914db30d2fba1365fbd394d6415ff77e578f94164cc681c95,1,0.07000000000000000000
sab_70_90,0xf4d111c515a1c64c86cee36d27b1a0c009706a41109668a600b34398efacbca9,1,0.59676450000000000000
sab_90plus,0xf4d4b372f63bba7381c467b34afaa8f8e2e352760de735a61684023e067368a8,1,-0.83452600000000000000
sab_90plus,0xf558027e59725decc7901fc112dbb65aa12510de01006cf6a3f122130870dace,1,-0.54000000000000000000
sab_90plus,0xf575695f4cd74b1b0172636d0e19c593570e0c514ad1c9a4b3885fe1b4aed6f8,1,0.09250000000000000000
sab_90plus,0xf5956e111e0e9b352200e89196a1e68b294d349644119cdf862221e9567cd069,1,0.45750000000000000000
sab_under70,0xf5a0c2d5b6bf0a7b9899aaf4c6237b08e1dbf8d17430fac4de8468a6e2df2e0e,1,-0.37076923076923076923
sab_under70,0xf5cc5eb8477c1fc806d38dacd0d2566438d5fba3b70c0aecaacfc97e8c0de442,1,-0.64500000000000000000
sab_under70,0xf5f92385410ab388143b226e44bc97270f9f39dc3a3f76c19196b48394d37966,1,0.41500000000000000000
sab_90plus,0xf6082aeca563bd5498579dc548d6099c68ff5e78ceb5f17acf051035a13e7f4b,1,0.52418300000000000000
sab_90plus,0xf6bdc5dae218058f6a7da7d7b138d4e2e6400061f2e9827963937f726da0d24d,1,-0.56000000000000000000
sab_70_90,0xf6ef7c5dc55dd13c111930a1a966dda70392dea8385d8f086a2e6392a59ade8e,1,-0.49686550000000000000
sab_90plus,0xf6f03b8ce10a367f03e0afe928949fade94187aea5d3ed3fe4d60b6a5945f222,1,-0.52000000000000000000
sab_90plus,0xf6fe0dfcb5be2f8e961972059e42700713164673bc7463a28d029602b5e3df18,1,0.11300000000000000000
sab_90plus,0xf7251f18a3761e118655a5bb7c12a0d0126255ab5dc9a8f3eb2eb4f1cfdd1aac,1,0.39000000000000000000
sab_under70,0xf7266d7d2dafb8632bb8531f6c47320a81ae547581895b8086fdcdf20e51a153,1,0.69465100000000000000
sab_90plus,0xf74521cb53962237a6c06e31ab08acba1242d7886f77e4572911ae6274d5b624,1,-0.50254250000000000000
sab_70_90,0xf7752ecb570d9a33643333eef626c03e409e5c4de4817e4d0e7c9873726f3394,1,0.41000000000000000000
sab_90plus,0xf7b5c4d5f937e9b84313bf12e50c1453487c7dcf920eadbb0468eb99e79b913e,1,-0.81500000000000000000
sab_90plus,0xf82cf82cefba6b3f88a3277805e05b198e8aaa4068efacb205bedaa2d0b23830,1,0.20522450000000000000
sab_90plus,0xf840c2a84f4f1e62bee8ae8739080e4bf835e7f1d1fd806ef45be9a2da1ac3fb,1,0.10000000000000000000
sab_90plus,0xf88edd6eff8eb2805aeec1ecaa154f3c5381f912fe3a3b43176ad006ba5b5797,1,0.22172200000000000000
sab_90plus,0xf8e8e1cdf6da68b5b79004c87e4f845ee28e78929c598746c0e63731d94c391e,1,0.07000000000000000000
sab_under70,0xf938675c5383f1c313e5eed3636c58cf116927fc5911a64bffe1be576bda4d25,1,0.75954200000000000000
sab_under70,0xf95968b1334c35a5c17867680d783d1d592bb8648b014f7365d03e40e37c99fb,1,-0.43250000000000000000
sab_90plus,0xf993e4cec8b08c0b76e52e16b4d26327f1aacd87c37e7189d5acac8e0b97d7b6,1,0.10025325000000000000
sab_90plus,0xf9a566d0366e09912a8a36acf39ed96550bb182d3c024e2837238000105eb38a,1,-0.58500000000000000000
sab_under70,0xf9b6b82f2d64af8b1af14ee9e89c1de0345c1c603f637f22032ff9e67792a2af,1,0.56384615384615384615
sab_90plus,0xf9bc00ddedd24fbfffbeab69420466c99cff3c3373f287dde0f6f4106f408680,1,-0.50000000000000000000
sab_under70,0xf9d50eb856c853f734158294d38e7fa3895a025dc2597dde9956c81f14458cf0,1,0.35666666666666666667
sab_90plus,0xf9fba5c69db2d6ed43112bc93dda07388e3cca1cd18d576f9de4fc0511acc201,1,0.15494726315789473684
sab_under70,0xfa0717cc2be9fb8434051b76caf38f539c102e6283edcdfbee2c35d79f46b1ee,1,-0.29531250000000000000
sab_under70,0xfada1a1ea8a231ee0e232b0fbb0b57b1230693f0981de1e72176fd5b4f4700b1,1,0.35000000000000000000
sab_under70,0xfb22501ffce04e5a029bcc79ebb9e6a534cc676677c1354e29d29e3adfd08f46,1,0.60558295238095238095
sab_under70,0xfb2314dcad9273745bd3de0db31a2036cda3eae847039a58e41a3c2dcc233657,1,-0.50373215909090909091
sab_under70,0xfb2e524094df09bf6078173417b9d3f46b4b84d62366cd6a158c79dc180441fe,1,-0.71500000000000000000
sab_90plus,0xfbcdae24669153e811b86329a4adb56689b590845b02fd0c16e7b1826c863034,1,0.26545454545454545455
sab_70_90,0xfc2ce317da4e9c701c792307256258302454d46ad0e3346975b0e9fd2bc95f6c,1,-0.65142857142857142857
sab_90plus,0xfc35bff2ad7d9edefa77d1df366161a4aebebed33e5dda6ff932ce7c8e00edfb,1,0.10400000000000000000
sab_90plus,0xfc6b344a01ab72d234c1083fc98021f32d7e54e158782ef871d65bd39a508823,1,0.06464285714285714286
sab_under70,0xfca8efe0762f25602fcaae551f6fbc6416f7061db1ddd87ac3b3f29bf6edcd78,1,-0.38750000000000000000
sab_under70,0xfcbc80ba309080f92f3f159843ed16cb0e7f910fd6c835c7ea95969025d53184,1,-0.52000000000000000000
sab_under70,0xfcdca19394530ab70264089a593cf2a0548e5b0f8773bdbc4a496799474d77c0,1,-0.47620900000000000000
sab_70_90,0xfd2cd91be3b1215099cea2512b3c98c3e2da290064dfc0ca815d4e315fb6fdf9,1,0.20187500000000000000
sab_90plus,0xfd565955b77aa7d5dc969e740eaf052dba31b9ceed59b5bdaeec9b5d37a16542,1,-0.75000000000000000000
sab_90plus,0xfd96581537ba0bb28a38d09779d9944fb76c05801fda4deeb399f380ea5f7acb,1,0.23902633333333333333
sab_90plus,0xfdd4ebe45cbb144bf0ab23edc02699a091ef916e2483f67a928f78021bde09f5,1,0.60500000000000000000
sab_under70,0xfdf36346a7d067299d3434b134f78be09b68f77447094e6cecb863f54583c60e,1,0.51000000000000000000
sab_90plus,0xfdfc0dd3151ee5b6f84e874714ff0f1fb0343e0abcc00adfb09bf0213b6fd067,1,0.29500000000000000000
sab_70_90,0xfe0b593f9752802b1aeb4745beb6cb5a97cb01739b9331e109f3a970f27cbf38,1,0.27000000000000000000
sab_under70,0xfec117e3f24c0ee72f753bb35c743d6248212998c001b400609858caeb3fcc00,1,0.28750000000000000000
sab_90plus,0xfec51420e12384ab73ffd47e90b46b3c64e746d5f4d8627d566020b7a952e5cc,1,0.10500000000000000000
sab_90plus,0xff1afdef47475128b85467bd1a3a4a3182da0c27409d81c2dc6c7d55b5467dad,1,-0.82727272727272727273
sab_70_90,0xff1ec56e0e47033727e33deab740896fbf1c6bb8a2b0068efdba3d900c7ba7a2,1,-0.82550000000000000000
sab_90plus,0xff3744285965810d599d4ac7037760134c349eab25c289c14ba2523320debda7,1,0.36371428571428571429
sab_70_90,0xff8cfd8247a741a2f0c9232074c5aec553d2265f132019b0d29e1089564b1cf0,1,-0.44000000000000000000
sab_70_90,0xffa05800960fb8b1532c0f3f99f51b4996c9b447b0b195635e644e071e4b63e7,1,0.22000000000000000000
sab_90plus,0xffc1f33ffb076baa241ba48915749085e7dbc319eceb1f34fed2b0ee7d2e6bc2,1,0.29500000000000000000
sab_90plus,0xffcc16466bec36ad1a0d27106b53eaf338b4013c40fa6fdf446819e14318141d,1,0.42000000000000000000
sab_70_90,0xfffb1f8d13c2180831f8dc8302324b85321bc3d74ad28432de109428759e3c9c,1,0.45257973913043478261
df_90plus_favorite,0x0061b1d4b49c44a05365d60389167968baf42f2b1ab99c3d8b80a8554980d9e8,1,0.19266666666666666667
df_90plus_favorite,0x009d773159b72d0575602bd9c855bed45187a7cfdc393dc231997731754d0ebf,1,0.05461538461538461538
df_90plus_favorite,0x00cf3efc18a950cf442049aa0770903f0ab8606212499e0e4196bf74c102c456,1,0.05785524590163934426
df_90plus_favorite,0x00eaef7036396448458560f3e7343ed08cb4f1fcc247c9dd805cf39d97fcebd7,1,0.46000000000000000000
df_90plus_favorite,0x010048d1206b30658bbaaa7f3147ed6e50855a959bcba38b91420a0938bcdd36,1,-0.50274700000000000000
df_90plus_favorite,0x011b0e5d3262c03cc9aff9ed177b03da8ebb1cd004c4e914a938c7c15b9a7d39,1,0.05000000000000000000
df_90plus_favorite,0x0130c758ed1de52334c9183f91f7b2db08c22a3e2ff9f4be509a228537623785,1,-0.52000000000000000000
df_90plus_favorite,0x0167879c2b764c835e06d78a4ef878ac40c72cf79fb05b66e86d516d0eea11bd,1,0.22250000000000000000
df_90plus_favorite,0x0177a8766c74748712fce0b6ab167ed66d7702de050b0ea4ff3911703f8c291d,1,0.49000000000000000000
df_90plus_favorite,0x020d7e2908c37aa50c634f0c7f8369f1556ad4a27e5a0312f703188abe42b598,1,-0.50500000000000000000
df_90plus_favorite,0x0255d4b6bb67a326965348838a136260839d10a8db717538de1fc8f05777a683,1,0.29000000000000000000
df_90plus_favorite,0x02670845f2d5fcad741f7f31942176168ed91344baf345c83383d4ca9c70ca4c,1,0.10000000000000000000
df_90plus_favorite,0x029e72f379232ca9a6cff192e77ef1a8d7b6582d41d4932f772a97f867c89336,1,0.19377325000000000000
df_90plus_underdog,0x02e6292d3236e2fb57cee80181bc59009577b2f383fc69373c4f36c5da6f9178,1,-0.48250000000000000000
df_90plus_favorite,0x030a94cdb727f201a5074fe3a29765917e5221de66cea8fc7d308f023e373f67,1,-0.73899150000000000000
df_90plus_favorite,0x0324ca93932e82f05a514282e2db652d8f7e47c09891548ffbb4ebfd691410e2,1,-0.66453050000000000000
df_90plus_underdog,0x039ace832c3eeab75c15e7b86b93aa4caf44ba9195be9bf1e4dca4b268535c9b,1,0.52500000000000000000
df_90plus_favorite,0x040887074fb3f1fbc279365eb70eb6ef3a3967a1a18c2f49c20bdbe4278b6101,1,-0.64898500000000000000
df_90plus_favorite,0x0413637e11b3f5fb80458276b757834194947eda75481e256cc5d9bc0ffbf3aa,1,0.07000000000000000000
df_90plus_favorite,0x041eb404c839cdb46387c06c4c74cbc72eb35a0d68adf2ce6171523b64d16788,1,-0.58885950000000000000
df_90plus_favorite,0x044863f506fcca9771a47de547fe03e00f5bc2a7070e93158499092a6843a0d2,1,0.04271428571428571429
df_90plus_favorite,0x0455b0b4ad19700dbfa1d6710b0cf310450cb9e95ea0946fbd16d0f4cf4039db,1,0.22444444444444444444
df_90plus_favorite,0x047c72df5492e4b06ecce9879631de7cc88b30b3767f072de9efcbac01d8b1dd,1,-0.58165100000000000000
df_90plus_favorite,0x04902a65e055235dcc6ed18c97a77270306ddf7e4ebb54a4b1b6d1a4c60eee6b,1,0.46000000000000000000
df_90plus_favorite,0x04e5640dff98d9c6546c6b108fbffc71d900887c90c3112d8ee18b2a8d9fb4b3,1,-0.69000000000000000000
df_90plus_favorite,0x052eaecc7b268742ae1d2ddae58fc0d7be1ea9ba02f995fbd87a97ba6c3bbfd8,1,-0.59000000000000000000
df_90plus_favorite,0x0546fee199f1756d58838744c73673dbe98ae4a2c1b274bc0cbf2387aab61e45,1,0.03535250000000000000
df_90plus_favorite,0x0594b96046c411d37686ced117713601f5b4cd544ab1bc3bd5c13d14f4491e4f,1,0.06666666666666666667
df_90plus_favorite,0x059c26b07a3b35b46c9da3316ab8d60f3c1238b2cd7a8f069596cbd38583fe04,1,0.05428571428571428571
df_90plus_favorite,0x05a303645ac39405969df3786b6e33c74ec3be9e1779adba11e619a10d1feab0,1,0.15678069230769230769
df_90plus_underdog,0x05b7172e0b8fcd4bf0b93e66da5dddfb9d3db64016395ffece7028b0319a260e,1,0.55500000000000000000
df_90plus_underdog,0x060d7f0175270020a957f8ab75b11370d4a8762d26d93f74e133a7acea4a4f57,1,0.51333600000000000000
df_90plus_favorite,0x060f4b969fc1f6b09682c1e7d9ae218273fe3f197977d1db22ccea01f42d895b,1,0.05909090909090909091
df_90plus_favorite,0x064d10bf45774ed4c791c6ad150a794017e2357ac188b83d01adedd0b503d84f,1,0.07535233333333333333
df_90plus_favorite,0x0654fbfeb3093867a43dcf05fe99b5f29652ce9f90dc1cf50cbc813741adee6a,1,0.49506350000000000000
df_90plus_favorite,0x0698bbfe9ca640fdc5d324070cd6d2ffc0db702ed6dc6fc8cdb2e24f1b081dca,1,0.21000000000000000000
df_90plus_favorite,0x069e0c84cdca04149ca8d57454510fc5c3124b26e612d604b03d6bc0a9b221ce,1,0.47000000000000000000
df_90plus_favorite,0x06e8249349c88e2071aba2057c0ec6dc1e58897cd8295ab27ca88e983a0979ae,1,-0.96678400000000000000
df_90plus_favorite,0x079221e2d63b3a7524fba0afd0b66f512f7ee67b5bf77e09494a828a7c206407,1,0.34888878787878787879
df_90plus_favorite,0x07c5e3740c6800a18f93b05181547de97b7da237171efb1d8017f7c3ec44e317,1,-0.61500000000000000000
df_90plus_favorite,0x082b9ad09da50bcdb623ee9b5cdbd9d9f65e591997bfaea81be04bbc2ef104a0,1,0.17077400000000000000
df_90plus_favorite,0x0844f49c1d5d5f6b495275c43773434e610db71ebedd053deeede6d1cc6528a5,1,0.16500000000000000000
df_90plus_favorite,0x08ac1bbcff8c6bf57b9744970faf8ef8a97fefa20737480a53af4f8d398f5d26,1,-0.69500000000000000000
df_90plus_favorite,0x08d56195e88cedb87eeff396bd35e8b67d031e586169b3bc937b3095b3cdfe43,1,-0.69473684210526315789
df_90plus_favorite,0x08f597781aae34affe783a26c3ebd70d6e7529ea5832f83cde42d03740f7bf66,1,0.15600000000000000000
df_90plus_favorite,0x09736de43a09191400c25861f599a6c3e8044e0123822d8e30e74e105d9b5e60,1,0.07700000000000000000
df_90plus_favorite,0x099d12093a6214e2dea67296c11dad775d0b3038c413731112a1c52ebd362adc,1,0.10400000000000000000
df_90plus_underdog,0x09c148aec38a12ff15514d6a42183b796b430de040896378ef2fbdf7d83f6abd,1,0.58124255555555555556
df_90plus_favorite,0x09ea2e3e7e7a1bd2ea192baba2eb9efa7c5bb29cec674bbe3978c9b426ea6915,1,0.27000000000000000000
df_90plus_favorite,0x0a9139bdffb04e3f8846ac3b574ccfbabdd1eacc2f1d7274dd6358e21d4f7a27,1,-0.90555271428571428571
df_90plus_favorite,0x0aef2d90790c986b0d057f617e873a9308f933d7d8225bb06300e773971bdb06,1,0.10167766666666666667
df_90plus_favorite,0x0af97753cd18611b0044752905b726a7eb00bf0473e1289d21c0baee011b8481,1,0.22610260000000000000
df_90plus_favorite,0x0b7ac6f707814f5ca30a9c2586c36c49a1bae6138b050137abdc0a4987b37a59,1,-0.52809650000000000000
df_90plus_favorite,0x0bda08d14625ed788116d9df755e1d1879a1c7be8416c3c48cdad82022eb72ef,1,0.10000000000000000000
df_90plus_favorite,0x0ced81ce3b26db93beaa581613c58161ff5bfc4aa74748ec5380b120daf7cf87,1,0.11250000000000000000
df_90plus_favorite,0x0d8762d1041c935a9acf165eea57897df5aeeb7a600ab4aa8ebab39a99d8679d,1,0.43375000000000000000
df_90plus_underdog,0x0dd400586e777d01bd8e8571e98dfaba27afa8d2627cbeda480522e9e88a2830,1,-0.47816766666666666667
df_90plus_favorite,0x0e7c959150b4e768b1b474679509e7e5751f1cc2da09f9266b9c91a4af2911c7,1,0.44162500000000000000
df_90plus_favorite,0x0e81097cf93109a031a5630b7a338eb8c43656e4a8485e0ebf57d24cbe23f3b3,1,0.44500000000000000000
df_90plus_favorite,0x0e85fca3e67afc24233770757d999b3f333b26b37a5791970a61e26f2488958b,1,0.50000000000000000000
df_90plus_favorite,0x0ea55d012e501a500011f42067b140ee5dcb4c678c94401459962b3a841ac568,1,0.25738358333333333333
df_90plus_underdog,0x0eb51cc4be51a4b833f77823398a1ccbdeabbaf4d14657c80d895fd8b11f4e7f,1,-0.47617900000000000000
df_90plus_favorite,0x0ef9d17aff09c873dc47a93cfb13c42ab6274b4493e022fed1f228193714540d,1,0.08655172413793103448
df_90plus_favorite,0x0fa4ea7c271214d91686c474973fe8ab5abe234800978325ebb8ae0450a0c940,1,0.04500000000000000000
df_90plus_favorite,0x0fa985dbfd9088ce72121b2cf1a0ea36829e1d137f3190c3f6d349cb77baa900,1,0.10000000000000000000
df_90plus_favorite,0x0fcd3ec1997002b2c76408a22d50cb3b29f220ec719ec8baf246b987764f0f7d,1,0.27026600000000000000
df_90plus_underdog,0x104afb8bad4b6497ee89582d7111ace2d0c120955dafdee4ba443f2b6703118e,1,0.54200000000000000000
df_90plus_favorite,0x108d9284a5afb66c7a829fecece3fa3c4f7a4591ffd001addd48d854ef722fe4,1,0.19666666666666666667
df_90plus_underdog,0x10d8c194ea5a968fd72a4b19c673a74be975e47d529c123f93ef120a6b4f49a5,1,0.56000000000000000000
df_90plus_favorite,0x11e4780f48d73417a4863618e288e78c8848e2ef4f744dca4cabdff154af5e3c,1,0.28000000000000000000
df_90plus_underdog,0x122fb9e4e68e61fcdafd28c1f32732ca5ac7bc237da6c73588a68fa98ea344b7,1,0.56208660000000000000
df_90plus_favorite,0x12658e2cc9644d77f8a621d8cc1233c698467bc62081ea12dc3423a4135fb143,1,-0.53082675000000000000
df_90plus_favorite,0x12787684ec1ae320c734ebcc2e46080540fd1d478ef209d5a586f2676974fa2f,1,0.34022550000000000000
df_90plus_underdog,0x12d370c2fe98c01985766e990a1a84319fc01dc8c8fb1d62af4d34a0c309421f,1,0.50500000000000000000
df_90plus_favorite,0x130f87337a47e7281c18e53ab50663ae346ab821601759cfe42e71bb9587459b,1,-0.64539700000000000000
df_90plus_favorite,0x1397d636d15ea0ef67ba6e1a163a89830c11ee3b792d42e6d3a4f8d0105d067b,1,0.05220773684210526316
df_90plus_favorite,0x13b9d0aff46344f845d0681e53b9da4e27666284d306bbcc07fb9d53bfd00db1,1,-0.80250000000000000000
df_90plus_favorite,0x13f9fb19d4ddb32cf9f594cfcb239ad37d5ac225c4cd2805fff9d6b0415b0285,1,0.23470450000000000000
df_90plus_underdog,0x14be4c6504cdfe4b905f3c2e7d62034f35242da4cb8d0c02bfe8286e36feb5bb,1,0.52007266666666666667
df_90plus_favorite,0x1519af36e2842d6a6daf2da1d8cccad1e3a4522da94bfabc6cd52f7d3fd90152,1,0.45000000000000000000
df_90plus_favorite,0x159b4767e9a41095e4b1d0b57147e88e4e6cbfb40f1db14849e73641304b49db,1,0.10000000000000000000
df_90plus_favorite,0x15ae32bb6f46f35220af9e623242dbcafffc965770a298316699a6ac2bb11b56,1,0.09357142857142857143
df_90plus_favorite,0x15b32ebe7aa506159da1ad63126f7bd9b837b626af565d169d9e5cb3db4e2cb4,1,0.30333333333333333333
df_90plus_favorite,0x16326d7e5ecb541021b7b60e039918eb188f605426c33ffdf2a0a4261f371202,1,0.11500000000000000000
df_90plus_favorite,0x16c01843ab95b96ca0b0655b758da983db7ea58a6086a32a392081284ee72c4b,1,0.10976750000000000000
df_90plus_favorite,0x16c962f9ea2ceec16839546ce67597b758fae7cf3d43167e769b296712021a38,1,0.40000000000000000000
df_90plus_favorite,0x1713d2d0bf9eaa69cd0f61473d1a1a8baadf82a40152c4116768bcfc7a46b59d,1,0.28227400000000000000
df_90plus_underdog,0x1762375dc40cbf324cbd1c39d34537d176a525b3642ee6d0ddbca9e56b6a663d,1,-0.31000000000000000000
df_90plus_favorite,0x1792ad47e15d9ee35b3f3038850d0293e302c8b72b8417c574844a3bd820e5cb,1,0.34500700000000000000
df_90plus_favorite,0x179c7dc229d757c7d1952235b0c9311e48b3437b34271248c0e3a6de366e22c9,1,0.29310933333333333333
df_90plus_favorite,0x17b8a8a0e2884e6205a9ad17c49bcbde6e343b17e8e794e86d3202d3616c1ec1,1,0.08500000000000000000
df_90plus_favorite,0x17d821a9197f8de3acbb8a0140e70cea9461e95871c58ae7aa9c608d53ad00d0,1,-0.87250000000000000000
df_90plus_favorite,0x17dfc75726fa95d4054d91e80295c8b3e494569617e67a7e620e27562b7952b0,1,0.10000000000000000000
df_90plus_favorite,0x184ca107b54330d8e47c581aebc31426e9063943edd4c98ddafe2eb01307f62b,1,0.04333333333333333333
df_90plus_favorite,0x186cb47a69589a8c10cd1a06fa6b4dd5080b0950a75675f75b85a8270b1a3504,1,0.19317933333333333333
df_90plus_favorite,0x187651dbb617ad61b8c3342a4a61996273a6a206ff36405c37c5cf029c2f96bb,1,-0.72555555555555555556
df_90plus_favorite,0x1a319ce803f4e711b25af81a1d8bfb59c5cc6e5ef09ac046fc65e652c98e714e,1,0.07600000000000000000
df_90plus_favorite,0x1a4735fd4da9dbcbbab02750c25a52a52f06c4338061f5bd09d369ba0d6371a1,1,0.18451544444444444444
df_90plus_favorite,0x1a5a315ca780632355286ffe87ef7721b6f049bf4240b6bd201b1d16de948fe4,1,0.44000000000000000000
df_90plus_favorite,0x1a6c50308715d4c8041ba811f1feb8e69ef4b5a9ef613ebf7dc901c15d27a458,1,0.37440400000000000000
df_90plus_favorite,0x1a7cda59ebf636d56ab2af001494b6bedfb57d61ff2bdb6637acfc6acec0a1ee,1,0.14000000000000000000
df_90plus_favorite,0x1b18bbc2251ad59977f8800fe25f054137e6b92bb1e7ecc727785bafff639bd3,1,0.25690650000000000000
df_90plus_favorite,0x1c48e5d7d34c8bf3f729f1bfa41c5651025c8ffdc3778f6217bcef0c679b822f,1,0.49500000000000000000
df_90plus_favorite,0x1c63bd5747fc2bf69453e33263eb3e9525792c9ca78cacb06c8995d37562cb76,1,0.38500000000000000000
df_90plus_favorite,0x1cc3ece780f64a568d2134e79a2f3b2efbc461d8f270ac7030f502953e335391,1,0.09000000000000000000
df_90plus_favorite,0x1d5d0650020ee0ee9649f39df46d86cdb1489aaaff76f7a32cda7e933294465f,1,0.10851666666666666667
df_90plus_favorite,0x1dbff2b50db3233ec13be9e51e6f0f39350bb8f4935c260ce1f7f1bd81c33cc4,1,0.10000000000000000000
df_90plus_underdog,0x1dd0e0395efa791140592a7430baa9b1bcda6e788800ee3bdb25310335e5d886,1,-0.49736200000000000000
df_90plus_underdog,0x1ed76f49a12afc89ef93aec2cc8ade7af21d041c104f510597a627e584859171,1,0.59000000000000000000
df_90plus_favorite,0x1f33b6429abfb34d616028f494334af03c8d64383340a8324f0fb3d79458be50,1,0.43500000000000000000
df_90plus_underdog,0x1fc7c76b0f48ef63013827bf7b353e4e757d1acb8f9637b06e9a7248ee08a2bd,1,0.57000000000000000000
df_90plus_favorite,0x20b69b3ae8852891aec141e6bb5378877bb833d31b7a98fd35279b7f28adedfd,1,0.32931700000000000000
df_90plus_underdog,0x20f32e9daf45af5142db1adfe40e11c8de19a9d807ff0d26dc85344e74bea2d5,1,-0.30171533333333333333
df_90plus_favorite,0x21150b6dfc210ab49937ba0a096f1c80fd1754a0d75e77ce2c88f4d6164f8122,1,0.44000000000000000000
df_90plus_favorite,0x21454470816337a6dadbea2140070a57ec40146b8e65bba2fbf8e4216ea6f0a1,1,0.09750000000000000000
df_90plus_underdog,0x216c728e6dfb75e8db6e2917b5c6b372d265e324933784e4ac30a0c171477bf1,1,-0.49000000000000000000
df_90plus_underdog,0x21a28e464650469e092f61facfcdab34f377b26dd2a67846f67bf0ae8a74b35d,1,0.53500000000000000000
df_90plus_favorite,0x221b05db581e0beb3bd140683b89b06f6bb565f67674fb7243c6d3789ee18b96,1,0.19777265217391304348
df_90plus_favorite,0x226d0581746377d6489c09833dd7d76bf80fa54416ebfe29dd5f61c70c6ed1e2,1,0.32237755555555555556
df_90plus_favorite,0x227cb319d317693720769af65485fbb21bc89a08d646447aa9ae2839a265c07e,1,0.18333333333333333333
df_90plus_underdog,0x22d789d9dc8e63fdbe87b3558882a7ab548ca741b4e7578b2cfe6715b7ac889a,1,-0.46000000000000000000
df_90plus_favorite,0x22fd21bc2c027c7be426c6ffd7fae4706a5fa2628e7ae4581c443299c3f7d1be,1,0.35759200000000000000
df_90plus_favorite,0x232342e2a9200b203703a816f9d99d1c6a872333567af16f43d67a255e1a6aa8,1,0.33132075471698113208
df_90plus_underdog,0x235fd15196fb5fa1189dad3f3b4c0296217949b7a4f95dcb9d5e8521eb5f5e28,1,-0.39000000000000000000
df_90plus_favorite,0x237d201747b3465d517baa7d05dfd0947d077781113ec5d2855bb605127b211f,1,0.30000000000000000000
df_90plus_favorite,0x2408a0823d113380ab4c36b5e538bb5e1b63c39c1eea062912bc1c3781d9483b,1,0.48000000000000000000
df_90plus_favorite,0x24310013c76bf5d9a7bd072f920891f36e789aadabdbe4464106128cc03be6be,1,-0.74997750000000000000
df_90plus_underdog,0x2462b715458a7f4ddb9a28d22c26b11740735c52292796abf568592057112018,1,-0.45993550000000000000
df_90plus_favorite,0x24681ff50e47c29dc82477346c77a8352732bf4fc00290fd59bc17d3ee090bec,1,0.10000000000000000000
df_90plus_favorite,0x24b3113712b92e39dec6cdc5b252f386a40fb78e99d7bda2786c9076c84c7c96,1,-0.72647600000000000000
df_90plus_underdog,0x24bd47775326bbf1ebaaef68188569e86f0db836d7949b49450dea1ccc9db35a,1,-0.37500000000000000000
df_90plus_underdog,0x24c8792a1fed62980e960071702d8d3e493901af0671e79d3d17ddd9e21af012,1,-0.36345000000000000000
df_90plus_underdog,0x24e14f76cfd2c3cbb06898a53933d966dc443b25aa7396f36b2183e16d26d965,1,0.65000000000000000000
df_90plus_favorite,0x24f18bdec315f767612d94e386bc60589185ab6a84e97b080a661a3fce1b2739,1,-0.72500000000000000000
df_90plus_favorite,0x257b096216f454df49c1c9f3e866694c7d3c5c34838051a169b161ec8e39dd6d,1,0.10000000000000000000
df_90plus_favorite,0x262d9c799b2bfe7565d387e521b407062c14f646a00f6dadbf00199b6de2bc58,1,-0.51000000000000000000
df_90plus_favorite,0x264e6793ab225b8fd861f13934ee8a826a864116e1dd727b38a65e2f7cd3f67c,1,0.21550000000000000000
df_90plus_favorite,0x268e64674742a086ed32225039060c5683dc06417689c90d0c04a9614d1073c9,1,-0.88000000000000000000
df_90plus_favorite,0x26954c84bed166fa0da034c310e3bd62e7afa32d299314c352bc32eb08e5a210,1,0.21750000000000000000
df_90plus_favorite,0x26af99aaa2182c11f3f02ea8e9ee5527dd2d0f9680c73ffbd7bd0237cc64d5f2,1,0.07117647058823529412
df_90plus_favorite,0x26b822b926feab4068f42bf2d0750fb8a65e09462c8edf1159275c2a116081ea,1,0.04567329411764705882
df_90plus_favorite,0x27522dcf5698077665207c5479ac76741b052b2b57199d86f061d1e0dd3ef84a,1,-0.94285714285714285714
df_90plus_underdog,0x27677e109fe6971564cca9dd2200c79cbcee40228cd724dabf8a1d343314e93f,1,-0.38651700000000000000
df_90plus_favorite,0x276aa72d0a06ccf6ca6c80649c518d55d56643c86ca438f378aa96dfe241320e,1,0.06995000000000000000
df_90plus_favorite,0x27931c4c452c72d75bc4ae93722cc5361e439f67e6e875a4f2cb5735508fb826,1,0.45500000000000000000
df_90plus_favorite,0x284684a278efc87cb49ee1582e2e81a1d03fe428b3f648791102ad456079ed00,1,0.26416666666666666667
df_90plus_favorite,0x28c19c840bd010dc279a8f14a417a9389c18801b271b407d7634425e8305de0b,1,0.23500000000000000000
df_90plus_favorite,0x297b559f9c2eedad3621596d6dae99345bef65d28e72922814a527a15f46471f,1,-0.63328333333333333333
df_90plus_underdog,0x29c3b7931701f2f7d0297b6c93b834333615e3b76253f83f7155ec2f5ad51a43,1,-0.45500000000000000000
df_90plus_favorite,0x2abb2c5d2a65365c4107904c4d7e04b6eef9cfc6875658bf3327c589cfd20589,1,0.07937500000000000000
df_90plus_favorite,0x2afe86f96be81a0d89ed776bedbd52d1c75bc47b49e6f0f791ddd009f52faf23,1,-0.63923076923076923077
df_90plus_favorite,0x2b1f7b75aa1bda0ec4c8ec9657940b9074098be3d56a35967f3677c166e05f9b,1,-0.69500000000000000000
df_90plus_favorite,0x2b8f3a51cd79f5060142b5c79a5abaf24bdb0a2866571a4b2bc35772d6ab5543,1,0.42153862500000000000
df_90plus_favorite,0x2bb35024469bbf634aea7fe29ea3b1f6354ce6a1b1f7635e68a6b9278c1187ff,1,0.50000000000000000000
df_90plus_favorite,0x2bd6c718c8a2df8dda2691ed903ebe5aa9e2c4f15feab10433f6389afb27e19e,1,-0.75331323529411764706
df_90plus_favorite,0x2c15da8a09a2744f979ea99f67f63dba45d1c57c6b3d6d837d3cc08c9452f119,1,0.43283900000000000000
df_90plus_favorite,0x2c1db8df1aa55e92c4bf462b11ace78e0ef682369ca740ed2b6e6c067adb9f8f,1,-0.54500000000000000000
df_90plus_favorite,0x2ca4d5cc4817402b1835d9f31dcd185c1e41e16b9d41a43d9f553b6eb93c9392,1,0.37200000000000000000
df_90plus_favorite,0x2cd5890faa545b54af1ad98acb43bbf63955e85ce39be199700fad51292ed738,1,0.15031500000000000000
df_90plus_underdog,0x2d60f00d01ac92449a67fd52deee5f8e3d760c97d04d9a11e1c4b72ab8afb2c6,1,0.55000000000000000000
df_90plus_favorite,0x2d9bd01aa8536b9a88ea289b569547818ea1e54ee099f7fc113b0273c11e4ad6,1,-0.68333333333333333333
df_90plus_favorite,0x2e958228320fd80d7bd3c2371a74d772ea32bff00f82f9af25770bdf05779639,1,0.18000000000000000000
df_90plus_underdog,0x2eb86eead1897caaaf2ee1e815cd55349038d1d8b8d783b5d2c3c86934d60472,1,-0.47000000000000000000
df_90plus_favorite,0x2f00e48e914ba6606867a6347e90c48cc1fd4da66cc196a191786637f40848e9,1,0.27682048780487804878
df_90plus_favorite,0x2f062369214fc0a95075e880c94a9ea991203740e554009d60b162384a4d6b3c,1,0.07000000000000000000
df_90plus_favorite,0x2f3e8ba123deb05e3aff47ad738429054f345fbb872b9305510706bff3aa8c3e,1,0.43133053333333333333
df_90plus_favorite,0x2f5719d903d6775ac99c6873c7d6a97734f1ba88ef83beb7291a97bd7a33c5aa,1,-0.54666666666666666667
df_90plus_favorite,0x2fcf3968f5feff8c544b1be614f1c7aed22f5051949478bc0b39f9e966cab02a,1,0.10803707692307692308
df_90plus_favorite,0x2ffcfc87c00f1a85fc3a0acc86f16419f8c780fd409db9de5ca434bb623a6a7f,1,0.17000000000000000000
df_90plus_favorite,0x304f6556f954e24fb45a19b5d6ffc225de9dd2dcbb33a566d62d3f4d6dbcb055,1,-0.58642857142857142857
df_90plus_underdog,0x30827072fa2b285c204952c4b217e8f947f711b51142a229e2d85420f2ed06ad,1,-0.48599880000000000000
df_90plus_favorite,0x3107a083adef4e45938a55f966e5bfeb5320a62c5ce67b2af65ce8db1c3dcddc,1,0.06200000000000000000
df_90plus_underdog,0x31217f3c57241ea9562f250c799d6f3d394660cfe0f492ee8e9c87935591d295,1,-0.49000000000000000000
df_90plus_favorite,0x31b424b1c28368de1b23c47089356793739ba9731cf48db29cc7411828326b8b,1,-0.65000000000000000000
df_90plus_underdog,0x31c799bd281ced22395c6ad9131948ef5f789dab77b5c9c545dae595da74ff1b,1,-0.34333333333333333333
df_90plus_favorite,0x32c994423d2edbe4d2ee9ce18c1d2a3e968c168c5cfbf02005e8ad9adebbb83d,1,-0.52500000000000000000
df_90plus_favorite,0x339c300a9cfe452223d315d03c35473063ee904bbf3821741ed2e3ddfc27426d,1,0.12157894736842105263
df_90plus_favorite,0x3560dacbcc4ffb2e95ddedc7d27516e515702216e891b0262fbfe9bfa571b132,1,-0.56000000000000000000
df_90plus_favorite,0x373e87edac24dde1e2bd0ebc35879380ead1bdfb64945dbc5605c410b8c8630d,1,0.49000000000000000000
df_90plus_underdog,0x3777e133fec459b42aac3fdeeed231fc7544442388fe1a266ae0a61bd50cae12,1,0.50666666666666666667
df_90plus_underdog,0x37818f22a6463f94cc16070ab06f3acd4753c74c0182277d21fa0d6367355a60,1,0.56000000000000000000
df_90plus_favorite,0x378f7b5c668014d9f6c42c305ec83902f3c8f6c770b336363aed0076ce6ce1c9,1,0.22876033057851239669
df_90plus_favorite,0x3806398c5984d61b8f06e96e1979fa1402855421e890c80f69b5b8bd91f1a612,1,0.19790950000000000000
df_90plus_favorite,0x3845fd90b9cc4faf89f9b273043824d9958bc5bdc320b23119d10bdf6f940245,1,-0.56000000000000000000
df_90plus_underdog,0x39176a48d8d4004debff0f41647c8e84c83638261e3ad8edd2e6683b6c04aafd,1,0.52666666666666666667
df_90plus_favorite,0x392b0b5b48989e2208978535ce82ed77ceaea60a3e906ffe201c129a6621f2bb,1,0.19653033333333333333
df_90plus_favorite,0x39a5c4035cf680b76949cbc59086cfa27740060914c4b31389c0cc1fc1da0769,1,0.29000000000000000000
df_90plus_favorite,0x3a69abcfdba96ab94af7cc7c7ec0b6c6cbc55b43719f787e9682921042e98aa7,1,0.41500000000000000000
df_90plus_favorite,0x3a6d1fb1c119b5c5d7d66338ceb2c6f98619d09d320ab8c35d69d682c347cbbf,1,0.08500000000000000000
df_90plus_underdog,0x3a7223cd4898a789727d91f81aaf882840eedc3c4dbabcde0c12eebef5c4d1cd,1,0.53500000000000000000
df_90plus_favorite,0x3a73cc62c9877135093819d7d2046c4c648c5f9f35913b372987433910ba17bb,1,0.46828460000000000000
df_90plus_favorite,0x3a9782f2d155676977148299277d90d62d98399f63c0ee3ae273126ff8416895,1,0.06102750000000000000
df_90plus_favorite,0x3abd1b7cf1488504d51a36c1e3f944597dfe6e0545a6fd34ef3d4a3746f90e59,1,0.03666666666666666667
df_90plus_underdog,0x3b1bda4971a1696b0681ccb3c5441e500d1060ea3fa8abef314a1fa8af967cc1,1,0.50096650000000000000
df_90plus_favorite,0x3b4116e917c392ac1d00c0e22fe5a61415eb991517ce52e5ad9065b6886e029e,1,-0.53681150000000000000
df_90plus_underdog,0x3b81fe9c2fd924dcfdbd2c8892cff5384f08a69082917cc1799276e46321a118,1,-0.46666666666666666667
df_90plus_favorite,0x3ceb5b631318be5000758200590efe2b308a581d6787c3e7bc050bfd8f627627,1,-0.64939759036144578313
df_90plus_favorite,0x3d2a07d5824841b8bca746b19ff747093d34308209d402fe1d82387e98fe9cde,1,0.34987060000000000000
df_90plus_favorite,0x3d4d44c9c3d93b11ba2832b7e35f004fcee3daa8a4f32c1e5a7916f17a83a12f,1,0.03353500000000000000
df_90plus_favorite,0x3dac1c6e41591af519fee14c8b7e47022825b19e04e643b115ca407c6a722617,1,0.11500000000000000000
df_90plus_favorite,0x3dd7aeeb38a291ad6f8c809a29d85c13d5d2fd2ab9f273ed726e173e7bc00235,1,-0.57000000000000000000
df_90plus_favorite,0x3e0e84f19abf090dae4490caf1d7f74d5cbaa5d49fa0d64bee52a42b0f71c7e4,1,0.18636363636363636364
df_90plus_favorite,0x3ec0c20d6fce095b8294abc3a0131093a372ec87c4478c441a6d31cc3d2cb332,1,0.09666666666666666667
df_90plus_favorite,0x3f3320b5b0f6bbf783abd0233eaf450b0819d4a79372629cac136e11f27ae504,1,-0.71365875000000000000
df_90plus_favorite,0x3f8cf478db06096de3a4a9b49df2ca2fa70fb0c91458644375d6ea2ecafd4d5c,1,-0.61489100000000000000
df_90plus_favorite,0x3fa5dee1ae2508a05779c08707ed823df3dad95472e6748b1b8808b8add463ed,1,-0.51329966666666666667
df_90plus_favorite,0x3fb3e6600c409415968b8dfd8c78041a9c7c7172b83d9e158f22a5b7a94e278f,1,-0.53782900000000000000
df_90plus_favorite,0x403d31adf2ef9659953cd81fb9a4b816e48dd0bf18f1eaa498248a7acc3cbec6,1,0.18565050000000000000
df_90plus_favorite,0x40508086e35271ab55d2d4a3b34260104c9b6f3875bda4fb41a2819e5c7b6355,1,0.08333333333333333333
df_90plus_underdog,0x405ad8b0b07bc4296631721c78e94677f65e6f2b2ebd1d550b0e25894752fcff,1,-0.47600000000000000000
df_90plus_favorite,0x40fb654883feb0bd2cf37c9f9b11bfeda31739e24896c8353a224999d26cd872,1,0.22582500000000000000
df_90plus_underdog,0x41a72062c2008a62da644c433c5c01ed090d463eef4be17e7e7e860914566afb,1,-0.48514350000000000000
df_90plus_favorite,0x4249bdebbe8ebb94c7497adda101702fec004a0fe2a4c16d1117856ada00f11c,1,-0.51000000000000000000
df_90plus_favorite,0x429d000ad6319aadec153464a262dcc248a11554bbfe747acf83e93ab58ee810,1,0.43000000000000000000
df_90plus_favorite,0x42e4a1202f6e13038b5a6da1024b97e08cacd869b0b059d2a3403f79e645fb77,1,0.26800000000000000000
df_90plus_favorite,0x439e1f155688b947f0014a6f7cd84cd83ab4ee9760a518bfa772694712c4c883,1,0.08500000000000000000
df_90plus_favorite,0x43a71145b80dfa87bdd42b9be44b0ccca9f030d7e7b2f4abdb1d424cd34915fc,1,0.25428571428571428571
df_90plus_favorite,0x43c8473bf1d51cb61764f977d2d0fbfadb01c417dbc039dab3549af8fd122f1c,1,-0.51000000000000000000
df_90plus_favorite,0x4423e0f0815644a2464ef34aa2b0757cb654428103678d43c4e76c22512520e2,1,0.07000000000000000000
df_90plus_underdog,0x44ae8c8f7bb5cccb6bd52009251cb6500726e6e639ef0f1a638b808ad16992a3,1,-0.14314333333333333333
df_90plus_favorite,0x44e25f753ae47dbdf2705d35e0a45db24d3a1b2996b82a1350ade2c7e92c4f93,1,-0.79532254761904761905
df_90plus_favorite,0x4556c5743eddd10c19e64f4d50bfe5abb1877165da419465bc8a56d7d3694ac7,1,0.39000000000000000000
df_90plus_favorite,0x456fd6ea6cdcb8eba05786c5cc66f44ecc8abeab4553bc697240502d5a67c0a6,1,0.20000000000000000000
df_90plus_favorite,0x460bdcf944a67e2d6b7f3c1dae547f09881640ba4cc49f43e32f825600f192ec,1,0.42000000000000000000
df_90plus_favorite,0x465164549c12fb98b30920a8116c125cb3010d736b30342fdb5518a3326f7f64,1,-0.51750000000000000000
df_90plus_favorite,0x4688cc8b1ad178095e5a7d63c05ce90bf7057037fe0ca36420cfd520355c284b,1,0.44000000000000000000
df_90plus_favorite,0x4691465cd4ac73b2fc650d87ba8a4b9cb41dac7d7c74b746b9fefe93803acf9b,1,0.16000000000000000000
df_90plus_favorite,0x46bc8f260e14c4dadf68683693f59bbfd373e6de9d70b8fe9463930184a50a5a,1,-0.53000000000000000000
df_90plus_favorite,0x46f6c75e9f8c7e1fc82f23de712875820c12feda2e9e8033f67fa083f16237b6,1,-0.60000000000000000000
df_90plus_favorite,0x475b9074e64d7a3960f3348290afbe2b74f53f6a64316e02b39373ab278316d1,1,0.30018060000000000000
df_90plus_favorite,0x47aac0d91293182cf11508a8ac911b0384c5b00de91a3b6de90d994df095a6ff,1,0.39500000000000000000
df_90plus_favorite,0x47d5431595a99686af2db245f963ac437b89fd8b9a3c25b6020f88f7d8f5ee12,1,-0.56750000000000000000
df_90plus_underdog,0x47fa26259c940255b5cbc6e4904548fde4bf7813dde3ebe9a55fe4af2921cf2f,1,-0.44375000000000000000
df_90plus_favorite,0x4822d1452ba17d280b2c271db0e58df7866c9b494040649ab6c6ae8bb7363b18,1,0.24375000000000000000
df_90plus_favorite,0x4837fa04e80eca89bbdd033be4f80fe0aeb5eb92ef0187b802befaae6a1c87f6,1,0.41500000000000000000
df_90plus_favorite,0x4882b26f86a381553f8b5742e99c615a2ef95599c64feacba3fb826d18e745aa,1,0.03273600000000000000
df_90plus_favorite,0x48a41e852b3e91fae18b8a40eefdac03f7fa09801ff19b0416e26620fa4a5e7d,1,0.15037100000000000000
df_90plus_favorite,0x48cdf2e083dc0d0596dcc0079727cf45e6e6822178725a7014ae9d601e8dbd2f,1,0.13269086666666666667
df_90plus_favorite,0x48e6e5108d0d878a02c2d79164fa1063792179b97dfe740b43cb6ebb803e0f7c,1,0.08428992857142857143
df_90plus_favorite,0x4917c1901bf8b7cd6c917c1a37b6e7090982d267a0823d02ff5971babb3f723a,1,0.07583333333333333333
df_90plus_favorite,0x491b270b1537fe6971fb09d497808f467fff32d79fc9868e4a9058a9137d1471,1,-0.62000000000000000000
df_90plus_favorite,0x4921226dfa83bdeafb800c8c53a7a068c0c75d52147e2e8408744529b86746b6,1,0.17824600000000000000
df_90plus_favorite,0x4975c8a0b6e9f3a450c5a39f6e40ef61f3f1755c8e36386099a7cdd087bcf3c0,1,0.21568733333333333333
df_90plus_favorite,0x49d7feedcbc9034abe791854ac28c1c488a63d187558f19fb389b381da252f10,1,0.43600000000000000000
df_90plus_favorite,0x49df50bfcc36759292881dc21daa9a2ad803287f33a92246fdd81146119aa991,1,0.49000000000000000000
df_90plus_favorite,0x4a197e4958ec49bec33354628a05c4636c2ae0ab639e4bd32b1654f202ec2d8d,1,-0.52000000000000000000
df_90plus_favorite,0x4a5133f8fdce300a29a7f915e1fa497df643d1f925f7628908367c8410fb3756,1,-0.54000000000000000000
df_90plus_favorite,0x4bb3094254ad9879e387707fd466e4f87f0e97cb85187dae6d0a13b17d637b4c,1,0.33666666666666666667
df_90plus_favorite,0x4c11ec50edb9959c86b8c883165e90e58b2ebaf00a03768c7ed826281fd17dc3,1,0.43123733333333333333
df_90plus_favorite,0x4c848328019296227bc205bb575cde555ed13f6fe5159e3f72636b4afd79dccd,1,0.11588235294117647059
df_90plus_favorite,0x4c88e7dabe1f1f37661d7b92151276f033a29fa520b007c8099df47e1a4729d5,1,0.24630592307692307692
df_90plus_favorite,0x4d24462ca4d1d7724d923ec3db4991df75ac6be542e0942257ebb146e476bbdc,1,-0.70500000000000000000
df_90plus_favorite,0x4d576a70a3de20a106568848a82a3bcae1b6f5d653c6b8697bd5536a2e2dc38c,1,0.09291100000000000000
df_90plus_favorite,0x4d6da45502cba72162462a4bf8d404f0a25be59e73c8622cb3c9f4e32602f369,1,0.49243550000000000000
df_90plus_favorite,0x4dbdf2191c0660d1c9b97ce261b42cdd2ec51555574cf4863d7128083093a6b2,1,0.49500000000000000000
df_90plus_favorite,0x4de7aaa89e889373861aa8788ec129011a42f64a20b6a30aed31c5956a1da87a,1,0.41000000000000000000
df_90plus_underdog,0x4eb495d6def11261946066ed559a196697a0d7f83377b0ccb527c9c402a30a5e,1,-0.34000000000000000000
df_90plus_favorite,0x4f986f21e1cfd311fcb4a570fa4b7fdbf5c4a8b381ea1c03bc233125dc1a0baa,1,0.09000000000000000000
df_90plus_favorite,0x4fc53c04db29af550c2f1c9168c89b857734127abcf2ef9d52fb9044474aab02,1,-0.50500000000000000000
df_90plus_favorite,0x503cc08c1fcff5bcca91d07c143e87b3bddd68566445851e93db965e6a1a122d,1,-0.57333333333333333333
df_90plus_favorite,0x504124a9b21894731d718718f1a570b052b4a464782b5391aea84f18c6e35c38,1,-0.55000000000000000000
df_90plus_favorite,0x50b6deadae2107626418d5d3b6be15da9a47c09d575c7ff3cac60662b55f1c2d,1,0.42000000000000000000
df_90plus_underdog,0x51166276fa646ca50165f7d030c297138ed1d62dc41f6ffde21e962c44182074,1,0.67875000000000000000
df_90plus_favorite,0x5138e24ab6bd78f9f35646a4da1e5c0debe130f0020502ef8ab7cdb1010fafa2,1,0.09532157142857142857
df_90plus_favorite,0x51840d39c1c81a941600dfa4131680411b0c53ff731e7314f1a307c0663f9a4d,1,-0.50000000000000000000
df_90plus_favorite,0x51930becb77692cc4b5e51a87be262a13e922774e3de1dde84529fd89b338327,1,-0.73000000000000000000
df_90plus_favorite,0x51c3558bf7c9a716b72af5070b574ad1de5c266eabec34af69d2cbf3283403fe,1,0.28324300000000000000
df_90plus_underdog,0x5221bdfe3db679762c38e7261a7bd75d3909ab4c88279c3fe5b69c2b61ef439b,1,-0.47200000000000000000
df_90plus_favorite,0x5256dfc89708ca138d1dc892c81991f2798694e077d86843707aeb2b615b1e15,1,0.10466666666666666667
df_90plus_favorite,0x528663818f8f40350e20d63acd3dbae9955ddbdd03860019a752c699aa6e5f31,1,0.14200000000000000000
df_90plus_favorite,0x52b6109a748d81c35c23158684a4157981c636e57e5fdf9512223912d02bcb2d,1,-0.64500000000000000000
df_90plus_favorite,0x530bd255cc1314b3c3076286f25762ce95bb902729309e23bd331aa74e8e005a,1,-0.53000000000000000000
df_90plus_favorite,0x53488dada2f70267524c9cbd7b7ccfda9db11a47e109d896c4954e29faf632a3,1,0.40083900000000000000
df_90plus_favorite,0x535e6907693cf90eb50e61c6935366e3b29933337c952e0e937cf944307747bb,1,-0.67615300000000000000
df_90plus_favorite,0x5389df46fbc0366e12650d7e9cfc50eab40641484aa4ae024e22585bbdba41cc,1,-0.56500000000000000000
df_90plus_favorite,0x53ae1c439bcbccbf961acf365131b06d9e0a55e1a3d3768192a8a5b0a89f3ea0,1,0.11666666666666666667
df_90plus_favorite,0x53c08c3119b9fe4ba6d6d19b70c5c53509fe85ae197fdf92208089c1503d84e0,1,-0.56600000000000000000
df_90plus_favorite,0x53c3b338da6d1a21df12163c76592c36f37638c2d2a70ca4543038048a7c7056,1,-0.53965900000000000000
df_90plus_favorite,0x543bf402f239c69ceabc002c8b212f13350d030cdd9f62dd7e90e3b98c7a3747,1,0.48333333333333333333
df_90plus_favorite,0x544ad971fa6e6fe217544a09593d288b14de2fca8818a631b7428889c2430fb0,1,0.44660822222222222222
df_90plus_favorite,0x5488b6f813d86edaaf2f9b490b58cdeb571a3553bdf27710448f62c4493150b8,1,0.28000000000000000000
df_90plus_favorite,0x55aa84891f31cedeaef953dfabbb56214ed9549f2ca3ddfe10d395bc58def557,1,0.08142857142857142857
df_90plus_favorite,0x55be331898a7bbb78cc768f42b78b178d0ad25f103fd6aecd08f5ade2ba5791f,1,-0.54500000000000000000
df_90plus_favorite,0x55c50c630e6447642c0472a6a2176019f75cb2a2e61cefd8e6ce5761e6211ffa,1,0.07000000000000000000
df_90plus_favorite,0x5612d69aa560ba6bdb9244be8dcef735412f3347b1ac0230a5cee260930c7189,1,-0.51585700000000000000
df_90plus_favorite,0x565c985299852acb95a663f0a42f3502ad5e9737d3eb37179790f1dd174718f3,1,0.38149950000000000000
df_90plus_favorite,0x567d0ef4dbfb776edca3c6affbaf4229a3919c8242b0643fc845eb67d278fc55,1,0.15666666666666666667
df_90plus_favorite,0x56a745b1fe61dd05263b1344951ede37bb9b9107163cda6cb531a9b3fcba6c2a,1,0.24000000000000000000
df_90plus_favorite,0x56f4b50a93d5caab9d99b43f36058a72f210fec6689b8b3d27d0a7da82002d0c,1,0.46500000000000000000
df_90plus_favorite,0x5726547a57349a12b1abdbe093815f07ffb5dcd74e76534be11872ebeaa87911,1,0.05000000000000000000
df_90plus_favorite,0x573b94d1df2175e37b4c392f3f2543dda70ae651407115c66ba97f7a8bf6d7d9,1,0.10500000000000000000
df_90plus_underdog,0x57511dbf6549dd2d40298bf903ffba7bb341be65616db68585a3d97a10373964,1,-0.49999833333333333333
df_90plus_favorite,0x579d6c9d6ee37144e5b3ecb466973b6279b4e7b4d59f03f67def0aad32cdadc2,1,-0.51000000000000000000
df_90plus_underdog,0x57b870ef0a2d042fd9cd5d8a50cbaf692d858cbf95fa50b2ab09a8dffc2dab10,1,0.52000000000000000000
df_90plus_favorite,0x57dac5b6332f3d53233950105e7768575e511d90338f3f7be5ce993f424675a7,1,0.23750000000000000000
df_90plus_favorite,0x58fb28277f01ff73ccf08a758225ed51a00267d06e6369701cfbb931f527bf92,1,-0.57666666666666666667
df_90plus_underdog,0x5a5f26f47075e7bc8eb13328ab90f46c1c072b2baf35351c2c2b5ea93ddd284c,1,-0.48907550000000000000
df_90plus_favorite,0x5a65916bffaf64914bdbfededab08b150d85648b53d1f6d03582cce3bd07b9c2,1,-0.53189150000000000000
df_90plus_underdog,0x5a7641db4f569b4dea6b7356888f7027fdf46bae943204d20fd1060068edf09e,1,-0.49890700000000000000
df_90plus_favorite,0x5ac27bf2e8040b7e4f0131c69e7498ed5391e1f1d5c25b6109befa5edf1a49f3,1,-0.54500000000000000000
df_90plus_favorite,0x5b05c1a2abd0430f0521a43a6ba2d9a69df5aa39e3d42cad6d088c29180815af,1,0.22902600000000000000
df_90plus_favorite,0x5b1a6d5798116e4c13a922e839ae91e56d6fc8ac3d383d6f2b84399e4cd59354,1,0.20791766666666666667
df_90plus_favorite,0x5b379f83a7f2c6b0daee16c5ba4a3eaef3d03303a8604e060fe2e28fdecc5b6f,1,0.25000000000000000000
df_90plus_favorite,0x5b42e47063c17ba7b2250c8509c817ca86e419616beb7c49ce7c7208ac2dc46f,1,0.47500000000000000000
df_90plus_favorite,0x5b5a48a3cd45926dba02e25e5c582be25f89739c94adeee6a91a49d610d023e3,1,0.12500000000000000000
df_90plus_favorite,0x5becd484cc612594dd3f2a5138d9c191f9089dbc7dc3bd7dbbfb9d2184ed194c,1,0.27005266666666666667
df_90plus_favorite,0x5c6647d179413fbb40f6a11afedfe4adfefcbafeecb640921c5fde93c02fe951,1,-0.93000000000000000000
df_90plus_favorite,0x5c79f8c2635dda4d5febf466d41440193188064333d8fdd3063cbf086c5634c6,1,0.03523850000000000000
df_90plus_favorite,0x5c89fbcd00a1788ef694e9fe8f179461289aea0578b8d08e4206998af2fed235,1,0.04000000000000000000
df_90plus_underdog,0x5e21a24a093f1f6f4e48ff7f338f6451b25468d390c98a17784aa635cf503173,1,-0.49000000000000000000
df_90plus_favorite,0x5e85a440e5c1c2b7b59b8b2f6fed028c6e324d805ad04ad9c9deb30b4630e945,1,0.19166666666666666667
df_90plus_favorite,0x5f4340be34f9f45e76f28390111c349b343b6072a0953101fb78ec98e1ad3e90,1,0.05481860000000000000
df_90plus_favorite,0x5f6d29fad8884a17b9b911b78c0623b76487f8a3afaf987972875fdbdbc20a87,1,0.28844050000000000000
df_90plus_favorite,0x5fac5a47f11802e8a7b82d76e05461bd4551fe199041fb45c5e6228c56532d4a,1,0.15833333333333333333
df_90plus_underdog,0x5fd3de37fb55c6eaa180f343529549296b69b82b58f095aa9794a47fa078f5a8,1,0.57576593333333333333
df_90plus_favorite,0x60287a2ab4ed375af8c583abc1f935e36f2ec8a517eeb550b522681743f66564,1,0.11570700000000000000
df_90plus_favorite,0x60e76572f233123de8614e3fbedf2c5ace86deb5723ff91f436b6bf4ed2e3023,1,0.46521200000000000000
df_90plus_favorite,0x60effd8fc15aa831113ace31915530640606eefb05c2040e77ef54a0c467e845,1,0.31386033333333333333
df_90plus_favorite,0x60feb252716c9ceaaed415182fd235ef9e9fd8e8361bf2076366c5f66baa04cf,1,-0.79000000000000000000
df_90plus_favorite,0x610fd1924156eb0e782d435f804ce7d3e8fd51dc65f9897cace963513358eb3d,1,0.04000000000000000000
df_90plus_favorite,0x6110a256f214e84f8a904dd2a12a4b9bced3011d0ee5ebb83c765b1bd6f56827,1,0.48333333333333333333
df_90plus_favorite,0x614c0fdc1fc1a14df170bec4ab0eabdcdc870aaae1da9979c056714b96db4441,1,-0.75875000000000000000
df_90plus_favorite,0x6172da3db76c83578796d09bbbca323e2c0d2208b0b09c31c135811779a2188a,1,0.23666666666666666667
df_90plus_underdog,0x617bd276ccbc092f366d59dc997a4c67f13f809e7592498f15244933b56d9dcd,1,-0.40041285714285714286
df_90plus_favorite,0x61b80a4a7a325eba229ccfa35aaef9cf5879a4ad38bee2fef49a0359d823d9ca,1,0.14818181818181818182
df_90plus_favorite,0x61d09702aa0f333bc9d78f896e7a742bb6def0314acda8f58c7f1ca6504a01d9,1,-0.53000000000000000000
df_90plus_favorite,0x61e51090cebc3a0c3f050afebcacbd0d14e0b0557acd007ae36339cd18c80463,1,-0.96600000000000000000
df_90plus_favorite,0x61fc3b479c8f00a79da7ab93c45f3ef9d5d7bec59c6692548e928704541a15b5,1,0.29500000000000000000
df_90plus_favorite,0x6257ac3bdd0b512bd6470c21d5dc99ed12ef42b5fd9ad6078fad24d351ebda5c,1,0.21512370000000000000
df_90plus_favorite,0x62593e7f01f0bfa80fca7689b20e367d48bc8c292e2d0f0a883c18eb6ddc2ebb,1,0.24000000000000000000
df_90plus_favorite,0x63078a36afec06cec9c4a9b8dda707abc8270cdeb3d22c0d1f0181eebb7e78a3,1,0.25500000000000000000
df_90plus_underdog,0x630aca6e981f0d4be249ff27cadfb067bb3a9d3d160a2b0e6287a810a91da8a9,1,-0.48500000000000000000
df_90plus_underdog,0x63340c0f15053d8667348706a3f593074f8a5db236a46a8b495efd0818e36ee4,1,-0.44500000000000000000
df_90plus_favorite,0x637358e96ad336fb3943b556b525f1b6cb5b1545fbcce3e61553737d5e8216a1,1,0.08682600000000000000
df_90plus_favorite,0x6396b86626db7c19b2e245ab0027406afa7ef331b7c896bc2da1f7d8b09e9736,1,0.47500000000000000000
df_90plus_favorite,0x649bd3dc845f647aa8c9a739ad8de245b853224961afd01127de0071c13f84b3,1,0.20785714285714285714
df_90plus_favorite,0x6512196f058444f422d4f8ed9a00ba1b48f70ed879fb2fbaac2d36e8f42e9d6b,1,-0.87833250000000000000
df_90plus_favorite,0x653930b7fc6f8f670a769980f4d58001165e44c9e168557d3ec6b124b4bb6b85,1,0.06500000000000000000
df_90plus_favorite,0x65f94d5762d4b366f93a0c7e2579318184e8c46369f7fdd14ab23ba6825f45c9,1,0.21500000000000000000
df_90plus_favorite,0x667913c790faa2d47cf3bafb54a5c7f85f5c2bc5fae9ed04e93c4ec1e1b4f352,1,-0.65725650000000000000
df_90plus_underdog,0x66af3906643acee485f9b2976ee13a4be9fb648ee84249f5ebd7165ece3b8a5c,1,-0.49000000000000000000
df_90plus_favorite,0x66b7ad48448f8846395b8df8edb5f20f99bed8e79928b1b9d2cf3a19d70dbdf8,1,0.05333333333333333333
df_90plus_favorite,0x66f677ca220360d883192d65e447e398166d4c1340e54792722894ba0db904c0,1,0.05000000000000000000
df_90plus_favorite,0x67c06a12a9dfab9a39c38cc521dbc10e1d0b2d6591bcfec6cc6fc0d10f60763d,1,-0.71000000000000000000
df_90plus_favorite,0x680bbc0bc07336931cf06a646df4ca8a60b1ba423e2c58dde480dd13423fabdf,1,0.14000000000000000000
df_90plus_favorite,0x6851a479045c4799f6158f316371f5dcb66e9d28bdb0bfdc980d26a0065b736d,1,0.41724150000000000000
df_90plus_underdog,0x68b265984a40a85c0aeac5ceb3112bce9ea9c16f4b73660b0b4e1a2128c161c5,1,0.58010750000000000000
df_90plus_underdog,0x69223e038e1f291fd11c067fc4fe3407739a6825013b427e56242a62cf324f4d,1,0.62500000000000000000
df_90plus_favorite,0x69c05ef6b35cdc8a77097fe72e26b3cde670679adc75beaf1c0f1d7af67cf12c,1,-0.69000000000000000000
df_90plus_favorite,0x6a6255f95ea0e78d9e8d016908e386989e3e92ef5127b56c7234bd5eafbb3dc5,1,0.30583333333333333333
df_90plus_favorite,0x6ae54b57f576915b00f24e95c48c5f49fa7a40247caed58746654e7bfce4613a,1,0.49600000000000000000
df_90plus_underdog,0x6b049bc3befa02c22d0cfaee77625fc94e9a6d571f00c015ba7a3b442e306fbc,1,0.83000000000000000000
df_90plus_favorite,0x6b864f35765706986a861d22fcc207872062186ddcb5fbc20275e991b20ff6ab,1,-0.81900000000000000000
df_90plus_underdog,0x6b9216836a42edd951be87b3a7e11532058687d97e84c75773dd442af1a51cf6,1,-0.46000000000000000000
df_90plus_favorite,0x6c30da876bfc4333cc74ae3940e034a3ef789e58f237b93b9cf1bb4794432541,1,0.05658600000000000000
df_90plus_favorite,0x6c3aace15263739d947b78346d01c6a12be496b70df1d2621161cce59b986c67,1,0.11396566666666666667
df_90plus_favorite,0x6c3c1eb9055cf4ff809b8d4f26a8ef56e11e17c184da687353927de474615746,1,0.07000000000000000000
df_90plus_underdog,0x6c43b8f1b2588dd71ddbc3109747eff02061c4471b8c5a45a205eddd4311393a,1,-0.47500000000000000000
df_90plus_favorite,0x6c5896252964bbc669677eae6becc35d2afd469801237cb77e4b9357f28e71ad,1,-0.51098100000000000000
df_90plus_favorite,0x6c5de82b3802a5bd7709f4aaa6041ade0f8eb41042eca21a368c5e23768e27ed,1,0.17000000000000000000
df_90plus_favorite,0x6e6d8d463471091d8a5ddc5c54b24aa4d2b9772edd0fd4673f79e32ec7a0cde4,1,0.07500000000000000000
df_90plus_favorite,0x6fcd127dbe2c45255d6b201b1b250c69dbf940de0fe80b4e40e23822c963443d,1,0.13727272727272727273
df_90plus_favorite,0x7005e0f5be980acd865871978b02498d739fbb89ddb2f0a66838982a0a22379d,1,0.10000000000000000000
df_90plus_favorite,0x703ac6a57d3ce5186986b3fd2f770a3798a8238449c7a4414e7950f354519fbe,1,0.03534450000000000000
df_90plus_underdog,0x7064b4bf253860b051624b34e4b58db0a05e63b08248c7f337407ea1ddcf58ae,1,0.56333333333333333333
df_90plus_underdog,0x7077f3c10a622e5993a68ead8020db179185979df7b58b143f6e70cb9b791537,1,-0.49777777777777777778
df_90plus_favorite,0x70de9477cf371879e4f7792efa3ca1b651978051da5b595eaf28c799043fe6c1,1,-0.66000000000000000000
df_90plus_favorite,0x715c1e51ec62ed31210e5409cc2c57eafbbf9126fd6b94457a882617d69b675f,1,0.06500000000000000000
df_90plus_favorite,0x71cf19220d20cbad74d50c08f51995fc8aa7f93455878bffbbec739d1d63cee6,1,0.39502133333333333333
df_90plus_favorite,0x71e1fd51618a9c298e578d2a60d571a74ca5bd9056d483f0569f9e4ef7e22db1,1,0.14000000000000000000
df_90plus_favorite,0x72623f2d6f9658617d7df011e52ff8def77a62d90e7c411bc2204cdeb41d7705,1,0.42000000000000000000
df_90plus_favorite,0x728a0ab43935f4ed75bf0886e826e93b5b8c4a491657534a31f33991c0b62a59,1,0.04781360000000000000
df_90plus_favorite,0x72c1f535498017d725976369659994f1d6a79b805523c56d88d3d2eb177dda95,1,0.15500000000000000000
df_90plus_underdog,0x72c8eba84d41cc7baf84204dc69a7ea3be45021e96b7a6a1195c437cfa41e142,1,-0.49500000000000000000
df_90plus_favorite,0x7324ddd79f1525ecc5c758781329b3cfb7cc30e00061de6a9a89e81bd3a93ccf,1,0.30407200000000000000
df_90plus_favorite,0x73a0cb13e0634bd434ad09e20c1fef7326278d1bd9dba8a540bf0d7114e8b91d,1,-0.61600000000000000000
df_90plus_favorite,0x73b3d2eee243a7f5438e12b72e2f33da013b0f3963302ee62bbc9198df121515,1,0.11944444444444444444
df_90plus_favorite,0x743dd58b90eedc8cda136a843f5bfcc3b46c5142333dcdc7e0d4b00d3ab21e89,1,-0.63000000000000000000
df_90plus_underdog,0x7459ceb3931cb0b88cfc3bdeb0f2d11a0fb82b879b1c701a5ef195cb628eec56,1,-0.43537100000000000000
df_90plus_favorite,0x74a8c4daafb40392c2eae20e2fa42a2c0b58e43b3ac475d69011b57db78a37ad,1,0.40000000000000000000
df_90plus_favorite,0x76daa37c1941c4bd4c5906e3471f879f662bf5da5f40a29ee0bb33322b9a2dcc,1,-0.56666666666666666667
df_90plus_favorite,0x76ddb1214cec71e2c162aa9823405bd778d4d62f6e493e3f532c09da3c3bac0a,1,0.44500000000000000000
df_90plus_favorite,0x7724fa4cb641a4cbfe3a518eafcab942f7d5db9f820de607a7d2e7ee13eac2ac,1,0.31000000000000000000
df_90plus_underdog,0x779638e78cb31dcca8940a97431e8ae5af37436b3c3cee0a722fb3c833b0c5a3,1,-0.49500000000000000000
df_90plus_favorite,0x77b3df499be4b5cc27c6bbe022760926b10f4515e62682bb346ea3b9b05587e8,1,-0.62500000000000000000
df_90plus_underdog,0x77cc5880f49f1541e230506330a7410266916b2c461f4808f44d5b8d962c84e1,1,-0.48234675000000000000
df_90plus_favorite,0x7815af57ea657fd0442932a788988b7f6c219a46903e4bce678981b801daf8a4,1,0.10500000000000000000
df_90plus_favorite,0x7818d9d6b2c434969839f6fd3b8808d673c84d9efedd2b09b2e4d1c3fea3973e,1,0.35334600000000000000
df_90plus_favorite,0x788854b73c372dfb5cad306a8ef0cfb027023946531f0c2d9b23b2de4a560687,1,0.27500000000000000000
df_90plus_favorite,0x78aeffff83031b4880183033b44fc7d554c20425f61a54d8e5f5778d9deb5338,1,0.10000000000000000000
df_90plus_favorite,0x78bdd0292451fd2041616eb96114f931c661f262a51c3c1306913b7d33ca6e1f,1,0.39000000000000000000
df_90plus_underdog,0x7a165a01426747174f2ab1daacdf1d2e143a82e8cbab08fc26cc9b60af19d5a2,1,-0.44000000000000000000
df_90plus_favorite,0x7a57248cb65eb38d83bbace034f756504c93053577792001b09ce4de4ceee6ac,1,0.13500000000000000000
df_90plus_favorite,0x7a582647d279d70223a8cfce98451ef6ecbe2e574f24b7dda17be7f65b387c20,1,0.15109934146341463415
df_90plus_favorite,0x7b043e790b732a274893af20a3d8b3515a1862a7cbcd12cfc0e63aa55d031205,1,-0.90412585714285714286
df_90plus_favorite,0x7b456d32d21f1b6f035e466a1f4af0ea09861b4f648d52afcaccf100f957988d,1,0.36003300000000000000
df_90plus_favorite,0x7b6b58d6916bbd3d5b59c769a80d2a1e9fafe09d52d3821618cab1c5e9a96789,1,0.35000000000000000000
df_90plus_favorite,0x7b830121eb0c58c5f4161ecd626af187d199ba1ed7a705a696ebf93e84a1423f,1,-0.51197368421052631579
df_90plus_favorite,0x7bc2b2373ea7b98442eb76db74e6d4336591ec5206f10e8bd1acd1d7d3c759e4,1,0.03354050000000000000
df_90plus_underdog,0x7c6cd7a3bc858e069d886098c7909b2c733a7f8f586f72a012eb56f7a6686fcb,1,0.56166666666666666667
df_90plus_underdog,0x7c83e1f889ddaf02b9e41091d1902f20a5f1f93cac9e04ad8f8451a889278aa3,1,-0.42000000000000000000
df_90plus_favorite,0x7d73962569ca46ead8c516eebc1c5fbf201aa048319d0b70cfa51a82f7a37849,1,0.30500000000000000000
df_90plus_favorite,0x7d8526b35a02aaad53aa897523a736f8921c97a96fa90e541f8098db7cca2ea3,1,-0.53000000000000000000
df_90plus_favorite,0x7f05f24b33ad6ff5559a32c346e1e38029fa3b79dd8508aaf2be8f26bf4cf7f7,1,-0.75071300000000000000
df_90plus_favorite,0x7fef847f33db2ddfc92b90bf494f36917b7af3e583d2185a9ddca561a146b4e1,1,0.33000000000000000000
df_90plus_favorite,0x7ff3ed46b924fc4516f3dd1e918df843c45163e8a064ac023b2c2163f3d16123,1,0.24508900000000000000
df_90plus_underdog,0x801a0f8f4c1efb838604ea856489b3245c1b425a7f558b8fe6a375122a7a9049,1,-0.47833400000000000000
df_90plus_favorite,0x80a3bce767b871e3e9fc7d088f671cf8977818231c22bebecb82da08c5da045d,1,-0.56250000000000000000
df_90plus_favorite,0x810819e78c2fc0eefbf356e9dcf264903746a76fde18f83cc34f079a6024b7fa,1,-0.55499800000000000000
df_90plus_underdog,0x81bcb06611bc29d8fa5987ac0e606fb6103190db7d411cbbd449e8cb95d72748,1,-0.46000000000000000000
df_90plus_favorite,0x821b530445694142d4b28874d58ffe841cad17a1106b7c0cff715bd7a165d7df,1,0.40663241666666666667
df_90plus_favorite,0x823b02713ae3ebece7b6570713ef1e4960b7acb442a497f0c39f8b5b48e40913,1,-0.59000000000000000000
df_90plus_favorite,0x82432810ecd0ab27644c38e90fcf406fa06798b286d889bf27406b6a22648520,1,0.24333333333333333333
df_90plus_favorite,0x826887e3ac134321e8137d47870b4efa84d0263b0864f21feb227c8e024d759e,1,-0.88333333333333333333
df_90plus_favorite,0x828925a141e34474877403fcbd246d57114f7a256b8c01531eb3a4bcd594456a,1,0.14000000000000000000
df_90plus_favorite,0x82ab6bbfc4d984edd4234f0527b91e75ec6bc8f640a93a803b7d55205064712b,1,0.26666666666666666667
df_90plus_favorite,0x83175ebfdbce08270cc11b4f741f364f158ba707af2d1d46ed44657f0e60befd,1,-0.65500000000000000000
df_90plus_underdog,0x837b796bb05855b5c76229f0e1ad786d8228ec8baed86f9bf8757bc5b4e5bba0,1,0.50500000000000000000
df_90plus_favorite,0x8410172244cf57dda82cd2c53eb490b4e10ab351962df0aa21a5e4804e99e29b,1,0.17000000000000000000
df_90plus_favorite,0x84136fa9f75b5a971591564046af0ffd0f741ac1d89e6988be487b61282f6ca6,1,0.04000000000000000000
df_90plus_favorite,0x84ceac327b0b2a76ced4315420c9f1ad695512b456c6ee565f134fc82384ffc3,1,0.32285366666666666667
df_90plus_favorite,0x84da455c07eecc23e4ddc5af482b492c6be7964f14dae35c7975a88d90be8c87,1,-0.68356177777777777778
df_90plus_favorite,0x850552f50936ab5538988b385803dbe3f8ed3d266b836fc588e618f2df40189d,1,0.24500000000000000000
df_90plus_favorite,0x855e2bb5efff1550592bb499915ddc6691700449d8c5273e897c8e314e1c72cc,1,0.19333333333333333333
df_90plus_favorite,0x8586f76f1f694c182c7e794570d70c1a470b9b9c7a606b3506af53cfc2d59ee8,1,-0.54500000000000000000
df_90plus_favorite,0x85959f9f1d190d2ca5545ed29ce442ea6a32895ac74f5bd4a72357a77b6bf4d4,1,0.06000000000000000000
df_90plus_favorite,0x85a4b7ed34ee0b08a0a6dba1bde7f0c33570f5d3854ef8aadef39892e7f23cd1,1,0.33200000000000000000
df_90plus_favorite,0x86160e86690150e60f37bb1fdd7e3b5902b4927b87c4d9c321ed8043d9afcd7c,1,0.13000000000000000000
df_90plus_favorite,0x86360e1e0c007fee1607ea239b16952ab6f12d9fd6a25229cdd7e3be400e2c90,1,0.23142857142857142857
df_90plus_underdog,0x864c6fe35c3a04de6a1743c9acd0b233beaab05a69de32ef4f1b9a5223ccd818,1,0.53000000000000000000
df_90plus_favorite,0x87030106adba59ce8ef007955073623da31f15fdf4655b96cf033fb9e57df694,1,0.26600000000000000000
df_90plus_favorite,0x8726b035e9be6ee8a2820f187fcd1a0020d1b2073dae4e3976aed1e598b1f48c,1,0.20666666666666666667
df_90plus_favorite,0x87348688ee0df7a6842ed6c0c4503836922e16db1741600ec540ae6e7f206bdc,1,0.41107438095238095238
df_90plus_favorite,0x881a8f56f7fd207f0df92688beb7f83890daa1b56a0065f5a9137ea5bc7d09bb,1,0.31444200000000000000
df_90plus_favorite,0x882f0d33b6fff38f764d031355b1cdb4068683dc4e4a26cd91274fee77dd7065,1,-0.61500000000000000000
df_90plus_underdog,0x886ab0341311c663a71823d2170aa848bd8a10f77c32b65daacb8a7edb1e97af,1,-0.41000000000000000000
df_90plus_favorite,0x887c641092cf6d1b51f0a482b215f665e6e3e715617efcda23fcbfbcfcd0b766,1,-0.56000000000000000000
df_90plus_favorite,0x887f26cf6ab07f7aebdf203280c1f1cddbe1cd494f420316b94a2647238f48d1,1,0.04692307692307692308
df_90plus_favorite,0x88af4761575573a2160112379f717b7d2c2dd561a4cd1a0d694f3d6fe396bcb9,1,-0.60500000000000000000
df_90plus_favorite,0x88e08e08821f020a5b1db64dfeca60cf8b09168e6bead377cfa6aa8018b401c5,1,-0.84000000000000000000
df_90plus_favorite,0x8938048ba1a211e9c7abe052dc86f59e6fdcc1ddcb004cf11df28a303813df9d,1,-0.52000000000000000000
df_90plus_underdog,0x89ae4bd727cfb265d512f605df0827d6f1d9dc263e2ea669e93063365977ef67,1,-0.43000000000000000000
df_90plus_favorite,0x89bcb9962bde4aa6bb95486aa06ee82f8144fb802d36c9e705e6fa007ff2a787,1,0.07000000000000000000
df_90plus_favorite,0x89d881bef3494d021e687cb1d21afdf34b935ae320be8656fa779bc11ec43cc4,1,-0.56000000000000000000
df_90plus_favorite,0x89f3660355b18cdd0684d129970fbcafbe253427af12a76cd806bc684f240f6a,1,0.17833333333333333333
df_90plus_favorite,0x8a17e1a9a29061744eba8f5c330a766bd97117e1e740731e4de4bf4559d58a96,1,-0.66333333333333333333
df_90plus_favorite,0x8b10bf2ecb04c704ef0ade790087c530a85254d9fbdb70012310c828129cbd96,1,0.15464960000000000000
df_90plus_underdog,0x8b5120790c8f89cfd7a6666fb413990f9ef740d2b0826b2690dbc5fd6788f5c4,1,-0.46000000000000000000
df_90plus_favorite,0x8c65738021aa8195009b33a4e375f83e4cb49eafd0c75ba7b44d08510036b9ae,1,-0.78125000000000000000
df_90plus_favorite,0x8c6d26f9f43b2afd5760fae140eecac91f2c1ad9f74ca152b6196000bbe031c6,1,0.06250000000000000000
df_90plus_favorite,0x8c700112c536c54f2630f7ef6c2af7fda72c122fc7d26aa446f9d5f3ac156b10,1,-0.69225900000000000000
df_90plus_favorite,0x8ca4a2f4577b40af153f7a744a985a09854504c6717ecde8b85856b5015a392e,1,-0.72465650000000000000
df_90plus_favorite,0x8ca66a3012273cbadf1339f2b3c53cbeaf977d61a2f3f97495fd056afc0691f8,1,0.16611982608695652174
df_90plus_favorite,0x8cd985e7c4e627fe98d14531586c26f992f96475963e72a294b1e06de1429058,1,0.20142857142857142857
df_90plus_underdog,0x8cf9e4310640adb5fc2e6d89042314d054639ad00e9d2b680195c8b753d744bd,1,0.58500000000000000000
df_90plus_favorite,0x8d3e340f1c59efd56416643ea52c63980f9197d314c482f28a42dd9bb4a55443,1,0.29293550000000000000
df_90plus_favorite,0x8d65471084efc1270308b40d0bc1f83ca3789ef264daba5dc7c024ee394c6773,1,-0.71000000000000000000
df_90plus_favorite,0x8ed465b028b57f81c9b43c9b2052f3f375642f932a5a38b4bd54fe89a0c707ea,1,0.31361866666666666667
df_90plus_favorite,0x8f172fca6b16f787f6a859ef9bc918dcf80eee45cb55baf434e67f7588d77bdf,1,0.17000000000000000000
df_90plus_underdog,0x8f9acc102ec78d37dae2756f513f9ab9cca7518aaa1e6d283cec333d6812a363,1,-0.36736960000000000000
df_90plus_favorite,0x8ff5375fe98397d47a32ef5deb2f7eb1e7af1f8390e97bb95a4d2d0651495303,1,-0.65666666666666666667
df_90plus_favorite,0x9023eedb2645ee65bccb6aa93753b26b837e98ac64f065e1acdac188aff54b2b,1,-0.77600000000000000000
df_90plus_favorite,0x90387faad9abf6d8d1c8e38aeabf8bb0d9f0d604775487d98fc66f7cb3b40a00,1,0.07497100000000000000
df_90plus_underdog,0x905548eef567e68dd533b7304a79c681518603049f2d358a37f42fe66971f513,1,-0.38397660000000000000
df_90plus_favorite,0x9071667acecf09df549a77327ee534ef8f1125acdeb79a5d7385a7c98f05be1a,1,0.15675200000000000000
df_90plus_underdog,0x91d4c6b34271cbb1eaf1e9b40c55f11410c6a8611122506b4c30e83b7ca1996d,1,0.57367033333333333333
df_90plus_favorite,0x924bc8071a68295bc16c28a987932d96fcb04ca8c79fe072b8efc820cbd281ba,1,0.09500000000000000000
df_90plus_underdog,0x92777779b1ed60e0e1d2b5f834a710788856e2960391ddc123aba4d84b4a0c5f,1,0.54346466666666666667
df_90plus_favorite,0x92bfb95fc52fa725ae2bca303d75f3e5f9e2d33bafdbe8b5c10918df2f24c70d,1,0.03343200000000000000
df_90plus_favorite,0x92d09b7b7ea0b44a83b703af8c29a28d3069821a241ccd49ddf9617fe15ee8fe,1,0.27000000000000000000
df_90plus_favorite,0x92ff8c48c3a90b96197f8a8ab985408a3511c00b4b827f6c94f2d54bbc423163,1,0.40343100000000000000
df_90plus_favorite,0x9391a87ef28e3b3a2fee1fe79e57afbac0f1e9fa58d9966bd5aa679a0194035a,1,-0.55524580000000000000
df_90plus_favorite,0x93ef6ecab1a8c9c50d084547f1648bec4de13ea1dd795ee95128320d457b73d3,1,0.41500000000000000000
df_90plus_favorite,0x941429e69aba45da9d769432de076ca96aaa284b94cab24cbf832651ed01c50d,1,0.28952850000000000000
df_90plus_favorite,0x942ec9fe68f733c196433b9ba146ff4d6629610c83324c91395e078b8b21e127,1,0.07416666666666666667
df_90plus_favorite,0x94ef7c9052a3d71f05fbd0e0916d45201bb07cf95951bff83bc3187a14f08fd8,1,-0.53995125000000000000
df_90plus_favorite,0x94fa4a58ff0c26c6d015101a131f958642013e60709ecb324e11c570121056af,1,0.48500000000000000000
df_90plus_underdog,0x9512efee246b1d7b1e6299ba9f946cb96483d5399466fc05ac02ff3d7ccf701e,1,0.60657700000000000000
df_90plus_favorite,0x9530048cc1ed8802cc38a04c37ebc87e33a086f1b291d7d11498cef77e38f99b,1,0.31808033333333333333
df_90plus_underdog,0x95549cacb5b40e77e08a8c6d9926dd9c858fbeccdecd699c65b1f809976ad838,1,0.51000000000000000000
df_90plus_favorite,0x95650a5f6ad0f0b8c216e5e7172699c1de6c3be25bcd626f87bdfbcda8f5b1e1,1,-0.53500000000000000000
df_90plus_favorite,0x9581ddc0227054c2d891ffc1bd5b3d0dcc5ab6833f512d9abd416af8e34b6e61,1,-0.58166666666666666667
df_90plus_favorite,0x95a5beea0030946971bd00ca2105a85733c705c2dfb11ae0db2d85e9ad9ecd1f,1,-0.73856233333333333333
df_90plus_favorite,0x962b62543a305b883233862f94d490b7dafd7ad2f845c62b287bd37519782da6,1,0.15500000000000000000
df_90plus_favorite,0x962c33d297cb9720835b5e5579a3d9f8bb0e0c97429d59ee01c70bc073c18d7f,1,0.28900000000000000000
df_90plus_favorite,0x9689c781c9967fde005c3887e111340df1e0870637a616e6dc50d170828ab3cb,1,0.47000000000000000000
df_90plus_favorite,0x96ebdf8f3f121af44fe463aeb9dbae93d2dbca3d354e1d09e0be42616db644d4,1,-0.56000000000000000000
df_90plus_favorite,0x97c1177092b8b0477c24e68aa8d08238baff215ca2771998fa0168baee1f7733,1,0.36500000000000000000
df_90plus_favorite,0x97d575b72f12355f393ac5dfd2258ba24c06fdbe5355451b8d59256dfc3748e6,1,0.27000000000000000000
df_90plus_favorite,0x982941d6030e30ed0f56043622c52d71db557f6ef2774a11a06945248e7076ab,1,0.28666666666666666667
df_90plus_underdog,0x983aafe2560d2e3987a2ecbeb022c364160c03ead3543d607e0aa2313006d2aa,1,-0.40136950000000000000
df_90plus_favorite,0x9840fe7e15ad16c1f918c0b923f6e5eb770c1fa9c2ce2b37d362bfe8d15190f0,1,0.30148585714285714286
df_90plus_favorite,0x98fd71534bfdad2bfc9174802386a0b0bfb9e199d082b8e6f09b35dca2dd4745,1,-0.53666666666666666667
df_90plus_favorite,0x996314a5d1f4f81c0dbe514158b0d5cf5b83dca7837b533c3baf40aba3821eb8,1,0.16714285714285714286
df_90plus_favorite,0x9a07caaff2c446ef13f2ef28c15e788cbf52be21aec37178aa26927952fb32f4,1,0.11260000000000000000
df_90plus_favorite,0x9a08835a475427b9e66d18fdee295225a0244650158c9a634ef2813b19e512c3,1,-0.53000000000000000000
df_90plus_underdog,0x9a24729c1a356df21269518e4014fc5a5c9e72eb89135313db6dfbac61bdd5a5,1,0.53777900000000000000
df_90plus_favorite,0x9a415e9895fbfa3c31935629eb6d3249714fae8810a352949b531554b91dafce,1,0.38500000000000000000
df_90plus_favorite,0x9a745f325b64c78e74bb059dc59e1a8bec03793b78ecd55df99fd11c6d7b2fbe,1,0.29079300000000000000
df_90plus_favorite,0x9af69672ed9980d291f11e2a794ccde49d96296539d805932bf057120548613a,1,0.29000000000000000000
df_90plus_favorite,0x9b16f4464580d00cf9852a00d1407c17c2a07318b520f72970965a1a825511e2,1,0.05400000000000000000
df_90plus_favorite,0x9c44e40a763fdc058dbdf268b8630f32adfb0216b641ac4d4a957ee8a5605179,1,-0.65920000000000000000
df_90plus_underdog,0x9c62c626cfe36f5273fa016e27803a00c75a19a62a044a1941f83c55706bf97b,1,0.59000000000000000000
df_90plus_favorite,0x9c97adce88d841584b807eea09a482085209cf2cf4ca115aca56853c735c9d9e,1,-0.59644200000000000000
df_90plus_favorite,0x9cd209879a2b7d5f6f8873ed2849ed65a1937ae5deb9bdf0e9858cc20586522d,1,0.08500000000000000000
df_90plus_favorite,0x9d0abf7c16f624d2137733806fd7b97f2bd6d2908cf8ec0a4a1d7c9bb58e8b9a,1,0.13816950000000000000
df_90plus_favorite,0x9d0b73b44506a98906d93d52b012834470ca99d7bf64b49a07810b897d81be6f,1,-0.52736250000000000000
df_90plus_favorite,0x9d1a6dcd6912d5d50624749059f23051a5ba48ee04c0b1f83d323e7277abc33f,1,-0.59337500000000000000
df_90plus_underdog,0x9d2fce5a4a99a9b4228d97b446f48a25d4d4baf0daa22c439660219a66c4a6f2,1,-0.11966700000000000000
df_90plus_favorite,0x9d96267f5f0028505640aa54538227c6cbe8bc7a8b519ada32d3a6d5f2a33d27,1,0.30506314285714285714
df_90plus_favorite,0x9e030ad2c9ecc0037a1056f1641d913bddd5c7b26c100267fb8b22a4fb64936e,1,0.05177502040816326531
df_90plus_favorite,0x9e0dfd9c66ed39f64252d5fc95bd041aa09c77f013d14f314b4a95a429e85816,1,0.14500000000000000000
df_90plus_favorite,0x9f0d7a8592ed8426613b0fec075acf1f3bb2d08ce52952884f579e6db8c6811d,1,0.25250000000000000000
df_90plus_favorite,0x9f71becb6b0ac116af538e50f3a592ef08290d2a086383131a2b8b88336418d4,1,0.28500000000000000000
df_90plus_favorite,0x9f89a244b1655169cf6866e6e6f9b1c6df9677ad5e69bb2b498fffaa0dcb0c0e,1,0.46500000000000000000
df_90plus_favorite,0x9fa9e5a60d59f1b61636d6a19bd0d8d0a0fa7cd365d00cf1a38204d5d26760e0,1,-0.52000000000000000000
df_90plus_favorite,0xa01d6e0c1c6a48eaf3d31c999320f59c8aae9190d099e1774d6868d7680cfd51,1,-0.59581100000000000000
df_90plus_favorite,0xa0ba93195484d20776804fa7a99cf6e4e931ae22812e14f8526c4a206cbeb3d1,1,0.42000000000000000000
df_90plus_favorite,0xa0cb2c5087cd6ac76edb0a7d06d536619c4d41bfbdd6fddcd804e23eb8fd8e79,1,0.11000000000000000000
df_90plus_favorite,0xa0ef2dfbe3c5ed385a0df800b72d60fa2c207e51a3d213592e94cbd703229165,1,0.33008000000000000000
df_90plus_favorite,0xa116c6a9338996dbf3d361a4bca75531f4d7c0ed86c15e4cd5a6c2e8010e381d,1,0.27615384615384615385
df_90plus_favorite,0xa16a7269a25f746cd0aa5d85910de766d940d4dea9bf0cdb6423158b24149be1,1,0.38700000000000000000
df_90plus_favorite,0xa1b31bac0ea53770e042bd436afa607b8c5234246c8923feb26f242725ba811a,1,0.26448650000000000000
df_90plus_favorite,0xa1cb668f44322a8975bdd12276b7c43bd7705b47298cc6d869858e62ead1435c,1,-0.55500000000000000000
df_90plus_favorite,0xa243c744cd4e707e11e100848eadd29ed01b75b747c5ee59be0ceeea8791ffee,1,-0.65198458333333333333
df_90plus_favorite,0xa2465d9f8ac9b1edd75278beb731b64b7f3d714148ca7850bd544900dcebb0f1,1,-0.52500000000000000000
df_90plus_underdog,0xa28a6cc029f576cb01d4d5751d79b1f5661259eca7064a93dc7ba32ba7533f0b,1,-0.07996566666666666667
df_90plus_favorite,0xa2ef637747cfa2f0168252a1e364801971fb0660a94c6ab21da6b65fe5993c48,1,0.42112266666666666667
df_90plus_favorite,0xa2f852b978e8ecf641e190501a8c23a1ef38ddc3d441ac244ca31167a172ea39,1,0.11000000000000000000
df_90plus_favorite,0xa322f23996edbe83bd1fb38caa6d08603ce34f8b9aa48ea0c05c2d39e525138a,1,0.37000000000000000000
df_90plus_favorite,0xa364600645068223fb5b0c5059be8c992abc7d4e8ec4c2ccfe52f9cb1930f9a6,1,-0.60750000000000000000
df_90plus_favorite,0xa3c357cad15ec4c3ee05a87635688d990ba6eb8a4dbe6b17bf320e69cab40bbe,1,-0.95378100000000000000
df_90plus_favorite,0xa43b6287d60caf4f330cc2f6884fd5a304c2110b9b847564ebbcaf22e7f66e3a,1,0.19742900000000000000
df_90plus_favorite,0xa45cfdf74f3a85f98392397482ceebb7e85d4e9f7a9d3f00d16eb89e67ebb972,1,-0.57884533333333333333
df_90plus_favorite,0xa4618503f975d4252e4a8393311c87f598738d3af1f6c126318abc76f14a8480,1,0.47620466666666666667
df_90plus_favorite,0xa46926b0bdef66209285cddc3a0fa99e371cccd7459a39693ae7ab76f38d80e7,1,0.16857142857142857143
df_90plus_favorite,0xa4781f5d97b6fe28ca7a69353b89e3401a9483a4c7bfc2f493c6cca138bd9c82,1,0.16583333333333333333
df_90plus_favorite,0xa5501b4dc0c99c382b1c2871ad9141c7f58509a0f962f70a38bb6566ec570049,1,-0.91685241573033707865
df_90plus_favorite,0xa569abcebebc65a1da9ce118d869a62e326631807876b8fd7627fad167817250,1,-0.60000000000000000000
df_90plus_underdog,0xa585409edfa2633de93083c6315d5c855988112f24e3f6dbac3bc91834a9776a,1,0.56400960000000000000
df_90plus_favorite,0xa58f9b7082d119b7ef12a65e22ee72513141b023b07a6ce6b81aac52d8e98133,1,-0.84251100000000000000
df_90plus_underdog,0xa5bffc6d7acf1f539b9af905860ebdbbc7a8e94932c4f90ee42fcfd575a05e31,1,-0.49250000000000000000
df_90plus_underdog,0xa61829cdbca398043eb59cb5db4b1c234ecde18c5920eacbdbe059b9c7afc325,1,-0.37500000000000000000
df_90plus_favorite,0xa6297df05b259aba5711509a43238f4fe469866941dec85324672f54440f69ce,1,0.29277800000000000000
df_90plus_favorite,0xa6cd933c6cc3487b1a8505ecfad35d38428cbc9e3df01cc81fa10219b8724d25,1,-0.89888888888888888889
df_90plus_favorite,0xa6d016ba329b99b89bc4170baa70fa24420a8e09860e39dacddc6471c0641884,1,-0.55000000000000000000
df_90plus_favorite,0xa6e7fb89eea732a895f4a0ecf9c844898777839258fd5749f11b2114a651bc02,1,0.28500000000000000000
df_90plus_favorite,0xa6fd438021ff0503d431b058127c961de1e6be232950ce40c3de8727813b4649,1,0.08000000000000000000
df_90plus_favorite,0xa721375a399119654640479062a7df1e3d36650a90a42d21d429ab64c4a85449,1,-0.56739000000000000000
df_90plus_favorite,0xa73bd5add4d188bfd6b35c9f998acc2b86b213561516709e7eac65dad146d9a9,1,0.12555555555555555556
df_90plus_favorite,0xa76c27f6f1529868acb88204c0f94b5126ac3987c125a8abda028fa0663aeb1f,1,0.37666666666666666667
df_90plus_favorite,0xa782a426fb996d22d85188f307ddb73f7a9e8251ead6e806ca3a79a289d5d48a,1,0.48333333333333333333
df_90plus_underdog,0xa7869235d343ee56afdf6c8aa455d04d5ed7f13c6c91c822655424a4dee48344,1,-0.49000000000000000000
df_90plus_favorite,0xa7a1a0c511b5e5c14b1b0f689c1828459be94888c522c103f3221181730a4031,1,0.10000000000000000000
df_90plus_favorite,0xa87d333443e0e6718a060246618b20d2e5d271acf9cd561d4caa31d7fd6f770a,1,0.46500000000000000000
df_90plus_favorite,0xa8837f816ae1a7ac2be42a679f6599d1b3f3e8bccbc0e3ecf72a3085c68a8ba6,1,0.04000000000000000000
df_90plus_underdog,0xa8ee7f09d0cee1a124a4c7d5aa31ade845712eeb5b9a5f3489fb08d4995cf600,1,0.51501500000000000000
df_90plus_favorite,0xa90ce8b69a218dced329076162df3b79f99596d1dc71d93bd30a64a2c8b6ba3e,1,-0.85185185185185185185
df_90plus_favorite,0xa947b7c696453a288460a8e12aae31b854ca02d0b87970ffc259cec8a9fffcd2,1,0.46022222222222222222
df_90plus_underdog,0xaa1e27321af456cd4258982e4260f4e9010dc1461b5d90b560c8e15041e8cc05,1,-0.45000000000000000000
df_90plus_favorite,0xaa5c804ff72f9bc8556c4918cbb1e9815456b80518ba3bf1d83b9ff5872d9764,1,0.14000000000000000000
df_90plus_favorite,0xaa850b5f700f1dd8322765c85908f11af042ac4a6697f3f6ffc468143534034e,1,0.37500000000000000000
df_90plus_favorite,0xaa9814ea10240748005552c1a0cb9327defe6ecef2af432607a697cd87e75031,1,-0.70496350000000000000
df_90plus_favorite,0xac4237747ca9496655efd50d36efd03751d8eed768139e48fe12ed9e3d6873c0,1,-0.62581900000000000000
df_90plus_underdog,0xac480a2ad4c2524a60b8d6c1856dd4795264f12f63552cee98ab05055499ecdf,1,0.66666666666666666667
df_90plus_favorite,0xacb0eed77d09803271dbd3c4bd48e36e7db3bce93d9f9e7b41698c5b374ae726,1,-0.76714285714285714286
df_90plus_favorite,0xacc91369e8ab91b13e8c7e9dfecc5798f9ea6a64776f89742f13683b68f6420f,1,0.21094642857142857143
df_90plus_favorite,0xad3441638abca4aa830cb997b7caea5f3c8b84be06b99173781cb9a47c5cbc5a,1,0.16801648275862068966
df_90plus_underdog,0xad970ab46d2351a5250bc777e2fe4a4b9ddfe96b3b36c33e106b4b00dc169485,1,0.55027000000000000000
df_90plus_underdog,0xad979e61f088c7145aee00e18135312290aa4220b68db7bf2a6b14090d6115f1,1,-0.42000000000000000000
df_90plus_underdog,0xadc078b4cae4d1b47e985cbf79f512314485d54ff617909db98f5a28bfb31dfa,1,0.57922080000000000000
df_90plus_favorite,0xadc95775815bd47bb353679bebc4b9c93cb703b1e732deafdb5a8a1888a71bec,1,0.33500000000000000000
df_90plus_favorite,0xadf11162a2f91512e2b4c39099a9b2d606a65bdb7ce87cd42c1a28e722eeebd8,1,0.37000000000000000000
df_90plus_favorite,0xaf1fb04bebca27d6cdd46305c039a4e0bb09dd7ff53255dd6a1716bd2b93cace,1,0.03326300000000000000
df_90plus_favorite,0xaf3bbf935b50f0da65b3356ea3a946a820f32a0ba36c91f8d7707e766a56db98,1,0.47000000000000000000
df_90plus_favorite,0xafcb70bc6f11db4dc7600d1d4347e9cf7df2b080e6ea278b2afc6a282daf882f,1,-0.56666666666666666667
df_90plus_favorite,0xaffbeeaef4c956c9e55932d3384eb7ad02640d6a421f3e749f208cb9047cf982,1,0.14461538461538461538
df_90plus_favorite,0xaffdb6f8316b7efdbfde2c8b0ec582a28063258895f4314ab36081db0fcd8b36,1,0.46000000000000000000
df_90plus_underdog,0xb0a4f56b4ec0d97ef3f7f346942d6fe795771263ffd6cfe76147163af702353b,1,0.57424050000000000000
df_90plus_favorite,0xb143f24f0684c6cdff535c33482eab8b5b9c6f9cd282d7c8a01599b4d2081e01,1,-0.63454150000000000000
df_90plus_favorite,0xb1f8c5043264ddb6231c7a262515aded31c4f7b3dde356eeaa239f169d186f9d,1,-0.50666666666666666667
df_90plus_favorite,0xb1fca83dd9b3046c8db3ae0de2c8d56ee5d17d3aad54b7bbfa5c65000f6df350,1,0.16907790625000000000
df_90plus_favorite,0xb2989e2ccee13b5d7ab3b23ce3f8efd36ccf9a4ac9562edef984e05680c06c3f,1,0.09463900000000000000
df_90plus_favorite,0xb2ddc589d74b18aa81838ddbffed98675fa0296f1d63bd2e8e3a79a4b03127eb,1,0.27750000000000000000
df_90plus_favorite,0xb2e4f1f05b4f3057baa0f3c69a3c7d7972cc3255e6040b76406bd1e462a3da7f,1,0.36566125000000000000
df_90plus_favorite,0xb3260de5ae9935d6976ea1c378d06a8e81f9ae8b72b9d4ae77f5ab93d92c5a4b,1,0.48160700000000000000
df_90plus_favorite,0xb3486280b72f21c652ca26b94d301d016c9076b4aad9238e7dad607f26a23f95,1,-0.60000000000000000000
df_90plus_favorite,0xb39175784775533bc87b9b171ba2a6fa8579666476a7e0e9d733c3a277bfbb9e,1,0.14739300000000000000
df_90plus_underdog,0xb3d6f987b056ba304a306fda19638b5ad102436bfdcdccab666031088af0e292,1,-0.40600000000000000000
df_90plus_underdog,0xb3d8611a37297d53401111fce7b5d7bcb306e68ea3127ac2aa7abdb86389c5ca,1,-0.40666666666666666667
df_90plus_underdog,0xb3ffa74d46d4f6329a448d7bd7cfe55cc6e1c1f55b828c8bed6b02f13195d114,1,-0.47666666666666666667
df_90plus_favorite,0xb415ceb63b33538726384111d29d8e67597138c4e6fa0b43121926b5c8c7a342,1,0.31238100000000000000
df_90plus_favorite,0xb45645188f311ecc46f8cdb80b02c29a345d4933cf6b73664b09d3131a2d16d9,1,-0.72000000000000000000
df_90plus_underdog,0xb4874524b82ca34f211d1b1b805474e07cbf43cba186489a3dbc7f5ef805bd1b,1,-0.36506366666666666667
df_90plus_favorite,0xb515de447e8d1ae6089bd6e4151750cd40bdb21cdc595e72bfe32fc377f486fa,1,-0.66194766666666666667
df_90plus_favorite,0xb53a439c60d979f1c19108b263d97419e0a6ea99eb71ce08cfc0e459622e71cc,1,0.06114753846153846154
df_90plus_favorite,0xb5e6e5829c986107aebc5b4b18429b007a813f2b5ca860993020f27ef9f0e080,1,0.20555555555555555556
df_90plus_favorite,0xb6de0c43f214510ff0ecb581354805e1f337eaefc06ee5d220ebc06e16dea0b6,1,0.18500000000000000000
df_90plus_underdog,0xb73c908b629cd56daebfbb731dceb002a1751e04dd9a2930e5559dd08aa81416,1,-0.43500000000000000000
df_90plus_underdog,0xb75a73ddf94b74666787b3433650fe1d10fd0d42450c81f8accb708e032c3848,1,-0.48999850000000000000
df_90plus_favorite,0xb7892f8e64d30d763c35328639b9db6326a97998392acaafe5a4191a92218cb0,1,-0.52000000000000000000
df_90plus_underdog,0xb7b0d281d8c73734384c3c38c8a4f161b5637a69b31b1377387e6d1b9372e6b1,1,-0.48120600000000000000
df_90plus_favorite,0xb81d9a63be774f9c3db1b96af4d0e869128643a29c6eb922c0d8a20137880120,1,-0.85700000000000000000
df_90plus_favorite,0xb91fd8a9087220e91e72419db83f7481d9e0ca794db364e01bafa26388ab0944,1,0.10333333333333333333
df_90plus_favorite,0xb9275e5de263eb01555279db80db363cb631912b944878805bfb1e9062b7298c,1,-0.71580722222222222222
df_90plus_favorite,0xb940a4d630a6d79b5d6a18dd3c701d94f49b19c2531370d7e077f130562bb137,1,0.31500000000000000000
df_90plus_favorite,0xb94639b167e24b6ab0caac746d383ca4500dc656c083b249097f0fa71f6ab5c7,1,-0.66499850000000000000
df_90plus_underdog,0xb94becdebf118edcd856851ae2c3d440e65e5ce4369df16c4648b754bb3db0ea,1,-0.49000000000000000000
df_90plus_favorite,0xb96585ac41b808bac0bcfa00f39a92990c64dc413804368c7191ad4e1cd299a5,1,0.18444444444444444444
df_90plus_favorite,0xba0ad0f933bc441911ed6cbfc098163ebd3b6913f9a06c133e3e4bc7c6f3311c,1,0.50000000000000000000
df_90plus_favorite,0xbabc896225844371b57a54468c5e2638a47fc64039765fb61c68d10f23885331,1,0.48250000000000000000
df_90plus_favorite,0xbb8523862374b3edc90cb813b125bd30e8e27030be53fcf40d1f76152339f8d0,1,0.04226871428571428571
df_90plus_underdog,0xbbe144199504e5c2ff8d04964edc7211c6266114248d17b0c1c55133370fb9c7,1,-0.40500000000000000000
df_90plus_favorite,0xbbf3d45e340d1b69feb4f8b1078ecd4e79012299766980def72c58e6dc811117,1,0.07500000000000000000
df_90plus_favorite,0xbc2411ad32549a7d62055cc59ecef3ce98e8c827451addc324321fffe5c29b86,1,0.45500000000000000000
df_90plus_favorite,0xbc28e92d1fa999e842caf926cff56a580fb477f26d8c44c99aa29beb78062241,1,0.41841121495327102804
df_90plus_favorite,0xbc733b27510a37833afa638c3aeabec2811dffbb996c6bd1c735337f13f85bed,1,0.32938937500000000000
df_90plus_favorite,0xbde4fb8b6f3f87b2778c80b2eeb7d9b3a2ac19a521a89043fba88f435bfc50f4,1,0.41666666666666666667
df_90plus_favorite,0xbe3d3f97a50d7898b6ccdc40c5520a9767cb05479843006cc7977358414d734f,1,0.27828300000000000000
df_90plus_favorite,0xbe70f4643f0372177768b214bcf55fe4f87750fe013213cf802dc5800369e1cc,1,0.05820200000000000000
df_90plus_underdog,0xbe94379d5a8500bdebb9bf3a9b68eae26cff9e8e17b756e8b1f47263bd91da95,1,0.50500000000000000000
df_90plus_underdog,0xbee7d58b8a5ca59c228423923d1025e808e1d91d1c1d126cc1c575234cd517aa,1,-0.41666666666666666667
df_90plus_favorite,0xbf0890e41441e70dc4c0a9f303cc1cdc0222622e09bc0a1a175ad2f8a4841b39,1,-0.71500000000000000000
df_90plus_favorite,0xbf22f356b089a7484cb35acdd60e8d58a94d432d15e08a774f90fe7bca5925f9,1,0.29000000000000000000
df_90plus_favorite,0xbf94136859320cde5d12b534f997761ada5acdab7e4e752f86cc94f8383dc5ac,1,0.48285714285714285714
df_90plus_favorite,0xbfcf93d7f2cb5d878ebe68cb01815139c305896929da7e3ee0e55cd3654d4f29,1,-0.50000000000000000000
df_90plus_favorite,0xc0335c9816ab0bf9b4d493f9fb9f2c31c625181a0d33a3fcd66f329b6952c731,1,-0.66618020000000000000
df_90plus_favorite,0xc04094452b0386a73a9a6e07da0370fffb2722e05c837a5246b88c914e78b79f,1,0.25000000000000000000
df_90plus_favorite,0xc06b23aa5798c99580ed982cd82996ded8dd644e6b32110052123426727954dc,1,-0.54000000000000000000
df_90plus_favorite,0xc0df3517400ed1e8f875b91b8b50720bcec071d7d7f9d72835e346b3f34df27e,1,0.46000000000000000000
df_90plus_favorite,0xc11e4d7bdada69c622c73beab9484d479d6f0f76f7238fe259c3d90e51bd7694,1,0.20135800000000000000
df_90plus_favorite,0xc1597ee2f9a73ad23a83c826edc39d209dc617347805971952eb04b857f590f6,1,0.06614650000000000000
df_90plus_favorite,0xc19ec5ee94949b64a9d9b49aaf4ee47fe2d70f513ff411301f19ff1d0f0026b7,1,0.22211000000000000000
df_90plus_favorite,0xc1bf3ab30348820b5912c0a4d389b0a379382c17a6043dfbd66c94f08e79dc77,1,-0.59400000000000000000
df_90plus_favorite,0xc1dc6e3d75ad31cfdbad714db394d9b96897d485d9b8ecce2503017b2795a39b,1,0.46666666666666666667
df_90plus_underdog,0xc22152abaa96b8875db3d772809a6abb32c02c68d8e5dc7ea83918eb9b6a63a4,1,-0.42000000000000000000
df_90plus_underdog,0xc2ab0a2dbf173b5d75d19e402ae02c1af6c32c82a127c93873c47b0315593d2a,1,0.53500000000000000000
df_90plus_underdog,0xc2bc60be9dadb002ee034d481095eef66cd96deb3b83084429d1f0f43aecbde1,1,0.54501550000000000000
df_90plus_favorite,0xc34b198e91f197098da3f782c066328e199a6342e6798753de2bfa9ae568ae93,1,-0.93734587500000000000
df_90plus_favorite,0xc41f543ccb7a1a35a200c28096cc2e5c2351c54546087f4f6cf5c4ef3e0c1aa5,1,-0.53571428571428571429
df_90plus_favorite,0xc485717bceac2ea78ba406d05cc32b095147db8a83e1a4dd93c99dad0f8ccc33,1,0.04833333333333333333
df_90plus_favorite,0xc495d1ca2bb297e6f960c82bb443337dfdf527fa8b4dd4578acc149343936e4d,1,-0.82888888888888888889
df_90plus_favorite,0xc49afbcf2abadda0a5e5cb65de7e9d32c694d0252657f9cf524f892f78bd12c6,1,-0.66750000000000000000
df_90plus_favorite,0xc4b6e6f463d4041c2f88b040c13f3b4c341d3d353fceb96a9c993e81c28bca5d,1,0.35000000000000000000
df_90plus_favorite,0xc4dd64ba5844f4a50df03fc7dc37af5decf637aacb8527fd42ccb1fbc6068f5e,1,0.11714285714285714286
df_90plus_favorite,0xc4fd56d6c5a263604a92cb6f0c7cc401fb1d82f106a27ca523ec6c502adff017,1,-0.66223600000000000000
df_90plus_underdog,0xc4ffaeb0bcceb5ab8983856f606c0dda031b5df31978a2e48d5fc2d0c2abbbb4,1,0.53250000000000000000
df_90plus_underdog,0xc51c4915042352c57f6ae91e631fc635a846bb317346197372a2f03a406856d6,1,0.64438366666666666667
df_90plus_favorite,0xc5943cca27ce657f519619520b1664829b1209f9a5ef9266be7f2954be1b0260,1,0.25789955555555555556
df_90plus_favorite,0xc5b9eba004d33dc8da7bfcadbf7d460a9012d4b8f068af45ccc38f6a969294dd,1,0.37670750000000000000
df_90plus_favorite,0xc652e64e762f146e084fc52fe5f3c2bc73810ea7841614830d5bc9a9eedf8b21,1,-0.74329280000000000000
df_90plus_favorite,0xc700c8f5fd4ae02e1cea115059dd330b808115235f9e688a213eb4364feba840,1,0.16500000000000000000
df_90plus_favorite,0xc762565f9176d9541db13d712f9c0209d800abb4eb39d37e2dbbdf445b68e77d,1,0.21000000000000000000
df_90plus_favorite,0xc7a9f8cf846f6eba833fc69da7340af7c150e6cf72fc9501507a4431bbcde19e,1,0.04187911538461538462
df_90plus_favorite,0xc812009ff8ad557e3caac30a15aa68bf0d2a1ec4852401e27476fbe59d8d8d7a,1,0.03800000000000000000
df_90plus_favorite,0xc816e5752d43d1436cd982d4634898feed183808a83f3f5cae30d1bd99150fef,1,-0.50000000000000000000
df_90plus_favorite,0xc8f123c03e3dd7b36c8046268ad2ba016119e1f078802100a72e6485b53a5c07,1,0.43523750000000000000
df_90plus_favorite,0xc90381f6021b8dc8d07dd3d783d3927f34706f8ce1ed097b21cc92f31b5be076,1,0.11235294117647058824
df_90plus_favorite,0xc9a89abf7afbc51e128dbb2af4679c552f7ea76bef4357884c0c07922ace118d,1,-0.61500000000000000000
df_90plus_favorite,0xca09c10248cda4825c3d5b5a07b36b8e478f7d853879f2d05b1ad8c6fdc84e9d,1,-0.54888888888888888889
df_90plus_underdog,0xca17a8f383ddf39c57db80ee653fb29b5cf8a44f18db9561b1bf02d9561802ef,1,0.50500000000000000000
df_90plus_favorite,0xca4c8e1e8b01cfe5cb813d876450efe4aa50fd25b01ded8bd8e181bd0555ed23,1,0.07229950000000000000
df_90plus_favorite,0xcaf17208c812beab21ab967b239d54677483c9e0a74c4f82c72cd213c7b4c267,1,0.15500000000000000000
df_90plus_favorite,0xcb6fa529451ebffe7d54cdbe499e897a130eba792abde847030e6ffa15e9ae0b,1,0.11752700000000000000
df_90plus_favorite,0xcb7e3e560df16a637514fbac34768ddf8bea8f9607956f25b037878536454136,1,0.04976550000000000000
df_90plus_favorite,0xcbf6f5f841fb66c9cfa75d6151bf886dae822062528bf48f556e0e9a279790d8,1,0.03754900000000000000
df_90plus_favorite,0xcc14b915a78cec9356036c07ea43b1a18ed156d95446ed700b7b531129fb4a8a,1,0.38500000000000000000
df_90plus_favorite,0xcc987f154d6eaf68543866178cd1addc2df3e57ae32b91c141c8cf2db0c36523,1,0.43645560000000000000
df_90plus_underdog,0xcd05a73f2ddf6c07340b4f1c6c853c4754b2f4428045fec1b295c192e399e563,1,0.71000000000000000000
df_90plus_favorite,0xcd50dcfcd6bb56ed5ee7b848476df7d65f8df636d3b91dd88642d186d0c16bf1,1,0.41500000000000000000
df_90plus_favorite,0xcd909c6b2f0d58c39f430afd1ab586d9ff2a6e7dbd74d1fc0c45b9fa605e22ed,1,0.49000000000000000000
df_90plus_favorite,0xce5bb9b9169e0d7609a7bd148be8bc414935672ceef48dff1917aafa56c971a5,1,0.48500000000000000000
df_90plus_underdog,0xceaa54d3e0373077188b7e3dc4278cc1278e90ccd190992b43e1cd188a504ea4,1,0.50020714285714285714
df_90plus_favorite,0xceeae51ec212b347500255f0426c79798d5d6eb2e9368210f37761e0ffcae1f2,1,-0.69896300000000000000
df_90plus_favorite,0xcf097ba9d41fffbb4f3af544e6913e200dced0eabc572d00621c7fb7d8e12806,1,0.03077500000000000000
df_90plus_favorite,0xcf2f9e5fac1bf6f59012958743f1f25769ee880d4e4134e79fd7dd2c850a8522,1,-0.95000000000000000000
df_90plus_underdog,0xcfd05b8542186b65050be56282039a00a5099d36b956408b440cddac4bff1f96,1,0.56756950000000000000
df_90plus_favorite,0xd01a16e5adf6934d12c7a0e9875332356f74289ae6652a57aacb853e252fbbf4,1,0.17526315789473684211
df_90plus_underdog,0xd0931285bc113225a34787e34f7355d63b0313b30cc7640ab9a9b72e52a38340,1,0.62000000000000000000
df_90plus_favorite,0xd0f426a990bf590d8b5b41fddf846d28e99d8eeba81c1d33360811686f6c8477,1,0.07059000000000000000
df_90plus_favorite,0xd0fa27da024261ba5edb5e9eda33651a224fb5a2137d3c9e73b216109b12dd79,1,0.26130434782608695652
df_90plus_underdog,0xd121d7fa08b0aa417fd07952b61e7d64286b74ebbb9ba9f3f6d9a19aed893985,1,-0.43000000000000000000
df_90plus_favorite,0xd18fd7f48dd45be3bbfda098f51d12aaa11f66c367fdd93c292dde4896b74897,1,-0.76708155555555555556
df_90plus_favorite,0xd191393d3c9d3e5833599ee600ede295550c35c057fee4e41e741b054f078f72,1,-0.68642750000000000000
df_90plus_favorite,0xd1d036b5841586e9b14581bc6722eb9b756d17b29c66f1e8014a315c55a3b0f1,1,-0.50361250000000000000
df_90plus_favorite,0xd204d39f2ee031502f777b41040f40df665a1e395c39abdfc3c746ca6824e397,1,0.26000000000000000000
df_90plus_favorite,0xd23bf61367002265932ce5ae32052aac970c889da8518a2487b5e8a5f1e0693b,1,0.37000000000000000000
df_90plus_favorite,0xd2b8c1d221459643be62410c1159f8e5dbd424b759727dadcf9497120316dc54,1,0.10667050000000000000
df_90plus_favorite,0xd2cad61516b1b931bb806fb98b3309e32f498cd6436108dfab3661dafaf3ac6c,1,0.09233725000000000000
df_90plus_favorite,0xd37613f8e75f8241c2f05798fe1a5454af036e2c697dc958ca1073e54bbeab03,1,-0.59499700000000000000
df_90plus_favorite,0xd414a4bdb4c86f835fb31e432ab3ea15e374fe7f39b6b0a224c7a521378967ea,1,0.08187858333333333333
df_90plus_favorite,0xd4428eeec7a90f36bb5a7322d1d8db882388cc1698eecab65bd3d541110fa2a6,1,0.08000000000000000000
df_90plus_favorite,0xd5118e6e1365bc458998c38b6914d5299a70881cdb7f9b2b8749f2d305fd5603,1,0.46500000000000000000
df_90plus_favorite,0xd546089cc3627d3edca9e09edc1a4f239e9a5a5e0221a5273997fd6ea606e773,1,-0.79500000000000000000
df_90plus_favorite,0xd57b2721f6c32de7d06e1213a74cb6be5299e1fe3e13ee8f547877c338743c4c,1,0.35500000000000000000
df_90plus_favorite,0xd5858a6bf85fcaff96b6f4cd6230433777ac1cfb26f8678f9a2b52ef11b456c2,1,0.03737700000000000000
df_90plus_favorite,0xd592a31e3b2d36c3d81df76e464e23d8d132e82eaa88e58f3e5130236c7533e0,1,0.35000000000000000000
df_90plus_underdog,0xd5fbf53ee90d68963700bb3f6fd3807e323e60243dbf1d3d99783f93bb7c6d2b,1,-0.48336980000000000000
df_90plus_favorite,0xd639ab51a4ff3c0359c4a0bbc05283f088524c007692746778cd2618236859ec,1,-0.56356980000000000000
df_90plus_favorite,0xd6a9536cb35c7d96420a267622aa934b10468aaf2102a7f672dbb53f5fc2e659,1,-0.77804366666666666667
df_90plus_favorite,0xd6d22d2aeae813586c2cf08692d7707833a99cea83212da950632b9d50176209,1,-0.50000000000000000000
df_90plus_favorite,0xd717524223a0bd26b723cb501f5a587e797c74c339cd14e6083d96005eee27f9,1,-0.59500000000000000000
df_90plus_underdog,0xd77856bc126af520501c0aa6ec4133130eecf46d5660d8caea7dbe3660322c1e,1,0.50070000000000000000
df_90plus_favorite,0xd7f63eb9275b0e4804f41552b02a1b640bb8ce137e0ec33dc851797f46b5bb2a,1,0.24561500000000000000
df_90plus_favorite,0xd7f937aba1d17680b222899a0b1f3d1d1cb66246614695c31e79ddf10566e8fb,1,0.33666666666666666667
df_90plus_favorite,0xd986b03674d1e1bf54b9cf25448c667452975dc068ac12e36a0b23cf96cd1795,1,0.06214285714285714286
df_90plus_favorite,0xd9a23115df9698780e32b300739bcacadc9395e826d1b4c4608d404175d7ccea,1,0.14427393750000000000
df_90plus_underdog,0xd9bba7d4993e49894af12f37944648c6ffc5423739a1d9aa48e314379dfcb76d,1,0.56440000000000000000
df_90plus_underdog,0xda699f1aa77704fbbfe77257709ee6b0e174851eddb2463e6d865775e31373f4,1,-0.46996700000000000000
df_90plus_favorite,0xdb6834c952cb97dfccf48e719f11c914632b9762b2eae199788b53e69af62ff2,1,0.23000000000000000000
df_90plus_favorite,0xdb811e47814afe7e851371c4cbb53fce0e2e94b048e5ba5b7e76905511eabbde,1,0.20000000000000000000
df_90plus_favorite,0xdc3e3564b443e3c792469931be4ba528b4eb49f9b56b2dfbe85d20dfef5c23b7,1,-0.50000000000000000000
df_90plus_favorite,0xdc44cd6b7aa4e581fb88f7a9feddb4db80e5901a5c53e0acfaec481ba08724ad,1,-0.55474850000000000000
df_90plus_favorite,0xdcd01c45bd4a6507714725a29b851a8a488247d5543fc985c701866b3f5c5038,1,-0.52666666666666666667
df_90plus_favorite,0xdcf709908e8bb77938b511729afa3b0116a1eb11e55a8d9b4fff9ec1ec2a17b1,1,0.17000000000000000000
df_90plus_underdog,0xdd6770194aa7757ff1282b286d7e0d55118a4ad82d317d5015c6b96ee2a9ae3a,1,0.58000000000000000000
df_90plus_favorite,0xddd12119a1a48ee0794c739eb440c4447bd789d164adc13f96d826cba00f4ec2,1,-0.50000000000000000000
df_90plus_favorite,0xde1ca95e6cedbd2c5d1a71b541c1bdc3e0c3bbef10923b185b47d66feefa8acf,1,-0.62500000000000000000
df_90plus_favorite,0xde7d0ab69c9860901626217b2ea84c962a20ad75bec7c98ae994801a2bd0de63,1,0.15000000000000000000
df_90plus_favorite,0xde8e3ed627ae6c72fbf1e042554112049f98e54203b5c6a3a1510f170a7a7d9c,1,0.23966281818181818182
df_90plus_favorite,0xdeb6744a743f60eec009aa59e354e2a31a6259dd9a28ad4bf3726e27dced5402,1,-0.51500000000000000000
df_90plus_favorite,0xdfcf09fb53ae317a24091dd1772d5f36cac719a80bf5f34a81cfccd4f24f93d1,1,0.06000000000000000000
df_90plus_underdog,0xe0978062817e92e9ca76aa7a9f7c81682d8a9a9180acb3585b9fad004451416f,1,0.52375000000000000000
df_90plus_favorite,0xe11c5eaeeb2c20ef3eeb6ad43328225dc9ed354ae5da076480f008ac9d15e885,1,0.44500000000000000000
df_90plus_favorite,0xe1229d13a3adb22bcbd1e8ce6094c941e913b9eb5505ebaeccf0f0a1aa455e5a,1,0.08710366666666666667
df_90plus_favorite,0xe1491486aae6e1479ccfc2437e6a27cb79adf389408c62df8fa95e61ff58251b,1,-0.54000000000000000000
df_90plus_favorite,0xe14ce063583698c78f5e459a62d842036f234c2d2d5ad440d77669cee5fad121,1,-0.64285714285714285714
df_90plus_favorite,0xe1624aae66ef1ad781d288473c3af5ebe7029fef268d049555d629a756073c5d,1,0.35333333333333333333
df_90plus_underdog,0xe19b02b324d24ded95c879cc30b544dee7278bfedad14e6bc7b88da15725a6ba,1,-0.49500000000000000000
df_90plus_favorite,0xe1de2664660ed1b8c5bcb9f7cab2eaebd16cf2677dbb53ffe0a003acbbf5dc20,1,0.18818600000000000000
df_90plus_underdog,0xe1ed71c61305213edb53181ac5dbbbd2828aa9a5b13f6a19c899f55524459e46,1,0.53002925000000000000
df_90plus_favorite,0xe2000201df4102cc9aea5d2a7971857d3a26f34ea05d74c2d04b6feadb30e51e,1,0.48000000000000000000
df_90plus_underdog,0xe2215da45fe8c72a7382843dfd1d17859d6d7d7e9f6e344ec189fc519d91d5fd,1,-0.47228150000000000000
df_90plus_favorite,0xe249dc590f7c1e4157a725993039f3acd09819b6076706f61022a354f88689e3,1,-0.52200000000000000000
df_90plus_favorite,0xe2de941b5d68bac3258448390f94846bc015ff9273fd25abdf6f73b0fd0e47ba,1,0.22000000000000000000
df_90plus_favorite,0xe2e3e289d42ce5df6a79676f3339b4e9dd353ba97dfe45d272c030599151cea2,1,0.28875000000000000000
df_90plus_underdog,0xe2ed6cfe00fc17e671c3a6e1de68be244dccb233b32e40902454dd95df9c60f5,1,0.55000000000000000000
df_90plus_favorite,0xe33f9fa333e54eca35e52e2f234bc6527667ff90e7bcde6fb1512dd8992add96,1,0.06691800000000000000
df_90plus_favorite,0xe3d7ca04fac14044181daff35448515ff016c08be1c44e84052dda95794d5dc0,1,0.44007450000000000000
df_90plus_underdog,0xe3ef9372df6d154ea1b9802bac6532da38b5384c0010bb2228ff8e49df9e67b9,1,-0.40000000000000000000
df_90plus_favorite,0xe41d7765de1a7284223b88475ce83a497e758bf6d355e3fd23bceda348812e38,1,0.43336066666666666667
df_90plus_favorite,0xe433fb5ad83d9c3d61e632e2cf475179c5c1643868cbc8ab07e4ff32ee170c5a,1,-0.76000000000000000000
df_90plus_underdog,0xe46277046a5c17f5d921bd645887e46e972bc6c9400f41387b0f71fcf6ec904f,1,-0.47666666666666666667
df_90plus_favorite,0xe48a03aaa46279d97e8221b9ac30d8e3180da20217c3f35b1b9b13f69eabbe4a,1,0.25000000000000000000
df_90plus_favorite,0xe48ef90e4188849fcbd81ea7e88516c24ebdd9bc701bb1c0df06f23ab8e68aa6,1,-0.80593766666666666667
df_90plus_favorite,0xe4bff3f50a7f093065d15db9662ba8d7e5aab31fc288c8b161ec394ae1e96662,1,-0.69750000000000000000
df_90plus_favorite,0xe4d7c15b723f83a1d16663a990d64faab84a684c650e06c035d6b533d23b0040,1,0.33000000000000000000
df_90plus_underdog,0xe4e772127cc217f1f9ab8efabfd1cc99ecbed62795fafd3a0d11e025209e703d,1,-0.40857142857142857143
df_90plus_favorite,0xe517720150282acdfeeb401e7a8d5c14132bd5559cf5e68be38191817010d0f4,1,0.40000000000000000000
df_90plus_underdog,0xe5304b767638fa30212b176b62a75fd4e8c6c92195ae2968cd071edc048ca4ed,1,-0.47000000000000000000
df_90plus_favorite,0xe5708a1a592904bf3c74a0c0c0ac0a67fcfc5143e6e03a563b4a0fab26c1ed6a,1,0.07500000000000000000
df_90plus_favorite,0xe57737c36bea2728ff49d9347740e6571054244e79bc53aef787bab599283462,1,-0.83250000000000000000
df_90plus_favorite,0xe5cd23076f086aa73e44c920b9400b03b921a885671b5106e1728f14f7f7b8ba,1,0.16526700000000000000
df_90plus_favorite,0xe6d5a5edac7cfbaff4f0787357ee17944ee7cf03f484dc4d6badc8bb47561802,1,-0.50664633333333333333
df_90plus_favorite,0xe6d9c626f5926c221fd4233e0a635390db0ae6d8b04d4dfcf03fd19d39c7ecfb,1,0.33582800000000000000
df_90plus_favorite,0xe6f040d202cefefe47bdc9d192303905418223fec440f96eb2abe98f3b701bd4,1,-0.79857142857142857143
df_90plus_favorite,0xe6fee254dec84bba2cb809dd05ea0fccb291252da5b046182c2f29ace761b182,1,-0.65500000000000000000
df_90plus_favorite,0xe71caed7f6ab972aadba5c34f91163d040c962a669d7e6b093aba1ba97a1f52b,1,0.42000000000000000000
df_90plus_underdog,0xe741bae99fc9da13f2b1dd8591f92dfff369e79f7a0a48f8a4dc3b26afc0c0f4,1,-0.41000000000000000000
df_90plus_favorite,0xe7583bb9ad9406d223d1ece566f3ee78d58e061e33f51db240934ee261266fb0,1,0.27500000000000000000
df_90plus_favorite,0xe772a83565a918436561c25abc500af0dc11fd2903050f47f185b7899efc74a2,1,-0.65750000000000000000
df_90plus_favorite,0xe7ca40873cdf7f97b983caae0db2d0b28695597a09da8e4a7cf52ff0a6c516c6,1,0.15500000000000000000
df_90plus_favorite,0xe7d813bf752081508adb435d4d9a587c2292c11ff8b5ddfad0ae664466f9346d,1,0.15714285714285714286
df_90plus_underdog,0xe7fa223cd125e6d068d1f5c4fe1aa6a35e395f90915f7b7d983027ca646dc891,1,-0.41708700000000000000
df_90plus_favorite,0xe821c4eeb243d0c8533e63b605e49f906f096944cb79fee04d87120e56ccf0d0,1,0.23000000000000000000
df_90plus_favorite,0xe83a97fead69a6b2aa76e5d6a8baf6b2855e94a41aef397d46976371e5ff3fe8,1,0.38000000000000000000
df_90plus_favorite,0xe8791038300a33a37645044fe40292c268183bf079808a833c1e7bb8d3b0955e,1,-0.79094033333333333333
df_90plus_favorite,0xe8d9302b2491ab432ff28c5f58c49fb1603ad1a64c4c827c721e9c7e5fbae4b9,1,-0.59923866666666666667
df_90plus_favorite,0xe925f30538d3eda3f9390ad8d42417e8bf9e1c5204ab20f8e6c066998c88ee46,1,0.48623350000000000000
df_90plus_favorite,0xe93dabe2f1870b268da3352d92c27b5a5434e86b10be9ecfb2ba589333108928,1,0.46000000000000000000
df_90plus_favorite,0xe95c61d8857061e6828a8f77fa6fe4b1e231b166299527f8ac5092bad77c211f,1,-0.69000000000000000000
df_90plus_favorite,0xe977a5bb87218f46c1e056bf2befa049a6431a73438f232c42d6f1fe1205242a,1,0.45095300000000000000
df_90plus_underdog,0xe9790f4ad8728e6f98fe35149254cd74f72a4f44dac289e843b4795093ffca18,1,0.61272300000000000000
df_90plus_favorite,0xe9df594cbfebb4df47a05a12806018b446f59113cfc9f4a1dbb96c4a2d05a489,1,-0.53768550000000000000
df_90plus_favorite,0xea10d8dd95b0c4ad57330dddb04d8d832d0c85a5774c75e58628622f0aac5332,1,0.30000000000000000000
df_90plus_favorite,0xea65db68df175eec2f3a6332ada1ff3fb3fd74be05955c61a9f0b5fa19f4c440,1,0.03600000000000000000
df_90plus_favorite,0xea7f963972609fa934a8033e3a677bd3624cfa5b40a563bbcfa4579e283ae088,1,-0.90500000000000000000
df_90plus_favorite,0xead6fa677653599171b228853335783f28f33c5b8cd9f13b687c17783dcd5f94,1,0.34578900000000000000
df_90plus_favorite,0xeb09515ac4bfd413dbdecd22953cb8ba8bdc8428ee0b79b8ce666c3dbf78c507,1,-0.51000000000000000000
df_90plus_favorite,0xebe3704ea7ef134bf3433df304367b057a54078ea4ae78b1925efe44031c13f8,1,0.24625000000000000000
df_90plus_favorite,0xec5ddb14b2703348f04461452ee37086e03cae0610e7ee53cf4ae17824cf6286,1,0.35564100000000000000
df_90plus_favorite,0xed31efc5fbf2602d82b3f7fed2aef82fc31bc7ec3dd117c6ee23ab48a3976ca2,1,-0.51333333333333333333
df_90plus_favorite,0xed437b50a7399c0c0f4de17f72872856b4297591803ccf416cf8b13c6c8bd4bf,1,0.25500000000000000000
df_90plus_favorite,0xed5203d21a26b12d1a13d1b9ce5b58423880e4da0bfcac2ba246c751ef83c413,1,0.44000000000000000000
df_90plus_favorite,0xed76e3c271f4e24a3db2436cdf2c314cda43909fbc94c2bc34631a01cd67d3ae,1,0.24545454545454545455
df_90plus_favorite,0xedaf0b2a234f4a765b8e13b66ebb8804803a23e5c74ce1073c78997274c0b511,1,-0.65000000000000000000
df_90plus_favorite,0xedb3019370258d0a3b8884c02af3e057c3199d421815484036f2a18d8b5c295c,1,0.13588716666666666667
df_90plus_favorite,0xee08a43efb9c556696204333b15f0fd876d3ef5b0d8b1c8a4483e45804e771b5,1,0.23754460000000000000
df_90plus_favorite,0xee49e8198f51e9ba029fc1932e19c57f083c2b4906f04962074f2914ae3cb380,1,0.20666666666666666667
df_90plus_favorite,0xee5d05fdd0f8dd96299dd91d337a8ecbc7de0d5fe96d6d55f89059fb773233d0,1,-0.51000000000000000000
df_90plus_favorite,0xeec06128758c71d78a20fc4868190e0518217f0414443370fa10d962987d8340,1,-0.53240000000000000000
df_90plus_underdog,0xef9f2245a2aa930c04465e73bbcb483810d67660568ebcd18d2437397ba1245c,1,0.50500000000000000000
df_90plus_favorite,0xefae165fdde11e136354eaa8be453cbf3a97b05c44270d40633dcd46d28ed2d6,1,0.25467400000000000000
df_90plus_favorite,0xefd54d83edb9aea966d979ba2b3e809aa8eb9cae9cce4a12a910e7fb0c48c9cd,1,0.42893400000000000000
df_90plus_underdog,0xf075d746536b9a9a0f076c1cde8cce2052305b8364539c625470a7e5b037d8c3,1,-0.27000000000000000000
df_90plus_favorite,0xf0e0c177e541cb5a98d04fd2edf15ef4ab56dc8aff853e933778741d2a7032a7,1,-0.50935200000000000000
df_90plus_favorite,0xf109a0e7478f4746ce0c8acaa1455893bc426b1c07028fa136562dac7f5203e4,1,0.41333333333333333333
df_90plus_underdog,0xf1963b7540d4e8aef7cdd68ec7a45d3737886f533fe8594df7ba6ea4c38a8d03,1,-0.48000000000000000000
df_90plus_favorite,0xf19a53afb615e3d80cddbca6e41e57833b1f723cc14c04bf6ff88568159702a4,1,-0.68000000000000000000
df_90plus_favorite,0xf2215021b876a363cffe9467fe3d6ba34b38a3b61ee7ed9a74aa58395065c64e,1,0.34521700000000000000
df_90plus_favorite,0xf26b46b3b66c819b5108e1078a1a5e81300c0aa5eb8dc7595d576ea123ebb767,1,-0.54000000000000000000
df_90plus_favorite,0xf29e8ca118bc47e9d5d162191382c8700213730e6f5959d69b006c64e16685a8,1,0.03221800000000000000
df_90plus_favorite,0xf2dbce3795ec857534dde21ec1cc07aed421c1cfc8d632557b74dbd2a81ea181,1,0.15500000000000000000
df_90plus_favorite,0xf369b843628f0aac14e629956a5ca5bc4e9dafec504af4ee57e821e1e60866e7,1,-0.75666666666666666667
df_90plus_favorite,0xf38eb2d29d50d9f0f56ca1e830000869450b1df455aaa62acd5bf2576636baac,1,0.47066666666666666667
df_90plus_favorite,0xf38fd2da92a4b67e9a3e83ca109d45d28999069393e95c41f534da0bb8d6af1c,1,0.31339935294117647059
df_90plus_favorite,0xf48af9b91e1b51294ead87587d97446e1d4330cf2137b0cc29cdb0977d663a8e,1,0.11001025000000000000
df_90plus_underdog,0xf4cad1aff5701953f55578f48fa9d8dde899c7ce231f469388bf02bf68cb3425,1,0.57000000000000000000
df_90plus_underdog,0xf4cd4028db5fed58a544bbca6709e78e110d7f6cef28624f48dd212d170feada,1,0.57035800000000000000
df_90plus_favorite,0xf4d4b372f63bba7381c467b34afaa8f8e2e352760de735a61684023e067368a8,1,-0.84572600000000000000
df_90plus_favorite,0xf533732b78d2c64a29a1a70f375ffd1f39d32b2024127798ccb4411e77743e11,1,0.33000000000000000000
df_90plus_favorite,0xf54b0de2e018132a2dde2abc0401702023e8d23b3d2070d59a55a18726ab81ae,1,0.19500000000000000000
df_90plus_favorite,0xf57902fb236a32a52a6230e8c7c46d0ecd13cd04b43fb48064007666b0ef1ce5,1,-0.53109660000000000000
df_90plus_favorite,0xf5cc5eb8477c1fc806d38dacd0d2566438d5fba3b70c0aecaacfc97e8c0de442,1,-0.64885857894736842105
df_90plus_favorite,0xf666fd961d005cacb389bf548088918a4f915981c2e1ce72ab006cb860993310,1,0.48393700000000000000
df_90plus_favorite,0xf6fe0dfcb5be2f8e961972059e42700713164673bc7463a28d029602b5e3df18,1,0.12333333333333333333
df_90plus_favorite,0xf7266d7d2dafb8632bb8531f6c47320a81ae547581895b8086fdcdf20e51a153,1,-0.69666666666666666667
df_90plus_favorite,0xf731e598c0a3b7334b370dbb982f3ebbaf4243ee100a4ec51d6a0513061702c8,1,0.12000000000000000000
df_90plus_underdog,0xf77e62220227db0862e20ba0fb1743fd8f4cead574f2ebc3d00a9671394bd922,1,-0.41561866666666666667
df_90plus_favorite,0xf8001a9c2a7c4930db5a1d99d2fccf71b839534fade3910f2807662d722e4e45,1,0.04033333333333333333
df_90plus_favorite,0xf8e8e1cdf6da68b5b79004c87e4f845ee28e78929c598746c0e63731d94c391e,1,0.06666666666666666667
df_90plus_favorite,0xf938675c5383f1c313e5eed3636c58cf116927fc5911a64bffe1be576bda4d25,1,-0.77000000000000000000
df_90plus_favorite,0xf96847a8f7cc56b1957955cbbdd043c316100866f4070ba18548804b61fc4574,1,0.16000000000000000000
df_90plus_favorite,0xf993e4cec8b08c0b76e52e16b4d26327f1aacd87c37e7189d5acac8e0b97d7b6,1,0.09878800000000000000
df_90plus_favorite,0xf9ec009333c869e447b6b034e356259eaf2ae0d630052935f3ec2a2cdd74c2ac,1,-0.64855833333333333333
df_90plus_favorite,0xf9fba5c69db2d6ed43112bc93dda07388e3cca1cd18d576f9de4fc0511acc201,1,0.14823225000000000000
df_90plus_favorite,0xfa0717cc2be9fb8434051b76caf38f539c102e6283edcdfbee2c35d79f46b1ee,1,0.29000000000000000000
df_90plus_favorite,0xfada1a1ea8a231ee0e232b0fbb0b57b1230693f0981de1e72176fd5b4f4700b1,1,0.34000000000000000000
df_90plus_favorite,0xfadb4ce0f2ff95054d2e58c5425bbf2c9c348a6ef588dceeb44ea40f183ed50f,1,-0.53574400000000000000
df_90plus_underdog,0xfb92baa02cf2853ff27fbd9b593d7b4303eeb2f2e1e5a494197fb69a18a5cd4b,1,0.54172066666666666667
df_90plus_underdog,0xfc4e311005805e09422c981a3e75732b0506159ca0c31672f7f1b3b0f84ec181,1,-0.49000000000000000000
df_90plus_favorite,0xfd2052594f25def40a18550640ee55714e2b45e1302e1ed59a8b96427742992d,1,-0.52000000000000000000
df_90plus_favorite,0xfe0b593f9752802b1aeb4745beb6cb5a97cb01739b9331e109f3a970f27cbf38,1,0.27299100000000000000
df_90plus_favorite,0xfe42f3eeeca128c49ac1c603b75bc5b7997936fdedcb816092c88cb04d2543ea,1,0.34500000000000000000
df_90plus_favorite,0xfe5703b21c9dc7e67d8e24681a080d515824d7ba91e7f1c73bca8325bffa41b4,1,0.23500000000000000000
df_90plus_underdog,0xfe754df11b052ab80e28100162ab99ea7e2d7fbf90de28acab6962aa86bb4bf8,1,-0.34467300000000000000
df_90plus_underdog,0xfe905b76a501cdd8be2921df2949c3bd7c9bf966783d1285745c36474c0aa189,1,-0.43498050000000000000
df_90plus_favorite,0xfe9d0037d1f2bd80d1202c1f75eb5660418fd8e7626394e3035c1df343eb8775,1,-0.78446900000000000000
df_90plus_favorite,0xfec51420e12384ab73ffd47e90b46b3c64e746d5f4d8627d566020b7a952e5cc,1,0.09000000000000000000
df_90plus_favorite,0xfecf975f984273ab77d0d7bdbefb4ae80b31000a28e490ea90848f44f109b6a4,1,0.26171271428571428571
df_90plus_favorite,0xff1ec56e0e47033727e33deab740896fbf1c6bb8a2b0068efdba3d900c7ba7a2,1,-0.83365853658536585366
df_90plus_underdog,0xff5f7254acc0b7276f9593401acbb989d57ec470715faad76ead7ec0abf71a95,1,-0.49678250000000000000
df_90plus_underdog,0xffc1f33ffb076baa241ba48915749085e7dbc319eceb1f34fed2b0ee7d2e6bc2,1,-0.33049383333333333333
df_90plus_favorite,0xfffe245eae9b2af3c3c547829373c8ce91bbf7389afd13dd75570ef9d40e9d43,1,0.27057650000000000000
