condition_id,event_slug,league,season_type,neutral_site,game_start_utc,favorite,underdog,favorite_price,favorite_won,favorite_is_home,favorite_day_before_price,favorite_score,underdog_score,volume_usd
0x67fa536f0656849558b515fc5ea695dddb24a3677315c00517b25390ada9531d,nfl-kc-bal-2024-09-05,nfl,2,0,2024-09-06T00:20:00Z,Chiefs,Ravens,0.575,1,1,0.585,27,20,357729.0
0xabb102227925a54804e3bf05e074e8065251bd34d23ded396252118b891216aa,nfl-phi-gb-2024-09-06,nfl,2,1,2024-09-07T00:15:00Z,Eagles,Packers,0.535,1,1,0.555,34,29,429116.0
0xbf9e9ec65dde46de974233c8521c11900ed79c5d5a7efa7f5e057a799e6ac075,nfl-atl-pit-2024-09-08,nfl,2,0,2024-09-08T17:00:00Z,Falcons,Steelers,0.645,0,1,0.645,10,18,173139.0
0xf3a8040acb7eaad81bb683dce8abb999921114c8a20003b745db93a8b8c23e3e,nfl-buf-ari-2024-09-08,nfl,2,0,2024-09-08T17:00:00Z,Bills,Cardinals,0.725,1,1,0.715,34,28,167536.0
0xe9f3b8c276c31b82fafc0664892ec1418973a8a2b42804bd9533571288cff543,nfl-chi-ten-2024-09-08,nfl,2,0,2024-09-08T17:00:00Z,Bears,Titans,0.65,1,1,0.615,24,17,140677.0
0xb660bc7638057be462e8a0a5d902e4a4067165ecc478128e2722aa430c29dc4d,nfl-cin-ne-2024-09-08,nfl,2,0,2024-09-08T17:00:00Z,Bengals,Patriots,0.775,0,1,0.775,10,16,157796.0
0x216c3740661ac7f68a60c329fb7ee648553b995b04efa865d7e1c1388c46acb8,nfl-ind-hou-2024-09-08,nfl,2,0,2024-09-08T17:00:00Z,Texans,Colts,0.595,1,0,0.595,29,27,76738.0
0xc56a15f5807c6b385c4455ae939f0c4eaa188cb3864dc42431227d64520cea04,nfl-mia-jax-2024-09-08,nfl,2,0,2024-09-08T17:00:00Z,Dolphins,Jaguars,0.635,1,1,0.615,20,17,119288.0
0x33b9d78c22e386934619b56f364add2575bd52ee65efce66d81cb2b9ce02d176,nfl-no-car-2024-09-08,nfl,2,0,2024-09-08T17:00:00Z,Saints,Panthers,0.65,1,1,0.645,47,10,115094.0
0xffc57722ef27e8bd300466527140b98650feb700f47e25b0242a4e8e2f55ded1,nfl-lac-las-2024-09-08,nfl,2,0,2024-09-08T20:05:00Z,Chargers,Raiders,0.59,1,1,0.595,22,10,95873.0
0x8a01543e2814dce9a9ea5a01af633656db4c799058c5c61e3b66fb6a51749e2c,nfl-sea-den-2024-09-08,nfl,2,0,2024-09-08T20:05:00Z,Seahawks,Broncos,0.715,1,1,0.705,26,20,147685.0
0xbb7f1a9cc64c8a6a2716984b7bc476f2187eac544bc761322cb25466c3411af1,nfl-cle-dal-2024-09-08,nfl,2,0,2024-09-08T20:25:00Z,Browns,Cowboys,0.525,0,1,0.565,17,33,118457.0
0x4184b911bde81c5dec5a972626640ebcd522eb2e47f5dccbf2d77f229d4f6ed9,nfl-tb-wsh-2024-09-08,nfl,2,0,2024-09-08T20:25:00Z,Buccaneers,Commanders,0.655,1,1,0.63,37,20,136862.0
0x1d517b0f8156207d3cdbd6a8691de86f2b013b3812c216100203c91f75ff08bb,nfl-det-lar-2024-09-08,nfl,2,0,2024-09-09T00:20:00Z,Lions,Rams,0.71,1,1,0.665,26,20,329714.0
0x5906417c5adbafee37c4ecbb89a5ec860930a135d42a9f18ad1163ed7b08539a,nfl-sf-nyj-2024-09-09,nfl,2,0,2024-09-10T00:20:00Z,49ers,Jets,0.635,1,1,0.645,32,19,890024.0
0xca4898518746987457d80d96f7531b918414f8b1b9d361e6d011461d07201be4,nfl-mia-buf-2024-09-12,nfl,2,0,2024-09-13T00:15:00Z,Dolphins,Bills,0.555,0,1,0.56,10,31,544875.0
0xfec0062eb32622dd29fd82d3e6e90e4907021e166636b915880d3085c0a7751d,nfl-bal-las-2024-09-15,nfl,2,0,2024-09-15T17:00:00Z,Ravens,Raiders,0.805,0,1,0.795,23,26,87643.0
0x99e65b09100575db283ecae76910312cbd66c1d4fe9e2459a22135bb51a7077e,nfl-car-lac-2024-09-15,nfl,2,0,2024-09-15T17:00:00Z,Chargers,Panthers,0.6699999999999999,1,0,0.685,26,3,74360.0
0x017df324230a7e4f2792536319803e995afac1e3d8b2da946612d5a5233f7d41,nfl-dal-no-2024-09-15,nfl,2,0,2024-09-15T17:00:00Z,Cowboys,Saints,0.715,0,1,0.71,19,44,97556.0
0xb8af154cab512b8323367dba0620040f1c39281b2f66e36f4f3559814dd015c4,nfl-det-tb-2024-09-15,nfl,2,0,2024-09-15T17:00:00Z,Lions,Buccaneers,0.765,0,1,0.76,16,20,66095.0
0x62a027ebe52693150b0bf6fffe69ed065ef269ae392418576abcd8df3fe521a3,nfl-gb-ind-2024-09-15,nfl,2,0,2024-09-15T17:00:00Z,Colts,Packers,0.5549999999999999,0,0,0.5700000000000001,10,16,69476.0
0xc72e7716ef254edc034a6c25ab6d8791ee9f858394851c6de00e24cf774d6024,nfl-jax-cle-2024-09-15,nfl,2,0,2024-09-15T17:00:00Z,Jaguars,Browns,0.61,0,1,0.595,13,18,67541.0
0xa84e39e7407fe99b0bd40044ebb384bca68b74bc0ddc47a771e9feeb0b262c02,nfl-min-sf-2024-09-15,nfl,2,0,2024-09-15T17:00:00Z,49ers,Vikings,0.6599999999999999,0,0,0.675,17,23,125453.0
0xe65e20750773b7d1d006b90697b0affc8946cbc673c4f921b08f14f8fc70ad3e,nfl-ne-sea-2024-09-15,nfl,2,0,2024-09-15T17:00:00Z,Seahawks,Patriots,0.6,1,0,0.62,23,20,75264.0
0xf77eb0eefbb6f4f3160b1a7bae3da902f1297786be7cb74797c2788f3c1dd444,nfl-ten-nyj-2024-09-15,nfl,2,0,2024-09-15T17:00:00Z,Jets,Titans,0.645,1,0,0.635,24,17,96113.0
0x1de298f909a4d4b4b42c2f428c5d028dbc0c8c606cfd692aa116c69a4ab63346,nfl-wsh-nyg-2024-09-15,nfl,2,0,2024-09-15T17:00:00Z,Commanders,Giants,0.525,1,1,0.53,21,18,63213.0
0x31233564f67d76c00bd9fe2bf0d4fd9490d0988d2633bb5303088ac86a9782b1,nfl-ari-lar-2024-09-15,nfl,2,0,2024-09-15T20:05:00Z,Rams,Cardinals,0.515,0,0,0.49,10,41,103455.0
0x4ba4df57f1b400a5eeb1ac62f2e684bca2f3bc5843b9f2f07125334f4f7747dc,nfl-den-pit-2024-09-15,nfl,2,0,2024-09-15T20:25:00Z,Steelers,Broncos,0.5800000000000001,1,0,0.5700000000000001,13,6,73451.0
0x0f57082a94f7dc3c3bd2bea1dc5f55c7b3f4b1886254027ba1ac314d40bf201f,nfl-kc-cin-2024-09-15,nfl,2,0,2024-09-15T20:25:00Z,Chiefs,Bengals,0.725,1,1,0.705,26,25,304397.0
0x83c0226137dd64d6bfc583aebd16950e4d16ddc6a6da785dcd5c3805dff2d0e6,nfl-hou-chi-2024-09-15,nfl,2,0,2024-09-16T00:20:00Z,Texans,Bears,0.725,1,1,0.72,19,13,400680.0
0x54eff4c60c8b11048ba974f9bb96234b682c2c565b645b4edecc6234c5ae5cda,nfl-phi-atl-2024-09-16,nfl,2,0,2024-09-17T00:15:00Z,Eagles,Falcons,0.695,0,1,0.705,21,22,375113.0
0x5bb5af1799c00bb0457265306e8d86853e502497923a0eb4e6704d3b296b8d96,nfl-nyj-ne-2024-09-19,nfl,2,0,2024-09-20T00:15:00Z,Jets,Patriots,0.73,1,1,0.705,24,3,678907.0
0x073c48ea05aad528c3e0fa72629550c7256a54b9b5646adbc259627535a752ba,nfl-cle-nyg-2024-09-22,nfl,2,0,2024-09-22T17:00:00Z,Browns,Giants,0.725,0,1,0.715,15,21,122627.0
0x18eaf2284aac18152bef60a8d60bc67baa806e9f13676b395f7922bd70b4589d,nfl-ind-chi-2024-09-22,nfl,2,0,2024-09-22T17:00:00Z,Colts,Bears,0.545,1,1,0.515,21,16,80254.0
0xdf1b68ea6212c051591e189caee9545d1ce132aa9384f41d5b4116222b94d2b3,nfl-min-hou-2024-09-22,nfl,2,0,2024-09-22T17:00:00Z,Texans,Vikings,0.53,0,0,0.5349999999999999,7,34,52376.0
0x105d010dd18eefdfa9a45230586dc7a436b90130c1482f61e118789d38e794cf,nfl-no-phi-2024-09-22,nfl,2,0,2024-09-22T17:00:00Z,Saints,Eagles,0.575,0,1,0.575,12,15,112287.0
0x15642633c4a040c162082a2a0ef533aa98fd1e36703b29522002676a646243d4,nfl-pit-lac-2024-09-22,nfl,2,0,2024-09-22T17:00:00Z,Steelers,Chargers,0.57,1,1,0.585,20,10,175655.0
0x103fa51edb3629ddfa0454dfd2521b9dd595c13f0f48434ab5325f897c36a5cf,nfl-tb-den-2024-09-22,nfl,2,0,2024-09-22T17:00:00Z,Buccaneers,Broncos,0.705,0,1,0.715,7,26,79720.0
0x34e342f2f3c299d78c0728b9f72ebbcb0eee597345f98e163c3b673b9308a39d,nfl-ten-gb-2024-09-22,nfl,2,0,2024-09-22T17:00:00Z,Titans,Packers,0.595,0,1,0.575,14,30,72612.0
0x8abe25bd661e0c22c57c64be6c7dfb86ca9f35ba7c9cd48b828b4b03d45ea057,nfl-las-car-2024-09-22,nfl,2,0,2024-09-22T20:05:00Z,Raiders,Panthers,0.695,0,1,0.695,22,36,95697.0
0x884bff7c5d6501c00b5172fbd314f404f6016033005a9a5f14daa57731e37022,nfl-sea-mia-2024-09-22,nfl,2,0,2024-09-22T20:05:00Z,Seahawks,Dolphins,0.655,1,1,0.665,24,3,112722.0
0x7c8ebb1e419333ac91793baf21b277d9d7c06f402340c0047d3ac092742d8aad,nfl-ari-det-2024-09-22,nfl,2,0,2024-09-22T20:25:00Z,Lions,Cardinals,0.585,1,0,0.575,20,13,65417.0
0x37c117260de106df94b971e3fe99ffde3d3cb58a693aa36fdb881602c942f850,nfl-dal-bal-2024-09-22,nfl,2,0,2024-09-22T20:25:00Z,Ravens,Cowboys,0.5349999999999999,1,0,0.515,28,25,130109.0
0x2857c3220d39c5027597520757d2656eeb76bb400fcc02c18065745935df81a2,nfl-lar-sf-2024-09-22,nfl,2,0,2024-09-22T20:25:00Z,49ers,Rams,0.7150000000000001,0,0,0.725,24,27,112907.0
0x05d4740cce1eca97cd4729f8195793bbb086420feddb68b24df1a43fc8d93a2b,nfl-atl-kc-2024-09-22,nfl,2,0,2024-09-23T00:20:00Z,Chiefs,Falcons,0.605,1,0,0.605,22,17,343965.0
0xdf8ee7efcddc952e3b2f0ad127bf368b6f5866041ed448b9478b46cf407a37ee,nfl-buf-jax-2024-09-23,nfl,2,0,2024-09-23T23:30:00Z,Bills,Jaguars,0.675,1,1,0.69,47,10,363504.0
0x0acb9c9e2267f849236855b919dbf4be7ab44bfa8ac30a813580404cdee8c459,nfl-cin-wsh-2024-09-23,nfl,2,0,2024-09-24T00:15:00Z,Bengals,Commanders,0.76,0,1,0.76,33,38,316162.0
0x652913133a6f632326d2e7c5e60527a9a669bc71f44a1eeec3c31b6db7d5cda7,nfl-nyg-dal-2024-09-26,nfl,2,0,2024-09-27T00:15:00Z,Cowboys,Giants,0.69,1,0,0.6950000000000001,20,15,627008.0
0xcbe2d0aac9664d45eb36a19f54225eeb579ecd62937b253a6bb096395a443c8a,nfl-atl-no-2024-09-29,nfl,2,0,2024-09-29T17:00:00Z,Falcons,Saints,0.575,1,1,0.575,26,24,134560.0
0xa4a7aa6dd85b4d4fab1e1f2ba4a4eccf506526db0c8a4433f0e6f225092c0010,nfl-car-cin-2024-09-29,nfl,2,0,2024-09-29T17:00:00Z,Bengals,Panthers,0.685,1,0,0.6699999999999999,34,24,59511.0
0x272f7df2f13caf5ace7d4f17dd137cd44b496487aa8540dd7620ec520baa0b26,nfl-chi-lar-2024-09-29,nfl,2,0,2024-09-29T17:00:00Z,Bears,Rams,0.605,1,1,0.59,24,18,83968.0
0x9f8142a1fa632341d611b5f3ee1403d358150e4b598c972232f721bde5edfa0d,nfl-gb-min-2024-09-29,nfl,2,0,2024-09-29T17:00:00Z,Packers,Vikings,0.56,0,1,0.57,29,31,65720.0
0xfa7290587067f8d1ceb9ceae72efeb6fb6f4c10d93d73f4634f2e74310b3628e,nfl-hou-jax-2024-09-29,nfl,2,0,2024-09-29T17:00:00Z,Texans,Jaguars,0.695,1,1,0.705,24,20,112242.0
0x1e26117dc82f914260700a10b5e022cc1d570848b515158e625d0930945afe67,nfl-ind-pit-2024-09-29,nfl,2,0,2024-09-29T17:00:00Z,Steelers,Colts,0.56,0,0,0.55,24,27,66515.0
0x5b2339d72e8f02392b5a74693e02934150353feb901c5196e921a40d0a4367dc,nfl-nyj-den-2024-09-29,nfl,2,0,2024-09-29T17:00:00Z,Jets,Broncos,0.785,0,1,0.775,9,10,115988.0
0xebff4b1708c508716258e6303b0a05ea43f4ed62a1dfe430831e83d5c2386dcd,nfl-tb-phi-2024-09-29,nfl,2,0,2024-09-29T17:00:00Z,Eagles,Buccaneers,0.525,0,0,0.53,16,33,40517.0
0xf480adf1c942b5e4aa5ff9e51db8be777a8da7faefb80dd6da1085c3ba59ba0e,nfl-ari-wsh-2024-09-29,nfl,2,0,2024-09-29T20:05:00Z,Cardinals,Commanders,0.63,0,1,0.63,14,42,41289.0
0x667965f785612624876538361c301d384cbee1a5ce89dc544619e01560403a72,nfl-sf-ne-2024-09-29,nfl,2,0,2024-09-29T20:05:00Z,49ers,Patriots,0.835,1,1,0.835,30,13,185224.0
0x0a5311b34d89ffccce641ae149eab72b5b74b057d1e11bd95d028813a38907dc,nfl-lac-kc-2024-09-29,nfl,2,0,2024-09-29T20:25:00Z,Chiefs,Chargers,0.725,1,0,0.745,17,10,91390.0
0x7fa31e54b19d2d046dfa6c673453678ef944e624b6ebd1162111e9e1d5f62fdc,nfl-las-cle-2024-09-29,nfl,2,0,2024-09-29T20:25:00Z,Browns,Raiders,0.575,0,0,0.5549999999999999,16,20,219835.0
0xf2a81980abbc8cd3d287ecc144cf2a362f0a882f0fb6e106879907d194f678f3,nfl-bal-buf-2024-09-29,nfl,2,0,2024-09-30T00:20:00Z,Ravens,Bills,0.565,1,1,0.575,35,10,327245.0
0x6f278af04fa068bb6e63159a2751a9cff9f094e54e0c916cb4b980fe949378dc,nfl-ten-mia-2024-09-30,nfl,2,0,2024-09-30T23:30:00Z,Dolphins,Titans,0.575,0,1,0.5,12,31,92129.0
0xdbe900186aaef649b672e407d4a8901e7a5f4da166cdb92d06ff583811c37c82,nfl-sea-det-2024-09-30,nfl,2,0,2024-10-01T00:15:00Z,Lions,Seahawks,0.665,1,1,0.5,42,29,189875.0
0xa6d683bafb25ddcef6bd522d3224b781ee5a12f00ea7235246ebf052926304ba,nfl-tb-atl-2024-10-03,nfl,2,0,2024-10-04T00:15:00Z,Falcons,Buccaneers,0.565,1,1,0.5349999999999999,36,30,375899.0
0x827178bf213dfd8a2455e02e8051d625a8800f6a27f30a2273f71b75ba072776,nfl-nyj-min-2024-10-06,nfl,2,1,2024-10-06T13:30:00Z,Vikings,Jets,0.565,1,1,0.5700000000000001,23,17,177328.0
0x5b1ab931423c81a7c11b9d177fa91cb807950af379acaebed48f04cbb7437ade,nfl-bal-cin-2024-10-06,nfl,2,0,2024-10-06T17:00:00Z,Ravens,Bengals,0.5695,1,0,0.5535,41,38,70851.0
0xb1cd505a867ae9e24c1157781d042a792ef8403971c278b5325b394aa0fca0b9,nfl-buf-hou-2024-10-06,nfl,2,0,2024-10-06T17:00:00Z,Texans,Bills,0.53,1,1,0.515,23,20,72788.0
0x350ec8e72d395546f9659ca24d0268b2af2773515886e14643df6c7041788572,nfl-car-chi-2024-10-06,nfl,2,0,2024-10-06T17:00:00Z,Bears,Panthers,0.65,1,1,0.655,36,10,37897.0
0xeaef908665e72fae2032305f89a3e243a5dbccf61a83e759452a77a85d84e078,nfl-cle-wsh-2024-10-06,nfl,2,0,2024-10-06T17:00:00Z,Commanders,Browns,0.5900000000000001,1,1,0.605,34,13,23815.0
0x5996331b3e590b911eeb06462c0f2136c9b045f571d6993c2fbbaff6e4327924,nfl-ind-jax-2024-10-06,nfl,2,0,2024-10-06T17:00:00Z,Jaguars,Colts,0.6435,1,1,0.5925,37,34,50534.0
0xc8c3142d66974bf4e5ca9c2f7d94dcdcf02e224ba7cd6605e46c84f0645edc18,nfl-mia-ne-2024-10-06,nfl,2,0,2024-10-06T17:00:00Z,Dolphins,Patriots,0.55,1,0,0.5,15,10,64007.0
0x20438a23054ddd3ad183fbd5ff39adb591542166e9d26834b7388d596b12169c,nfl-ari-sf-2024-10-06,nfl,2,0,2024-10-06T20:05:00Z,49ers,Cardinals,0.76,0,1,0.76,23,24,64135.0
0x7213669db30a8d7bff707924a3eca707e8b322591fd36f7d5b144d325eaf4be6,nfl-las-den-2024-10-06,nfl,2,0,2024-10-06T20:05:00Z,Broncos,Raiders,0.61,1,1,0.5800000000000001,34,18,41498.0
0xa318825526391723e6fd92aa410ed4b5003c94078640ddd1424eacdaeef3d782,nfl-gb-lar-2024-10-06,nfl,2,0,2024-10-06T20:25:00Z,Packers,Rams,0.59,1,0,0.605,24,19,43733.0
0x66830748471f3878af5e49e473243738e08da96510c6a4562d577b3ec73cd90b,nfl-nyg-sea-2024-10-06,nfl,2,0,2024-10-06T20:25:00Z,Seahawks,Giants,0.735,0,1,0.745,20,29,63348.0
0xc61afd46c5ffa9188ea7ad2ef8693515599cf478005f1645f9871d9753d963b4,nfl-dal-pit-2024-10-06,nfl,2,0,2024-10-07T00:20:00Z,Steelers,Cowboys,0.5700000000000001,0,1,0.5700000000000001,17,20,168706.0
0xf0b8bc70ec24f2cf4ba963ed41c39720a9b1252fc94bd718ecaace148b4fad2d,nfl-no-kc-2024-10-07,nfl,2,0,2024-10-08T00:15:00Z,Chiefs,Saints,0.675,1,1,0.69,26,13,220971.0
0x2400bad21aba16b8df50cc547dd7456ea36093385723c047171cbf3ec01e0581,nfl-sf-sea-2024-10-10,nfl,2,0,2024-10-11T00:15:00Z,49ers,Seahawks,0.64,1,0,0.625,36,24,352064.0
0xfa23230e360f8272411b201f88e0cc8dd2eeda197bba8ce3b13a7a3335864b79,nfl-jax-chi-2024-10-13,nfl,2,1,2024-10-13T13:30:00Z,Jaguars,Bears,0.525,0,0,0.485,16,35,221138.0
0xfcdd8e4f36a1b58c2cec363bfb3446285aea63e8df18e6dfca2171511a2eb6cf,nfl-ari-gb-2024-10-13,nfl,2,0,2024-10-13T17:00:00Z,Packers,Cardinals,0.69,1,1,0.685,34,13,47864.0
0xf9f96c6bce32326586e1f54ad59b177059e8a318c8d5150c2abb9756ef733b68,nfl-cle-phi-2024-10-13,nfl,2,0,2024-10-13T17:00:00Z,Eagles,Browns,0.8,1,1,0.8049999999999999,20,16,285856.0
0x1240b5ab786aef07bfcd213c37b39850fcd348fc36911dad09b0dd1ed2cfeea0,nfl-hou-ne-2024-10-13,nfl,2,0,2024-10-13T17:00:00Z,Texans,Patriots,0.715,1,0,0.725,41,21,103239.0
0x0e9810da2384deb579bd0ceaa58c2bca386bb1ead6c316efed25783c888217c6,nfl-ind-ten-2024-10-13,nfl,2,0,2024-10-13T17:00:00Z,Titans,Colts,0.5549999999999999,0,1,0.575,17,20,99216.0
0xf948de37d9852fda726e5e8fbc5953cd02c4ee9dccdca83d31a5ce1a4d446b28,nfl-tb-no-2024-10-13,nfl,2,0,2024-10-13T17:00:00Z,Buccaneers,Saints,0.635,1,0,0.635,51,27,57105.0
0x6e19b38352a70f0cf9d0d920fbc46d42d7cb572e096c7170045c271062dbe1e9,nfl-wsh-bal-2024-10-13,nfl,2,0,2024-10-13T17:00:00Z,Ravens,Commanders,0.74,1,1,0.725,30,23,134953.0
0x174737c2e4303c514ce6da0af0f3bc666145994280ce3f7d60e9b4ed9288a53a,nfl-lac-den-2024-10-13,nfl,2,0,2024-10-13T20:05:00Z,Chargers,Broncos,0.585,1,0,0.595,23,16,49245.0
0xe0ad079ea21568e02bcf0c1f9cfec5f077185d60571b3978a84f333a99b2c555,nfl-pit-las-2024-10-13,nfl,2,0,2024-10-13T20:05:00Z,Steelers,Raiders,0.625,1,0,0.6,32,13,88345.0
0xe1fe6683c9f6862b954ba7fa6f9afcb5b563d83da597b006c2885fe4c7ac0008,nfl-atl-car-2024-10-13,nfl,2,0,2024-10-13T20:25:00Z,Falcons,Panthers,0.71,1,0,0.695,38,20,53647.0
0x63f171abdfa0a5a71f1dda78a204f9a35941bc6104808a602eb124bcac32f9f4,nfl-det-dal-2024-10-13,nfl,2,0,2024-10-13T20:25:00Z,Lions,Cowboys,0.63,1,0,0.615,47,9,107232.0
0x6cd1022d3357b3538d1426de168ea8ccd1442e3fd7ea8fe5741cdd05bd0114a0,nfl-cin-nyg-2024-10-13,nfl,2,0,2024-10-14T00:20:00Z,Bengals,Giants,0.66,1,0,0.645,17,7,241743.0
0x9e9adb89078e4cd2270c3f21c147bc60327468b1ae5676cdb165dbd49c6c0f4f,nfl-buf-nyj-2024-10-14,nfl,2,0,2024-10-15T00:15:00Z,Bills,Jets,0.525,1,0,0.535,23,20,713813.0
0x6b1ee500ba852149a777ff04707299dd25724babd538c6c92e3d90dcb2003824,nfl-den-no-2024-10-17,nfl,2,0,2024-10-18T00:15:00Z,Broncos,Saints,0.575,1,0,0.57,33,10,228592.0
0x8b4740e68bae2e344ad9cac74ce00fb4b8cb5894c00294b6923c6365ffb94f47,nfl-ne-jax-2024-10-20,nfl,2,1,2024-10-20T13:30:00Z,Jaguars,Patriots,0.73,1,1,0.69,32,16,157876.0
0x996f60d23be3e04dd77603aa1f455b6aba19a54ac7520d9f4d815a709a4543cd,nfl-cin-cle-2024-10-20,nfl,2,0,2024-10-20T17:00:00Z,Bengals,Browns,0.68,1,0,0.695,21,14,51389.0
0x97d28f2968e4d99c0c11d5b89ce7bb39bdef18b813f72ccde4e997a37297a5c8,nfl-det-min-2024-10-20,nfl,2,0,2024-10-20T17:00:00Z,Vikings,Lions,0.53,0,1,0.525,29,31,151693.0
0xdb7fc8bc231dc119faf8478fcdba3fe249263a4a0ced763e9a954c5a0026bb5b,nfl-hou-gb-2024-10-20,nfl,2,0,2024-10-20T17:00:00Z,Packers,Texans,0.62,1,1,0.585,24,22,220646.0
0x02b0a30d5cc093254ea4b9e634c1d52b98e0eeeb7858d0bc30ec4db2badfe54f,nfl-mia-ind-2024-10-20,nfl,2,0,2024-10-20T17:00:00Z,Colts,Dolphins,0.585,1,1,0.605,16,10,48921.0
0x620a94bf149e06ba81d5de597c52314b060fc28cdeabc53d450704198209bea6,nfl-phi-nyg-2024-10-20,nfl,2,0,2024-10-20T17:00:00Z,Eagles,Giants,0.61,1,0,0.615,28,3,74618.0
0x8a7bea6ab6dba51fd3c06f6e95fcddef87843a3eca3578be85133d518a160d11,nfl-sea-atl-2024-10-20,nfl,2,0,2024-10-20T17:00:00Z,Falcons,Seahawks,0.6,0,1,0.585,14,34,53963.0
0x26668f54e787a218722a85b72455aaf643c6e9fb02ccfdb80edef4dfcededa85,nfl-ten-buf-2024-10-20,nfl,2,0,2024-10-20T17:00:00Z,Bills,Titans,0.815,1,1,0.8,34,10,100947.0
0x7939dc7f5e05e8fdaedaf71a135966525ca9979528bec082fd4f8cb8a11c621c,nfl-car-wsh-2024-10-20,nfl,2,0,2024-10-20T20:05:00Z,Commanders,Panthers,0.835,1,1,0.795,40,7,88466.0
0x81c1385835cfb34226197babc2c7acd129f2969f3933c6f56778eeb3f327dd95,nfl-las-lar-2024-10-20,nfl,2,0,2024-10-20T20:05:00Z,Rams,Raiders,0.775,1,1,0.74,20,15,187697.0
0xe5a63ef2d9be07869ff68202359534d4b781879c32347c7e3c397a0471177fc8,nfl-kc-sf-2024-10-20,nfl,2,0,2024-10-20T20:25:00Z,49ers,Chiefs,0.5549999999999999,0,1,0.5449999999999999,18,28,442558.0
0x5d8e839de0121279cd52daf25cadececcbbbd78aa67e2bf581a3425405a4f3df,nfl-nyj-pit-2024-10-20,nfl,2,0,2024-10-21T00:20:00Z,Jets,Steelers,0.59,0,0,0.545,15,37,415999.0
0x8fab7cbf5ddf29016fef1875f4ba90446ed6f8f4a7ac36ea3881b133da0c35dc,nfl-bal-tb-2024-10-21,nfl,2,0,2024-10-22T00:15:00Z,Ravens,Buccaneers,0.665,1,0,0.64,41,31,647816.0
0x9860936522f10295900b487d0349294f372506d070bb7bab6d417e735d3022a1,nfl-lac-ari-2024-10-21,nfl,2,0,2024-10-22T01:00:00Z,Chargers,Cardinals,0.525,0,0,0.535,15,17,296015.0
0x1140c36e29a3625d7558b361a9b87a3b878dc73bcbfa7785416e59e179176a54,nfl-min-lar-2024-10-24,nfl,2,0,2024-10-25T00:15:00Z,Vikings,Rams,0.575,0,0,0.59,20,30,372451.0
0x9318f1ba3d826acf2952f02e3ab02190d3ce30cc7afa2b7b97b1424cdffade51,nfl-ari-mia-2024-10-27,nfl,2,0,2024-10-27T17:00:00Z,Dolphins,Cardinals,0.655,0,1,0.65,27,28,83886.0
0x2d23ff7e66d5be5c5182a0fc00283919b270c8ae4261e63edabfe0a76034c737,nfl-atl-tb-2024-10-27,nfl,2,0,2024-10-27T17:00:00Z,Falcons,Buccaneers,0.535,1,0,0.575,31,26,92643.0
0x9470f003aac554ecea57f31b433911c026f38898ffb645611bb012800c752981,nfl-bal-cle-2024-10-27,nfl,2,0,2024-10-27T17:00:00Z,Ravens,Browns,0.755,0,0,0.795,24,29,184425.0
0xd06f4abec1e4a460f46e7d5862df10a119f31f2d2980ddf0194777ffcca46572,nfl-gb-jax-2024-10-27,nfl,2,0,2024-10-27T17:00:00Z,Packers,Jaguars,0.625,1,0,0.65,30,27,123296.0
0x7ae59a2bc6a82fb4a2b6c9b053571c62036caaef5c58d2559ccdd25060e33958,nfl-ind-hou-2024-10-27,nfl,2,0,2024-10-27T17:00:00Z,Texans,Colts,0.6799999999999999,1,1,0.685,23,20,55824.0
0x8c265812e2962833b6e0c4d9b10d57fe78ac744f9cabd7bbc0ef823dbb8282b3,nfl-nyj-ne-2024-10-27,nfl,2,0,2024-10-27T17:00:00Z,Jets,Patriots,0.755,0,0,0.74,22,25,155129.0
0x332d385232969673d98e30d95a20b1c5dc2c7fd3bbca1dd918ed9799c24e42fe,nfl-phi-cin-2024-10-27,nfl,2,0,2024-10-27T17:00:00Z,Bengals,Eagles,0.5800000000000001,0,1,0.5700000000000001,17,37,156610.0
0xa683d3e9a19d4fafd3f7139d6a8dcef4ffc91a50b2d2e25df9b834978d983560,nfl-ten-det-2024-10-27,nfl,2,0,2024-10-27T17:00:00Z,Lions,Titans,0.865,1,1,0.85,52,14,89027.0
0xd53f2bcdd69d3ff313209951c446171a73cef9382d350e7454006d70648d362a,nfl-buf-sea-2024-10-27,nfl,2,0,2024-10-27T20:05:00Z,Bills,Seahawks,0.6,1,0,0.6,31,10,86095.0
0x9bfe2bf9237386a2b9e8ccb5453ce596ad0c1d2f75d969af4b9f8e6eae0c9795,nfl-no-lac-2024-10-27,nfl,2,0,2024-10-27T20:05:00Z,Chargers,Saints,0.76,1,1,0.735,26,8,100591.0
0x6d0c7be442d4ea86711485eccf392ae9bd1cc7597dc01e5b25360f2eef437149,nfl-car-den-2024-10-27,nfl,2,0,2024-10-27T20:25:00Z,Broncos,Panthers,0.855,1,1,0.825,28,14,159163.0
0xba3b6c254c1099a2e1d11ac0801b17afe440d5f3dc4f2dd5b4a47bccf627991b,nfl-chi-was-2024-10-27,nfl,2,0,2024-10-27T20:25:00Z,Commanders,Bears,0.525,1,1,0.42000000000000004,18,15,244384.0
0xdbe658c8255e05fc9fdd1ae1889a01a48b511b4f5ffd291858a1ecd8b514afea,nfl-kc-lv-2024-10-27,nfl,2,0,2024-10-27T20:25:00Z,Chiefs,Raiders,0.795,1,0,0.795,27,20,161361.0
0x6ada539b7e9db729a41fe5b4d17bbc9e0793289f101917e6b623ed7c103beca6,nfl-dal-sf-2024-10-27,nfl,2,0,2024-10-28T00:20:00Z,49ers,Cowboys,0.6950000000000001,1,1,0.665,30,24,387936.0
0x023c558016e6e3fedcd538b4995aa38daf10e6545755f7726bf55c912213507a,nfl-nyg-pit-2024-10-28,nfl,2,0,2024-10-29T00:15:00Z,Steelers,Giants,0.7150000000000001,1,1,0.7050000000000001,26,18,447828.0
0xcd04add0c79c55d183366c2d6e717b561b7e9aed12f8091516efe6e60b12c389,nfl-hou-nyj-2024-10-31,nfl,2,0,2024-11-01T00:15:00Z,Jets,Texans,0.585,1,1,0.5349999999999999,21,13,514651.0
0x5a23b8f93c1812d528aff714c73d28877384662aba86e2e88c69ef2b848eb78d,nfl-dal-atl-2024-11-03,nfl,2,0,2024-11-03T18:00:00Z,Falcons,Cowboys,0.625,1,1,0.62,27,21,109429.0
0x88ceb60ec5d99c63bc202afcdf31571e9d52b72aa35a9b517c87826523c8ea1d,nfl-den-bal-2024-11-03,nfl,2,0,2024-11-03T18:00:00Z,Ravens,Broncos,0.795,1,1,0.795,41,10,144737.0
0xbb0eca3e0381100707fea124fc9bfebdd32288361ee875e139347a225cc403f5,nfl-lac-cle-2024-11-03,nfl,2,0,2024-11-03T18:00:00Z,Chargers,Browns,0.54,1,0,0.53,27,10,102458.0
0x7e045d6b980f9dd616ee5683685fc323cdfb20f24899628075e40e332951f504,nfl-lv-cin-2024-11-03,nfl,2,0,2024-11-03T18:00:00Z,Bengals,Raiders,0.77,1,1,0.75,41,24,47548.0
0x22e400b00b8cf1f3d46d39c1754a07803891e654863f7279df519df515ff2d1b,nfl-mia-buf-2024-11-03,nfl,2,0,2024-11-03T18:00:00Z,Bills,Dolphins,0.71,1,1,0.71,30,27,114768.0
0x45fc777937f3b36150bdcac509ce74006ebf0b26916dc4a525d4ec83896f0ab5,nfl-ne-ten-2024-11-03,nfl,2,0,2024-11-03T18:00:00Z,Titans,Patriots,0.62,1,1,0.61,20,17,78473.0
0x98e59eebc6b4cd0f0af69b5b133543c261e25ba6512ad5470c92e5e1abc667e6,nfl-no-car-2024-11-03,nfl,2,0,2024-11-03T18:00:00Z,Saints,Panthers,0.755,0,0,0.75,22,23,88784.0
0xeb326064d1cfe8957e91c68fc7dbfdc809d161f2dd5427cf5c2ad7055ac83e42,nfl-was-nyg-2024-11-03,nfl,2,0,2024-11-03T18:00:00Z,Commanders,Giants,0.67,1,0,0.665,27,22,335474.0
0x70df323efebb5d90937b2d607fdc7960852fcd96e6d384b6ebeac62064ae1768,nfl-chi-ari-2024-11-03,nfl,2,0,2024-11-03T21:05:00Z,Cardinals,Bears,0.54,1,1,0.53,29,9,152055.0
0x054947d94706b4fdc222c8451d937f181f4ec9683e02963130aca4b247178cd7,nfl-jax-phi-2024-11-03,nfl,2,0,2024-11-03T21:05:00Z,Eagles,Jaguars,0.765,1,1,0.76,28,23,111413.0
0x09705a1441948a996cc2a053033f39ff13a921f2080b2c10a213748fff54e8be,nfl-det-gb-2024-11-03,nfl,2,0,2024-11-03T21:25:00Z,Lions,Packers,0.565,1,0,0.575,24,14,320517.0
0x777046f79b63687b1d027eedc430e5174f1a814fb9d70d8cbc14c2d07006c0b8,nfl-la-sea-2024-11-03,nfl,2,0,2024-11-03T21:25:00Z,Rams,Seahawks,0.54,1,0,0.53,26,20,274443.0
0x869e83a48153e35b1e1a7c2219a578b336fd63ca69570b0c51507697a2841a59,nfl-ind-min-2024-11-03,nfl,2,0,2024-11-04T01:20:00Z,Vikings,Colts,0.7150000000000001,1,1,0.69,21,13,504799.0
0x92275edfcb1642365f642b81c893c410014cc40a68205face4d41c21e474aa1d,nfl-tb-kc-2024-11-04,nfl,2,0,2024-11-05T01:15:00Z,Chiefs,Buccaneers,0.795,1,1,0.8,30,24,385753.0
0x23de4d05e7fc57c732947965cf57b8557d3bf54de7b5b1cecff75a6c174f6b26,nfl-cin-bal-2024-11-07,nfl,2,0,2024-11-08T01:15:00Z,Ravens,Bengals,0.7150000000000001,1,1,0.72,35,34,782246.0
0x98a7dce7267cafac68ec6aa64056cf8ce687336059c0b345f09b6f6c1fbc65f6,nfl-nyg-car-2024-11-10,nfl,2,1,2024-11-10T14:30:00Z,Giants,Panthers,0.715,0,0,0.715,17,20,536577.0
0x2bce0ebc62138aa701bc496c8f7a8b5a76c4ded1008949ddb7ef0c30a18e7c8d,nfl-atl-no-2024-11-10,nfl,2,0,2024-11-10T18:00:00Z,Falcons,Saints,0.645,0,0,0.635,17,20,121008.0
0x8b2dd47a5037334b15b5e7ffaef7e5368397930c64229d7359369c262588708c,nfl-buf-ind-2024-11-10,nfl,2,0,2024-11-10T18:00:00Z,Bills,Colts,0.675,1,0,0.655,30,20,97299.0
0xa11d53e4ec744bc1d510f5d3efe3bb440e5d3099a683a6230b769fce932302d9,nfl-den-kc-2024-11-10,nfl,2,0,2024-11-10T18:00:00Z,Chiefs,Broncos,0.765,1,1,0.775,16,14,438310.0
0xfbd16cef492d69666158e004b232570784251368bb3a8c7f068f9e2edb20d95b,nfl-min-jax-2024-11-10,nfl,2,0,2024-11-10T18:00:00Z,Vikings,Jaguars,0.75,1,0,0.75,12,7,175214.0
0xfdc1f1403dc0a15a9197a5f3d3a1818569584a6198db4e6e059d9dee3eb026f8,nfl-ne-chi-2024-11-10,nfl,2,0,2024-11-10T18:00:00Z,Bears,Patriots,0.7150000000000001,0,1,0.7150000000000001,3,19,65582.0
0xe2ddbeb9474b0a95eeae44f270a968b7ab635f8fd759cae2db3df84d60c4cd0d,nfl-pit-was-2024-11-10,nfl,2,0,2024-11-10T18:00:00Z,Commanders,Steelers,0.54,0,1,0.575,27,28,339471.0
0x2e4858365f76ae581bd73f90cc48480a7e119856548e903554baebcd860e02de,nfl-sf-tb-2024-11-10,nfl,2,0,2024-11-10T18:00:00Z,49ers,Buccaneers,0.715,1,0,0.72,23,20,142990.0
0x516f348befef713462d2360ab14bb8c7af925c1c65a005afebdb0e382a0b702a,nfl-ten-lac-2024-11-10,nfl,2,0,2024-11-10T21:05:00Z,Chargers,Titans,0.79,1,1,0.77,27,17,196608.0
0x125174db5a13ddf665c5844be06a2ef614a99b1a457a15826bf42614e4e03958,nfl-nyj-ari-2024-11-10,nfl,2,0,2024-11-10T21:25:00Z,Jets,Cardinals,0.545,0,0,0.54,6,31,198519.0
0xd3fcbed8959cf9c2ad8cac10037f2bb4aef164dc8809d15572d316bb4fe3278d,nfl-phi-dal-2024-11-10,nfl,2,0,2024-11-10T21:25:00Z,Eagles,Cowboys,0.755,1,0,0.76,34,6,307737.0
0x7ffab92345d13dc3d2e8f4f0e4eab536bb5b4e944e9a5affe85e97d12e0198ab,nfl-det-hou-2024-11-10,nfl,2,0,2024-11-11T01:20:00Z,Lions,Texans,0.67,1,0,0.645,26,23,693297.0
0xf7b2d8c99218457a9a57e3539264e2e8b7cb1b940a846c44b3fcd3010994f905,nfl-mia-la-2024-11-11,nfl,2,0,2024-11-12T01:15:00Z,Rams,Dolphins,0.5549999999999999,0,1,0.5549999999999999,15,23,669798.0
0x93d5d31e4b893d879f723d70623cf791fd19d38b61b8f8a74df04bd41bc96270,nfl-was-phi-2024-11-14,nfl,2,0,2024-11-15T01:15:00Z,Eagles,Commanders,0.665,1,1,0.645,26,18,1118191.0
0x3c46eff5ba4360c0a376488421ca2bc39ceb3272e6c7b6042d593390eedbdcc3,nfl-bal-pit-2024-11-17,nfl,2,0,2024-11-17T18:00:00Z,Ravens,Steelers,0.635,0,0,0.62,16,18,701919.0
0xc523009a8be7653b8de7dcd763ed91811c5dbb33a5986372a530b60fe3ee33ac,nfl-cle-no-2024-11-17,nfl,2,0,2024-11-17T18:00:00Z,Browns,Saints,0.515,0,0,0.51,14,35,394525.0
0xc4eeb9c54d28bc7975e309a299fbefc4b189ef5ed242ee66853032e109a5caec,nfl-gb-chi-2024-11-17,nfl,2,0,2024-11-17T18:00:00Z,Packers,Bears,0.715,1,0,0.7,20,19,838888.0
0x86ca735bc0349d71b3ad8a4f6c5e3521564e3e81be26faa6936e809219341d14,nfl-ind-nyj-2024-11-17,nfl,2,0,2024-11-17T18:00:00Z,Jets,Colts,0.655,0,1,0.64,27,28,568220.0
0x2b04e4d381c0b83d92146f6a0a98e5e0ba4d6f6e1d43e00b49723882bc6bf9e1,nfl-jax-det-2024-11-17,nfl,2,0,2024-11-17T18:00:00Z,Lions,Jaguars,0.91,1,1,0.88,52,6,629862.0
0x16f3b71a2602dd9b06d1f56ae6670247156f9cb2ab2bca30bea65f6739c2e78d,nfl-la-ne-2024-11-17,nfl,2,0,2024-11-17T18:00:00Z,Rams,Patriots,0.665,1,0,0.665,28,22,559285.0
0x1fb636344f277c0e84eb9e4f458e72184dea2677049dfd4b3d321a05f5f063b8,nfl-lv-mia-2024-11-17,nfl,2,0,2024-11-17T18:00:00Z,Dolphins,Raiders,0.785,1,1,0.755,34,19,346655.0
0x1e5cee25c95af992c8991ca2ca905119c64481807965ac32cdb16a319699ac21,nfl-min-ten-2024-11-17,nfl,2,0,2024-11-17T18:00:00Z,Vikings,Titans,0.72,1,0,0.71,23,13,410236.0
0xcf988770b8949b89dd531fce2c6acc52ab9852849a71598aae4889ad3742787d,nfl-atl-den-2024-11-17,nfl,2,0,2024-11-17T21:05:00Z,Broncos,Falcons,0.5449999999999999,1,1,0.55,38,6,412870.0
0x4429f390f5f9966902ad345f37b3219887a19a6cf127f04d53bb73d7f4b754e7,nfl-sea-sf-2024-11-17,nfl,2,0,2024-11-17T21:05:00Z,49ers,Seahawks,0.71,0,1,0.72,17,20,731022.0
0xa21e5fbbbe049e3337ba9b4a4dd5aa15e6b6ed8e7c71344c776364a73e81586a,nfl-kc-buf-2024-11-17,nfl,2,0,2024-11-17T21:25:00Z,Bills,Chiefs,0.5800000000000001,1,1,0.5449999999999999,30,21,1416259.0
0x64db493b471c6f7a3260b4ec9838233248bc45297b291890316dde8c29b63413,nfl-cin-lac-2024-11-17,nfl,2,0,2024-11-18T01:20:00Z,Chargers,Bengals,0.515,1,1,0.525,34,27,1661663.0
0x6f307cf8972d1e394215940fb2d676624af4de33a1b654a71f28451e3044967c,nfl-hou-dal-2024-11-18,nfl,2,0,2024-11-19T01:15:00Z,Texans,Cowboys,0.755,1,0,0.765,34,10,932163.0
0x6703ac3d097bd4cb15111822de5fa6eef39b1781333c749c466802d8d61aee48,nfl-pit-cle-2024-11-21,nfl,2,0,2024-11-22T01:15:00Z,Steelers,Browns,0.665,0,0,0.645,19,24,1086753.0
0xb236355fe71fe311449678ea87cf5258846ce0f1f624b941554347d8ba016db7,nfl-dal-was-2024-11-24,nfl,2,0,2024-11-24T18:00:00Z,Commanders,Cowboys,0.84,0,1,0.815,26,34,306815.0
0x8ca4d7a63640411b61740360a140cebbd38da5db6088e7970558668c9e51f1b1,nfl-det-ind-2024-11-24,nfl,2,0,2024-11-24T18:00:00Z,Lions,Colts,0.755,1,0,0.775,24,6,257450.0
0xc5ec4e44e865f2954b85552f961e709858e687ac0eb4bfc5c4b71fb86782a7a7,nfl-kc-car-2024-11-24,nfl,2,0,2024-11-24T18:00:00Z,Chiefs,Panthers,0.875,1,0,0.84,30,27,335615.0
0xa72afb51b2d8bc99b7462b5dca3598ea5e9c7d7f425548590331c7c165c997f9,nfl-min-chi-2024-11-24,nfl,2,0,2024-11-24T18:00:00Z,Vikings,Bears,0.6,1,0,0.625,30,27,563558.0
0xc07162cfd56c10b3803e7dc3d1b41e3d78dc2e22f172a374921c2d3870b42e4f,nfl-ne-mia-2024-11-24,nfl,2,0,2024-11-24T18:00:00Z,Dolphins,Patriots,0.77,1,1,0.775,34,15,69708.0
0x9b5444cc5c87e08fbf5a3f44aaf4596e92e664f88966b37e4a8d87e890a12603,nfl-tb-nyg-2024-11-24,nfl,2,0,2024-11-24T18:00:00Z,Buccaneers,Giants,0.715,1,0,0.725,30,7,179527.0
0x45b593176961ea8f9792b373cc723b0f664938f8c0e985c110517ab26689966b,nfl-ten-hou-2024-11-24,nfl,2,0,2024-11-24T18:00:00Z,Texans,Titans,0.785,0,1,0.785,27,32,315454.0
0xe7e522976bf7a26b5dedc69e6ddfc6b82412b7ea7743f154dc339ae97957b238,nfl-den-lv-2024-11-24,nfl,2,0,2024-11-24T21:05:00Z,Broncos,Raiders,0.69,1,0,0.705,29,19,282359.0
0xc8ea9a0cc7d4f014df9943e95559501ae398131a9dc5bdb113513a20a9825374,nfl-ari-sea-2024-11-24,nfl,2,0,2024-11-24T21:25:00Z,Cardinals,Seahawks,0.515,0,0,0.515,6,16,478782.0
0x5f00c7fc8b8c2d2d1a9c5154b393e86081e45ae1f09ad499a6ff661d0f7de7ee,nfl-sf-gb-2024-11-24,nfl,2,0,2024-11-24T21:25:00Z,Packers,49ers,0.7150000000000001,1,1,0.6950000000000001,38,10,326694.0
0x5e9feab7d59252bb6b0ea7d58cef6fb05d4c7385bd186e855827e1cda41e8cbe,nfl-phi-la-2024-11-24,nfl,2,0,2024-11-25T01:20:00Z,Eagles,Rams,0.605,1,0,0.595,37,20,722661.0
0x9e0273e66a75f2093622cc94329c4c0f6f66c99b4b09668b0f22c50740582b7b,nfl-bal-lac-2024-11-25,nfl,2,0,2024-11-26T01:15:00Z,Ravens,Chargers,0.595,1,0,0.58,30,23,851292.0
0x5b8289a8c04610e8f7e0cbb03578418176d02b63ba97d9e93d49e230ea670889,nfl-chi-det-2024-11-28,nfl,2,0,2024-11-28T17:30:00Z,Lions,Bears,0.815,1,1,0.835,23,20,1513670.0
0x49dc7682d5a147bec5965098d6f5575c5dc142d9e80f7179ae50e9685c50235e,nfl-nyg-dal-2024-11-28,nfl,2,0,2024-11-28T21:30:00Z,Cowboys,Giants,0.675,1,1,0.635,27,20,912134.0
0x68c4077d998a674d04edbcbb185ec5173188a54dfa99401decb2aaa3e0f130fa,nfl-mia-gb-2024-11-28,nfl,2,0,2024-11-29T01:20:00Z,Packers,Dolphins,0.615,1,1,0.62,30,17,797410.0
0xcfc11a81f866efef752fd6a3d49f7f8282ba6bb15b254a9451ec39c6ed466b21,nfl-lv-kc-2024-11-29,nfl,2,0,2024-11-29T20:00:00Z,Chiefs,Raiders,0.875,1,1,0.865,19,17,692540.0
0x07632cc8d0c6ae7ef9da2f34ba39471a38b8f123f4c54a5e46d7fbe806fbd3c3,nfl-ari-min-2024-12-01,nfl,2,0,2024-12-01T18:00:00Z,Vikings,Cardinals,0.625,1,1,0.625,23,22,457220.0
0xa1545abe49521bf3d476db0fe7a3c2227a54b36f904e27aca14f95759c39eb94,nfl-hou-jax-2024-12-01,nfl,2,0,2024-12-01T18:00:00Z,Texans,Jaguars,0.625,1,0,0.645,23,20,318802.0
0xdbf84cb61acd00222a5b1192377b73785f8864f4066d9b2669e1f98b21af01d9,nfl-ind-ne-2024-12-01,nfl,2,0,2024-12-01T18:00:00Z,Colts,Patriots,0.545,1,0,0.565,25,24,240849.0
0x233139629fe27474858b1f9669f54dad3a57d8d21dc4c129b1188271a0c51daf,nfl-lac-atl-2024-12-01,nfl,2,0,2024-12-01T18:00:00Z,Falcons,Chargers,0.515,0,1,0.485,13,17,230005.0
0x3a59784d74e1f1b88a36d37483eddf07054668e65a4424487cb479cc523a342b,nfl-pit-cin-2024-12-01,nfl,2,0,2024-12-01T18:00:00Z,Bengals,Steelers,0.605,0,1,0.595,38,44,439547.0
0xfe5541745b12c896c8fefb0ef3e1b945d9d20d44aa188d9c1a4be1415a47842c,nfl-sea-nyj-2024-12-01,nfl,2,0,2024-12-01T18:00:00Z,Jets,Seahawks,0.53,0,1,0.49,21,26,396109.0
0x38a4046f4eff4feea1fc0e506b2768081c0cbcba2dae53cba1a3c8781d3d0607,nfl-ten-was-2024-12-01,nfl,2,0,2024-12-01T18:00:00Z,Commanders,Titans,0.6950000000000001,1,1,0.7,42,19,179221.0
0xdf96d87da77190e34bc4fc288f4298f66d37d77dc7c16d37ae3afd63a92afc6c,nfl-la-no-2024-12-01,nfl,2,0,2024-12-01T21:05:00Z,Rams,Saints,0.59,1,0,0.575,21,14,198736.0
0xdf3af4005d85cc83172125226b8bc29752b0049852952c0f47fc7d3b89f99072,nfl-tb-car-2024-12-01,nfl,2,0,2024-12-01T21:05:00Z,Buccaneers,Panthers,0.735,1,0,0.705,26,23,837938.0
0x442c54385cccab383fe456bbad588660089f663a8b54a330bdb65bfd2e691491,nfl-phi-bal-2024-12-01,nfl,2,0,2024-12-01T21:25:00Z,Ravens,Eagles,0.605,0,1,0.585,19,24,472647.0
0x49574126072ac7bc2bf2f07ee9775e6567e6a64bc80d7eceefe9ece15e4fbd7e,nfl-sf-buf-2024-12-01,nfl,2,0,2024-12-02T01:20:00Z,Bills,49ers,0.735,1,1,0.7150000000000001,35,10,874975.0
0x19ceeab155ce6a2400b874388d155f6533df7906eaa64f7148d04123453656dc,nfl-cle-den-2024-12-02,nfl,2,0,2024-12-03T01:15:00Z,Broncos,Browns,0.72,1,1,0.7150000000000001,41,32,960515.0
0xbfc1f48d2ef89dd19566ee0b9d9db74b919f3416982689ed1a0b38eadafe41f9,nfl-gb-det-2024-12-05,nfl,2,0,2024-12-06T01:15:00Z,Lions,Packers,0.615,1,1,0.625,34,31,1076824.0
0x386b414a9dc3961bab017a652a935669b4b1c956211dedc0fb6cae9483cc8877,nfl-atl-min-2024-12-08,nfl,2,0,2024-12-08T18:00:00Z,Vikings,Falcons,0.7,1,1,0.7150000000000001,42,21,382927.0
0x95ab5756b943bf8146f588e462877ccf03e5364ac564a9601470760234b5bff2,nfl-car-phi-2024-12-08,nfl,2,0,2024-12-08T18:00:00Z,Eagles,Panthers,0.885,1,1,0.865,22,16,336494.0
0x6b4968a4e7fcaf7179b825d87c108683cc3086eecaebaefd7d7bc47b9ec7ebf7,nfl-cle-pit-2024-12-08,nfl,2,0,2024-12-08T18:00:00Z,Steelers,Browns,0.72,1,1,0.735,27,14,235328.0
0x658b81d6d123ab39ea02d78b1dc386d2ced267f75a793c8e86d32a1d78a45022,nfl-jax-ten-2024-12-08,nfl,2,0,2024-12-08T18:00:00Z,Titans,Jaguars,0.605,0,1,0.625,6,10,154690.0
0x8f23054af6638c20f0ec5a2fe58e2103de5dcb4aa9098b866e92bdfd54a07e84,nfl-lv-tb-2024-12-08,nfl,2,0,2024-12-08T18:00:00Z,Buccaneers,Raiders,0.745,1,1,0.725,28,13,155578.0
0x0e2277d8c413e8d2e4457ebf1d848e662081b85af190b176c8ac5c5c4ec0c426,nfl-no-nyg-2024-12-08,nfl,2,0,2024-12-08T18:00:00Z,Saints,Giants,0.69,1,0,0.675,14,11,278295.0
0x41c84034f8e5f053905f6dbe87d0d923792839aecc2d18d872a872e1dc96b46b,nfl-nyj-mia-2024-12-08,nfl,2,0,2024-12-08T18:00:00Z,Dolphins,Jets,0.725,1,1,0.7150000000000001,32,26,348576.0
0xe043f9e47330c68a74b44ff60d7b89416538458999343c9c0a5ee619cee93689,nfl-sea-ari-2024-12-08,nfl,2,0,2024-12-08T21:05:00Z,Cardinals,Seahawks,0.615,0,1,0.575,18,30,436695.0
0x8a5856973c75efb73d8d07ca46cb50f10f6e66b7f859a28c5e51616d4697f708,nfl-buf-la-2024-12-08,nfl,2,0,2024-12-08T21:25:00Z,Bills,Rams,0.645,0,0,0.645,42,44,899128.0
0x298412f28ed641a772a9b920ad3f6095f3baf5a67b3d0b4e30776aeb00eb6478,nfl-chi-sf-2024-12-08,nfl,2,0,2024-12-08T21:25:00Z,49ers,Bears,0.605,1,1,0.62,38,13,221601.0
0x84759b103d45357f27592b16e25462167ca1e3aefb80aa29a39cab4429320fd9,nfl-lac-kc-2024-12-08,nfl,2,0,2024-12-09T01:20:00Z,Chiefs,Chargers,0.685,1,1,0.655,19,17,777863.0
0x119564ff5d0d25478f67c591615d1141ae49268c213f2b195eaae0686e91def0,nfl-cin-dal-2024-12-09,nfl,2,0,2024-12-10T01:15:00Z,Bengals,Cowboys,0.685,1,0,0.685,27,20,1080722.0
0x5132d0a92ad461ef662bd28c099337f1cc8b54242931d1c074a6bb5b9530a122,nfl-la-sf-2024-12-12,nfl,2,0,2024-12-13T01:15:00Z,49ers,Rams,0.595,0,1,0.585,6,12,1037420.0
0xfc6699592037ab55a67630c5a68b0f8bb85718d1518bafa5a758a00a0a760e84,nfl-bal-nyg-2024-12-15,nfl,2,0,2024-12-15T18:00:00Z,Ravens,Giants,0.925,1,0,0.92,35,14,131053.0
0x536e68a1aebc38b85058962eee12a7323fdab96ad6c1d2a3d8c60bee8130db26,nfl-cin-ten-2024-12-15,nfl,2,0,2024-12-15T18:00:00Z,Bengals,Titans,0.715,1,0,0.705,37,27,1109583.0
0x9d3dd3240db46be9558d856f5d82e45b9e86125c3d9fdb507d752e3c447cf779,nfl-dal-car-2024-12-15,nfl,2,0,2024-12-15T18:00:00Z,Panthers,Cowboys,0.575,0,1,0.575,14,30,166302.0
0x5b286601fcf583ebe194ac9c57e746e2c3319b8dd6893daf0cfeea085e07a798,nfl-kc-cle-2024-12-15,nfl,2,0,2024-12-15T18:00:00Z,Chiefs,Browns,0.685,1,0,0.695,21,7,760720.0
0x8e49c8fef05cbbe9252d9be561ace534e9b4e7254e9e1f2cf7ee5a909c201ea8,nfl-mia-hou-2024-12-15,nfl,2,0,2024-12-15T18:00:00Z,Texans,Dolphins,0.595,1,1,0.585,20,12,353956.0
0x74525549564755570c9de287e5a045a89c19c821545b3cd5dfdf6407cf6fc692,nfl-nyj-jax-2024-12-15,nfl,2,0,2024-12-15T18:00:00Z,Jets,Jaguars,0.63,1,0,0.615,32,25,449384.0
0x942e6592252e11bf733f08652a1177ac1b5f0c1e9c960d4cd370d3aeeaca164a,nfl-was-no-2024-12-15,nfl,2,0,2024-12-15T18:00:00Z,Commanders,Saints,0.77,1,0,0.775,20,19,124815.0
0xed846b6294cce35e19f661e4251a4e12882d2f55504a11720d6f672bafb48c27,nfl-buf-det-2024-12-15,nfl,2,0,2024-12-15T21:25:00Z,Lions,Bills,0.56,0,1,0.575,42,48,1041607.0
0x3d06d7f914dc48f3d95953bd37190638e2db523e7cf1383bef69431dda710c92,nfl-ind-den-2024-12-15,nfl,2,0,2024-12-15T21:25:00Z,Broncos,Colts,0.6699999999999999,1,1,0.665,31,13,226180.0
0x9e0cefadce1614c50f3bf79ae5e8dc346268fb649229372b0c4732c2ebaae233,nfl-ne-ari-2024-12-15,nfl,2,0,2024-12-15T21:25:00Z,Cardinals,Patriots,0.7150000000000001,1,1,0.7050000000000001,30,17,119503.0
0x300b2aba414e34ab494165e4baa2c06b9476e1c61b0b2b397a3f1671bb23a259,nfl-pit-phi-2024-12-15,nfl,2,0,2024-12-15T21:25:00Z,Eagles,Steelers,0.6950000000000001,1,1,0.6950000000000001,27,13,212048.0
0xa38c158c1084e994f2fe8081dd400d2ab51ab94b814658c69c374de421baf497,nfl-tb-lac-2024-12-15,nfl,2,0,2024-12-15T21:25:00Z,Chargers,Buccaneers,0.605,0,1,0.585,17,40,181508.0
0x40960294fd0d6416655f24ee138a4bdae0426efe3fbbf7217c7d6395b560131b,nfl-gb-sea-2024-12-15,nfl,2,0,2024-12-16T01:20:00Z,Packers,Seahawks,0.585,1,0,0.565,30,13,936665.0
0x0363d3a3a07ece8576d94b82928a17dd85e522fa3802c93fb2ade2eb74e79d16,nfl-chi-min-2024-12-16,nfl,2,0,2024-12-17T01:00:00Z,Vikings,Bears,0.76,1,1,0.745,30,12,967005.0
0xbd89d6ed8eef40a72238766a85634e22e205e164d12bb2754089e5a3b3799e08,nfl-atl-lv-2024-12-16,nfl,2,0,2024-12-17T01:30:00Z,Falcons,Raiders,0.735,1,0,0.695,15,9,1210105.0
0x575768d67dda782f6045d9dc31c5c5f97927758b5cba938fc1142fff50553334,nfl-den-lac-2024-12-19,nfl,2,0,2024-12-20T01:15:00Z,Chargers,Broncos,0.575,1,1,0.5700000000000001,34,27,701263.0
0xf6ea0a571a43a122471e1c7604d6bd8c267082a39758bdd8162dbfae0cd8d137,nfl-hou-kc-2024-12-21,nfl,2,0,2024-12-21T18:00:00Z,Chiefs,Texans,0.645,1,1,0.635,27,19,1234470.0
0x737a9a9e45137b18259d0753deb060ff8c58c8b10932c72f69eb85ffe00cb1ee,nfl-pit-bal-2024-12-21,nfl,2,0,2024-12-21T21:30:00Z,Ravens,Steelers,0.76,1,1,0.735,34,17,493831.0
0x1e0c69bf84fb76fd9cd2a0a78f1db98b3883d6aeb2db2ff0fbd6aa46b2d42670,nfl-ari-car-2024-12-22,nfl,2,0,2024-12-22T18:00:00Z,Cardinals,Panthers,0.7,0,0,0.675,30,36,311711.0
0x64ab3c8589a3100296c5f60f6215761ba45de5f8930f7767559ba1226eaca6ed,nfl-cle-cin-2024-12-22,nfl,2,0,2024-12-22T18:00:00Z,Bengals,Browns,0.8200000000000001,1,1,0.8049999999999999,24,6,171808.0
0x920344cfde22aa05d6d68ed914485b2964cc1bbba7b0b4b636f5dcea96caf47b,nfl-det-chi-2024-12-22,nfl,2,0,2024-12-22T18:00:00Z,Lions,Bears,0.745,1,0,0.755,34,17,714905.0
0xf9e4d261c38d76ad8b7e4b96ae69ffc26b1b0ac87571ac4f4bf2919e6f984a13,nfl-la-nyj-2024-12-22,nfl,2,0,2024-12-22T18:00:00Z,Rams,Jets,0.59,1,0,0.605,19,9,554231.0
0xc296b2cec8da6884e4c6ff1355ad17ef60eccc6df63b79e7772d4bc92e1dcd3c,nfl-ne-buf-2024-12-22,nfl,2,0,2024-12-22T18:00:00Z,Bills,Patriots,0.915,1,1,0.905,24,21,736379.0
0x541244e7cc1b628e6c937a7290bbc7ed178d309900ce863c9c9cdb36fc76348e,nfl-nyg-atl-2024-12-22,nfl,2,0,2024-12-22T18:00:00Z,Falcons,Giants,0.81,1,1,0.8049999999999999,34,7,195700.0
0x4f61244a916622ca1dcae38c162cebccfa2124f533e9bd3740196183afc20eca,nfl-phi-was-2024-12-22,nfl,2,0,2024-12-22T18:00:00Z,Eagles,Commanders,0.685,0,0,0.64,33,36,1009043.0
0x976664c5dd93bf33bfb54755c3196fe8ad7668fbb8eabbacc36f435eda38c2cd,nfl-ten-ind-2024-12-22,nfl,2,0,2024-12-22T18:00:00Z,Colts,Titans,0.6699999999999999,1,1,0.635,38,30,169440.0
0xcec87ce0f17fd9f682e8e1ffbf16c7b4770524cd601665722d9520912d567624,nfl-min-sea-2024-12-22,nfl,2,0,2024-12-22T21:05:00Z,Vikings,Seahawks,0.555,1,0,0.585,27,24,570735.0
0x1620358251a2c9802faafd655dfd2d3bb889350f31bc9a04d8effd6b4275f806,nfl-jax-lv-2024-12-22,nfl,2,0,2024-12-22T21:25:00Z,Raiders,Jaguars,0.55,1,1,0.5349999999999999,19,14,136733.0
0xb77c2f3caadad837e5f5d1a5f8cda62e955a04fb3111ef97c02395df04106ff0,nfl-sf-mia-2024-12-22,nfl,2,0,2024-12-22T21:25:00Z,49ers,Dolphins,0.545,0,0,0.505,17,29,210113.0
0x28225d6921d524a1a7dd08d639a664b043a94508829b7591f2d511434178f445,nfl-tb-dal-2024-12-22,nfl,2,0,2024-12-23T01:20:00Z,Buccaneers,Cowboys,0.695,0,0,0.5,24,26,1298840.0
0x646f58e9fb7a05559146d5f76c79ebd106acb5ea1320ff379f2715f601b695cc,nfl-no-gb-2024-12-23,nfl,2,0,2024-12-24T01:15:00Z,Packers,Saints,0.905,1,1,0.9,34,0,369648.0
0xada51bc42a264394ace58997a347b60351622d555a6c2a86ded3a78615e388ad,nfl-kc-pit-2024-12-25,nfl,2,0,2024-12-25T18:00:00Z,Chiefs,Steelers,0.555,1,0,0.59,29,10,2186450.0
0x523cdec10b279dc56c247e5f4bd18112e248cedb6787be16efb6fe38f35d8447,nfl-bal-hou-2024-12-25,nfl,2,0,2024-12-25T21:30:00Z,Ravens,Texans,0.745,1,0,0.705,31,2,2290681.0
0xd2987f9e8a627829c72a28aa65f5ced151f3e696139b528469c11890addf5204,nfl-sea-chi-2024-12-26,nfl,2,0,2024-12-27T01:15:00Z,Seahawks,Bears,0.675,1,0,0.655,6,3,1598228.0
0xc8fb957619c3ad8c9f29419f83373663867bf377688cdc17b1d1d49f0beec9f7,nfl-lac-ne-2024-12-28,nfl,2,0,2024-12-28T18:00:00Z,Chargers,Patriots,0.725,1,0,0.695,40,7,1619796.0
0xc55c68bf3a087e4d72b4d9821994685aa29e241ce2ccdd270503f29c85552f91,nfl-den-cin-2024-12-28,nfl,2,0,2024-12-28T21:30:00Z,Bengals,Broncos,0.615,1,1,0.635,30,24,2002575.0
0xd514cd59ba0dad2c4ed2ab3ab96fb6c479565eb2ebe7fdda553116cc1258da19,nfl-ari-la-2024-12-28,nfl,2,0,2024-12-29T01:00:00Z,Rams,Cardinals,0.735,1,1,0.735,13,9,2313350.0
0xb2ee812431adf7a99db4a94e5a043c4a4c33d218af399690f0831c05c9b5c155,nfl-car-tb-2024-12-29,nfl,2,0,2024-12-29T18:00:00Z,Buccaneers,Panthers,0.825,1,1,0.795,48,14,503624.0
0x9f1261e40c8cd913c986d68c890427a88da66d4a21e5f40f792ea7bc53faad09,nfl-gb-min-2024-12-29,nfl,2,0,2024-12-29T18:00:00Z,Packers,Vikings,0.505,0,0,0.475,25,27,2526932.0
0x174b42d7a8f351ffd49b95215bf684ef9a735b10d3bf394f25e6f7ffae290a35,nfl-ind-nyg-2024-12-29,nfl,2,0,2024-12-29T18:00:00Z,Colts,Giants,0.775,0,0,0.765,33,45,795451.0
0xc287b749c1c6eee77bdc3c15a9931ec40324f0d4e5321149675a5c59987482cc,nfl-lv-no-2024-12-29,nfl,2,0,2024-12-29T18:00:00Z,Raiders,Saints,0.535,1,0,0.525,25,10,281415.0
0x5f18896851d6fabcaacbf03d8e6b3a04cf07a809ece78a1d86cd59c84cf6f9f2,nfl-nyj-buf-2024-12-29,nfl,2,0,2024-12-29T18:00:00Z,Bills,Jets,0.825,1,1,0.825,40,14,934948.0
0x958f6a47a6ca6ecfca2834f82dda7d7b1cea3f077b48662ab8f325532fd48509,nfl-ten-jax-2024-12-29,nfl,2,0,2024-12-29T18:00:00Z,Titans,Jaguars,0.535,0,0,0.505,13,20,303259.0
0x25ff35efdb88220f324547dd2f2f5a5e2ebd9dec555c4ac03c5fd798ffcebb12,nfl-mia-cle-2024-12-29,nfl,2,0,2024-12-29T21:05:00Z,Dolphins,Browns,0.625,1,0,0.605,20,3,638865.0
0xe6219942af0dd2bef69f8d4037f737691b7dbb0ab51ab3e6e95f6f8d6e4a0802,nfl-dal-phi-2024-12-29,nfl,2,0,2024-12-29T21:25:00Z,Eagles,Cowboys,0.775,1,1,0.755,41,7,406110.0
0xe4c4ecd60c6383a04e7319c2539af61492667c745d1e1108416b1b961c5d2e1b,nfl-atl-was-2024-12-29,nfl,2,0,2024-12-30T01:20:00Z,Commanders,Falcons,0.655,1,1,0.645,30,24,2713723.0
0xce908f140145b3d28abe31e0ad189be3031248aec1ceb057266f6f5c143be097,nfl-det-sf-2024-12-30,nfl,2,0,2024-12-31T01:15:00Z,Lions,49ers,0.665,1,0,0.655,40,34,4036535.0
0xdd7a0b09d817e3fce98b1f3b95a1ec4514f635cb202ef12af73d365411470299,nfl-cle-bal-2025-01-04,nfl,2,0,2025-01-04T21:30:00Z,Ravens,Browns,0.945,1,1,0.945,35,10,2042661.0
0xa3ff09b5ebab7398acc7686bc967141b980d6aeb61f15995268002e67be07c33,nfl-cin-pit-2025-01-04,nfl,2,0,2025-01-05T01:00:00Z,Bengals,Steelers,0.555,1,0,0.555,19,17,2302889.0
0x989df6a334b7eec20398a0ca8cd22841683b637092d4cb769257907db45cd542,nfl-buf-ne-2025-01-05,nfl,2,0,2025-01-05T05:00:00Z,Bills,Patriots,0.645,0,0,0.605,16,23,1331518.0
0x16e565c875d39b2b78e3060061df742d339ca0da5d6937727e56fcf9e39f2510,nfl-car-atl-2025-01-05,nfl,2,0,2025-01-05T05:00:00Z,Falcons,Panthers,0.775,0,1,0.785,38,44,700283.0
0x75dbcd792829abade7338e3b2293f465c97a678ba9d3120c78dcfaad2d552a35,nfl-chi-gb-2025-01-05,nfl,2,0,2025-01-05T05:00:00Z,Packers,Bears,0.81,0,1,0.815,22,24,462530.0
0x007d96e86168e3eba267690f04492b5a3a0250970746dbbb17266a26e8f84ddb,nfl-hou-ten-2025-01-05,nfl,2,0,2025-01-05T05:00:00Z,Titans,Texans,0.525,0,1,0.525,14,23,806239.0
0x51fdf908692ac89ae6879c5b31195868aefffaca59ef553bf81e91a6b0019cdb,nfl-jax-ind-2025-01-05,nfl,2,0,2025-01-05T05:00:00Z,Colts,Jaguars,0.605,1,1,0.65,26,23,102435.0
0x77b3382851ae13cb9e5326ead7c237460a7be86b663bac0d06c4d543e9952531,nfl-kc-den-2025-01-05,nfl,2,0,2025-01-05T05:00:00Z,Broncos,Chiefs,0.835,1,1,0.815,38,0,558552.0
0x60c3a523f15715d732413ded5b3ea5281f5ae8ec099403f3580889bc4faae475,nfl-lac-lv-2025-01-05,nfl,2,0,2025-01-05T05:00:00Z,Chargers,Raiders,0.755,1,0,0.665,34,20,1236824.0
0xa3f9c7e8b330890372abe97704984fcea1a8f99baf862ca130d50df49a9dd081,nfl-mia-nyj-2025-01-05,nfl,2,0,2025-01-05T05:00:00Z,Jets,Dolphins,0.505,1,1,0.475,32,20,988493.0
0x41c0ac27c997157304bba97588f5db90c72004203777b097f46471d9988f7c04,nfl-min-det-2025-01-05,nfl,2,0,2025-01-05T05:00:00Z,Lions,Vikings,0.585,1,1,0.585,31,9,2607119.0
0xae607acf602a42774a156ce8c2beb6a9a6a2c698f56d8d3ada4f7d4b1f308496,nfl-no-tb-2025-01-05,nfl,2,0,2025-01-05T05:00:00Z,Buccaneers,Saints,0.905,1,1,0.89,27,19,491620.0
0xa86c081244ef4d4ee4d9e7eb618f2b1b36e9856f34a4f33ac277e867e5d1ced3,nfl-nyg-phi-2025-01-05,nfl,2,0,2025-01-05T05:00:00Z,Eagles,Giants,0.565,1,1,0.55,20,13,535590.0
0x2c9bb2329884bc00aa54dda8453dd316a66ec91efda7c63b6a3f3135d10c5347,nfl-sea-la-2025-01-05,nfl,2,0,2025-01-05T05:00:00Z,Seahawks,Rams,0.735,1,0,0.725,30,25,420732.0
0x165f860cf83d9c90be39bb987d7765ae17622bc8465ef760ea909d77fdd0a95f,nfl-sf-ari-2025-01-05,nfl,2,0,2025-01-05T05:00:00Z,Cardinals,49ers,0.675,1,1,0.665,47,24,213060.0
0x0d5846dad0606fd9aab89dae51db8848aa5d43a8169c58665e2853572bb0840c,nfl-was-dal-2025-01-05,nfl,2,0,2025-01-05T05:00:00Z,Commanders,Cowboys,0.745,1,0,0.725,23,19,732201.0
0x145ed5c15e030117f5ea8053a9c5dd0731f889c87284f710b53ab1660a9dd473,nfl-lac-hou-2025-01-11,nfl,3,0,2025-01-11T21:30:00Z,Chargers,Texans,0.595,0,0,0.595,12,32,3161796.0
0x91b83325a6f0a239908e39ea2f30c41f11a8e6fcaf2802599b65bdf952f072c5,nfl-pit-bal-2025-01-11,nfl,3,0,2025-01-12T01:00:00Z,Ravens,Steelers,0.815,1,1,0.815,28,14,1313824.0
0xa4da4790dd4968377ddc10386b5d0c71779633d221ba2be9258738d4523c58e9,nfl-den-buf-2025-01-12,nfl,3,0,2025-01-12T18:00:00Z,Bills,Broncos,0.795,1,1,0.8049999999999999,31,7,2103431.0
0x12496995954c4d3fac97d6bf5345b5f16acbdb137b67a9a0699fa2b6cdde1143,nfl-gb-phi-2025-01-12,nfl,3,0,2025-01-12T21:30:00Z,Eagles,Packers,0.7050000000000001,1,1,0.685,22,10,3234591.0
0x7c9a59e9f309273ab4338fc5f2c7f1d424875143751d2fcea08f5e605b411f81,nfl-was-tb-2025-01-12,nfl,3,0,2025-01-13T01:00:00Z,Buccaneers,Commanders,0.605,0,1,0.605,20,23,2031295.0
0x4467c216585673854a8f397900e08dea1b913b3f70e762a55252cbbb89319dde,nfl-min-la-2025-01-13,nfl,3,0,2025-01-14T01:00:00Z,Vikings,Rams,0.565,0,0,0.555,9,27,3542431.0
0x065ac10ba499267ee96cb559a099f4ced08bbd145d4c156df87206ad26906757,nfl-hou-kc-2025-01-18,nfl,3,0,2025-01-18T21:30:00Z,Chiefs,Texans,0.825,1,1,0.8049999999999999,23,14,3538113.0
0xc61d58d10dd07c779f61a961e9ecc3c3ed298c23e2503dc8145b6a44fc5abb53,nfl-was-det-2025-01-18,nfl,3,0,2025-01-19T01:00:00Z,Lions,Commanders,0.815,0,1,0.815,31,45,4503717.0
0xdffe14ea0bbbd0dc31f21e250af8474595ea207c40beed560d401eed8698a717,nfl-la-phi-2025-01-19,nfl,3,0,2025-01-19T20:00:00Z,Eagles,Rams,0.765,1,1,0.7150000000000001,28,22,2682823.0
0x7fbc372d5574c3b0fd007f292df7855a76948768149f2a2574e065c4798bb753,nfl-bal-buf-2025-01-19,nfl,3,0,2025-01-19T23:30:00Z,Ravens,Bills,0.525,0,0,0.515,25,27,3346564.0
0xa201b01415901949c29cecc61ac217b9f4e0e8e750b9a7310bca0255376feba8,nfl-was-phi-2025-01-26,nfl,3,0,2025-01-26T20:00:00Z,Eagles,Commanders,0.7050000000000001,1,1,0.725,55,23,3601971.0
0xbdb10ccc5a7f29407bcc40cb5b5811cfaefb9448c87ee68fd31fb222e4d8100c,nfl-buf-kc-2025-01-26,nfl,3,0,2025-01-26T23:30:00Z,Chiefs,Bills,0.525,1,1,0.5449999999999999,32,29,5261146.0
0x5d431b964aa4221c3cdb2285146671879c4a78018077ebb6bd682ef06e627b2a,nfl-dal-phi-2025-09-04,nfl,2,0,2025-09-05T00:20:00Z,Eagles,Cowboys,0.785,1,1,0.785,24,20,3880647.0
0x800439094b33b59a2906cc90043818d4e35d1df87ae4995ac5f7d7b00a8494b0,nfl-kc-lac-2025-09-05,nfl,2,1,2025-09-06T00:00:00Z,Chiefs,Chargers,0.605,0,0,0.605,21,27,2820076.0
0x35299ef93cb05afc0591faa883c29ece317b78e9d42da9ec88b65b1af6da51cb,nfl-ari-no-2025-09-07,nfl,2,0,2025-09-07T17:00:00Z,Cardinals,Saints,0.705,1,0,0.725,20,13,1176703.0
0xa9e327c25e8812a25eef1a5148bea64a9220a5648ea7146bda09fdb3d860651d,nfl-car-jax-2025-09-07,nfl,2,0,2025-09-07T17:00:00Z,Jaguars,Panthers,0.675,1,1,0.645,26,10,312805.0
0x3346ce8dea0d6aa3d64696e0c997db6888e52c492117c8c9bab750937baeab20,nfl-cin-cle-2025-09-07,nfl,2,0,2025-09-07T17:00:00Z,Bengals,Browns,0.685,1,0,0.675,17,16,1491655.0
0x7c7b30d19854739d735ae8a582730c3b78bdd81f9f25fb89abb3769dc8dfb987,nfl-lv-ne-2025-09-07,nfl,2,0,2025-09-07T17:00:00Z,Patriots,Raiders,0.575,0,1,0.56,13,20,572839.0
0xb056305ae1515cfc9d3b990f736de52dae0589804afff219501f28c41d10e6fd,nfl-mia-ind-2025-09-07,nfl,2,0,2025-09-07T17:00:00Z,Colts,Dolphins,0.525,1,1,0.495,33,8,993684.0
0x08b487097d32f349beecfbd3f7bc00ef4a59d3c166e5f7c0cbf1e21db5f17af1,nfl-nyg-was-2025-09-07,nfl,2,0,2025-09-07T17:00:00Z,Commanders,Giants,0.725,1,1,0.7150000000000001,21,6,579061.0
0xb465ac540cc8d3ba2a467a26c164698214dcd7e4d838e74758ae560710702559,nfl-pit-nyj-2025-09-07,nfl,2,0,2025-09-07T17:00:00Z,Steelers,Jets,0.605,1,0,0.585,34,32,1041401.0
0x9b3edfe78e9d604ffd30b34d025c93316e89eb970fbec373094aa02e87e3363e,nfl-tb-atl-2025-09-07,nfl,2,0,2025-09-07T17:00:00Z,Buccaneers,Falcons,0.505,1,0,0.51,23,20,1238682.0
0xa7a09dde2f28c54eb6b2e3e2134c0423b1709f54cbfb57141cc319366820b753,nfl-sf-sea-2025-09-07,nfl,2,0,2025-09-07T20:05:00Z,49ers,Seahawks,0.555,1,0,0.53,17,13,1005035.0
0x1a8631f0ed4bfd974a9b68a5a6984fdac27226b508b84ff6715305193fb1d157,nfl-ten-den-2025-09-07,nfl,2,0,2025-09-07T20:05:00Z,Broncos,Titans,0.785,1,1,0.785,20,12,1052090.0
0xf7efe36a5a30d3189f50bd33c8248d5601604eb6301af6c55a7e8098852e8c89,nfl-det-gb-2025-09-07,nfl,2,0,2025-09-07T20:25:00Z,Packers,Lions,0.515,1,1,0.5449999999999999,27,13,1362458.0
0xcd044c77e586536eef7ab9e37e67631347a573be58cd6711a27103e454b385bb,nfl-hou-la-2025-09-07,nfl,2,0,2025-09-07T20:25:00Z,Rams,Texans,0.605,1,1,0.605,14,9,1907524.0
0x7f2e645fd40487882cc9e7a05d240f5b1c2220a361fbb345b21f921070411409,nfl-bal-buf-2025-09-07,nfl,2,0,2025-09-08T00:20:00Z,Ravens,Bills,0.515,0,0,0.525,40,41,3651319.0
0xd4cf0aec58a81982ef375d7a3112468d245dae62eec65ce074ad59f3c9d194ec,nfl-min-chi-2025-09-08,nfl,2,0,2025-09-09T00:15:00Z,Vikings,Bears,0.505,1,0,0.525,27,24,3649421.0
0x5de0620798bee8e21ca383161d2c22f04d8d5a1bb0699d086791a0facc3a9837,cfb-ncst-wake-2025-09-11,cfb,2,0,2025-09-11T23:30:00Z,North Carolina State,Wake Forest,0.725,1,0,0.72,34,24,187660.0
0x868a479c6edc7a88a30961664c00a81e5006a5259a80294133c735c6b21f4569,nfl-was-gb-2025-09-11,nfl,2,0,2025-09-12T00:15:00Z,Packers,Commanders,0.625,1,1,0.625,27,18,3048366.0
0xf1b72e9bb00bd6a519b17f51c14c4211b2983b0f10f5d9aee6dcc3b8a700ff04,cfb-col-hou-2025-09-12,cfb,2,0,2025-09-12T23:30:00Z,Houston,Colorado,0.64,1,1,0.635,36,20,462718.0
0x9a2c2ffe8b7d60010b225f98377754d863fff5a2ea830f8b8558177fac2f0af1,cfb-ksu-ariz-2025-09-12,cfb,2,0,2025-09-13T01:00:00Z,Kansas State,Arizona,0.515,0,0,0.515,17,23,394540.0
0xef962d69bb9b48628ed81f0c41e401fa6f99e8a16e05e20651586d009fdc17bf,cfb-unm-ucla-2025-09-12,cfb,2,0,2025-09-13T02:00:00Z,UCLA,New Mexico,0.84,0,1,0.83,10,35,212946.0
0x3e3e0ade855d6f9bcfd83f174acc0492bb34f473cfa3dd372c5d558d97d3f37d,cfb-buf-kent-2025-09-13,cfb,2,0,2025-09-13T16:00:00Z,Buffalo,Kent State,0.935,1,0,0.935,31,28,28822.0
0x8cb9e4da52c62f1a8ab04ce8deecd98cfc1953ef1f669d5a4d63c7adced3eb02,cfb-clem-gt-2025-09-13,cfb,2,0,2025-09-13T16:00:00Z,Clemson,Georgia Tech,0.575,0,0,0.58,21,24,458517.0
0xc2c4838ebe520355361bd69a9a81ee88f1383ae3aff4acb0ed70388a4f4fba14,cfb-cmu-mich-2025-09-13,cfb,2,0,2025-09-13T16:00:00Z,Michigan,Central Michigan,0.962,1,1,0.9585,63,3,41993.0
0x21ed1849725e328ad0d7f83a858df5ef2487eab5530c6669739405be6d993cdc,cfb-mem-troy-2025-09-13,cfb,2,0,2025-09-13T16:00:00Z,Memphis,Troy,0.635,1,0,0.615,28,7,54908.0
0x22d4a4f67983a4dddc118b0791bc5f2019f847719d1ff1461679ed3579e7e3d2,cfb-okla-tem-2025-09-13,cfb,2,0,2025-09-13T16:00:00Z,Oklahoma,Temple,0.94,1,0,0.935,42,3,10749.0
0xc1713d44821cfe9325e9ec5c728aafb842857e0d83e88fe70d7817153db44dbe,cfb-oreg-nwest-2025-09-13,cfb,2,0,2025-09-13T16:00:00Z,Oregon,Northwestern,0.9645,1,0,0.9665,34,14,11619.0
0x589a832eace43d246cdd4508088cc2807286e995e72437a17990e76b8c63c878,cfb-wis-bama-2025-09-13,cfb,2,0,2025-09-13T16:00:00Z,Alabama,Wisconsin,0.905,1,1,0.92,38,14,163895.0
0x42c89ea1e269d01d4649ccd9c7cb8298e1b16d90dd2d1c0dd3f2f1d09e6743e4,cfb-orst-ttu-2025-09-13,cfb,2,0,2025-09-13T19:30:00Z,Texas Tech,Oregon State,0.955,1,1,0.9299999999999999,45,14,19769.0
0x65f7bb9082a6c283ef8facf64a6befee0b033249cb3f1920724f41bf956b4b38,cfb-pitt-wvu-2025-09-13,cfb,2,0,2025-09-13T19:30:00Z,Pittsburgh,West Virginia,0.715,0,0,0.715,24,31,101730.0
0xdfc6409d7a2ada81f66c4c0f5750acdc7b7fca8967cbf7c94291c0a9f4e4c259,cfb-uga-tenn-2025-09-13,cfb,2,0,2025-09-13T19:30:00Z,Georgia,Tennessee,0.61,1,0,0.62,44,41,476875.0
0xfa7ed6fbf869842736bce0b13878f5add5249c2ebf3c39f4e324457c9d4912ad,cfb-usc-purd-2025-09-13,cfb,2,0,2025-09-13T19:30:00Z,USC,Purdue,0.915,1,0,0.92,33,17,69943.0
0xc9fba0042f7f793fb896167ac96457637f616d243de5b2086324510300fc33a0,cfb-wsu-unt-2025-09-13,cfb,2,0,2025-09-13T19:30:00Z,North Texas,Washington State,0.7,1,1,0.6599999999999999,59,10,92750.0
0x681017130b6ebd5f1ed595be515d7d649356336fa013a3ff9bf4e141d239990f,cfb-isu-arst-2025-09-13,cfb,2,0,2025-09-13T20:00:00Z,Iowa State,Arkansas State,0.925,1,0,0.925,24,16,29568.0
0xb2b47e105e637e6d61ca7788ce57f5b40bb9fac2874ffb9a09cc41afcf12dd58,cfb-ull-mizz-2025-09-13,cfb,2,0,2025-09-13T20:00:00Z,Missouri,Louisiana,0.955,1,1,0.955,52,10,47864.0
0xb9313af5407d88e184a596b97b563018a06a0a413fdea2d4b248178553943d64,cfb-utep-tex-2025-09-13,cfb,2,0,2025-09-13T20:15:00Z,Texas,UTEP,0.986,1,1,0.984,27,10,14520.0
0x37a1e6c1123e23cc6693c6ad647e3a15d5032b0a82a8117492886590cf45c211,cfb-usf-miami-2025-09-13,cfb,2,0,2025-09-13T20:30:00Z,Miami,South Florida,0.865,1,1,0.86,49,12,100240.0
0x35478b10d63322ce3942a62597fd93a48c0c00ae87e93c5b53de31c57c9393c5,cfb-lib-bgsu-2025-09-13,cfb,2,0,2025-09-13T21:00:00Z,Liberty,Bowling Green,0.675,0,0,0.66,13,23,14495.0
0x2aebb5759a8b910377bf7b7cea49a220a706f9d9cffa0d07ec3ff399ac1e3c87,cfb-fau-fiu-2025-09-13,cfb,2,0,2025-09-13T22:00:00Z,Florida International,Florida Atlantic,0.5449999999999999,1,1,0.53,38,28,34757.0
0x896862dd2236de83cb55b3b73faa7e60a73a483299a7516f83be87809357df89,cfb-app-usm-2025-09-13,cfb,2,0,2025-09-13T23:00:00Z,Appalachian State,Southern Mississippi,0.595,0,0,0.605,22,38,23686.0
0xc355b3042288584c781d6a888107cd014422aae9ebf2534029168c8b5e3e6dd4,cfb-ark-miss-2025-09-13,cfb,2,0,2025-09-13T23:00:00Z,Ole Miss,Arkansas,0.615,1,1,0.685,41,35,104298.0
0x2b5e5a3d8c979c2287e5c6d03f80325832ecd3bacf34e61687e49cc5c7c0c65d,cfb-jvst-gaso-2025-09-13,cfb,2,0,2025-09-13T23:00:00Z,Georgia Southern,Jacksonville State,0.595,1,1,0.5800000000000001,41,34,17416.0
0xa896f7e0e82e26e7850aae45025419bcdacb2dc2a3cf1ac2a16f3fb7d37df01a,cfb-odu-vt-2025-09-13,cfb,2,0,2025-09-13T23:00:00Z,Virginia Tech,Old Dominion,0.6699999999999999,0,1,0.675,26,45,15709.0
0xd6d075c8b5a584f7a09d36d8926feabe7e3a611c45e5a5d653e320ac8fc21e71,cfb-ohio-osu-2025-09-13,cfb,2,0,2025-09-13T23:00:00Z,Ohio State,Ohio,0.9795,1,1,0.9815,37,9,29119.0
0x8fcf34736e8cd7fa3c8b285ff3c102b8e9a988492697c309dbdf52bc529c4a89,cfb-emu-uk-2025-09-13,cfb,2,0,2025-09-13T23:30:00Z,Kentucky,Eastern Michigan,0.945,1,1,0.945,48,23,12959.0
0xbc5606b54063444d85678e1cdb6840ad24ed7dd5bdaa4f70ad268fb244753194,cfb-txam-nd-2025-09-13,cfb,2,0,2025-09-13T23:30:00Z,Notre Dame,Texas A&M,0.69,0,1,0.6799999999999999,40,41,394361.0
0xadba1e2198bf38d497b94031b863f5fe6105c938b3916bb6bd91e673b28e3f69,cfb-uf-lsu-2025-09-13,cfb,2,0,2025-09-13T23:30:00Z,LSU,Florida,0.675,1,1,0.72,20,10,278524.0
0xdcb60596f330221286f1afdc73d2ae5ff80780a62701e0b842252740e56834c3,cfb-vand-scar-2025-09-13,cfb,2,0,2025-09-13T23:45:00Z,South Carolina,Vanderbilt,0.5900000000000001,0,1,0.585,7,31,95256.0
0x15a6075c56250acec5ec5d610e721bbcfd9fffacec078a1297880e044b52b237,cfb-duke-tuln-2025-09-13,cfb,2,0,2025-09-14T00:00:00Z,Tulane,Duke,0.515,1,1,0.53,34,27,107571.0
0xa7b921829bfbb7f4bdd7be76428003f84c57387fae71be968b798a7a53396c57,cfb-navy-tlsa-2025-09-13,cfb,2,0,2025-09-14T00:00:00Z,Navy,Tulsa,0.825,1,0,0.83,42,23,15306.0
0x410e02710998661628538d3abc53c1ecc733f23dea474dd805b4a631a291ad72,cfb-utah-wyo-2025-09-13,cfb,2,0,2025-09-14T00:00:00Z,Utah,Wyoming,0.945,1,0,0.93,31,6,19830.0
0xb7997461d7391ced67fb5abfe08409586c9ccec0d6a729250cc3517c333fe118,cfb-af-utst-2025-09-13,cfb,2,0,2025-09-14T01:45:00Z,Air Force,Utah State,0.635,0,0,0.64,30,49,51773.0
0x8af7481b3a52afb5131e252b633ffe21d63160d4c5027ed6ec07e35aa67b39e3,cfb-bc-stan-2025-09-13,cfb,2,0,2025-09-14T02:30:00Z,Boston College,Stanford,0.83,0,0,0.83,20,30,62083.0
0xf24ec3bc26f79f51b6f29adc1c77a9e3baca8adcdc6c144662306201eb9a55e3,cfb-minn-cal-2025-09-13,cfb,2,0,2025-09-14T02:30:00Z,Minnesota,California,0.585,0,0,0.58,14,27,286547.0
0x3734f860f2ab22a25283b38808c14c8c9957cc218cfd281ef70535b6f9d6808e,cfb-txst-azst-2025-09-13,cfb,2,0,2025-09-14T02:30:00Z,Arizona State,Texas State,0.88,1,1,0.87,34,15,77983.0
0x1444251b3dafb9a59d8d2cea3c6455850c1d36003f03dfbc2e094da2ab2dd161,nfl-buf-nyj-2025-09-14,nfl,2,0,2025-09-14T17:00:00Z,Bills,Jets,0.705,1,0,0.735,30,10,2291424.0
0x0eb549ada746e7e1f32d33d3bcb7f4c38130fae33a27fd01d39d5d88fa155524,nfl-chi-det-2025-09-14,nfl,2,0,2025-09-14T17:00:00Z,Lions,Bears,0.7150000000000001,1,1,0.725,52,21,558697.0
0x4e557959c5f78255856b860a97a3e72b34a263ffceced545dc2f98a206ebe61f,nfl-cle-bal-2025-09-14,nfl,2,0,2025-09-14T17:00:00Z,Ravens,Browns,0.875,1,1,0.88,41,17,623847.0
0x6041cb78d3398ec805169b3ff7ba94b9c2e5ad1b31097989ae05d366ba7955de,nfl-jax-cin-2025-09-14,nfl,2,0,2025-09-14T17:00:00Z,Bengals,Jaguars,0.645,1,1,0.635,31,27,1171955.0
0x9e7c130fb42833e3a72b4fbb013a5119ed7d6fc06c986a19cb3f016e276ae622,nfl-la-ten-2025-09-14,nfl,2,0,2025-09-14T17:00:00Z,Rams,Titans,0.685,1,0,0.7,33,19,890905.0
0xd41dee54378dbc6371cd731879e20dab13f48ce686fef20a14e2010004c69bde,nfl-ne-mia-2025-09-14,nfl,2,0,2025-09-14T17:00:00Z,Dolphins,Patriots,0.5549999999999999,0,1,0.5549999999999999,27,33,558403.0
0xf3ded5c94e43f3b2ed2b00880fb4dd571124e839b31c7499f567d29e2e978aec,nfl-nyg-dal-2025-09-14,nfl,2,0,2025-09-14T17:00:00Z,Cowboys,Giants,0.675,1,1,0.6950000000000001,40,37,1122564.0
0x3255139811b2eed367c3329581059bd34a37047fd414308c75d7100e7101283b,nfl-sea-pit-2025-09-14,nfl,2,0,2025-09-14T17:00:00Z,Steelers,Seahawks,0.645,0,1,0.61,17,31,1311718.0
0x2209d272f45481a4815f9311d94067c2cb2b932546298368f2a3322275169fc6,nfl-sf-no-2025-09-14,nfl,2,0,2025-09-14T17:00:00Z,49ers,Saints,0.605,1,0,0.595,26,21,1708561.0
0x573aba90ae041b95e9b835f073bfe7eaaa04511d73ed7dc2e5cddce06ff77ba5,nfl-car-ari-2025-09-14,nfl,2,0,2025-09-14T20:05:00Z,Cardinals,Panthers,0.765,1,1,0.745,27,22,1155397.0
0xddf98fc07d7824086f2bb238ff0a7c86268f9bd1e9c23c3f92470fe2a658c7d3,nfl-den-ind-2025-09-14,nfl,2,0,2025-09-14T20:05:00Z,Broncos,Colts,0.53,0,0,0.525,28,29,2444427.0
0xbaeed5f2c31695be7bfbed65abe9b1e1abd30090b0837fc4dc1f238c41c99c23,nfl-phi-kc-2025-09-14,nfl,2,0,2025-09-14T20:25:00Z,Eagles,Chiefs,0.505,1,0,0.525,20,17,1635710.0
0xe2f107836a6236398720178a48a51f0745260d5bf508d2422104c00eca2d6890,nfl-atl-min-2025-09-14,nfl,2,0,2025-09-15T00:20:00Z,Vikings,Falcons,0.615,0,1,0.615,6,22,1601225.0
0x542f347e86af3c848754daee52f296a9f2244db0f62c1e713b9ace8e5dcd7677,nfl-tb-hou-2025-09-15,nfl,2,0,2025-09-15T23:00:00Z,Texans,Buccaneers,0.575,0,1,0.575,19,20,1871934.0
0x269c676c69555c6f9609178c0c1b2c7469d413e7e22cd0f340c87390a4f6e766,nfl-lac-lv-2025-09-15,nfl,2,0,2025-09-16T02:00:00Z,Chargers,Raiders,0.635,1,0,0.625,20,9,4286153.0
0x34e17ce3dfbc04915a1a94b1bd7c43cae7247d13423ac4df9fca6205797806e4,cfb-rice-char-2025-09-18,cfb,2,0,2025-09-18T23:30:00Z,Rice,Charlotte,0.535,1,0,0.535,28,17,132521.0
0xe0a4a160343d3f6f12f3518ac336deee778f9c922c3a8cebc22e4e9bb90947d9,nfl-mia-buf-2025-09-18,nfl,2,0,2025-09-19T00:15:00Z,Bills,Dolphins,0.86,1,1,0.865,31,21,3020631.0
0xf2ee332a87953159001b2ef6077207a054cae6ac5c86c312fbed034ac6a61cce,cfb-tlsa-okst-2025-09-19,cfb,2,0,2025-09-19T23:30:00Z,Oklahoma State,Tulsa,0.785,0,1,0.79,12,19,306707.0
0xcb48a4793e9c7b9a638447ecdbbeaa39584ccb8cff323847a3d25c61fd7fdfdb,cfb-iowa-rutg-2025-09-19,cfb,2,0,2025-09-20T00:00:00Z,Iowa,Rutgers,0.545,1,0,0.545,38,28,1574042.0
0xe671e803cfb5f3febf9e37f91c9b186dbe22fca81952636ddfd17f892bc6177a,cfb-ark-mem-2025-09-20,cfb,2,0,2025-09-20T16:00:00Z,Arkansas,Memphis,0.715,0,0,0.71,31,32,254991.0
0x02960034e4e6e1825b0232e9a85c4b532db2fec36ad8faba6e1a9b8c14558706,cfb-bgsu-lou-2025-09-20,cfb,2,0,2025-09-20T16:00:00Z,Louisville,Bowling Green,0.9585,1,1,0.9595,40,17,87583.0
0x3f9ce029d4e77986b7204bf74c6fd31f11bfae9a0b11b40368e05409bc674b68,cfb-mary-wis-2025-09-20,cfb,2,0,2025-09-20T16:00:00Z,Wisconsin,Maryland,0.775,0,1,0.76,10,27,71537.0
0x0bb8cc3e94a64e15402deecc9efacda23e63325f657ee1d630ccfcdc50683df9,cfb-smu-tcu-2025-09-20,cfb,2,0,2025-09-20T16:00:00Z,TCU,SMU,0.675,1,1,0.69,35,24,156319.0
0xbe48dca9ed91dcf5d2e176821388fae58b40c15d34714ab477e1fdc9683ae242,cfb-syr-clem-2025-09-20,cfb,2,0,2025-09-20T16:00:00Z,Clemson,Syracuse,0.865,0,1,0.875,21,34,485634.0
0xee4bfb0db500e2d4ce48311f4a67721f8986ba1a79f40cb5f8226f924b1b65fc,cfb-ttu-utah-2025-09-20,cfb,2,0,2025-09-20T16:00:00Z,Utah,Texas Tech,0.61,0,1,0.605,10,34,286363.0
0x32594e91901c9e11a5940b2090f5fc4654c419737de7df35a8d1a74f835d6996,cfb-unlv-moh-2025-09-20,cfb,2,0,2025-09-20T16:00:00Z,UNLV,Miami (OH),0.53,1,0,0.54,41,38,73312.0
0x41a06b56c418abc793e2045292b6707533aefd49c979bb75142f56204840b735,cfb-unt-army-2025-09-20,cfb,2,0,2025-09-20T16:00:00Z,North Texas,Army,0.575,1,0,0.525,45,38,93625.0
0xbec99f642e104a6a9023d2d2fffa1859c8c6ee6f2d8bd7f4dd15cbb5491cf72a,cfb-uab-tenn-2025-09-20,cfb,2,0,2025-09-20T16:45:00Z,Tennessee,UAB,0.9845,1,1,0.981,56,24,39054.0
0xbcc44acb3ca67f8c9d989b431ee364629e03a2e668cbc67cd5bbfc724b131ece,cfb-orst-oreg-2025-09-20,cfb,2,0,2025-09-20T19:00:00Z,Oregon,Oregon State,0.9795,1,1,0.9845,41,7,80741.0
0xc5dbdb24fa06832401d5ab845fb55a1e8f885fdcf4b24537c91b9c0ff20058f5,cfb-aub-okla-2025-09-20,cfb,2,0,2025-09-20T19:30:00Z,Oklahoma,Auburn,0.6950000000000001,1,1,0.6950000000000001,24,17,195077.0
0x64bc6723e94678f6f6e725f7f746874d4ca3eaa613e7c6681369bf44ab9178ec,cfb-ball-conn-2025-09-20,cfb,2,0,2025-09-20T19:30:00Z,UConn,Ball State,0.92,1,1,0.92,31,25,26630.0
0xcc6b61212319fa5f2faaaf0115026ae36615c543b9da899987bc2ed6eaebc42d,cfb-jmu-lib-2025-09-20,cfb,2,0,2025-09-20T19:30:00Z,James Madison,Liberty,0.745,1,0,0.755,31,13,22820.0
0xcad5ff55e440eb956b7044418c2d5431a2432a06a9f967340f71668a8886dad0,cfb-kent-fsu-2025-09-20,cfb,2,0,2025-09-20T19:30:00Z,Florida State,Kent State,0.993,1,1,0.994,66,10,62403.0
0x8ee322293f4ed5459114fc50ea6a918b128e82e43c57fce563e12c802ef44a93,cfb-mich-neb-2025-09-20,cfb,2,0,2025-09-20T19:30:00Z,Michigan,Nebraska,0.505,1,0,0.52,30,27,1037832.0
0x6a7b6e8e995810d4521a92ab5050c4fc5b0529fd3dc6b3515ca9e880816a1edf,cfb-nc-ucf-2025-09-20,cfb,2,0,2025-09-20T19:30:00Z,UCF,North Carolina,0.685,1,1,0.6950000000000001,34,9,56528.0
0xd127eb7c290289506f73892c93f4a0fd75fa3f6e7ff82603eddbbdaa687c5681,cfb-purd-nd-2025-09-20,cfb,2,0,2025-09-20T19:30:00Z,Notre Dame,Purdue,0.935,1,1,0.94,56,30,128220.0
0x4c03b4c8715ff94a27f3f40db38d65f34f3dfca3ea9d30e4e88eee23baadb87e,cfb-tol-wmu-2025-09-20,cfb,2,0,2025-09-20T19:30:00Z,Toledo,Western Michigan,0.815,0,0,0.83,13,14,12667.0
0x0affe85c6f20ceb60db89578d2096f49b1133146f4538c06e9bdd2454da9a992,cfb-troy-buf-2025-09-20,cfb,2,0,2025-09-20T19:30:00Z,Buffalo,Troy,0.655,0,1,0.665,17,21,11430.0
0xc331db2f14d42ec977c0ab00341dd3a755ffa3a1b1155fb1a31fd5e954324805,cfb-tuln-miss-2025-09-20,cfb,2,0,2025-09-20T19:30:00Z,Ole Miss,Tulane,0.795,1,1,0.785,45,10,71146.0
0x2189659f22fa034b530d872d84ad2048488ba99014a8ac06d6096b4963df9178,cfb-ull-emu-2025-09-20,cfb,2,0,2025-09-20T19:30:00Z,Louisiana,Eastern Michigan,0.555,0,0,0.545,31,34,19474.0
0x8127ae4ce00d83f7850d1179259ccd366d0daa091f59b501148033d90cf9322f,cfb-ncst-duke-2025-09-20,cfb,2,0,2025-09-20T20:00:00Z,Duke,North Carolina State,0.6,1,1,0.575,45,33,92635.0
0xbfc628b3580038b533d1f2573b2912305b5ff64012ed3c6ff4921767619d64eb,cfb-niu-msst-2025-09-20,cfb,2,0,2025-09-20T20:15:00Z,Mississippi State,Northern Illinois,0.935,1,1,0.925,38,10,18174.0
0x7d2b49c703ac3ce89b75d2b9829b6279b4760ee794fbc17a7372daa0d0993972,cfb-tem-gt-2025-09-20,cfb,2,0,2025-09-20T20:30:00Z,Georgia Tech,Temple,0.94,1,1,0.935,45,24,34702.0
0x4d877d9eb1c5eeb29426957435880dfa59b7cc78923a7693d4bbe34038339e26,cfb-arst-kenn-2025-09-20,cfb,2,0,2025-09-20T22:00:00Z,Arkansas State,Kennesaw State,0.645,0,0,0.64,21,28,35067.0
0xa5fff44c364796c0294f7c44249114a508d89c5ad36d90046fc4141753aaf119,cfb-wvu-ku-2025-09-20,cfb,2,0,2025-09-20T22:00:00Z,Kansas,West Virginia,0.8049999999999999,1,1,0.815,41,10,42806.0
0x5b81b85be5b5533df6241d41c06e1a46b03ab4b8a300f969e14213da8e72c6c4,cfb-boise-af-2025-09-20,cfb,2,0,2025-09-20T23:00:00Z,Boise State,Air Force,0.775,1,0,0.77,49,37,22708.0
0x29b6c77f591eedaea30cff14c586b3ae5e62e20a8dc1d49c8875cffce6689bb1,cfb-ccar-sbama-2025-09-20,cfb,2,0,2025-09-20T23:00:00Z,South Alabama,Coastal Carolina,0.845,0,1,0.845,20,38,19301.0
0xc32432948a652d1293565a104e000279100e87a037fc4ff04dfbe218cd555c9e,cfb-mrsh-mtsu-2025-09-20,cfb,2,0,2025-09-20T23:00:00Z,Marshall,Middle Tennessee,0.545,1,0,0.545,42,28,39877.0
0xaa5a8c83e5dd1b2587a5adaaa0da7bff71d418e299ca711cd63a84b1046acbcd,cfb-nev-wku-2025-09-20,cfb,2,0,2025-09-20T23:00:00Z,Western Kentucky,Nevada,0.735,1,1,0.765,31,16,15608.0
0x086988fc4429f0d166bb42192f2fc11eef2b2440936a15d07d31d97e90312cfb,cfb-scar-mizz-2025-09-20,cfb,2,0,2025-09-20T23:00:00Z,Missouri,South Carolina,0.755,1,1,0.755,29,20,291435.0
0x5330e997dd88a34e1ea810eb44174d7680c630b941e1e80fefd36613dca8e9c5,cfb-azst-bay-2025-09-20,cfb,2,0,2025-09-20T23:30:00Z,Baylor,Arizona State,0.5349999999999999,0,1,0.5549999999999999,24,27,335436.0
0xb1c8a9859346e5fd092402a72ceb5d1192a2c7f9983aa88239459adf211c9569,cfb-byu-ecu-2025-09-20,cfb,2,0,2025-09-20T23:30:00Z,BYU,East Carolina,0.685,1,0,0.68,34,13,29647.0
0x33482be407bc706f8271bdca200a95a7f897bac800492069df0a3cc9ac9e56a9,cfb-gast-vand-2025-09-20,cfb,2,0,2025-09-20T23:30:00Z,Vanderbilt,Georgia State,0.9625,1,1,0.955,70,21,18197.0
0x166dc50db4bd8ff277a1873b179e5ab33a2f1b0b150530fc2288de32bf604c96,cfb-ill-ind-2025-09-20,cfb,2,0,2025-09-20T23:30:00Z,Indiana,Illinois,0.69,1,1,0.6950000000000001,63,10,519717.0
0xa3a94e179dba0c4bd35b95dc4f968a120150a8ea0d35946ca35dad0b5c228448,cfb-uf-miami-2025-09-20,cfb,2,0,2025-09-20T23:30:00Z,Miami,Florida,0.76,1,1,0.74,26,7,381755.0
0xbe64ac0083b7fcab0b99e0867713d9ef70fef961a8da0ecbce9b1d425fab5b42,cfb-shsu-tex-2025-09-20,cfb,2,0,2025-09-21T00:00:00Z,Texas,Sam Houston,0.988,1,1,0.9825,55,0,27260.0
0x4fdf54ae35e6aa90a0d67d12ef4c69f41ff2e43ef3d4a5b7d155abc806384135,cfb-ulm-utep-2025-09-20,cfb,2,0,2025-09-21T01:00:00Z,UTEP,UL Monroe,0.6599999999999999,0,1,0.7,25,31,47677.0
0x87b63a319b1b59e5799e8c957dc3189e6b0ea72cdbb956812f4953ffe458f4c8,cfb-utsa-csu-2025-09-20,cfb,2,0,2025-09-21T01:30:00Z,UTSA,Colorado State,0.66,1,0,0.64,17,16,55360.0
0x312b9c5c1e712fb150a557fbad12fbb69e84f5e036572aff3bdfbc2be245d98d,cfb-wyo-col-2025-09-20,cfb,2,0,2025-09-21T02:15:00Z,Colorado,Wyoming,0.8049999999999999,1,1,0.815,37,20,114734.0
0xfe2b39eaf8209a7d0ce6c35ddc78e39069f70f9eb68270b1b9ef2c8de1ba2be4,cfb-cal-sdsu-2025-09-20,cfb,2,0,2025-09-21T02:30:00Z,California,San Diego State,0.825,0,0,0.83,0,34,118075.0
0xc2e7cab4e3111d25914456053a685fa3ad942f0a23de3c2cf5ea90f4ca48e896,cfb-msu-usc-2025-09-20,cfb,2,0,2025-09-21T03:00:00Z,USC,Michigan State,0.875,1,1,0.885,45,31,235491.0
0x74526b967dffc08c39297cd6d383633887757192c6fc85fac7bef3b2fd075157,cfb-frsno-haw-2025-09-20,cfb,2,0,2025-09-21T03:59:00Z,Fresno State,Hawai'i,0.545,1,0,0.59,23,21,184084.0
0x98dde15f19b750936526d438b9920e325aece9d3e4144b71e276e96f557c1c49,nfl-atl-car-2025-09-21,nfl,2,0,2025-09-21T17:00:00Z,Falcons,Panthers,0.675,0,0,0.685,0,30,518801.0
0x00cfb1fe371a24b3a9d81f1bb9ba5a037a53f70cf5f2741f3e8d24ca0eb46591,nfl-cin-min-2025-09-21,nfl,2,0,2025-09-21T17:00:00Z,Vikings,Bengals,0.635,1,1,0.595,48,10,2063397.0
0xfeb438246bc849b858cb0136ec42903babf3921f634cf1733ab833349b65e6dd,nfl-gb-cle-2025-09-21,nfl,2,0,2025-09-21T17:00:00Z,Packers,Browns,0.78,0,0,0.8,10,13,1215658.0
0xcab669c074f8f790546d99e92a5864b14f46d98de451f35e26ea63c0089a7173,nfl-hou-jax-2025-09-21,nfl,2,0,2025-09-21T17:00:00Z,Jaguars,Texans,0.525,1,1,0.525,17,10,1698883.0
0x0a72c4de1ae9224eaf23d19ed8710a9b569bcc18b872e5b0812d4e931e36b837,nfl-ind-ten-2025-09-21,nfl,2,0,2025-09-21T17:00:00Z,Colts,Titans,0.695,1,0,0.655,41,20,1610982.0
0xbaef857e53f69249525c725e35c4dafb4c9df13c915738351bf2d5ab9fef01b9,nfl-la-phi-2025-09-21,nfl,2,0,2025-09-21T17:00:00Z,Eagles,Rams,0.655,1,1,0.625,33,26,1024432.0
0xb68114f91bebbdf4db3b833187ffa59aa3b9a727cbc3070f232e2fbc8efa530d,nfl-lv-was-2025-09-21,nfl,2,0,2025-09-21T17:00:00Z,Commanders,Raiders,0.585,1,1,0.585,41,24,1534442.0
0x44d172447f68fcc304a574af3439776f798155fee1ea6ade6861ea62d269a856,nfl-nyj-tb-2025-09-21,nfl,2,0,2025-09-21T17:00:00Z,Buccaneers,Jets,0.725,1,1,0.735,29,27,1145476.0
0x8610f5115132a1dbb5d9db6d2514880bffd355a08d4e7e7c4a4b8a176ed9baa7,nfl-pit-ne-2025-09-21,nfl,2,0,2025-09-21T17:00:00Z,Steelers,Patriots,0.505,1,0,0.535,21,14,1003692.0
0x63c2b29f776882f6a873ab08f9233b5ce81878f08901b356cefbfeefed9a7256,nfl-den-lac-2025-09-21,nfl,2,0,2025-09-21T20:05:00Z,Chargers,Broncos,0.5549999999999999,1,1,0.585,23,20,1993928.0
0x027debee6533019ad89f0c725cd371e7743741993ba7299ffb6fd00fa2113bfa,nfl-no-sea-2025-09-21,nfl,2,0,2025-09-21T20:05:00Z,Seahawks,Saints,0.755,1,1,0.775,44,13,347823.0
0x86114dd0c8cb0620543ac867b2c1c38715f6c71e62d2f6580c51c5223e6f3c3e,nfl-ari-sf-2025-09-21,nfl,2,0,2025-09-21T20:25:00Z,49ers,Cardinals,0.515,1,1,0.5549999999999999,16,15,2381553.0
0xfa1e8f3b1d376187570365ccc2b0a75b75c6bac5e09af54cbb2f136dcfc15312,nfl-dal-chi-2025-09-21,nfl,2,0,2025-09-21T20:25:00Z,Cowboys,Bears,0.515,0,0,0.525,14,31,1808243.0
0x86f7bdfbb5d28ce8a9c455600e0252b016becf26a3868ac5ca6b85a65ac5b785,nfl-kc-nyg-2025-09-21,nfl,2,0,2025-09-22T00:20:00Z,Chiefs,Giants,0.735,1,0,0.73,22,9,3267791.0
0x9bb75ad1d36ca556770aa2e1e12d1a6cc4a96039664434a33d4d7221504fa28c,nfl-det-bal-2025-09-22,nfl,2,0,2025-09-23T00:15:00Z,Ravens,Lions,0.675,0,1,0.675,30,38,4037205.0
0x465bb7c09fd6dd71b1dce092970aa5dbe0754bd04754d90580e32205c744d55d,cfb-army-ecar-2025-09-25,cfb,2,0,2025-09-25T23:30:00Z,East Carolina,Army,0.615,1,1,0.65,28,6,82678.0
0x2a749fa0cb0d3a9950eb54d6bc2800de73297906857b6093bcc1a9573c17fd05,nfl-sea-ari-2025-09-25,nfl,2,0,2025-09-26T00:15:00Z,Seahawks,Cardinals,0.535,1,0,0.535,23,20,5112503.0
0x802b26249e03ba6b92f73e1019f69f0688f9b59d2ea9ed8ec9f04cdeaed1dd24,cfb-flst-vir-2025-09-26,cfb,2,0,2025-09-26T23:00:00Z,Florida State,Virginia,0.725,0,0,0.7,38,46,872108.0
0x60d542b301f0455b36adbf5de1cec2a8c5e85b40aaa88752826c715bc17e7f26,cfb-cin-kan-2025-09-27,cfb,2,0,2025-09-27T16:00:00Z,Kansas,Cincinnati,0.6599999999999999,0,1,0.64,34,37,104336.0
0xf44c6f6a6deb2a2a769d163c8ba1c9bd73eb0465b49d6f5b1bc22b228856db60,cfb-duke-syra-2025-09-27,cfb,2,0,2025-09-27T16:00:00Z,Duke,Syracuse,0.635,1,0,0.63,38,3,157316.0
0x040bc569d4a7e31ac6a71fef318ae22b7dc9b9562925a8e67732a2b99dd9ff5d,cfb-gtech-wake-2025-09-27,cfb,2,0,2025-09-27T16:00:00Z,Georgia Tech,Wake Forest,0.815,1,0,0.83,30,29,322102.0
0xcc6425f01129e2a7b7bf1ff218f5b9cead63459442fe1538f7261b4ff056c21c,cfb-lou-pitt-2025-09-27,cfb,2,0,2025-09-27T16:00:00Z,Louisville,Pittsburgh,0.585,1,0,0.64,34,27,73609.0
0xd2943049935e7eb0df6027b7141113a6fe91a5bf288906751fdf9bec4344cf81,cfb-nd-ark-2025-09-27,cfb,2,0,2025-09-27T16:00:00Z,Notre Dame,Arkansas,0.67,1,0,0.635,56,13,126233.0
0xf88ca0f086c6e7d3dbee06092112e6772e2e981f5d23e94efea8f1ae69c8f6f9,cfb-rutger-minnst-2025-09-27,cfb,2,0,2025-09-27T16:00:00Z,Minnesota,Rutgers,0.615,1,1,0.655,31,28,93958.0
0x9a5e6b7e96aaa8166ce6cd132a982b88669c01bae23cd59c0aefa5b982402fe8,cfb-sala-ntx-2025-09-27,cfb,2,0,2025-09-27T16:00:00Z,North Texas,South Alabama,0.8049999999999999,1,1,0.8049999999999999,36,22,15732.0
0xe00b8cd962038ff422aa9dc0948283959850ffc264c23e67a96124d1a86b2d3a,cfb-ucf-kanst-2025-09-27,cfb,2,0,2025-09-27T16:00:00Z,Kansas State,UCF,0.6599999999999999,1,1,0.675,34,20,99716.0
0xd9f4f79cf81ed6b33a86383242d9ca0688a7708e48df2a3afa9b5af4f1a8a489,cfb-usc-ill-2025-09-27,cfb,2,0,2025-09-27T16:00:00Z,USC,Illinois,0.68,0,0,0.695,32,34,155028.0
0xe1eb6ee66a0df54697f1c6054e7158233a05826ef27e84987da6dbe57e211b17,cfb-utahst-vand-2025-09-27,cfb,2,0,2025-09-27T16:45:00Z,Vanderbilt,Utah State,0.9299999999999999,1,1,0.94,55,35,76216.0
0x60e38e0bbebb7728077f96ae311178736ce9fb8a886cd8dfb26b1c32f379c7da,cfb-emich-cmich-2025-09-27,cfb,2,0,2025-09-27T17:00:00Z,Central Michigan,Eastern Michigan,0.5900000000000001,1,1,0.635,24,13,17077.0
0xa96fff91ed4f2a9fff6b45e7646461ed84244eb698fbfb9ab24f01262a5981d8,cfb-aubrn-txam-2025-09-27,cfb,2,0,2025-09-27T19:30:00Z,Texas A&M,Auburn,0.6799999999999999,1,1,0.7,16,10,75693.0
0x8b46e0df4f83d9c44ad06bb20b59f7a956dba453d32b7614f1ce6593f57c4fbb,cfb-bayl-okst-2025-09-27,cfb,2,0,2025-09-27T19:30:00Z,Baylor,Oklahoma State,0.91,1,0,0.915,45,27,62307.0
0xb36b6bedf24f602fe1a1bfe666b16ab5e4e7c4ebc8eac271e4a63d7b6c98587a,cfb-cah-boscol-2025-09-27,cfb,2,0,2025-09-27T19:30:00Z,Boston College,California,0.665,0,1,0.6699999999999999,24,28,51846.0
0x4cdfbf7d0bf6d6f0bea480e210289d4842825834b5ef193387661b6fec3db64d,cfb-ind-iowa-2025-09-27,cfb,2,0,2025-09-27T19:30:00Z,Indiana,Iowa,0.75,1,0,0.735,20,15,40221.0
0xb1eb994bd536d02d4d773d6b17c11ab3ebbe25face9c6861d4bfeb7049deee88,cfb-lsu-miss-2025-09-27,cfb,2,0,2025-09-27T19:30:00Z,Ole Miss,LSU,0.565,1,1,0.5349999999999999,24,19,444768.0
0x84cbf4d230de080d09f74afa3845307f051344db46e2d5f7127a399250d639e8,cfb-ohiost-wash-2025-09-27,cfb,2,0,2025-09-27T19:30:00Z,Ohio State,Washington,0.76,1,0,0.745,24,6,232338.0
0x30f0ffc61f0760056aba069a0d2b014f115c32c8316965997748ca6eab24a5d7,cfb-sdst-nill-2025-09-27,cfb,2,0,2025-09-27T19:30:00Z,San Diego State,Northern Illinois,0.545,1,0,0.545,6,3,28459.0
0x225140ed25261b1a2e8f6c007ec44d40629a38dc8b8eef5d70df536bf9d3b5ac,cfb-ucla-nw-2025-09-27,cfb,2,0,2025-09-27T19:30:00Z,Northwestern,UCLA,0.655,1,1,0.6699999999999999,17,14,40919.0
0x1c4b405a41b317d0e30bbc5c54f8c15514e7818b0c9beb755788a774bfdf9d18,cfb-uconn-buf-2025-09-27,cfb,2,0,2025-09-27T19:30:00Z,UConn,Buffalo,0.59,1,0,0.595,20,17,14699.0
0xcb72bef8df7a106fc87f4acf814992893a3607cf169b76a8ed4bf6c15bcd3c72,cfb-utah-wvir-2025-09-27,cfb,2,0,2025-09-27T19:30:00Z,Utah,West Virginia,0.815,1,0,0.8,48,14,14073.0
0x25ac36d8bad5da418bad8134bf70a2461b145f8673f329c34ac991bcd1827ff5,cfb-hawaii-airf-2025-09-27,cfb,2,0,2025-09-27T20:10:00Z,Air Force,Hawaii,0.7150000000000001,0,1,0.69,35,44,24380.0
0x7aa6788e40168d0087f978a0caab2f2a0934d43a2194989e4f940f81ee7fca9f,cfb-tenn-mspst-2025-09-27,cfb,2,0,2025-09-27T20:15:00Z,Tennessee,Mississippi State,0.725,1,0,0.72,41,34,132063.0
0xc42e6c5feac01a06c8fd83780b71b4db2042f397662d2bbe0793f9842eff96c7,cfb-librty-old-2025-09-27,cfb,2,0,2025-09-27T22:00:00Z,Old Dominion,Liberty,0.845,1,1,0.845,21,7,15927.0
0x885033b344ce021418674d35a253fbc7f265b06fd1ee92b8e9a0d36a3cd980fe,cfb-arz-iowast-2025-09-27,cfb,2,0,2025-09-27T23:00:00Z,Iowa State,Arizona,0.62,1,1,0.655,39,14,31303.0
0x72544317201b15fc25948cd22228983362125986eaf24826a4876788888872eb,cfb-mphs-flatl-2025-09-27,cfb,2,0,2025-09-27T23:00:00Z,Memphis,Florida Atlantic,0.815,1,0,0.815,55,26,27901.0
0x9f382d62f4757a8832f637f239904fb39c8d495e33c0726e914beb830c7e7e35,cfb-vtech-ncst-2025-09-27,cfb,2,0,2025-09-27T23:00:00Z,NC State,Virginia Tech,0.755,0,1,0.765,21,23,58768.0
0x78ba21fd7871d3fe5eb50b3834a18eabc98dca241e1dd842623b0c0bd65dc041,cfb-ala-ga-2025-09-27,cfb,2,0,2025-09-27T23:30:00Z,Georgia,Alabama,0.5549999999999999,0,1,0.5700000000000001,21,24,804709.0
0xbf137621a4f5ba06d83dec7c62cb38efa5dc819723e8acc6aed4251318ffc0d3,cfb-applst-boise-2025-09-27,cfb,2,0,2025-09-27T23:30:00Z,Boise State,Appalachian State,0.865,1,1,0.87,47,14,27007.0
0xfb41ad72ca45f94f335a6eef84daf6a761262a87cc581ebf9711a4bd44599bc3,cfb-ore-pennst-2025-09-27,cfb,2,0,2025-09-27T23:30:00Z,Penn State,Oregon,0.635,0,1,0.62,24,30,509251.0
0x93cd8e4b8a9f6ecbccbc95257e388dec771bb599408d441b98946e5d4af60f02,cfb-sjst-stan-2025-09-27,cfb,2,0,2025-09-27T23:30:00Z,Stanford,San Jose State,0.585,1,1,0.575,30,29,75073.0
0x42570e2cefd9d65d17206a2074a1af70dca4df8730a16c7419aa29604633a37f,cfb-umass-missr-2025-09-27,cfb,2,0,2025-09-27T23:30:00Z,Missouri,UMass,0.995,1,1,0.996,42,6,21847.0
0xa23a6d89738fc76a3d62807428b2495f70d23518730314613405ed151146c6bb,cfb-washst-colst-2025-09-27,cfb,2,0,2025-09-27T23:30:00Z,Colorado State,Washington State,0.65,0,1,0.665,3,20,16932.0
0x0dfee592c5e92a3582a666314f3941d608074be8db7aaef6533dbf0e4a549fcc,cfb-uk-sc-2025-09-27,cfb,2,0,2025-09-27T23:45:00Z,South Carolina,Kentucky,0.655,1,1,0.655,35,13,41260.0
0xd5b1f3e75194ffd48ab28b219cbb38f656d07af3ddc1619c5b5bced8bfa6124a,cfb-byu-col-2025-09-27,cfb,2,0,2025-09-28T02:15:00Z,BYU,Colorado,0.695,1,0,0.67,24,21,178332.0
0xf6ac37db6b9296effc601fd758968a519a81bd918fc958f28279ba32cf532f77,nfl-min-pit-2025-09-28,nfl,2,1,2025-09-28T13:30:00Z,Vikings,Steelers,0.575,0,0,0.565,21,24,2300156.0
0x2517c2e7563984d2149ac4b2bfb5d4994c36a9360929d195cd91278925629813,nfl-car-ne-2025-09-28,nfl,2,0,2025-09-28T17:00:00Z,Patriots,Panthers,0.675,1,1,0.685,42,13,607663.0
0xba5f25a50cb42b8187b1c341801f9a8e5a5aee19d74382ddbba563da5cdc01b7,nfl-cle-det-2025-09-28,nfl,2,0,2025-09-28T17:00:00Z,Lions,Browns,0.835,1,1,0.825,34,10,689788.0
0x79adec37b2f1ad53e17b80bb9c911c205300dbad84b55bb7ebaee8d8858d6ef2,nfl-lac-nyg-2025-09-28,nfl,2,0,2025-09-28T17:00:00Z,Chargers,Giants,0.705,0,0,0.725,18,21,1508466.0
0x0b05c52720172eaa168e62e9e91702f48ef69210888880d2e9b74a0e210066e3,nfl-no-buf-2025-09-28,nfl,2,0,2025-09-28T17:00:00Z,Bills,Saints,0.905,1,1,0.915,31,19,1245553.0
0xccc244fc8e622c7a3768672661e64b7e9bb53bbb4f1e53a3aa36bd0d33428548,nfl-phi-tb-2025-09-28,nfl,2,0,2025-09-28T17:00:00Z,Eagles,Buccaneers,0.645,1,0,0.635,31,25,1404557.0
0xf58eb28bb922427619e371903feb61299d311f36e11dd1ea650a4832df6fc1d3,nfl-ten-hou-2025-09-28,nfl,2,0,2025-09-28T17:00:00Z,Texans,Titans,0.775,1,1,0.77,26,0,217335.0
0xf4f1401bb1d74968dc3284b2c5c2319f5d135ce80b6025c89cf0b50b20da610c,nfl-was-atl-2025-09-28,nfl,2,0,2025-09-28T17:00:00Z,Falcons,Commanders,0.5800000000000001,1,1,0.5449999999999999,34,27,3103373.0
0x8176209c7972bd1b9c1f0ce07120361b34930978d225ae007461edb03aefd3b0,nfl-ind-la-2025-09-28,nfl,2,0,2025-09-28T20:05:00Z,Rams,Colts,0.635,1,1,0.625,27,20,1085383.0
0x7ae4c85cc2ee3fe4ea7eb2545b05aee25ffd4f83367c371006942a5553566655,nfl-jax-sf-2025-09-28,nfl,2,0,2025-09-28T20:05:00Z,49ers,Jaguars,0.615,0,1,0.625,21,26,1622501.0
0xa84414bb974f9f7a1ce7d4f70c293ae5aed95b54224447d11d48fb46712808fc,nfl-bal-kc-2025-09-28,nfl,2,0,2025-09-28T20:25:00Z,Ravens,Chiefs,0.565,0,0,0.565,20,37,3277896.0
0x4b5eb32c4b800bb96ec906a69507af92b567141e7dd6b023f6f0647ca3d840b3,nfl-chi-lv-2025-09-28,nfl,2,0,2025-09-28T20:25:00Z,Raiders,Bears,0.565,0,1,0.525,24,25,2055241.0
0xdbc4fe4cf3464fccac0a3d1ec518d25047c7fed46ba942026d792b67ce4dbb5a,nfl-nyj-mia-2025-09-29,nfl,2,0,2025-09-29T23:15:00Z,Dolphins,Jets,0.595,1,1,0.575,27,21,2800466.0
0x664ac906ce2e9579824b9eee8b42f937f3d01b3c5c670ba32e8433f95d3a4cd2,nfl-cin-den-2025-09-29,nfl,2,0,2025-09-30T00:15:00Z,Broncos,Bengals,0.785,1,1,0.795,28,3,2501691.0
0xe182afe6d9001281d12b6ea68b70364ac926965a3bfcff48476edfbb4e621287,nfl-sf-la-2025-10-02,nfl,2,0,2025-10-03T00:15:00Z,Rams,49ers,0.785,0,1,0.78,23,26,4641710.0
0xd36210cbdf0916c16755737ce5abe7aaf2a8665f9804e60eec95ed4135551698,cfb-wkent-del-2025-10-03,cfb,2,0,2025-10-03T23:00:00Z,Delaware Blue Hens,Western Kentucky,0.575,0,1,0.565,24,27,322733.0
0x4eebaea9a5ed80e51b453c0a93ce93ef80c2c028e2f7b2db2d86f7d325b3f0a4,cfb-nmx-sjst-2025-10-04,cfb,2,0,2025-10-04T02:00:00Z,San Jose State,New Mexico,0.54,1,1,0.56,35,28,225035.0
0x7d22b9d27a5c32038ba7a963a80390ffb92f0e0a5c8b5e078bf6fc41f9d0e12c,cfb-colst-sdst-2025-10-04,cfb,2,0,2025-10-04T02:30:00Z,San Diego State,Colorado State,0.65,1,1,0.69,45,24,158149.0
0xe5822e85ff1703ef17218fc4e8464c83dc4d15a792563b322d83742a7413bd59,cfb-wvir-byu-2025-10-04,cfb,2,0,2025-10-04T02:30:00Z,BYU,West Virginia,0.9,1,1,0.925,38,24,258873.0
0xb98cabc80f5c2381b01e5b17d18b8f690fdd3ab091831e341344e1365dd93eb5,cfb-airf-navy-2025-10-04,cfb,2,0,2025-10-04T16:00:00Z,Navy,Air Force,0.81,1,1,0.795,34,31,47361.0
0x238801f9d467f62344ebe723143a46c7b5504e5d77eecfdc266f5f684492d0e5,cfb-army-uab-2025-10-04,cfb,2,0,2025-10-04T16:00:00Z,Army,UAB Blazers,0.675,1,0,0.69,31,13,43046.0
0xf0f3818b81479dd3dfe2a506f88ed8a8b0125d03fb92c83e2fa379486c6734eb,cfb-boscol-pitt-2025-10-04,cfb,2,0,2025-10-04T16:00:00Z,Pittsburgh,Boston College,0.685,1,1,0.6799999999999999,48,7,40244.0
0x3ecf9f1e48968669440028cd0a33d77882731989505546e0870fbb257eda6679,cfb-clmsn-ncar-2025-10-04,cfb,2,0,2025-10-04T16:00:00Z,Clemson,North Carolina,0.845,1,0,0.835,38,10,77093.0
0x1e166f211ad1fc8a53a686278a70d06616fa6d8c2d7e32df5206ac0aa10563b5,cfb-ill-pur-2025-10-04,cfb,2,0,2025-10-04T16:00:00Z,Illinois,Purdue Boilermakers,0.73,1,0,0.765,43,27,195844.0
0x6bee39915f4ed1160ee6898b2425c74930e8f858e467c96ae76f6b6fb914a978,cfb-iowast-cin-2025-10-04,cfb,2,0,2025-10-04T16:00:00Z,Cincinnati,Iowa State,0.525,1,1,0.52,38,30,419661.0
0x107eb797eb91aa6dc6b583c020e7c50ed9aa4e1f4a3bd3060fe425cbd97cdf49,cfb-kanst-bayl-2025-10-04,cfb,2,0,2025-10-04T16:00:00Z,Baylor,Kansas State,0.645,1,1,0.6699999999999999,35,34,191004.0
0xd64f8f05070c562066f67f17cee8d2044ce2709506025f661f6c3b838726fb81,cfb-ohio-ballst-2025-10-04,cfb,2,0,2025-10-04T16:00:00Z,Ohio,Ball State,0.84,0,0,0.85,14,20,12413.0
0x492255ca5b0fa2993470c09423573bd3275c4bcc0d9b9d4cd8a34626026af510,cfb-uk-ga-2025-10-04,cfb,2,0,2025-10-04T16:00:00Z,Georgia,Kentucky,0.915,1,1,0.915,35,14,217287.0
0x13254d6506bf47bbf8d437e4703f2eced97d7c6476dcb61e278d478c46146aa2,cfb-wisc-mich-2025-10-04,cfb,2,0,2025-10-04T16:00:00Z,Michigan,Wisconsin Badgers,0.875,1,1,0.88,24,10,64387.0
0xa2819e7e4faaed67e50185131d330e25912e04ad913bcb0513c778b3214ec0e5,cfb-utsa-templ-2025-10-04,cfb,2,0,2025-10-04T17:00:00Z,UTSA Roadrunners,Temple,0.685,0,0,0.685,21,27,12595.0
0x5f721b1f8518a108ec68536c14a0478a771a269e89b94f871e0d09534aca01bb,cfb-wake-vtech-2025-10-04,cfb,2,0,2025-10-04T17:00:00Z,Virginia Tech,Wake Forest,0.645,0,1,0.6699999999999999,23,30,70603.0
0x6c5222a50b8bc5ef0b2995a433a80506f5498918b0bf1e53042d8737de87db79,cfb-okst-arz-2025-10-04,cfb,2,0,2025-10-04T19:00:00Z,Arizona,Oklahoma State,0.925,1,1,0.905,41,13,44492.0
0x6dfe254bd732af60b4a5d2f65971c1629bfaedede84df37818bff81891df4913,cfb-boise-nd-2025-10-04,cfb,2,0,2025-10-04T19:30:00Z,Notre Dame,Boise State,0.915,1,1,0.905,28,7,103030.0
0x0b2d4c0e59b20102db24730a2414cb18d219125e2447166bd4729af3e5c9ba70,cfb-cmich-akron-2025-10-04,cfb,2,0,2025-10-04T19:30:00Z,Central Michigan,Akron,0.72,0,0,0.715,22,28,11056.0
0x3f99fd3637b746073d804678fdbb5e79ba00010d2509d2d5fb11bb97258aae9c,cfb-emich-buf-2025-10-04,cfb,2,0,2025-10-04T19:30:00Z,Buffalo,Eastern Michigan,0.755,1,1,0.76,31,30,23320.0
0x2c3b61b33371f06b545e7623134ee868799c33053ebf09623dd5ed85120b50d0,cfb-flint-uconn-2025-10-04,cfb,2,0,2025-10-04T19:30:00Z,UConn,Florida International,0.71,1,1,0.72,51,10,22280.0
0x06604e1e0eafd49a92e534aee315c2d6b7965ebd71251d1220c355aa1560bd4e,cfb-jmad-gast-2025-10-04,cfb,2,0,2025-10-04T19:30:00Z,James Madison,Georgia State,0.91,1,0,0.91,14,7,38782.0
0x9730e1c5d711715bb4b2c137d51df0ec3d6cf1bab29adda9a62bc882164f978d,cfb-lamon-nw-2025-10-04,cfb,2,0,2025-10-04T19:30:00Z,Northwestern,UL Monroe,0.81,1,1,0.8,42,7,38716.0
0x9895be5251c19fafd1e67e27620c7b0c0b91809719be34a3d07ca1cb55e5d114,cfb-oregst-applst-2025-10-04,cfb,2,0,2025-10-04T19:30:00Z,Appalachian State,Oregon State,0.5349999999999999,1,1,0.52,27,23,95579.0
0x7a894ea9ddd51fa8604391cb4d95693e8585b77c4ca0a1f316026f8716e41735,cfb-pennst-ucla-2025-10-04,cfb,2,0,2025-10-04T19:30:00Z,Penn State,UCLA,0.95,0,0,0.955,37,42,240777.0
0xded0d84993483d436bf35d866a49d71787ccc294998f63896aefd09e13447b15,cfb-tx-fl-2025-10-04,cfb,2,0,2025-10-04T19:30:00Z,Texas,Florida Gators,0.655,0,0,0.66,21,29,375697.0
0xa920598c26cd3f29d25066e1521002a4f51abf936876445ced3af75396dc8890,cfb-vand-ala-2025-10-04,cfb,2,0,2025-10-04T19:30:00Z,Alabama,Vanderbilt,0.8049999999999999,1,1,0.795,30,14,535222.0
0x4d99a508b8a16cb8261dfee26b00dea8b733c19c10f5cb78417444a8f6230240,cfb-vir-lou-2025-10-04,cfb,2,0,2025-10-04T19:30:00Z,Louisville,Virginia,0.6799999999999999,0,1,0.675,27,30,101694.0
0xb0fc8f79b5b2cdce8cf293d03bf90ad96d7a6b0e9eed3db4be770529434fb593,cfb-wash-mary-2025-10-04,cfb,2,0,2025-10-04T19:30:00Z,Washington,Maryland Terrapins,0.665,1,0,0.675,24,20,58689.0
0xcbe984f18316f2bde6fe6f6ea9843551d4073739e1f948f10406ad7b3be31641,cfb-kentst-okl-2025-10-04,cfb,2,0,2025-10-04T20:00:00Z,Oklahoma,Kent State Golden Flashes,0.9605,1,1,0.9965,44,0,10112.0
0x021e759d0b24f9450d8dd0b94f9a53c0c4288db6b9e7b7152d0fa5a63a53d2a0,cfb-mst-nebr-2025-10-04,cfb,2,0,2025-10-04T20:00:00Z,Nebraska Cornhuskers,Michigan State,0.8,1,1,0.795,38,27,48197.0
0x45cdd92c6254cf73ea0c71c762571feb4552b5149e99930e31ff0006816d4edf,cfb-txst-arkst-2025-10-04,cfb,2,0,2025-10-04T20:00:00Z,Texas State,Arkansas State,0.83,0,0,0.815,30,31,23574.0
0xb517592632f0a0ee181c06fbc3d18d2f64edab3cf6a984092e2fdb22b86ebc43,cfb-flatl-rice-2025-10-04,cfb,2,0,2025-10-04T23:00:00Z,Rice,Florida Atlantic,0.645,0,1,0.64,21,27,26015.0
0x71a0427409b85bf7d2c1311347422719c9ff20133ac0931975bd273471526632,cfb-sala-troy-2025-10-04,cfb,2,0,2025-10-04T23:00:00Z,South Alabama,Troy,0.535,0,0,0.505,24,31,65862.0
0x6b6a6973620a2a247534a148fc77b0b7c79f361536ce7442934906ac2b5b9c48,cfb-txtech-hou-2025-10-04,cfb,2,0,2025-10-04T23:00:00Z,Texas Tech Red Raiders,Houston,0.825,1,0,0.805,35,11,101989.0
0xc2e5ebb70226dbb029bdbee2c9c7d22e0454867ec81b0e7cce62a75e8f0ba4b5,cfb-unlv-wyom-2025-10-04,cfb,2,0,2025-10-04T23:00:00Z,UNLV,Wyoming,0.635,1,0,0.62,31,17,52627.0
0x4aaf5f5971a69963bd59251bad3e63e785285d5714a14eca3b642cfc946ff8a7,cfb-col-tcu-2025-10-04,cfb,2,0,2025-10-04T23:30:00Z,TCU,Colorado,0.825,1,1,0.825,35,21,120885.0
0xd908540a029fd0b5111cf84713ac6c73a6af185ab6438e873191bb621d2fd15f,cfb-kan-ucf-2025-10-04,cfb,2,0,2025-10-04T23:30:00Z,Kansas,UCF,0.635,1,0,0.635,27,20,105478.0
0x916de3d41158298778e360dd27a476f6023905ceefae4ec5d6f3681a96f4f6c3,cfb-mia-flst-2025-10-04,cfb,2,0,2025-10-04T23:30:00Z,Miami,Florida State,0.61,1,0,0.63,28,22,403843.0
0x939cf06765200142a620468106b7abb10bb6d81aecc063be657fd4e20fd126fb,cfb-minnst-ohiost-2025-10-04,cfb,2,0,2025-10-04T23:30:00Z,Ohio State,Minnesota,0.94,1,1,0.945,42,3,260311.0
0xb3c0ccace5fc968e9721ffb390de1a5fd4556d04a305d03168a0ca1c49968133,cfb-mspst-txam-2025-10-04,cfb,2,0,2025-10-04T23:30:00Z,Texas A&M,Mississippi State,0.87,1,1,0.855,31,9,206951.0
0x30fd7073772b450b07575e9cc98e59406e00394b5ecbb3b2d294b3e7585dde69,cfb-tulsa-mphs-2025-10-05,cfb,2,0,2025-10-05T00:00:00Z,Memphis,Tulsa,0.92,1,1,0.92,45,7,21476.0
0x392ca792952868de2a187845da375a52699d67fff1b460bc6345336a2417251b,cfb-duke-cah-2025-10-05,cfb,2,0,2025-10-05T02:30:00Z,Duke,California,0.605,1,0,0.58,45,21,318829.0
0xfe0440e642c5091975b5a5ed690e9f764666744c65663d51a6895526dd6d122a,cfb-nevada-frest-2025-10-05,cfb,2,0,2025-10-05T02:30:00Z,Fresno State,Nevada Wolf Pack,0.81,1,1,0.81,20,17,35657.0
0x5be2baa4127624bb749feb333d2e65f32ee7a70c98d866d3064453bdccf5b29e,nfl-min-cle-2025-10-05,nfl,2,1,2025-10-05T13:30:00Z,Vikings,Browns,0.635,1,0,0.645,21,17,4260464.0
0x875d3aa94828ef083e6829128be74a4fa37a0b64e71de05508577284233e3209,nfl-dal-nyj-2025-10-05,nfl,2,0,2025-10-05T17:00:00Z,Jets,Cowboys,0.5449999999999999,0,1,0.47,22,37,3193943.0
0x638fdef9e0d55331e641df9288311b9b5fb0aad79b38a21d1414374a59d88241,nfl-den-phi-2025-10-05,nfl,2,0,2025-10-05T17:00:00Z,Eagles,Broncos,0.675,0,1,0.675,17,21,2180163.0
0x7c794eac9eaebdc9e63d0510d51f12e53ebd3955dbb30d3c5e57c527252d12ab,nfl-hou-bal-2025-10-05,nfl,2,0,2025-10-05T17:00:00Z,Texans,Ravens,0.565,1,0,0.535,44,10,1426595.0
0x9a5d7b0cea3d284ce6338ee10ce34b0fc59c7d4422e0a52d575892916c057911,nfl-lv-ind-2025-10-05,nfl,2,0,2025-10-05T17:00:00Z,Colts,Raiders,0.765,1,1,0.735,40,6,581524.0
0xf89aacad8a05b20e273c2d591942d025b28a82044d8f3dfba8ccd4fac03b7bdf,nfl-mia-car-2025-10-05,nfl,2,0,2025-10-05T17:00:00Z,Dolphins,Panthers,0.515,0,0,0.52,24,27,1525104.0
0xc46ec5775f978679e1d1c2fcddab06fd46e88d538933bef7f71c33798894a3f6,nfl-nyg-no-2025-10-05,nfl,2,0,2025-10-05T17:00:00Z,Saints,Giants,0.5549999999999999,1,1,0.5449999999999999,26,14,2461002.0
0xfbe97b6bfa6877222679a910731fea12e5baadcb9c7292c0f8801f3598f5b9a5,nfl-tb-sea-2025-10-05,nfl,2,0,2025-10-05T20:05:00Z,Seahawks,Buccaneers,0.635,0,1,0.64,35,38,3182843.0
0x8747b866727b5514b52bccdc7afe208de01d42ae25055ee2f4de1ab4711abba7,nfl-ten-ari-2025-10-05,nfl,2,0,2025-10-05T20:05:00Z,Cardinals,Titans,0.785,0,1,0.785,21,22,919480.0
0xd4023055ab3eca1b87706cb8caa9f65c9b6257cd5a06a2b5332993c85764a874,nfl-det-cin-2025-10-05,nfl,2,0,2025-10-05T20:25:00Z,Lions,Bengals,0.815,1,0,0.825,37,24,2552239.0
0xfa87c912f0aa2042bdb6ea11a2ef4d4cd44e51f35d3c0caecb3410a554ca3d57,nfl-was-lac-2025-10-05,nfl,2,0,2025-10-05T20:25:00Z,Chargers,Commanders,0.615,0,1,0.6,10,27,822866.0
0xc099825fab4693445d89784cc269a53d65dd045cea38e4bff3b3e2b0355303bf,nfl-ne-buf-2025-10-05,nfl,2,0,2025-10-06T00:20:00Z,Bills,Patriots,0.785,0,1,0.79,20,23,3263598.0
0x59d4803810920f86bcc24ab5ec8d83fe7255c351d1c229fe0cf9b652283aac0a,nfl-kc-jax-2025-10-06,nfl,2,0,2025-10-07T00:15:00Z,Chiefs,Jaguars,0.635,0,0,0.645,28,31,4382402.0
0x372e53acccc8e0a8a6e10bf6ac7e646914ca5c6d954e572df52d1a397eccf687,cfb-msrst-mtnst-2025-10-08,cfb,2,0,2025-10-08T23:30:00Z,Missouri State,Middle Tennessee,0.575,1,0,0.555,22,20,859234.0
0x3c63a0bf9fd63814aa5e58c35a3f8ed8da44609822d91db1d93cb7e6b4526861,cfb-librty-utep-2025-10-09,cfb,2,0,2025-10-09T00:00:00Z,Liberty,UTEP,0.535,1,0,0.525,19,8,178294.0
0x76779f1ea78bdd607e90406656e4b7a05f64ae1572485a30775ca9562fd9d33a,cfb-loutch-kenest-2025-10-09,cfb,2,0,2025-10-09T23:00:00Z,Louisiana Tech,Kennesaw State,0.65,0,0,0.655,7,35,1280843.0
0x4f4a62b501cc2e1ed5449c529dce6f1c381bb0ab66f31835ddfadab73616bd8a,cfb-ecar-tulane-2025-10-09,cfb,2,0,2025-10-09T23:30:00Z,Tulane,East Carolina,0.7,1,1,0.685,26,19,228652.0
0x9f914192d82a50cd521b55b74c7352d1bb3d0505dcc134b5d1b04f52acb02f27,cfb-jaxst-smho-2025-10-10,cfb,2,0,2025-10-10T00:00:00Z,Jacksonville State,Sam Houston Bearkats,0.7,1,0,0.72,29,27,68794.0
0xb801c5a6e4083cbd18ea457a9ac06a4e1b3f9bf11d96f59efbfab7a4690d5afa,cfb-soumis-gas-2025-10-10,cfb,2,0,2025-10-10T00:00:00Z,Southern Miss,Georgia Southern,0.575,1,0,0.585,38,35,426903.0
0x08c4b6f69ddda7c59f11327c81ac741855ee9572cc7669845adb1e2c51b95214,nfl-phi-nyg-2025-10-09,nfl,2,0,2025-10-10T00:15:00Z,Eagles,Giants,0.775,0,0,0.785,17,34,4367363.0
0x47b90160638982fb285748d3eff33d0481a87d3a7eb3818b15c517818cc2ee4d,cfb-sfl-ntx-2025-10-10,cfb,2,0,2025-10-10T23:30:00Z,North Texas,South Florida,0.5549999999999999,0,1,0.515,36,63,649868.0
0x6ce7d972374196440b8700dd3244663f6f3aa2274aca26d5ff7f9ab3c24722c7,cfb-frest-colst-2025-10-11,cfb,2,0,2025-10-11T01:00:00Z,Fresno State,Colorado State,0.655,0,0,0.68,21,49,237786.0
0xf612fd84d3330cb6e608e725d5380a543f64c30f1e3be4808a2e7a7e1350e449,cfb-rutger-wash-2025-10-11,cfb,2,0,2025-10-11T01:00:00Z,Washington,Rutgers,0.765,1,1,0.78,38,19,272913.0
0x8e3d6beb2529699bda2a20c0ad3191f5680724d3a902f3e5cdab4da2eb90f1a2,cfb-ala-missr-2025-10-11,cfb,2,0,2025-10-11T16:00:00Z,Alabama,Missouri,0.605,1,0,0.59,27,24,875809.0
0xe6a50f50555fa96e2d82c50be59456fcb3b99d8047a3451ca34c4b979bff6508,cfb-charlt-army-2025-10-11,cfb,2,0,2025-10-11T16:00:00Z,Army,Charlotte 49ers,0.87,1,1,0.88,24,7,57835.0
0x3e5de8d0d99447b3da478be5d595ebfd2264c85a42d02da4732d0ba65865e739,cfb-hou-okst-2025-10-11,cfb,2,0,2025-10-11T16:00:00Z,Houston,Oklahoma State,0.835,1,0,0.84,39,17,85658.0
0x483595a86731c32b9d4920c8482c92a79ab5eec0573b78ab1f423ea4d460998a,cfb-loulaf-jmad-2025-10-11,cfb,2,0,2025-10-11T16:00:00Z,James Madison,Louisiana,0.895,1,1,0.89,24,14,37851.0
0x7d79728668e9e1a6850edcd208df20c8bea30aece8084c04bb157648d2113b48,cfb-miaoh-akron-2025-10-11,cfb,2,0,2025-10-11T16:00:00Z,Miami (OH),Akron,0.785,1,0,0.79,20,7,253049.0
0x55bde6a5f8925a3addd421e4ed2f774c276f47079c50fbab1ff70a36c8727f07,cfb-ohiost-ill-2025-10-11,cfb,2,0,2025-10-11T16:00:00Z,Ohio State,Illinois,0.845,1,0,0.845,34,16,402620.0
0x0a19f6be7f95d72d52d67f427dc3ae521b53e0343a31f1a86b6f6c8618b99f6b,cfb-pitt-flst-2025-10-11,cfb,2,0,2025-10-11T16:00:00Z,Florida State,Pittsburgh,0.775,0,1,0.77,31,34,634936.0
0xd861e274ef1ae6bb12545cff2daf014b30772aa5c6c6de5faf8563524a5d38d9,cfb-stan-smu-2025-10-11,cfb,2,0,2025-10-11T16:00:00Z,SMU Mustangs,Stanford,0.895,1,1,0.875,34,10,97945.0
0xf9d2bcf4e214f257505cc94dfdef5b8c50f5e2bd3b0b9e3c0bbc1890d17fb8e9,cfb-toledo-bowlgr-2025-10-11,cfb,2,0,2025-10-11T16:00:00Z,Toledo,Bowling,0.785,0,0,0.775,23,28,52157.0
0x6587f1af929fcc54d7a475f48ff60ec9b9cd7c74d16654ddda0255cd0f7673fb,cfb-ucf-cin-2025-10-11,cfb,2,0,2025-10-11T16:00:00Z,Cincinnati,UCF,0.77,1,1,0.785,20,11,63712.0
0x8497acf1f17fc16cadb91d45f2216d4e6fb2e44daa54016374feea666a41ea0e,cfb-ucla-mst-2025-10-11,cfb,2,0,2025-10-11T16:00:00Z,Michigan State,UCLA,0.7150000000000001,0,1,0.72,13,38,421188.0
0x57e80f89d05d7717c0a31f97352b20f53566eced20ddc221f34591f2af1d2749,cfb-washst-miss-2025-10-11,cfb,2,0,2025-10-11T16:45:00Z,Ole Miss,Washington State,0.97,1,1,0.965,24,21,46337.0
0xee9da0c3f1ddefd65cfe50f148c95b4aa7bf271e2da10388df80eb8968c691c5,cfb-nill-emich-2025-10-11,cfb,2,0,2025-10-11T17:00:00Z,Northern Illinois,Eastern Michigan,0.515,0,0,0.555,10,16,29089.0
0xbe12be5fe5426fec1b49f44333b0fc4c976dfb6c53e45a439ef421055652ea0e,cfb-umass-kentst-2025-10-11,cfb,2,0,2025-10-11T18:30:00Z,Kent State Golden Flashes,UMass,0.51,1,1,0.54,42,6,85559.0
0x46b9686f2228dc3ffb132c301d72eed4db80d48ec52155b41b0b1d4112d37065,cfb-airf-unlv-2025-10-11,cfb,2,0,2025-10-11T19:30:00Z,UNLV,Air Force,0.69,1,1,0.7050000000000001,51,48,51146.0
0xbdb2684ceb47d184f89d728bf910c92348a6f9f698994e63e11815e6a3f9a79b,cfb-applst-gast-2025-10-11,cfb,2,0,2025-10-11T19:30:00Z,Appalachian State,Georgia State,0.585,1,0,0.555,41,20,62717.0
0x6a47f1097ff0524deeb2229f5dee6849b3a53feb335e909bb728f1dc230d1898,cfb-ballst-wmich-2025-10-11,cfb,2,0,2025-10-11T19:30:00Z,Western Michigan,Ball State,0.755,1,1,0.745,42,0,58893.0
0x7d166f471f82ab55fd3f5569571db2524f0970d5d458f35fca3f0b0812fdc6e5,cfb-ind-ore-2025-10-11,cfb,2,0,2025-10-11T19:30:00Z,Oregon,Indiana,0.7050000000000001,0,1,0.725,20,30,472046.0
0x769a1fc3af411ac5e2b115bd6c7d36f6c6b3b58b2159c21d68ecb1fb5bd7b77f,cfb-iowast-col-2025-10-11,cfb,2,0,2025-10-11T19:30:00Z,Iowa State,Colorado,0.595,0,0,0.57,17,24,995691.0
0x8e54a13a891056a4a0b92a88b2e44dff7a33b49c738907d0a7e7ba728cf89ed4,cfb-ncst-nd-2025-10-11,cfb,2,0,2025-10-11T19:30:00Z,Notre Dame,NC State,0.94,1,1,0.925,36,7,213718.0
0x17eff8f479de10966428c7518a61f184314abb874538fac88bbe2bb7af6522a1,cfb-nebr-mary-2025-10-11,cfb,2,0,2025-10-11T19:30:00Z,Nebraska Cornhuskers,Maryland Terrapins,0.695,1,0,0.7,34,31,537482.0
0x5ae3d21a469f4c1c8f0e5d5bfeeeaefd485805542f70920ec0b044bbd7d1b085,cfb-nw-pennst-2025-10-11,cfb,2,0,2025-10-11T19:30:00Z,Penn State,Northwestern,0.915,0,1,0.915,21,22,81216.0
0xb36991336fa973aca12aaf523ca8425e98ebfa6c5521b3f723e8d487adfe9f09,cfb-okl-tx-2025-10-11,cfb,2,1,2025-10-11T19:30:00Z,Texas,Oklahoma,0.575,1,1,0.495,23,6,2181224.0
0x573152581ae29e46071ddba0fbfff00fc74c6ef41ed50df47f79e4da1bf4c22a,cfb-tcu-kanst-2025-10-11,cfb,2,0,2025-10-11T19:30:00Z,TCU,Kansas State,0.575,0,0,0.545,28,41,176051.0
0x4407151037d1a184fe30adb566d9c48d07122d911ef145c33d02409aea0e8350,cfb-vtech-gtech-2025-10-11,cfb,2,0,2025-10-11T19:30:00Z,Georgia Tech,Virginia Tech,0.835,1,1,0.835,35,20,842496.0
0x9c0d68aabb8b85a996847deb66f793ecd87a08bd85a36904a47f960a456ccd6b,cfb-wake-oregst-2025-10-11,cfb,2,0,2025-10-11T19:30:00Z,Wake Forest,Oregon State,0.545,1,0,0.56,39,14,110626.0
0x7753b3d0127f5ca296f3f208dd01a6355d972f5ab596b744b57c462548f0fbe2,cfb-navy-templ-2025-10-11,cfb,2,0,2025-10-11T20:00:00Z,Navy,Temple,0.75,1,0,0.765,32,31,119002.0
0x19af2e12fa5dbcf8c33ddad1418167e9dd889a248d93f973e76cb2fb59bde4cf,cfb-ark-tenn-2025-10-11,cfb,2,0,2025-10-11T20:15:00Z,Tennessee,Arkansas,0.775,1,1,0.785,34,31,461606.0
0xc89fe435557de06592fa97b01163fd4daced84b91a225cca0c574ea3c4851648,cfb-uab-flatl-2025-10-11,cfb,2,0,2025-10-11T22:00:00Z,Florida Atlantic,UAB Blazers,0.645,1,1,0.65,53,33,38971.0
0x709edc33bc2cbf1d9fcc0de9f50272c7565d45695fdc3c83bc5fce1183155dfa,cfb-fl-txam-2025-10-11,cfb,2,0,2025-10-11T23:00:00Z,Texas A&M,Florida Gators,0.7050000000000001,1,1,0.725,34,17,261831.0
0x31bcf1cfd72d9d8509cef33dcadbe50cb7e56e2ebbb6d66df44fe3bd4b3c5a80,cfb-iowa-wisc-2025-10-11,cfb,2,0,2025-10-11T23:00:00Z,Iowa,Wisconsin Badgers,0.675,1,0,0.59,37,0,148457.0
0x86a2dcc2168d7e2b6ab07aa59b9f60eebfc4fe9dccbc0c6d3ef37f50ed5d5d4d,cfb-lamon-coast-2025-10-11,cfb,2,0,2025-10-11T23:00:00Z,UL Monroe,Coastal Carolina Chanticleers,0.565,0,0,0.555,8,23,300945.0
0xeb5251c53f60e6b843489424e56ddf214160d928afd3a4d42d3c01bdbe53dca3,cfb-sjst-wyom-2025-10-11,cfb,2,0,2025-10-11T23:00:00Z,San Jose State,Wyoming,0.535,0,0,0.52,28,35,75858.0
0x2bb25ac1d259b01fb7bea11e2504340f2c4ac58bcced4c6c27e9893a8210897a,cfb-clmsn-boscol-2025-10-11,cfb,2,0,2025-10-11T23:30:00Z,Clemson,Boston College,0.825,1,0,0.835,41,10,36867.0
0xaba61ca5b2f03bb34d371d41d54e7d168e8e5c9816b77d3f850eb20ed0bdeeb8,cfb-ga-aubrn-2025-10-11,cfb,2,0,2025-10-11T23:30:00Z,Georgia,Auburn,0.665,1,0,0.635,20,10,780769.0
0x7d926c048c014b5c463e4ccd8b9e7c7cb94f918c1796c77a8f99a8fe27f05350,cfb-kan-txtech-2025-10-11,cfb,2,0,2025-10-11T23:30:00Z,Texas Tech Red Raiders,Kansas,0.815,1,1,0.835,42,17,139353.0
0xe61d462118545d67ccd238687ae812866045d4083a5aedce03b9877f2e5079b3,cfb-mich-usc-2025-10-11,cfb,2,0,2025-10-11T23:30:00Z,USC,Michigan,0.585,1,1,0.565,31,13,266490.0
0xa14736aef00e2f4b2fd57ff962f810a12f756981b34afa8cdae3a0f2604b242d,cfb-pur-minnst-2025-10-11,cfb,2,0,2025-10-11T23:30:00Z,Minnesota,Purdue Boilermakers,0.725,1,1,0.735,27,20,420264.0
0xa5fbf5338861db830044456ae3bdbab3b9b46d7c4781348fd0672f2d49865247,cfb-rice-utsa-2025-10-11,cfb,2,0,2025-10-11T23:30:00Z,UTSA Roadrunners,Rice,0.75,1,1,0.765,61,13,15376.0
0xe9d68eb754044004f4ad0f5ed64cdb4e6b28291f1467930f95ea25e4be1c274f,cfb-sc-lsu-2025-10-11,cfb,2,0,2025-10-11T23:45:00Z,LSU,South Carolina,0.745,1,1,0.745,20,10,438675.0
0x1152b361960c9f3a9a177254ba594012e1458b94dd720cfe258d7176f3bf9a38,cfb-byu-arz-2025-10-12,cfb,2,0,2025-10-12T00:00:00Z,BYU,Arizona,0.565,1,0,0.545,33,27,1150161.0
0x9ec01d3e5f28c6e546857ded64fda6609eca8f7d74f2cf24c7f0d2d5bc062457,cfb-troy-txst-2025-10-12,cfb,2,0,2025-10-12T00:00:00Z,Texas State,Troy,0.725,0,1,0.735,41,48,36301.0
0x5db8dae04ae9f18cef92388144b5cfad0c76d501b48f403fb22f01a5645caccc,cfb-nmx-boise-2025-10-12,cfb,2,0,2025-10-12T01:45:00Z,Boise State,New Mexico,0.85,1,1,0.875,41,25,159527.0
0xd8446b11ddcb2707ea46676c009f2166bd0303b310d5077cce47c9d443ef77bf,cfb-arzst-utah-2025-10-12,cfb,2,0,2025-10-12T02:15:00Z,Utah,Arizona State,0.72,1,1,0.75,42,10,1509148.0
0x52addc8c0fa7c4d58cda74b63751c49152e29e180550724d25e35a5d5167c5b0,cfb-sdst-nevada-2025-10-12,cfb,2,0,2025-10-12T02:30:00Z,San Diego State,Nevada Wolf Pack,0.685,1,0,0.71,44,10,78313.0
0xabdde1057bd5f62a06f15417908c6e601b3532d67723eebd35776fdb080b368f,cfb-utahst-hawaii-2025-10-12,cfb,2,0,2025-10-12T03:59:00Z,Utah State,Hawaii,0.525,0,0,0.525,26,44,576014.0
0xc5ddf8c0ccb9504289c7d12ae3995e262f71b91f9eacfaf1e6d270ede932ef33,nfl-den-nyj-2025-10-12,nfl,2,1,2025-10-12T13:30:00Z,Broncos,Jets,0.745,1,0,0.765,13,11,2349914.0
0xf961917c7d316845721908d47e21edc7ca4296b8f2a3854139e5f85d745d6e2a,nfl-ari-ind-2025-10-12,nfl,2,0,2025-10-12T17:00:00Z,Colts,Cardinals,0.775,1,1,0.755,31,27,2646755.0
0x9b90495b8c6a3e710e2033792670def04c93193851b1335d322201974e5ecd14,nfl-cle-pit-2025-10-12,nfl,2,0,2025-10-12T17:00:00Z,Steelers,Browns,0.735,1,1,0.7150000000000001,23,9,767243.0
0x1c7d31524691352afd11fd2883d11e43f328fee25c4a5978b4e42040e3f96abc,nfl-dal-car-2025-10-12,nfl,2,0,2025-10-12T17:00:00Z,Cowboys,Panthers,0.585,0,0,0.605,27,30,1706970.0
0x1b064e069647019e202bf9f76574a6f540a6a0ace4af94119e1bfabb20dba2c4,nfl-la-bal-2025-10-12,nfl,2,0,2025-10-12T17:00:00Z,Rams,Ravens,0.735,1,0,0.775,17,3,3012129.0
0xce2671dbf70a19b648b0e32aa55be99c70503bc9455a42a68829cc5186492c38,nfl-lac-mia-2025-10-12,nfl,2,0,2025-10-12T17:00:00Z,Chargers,Dolphins,0.625,1,0,0.645,29,27,911545.0
0x956062ff723cf609b3085fcbd85ccbd771ab28b1c0cf557b224afb2e824d1faa,nfl-ne-no-2025-10-12,nfl,2,0,2025-10-12T17:00:00Z,Patriots,Saints,0.615,1,0,0.635,25,19,1776522.0
0x102c98f54c6d5be80d8380ce55a93ae10bc4fd285729b3aa33a6712484c9375a,nfl-sea-jax-2025-10-12,nfl,2,0,2025-10-12T17:00:00Z,Seahawks,Jaguars,0.505,1,0,0.505,20,12,997021.0
0xc845fc87d66cc35e650fda42835faa687a08569d04d1ecbccb8faeb67369c0a0,nfl-ten-lv-2025-10-12,nfl,2,0,2025-10-12T20:05:00Z,Raiders,Titans,0.645,1,1,0.665,20,10,832914.0
0xc480ad202a02700a20346a1d8f63c2a15a6aae5858ef62d21f2043347d0129e8,nfl-cin-gb-2025-10-12,nfl,2,0,2025-10-12T20:25:00Z,Packers,Bengals,0.885,1,1,0.895,27,18,2157869.0
0xd55353d086e0d5d62383e0ff538c721eab4969a426d6404e2134f59a374894f4,nfl-sf-tb-2025-10-12,nfl,2,0,2025-10-12T20:25:00Z,Buccaneers,49ers,0.635,1,1,0.63,30,19,2675890.0
0xa7aeaaae036e316c1e7e0542fa31595117dee8735ef88b3d9ceda85b1b3d1534,nfl-det-kc-2025-10-12,nfl,2,0,2025-10-13T00:20:00Z,Chiefs,Lions,0.575,1,1,0.565,30,17,4280276.0
0x626a49d9b82acaa9e86760c0cddad6a71aceefbef72f4f1c154ff8e358ae88c1,nfl-buf-atl-2025-10-13,nfl,2,0,2025-10-13T23:15:00Z,Bills,Falcons,0.635,0,0,0.645,14,24,3643549.0
0xb4bba8acb4a85c9f4ccd0eec6393e746c0176d271c2d0e52792968a05dd64b0c,nfl-chi-was-2025-10-13,nfl,2,0,2025-10-14T00:15:00Z,Commanders,Bears,0.6950000000000001,0,1,0.6950000000000001,24,25,3291519.0
0x9623bd7c2077f30b780f01d35b78c2fe61c976b05986bda4e266743d1086f9e6,cfb-nmxst-librty-2025-10-14,cfb,2,0,2025-10-14T23:00:00Z,Liberty,New Mexico State,0.785,1,1,0.77,30,27,846951.0
0xb49ba8a448c29afde79ac0f9c9c37ef14706b39e1fd85a3f6e5d80aca8afc407,cfb-arkst-sala-2025-10-14,cfb,2,0,2025-10-14T23:30:00Z,South Alabama,Arkansas State,0.735,0,1,0.72,14,15,951326.0
0xbf52f05ba929b040e7e77ad6db3c87811ed9acf546d6bb59d67928a650422439,cfb-flint-wkent-2025-10-15,cfb,2,0,2025-10-15T00:00:00Z,Western Kentucky,Florida International,0.76,0,1,0.75,6,25,2042466.0
0x2b7f43e3ff9059b3bcd113bd69e6f1931da90217ad88ea9934cddf26d790ce02,cfb-del-jaxst-2025-10-15,cfb,2,0,2025-10-15T23:00:00Z,Delaware Blue Hens,Jacksonville State,0.585,0,0,0.565,25,38,963898.0
0x460759c70798ed4b340db36d9819bd747b385a46348ae67e8e8f9cb9f2c604c2,cfb-utep-smho-2025-10-15,cfb,2,0,2025-10-15T23:00:00Z,UTEP,Sam Houston Bearkats,0.595,1,0,0.565,35,17,600863.0
0xf8724e142a756330a6b0fa515c5a511ddd189af34910441d8bbf8192052d296f,cfb-tulsa-ecar-2025-10-16,cfb,2,0,2025-10-16T23:30:00Z,East Carolina,Tulsa,0.885,1,1,0.865,41,27,1154172.0
0xa13312b2cc64532aed2a446b66e5a2d8d8b440b24d7213d33b6dae6a58c33223,nfl-pit-cin-2025-10-16,nfl,2,0,2025-10-17T00:15:00Z,Steelers,Bengals,0.685,0,0,0.7,31,33,6753084.0
0x49afdc2072ba5ddea5f41258aae271afec1f5ccef877f2d1a2f5e8e0f5c3adb8,cfb-lou-mia-2025-10-17,cfb,2,0,2025-10-17T23:00:00Z,Miami,Louisville,0.8049999999999999,0,1,0.835,21,24,3339537.0
0x56aa6bcf43ee201a210c15a26f7db769d58f8c6f5146a36ee26b63ac0934a05c,cfb-nebr-minnst-2025-10-18,cfb,2,0,2025-10-18T00:00:00Z,Nebraska Cornhuskers,Minnesota,0.685,0,0,0.715,6,24,951597.0
0xbc59df2b8bdfdb7b458bb5fedace2235bc4f2a0b47a75c7970b2bfbc6afcec9e,cfb-sjst-utahst-2025-10-18,cfb,2,0,2025-10-18T01:00:00Z,Utah State,San Jose State,0.595,1,1,0.635,30,25,391996.0
0x88148270c5ae326052a398b7de301996fc776ba1aec0e3df7f63570b3e5f86c3,cfb-ncar-cah-2025-10-18,cfb,2,0,2025-10-18T02:30:00Z,California,North Carolina,0.735,1,1,0.76,21,18,918901.0
0x80c72088ae739f69c953653573ac8da194ad7737a8aef4ca1cd9e59b33e1de4a,cfb-army-tulane-2025-10-18,cfb,2,0,2025-10-18T16:00:00Z,Tulane,Army,0.77,1,1,0.77,24,17,38931.0
0xb888989167c4b0b162837b29a1cc1b74d617d6ff0bb49a62d62affaf7195f11e,cfb-arz-hou-2025-10-18,cfb,2,0,2025-10-18T16:00:00Z,Arizona,Houston,0.525,0,0,0.505,28,31,868824.0
0x7bf0b70fa1c20c28eb5e2e97f9c87c630db70042072124caee2653e22fd24c42,cfb-bayl-tcu-2025-10-18,cfb,2,0,2025-10-18T16:00:00Z,TCU,Baylor,0.605,1,1,0.5800000000000001,42,36,213202.0
0x8b39e14d81a3e92f240cf3432a098bf98bc412d20f5e5a6be0396f5dfe08f813,cfb-cmich-bowlgr-2025-10-18,cfb,2,0,2025-10-18T16:00:00Z,Bowling,Central Michigan,0.585,0,1,0.615,6,27,432163.0
0xe1497de045ecc80d456d6545a49973b1099cf9f1b3d13fcafbd17e8d3631e3db,cfb-emich-miaoh-2025-10-18,cfb,2,0,2025-10-18T16:00:00Z,Miami (OH),Eastern Michigan,0.79,1,1,0.8049999999999999,44,30,102743.0
0xf36470c61659bddfa6d0e487004630551069717b9a1de412caf7d49e92fce76d,cfb-gtech-duke-2025-10-18,cfb,2,0,2025-10-18T16:00:00Z,Duke,Georgia Tech,0.595,0,1,0.5449999999999999,18,27,2159567.0
0xc89d563cf0f773ca00205d78f850d4ad2f9f93911c62bad2aae6e408e081a965,cfb-lsu-vand-2025-10-18,cfb,2,0,2025-10-18T16:00:00Z,Vanderbilt,LSU,0.525,1,1,0.525,31,24,1562280.0
0x00064042b5bcc5de2d98e555474e912c0e64598cfe4cef02adda9ab3204bcc46,cfb-uconn-boscol-2025-10-18,cfb,2,0,2025-10-18T16:00:00Z,UConn,Boston College,0.555,1,0,0.475,38,23,164195.0
0xde36397d08bf0a52ab241adb8b9aada7fd731c149d824ed4518b72993f0467ee,cfb-wash-mich-2025-10-18,cfb,2,0,2025-10-18T16:00:00Z,Michigan,Washington,0.625,1,1,0.65,24,7,220734.0
0xad5e7845b2034156ca7740d2bec97cfe89696099a78ea1355ff3a6756526217b,cfb-okl-sc-2025-10-18,cfb,2,0,2025-10-18T16:45:00Z,Oklahoma,South Carolina,0.645,1,0,0.655,26,7,442786.0
0x7813e6097cf65db51ce647fe499b490e187ebc967770c72f28c273b47eeec390,cfb-wvir-ucf-2025-10-18,cfb,2,0,2025-10-18T17:00:00Z,UCF,West Virginia,0.685,1,1,0.725,45,13,74728.0
0x09cb176c5afcefc0a57dd5882be94c0ee2016ec8ef9e8a3fc923a85b41125d05,cfb-kentst-toledo-2025-10-18,cfb,2,0,2025-10-18T18:00:00Z,Toledo,Kent State Golden Flashes,0.945,1,1,0.95,45,10,43309.0
0xa478906f21e0532d104c6a63148dceb7b89e130bc1d253093ee225180adefecd,cfb-buf-umass-2025-10-18,cfb,2,0,2025-10-18T18:30:00Z,Buffalo,UMass,0.895,1,0,0.865,28,21,1368206.0
0x0b88fbcf849649014bd4160626ff7af902216fc948ce9e16d534777ff0e61386,cfb-pur-nw-2025-10-18,cfb,2,0,2025-10-18T19:00:00Z,Northwestern,Purdue Boilermakers,0.605,1,1,0.585,19,0,134360.0
0x47556ad5e6605f9ec65230972a34be8dd4e1517e903c14317a7ec21530bf94c8,cfb-troy-lamon-2025-10-18,cfb,2,0,2025-10-18T19:00:00Z,Troy,UL Monroe,0.645,1,0,0.655,37,14,74497.0
0xc9e28802c9d2563f429488742f274388f14a463bccc982854e1aff688a1f722b,cfb-akron-ballst-2025-10-18,cfb,2,0,2025-10-18T19:30:00Z,Akron,Ball State,0.52,0,0,0.505,28,42,559655.0
0x6637192aaf2abc141ab7492498192f8775cbcfd4d154b4d0c0513f54ef254eb9,cfb-coast-applst-2025-10-18,cfb,2,0,2025-10-18T19:30:00Z,Appalachian State,Coastal Carolina Chanticleers,0.77,0,1,0.785,37,45,327549.0
0x887b1200fecd796282459024b596d80d521740e526a7697fd51052ddc9a9f480,cfb-miss-ga-2025-10-18,cfb,2,0,2025-10-18T19:30:00Z,Georgia,Ole Miss,0.7050000000000001,1,1,0.71,43,35,969159.0
0x5d49f2fde894e7af670723ca4f363e2aa05ab273140ae51f88f8ddcd781fb28a,cfb-mst-ind-2025-10-18,cfb,2,0,2025-10-18T19:30:00Z,Indiana,Michigan State,0.953,1,1,0.96,38,13,116396.0
0x35ddfb9d5e99c78aa34e4ae5247b32ff4b4f20870ca17e47d097e48cfcd61f0c,cfb-nill-ohio-2025-10-18,cfb,2,0,2025-10-18T19:30:00Z,Ohio,Northern Illinois,0.795,1,1,0.79,48,21,726944.0
0x2206ae8673f2233ff9419dc0b0d12e67c044e260e78a71856fa05aebdee007bf,cfb-ohiost-wisc-2025-10-18,cfb,2,0,2025-10-18T19:30:00Z,Ohio State,Wisconsin Badgers,0.957,1,0,0.955,34,0,610125.0
0xa967686486b0ab1f91ca56a92fbd957f602b4aea77f8df21fbdd24b5177cb0e4,cfb-old-jmad-2025-10-18,cfb,2,0,2025-10-18T19:30:00Z,James Madison,Old Dominion,0.595,1,1,0.5449999999999999,63,27,99403.0
0xdda0a9cff834a4b16e1ef08392037eb2502045583394b4cf8145a4553ce3c595,cfb-smu-clmsn-2025-10-18,cfb,2,0,2025-10-18T19:30:00Z,Clemson,SMU Mustangs,0.595,0,1,0.64,24,35,795614.0
0x2c9f290631c0fa80b5fca280a12748ae0af6daa5eb8216753b689dc01764d167,cfb-templ-charlt-2025-10-18,cfb,2,0,2025-10-18T19:30:00Z,Temple,Charlotte 49ers,0.775,1,0,0.79,49,14,115954.0
0xa5afaeaf978d059f8d80bc25d0f4fa4019d364a110baa23465485e10a35a0ec1,cfb-txam-ark-2025-10-18,cfb,2,0,2025-10-18T19:30:00Z,Texas A&M,Arkansas,0.715,1,0,0.73,45,42,287065.0
0x944a1885353e162a3f9190bc0e0e6cc4bfd13f6db06d351c2c6787088ff3ef07,cfb-txst-marsh-2025-10-18,cfb,2,0,2025-10-18T19:30:00Z,Texas State,Marshall,0.575,0,0,0.575,37,40,70527.0
0x8d43abb6b70d953ea166ba4e078de6d00f1dde0a394a061eea7659c40094b95a,cfb-unlv-boise-2025-10-18,cfb,2,0,2025-10-18T19:30:00Z,Boise State,UNLV,0.795,1,1,0.8049999999999999,56,31,348427.0
0x6159fa8860f3deb06fb9f5ba55e125dc141da3ea1736636c8507ada89866f1ad,cfb-utsa-ntx-2025-10-18,cfb,2,0,2025-10-18T19:30:00Z,North Texas,UTSA Roadrunners,0.625,1,1,0.625,55,17,72633.0
0xe88b33bf66809bc0496db398e1d4ee86a3351afdd169825bec1fe216dc18dc38,cfb-wyom-airf-2025-10-18,cfb,2,0,2025-10-18T19:30:00Z,Air Force,Wyoming,0.625,1,1,0.63,24,21,30699.0
0x6bf8154a29afafc320b8461dc245a4b1e9ffbe80de2995380efc00bf10a0e63a,cfb-mphs-uab-2025-10-18,cfb,2,0,2025-10-18T20:00:00Z,Memphis,UAB Blazers,0.915,0,0,0.925,24,31,848678.0
0x648e53a036c4f968a6a5d5055d3b7e597ed308feafc056deee009e3b2838eb72,cfb-txtech-arzst-2025-10-18,cfb,2,0,2025-10-18T20:00:00Z,Texas Tech Red Raiders,Arizona State,0.735,0,0,0.725,22,26,860192.0
0x30c689699fce22e7d9f0c0f3831fb272c7f51c77fc2ff2b781dd2a79c4232443,cfb-mspst-fl-2025-10-18,cfb,2,0,2025-10-18T20:15:00Z,Florida Gators,Mississippi State,0.755,1,1,0.77,23,21,219481.0
0x40dae1bc8b513e3de1cfa749516768996334f87279ef4617fc5f248aab8158c2,cfb-soumis-loulaf-2025-10-18,cfb,2,0,2025-10-18T21:00:00Z,Southern Miss,Louisiana,0.615,1,0,0.625,22,10,388227.0
0x68e4fbd2d3748530449776fc98cd47651ee57dd4c3deb665252417b3533b15f0,cfb-ore-rutger-2025-10-18,cfb,2,0,2025-10-18T22:30:00Z,Oregon,Rutgers,0.885,1,0,0.875,56,10,127344.0
0x1f07a83f6e6043cc5b707feeea9aab9324b747767a6ecb7de85d806f11222804,cfb-washst-vir-2025-10-18,cfb,2,0,2025-10-18T22:30:00Z,Virginia,Washington State,0.87,1,1,0.885,22,20,194344.0
0xea064a4c1695560ec93c257d93b55d74a3461334a889a8709630803fc286f9c9,cfb-gast-gas-2025-10-18,cfb,2,0,2025-10-18T23:00:00Z,Georgia Southern,Georgia State,0.675,1,1,0.69,41,24,29061.0
0x5dfcdf468a0b58d36e86d1792556bf9cf2bee165cdc6c31769a2b2b668bff469,cfb-hawaii-colst-2025-10-18,cfb,2,0,2025-10-18T23:00:00Z,Colorado State,Hawaii,0.5549999999999999,0,1,0.55,19,31,79747.0
0xabccef2b7b5ac15e35054678bcc0c0fc89532f16b5bb30f72579b6d9a0b9f94b,cfb-mary-ucla-2025-10-18,cfb,2,0,2025-10-18T23:00:00Z,UCLA,Maryland Terrapins,0.605,1,1,0.595,20,17,597727.0
0x61ce5ffd4576defef3f90c2e8a7fb88e2a3fb5e0c410ae32c7fcf26d56b152c1,cfb-pennst-iowa-2025-10-18,cfb,2,0,2025-10-18T23:00:00Z,Iowa,Penn State,0.585,1,1,0.585,25,24,425642.0
0x4d155680becc2876cc794cfa8276264a58be9fb8c2fc09d6bc193e7b583f7834,cfb-tx-uk-2025-10-18,cfb,2,0,2025-10-18T23:00:00Z,Texas,Kentucky,0.825,1,0,0.815,16,13,793417.0
0x23b286182b530de5f6f7be3314c2266ca67c83529f4f1fb9b4b2b37250764595,cfb-flatl-sfl-2025-10-18,cfb,2,0,2025-10-18T23:30:00Z,South Florida,Florida Atlantic,0.91,1,1,0.925,48,13,28237.0
0x6ced26a14ea0b5928495e709bf6d5e0abe87184754100db6c0042c58b662119b,cfb-pitt-syra-2025-10-18,cfb,2,0,2025-10-18T23:30:00Z,Pittsburgh,Syracuse,0.755,1,0,0.765,30,13,101747.0
0x54bbccdae11d914e78345ab3bcfd3a668de9a15e4fcb961443cbdd1276bbf2ef,cfb-tenn-ala-2025-10-18,cfb,2,0,2025-10-18T23:30:00Z,Alabama,Tennessee,0.735,1,1,0.735,37,20,351662.0
0xf66c9b22421710de79589fe69b5125369763ede935a6818834315656eec0bd0f,cfb-usc-nd-2025-10-18,cfb,2,0,2025-10-18T23:30:00Z,Notre Dame,USC,0.765,1,1,0.755,34,24,890708.0
0x093cd3510ed145accfe5c4553b2c14326c3018a0802fea9aa10a8b88a5c728ba,cfb-missr-aubrn-2025-10-18,cfb,2,0,2025-10-18T23:45:00Z,Missouri,Auburn,0.52,1,0,0.525,23,17,502523.0
0xb0df4ed55295fd749381ab21c6862adf10e9038ea083527bf366cba8fb1092f2,cfb-cin-okst-2025-10-19,cfb,2,0,2025-10-19T00:00:00Z,Cincinnati,Oklahoma State,0.945,1,0,0.93,49,17,115393.0
0xf4bcf5c7ebf00579f4f4e707401721e008c6e177432df16f65e9d46e2dded8b7,cfb-utah-byu-2025-10-19,cfb,2,0,2025-10-19T00:00:00Z,Utah,BYU,0.625,0,0,0.63,21,24,1066833.0
0x88c2adecb25d45442151b5094c01f6e87102537e6a2a1c8cbf528f16a1fc5520,cfb-nevada-nmx-2025-10-19,cfb,2,0,2025-10-19T01:45:00Z,New Mexico,Nevada Wolf Pack,0.815,1,1,0.815,24,22,92692.0
0x4ae44bf9a939a22afb703ad18f7fdf92d57ac33260c808cccfe3025a87010465,cfb-lafay-oregst-2025-10-19,cfb,2,0,2025-10-19T02:00:00Z,Oregon State,Lafayette Leopards,0.895,1,1,0.905,45,13,162786.0
0x3f3acfb4a75f7b8db894bc089126f370ac291b3bd1bb5dc5acbd795dda764276,cfb-flst-stan-2025-10-19,cfb,2,0,2025-10-19T02:30:00Z,Florida State,Stanford,0.875,0,0,0.885,13,20,1026614.0
0xe8f18e0474b83d54ca5fa8f8689e4b8af580d8c61dbb8037729af690250ceda7,nfl-la-jax-2025-10-19,nfl,2,1,2025-10-19T13:30:00Z,Rams,Jaguars,0.62,1,0,0.605,35,7,2373729.0
0x16216b8132f88c07a0e6d86bd869f6bb1253925aa21ca43ea00d2a66bb29e587,nfl-car-nyj-2025-10-19,nfl,2,0,2025-10-19T17:00:00Z,Jets,Panthers,0.505,0,1,0.485,6,13,2662480.0
0x175d2d3a8a5f2e97517a4197b1e7fba3d498022683bdb0f06dec63611bda746a,nfl-lv-kc-2025-10-19,nfl,2,0,2025-10-19T17:00:00Z,Chiefs,Raiders,0.855,1,1,0.875,31,0,3685622.0
0x5d73d1ea65978ed06a55aaf4553827880dcc7cab5cba334de3341518fe8e4514,nfl-mia-cle-2025-10-19,nfl,2,0,2025-10-19T17:00:00Z,Browns,Dolphins,0.565,1,1,0.575,31,6,2327629.0
0xd502aa7d6ec28b1ba3ca4645e5c7add9ef71fdedf5d634c57c30de7a86d700db,nfl-ne-ten-2025-10-19,nfl,2,0,2025-10-19T17:00:00Z,Patriots,Titans,0.715,1,0,0.745,31,13,2240435.0
0xf962703012a033d57382d976ecc3d8b6a9a7991083be770e43464b3ea8683fde,nfl-no-chi-2025-10-19,nfl,2,0,2025-10-19T17:00:00Z,Bears,Saints,0.645,1,1,0.6699999999999999,26,14,920413.0
0xed55f36cdf45379cfe16421d2e3d62c643e1926bdadcac06cce174e1c3bbecc3,nfl-phi-min-2025-10-19,nfl,2,0,2025-10-19T17:00:00Z,Eagles,Vikings,0.56,1,0,0.545,28,22,2339358.0
0xc931a0aee25adf6f2eee087df23d417f7be2ebec4fe65a4f8b2dde16ba077416,nfl-ind-lac-2025-10-19,nfl,2,0,2025-10-19T20:05:00Z,Chargers,Colts,0.575,0,1,0.5449999999999999,24,38,3224127.0
0xdff0b3538e08b1f3fd036250b7bb1500ccd1fc4ee026477d0932bff20c8fbc31,nfl-nyg-den-2025-10-19,nfl,2,0,2025-10-19T20:05:00Z,Broncos,Giants,0.785,1,1,0.765,33,32,3171107.0
0xb8e221de6ebe56c959225f7acb6bc160e6ee4728c2311944acffbd647997a786,nfl-gb-ari-2025-10-19,nfl,2,0,2025-10-19T20:25:00Z,Packers,Cardinals,0.725,1,0,0.755,27,23,2693914.0
0xe0d9de962e0a53a2276c8ac5b192fd97e1d2ec74a386d2d7022b83ae86464489,nfl-was-dal-2025-10-19,nfl,2,0,2025-10-19T20:25:00Z,Cowboys,Commanders,0.5349999999999999,1,1,0.54,44,22,2507703.0
0x3af49f39f61c7e4505aecf6f49c06d41db4e030ceaaf322f10db1dd9c940eae0,nfl-atl-sf-2025-10-19,nfl,2,0,2025-10-20T00:20:00Z,Falcons,49ers,0.525,0,0,0.455,10,20,5648469.0
0xf6ae726ba56c07c2cc7ec8fafcd9c41ab992c59406d82888e0940b280c81aefa,nfl-tb-det-2025-10-20,nfl,2,0,2025-10-20T23:00:00Z,Lions,Buccaneers,0.7150000000000001,1,1,0.71,24,9,7448884.0
0xcc9d529e735c24bf33e33403d10a70484b44281db5e42a625440a1e16271629e,nfl-hou-sea-2025-10-20,nfl,2,0,2025-10-21T02:00:00Z,Seahawks,Texans,0.605,1,1,0.625,27,19,3809847.0
0x7c1c6960a544f4ed51a84f51893d1bdb2f51bad16d91bc2cc3276ec2d6c74b12,cfb-kenest-flint-2025-10-21,cfb,2,0,2025-10-21T23:00:00Z,Kennesaw State,Florida International,0.575,1,0,0.595,45,26,829721.0
0x2debc34a164a646aad0d0c82f75e879d9fa1576ee82dd7531b5100163c752401,cfb-wkent-loutch-2025-10-21,cfb,2,0,2025-10-21T23:30:00Z,Louisiana Tech,Western Kentucky,0.675,0,1,0.615,27,28,877873.0
0xdea09ec5b803d985c07113f61125f6b4f3cb639aa0914f137bab430ca8927362,cfb-mtnst-del-2025-10-22,cfb,2,0,2025-10-22T23:30:00Z,Delaware Blue Hens,Middle Tennessee,0.755,1,1,0.755,31,28,315655.0
0xffe6b8d161ad28bf07be743acacf682a1b05db8ef279890a2285829d1be70a59,cfb-msrst-nmxst-2025-10-23,cfb,2,0,2025-10-23T01:00:00Z,Missouri State,New Mexico State,0.545,1,0,0.505,24,17,961268.0
0x19279bc8f418fd9a6fd5093042dc870817f0abdc6b0e846e46b55578acb246a5,cfb-sala-gast-2025-10-23,cfb,2,0,2025-10-23T23:30:00Z,South Alabama,Georgia State,0.675,1,0,0.685,38,31,685493.0
0xc0c0941e8774b0d0df1fd8f84ab7b83076a1675a1feb214e426579beb3046aec,nfl-min-lac-2025-10-23,nfl,2,0,2025-10-24T00:15:00Z,Chargers,Vikings,0.625,1,1,0.625,37,10,3781473.0
0x7dfc60333344a94a3082e0ca2cb29c4281cd5ae4677d3622a9f4645288648d19,cfb-ntx-charlt-2025-10-24,cfb,2,0,2025-10-24T23:00:00Z,North Texas,Charlotte 49ers,0.9495,1,0,0.945,54,20,571145.0
0x2cf1be28fe36433b67f5c8c7ac045aa58c8365a9b269f86abc302e2e1105e256,cfb-cah-vtech-2025-10-24,cfb,2,0,2025-10-24T23:30:00Z,Virginia Tech,California,0.645,1,1,0.675,42,34,1941289.0
0xba0e50d43a2e4d127f2cf93053ac8b1beb7d9bbd6666c750a4636071dabc53d2,cfb-boise-nevada-2025-10-25,cfb,2,0,2025-10-25T02:00:00Z,Boise State,Nevada Wolf Pack,0.935,1,0,0.92,24,3,782794.0
0xe1ce6d7f33e74fcba8ff45b777a6b18e21fa238184fb5c466c7c1f24fe2e7a8f,cfb-applst-old-2025-10-25,cfb,2,0,2025-10-25T16:00:00Z,Old Dominion,Appalachian State,0.815,1,1,0.825,24,21,126271.0
0xdd8e4c160a91351bfd4131417bcebd45c9ef3e3d7e26463b5c2611c893c2fdef,cfb-bowlgr-kentst-2025-10-25,cfb,2,0,2025-10-25T16:00:00Z,Bowling,Kent State Golden Flashes,0.745,0,0,0.725,21,24,47523.0
0x4524430629f43974323adf8f7b870475f1cb4854b0ce8f617799cba9e26752ab,cfb-kanst-kan-2025-10-25,cfb,2,0,2025-10-25T16:00:00Z,Kansas,Kansas State,0.605,0,1,0.605,17,42,310265.0
0xd12418fcf4edb01c19102aaac5cecc4b1c7cf1245e6b273fa6599f508c2dbbe0,cfb-miss-okl-2025-10-25,cfb,2,0,2025-10-25T16:00:00Z,Oklahoma,Ole Miss,0.625,0,1,0.65,26,34,1315262.0
0xb3dcb12bdc77892fa409a29fa82d25a6d30b8ca6b7abcbcd43b6ec7a92f8b3d8,cfb-nw-nebr-2025-10-25,cfb,2,0,2025-10-25T16:00:00Z,Nebraska Cornhuskers,Northwestern,0.735,1,1,0.7150000000000001,28,21,475177.0
0x9665598c6306afca65f500a9d2e8397c3a49ad0edc79a9eec0969f941f0f851d,cfb-ohio-emich-2025-10-25,cfb,2,0,2025-10-25T16:00:00Z,Ohio,Eastern Michigan,0.815,1,0,0.795,28,21,406519.0
0x3a39350b952cd1484411dfef5c7df76b2ca5320c38abce7e54e3eefd14da38b8,cfb-rutger-pur-2025-10-25,cfb,2,0,2025-10-25T16:00:00Z,Purdue Boilermakers,Rutgers,0.5449999999999999,0,1,0.475,24,27,1924333.0
0xa9690a1173a4db35fa05b1a9066585fe0f356654a8f23667af7e087125de0b0d,cfb-sfl-mphs-2025-10-25,cfb,2,0,2025-10-25T16:00:00Z,South Florida,Memphis,0.595,0,0,0.66,31,34,242401.0
0xd31c222f353f563e6bbe4384ce3b063ed4b4ce82343bf912ea5a888ced8e2ea8,cfb-smu-wake-2025-10-25,cfb,2,0,2025-10-25T16:00:00Z,SMU Mustangs,Wake Forest,0.655,0,0,0.58,12,13,457826.0
0x8ccac1703d0da8f6542cc40ebb689e4904773b5ffbc0fef234f02c245a40b4a3,cfb-syra-gtech-2025-10-25,cfb,2,0,2025-10-25T16:00:00Z,Georgia Tech,Syracuse,0.885,1,1,0.88,41,16,213419.0
0x871ecfa66efa3697691aeb456f76e2484d04e02acceabc0a57e6d37ed45b8dc3,cfb-ucla-ind-2025-10-25,cfb,2,0,2025-10-25T16:00:00Z,Indiana,UCLA,0.945,1,1,0.935,56,6,905083.0
0x961faee7b7ab6cae6bdc3095f1e14124267f0518e24e5a54e0a2f5830ea4cd10,cfb-vir-ncar-2025-10-25,cfb,2,0,2025-10-25T16:00:00Z,Virginia,North Carolina,0.8,1,0,0.785,17,16,209249.0
0xc3cb9d9255726e1d187b3053354233f600c870d3d4d403b9d8be769a3a3cac50,cfb-aubrn-ark-2025-10-25,cfb,2,0,2025-10-25T16:45:00Z,Arkansas,Auburn,0.55,0,1,0.565,24,33,150578.0
0x37f0e6a2912a88c8409e4942b4cc4d8cb1d43dd5103a0310fef6bea73034de39,cfb-akron-buf-2025-10-25,cfb,2,0,2025-10-25T17:00:00Z,Buffalo,Akron,0.8,0,1,0.765,16,24,1686368.0
0x5bd48caf23839388af76607535d738d871a87ee5abc3273c7661d27fa1e4e0ee,cfb-uconn-rice-2025-10-25,cfb,2,0,2025-10-25T19:00:00Z,UConn,Rice,0.775,0,0,0.775,34,37,89324.0
0x5877a0f46eca1a309d8ed8f0bd2a033b9ac41130ee4b2212ba783d45be4fe900,cfb-utahst-nmx-2025-10-25,cfb,2,0,2025-10-25T19:00:00Z,New Mexico,Utah State,0.5900000000000001,1,1,0.595,33,14,63195.0
0x0f90d8c1f4bafa2cc38fa92441097a32116189cae5baf326ac8ab64f06853819,cfb-ala-sc-2025-10-25,cfb,2,0,2025-10-25T19:30:00Z,Alabama,South Carolina,0.815,1,0,0.81,29,22,730780.0
0xfb93644dc931465ae96ea59adfc5eab3aaa66274e95392f59760d4d0e1761b45,cfb-ballst-nill-2025-10-25,cfb,2,0,2025-10-25T19:30:00Z,Northern Illinois,Ball State,0.685,1,1,0.675,21,7,25570.0
0x93760290aa15d109966695d64b4dfc6a479fcaf23f8898d0d000e439ab6227df,cfb-byu-iowast-2025-10-25,cfb,2,0,2025-10-25T19:30:00Z,Iowa State,BYU,0.565,0,1,0.5549999999999999,27,41,530654.0
0x8710077346789efa49bf5a80435977ebfee99921a0b66d3d6cb13d2a5c5964ad,cfb-flatl-navy-2025-10-25,cfb,2,0,2025-10-25T19:30:00Z,Navy,Florida Atlantic,0.845,1,1,0.825,42,32,78624.0
0xdaa9f6c65e5c6f4ce08dc579306b9063c7dc85b2e5817074c67b56bec3be9b49,cfb-ill-wash-2025-10-25,cfb,2,0,2025-10-25T19:30:00Z,Washington,Illinois,0.605,1,1,0.615,42,25,335633.0
0x8114889d5e418494f0b54188256d2f16ba28de9ea42039284bd99f0734e65483,cfb-lamon-soumis-2025-10-25,cfb,2,0,2025-10-25T19:30:00Z,Southern Miss,UL Monroe,0.815,1,1,0.825,49,21,309679.0
0x2d1c71db216f7abf4cf672b4f1bbf7d31d9efa8ac6f5093c5c4d409dc26f36f0,cfb-minnst-iowa-2025-10-25,cfb,2,0,2025-10-25T19:30:00Z,Iowa,Minnesota,0.735,1,1,0.745,41,3,105433.0
0x47ea4178e11b8177fbaecfb1cc19d5a7ed3f109cd195fc67a00b4c2fe1fb6764,cfb-missr-vand-2025-10-25,cfb,2,0,2025-10-25T19:30:00Z,Vanderbilt,Missouri,0.5449999999999999,1,1,0.5700000000000001,17,10,2315402.0
0x395b93b3d7a61de8960be73ac47c89ee2e1008f3b962b1a1fc089f96e791c43e,cfb-ncst-pitt-2025-10-25,cfb,2,0,2025-10-25T19:30:00Z,Pittsburgh,NC State,0.655,1,1,0.675,53,34,44766.0
0xf163e0b472e2971dcb784532bffd9c8ac31a7453b8c43a0a251e7189f639fef8,cfb-sdst-frest-2025-10-25,cfb,2,0,2025-10-25T19:30:00Z,San Diego State,Fresno State,0.595,1,0,0.585,23,0,60269.0
0x40de32bd9e228ba18fa637bc4a707cd8ab82855ded8bad999025ab6539618945,cfb-templ-tulsa-2025-10-25,cfb,2,0,2025-10-25T19:30:00Z,Temple,Tulsa,0.645,1,0,0.645,38,37,74557.0
0xc12ec05ee424fba7ce58417c68598eb46112050ab589e4ab72eabf04541f604f,cfb-toledo-washst-2025-10-25,cfb,2,0,2025-10-25T19:30:00Z,Toledo,Washington State,0.535,0,0,0.515,7,28,118664.0
0x2775a012d1e8a94bb81ce04781a1c3ad65c3a5caad3812dceeb679ba1e01f9ac,cfb-umass-cmich-2025-10-25,cfb,2,0,2025-10-25T19:30:00Z,Central Michigan,UMass,0.875,1,1,0.85,38,13,44001.0
0x2714aaa079fe7b8b870926c262d5f5e66c54a2ad38a78a2e79c93619e26e448f,cfb-wmich-miaoh-2025-10-25,cfb,2,0,2025-10-25T19:30:00Z,Miami (OH),Western Michigan,0.5549999999999999,1,1,0.5349999999999999,26,17,658206.0
0x13358f5918dce2db9d9a22d879a3491deff00c332a3134b3c5162e33e91c7e7c,cfb-bayl-cin-2025-10-25,cfb,2,0,2025-10-25T20:00:00Z,Cincinnati,Baylor,0.605,1,1,0.605,41,20,192080.0
0x80333df5a9ab53514bed013781771a729d830e597249964c7d2c51027726a076,cfb-okst-txtech-2025-10-25,cfb,2,0,2025-10-25T20:00:00Z,Texas Tech Red Raiders,Oklahoma State,0.991,1,1,0.971,42,0,53659.0
0xb28d4daab310cd612470b7f9febd4236e746eecc345cebfaac97e2dbe2538950,cfb-tx-mspst-2025-10-25,cfb,2,0,2025-10-25T20:15:00Z,Texas,Mississippi State,0.745,1,0,0.705,45,38,367361.0
0x41b0f2ec21f02fdc2b879bcdbbed2e51aa04a1c18ea4308ae47a08c5dac81338,cfb-tcu-wvir-2025-10-25,cfb,2,0,2025-10-25T22:00:00Z,TCU,West Virginia,0.86,1,0,0.855,23,17,93666.0
0xd386ecfb2adfa21960ebdeea1832d75f18a92375bc6c62270206b75452c6e64e,cfb-loulaf-troy-2025-10-25,cfb,2,0,2025-10-25T23:00:00Z,Troy,Louisiana,0.72,1,1,0.74,35,23,18950.0
0xca5650708e4ea4ed519211a3872948c8cae71d344ea0ac74977f97b3204be791,cfb-stan-mia-2025-10-25,cfb,2,0,2025-10-25T23:00:00Z,Miami,Stanford,0.9395,1,1,0.935,42,7,181782.0
0x8b9dc08ffda69a195b4d726d8a9f3bb9b16a2981b325a7e98d44d6a731156da6,cfb-wisc-ore-2025-10-25,cfb,2,0,2025-10-25T23:00:00Z,Oregon,Wisconsin Badgers,0.9755,1,1,0.975,21,7,113436.0
0x65d269ce203b6fb12e50155183ed39eaf4fe91d3a8f328a1f14ea11bafe029c3,cfb-boscol-lou-2025-10-25,cfb,2,0,2025-10-25T23:30:00Z,Louisville,Boston College,0.955,1,1,0.95,38,24,132880.0
0x6cc0abf65cd0737fbf5387816fcfcde3e86829bcae564e3778a2da2ddd9472ec,cfb-colst-wyom-2025-10-25,cfb,2,0,2025-10-25T23:30:00Z,Wyoming,Colorado State,0.6699999999999999,1,1,0.645,28,0,51673.0
0xdb84e6d815c991d017e19c834153b03d037cd77f020426f8c8506daa6dd35d51,cfb-mich-mst-2025-10-25,cfb,2,0,2025-10-25T23:30:00Z,Michigan,Michigan State,0.82,1,0,0.845,31,20,66599.0
0x434f2686307cacbfe3fe1ede62ec6fb4d8106ec0d1e848fa198d51603127bced,cfb-txam-lsu-2025-10-25,cfb,2,0,2025-10-25T23:30:00Z,Texas A&M,LSU,0.535,1,0,0.565,49,25,1264956.0
0xd6519ae06bc49c4a292668e3ec5d752d671271b7dcd5a1ec46aec097fac70e49,cfb-tenn-uk-2025-10-25,cfb,2,0,2025-10-25T23:45:00Z,Tennessee,Kentucky,0.745,1,0,0.745,56,34,1057955.0
0x3254a0cf8812d3f1c98c352de420347523ca6e94978f52d5d206f051be3707c9,cfb-hou-arzst-2025-10-26,cfb,2,0,2025-10-26T00:00:00Z,Arizona State,Houston,0.73,0,1,0.7150000000000001,16,24,187389.0
0x3588ea741839f0bd7a08986e1b9791fa4de31fb38fe14b336a699b115973748e,cfb-col-utah-2025-10-26,cfb,2,0,2025-10-26T02:15:00Z,Utah,Colorado,0.825,1,1,0.825,53,7,267333.0
0x0aee7dfa491c87f0678eafdf10d4b54c628c3b72a7596afbf06a0bce85c71ed4,nfl-buf-car-2025-10-26,nfl,2,0,2025-10-26T17:00:00Z,Bills,Panthers,0.765,1,0,0.77,40,9,1243945.0
0x79458e54226bf73452522bae8ca7469ef433bf3a9dc1d6c614b3ddb689d33042,nfl-chi-bal-2025-10-26,nfl,2,0,2025-10-26T17:00:00Z,Ravens,Bears,0.575,1,1,0.565,30,16,4475684.0
0xcfcbaa9a402806aa70910ddc64179d29af5bdbac676ec79ac600912f0db26c1b,nfl-cle-ne-2025-10-26,nfl,2,0,2025-10-26T17:00:00Z,Patriots,Browns,0.745,1,1,0.765,32,13,935155.0
0x8e2641a2ffe18d761d91429e3d0f7f5907e3f966f4de57b74970f61da7ccb0fc,nfl-mia-atl-2025-10-26,nfl,2,0,2025-10-26T17:00:00Z,Falcons,Dolphins,0.745,0,1,0.775,10,34,2017391.0
0xf6c12a522923b5143fb52aec4641e46cc29765af358009fac2cb65bb3e7c6531,nfl-nyg-phi-2025-10-26,nfl,2,0,2025-10-26T17:00:00Z,Eagles,Giants,0.755,1,1,0.765,38,20,1474525.0
0x983948ed0de118d2567507ce97f3275ffd04edb1b94a427e7520e6b1161a23a1,nfl-nyj-cin-2025-10-26,nfl,2,0,2025-10-26T17:00:00Z,Bengals,Jets,0.685,0,1,0.725,38,39,3421947.0
0x71dd4bb30879f07523f31b899294862a0ac4c3b521c8f7d4c216344ebc5765e7,nfl-sf-hou-2025-10-26,nfl,2,0,2025-10-26T17:00:00Z,Texans,49ers,0.605,1,1,0.5549999999999999,26,15,3067900.0
0x4fa06c938ab2d52a2c0bc36bd1a1130434567b597d2ce6df3b49b15731fd5e11,nfl-tb-no-2025-10-26,nfl,2,0,2025-10-26T20:05:00Z,Buccaneers,Saints,0.645,1,0,0.66,23,3,1847493.0
0x5c1d90605fe7f4cbab6864091215a4108f79dc5609a06dd90ab552c88e52450e,nfl-dal-den-2025-10-26,nfl,2,0,2025-10-26T20:25:00Z,Broncos,Cowboys,0.665,1,1,0.62,44,24,3235875.0
0x4f8995adb4a80b8ac257cef4970167584a4219245263c887df019ee6ed6e0f7d,nfl-ten-ind-2025-10-26,nfl,2,0,2025-10-26T20:25:00Z,Colts,Titans,0.895,1,1,0.905,38,14,2006595.0
0x8df270e2aa2ded8dee066bcd4ed3506954809479cbe756c6ecf5af6b0ef584c3,nfl-gb-pit-2025-10-26,nfl,2,0,2025-10-27T00:20:00Z,Packers,Steelers,0.565,1,0,0.595,35,25,4007871.0
0xeea11838031898568d1cf6be17f07bbaf33df76dfc0d1ea206d4bd817aaa2785,nfl-was-kc-2025-10-27,nfl,2,0,2025-10-28T00:15:00Z,Chiefs,Commanders,0.825,1,1,0.855,28,7,3672678.0
0xafd143b571ca0cd7b638ad4de379aa564854e0e0c0235f879795ac982cc1920f,cfb-jmad-txst-2025-10-29,cfb,2,0,2025-10-29T00:00:00Z,James Madison,Texas State,0.725,1,0,0.7,52,20,211938.0
0x996de747be90b8fa425d2c35d91ff184fb9d116e20a4b836fc8d26c0b19ccf96,cfb-utep-kenest-2025-10-29,cfb,2,0,2025-10-29T00:00:00Z,Kennesaw State,UTEP,0.795,1,1,0.765,33,20,970770.0
0x5b3ada0fd6ba1214de19367d1503ef13b8a372e8f379bddc595fc70b3795be97,cfb-jaxst-mtnst-2025-10-29,cfb,2,0,2025-10-29T23:30:00Z,Jacksonville State,Middle Tennessee,0.645,1,0,0.65,24,21,630681.0
0xcb2c87b28ba30a37f1c3f8a82f2838cf73ce29b277f848c41ac4b069eee18144,cfb-flint-msrst-2025-10-30,cfb,2,0,2025-10-30T00:00:00Z,Missouri State,Florida International,0.595,1,1,0.635,28,21,475296.0
0xd002f3a9668ce4c897129e4a647622e071d5b716644f2a8679a21341b06c5173,cfb-marsh-coast-2025-10-30,cfb,2,0,2025-10-30T23:30:00Z,Marshall,Coastal Carolina Chanticleers,0.69,0,0,0.685,27,44,377523.0
0x18e742ba266673ca2f1fd1ef0f010b373fdf3516d488bc365ac03d56a091db04,cfb-tulane-utsa-2025-10-30,cfb,2,0,2025-10-30T23:30:00Z,Tulane,UTSA Roadrunners,0.68,0,0,0.665,26,48,554227.0
0xa9202d1a3f497869d45ec1b122216de7ba542b2920d7becc64f0f9c2969a297f,nfl-bal-mia-2025-10-30,nfl,2,0,2025-10-31T00:15:00Z,Ravens,Dolphins,0.775,1,0,0.795,28,6,4250359.0
0x46c4c4c17f8ff510e2becf59d61edebfc017c8ba8ba70cdd1726f8d2948770fd,cfb-mphs-rice-2025-10-31,cfb,2,0,2025-10-31T23:00:00Z,Memphis,Rice,0.855,1,0,0.825,38,14,451462.0
0x4841b309a14de1972ea872b169405cccc5fdf3ad456ca90604aed1a6603c0b35,cfb-ncar-syra-2025-10-31,cfb,2,0,2025-10-31T23:30:00Z,Syracuse,North Carolina,0.525,0,1,0.55,10,27,1348324.0
0x3e620f1fc28d5678806f851a559ccc576efad05cb692bcc16b9f6b34d5df1d1d,cfb-smho-loutch-2025-11-01,cfb,2,0,2025-11-01T00:00:00Z,Louisiana Tech,Sam Houston Bearkats,0.885,1,1,0.865,55,14,565574.0
0x7ff7c66a825e0c1d773db9666f4f45ef550c7f851c53cb5d1303d697a51c74c6,cfb-army-airf-2025-11-01,cfb,2,0,2025-11-01T16:00:00Z,Army,Air Force,0.54,1,0,0.505,20,17,1633284.0
0x6e24cc3e501afcf8d09a77fe79c139fa32b4b4e54e7dcea7a0d464697c41519f,cfb-buf-bowlgr-2025-11-01,cfb,2,0,2025-11-01T16:00:00Z,Bowling,Buffalo,0.5449999999999999,0,1,0.5449999999999999,3,28,93810.0
0x1fdbf90e8a974f37fe13b24730e68bc07837cc468ea19b4b33d216f85f67a89b,cfb-duke-clmsn-2025-11-01,cfb,2,0,2025-11-01T16:00:00Z,Clemson,Duke,0.615,0,1,0.595,45,46,1203319.0
0xdc03507b39ea46ce6f7dc4e4d81f758a0eea60c0c3fcb880ba6c0e54b8faba86,cfb-mia-smu-2025-11-01,cfb,2,0,2025-11-01T16:00:00Z,Miami,SMU Mustangs,0.75,0,0,0.785,20,26,442003.0
0x78381a57483de13999f7f7deb63ae8d68bd25f76bc4c1095ad33d59a1b49d7b8,cfb-navy-ntx-2025-11-01,cfb,2,0,2025-11-01T16:00:00Z,North Texas,Navy,0.685,1,1,0.685,31,17,110385.0
0x28732831536168814302633aadd15c76d38d154faf03a09b15389643766dcda0,cfb-pennst-ohiost-2025-11-01,cfb,2,0,2025-11-01T16:00:00Z,Ohio State,Penn State,0.925,1,1,0.92,38,14,796372.0
0x784d49077cd4ff3af9d41c19f6c15f1f0a30f8cde91fe509298cc06ca24a795c,cfb-rutger-ill-2025-11-01,cfb,2,0,2025-11-01T16:00:00Z,Illinois,Rutgers,0.81,1,1,0.81,35,13,76196.0
0x8b29c0e793df39a48cbe5be8747ec7eca40350e4a029b8fa760413803b5f272b,cfb-uab-uconn-2025-11-01,cfb,2,0,2025-11-01T16:00:00Z,UConn,UAB Blazers,0.8049999999999999,1,1,0.785,38,19,946822.0
0x4891d40f8dff2ba9f067518d2c3277eb7fd90e22e3e4ed12047913e7e14f01c7,cfb-ucf-bayl-2025-11-01,cfb,2,0,2025-11-01T16:00:00Z,Baylor,UCF,0.585,1,1,0.6,30,3,1287031.0
0x030cc35b6f00ffec1082ae0429c4c2061c7cde28c1aeeae217fa23c0adf6f13d,cfb-vand-tx-2025-11-01,cfb,2,0,2025-11-01T16:00:00Z,Texas,Vanderbilt,0.615,1,1,0.575,34,31,1651979.0
0x0132440785f3b1020559ced58c53874f06f892d2305e39837f16beb4b074db56,cfb-wvir-hou-2025-11-01,cfb,2,0,2025-11-01T16:00:00Z,Houston,West Virginia,0.845,0,1,0.83,35,45,659043.0
0x0775444f301d576c286308f74019b2615a5468280c388dd489141bed2d79b8b1,cfb-arzst-iowast-2025-11-01,cfb,2,0,2025-11-01T17:00:00Z,Iowa State,Arizona State,0.7050000000000001,0,1,0.735,19,24,1044375.0
0xa28b751213bb53b9d21ce21d7db08cee4c6259fb80697c7a2bb606a40c5bd045,cfb-ecar-templ-2025-11-01,cfb,2,0,2025-11-01T18:00:00Z,East Carolina,Temple,0.665,1,0,0.655,45,14,337924.0
0x1a01b32c085bcc830737c0e462cf45d9efd08f1e7cd0faf9c6105411855dfb14,cfb-lou-vtech-2025-11-01,cfb,2,0,2025-11-01T19:00:00Z,Louisville,Virginia Tech,0.785,1,0,0.785,28,16,1020931.0
0x8daa3d18e812e727bf56f811579e7f04db6863d5afe67f61677229c2019d5070,cfb-nmx-unlv-2025-11-01,cfb,2,0,2025-11-01T19:00:00Z,UNLV,New Mexico,0.62,0,1,0.635,35,40,149558.0
0x148711de2a5028e43e63c6479c2b04241e38ca6b617e8b12f66cbac16e59caff,cfb-del-librty-2025-11-01,cfb,2,0,2025-11-01T19:30:00Z,Liberty,Delaware Blue Hens,0.61,1,1,0.595,59,30,63908.0
0x88172c17a0809c8a584493c1d468a7db50453fedc739339e807bbd15c7b0b8e5,cfb-frest-boise-2025-11-01,cfb,2,0,2025-11-01T19:30:00Z,Boise State,Fresno State,0.905,0,1,0.88,7,30,187507.0
0x62ed377ba140386b8c8d052c0dfe8efaa148ac8d999b2c06c01d8d7594bf4e92,cfb-ga-fl-2025-11-01,cfb,2,1,2025-11-01T19:30:00Z,Georgia,Florida Gators,0.725,1,0,0.725,24,20,1035987.0
0x625b7ac27fd13e0fa5405948a3cb67dcaf8a62c7bbbbd65f0adbbc6208bf955c,cfb-ind-mary-2025-11-01,cfb,2,0,2025-11-01T19:30:00Z,Indiana,Maryland Terrapins,0.945,1,0,0.925,55,10,350266.0
0xaafc26353b26f9c7e99ff2447b205a3c7c65493418044c3adf602f5c0d2692a3,cfb-loulaf-sala-2025-11-01,cfb,2,0,2025-11-01T19:30:00Z,South Alabama,Louisiana,0.625,0,1,0.625,22,31,13794.0
0xd6346198402f4aa2277fca213c82b620a8a51f5b740d02304ab8085ad4de267d,cfb-mst-minnst-2025-11-01,cfb,2,0,2025-11-01T19:30:00Z,Minnesota,Michigan State,0.635,1,1,0.62,23,20,384820.0
0xf1608b787fa59feb413698c866c6f68d47cffdd41033c07e16a9dd77b9c364fc,cfb-nd-boscol-2025-11-01,cfb,2,0,2025-11-01T19:30:00Z,Notre Dame,Boston College,0.98,1,0,0.9765,25,10,148039.0
0xecc9f7cc297d8e03fcb42a6db1f26916e9ecf6ee3c7e01b9537cbd6db46a3e66,cfb-nmxst-wkent-2025-11-01,cfb,2,0,2025-11-01T19:30:00Z,Western Kentucky,New Mexico State,0.755,1,1,0.75,35,16,272562.0
0x13883fb25286542f11dc01cfeea921da9fbb693a1dd8b553c047daa485e2dafd,cfb-old-lamon-2025-11-01,cfb,2,0,2025-11-01T19:30:00Z,Old Dominion,UL Monroe,0.865,1,0,0.865,31,6,11140.0
0x593c9e6b1f8047b61b0d1001ca8b9b3764885c8003b35f41785343a21c1d981f,cfb-pitt-stan-2025-11-01,cfb,2,0,2025-11-01T19:30:00Z,Pittsburgh,Stanford,0.825,1,0,0.83,35,20,86916.0
0x2cd3771e5583ae40322343482b46794d6cd7e50c20b4a6aa24245a41951ae6a8,cfb-txtech-kanst-2025-11-01,cfb,2,0,2025-11-01T19:30:00Z,Texas Tech Red Raiders,Kansas State,0.725,1,0,0.715,43,20,283733.0
0xc15e433933730271382e8b117bfc057a54fdbbca94fe8806f5e6e3577ccd9040,cfb-vir-cah-2025-11-01,cfb,2,0,2025-11-01T19:45:00Z,Virginia,California,0.685,1,0,0.675,31,21,178245.0
0x9c2be07068fbac9aa04e54c9d8478e67c5794ce7353df8ef16e5edafb2ae9587,cfb-cmich-wmich-2025-11-01,cfb,2,0,2025-11-01T20:00:00Z,Western Michigan,Central Michigan,0.635,1,1,0.665,24,21,676021.0
0xd8258d4a887422d021f0424d4bd0b0824b292d9be815f605a2225c8cc8df636a,cfb-mspst-ark-2025-11-01,cfb,2,0,2025-11-01T20:00:00Z,Arkansas,Mississippi State,0.65,0,1,0.655,35,38,206055.0
0x1a47ba4eb70d4028bae03cf21c27931114c567df3be233cf3f4e4417ef98be46,cfb-okst-kan-2025-11-01,cfb,2,0,2025-11-01T20:00:00Z,Kansas,Oklahoma State,0.945,1,1,0.945,38,21,78838.0
0x8026264314846f0c809f3e71e14a8c2d97fddf11a95e5751bc78211d3f8c52c6,cfb-arz-col-2025-11-01,cfb,2,0,2025-11-01T23:00:00Z,Arizona,Colorado,0.62,1,0,0.64,52,17,127810.0
0xf3e463ca6132d3150e20046af128636e2bd621951d9989e461479ae07e50cf8e,cfb-pur-mich-2025-11-01,cfb,2,0,2025-11-01T23:00:00Z,Michigan,Purdue Boilermakers,0.9299999999999999,1,1,0.925,21,16,193383.0
0xe07cb2ac8aed8aef4f5f3f4f7902d1503f2babc0cd1456933fa10337cb9d1920,cfb-sc-miss-2025-11-01,cfb,2,0,2025-11-01T23:00:00Z,Ole Miss,South Carolina,0.825,1,1,0.815,30,14,840892.0
0x530c70511da29dc426b623e64f27bd0c59b77c5f96ed5a75f2ba0cf4785e5965,cfb-wyom-sdst-2025-11-01,cfb,2,0,2025-11-01T23:00:00Z,San Diego State,Wyoming,0.77,1,1,0.785,24,7,79905.0
0x413b340b2f0119c4614f7ebe1ba33f08ce7d730434cc626d1d68002480cb19a4,cfb-gtech-ncst-2025-11-01,cfb,2,0,2025-11-01T23:30:00Z,Georgia Tech,NC State,0.655,0,0,0.67,36,48,425447.0
0x9e3a313bd06125130ec7350f032a59e8b9d809714c22018ecbab567d112e22cb,cfb-okl-tenn-2025-11-01,cfb,2,0,2025-11-01T23:30:00Z,Tennessee,Oklahoma,0.595,0,1,0.565,27,33,809227.0
0x3d9094fea97bbc83de4aa218b94de5e492b608dcf16b38589dc1fc4fd77247bd,cfb-uk-aubrn-2025-11-01,cfb,2,0,2025-11-01T23:30:00Z,Auburn,Kentucky,0.795,0,1,0.78,3,10,119565.0
0xe151823dd0c8549de666de2d9c7a145fa32820f5bf97d91df80161f62cb023c7,cfb-usc-nebr-2025-11-01,cfb,2,0,2025-11-01T23:30:00Z,USC,Nebraska Cornhuskers,0.66,1,0,0.645,21,17,1137848.0
0xf823d211cd8f166bc2a35162bd182a5da0a4eeaec233b7334d1d69ef714c0da3,cfb-wake-flst-2025-11-01,cfb,2,0,2025-11-01T23:30:00Z,Florida State,Wake Forest,0.795,1,1,0.765,42,7,151993.0
0xbe8c14870df5a43d75b0e4d8e56101127d7009bf023353ef7c4c870676781f14,cfb-washst-oregst-2025-11-01,cfb,2,0,2025-11-01T23:30:00Z,Washington State,Oregon State,0.615,0,0,0.63,7,10,328632.0
0x2268daa116f5e14501509421c80e5e5445bd098849f8a74cede33152ab40e23c,cfb-arkst-troy-2025-11-02,cfb,2,0,2025-11-02T00:00:00Z,Troy,Arkansas State,0.74,0,1,0.745,10,23,112035.0
0x85437b85f8a378fdc58e38a5088af809c632adf0104a2166a9ee92606148b35b,cfb-cin-utah-2025-11-02,cfb,2,0,2025-11-02T02:15:00Z,Utah,Cincinnati,0.785,1,1,0.775,45,14,355732.0
0xe731604671dcc6a26992bcb54b4853b341cb69efb007394a9dbcb6312e43f37b,cfb-hawaii-sjst-2025-11-02,cfb,2,0,2025-11-02T02:30:00Z,San Jose State,Hawaii,0.5549999999999999,1,1,0.525,45,38,265299.0
0xaa50a5666e3223fce4e8ce2bd3f3f3205c4e7b25e7d8ed6178c8722504f0f702,nfl-atl-ne-2025-11-02,nfl,2,0,2025-11-02T18:00:00Z,Patriots,Falcons,0.685,1,1,0.6799999999999999,24,23,1115443.0
0x93343cc685ff2875ca60eb9dbd8215187fbd3d6ec0f869003b57ab623b6aff0f,nfl-car-gb-2025-11-02,nfl,2,0,2025-11-02T18:00:00Z,Packers,Panthers,0.865,0,1,0.885,13,16,1264602.0
0xb6059f90055603d5d41cddec29021d91614ac5398cb1a0aa4d6c641189578744,nfl-chi-cin-2025-11-02,nfl,2,0,2025-11-02T18:00:00Z,Bears,Bengals,0.585,1,0,0.585,47,42,1704392.0
0x5e4a22239a3d12c37069332763de04bdffd90d25a17a71e0b825833803124798,nfl-den-hou-2025-11-02,nfl,2,0,2025-11-02T18:00:00Z,Texans,Broncos,0.5549999999999999,0,1,0.5449999999999999,15,18,3063729.0
0x87794de55b58fdeb94b4ac5151b962fe73afc1aad6b44fc780b30ce79fcc4c96,nfl-ind-pit-2025-11-02,nfl,2,0,2025-11-02T18:00:00Z,Colts,Steelers,0.61,0,0,0.615,20,27,3912071.0
0x91209264fa90ffbbfd07ec93d7f6acb790fa48f95ee6f37715f1b8e9c9cc29ea,nfl-lac-ten-2025-11-02,nfl,2,0,2025-11-02T18:00:00Z,Chargers,Titans,0.815,1,0,0.825,27,20,2278719.0
0x09293493eebe2dba65aee40b96a37af9e0e925791dc0356b324e8015bf0d6196,nfl-min-det-2025-11-02,nfl,2,0,2025-11-02T18:00:00Z,Lions,Vikings,0.8049999999999999,0,1,0.8049999999999999,24,27,3425120.0
0x024532fcd25a91e86704e39fb04d3550a344e0502aef7af5f25185ba45c4f0ff,nfl-sf-nyg-2025-11-02,nfl,2,0,2025-11-02T18:00:00Z,49ers,Giants,0.545,1,0,0.575,34,24,1523794.0
0x6ff4ba970cc7120f2933344a7e4c424b73d32efbd47b04eb5fcb82662484b074,nfl-jax-lv-2025-11-02,nfl,2,0,2025-11-02T21:05:00Z,Jaguars,Raiders,0.555,1,0,0.565,30,29,1496296.0
0x60f05f2f7b8c87a17429dd7d14b11fc80ce3af796dcb571ddf322db4f382b2eb,nfl-no-la-2025-11-02,nfl,2,0,2025-11-02T21:05:00Z,Rams,Saints,0.905,1,1,0.895,34,10,1300883.0
0xb68c5e1dd36093e8c6a84cd74cc594a554c14de105a864e52e15b30c9070d34a,nfl-kc-buf-2025-11-02,nfl,2,0,2025-11-02T21:25:00Z,Chiefs,Bills,0.555,0,0,0.555,21,28,5334383.0
0xb8fec9331f5256027b2f44476dcaae997e5ca0578b14162065b967627ab1248f,nfl-sea-was-2025-11-02,nfl,2,0,2025-11-03T01:20:00Z,Seahawks,Commanders,0.565,1,0,0.595,38,14,5237187.0
0x92c868889653f6236d249420b9dec718d9403d7464874e8abac7709c5ed6d7e7,nfl-ari-dal-2025-11-03,nfl,2,0,2025-11-04T01:15:00Z,Cowboys,Cardinals,0.615,0,1,0.615,17,27,6769027.0
0x743c6b56b49386bc24d213a0f61546049dd5cb78461bdf70459b10fbd9124bde,cfb-miaoh-ohio-2025-11-04,cfb,2,0,2025-11-05T00:00:00Z,Ohio,Miami (OH),0.585,1,1,0.5549999999999999,24,20,485776.0
0xa05efc908f08620038bc9678fabf336379f03216f0efdaa341f0e5751c974e4c,cfb-umass-akron-2025-11-04,cfb,2,0,2025-11-05T00:00:00Z,Akron,UMass,0.8049999999999999,1,1,0.755,44,10,402852.0
0x52e2360daa4478c6a90fd5a45513c5d4aefaf16b97ad03c0a41ab781604fbe23,cfb-kentst-ballst-2025-11-05,cfb,2,0,2025-11-06T00:00:00Z,Ball State,Kent State Golden Flashes,0.595,1,1,0.5349999999999999,17,13,636514.0
0x7237d92b0a13a5bfd6f0a501484db802214387f21ffc6df3bb3bfd538e4ee45f,cfb-nill-toledo-2025-11-05,cfb,2,0,2025-11-06T00:00:00Z,Toledo,Northern Illinois,0.855,1,1,0.85,42,3,139491.0
0x476f9652f67184f3d154bdd236931265ef436d7be42114e7a5a5a3ec001e871d,cfb-gas-applst-2025-11-06,cfb,2,0,2025-11-07T00:30:00Z,Appalachian State,Georgia Southern,0.655,0,1,0.645,23,25,495069.0
0x9cacf0726b065d6a19eecf9633bbfc2668de79636ff5f6d635e02bca88e006fd,cfb-utsa-sfl-2025-11-06,cfb,2,0,2025-11-07T00:30:00Z,South Florida,UTSA Roadrunners,0.835,1,1,0.825,55,23,351139.0
0x2a073dba2d819e790bac00f78b3bcc8cf0d408ca9ca7a6430ff4ec3669753c70,nfl-lv-den-2025-11-06,nfl,2,0,2025-11-07T01:15:00Z,Broncos,Raiders,0.785,1,1,0.815,10,7,4186332.0
0xc0e3bf1060861398acff99adcbfac97773a6afa505099b36b186ddf41f2079f4,cfb-hou-ucf-2025-11-07,cfb,2,0,2025-11-08T01:00:00Z,UCF,Houston,0.525,0,1,0.495,27,30,3591881.0
0x351993b29579e287a779127d94d83b7f5cffe5b715f74e2c58c12ff19c0ad018,cfb-nw-usc-2025-11-07,cfb,2,0,2025-11-08T02:00:00Z,USC,Northwestern,0.855,1,1,0.84,38,17,1707928.0
0x739cde5cde44dce210592320515c25bf8be40080f1d11a91c96dc6ea9e9270cf,cfb-tulane-mphs-2025-11-07,cfb,2,0,2025-11-08T02:00:00Z,Memphis,Tulane,0.605,0,1,0.605,32,38,1622427.0
0x9749a58a12438412025f32a33358e858919ec8b8d2536ef1f4afa00352357ac0,cfb-byu-txtech-2025-11-08,cfb,2,0,2025-11-08T17:00:00Z,Texas Tech Red Raiders,BYU,0.785,1,1,0.76,29,7,1186702.0
0x94df2b8560165de3da3a968998e0b44ab19a7a5304ce88264825ac43cde628e6,cfb-col-wvir-2025-11-08,cfb,2,0,2025-11-08T17:00:00Z,West Virginia,Colorado,0.685,1,1,0.665,29,22,225531.0
0x549ee495c1c59c38479143cf55b0c98aedff0c4baa8b89f893265ad8628d118b,cfb-ga-mspst-2025-11-08,cfb,2,0,2025-11-08T17:00:00Z,Georgia,Mississippi State,0.765,1,0,0.76,41,21,532413.0
0x9259aa629f3aa7c4217e17465f40fb1090f363f912d28d03e8977e4fec5cf122,cfb-ind-pennst-2025-11-08,cfb,2,0,2025-11-08T17:00:00Z,Indiana,Penn State,0.845,1,0,0.855,27,24,827223.0
0xaccfb4314ef6b71771ec5f3ba4817935bb830511ff4f26ef546e0ac69d7eedef,cfb-jmad-marsh-2025-11-08,cfb,2,0,2025-11-08T17:00:00Z,James Madison,Marshall,0.845,1,0,0.805,35,23,1167069.0
0x26925b9fbfa9c316ff1d421b74e8f7ad191134f49775354c312c2ab4bb56d888,cfb-smu-boscol-2025-11-08,cfb,2,0,2025-11-08T17:00:00Z,SMU Mustangs,Boston College,0.805,1,0,0.78,45,13,1037443.0
0x80a3f960cafb3f58ac3c60aa2f10a52f3d2128789ace4ca20de54ec6fd21d116,cfb-soumis-arkst-2025-11-08,cfb,2,0,2025-11-08T17:00:00Z,Southern Miss,Arkansas State,0.68,1,0,0.635,27,21,238235.0
0x60540acabfb049cd3651c8c4217fbde1ec0d47cb46398f266634fbb6ac8bfa49,cfb-templ-army-2025-11-08,cfb,2,0,2025-11-08T17:00:00Z,Army,Temple,0.7150000000000001,1,1,0.685,14,13,337744.0
0xa2b426fa30119018dd50be8e33abee8af25995c2a410b8cad1061686d8d2ac83,cfb-bowlgr-emich-2025-11-08,cfb,2,0,2025-11-08T18:00:00Z,Eastern Michigan,Bowling,0.565,1,1,0.5549999999999999,27,21,661366.0
0x73f722cc488975874b91508e2e9ee16baf584b2b894cfff3f5e26fdc9a23f50e,cfb-cita-miss-2025-11-08,cfb,2,0,2025-11-08T18:00:00Z,Ole Miss,The Citadel,0.9975,1,1,0.989,49,0,227830.0
0xecc0e46c02ffe861e0380b9bbdc30be67f69a3a66e03d55f503be580a9bbc707,cfb-msrst-librty-2025-11-08,cfb,2,0,2025-11-08T18:00:00Z,Liberty,Missouri State,0.725,0,1,0.725,17,21,63114.0
0x910cb1b7d9b9c03fdc207d1c23b1ca481520ca2e4146947e3c5a6cd15cc33086,cfb-ohiost-pur-2025-11-08,cfb,2,0,2025-11-08T18:00:00Z,Ohio State,Purdue Boilermakers,0.9825,1,0,0.9815,34,10,116321.0
0xf177528a5b2636c16088d1ca3d9bcac87146d2403b78bcf1897211174c509fa2,cfb-uab-rice-2025-11-08,cfb,2,0,2025-11-08T19:00:00Z,Rice,UAB Blazers,0.5349999999999999,1,1,0.52,24,17,1365999.0
0x85f732fedf0432e94b2d6534c3f9a473ef30f84786a84a396cf4f87796989f20,cfb-mary-rutger-2025-11-08,cfb,2,0,2025-11-08T19:30:00Z,Rutgers,Maryland Terrapins,0.5449999999999999,1,1,0.55,35,20,1863390.0
0xc4cff169c8158c76f2166b9be8a4a51ba81a3bb48e986ae3deb27fe75dc566d3,cfb-charlt-ecar-2025-11-08,cfb,2,0,2025-11-08T20:00:00Z,East Carolina,Charlotte 49ers,0.951,1,1,0.9575,48,22,44883.0
0x5264a2df1ba24249defb2c2924f887d38e5b0202e6379b4f4e34761cea8139ca,cfb-flint-mtnst-2025-11-08,cfb,2,0,2025-11-08T20:00:00Z,Middle Tennessee,Florida International,0.525,0,1,0.515,30,56,101464.0
0x6b06659854e6ea4d3bb81c7fc58c677e3869f228ba48a79b16bfb0bdd3e5f9c7,cfb-jaxst-utep-2025-11-08,cfb,2,0,2025-11-08T20:00:00Z,Jacksonville State,UTEP,0.505,1,0,0.505,30,27,224334.0
0x47e69ddd66c1b395d0bee81f61eb3568c80ab2cd6167242e4b8a5e879dafaa6b,cfb-loutch-del-2025-11-08,cfb,2,0,2025-11-08T20:00:00Z,Louisiana Tech,Delaware Blue Hens,0.665,0,0,0.675,24,25,125478.0
0xcd32719cbb8a92759da2fae490fe0252bbeb2f4172b05fb05a0af5d61e6b1f8d,cfb-tulsa-flatl-2025-11-08,cfb,2,0,2025-11-08T20:00:00Z,Florida Atlantic,Tulsa,0.635,1,1,0.605,40,21,72389.0
0x6687e2d381f60e4243a1df71449c4490373453cd7187b1c8106595f8c563c4b6,cfb-duke-uconn-2025-11-08,cfb,2,0,2025-11-08T20:30:00Z,Duke,UConn,0.74,0,0,0.735,34,37,344266.0
0x16e4cf046a2c79b9c87303f7d210ff19bce251d0843501cdb1dac8d29f4e50c1,cfb-iowast-tcu-2025-11-08,cfb,2,0,2025-11-08T20:30:00Z,TCU,Iowa State,0.73,0,1,0.7150000000000001,17,20,240570.0
0x8039ed66624e0fddc415626a9c42a10111e67e96e62fd4f62edb68a024ed0d46,cfb-kan-arz-2025-11-08,cfb,2,0,2025-11-08T20:30:00Z,Arizona,Kansas,0.6599999999999999,1,1,0.65,24,20,147495.0
0xf61cffd9e22acd9f2a6b393aaf1eb1add291576257bbf59cd7a4375e27a8bc2e,cfb-ore-iowa-2025-11-08,cfb,2,0,2025-11-08T20:30:00Z,Oregon,Iowa,0.655,1,0,0.685,18,16,594621.0
0x2364b09800b0319775ba9bbedff350844cd68e44dfa7dca5a6c7223bd19579c7,cfb-syra-mia-2025-11-08,cfb,2,0,2025-11-08T20:30:00Z,Miami,Syracuse,0.9555,1,1,0.931,38,10,88855.0
0x8cf99ca4f24717c320987eef970cc668526f20d0effb816e00816accf9e60d77,cfb-txam-missr-2025-11-08,cfb,2,0,2025-11-08T20:30:00Z,Texas A&M,Missouri,0.705,1,0,0.7,38,17,285688.0
0x685300ffbd4b643773dfc605e80ed7e6dcd2caa8e3bebff5c9abc6dc27f6b08d,cfb-aubrn-vand-2025-11-08,cfb,2,0,2025-11-08T21:00:00Z,Vanderbilt,Auburn,0.685,1,1,0.675,45,38,340558.0
0x5a18b3af626e6a7873ceb27f2360a3ace324ffb82a755fbe5fdcaaf97e4590ab,cfb-gast-coast-2025-11-08,cfb,2,0,2025-11-08T21:00:00Z,Coastal Carolina Chanticleers,Georgia State,0.72,1,1,0.725,40,27,107823.0
0x88b2243953cb173956eb982981d982eb796cbaf7efa83625599a1d9a2865e000,cfb-kenest-nmxst-2025-11-08,cfb,2,0,2025-11-08T21:00:00Z,Kennesaw State,New Mexico State,0.765,1,0,0.745,24,21,313044.0
0x76ab31ddb7a7a515eff35f5d2428e4e88f286aaaf5ff150325ad5b0b78f4f357,cfb-stan-ncar-2025-11-08,cfb,2,0,2025-11-08T21:30:00Z,North Carolina,Stanford,0.735,1,1,0.725,20,15,140967.0
0x1e64b6bbc8e7ec46db72f29caa899ba7beae553d0ccf14b936ac74c326b3d61b,cfb-wash-wisc-2025-11-08,cfb,2,0,2025-11-08T21:30:00Z,Washington,Wisconsin Badgers,0.795,0,0,0.78,10,13,500343.0
0x69968f6c545afe581c4474f4986681a122d986ccde53874c94c0de2846a0804b,cfb-txst-loulaf-2025-11-08,cfb,2,0,2025-11-08T22:00:00Z,Texas State,Louisiana,0.625,0,0,0.585,39,42,1366051.0
0x1ee490ec8273bd15b9c3b50eb14dce5e5a7b90087a5038a80dfe00ff611a3237,cfb-airf-sjst-2025-11-08,cfb,2,0,2025-11-08T23:00:00Z,San Jose State,Air Force,0.665,0,1,0.655,16,26,665464.0
0x7d20aa03c9d5d29611d2232e78f9f68a6003ef8168ffcae2470bb85e33d344b9,cfb-cah-lou-2025-11-08,cfb,2,0,2025-11-09T00:00:00Z,Louisville,California,0.89,0,1,0.895,26,29,220259.0
0x7b45e5e3e4818038b00cf1f409aa47ef7ddb47662a794e34547374a1e5451819,cfb-flst-clmsn-2025-11-08,cfb,2,0,2025-11-09T00:00:00Z,Clemson,Florida State,0.515,1,1,0.53,24,10,1014960.0
0xe28bffa5c24fee13ceb933dceac2560f8cca04bab836e258736c7cc2041f2a6d,cfb-wake-vir-2025-11-08,cfb,2,0,2025-11-09T00:00:00Z,Virginia,Wake Forest,0.7050000000000001,0,1,0.685,9,16,343842.0
0x7f45b689c6b306e12fd71ffe1f9d5b5d83a8822531f98351dcdbca9097e826db,cfb-fl-uk-2025-11-08,cfb,2,0,2025-11-09T00:30:00Z,Florida Gators,Kentucky,0.66,0,0,0.6,7,38,168250.0
0x17881dff1bf0161ddf3f69411ca6c02d6452a5483261a51ad012c7417c9a7ae7,cfb-lsu-ala-2025-11-08,cfb,2,0,2025-11-09T00:30:00Z,Alabama,LSU,0.78,1,1,0.775,20,9,300392.0
0x39e1a6a0eaad4b9dc238fee00375b62a308e47488d337697cece456fa7399dcf,cfb-navy-nd-2025-11-08,cfb,2,0,2025-11-09T00:30:00Z,Notre Dame,Navy,0.9765,1,1,0.959,49,10,136537.0
0xb5d91ace7ecb4a1eefb53285cf8a01d0d4e9f9c3e3b07b4aa8ace70d1e5d47ba,cfb-nevada-utahst-2025-11-08,cfb,2,0,2025-11-09T00:30:00Z,Utah State,Nevada Wolf Pack,0.765,1,1,0.755,51,14,36992.0
0xbab295156ff40ebf4039e2579619bf76eec8125aed4b2e83559c4114bc0582e6,cfb-nebr-ucla-2025-11-08,cfb,2,0,2025-11-09T02:00:00Z,UCLA,Nebraska Cornhuskers,0.525,0,1,0.485,21,28,415848.0
0x13ca0b430af395f01c3c5595fb573bc4abca5c18edd97c9103f34129642a6bae,cfb-unlv-colst-2025-11-08,cfb,2,0,2025-11-09T02:30:00Z,UNLV,Colorado State,0.665,1,0,0.63,42,10,252660.0
0xbb2df697a112bd178ce19032f382f43aaa827ca38444c3b5d002af71bce9ab05,cfb-smho-oregst-2025-11-08,cfb,2,0,2025-11-09T03:00:00Z,Oregon State,Sam Houston Bearkats,0.925,0,1,0.905,17,21,209138.0
0x2c608fd7cd6f8e7a91b6aaf3cecad4116b2e64c49281b86c2bb05679f68e92fa,cfb-sdst-hawaii-2025-11-08,cfb,2,0,2025-11-09T04:00:00Z,San Diego State,Hawaii,0.695,0,0,0.695,6,38,109622.0
0x56348e19c5c507f80cd46336db6278b85dc75d6511f10ca2d8a85abe356a5b3b,nfl-atl-ind-2025-11-09,nfl,2,1,2025-11-09T14:30:00Z,Colts,Falcons,0.7150000000000001,1,1,0.725,31,25,1474135.0
0x71232d3f845304bf6ecc7561f91087557b459029f270a81224be5bb465efecd3,nfl-bal-min-2025-11-09,nfl,2,0,2025-11-09T18:00:00Z,Ravens,Vikings,0.675,1,0,0.66,27,19,1328700.0
0xa5fd5cc8be03c69e838c826fe318429f79dab68be1c368236f34397ea330822a,nfl-buf-mia-2025-11-09,nfl,2,0,2025-11-09T18:00:00Z,Bills,Dolphins,0.775,0,0,0.82,13,30,2581860.0
0xa93c32946452fe866431e24afc033814ecf381db22e41a130666388d5026ded2,nfl-cle-nyj-2025-11-09,nfl,2,0,2025-11-09T18:00:00Z,Browns,Jets,0.525,0,0,0.545,20,27,1122370.0
0xf1afc8d6d150bb942af398a2e615ddfadf83517234e32ba67adc47feda90d803,nfl-jax-hou-2025-11-09,nfl,2,0,2025-11-09T18:00:00Z,Texans,Jaguars,0.525,1,1,0.515,36,29,2822511.0
0x6e863c5e698e33778fcb3ea9b59a91b9421432a682d895f20e9478aee97818ce,nfl-ne-tb-2025-11-09,nfl,2,0,2025-11-09T18:00:00Z,Buccaneers,Patriots,0.575,0,1,0.565,23,28,795645.0
0x5daf50568fe856ab892be624de6c38b371fa50c49c9d96163e698d197b95f2ac,nfl-no-car-2025-11-09,nfl,2,0,2025-11-09T18:00:00Z,Panthers,Saints,0.675,0,1,0.69,7,17,995234.0
0xa2feccb3b04ee9c6eb24a909471c527f7ab5773b010676a1a41b214d64e6be04,nfl-nyg-chi-2025-11-09,nfl,2,0,2025-11-09T18:00:00Z,Bears,Giants,0.665,1,1,0.6699999999999999,24,20,1396321.0
0x1c7a4b51e4b97122dd86e78d6b1d36fee5b60afead5b1cbd7223c1d60adc7a12,nfl-ari-sea-2025-11-09,nfl,2,0,2025-11-09T21:05:00Z,Seahawks,Cardinals,0.755,1,1,0.745,44,22,2238465.0
0x4cfa84050fb82289dacb391f804dd20ec9dbec8b72ac1fd8759679759b2683b0,nfl-det-was-2025-11-09,nfl,2,0,2025-11-09T21:25:00Z,Lions,Commanders,0.775,1,0,0.785,44,22,3224531.0
0x7a7865fa7da880d2b08c07be3a6903c16fe8366e367b57c2a8406fe501be89ec,nfl-la-sf-2025-11-09,nfl,2,0,2025-11-09T21:25:00Z,Rams,49ers,0.705,1,0,0.695,42,26,1402786.0
0x9b2f0aab735a59c6dd0d11d419f755f9ab1f011800dd65ddf22548475390e7b8,nfl-pit-lac-2025-11-09,nfl,2,0,2025-11-10T01:20:00Z,Chargers,Steelers,0.645,1,1,0.575,25,10,3746703.0
0x23e6e6f8a327a41bad1282fdc34e846f52e73e390d44b004ac92a329766e2848,nfl-phi-gb-2025-11-10,nfl,2,0,2025-11-11T01:15:00Z,Packers,Eagles,0.505,0,1,0.515,7,10,8138887.0
0x328a3a60f900117191ce2c7642a4e13c078cc79eb7ff79c29b7e6ee873b2f5a0,cfb-kentst-akron-2025-11-11,cfb,2,0,2025-11-12T00:30:00Z,Akron,Kent State Golden Flashes,0.7050000000000001,0,1,0.65,35,42,1239634.0
0x5907554a7142584ce4e6c6113b1c17a60fe56607dbf203d5d6334f2bed55ec80,cfb-ohio-wmich-2025-11-11,cfb,2,0,2025-11-12T01:00:00Z,Western Michigan,Ohio,0.505,1,1,0.495,17,13,1274780.0
0x7849d8f545da990d5aecb91d0d44ab7c772772c659a101292a907b7ee68c11b9,cfb-buf-cmich-2025-11-12,cfb,2,0,2025-11-13T00:00:00Z,Central Michigan,Buffalo,0.5549999999999999,1,1,0.525,38,19,2404628.0
0x36a601abdf106450f7f03a6db0456938f08ab0dcfd41e2eb153786ae71d14092,cfb-nill-umass-2025-11-12,cfb,2,0,2025-11-13T00:00:00Z,Northern Illinois,UMass,0.785,1,0,0.785,45,3,604786.0
0x568ea3fa9a8ddfd810c4751faf5f0b169b8601a9e4536dedfb4479f7729a6a43,cfb-toledo-miaoh-2025-11-12,cfb,2,0,2025-11-13T00:00:00Z,Toledo,Miami (OH),0.655,1,0,0.635,24,3,328113.0
0x23f8ddd2aa26d3d5df141200bd9379dea48682c0c113d76533b29a7c134bb4cb,cfb-troy-old-2025-11-13,cfb,2,0,2025-11-14T00:30:00Z,Old Dominion,Troy,0.765,1,1,0.785,33,0,245141.0
0x40085cf91807e22a4a6bf725b6d0e4c3cc90bd588703e73bf4e486733a046400,nfl-nyj-ne-2025-11-13,nfl,2,0,2025-11-14T01:15:00Z,Patriots,Jets,0.865,1,1,0.855,27,14,5163531.0
0x472af24d3628d8203e277af805620da5f593365c9ffcdff1d0b9bd453dd7f351,cfb-clmsn-lou-2025-11-14,cfb,2,0,2025-11-15T00:30:00Z,Louisville,Clemson,0.5449999999999999,0,1,0.5449999999999999,19,20,4686157.0
0x62727e21199372f6f812a414aabdf705013fec1b74749f84e6dd64755941937c,cfb-minnst-ore-2025-11-14,cfb,2,0,2025-11-15T02:00:00Z,Oregon,Minnesota,0.955,1,1,0.945,42,13,323441.0
0x0daaeddd7771d63034680967a89ea1ddbf29e644e0177acae0ec99f3b39b35a6,cfb-airf-uconn-2025-11-15,cfb,2,0,2025-11-15T17:00:00Z,UConn,Air Force,0.735,1,1,0.725,26,16,153905.0
0xba14696e017c01ecc53a49d1011e6a5fe6410e387c3282357660f939a25d7e90,cfb-arz-cin-2025-11-15,cfb,2,0,2025-11-15T17:00:00Z,Cincinnati,Arizona,0.655,0,1,0.655,24,30,279214.0
0x5afc272a5c2b9d6c9cc3806ead3881a53acab988903a2cbdc66f40c0793a61db,cfb-emich-ballst-2025-11-15,cfb,2,0,2025-11-15T17:00:00Z,Eastern Michigan,Ball State,0.565,1,0,0.555,24,9,289378.0
0x5bcb742f288b21ccf2c82da6765fdf99bd505b2d00455a29dec5b9bc5387ce2e,cfb-kanst-okst-2025-11-15,cfb,2,0,2025-11-15T17:00:00Z,Kansas State,Oklahoma State,0.915,1,0,0.915,14,6,105105.0
0xa7d0b371cc1c4c6e13f38d6c0f1b36563f877e95fb1f27d7003b428df84684f5,cfb-mich-nw-2025-11-15,cfb,2,0,2025-11-15T17:00:00Z,Michigan,Northwestern,0.805,1,0,0.79,24,22,913921.0
0x7ac2ed68cf70a7fa32dd6d9912dfee90cb7cc22aa8fbed92dc5ec278b641ce49,cfb-nd-pitt-2025-11-15,cfb,2,0,2025-11-15T17:00:00Z,Notre Dame,Pittsburgh,0.805,1,0,0.805,37,15,282886.0
0x6c8908bab512d1af0925e4c19ac675f4c835ab2eabc2d091ef7ffadd126fc62c,cfb-sc-txam-2025-11-15,cfb,2,0,2025-11-15T17:00:00Z,Texas A&M,South Carolina,0.895,1,1,0.905,31,30,1781468.0
0xf626735a5abaae5551063c01a316677a729471ac7f35fc169ce0ee8ed0d25335,cfb-sfl-navy-2025-11-15,cfb,2,0,2025-11-15T17:00:00Z,South Florida,Navy,0.755,0,0,0.765,38,41,97724.0
0x30487872863114f0b88675984b5d8082c5f125a5b913b8a5ecd9582d8a14625c,cfb-utsa-charlt-2025-11-15,cfb,2,0,2025-11-15T17:00:00Z,UTSA Roadrunners,Charlotte 49ers,0.885,1,0,0.88,28,7,200350.0
0x1e9b6a14d19857d5b3a12b27f262ec5864016c410a4e939325106e94cb1fd7fd,cfb-wisc-ind-2025-11-15,cfb,2,0,2025-11-15T17:00:00Z,Indiana,Wisconsin Badgers,0.9805,1,1,0.958,31,7,98586.0
0x89897818dffa520ecc0cab08fa4a32d0805c3ecfded2c39145187c590e11c2d2,cfb-ark-lsu-2025-11-15,cfb,2,0,2025-11-15T17:45:00Z,LSU,Arkansas,0.645,1,1,0.645,23,22,892365.0
0x18e6256e103dfd176d96335763c9f70917d3255629c09c8a40cf180beb7f2686,cfb-oregst-tulsa-2025-11-15,cfb,2,0,2025-11-15T18:00:00Z,Oregon State,Tulsa,0.505,0,0,0.535,14,31,167966.0
0xf6b592db4525f113c1052817586af7d8f66d6182fc616973ab7fa424e4264d54,cfb-wvir-arzst-2025-11-15,cfb,2,0,2025-11-15T18:00:00Z,Arizona State,West Virginia,0.785,1,1,0.795,25,23,127925.0
0x45e49962a38510b07ea8e8cf7d4814dc053fa58f7c35846700b9bd8dc9d31d9a,cfb-tentch-uk-2025-11-15,cfb,2,0,2025-11-15T18:30:00Z,Kentucky,Tennessee Tech,0.935,1,1,0.91,42,10,116539.0
0x418617f0783a35170880814987c66e87ec329f4a200a2cccad2ff2212c801f7d,cfb-marsh-gast-2025-11-15,cfb,2,0,2025-11-15T19:00:00Z,Marshall,Georgia State,0.745,1,0,0.725,30,18,129501.0
0x74ae6a1dc4e5415f8fca922b8836c66542536ad92e1ed1f4511fbae9034d136a,cfb-ntx-uab-2025-11-15,cfb,2,0,2025-11-15T19:00:00Z,North Texas,UAB Blazers,0.88,1,0,0.885,53,24,126082.0
0x5ed341f529392368507b5b5e4af4ad47eeb9be31e304762d8b1e949da99150d2,cfb-colst-nmx-2025-11-15,cfb,2,0,2025-11-15T20:00:00Z,New Mexico,Colorado State,0.855,1,1,0.845,20,17,134908.0
0xb6b11981462c6c155fc4d799bbcacde334bae07e70e2da0e29f39e1c123aa773,cfb-utep-msrst-2025-11-15,cfb,2,0,2025-11-15T20:00:00Z,Missouri State,UTEP,0.685,1,1,0.655,38,24,675682.0
0x9caa6972422907524a938e02cd38ab1470da317c34f0d591e004245308719062,cfb-applst-jmad-2025-11-15,cfb,2,0,2025-11-15T20:30:00Z,James Madison,Appalachian State,0.925,1,1,0.915,58,10,47500.0
0xed9fc9f855e57e79a7b37597dc75a7149d6e923e8977bcfae5a7674ba9bf49bd,cfb-gtech-boscol-2025-11-15,cfb,2,0,2025-11-15T20:30:00Z,Georgia Tech,Boston College,0.875,1,0,0.865,36,34,427739.0
0xef81ee514454c50f5ca8a8f2c83fecce374e5ac79c58ccd3bedaf811c694bf14,cfb-iowa-usc-2025-11-15,cfb,2,0,2025-11-15T20:30:00Z,USC,Iowa,0.685,1,1,0.685,26,21,246117.0
0xd1ac5df062393884c3b609397701b1c8ed16d0845effaeff9128100138dd0df2,cfb-mary-ill-2025-11-15,cfb,2,0,2025-11-15T20:30:00Z,Illinois,Maryland Terrapins,0.865,1,1,0.845,24,6,22079.0
0xcef99543cb240fc0957f8ddfb9726f056b5e0f497019c74f3e4dda58880b8e8d,cfb-mtnst-wkent-2025-11-15,cfb,2,0,2025-11-15T20:30:00Z,Western Kentucky,Middle Tennessee,0.825,1,1,0.825,42,26,56337.0
0x546d8216a286578ff88ae9552043f6ab1c8426c6bb50a88f286de8ba0b00388b,cfb-ncst-mia-2025-11-15,cfb,2,0,2025-11-15T20:30:00Z,Miami,NC State,0.855,1,1,0.835,41,7,75141.0
0xab6bae7ad851e57cae299081d460721fe7f7923f1c6ac33a396e707e10cfd57f,cfb-okl-ala-2025-11-15,cfb,2,0,2025-11-15T20:30:00Z,Alabama,Oklahoma,0.6799999999999999,0,1,0.675,21,23,882610.0
0xb68c2eb0f8810dd22e3633ea2aea7ab616b6b370ad6d4aff065adb90be6e304b,cfb-pennst-mst-2025-11-15,cfb,2,0,2025-11-15T20:30:00Z,Penn State,Michigan State,0.715,1,0,0.715,28,10,80764.0
0xbba45f82a91df7e0a8f8d811cd697edd0898dae767e861d604ed4aba6004b5eb,cfb-sala-lamon-2025-11-15,cfb,2,0,2025-11-15T20:30:00Z,South Alabama,UL Monroe,0.625,1,0,0.635,26,14,35694.0
0x58b382b0b0e08befa070fdf545eb66f64bbd37c7cbb701c4a28a5c495cfddab3,cfb-sjst-nevada-2025-11-15,cfb,2,0,2025-11-15T20:30:00Z,San Jose State,Nevada Wolf Pack,0.755,0,0,0.755,10,55,48450.0
0x61128a17dcc76c7afa1fb58daccc3f456a4a9e9c5aeb359b140160a9ddc56746,cfb-txst-soumis-2025-11-15,cfb,2,0,2025-11-15T20:30:00Z,Southern Miss,Texas State,0.605,0,1,0.585,14,41,3316582.0
0x6eb35470a3bfc6d66d8b3f9dc5614bc1b931c6501e3ce014e3493d5c99b1bcaa,cfb-ucf-txtech-2025-11-15,cfb,2,0,2025-11-15T20:30:00Z,Texas Tech Red Raiders,UCF,0.945,1,1,0.9299999999999999,48,9,68919.0
0xd6411dbf13f09e5da67bf4469728e9d68059ecc3841528347325222a1e68e982,cfb-vir-duke-2025-11-15,cfb,2,0,2025-11-15T20:30:00Z,Duke,Virginia,0.655,0,1,0.645,17,34,214214.0
0x3038afbc6c1383acac0549984a31eec887a7e3435380ef9aea66ba3249c74d8b,cfb-flatl-tulane-2025-11-15,cfb,2,0,2025-11-15T21:00:00Z,Tulane,Florida Atlantic,0.875,1,1,0.87,35,24,54569.0
0x6f40076225fc8a27daa560298e8496aeec674f1bd6fbc8e98defefd65787bffb,cfb-mphs-ecar-2025-11-15,cfb,2,0,2025-11-15T21:00:00Z,East Carolina,Memphis,0.575,1,1,0.585,31,27,271666.0
0x956cfb1f416f3079ad57f6f1748c9780bee84a849820108c7b772663efe331a7,cfb-nmxst-tenn-2025-11-15,cfb,2,0,2025-11-15T21:15:00Z,Tennessee,New Mexico State,0.9905,1,1,0.9945,42,9,32462.0
0x8227f4b14e4c8a0cac550e3c8acbe350b2c33a25fdb7d62037105be7089d3351,cfb-ncar-wake-2025-11-15,cfb,2,0,2025-11-15T21:30:00Z,Wake Forest,North Carolina,0.605,1,1,0.6599999999999999,28,12,89852.0
0xa8e2f581225501730cfbc8faabe1b50753ea90de49cd9937e6c2243bc54eb8e0,cfb-librty-flint-2025-11-15,cfb,2,0,2025-11-15T22:00:00Z,Liberty,Florida International,0.545,0,0,0.545,27,34,85785.0
0x6c957c1974da0f0ef81af0a17b93103da157507bd36fe9fb1c1de4587c06a678,cfb-coast-gas-2025-11-15,cfb,2,0,2025-11-15T23:00:00Z,Georgia Southern,Coastal Carolina Chanticleers,0.605,1,1,0.595,45,40,62306.0
0x7df99e6c3a7d622a8895ecc061f6427640613b54ba8e46854412b0440e424978,cfb-del-smho-2025-11-15,cfb,2,0,2025-11-16T00:00:00Z,Delaware Blue Hens,Sam Houston Bearkats,0.795,0,0,0.78,23,26,103077.0
0xf2e6b4f9a332368ad3da13e16d950df9b08479d02c337e6281f1e19dece22055,cfb-fl-miss-2025-11-15,cfb,2,0,2025-11-16T00:00:00Z,Ole Miss,Florida Gators,0.8049999999999999,1,1,0.81,34,24,1181156.0
0x75ef29e9e86689c93c7c4c8bf2d7bf60efc4749a76b66feb846aab0e1767a5ed,cfb-pur-wash-2025-11-15,cfb,2,0,2025-11-16T00:00:00Z,Washington,Purdue Boilermakers,0.855,1,1,0.865,49,13,128322.0
0x7771596ef4783e2347db728c3fe97a7d8f187449196a98aa6175e63fc74a5e80,cfb-utah-bayl-2025-11-15,cfb,2,0,2025-11-16T00:00:00Z,Utah,Baylor,0.765,1,0,0.735,55,28,81337.0
0x3f771ac6c670f333e5f669df7068a7bc7bd8e2b99e83171ca0af4e471fb0ce3f,cfb-utahst-unlv-2025-11-15,cfb,2,0,2025-11-16T00:00:00Z,UNLV,Utah State,0.655,1,1,0.6799999999999999,29,26,78271.0
0xee719995d96c993942c12ef373de646ae811ed9b62990cd4ee5939a98dff8b32,cfb-tx-ga-2025-11-15,cfb,2,0,2025-11-16T00:30:00Z,Georgia,Texas,0.605,1,1,0.675,35,10,501495.0
0xe0db847f07dd2f6267a9e7ffbde316b6c6626b148205fed4ea0d3052b75f0c44,cfb-ucla-ohiost-2025-11-15,cfb,2,0,2025-11-16T00:30:00Z,Ohio State,UCLA,0.987,1,1,0.976,48,10,144051.0
0x886a321fe050290b3ade6aac7d40baaa08bf45cd5b99613b7c34abf4777289b6,cfb-vtech-flst-2025-11-15,cfb,2,0,2025-11-16T00:30:00Z,Florida State,Virginia Tech,0.835,1,1,0.815,34,14,48354.0
0x8fa60bf6aef9f4811d430a4592b35830f3fd5cfd449848896835ef9d7a68bbe5,cfb-mspst-missr-2025-11-15,cfb,2,0,2025-11-16T00:45:00Z,Missouri,Mississippi State,0.71,1,1,0.6950000000000001,49,27,55931.0
0x5daab417b450784c581ae1ebb63eb5441cec0c65ec637084fcf428c4451604de,cfb-kenest-jaxst-2025-11-15,cfb,2,0,2025-11-16T01:00:00Z,Kennesaw State,Jacksonville State,0.605,0,0,0.59,26,35,431046.0
0x9969d68a1a36697fb6e640f77cfca218607b59d1f7c93a030acbfc788bb45f93,cfb-loutch-washst-2025-11-15,cfb,2,0,2025-11-16T03:00:00Z,Washington State,Louisiana Tech,0.765,1,1,0.735,28,3,108282.0
0xe629a51aa12d0ce202d802e36cfffe28bfcd58e2be6f9b3e371b9dda121261f3,cfb-tcu-byu-2025-11-15,cfb,2,0,2025-11-16T03:15:00Z,BYU,TCU,0.5900000000000001,1,1,0.5900000000000001,44,13,400919.0
0x4f2e96b067ca3950bc1ab9b5dcff1abc952e75173cf678705708bfea1de03a4d,cfb-boise-sdst-2025-11-15,cfb,2,0,2025-11-16T03:30:00Z,San Diego State,Boise State,0.5349999999999999,1,1,0.5349999999999999,17,7,148857.0
0x01d69fde1aa990be1f3af751c5b90ab14cc3fc4e6895d48c6dce852dcc525c19,cfb-wyom-frest-2025-11-15,cfb,2,0,2025-11-16T03:30:00Z,Fresno State,Wyoming,0.61,1,1,0.595,24,3,1517293.0
0x2782940243313a63441048fad0f4e03a10357a6ce580696e94089ae65e0fa5ec,nfl-was-mia-2025-11-16,nfl,2,1,2025-11-16T14:30:00Z,Dolphins,Commanders,0.5549999999999999,1,1,0.575,16,13,3509343.0
0xdbc1d30bf0a5c14034423e2244805d815abec953989ed1be10f512c68c1514be,nfl-car-atl-2025-11-16,nfl,2,0,2025-11-16T18:00:00Z,Falcons,Panthers,0.675,0,1,0.645,27,30,1367562.0
0xb68436b387dd1c8206dea4cc8c4e9ccf5867b2c1816a73f4ffdee3ad0281f1c2,nfl-chi-min-2025-11-16,nfl,2,0,2025-11-16T18:00:00Z,Vikings,Bears,0.595,0,1,0.585,17,19,1928827.0
0xeb209ab26945337f7025190361b0dff0d52ee3c715b153fc226053ef4499c090,nfl-cin-pit-2025-11-16,nfl,2,0,2025-11-16T18:00:00Z,Steelers,Bengals,0.7050000000000001,1,1,0.69,34,12,335652.0
0xd6aa2b6c119726990e3fbb3280f8f48cbc92de17c71d93e9eb86019596b6ec2f,nfl-gb-nyg-2025-11-16,nfl,2,0,2025-11-16T18:00:00Z,Packers,Giants,0.765,1,0,0.755,27,20,1953619.0
0x69526953f4c55bd0ccf4624b573440a0c10f958a831d6460439d346a06220d61,nfl-hou-ten-2025-11-16,nfl,2,0,2025-11-16T18:00:00Z,Texans,Titans,0.695,1,0,0.705,16,13,3915882.0
0x363759df1577076ee1b9c17c90c578bc4fbe62af1723a79e0d2a3af0f145a6b8,nfl-lac-jax-2025-11-16,nfl,2,0,2025-11-16T18:00:00Z,Chargers,Jaguars,0.565,0,0,0.595,6,35,1376720.0
0x3547f3c3a0a399892de7d6cf83d64a3de3a0a90dcc469438f2dad6aee4e346a7,nfl-tb-buf-2025-11-16,nfl,2,0,2025-11-16T18:00:00Z,Bills,Buccaneers,0.725,1,1,0.7050000000000001,44,32,1251820.0
0x67ffe6f3e5e0c33f7572db00e445fe6b953830287bbabcf7462174351237b8b5,nfl-sea-la-2025-11-16,nfl,2,0,2025-11-16T21:05:00Z,Rams,Seahawks,0.625,1,1,0.615,21,19,1254580.0
0xe1cf3458c0fab5246dbe7fa4b90a660db64e44907193ab102b7a53c2d87864ba,nfl-sf-ari-2025-11-16,nfl,2,0,2025-11-16T21:05:00Z,49ers,Cardinals,0.635,1,0,0.615,41,22,1199218.0
0x470ebb02b8768c834e8303a9ad95029efb9f500e55ab4689e44bdceb81860568,nfl-bal-cle-2025-11-16,nfl,2,0,2025-11-16T21:25:00Z,Ravens,Browns,0.79,1,0,0.795,23,16,1245203.0
0x0cf56ceb8cc0adfb2d6ad5a111d5beb650e5a8a1941760840c6ac5114f9348bf,nfl-kc-den-2025-11-16,nfl,2,0,2025-11-16T21:25:00Z,Chiefs,Broncos,0.645,0,0,0.66,19,22,2178265.0
0x0945d0c320ccac0fb873093d259812fc05906b53fbc36768a97210a5c7a786ce,nfl-det-phi-2025-11-16,nfl,2,0,2025-11-17T01:20:00Z,Eagles,Lions,0.5549999999999999,1,1,0.5700000000000001,16,9,3422585.0
0xa0b22e218e9d820e26e0e7820b191e123a27ba4e522f4bf253c2ea4733076f17,nfl-dal-lv-2025-11-17,nfl,2,0,2025-11-18T01:15:00Z,Cowboys,Raiders,0.635,1,0,0.635,33,16,3582071.0
0x3159b0e9bc2c4b1de5462a146536d5d51b15ac64e29bfb585336180d347518fb,cfb-akron-bowlgr-2025-11-18,cfb,2,0,2025-11-19T00:00:00Z,Bowling,Akron,0.5349999999999999,0,1,0.605,16,19,316213.0
0x61927ecc2b18e0121b68877a966675a8460aff3ee1d68aee675fba66d9a84c35,cfb-umass-ohio-2025-11-18,cfb,2,0,2025-11-19T00:00:00Z,Ohio,UMass,0.9855,1,1,0.965,42,14,75010.0
0x6a07999086bee2b560330ac74096533d8752b950671b73ce88d58b3cbe61113d,cfb-wmich-nill-2025-11-18,cfb,2,0,2025-11-19T00:00:00Z,Western Michigan,Northern Illinois,0.725,1,0,0.695,35,19,218567.0
0x06c7fc641b52a4fea9f1ce85fb20bdbbc43c2e92d48a8fcd756a3c3884a57b61,cfb-cmich-kentst-2025-11-19,cfb,2,0,2025-11-20T00:00:00Z,Central Michigan,Kent State Golden Flashes,0.735,1,0,0.755,28,16,296834.0
0x7986c63ed57f780cb3a6edd174ae9e764cd34b08f5d3350b36d12950fb13f803,cfb-miaoh-buf-2025-11-19,cfb,2,0,2025-11-20T00:00:00Z,Miami (OH),Buffalo,0.545,1,0,0.515,37,20,1441399.0
0x4ea6e6106e6df2470c30119b8d5994bd4b5593beb7cae7afd180e77fc39f472c,cfb-loulaf-arkst-2025-11-20,cfb,2,0,2025-11-21T00:30:00Z,Arkansas State,Louisiana,0.565,0,1,0.56,30,34,410213.0
0xeb9947a1c0f8d2ae1f1396510f2bf3832cb7d7156c017e772fea99d17c69aa5d,nfl-buf-hou-2025-11-20,nfl,2,0,2025-11-21T01:15:00Z,Bills,Texans,0.685,0,0,0.715,19,23,4908500.0
0x0c8973af00743f38e34a70c0c6751e79993d28f5efde2d1d2c926b2974cf3555,cfb-flst-ncst-2025-11-21,cfb,2,0,2025-11-22T01:00:00Z,Florida State,NC State,0.695,0,0,0.665,11,21,612021.0
0x3e2a784c1dfd51474a0fde2a39ad0c11e869183a26ce79206ab3e453fc30db16,cfb-hawaii-unlv-2025-11-21,cfb,2,0,2025-11-22T03:30:00Z,UNLV,Hawaii,0.5549999999999999,1,1,0.565,38,10,1305734.0
0x37458f6f9d9019cf91feb5ef27616c240a1295834c2cb88f4ff66bb8b5862c1b,cfb-del-wake-2025-11-22,cfb,2,0,2025-11-22T17:00:00Z,Wake Forest,Delaware Blue Hens,0.895,1,1,0.88,52,14,105877.0
0x668e947785286a422edfa0a3c9dee0c9920ef5840bcaaddb99064b57613ab02e,cfb-kan-iowast-2025-11-22,cfb,2,0,2025-11-22T17:00:00Z,Iowa State,Kansas,0.6,1,1,0.605,38,14,78696.0
0x8da32bf7a21c9a1339042573ba4d82f62396191247e88b6f22b8d7ceff980601,cfb-lou-smu-2025-11-22,cfb,2,0,2025-11-22T17:00:00Z,SMU Mustangs,Louisville,0.625,1,1,0.585,38,6,224285.0
0xfe90d90473aaea81dbc1073cd7067e830f1115e8c445917d59a87756e66e8e79,cfb-mia-vtech-2025-11-22,cfb,2,0,2025-11-22T17:00:00Z,Miami,Virginia Tech,0.885,1,0,0.875,34,17,279020.0
0x7488565717f0267d28858beb3d0f1d9c7769e26a58c96c67cd7fa2fa1096728f,cfb-minnst-nw-2025-11-22,cfb,2,0,2025-11-22T17:00:00Z,Northwestern,Minnesota,0.63,1,1,0.63,38,35,376559.0
0x3b292e9b57d64a36df92b0c8e9ba1f0c8acb7693922126ef78ab948d7907015f,cfb-missr-okl-2025-11-22,cfb,2,0,2025-11-22T17:00:00Z,Oklahoma,Missouri,0.675,1,1,0.6950000000000001,17,6,2860808.0
0x7995dd343659102b89d0a8926f9411b0667860530fe29ade833198b394e8a5b0,cfb-rutger-ohiost-2025-11-22,cfb,2,0,2025-11-22T17:00:00Z,Ohio State,Rutgers,0.9765,1,1,0.9815,42,9,75191.0
0x464eab4e4362925ff05b8af239137ec471c98cd89f29746b7fcf489953c2c417,cfb-samf-txam-2025-11-22,cfb,2,0,2025-11-22T17:00:00Z,Texas A&M,Samford,0.9985,1,1,0.995,48,0,90587.0
0x8b8fc4a0fe5395e59535dbb6862bc43d6df32f3fd6045f3ae29c82243cced5ef,cfb-tulsa-army-2025-11-22,cfb,2,0,2025-11-22T17:00:00Z,Army,Tulsa,0.765,0,1,0.765,25,26,93962.0
0x4a67c4bd51e6a8bfad0907f1c24743a774844db29291c0979cc9b7a8536f3756,cfb-charlt-ga-2025-11-22,cfb,2,0,2025-11-22T17:45:00Z,Georgia,Charlotte 49ers,0.996,1,1,0.994,35,3,67913.0
0xad5cfa3d856f1f1d1af4601a7b5df5bc9fe1890b31d9778fcaa0e687b0bf3d71,cfb-bayl-arz-2025-11-22,cfb,2,0,2025-11-22T18:00:00Z,Arizona,Baylor,0.685,1,1,0.675,41,17,193091.0
0x37ade3239f3bb32664eaf692288f979b137bb6cfb9fbbb363f271031e4dad019,cfb-old-gas-2025-11-22,cfb,2,0,2025-11-22T18:00:00Z,Old Dominion,Georgia Southern,0.765,1,0,0.775,45,10,83653.0
0x5e6a4a6d3e1f97a58dfc1c69ea5d2dd42b7ea3525870302c8e9c3514b7c77c86,cfb-washst-jmad-2025-11-22,cfb,2,0,2025-11-22T18:00:00Z,James Madison,Washington State,0.86,1,1,0.835,24,20,259063.0
0x6cea856d531afa530e7d2bfcf5a0377a66f5bdf72c746a45aded29488bef76fd,cfb-ballst-toledo-2025-11-22,cfb,2,0,2025-11-22T19:00:00Z,Toledo,Ball State,0.966,1,1,0.9445,38,9,38317.0
0xde515724ae02a89b50839c691388f4c7ecaa1f9fa9d91465ba5531e0a68fd48e,cfb-eill-ala-2025-11-22,cfb,2,0,2025-11-22T19:00:00Z,Alabama,Eastern Illinois,0.9975,1,1,0.995,56,0,46560.0
0x28f61e041e652c82784cdd12f5f9d8acd8c451e130e6c5ad393d9261d4c56aa0,cfb-merc-aubrn-2025-11-22,cfb,2,0,2025-11-22T19:00:00Z,Auburn,Mercer,0.945,1,1,0.9415,62,17,73881.0
0x129fb1051f9970f0f6b1648b6e63229fc996e37558b0c1bd1bc72250935656aa,cfb-msrst-kenest-2025-11-22,cfb,2,0,2025-11-22T19:00:00Z,Kennesaw State,Missouri State,0.665,1,1,0.665,41,34,87987.0
0xe892cab0054bc539a6b6e0da97fbdda770edacc4b7a692453e33b4b94252a7c1,cfb-nevada-wyom-2025-11-22,cfb,2,0,2025-11-22T19:00:00Z,Wyoming,Nevada Wolf Pack,0.6799999999999999,0,1,0.685,7,13,126913.0
0x48e313b4d59d5d2ef01a2f6e89b0ff92f8e7921b01607f2a24bce51d6a91e641,cfb-marsh-applst-2025-11-22,cfb,2,0,2025-11-22T19:30:00Z,Marshall,Appalachian State,0.63,0,0,0.655,24,26,65299.0
0x63123f73482c371a78e5cb0df3e2f764c27498c05b7cbb8cf1085b61b0b02773,cfb-librty-loutch-2025-11-22,cfb,2,0,2025-11-22T20:00:00Z,Liberty,Louisiana Tech,0.52,0,0,0.505,28,34,110202.0
0x9bbaac5a0429aeb50164eba5d85e6f57c07e0b10511c136bbe8da223f4b503fe,cfb-nmxst-utep-2025-11-22,cfb,2,0,2025-11-22T20:00:00Z,UTEP,New Mexico State,0.635,0,1,0.595,31,34,82597.0
0x8f240aa001501a9b48f2714cb5560e9bfcbc70642a1086c739c492dd2757073e,cfb-sfl-uab-2025-11-22,cfb,2,0,2025-11-22T20:00:00Z,South Florida,UAB Blazers,0.925,1,0,0.925,48,18,86372.0
0x30f8923c66db7a22408357f63018dc62ccfe3462caca3b4c3bae136dcc935503,cfb-smho-mtnst-2025-11-22,cfb,2,0,2025-11-22T20:00:00Z,Middle Tennessee,Sam Houston Bearkats,0.69,1,1,0.685,31,17,16258.0
0x809cd1d9a25d389d99a887f82dcc0ca995b874dbe5bac0934411ebf5506df877,cfb-uconn-flatl-2025-11-22,cfb,2,0,2025-11-22T20:00:00Z,UConn,Florida Atlantic,0.67,1,0,0.7,48,45,110610.0
0x56aa7c9cd3adea70592c3491ac5b150de01564504caf54fa311538e22eda9054,cfb-ark-tx-2025-11-22,cfb,2,0,2025-11-22T20:30:00Z,Texas,Arkansas,0.765,1,1,0.75,52,37,209458.0
0x5071b06f4937d310af0674d3b181d517f04133154530c51e8c5f33aeeef1ef6f,cfb-duke-ncar-2025-11-22,cfb,2,0,2025-11-22T20:30:00Z,Duke,North Carolina,0.695,1,0,0.69,32,25,51931.0
0x99180e075ef8770ceeafea3a4ba8449da89e11278ebf22a9039f9e8acd82137a,cfb-ecar-utsa-2025-11-22,cfb,2,0,2025-11-22T20:30:00Z,East Carolina,UTSA Roadrunners,0.525,0,0,0.53,24,58,217504.0
0x5d4e92571468dc7613275ff23aaf2b746218995a29cb49cf02ea5dc4ec6dfe62,cfb-jaxst-flint-2025-11-22,cfb,2,0,2025-11-22T20:30:00Z,Florida International,Jacksonville State,0.5349999999999999,1,1,0.5,27,21,108248.0
0x5b36e389b4abdc0dcadbe73409d32c3c54de842496645083134fbf2cf5e1ce6c,cfb-mst-iowa-2025-11-22,cfb,2,0,2025-11-22T20:30:00Z,Iowa,Michigan State,0.885,1,1,0.875,20,17,123063.0
0xc0c731f09cb92730e89f9d2831357fe9f15125b10999efa8218fcf5797a5aac2,cfb-soumis-sala-2025-11-22,cfb,2,0,2025-11-22T20:30:00Z,Southern Miss,South Alabama,0.565,0,0,0.52,35,42,212170.0
0xfdb68b47f28575c36c82fcb241522e204ef275cb6df59107ac35f414cc8af64a,cfb-syra-nd-2025-11-22,cfb,2,0,2025-11-22T20:30:00Z,Notre Dame,Syracuse,0.984,1,1,0.9745,70,7,29511.0
0xe71c2707df77f413e3250b328cd7a2d416b01c6dc4249426c02bab2a611ee617,cfb-uk-vand-2025-11-22,cfb,2,0,2025-11-22T20:30:00Z,Vanderbilt,Kentucky,0.7150000000000001,1,1,0.75,45,17,166170.0
0x9dbba955db4b0f562c5d2c4a3ff9c6bb5f7692bc3a2f56d81d6e1ba507a523de,cfb-usc-ore-2025-11-22,cfb,2,0,2025-11-22T20:30:00Z,Oregon,USC,0.775,1,1,0.775,42,27,216750.0
0x04e71a8fed18b2ac8dab9d5df7005e610b2a1dc05d8e3212bb49909cc1c0b9d0,cfb-tulane-templ-2025-11-22,cfb,2,0,2025-11-22T20:45:00Z,Tulane,Temple,0.705,1,0,0.755,37,13,708337.0
0x6f2835b5e341b5d068af66ac532d950b6d05e00e7d9cfd89c068d19882a89546,cfb-gast-troy-2025-11-22,cfb,2,0,2025-11-22T21:00:00Z,Troy,Georgia State,0.775,1,1,0.79,31,19,98320.0
0xe0dd148d0f47b7913518047862af442d9ed0b32ff1fce95340d8e317981c3121,cfb-kanst-utah-2025-11-22,cfb,2,0,2025-11-22T21:00:00Z,Utah,Kansas State,0.885,1,1,0.875,51,47,252851.0
0xc9c5b3fcd64b2795abd56debe51752865c4e13e3ed25c36438db3214aec45e5d,cfb-mich-mary-2025-11-22,cfb,2,0,2025-11-22T21:00:00Z,Michigan,Maryland Terrapins,0.83,1,0,0.83,45,20,36559.0
0xd9137aa83298c4c2062f27f0e0992f197b70f200017040ae8031f06eeee8972e,cfb-okst-ucf-2025-11-22,cfb,2,0,2025-11-22T21:00:00Z,UCF,Oklahoma State,0.825,1,1,0.8200000000000001,17,14,34975.0
0xd3adab65cce33953d8837df0c16143df2beb74b4c4a5f36b69cde96b1dd7e99f,cfb-tcu-hou-2025-11-22,cfb,2,0,2025-11-22T21:00:00Z,TCU,Houston,0.535,1,0,0.485,17,14,221354.0
0x36d06933a7554d06dc86806255f59e95c9e266149014fc7e3dfe638c05717389,cfb-coast-sc-2025-11-22,cfb,2,0,2025-11-22T21:15:00Z,South Carolina,Coastal Carolina Chanticleers,0.945,1,1,0.9299999999999999,51,7,27799.0
0x7729b5a2780e8009d88e341a0c0e38273b05789c2c9218d20ed5c62abf06f28d,cfb-lamon-txst-2025-11-22,cfb,2,0,2025-11-22T22:00:00Z,Texas State,UL Monroe,0.92,1,1,0.905,31,14,125079.0
0xa68d83aff4688d6771e78d33a9637af1fd4252d224264d5f72697332fbb961cb,cfb-colst-boise-2025-11-22,cfb,2,0,2025-11-23T00:00:00Z,Boise State,Colorado State,0.89,1,1,0.875,49,21,112715.0
0x90d4e269b0d505c897d9f3db46df707284a5871cf3ee7f4fde1c9d5caa244a65,cfb-nebr-pennst-2025-11-22,cfb,2,0,2025-11-23T00:00:00Z,Penn State,Nebraska Cornhuskers,0.71,1,1,0.725,37,10,160497.0
0x19874ba4fa0cbf8ac2f4a40fabdcbc5d7ec646f51803ae4dc18d38af35dc8c32,cfb-nmx-airf-2025-11-22,cfb,2,0,2025-11-23T00:00:00Z,New Mexico,Air Force,0.585,1,0,0.585,20,3,82597.0
0x331cdf179601a079b1c173219f63d5b945f7935168ebddffad85d6e671f85d0f,cfb-pitt-gtech-2025-11-22,cfb,2,0,2025-11-23T00:00:00Z,Georgia Tech,Pittsburgh,0.56,0,1,0.5549999999999999,28,42,935842.0
0x7a33b9d72477239fa9d2429ef2e6a250068381bb1298d703434b5898b72a60b5,cfb-cah-stan-2025-11-22,cfb,2,0,2025-11-23T00:30:00Z,California,Stanford,0.64,0,0,0.6,10,31,189131.0
0x6b035637c230942345b20c2951cee7327acb5fb091c1fc013ebe7b98bd203ac4,cfb-ill-wisc-2025-11-22,cfb,2,0,2025-11-23T00:30:00Z,Illinois,Wisconsin Badgers,0.755,0,0,0.755,10,27,100568.0
0x524ec02da556d8832bae0da963269e58baeafce32ec59ee86e004012f074298d,cfb-ntx-rice-2025-11-22,cfb,2,0,2025-11-23T00:30:00Z,North Texas,Rice,0.905,1,0,0.89,56,24,239265.0
0xb9627a191907d65478dcd9c8ddf78f905491d6b0b0187f83208d846adf5e03c7,cfb-tenn-fl-2025-11-22,cfb,2,0,2025-11-23T00:30:00Z,Tennessee,Florida Gators,0.615,1,0,0.635,31,11,272309.0
0x7abdd9d79a10a69c44978998a86cc7527a5c2ac37fcb7822c358bedde901c40d,cfb-wkent-lsu-2025-11-22,cfb,2,0,2025-11-23T00:45:00Z,LSU,Western Kentucky,0.945,1,1,0.935,13,10,93711.0
0x106beb65198faec170f6de234abf2cf0f9a823b560d1e4ecd2cf99f8b887f5e0,cfb-arzst-col-2025-11-22,cfb,2,0,2025-11-23T01:00:00Z,Arizona State,Colorado,0.71,1,0,0.705,42,17,248160.0
0x10a22dd9d4f7798efe7ebec94934a35e8531bf20090b8361cd8016c210d71184,cfb-byu-cin-2025-11-22,cfb,2,0,2025-11-23T01:00:00Z,BYU,Cincinnati,0.575,1,0,0.575,26,14,385635.0
0xed4ada0f7e339f3d5dd8e65e4e4e04c495f64ded960e13d382675e166b399313,cfb-sjst-sdst-2025-11-22,cfb,2,0,2025-11-23T03:30:00Z,San Diego State,San Jose State,0.79,1,1,0.8049999999999999,25,3,130347.0
0x713e497584739df7c461addeb01cbb09066ad484c8f2f5147807b1a0c9344301,cfb-utahst-frest-2025-11-22,cfb,2,0,2025-11-23T03:30:00Z,Fresno State,Utah State,0.5449999999999999,0,1,0.565,17,28,1816471.0
0x7d638e52282fe4c88b25576977f0a5137f4c19c4e839ddfff73f1c924be41e9c,cfb-wash-ucla-2025-11-22,cfb,2,0,2025-11-23T03:30:00Z,Washington,UCLA,0.795,1,0,0.78,48,14,114412.0
0x2b870064f3994875a3d680056bf9d3cdfd3f3e1785eb43e1bbe22d0021398f93,nfl-ind-kc-2025-11-23,nfl,2,0,2025-11-23T18:00:00Z,Chiefs,Colts,0.675,1,1,0.625,23,20,7811078.0
0x3b7f17c460fb1aa8e1389081469979b2bf623e97aa8a939a501567a4f18b92a6,nfl-min-gb-2025-11-23,nfl,2,0,2025-11-23T18:00:00Z,Packers,Vikings,0.7150000000000001,1,1,0.7150000000000001,23,6,883374.0
0xa4741df4f013ac2a7c5c44667074b0b76d1e600291a6d39ac6888428c9b07c02,nfl-ne-cin-2025-11-23,nfl,2,0,2025-11-23T18:00:00Z,Patriots,Bengals,0.755,1,0,0.775,26,20,2824983.0
0x904797b19e0b02e674d50135d92e70380ea137081e39b91b384263dc05732cda,nfl-nyg-det-2025-11-23,nfl,2,0,2025-11-23T18:00:00Z,Lions,Giants,0.895,1,1,0.855,34,27,2103864.0
0xf9cf38849cbf6513c9ddda9c09ddefa8670f481f3a17740fcf5ad8f211ae4b28,nfl-nyj-bal-2025-11-23,nfl,2,0,2025-11-23T18:00:00Z,Ravens,Jets,0.905,1,1,0.895,23,10,969356.0
0x57a745edc831f0f7df9321ca4d11f680d66d6c1d370821ef1cb2cc74211b4ae6,nfl-pit-chi-2025-11-23,nfl,2,0,2025-11-23T18:00:00Z,Bears,Steelers,0.565,1,1,0.565,31,28,1277545.0
0x62eaa7c72adcdc168a9e5aeeb934e80f440646dc4bb2e036b9af8f28127c8397,nfl-sea-ten-2025-11-23,nfl,2,0,2025-11-23T18:00:00Z,Seahawks,Titans,0.865,1,0,0.875,30,24,1144543.0
0xa52ec10f2737597c9df1b413108ab1310eb3011d907c2f11fae5ed6920deb41a,nfl-cle-lv-2025-11-23,nfl,2,0,2025-11-23T21:05:00Z,Raiders,Browns,0.605,0,1,0.645,10,24,1869401.0
0xa49b8d57250beb9cc0caed55fd4a5e426384575cd7088e62d7968c3f0f61cfc3,nfl-jax-ari-2025-11-23,nfl,2,0,2025-11-23T21:05:00Z,Jaguars,Cardinals,0.545,1,0,0.575,27,24,1115118.0
0x1464e1fe9b739dd84a41212e1e58d7c7c2b376a3f7f91ac8cf5342c5c0bfc947,nfl-atl-no-2025-11-23,nfl,2,0,2025-11-23T21:25:00Z,Saints,Falcons,0.52,0,1,0.55,10,24,3090478.0
0x1cfcf352fdf74b2cd586c1017976f0427020e4c488671af9700cc86282bb3cd9,nfl-phi-dal-2025-11-23,nfl,2,0,2025-11-23T21:25:00Z,Eagles,Cowboys,0.575,0,0,0.605,21,24,5683239.0
0x370d8460a2ef6df30226225629d939194b3c5ad7f534af4edae0caded973aff5,nfl-tb-la-2025-11-23,nfl,2,0,2025-11-24T01:20:00Z,Rams,Buccaneers,0.765,1,1,0.755,34,7,4694911.0
0x1ef509d0d50702dc74e6c7d5d4c42cb863ad3cc70cac4ecd61eee7afbeb5aa0d,nfl-car-sf-2025-11-24,nfl,2,0,2025-11-25T01:15:00Z,49ers,Panthers,0.775,1,1,0.76,20,9,5035206.0
0x07dd4ce460991bd9c250b4dd85bbc0197703b9aa8e73a66831bbec9bb277e4d1,cfb-bowlgr-umass-2025-11-25,cfb,2,0,2025-11-25T21:30:00Z,Bowling,UMass,0.845,1,0,0.84,45,14,612227.0
0xae2cbcebda72d062f6f393edc803a777ca5cf86c1fb4b5fbcf83b32064792f3e,cfb-wmich-emich-2025-11-25,cfb,2,0,2025-11-26T00:30:00Z,Western Michigan,Eastern Michigan,0.775,1,0,0.705,31,21,403805.0
0xe77c389d59082205bc4f8881a21902aaecbde16521f6182f6a7782ce710905bd,nfl-gb-det-2025-11-27,nfl,2,0,2025-11-27T18:00:00Z,Lions,Packers,0.605,0,1,0.585,24,31,6675686.0
0x83b32407eb2c89ac34e400dc41dc80dd26d60d3fea823054a972738d16d10ed8,nfl-kc-dal-2025-11-27,nfl,2,0,2025-11-27T21:30:00Z,Chiefs,Cowboys,0.635,0,0,0.625,28,31,7233875.0
0xd0f3ae8ef22fbeac970daa3fc816a91c1e92e093c809ede433137d9c7993a3e9,cfb-navy-mphs-2025-11-27,cfb,2,0,2025-11-28T00:30:00Z,Memphis,Navy,0.615,0,1,0.605,17,28,313111.0
0x53c099f2ed67769769fa4de350f85bc4108aa8d0f682e28a2aeb4759a7d08f6d,nfl-cin-bal-2025-11-27,nfl,2,0,2025-11-28T01:20:00Z,Ravens,Bengals,0.785,0,1,0.755,14,32,8888622.0
0x17b0e355e32755a82fd0d7f2537187f0d3b6032f1e45653a21b13a0ab67b19f3,cfb-iowa-nebr-2025-11-28,cfb,2,0,2025-11-28T17:00:00Z,Iowa,Nebraska Cornhuskers,0.665,1,0,0.685,40,16,543757.0
0x1bcbe1d6d3c90bef5614ec211ed808af3fe4dac20b945b4176f9510fc2e32d77,cfb-kentst-nill-2025-11-28,cfb,2,0,2025-11-28T17:00:00Z,Northern Illinois,Kent State Golden Flashes,0.645,0,1,0.655,31,35,177037.0
0xc1c9131de561179b3186d746557b3c3023ff52c263f699e50f399cc8b6c0aa73,cfb-miss-mspst-2025-11-28,cfb,2,0,2025-11-28T17:00:00Z,Ole Miss,Mississippi State,0.725,1,0,0.715,38,19,1245273.0
0x5d0733969a9e6d5aa564de2f896f7364dcfbba87b6aa30c6002ef377496ef8b9,cfb-ohio-buf-2025-11-28,cfb,2,0,2025-11-28T17:00:00Z,Ohio,Buffalo,0.695,1,0,0.705,31,26,103423.0
0xba1614e25af4a8f40ae2007385e14ab38065f119de74b5645b7e36465be82667,cfb-utah-kan-2025-11-28,cfb,2,0,2025-11-28T17:00:00Z,Utah,Kansas,0.795,1,0,0.8,31,21,816336.0
0x997c7b7f8ade41083a481516e0ff18c909d239db1c08d3aeb16337f6006a02ee,cfb-airf-colst-2025-11-28,cfb,2,0,2025-11-28T20:00:00Z,Air Force,Colorado State,0.555,1,0,0.545,42,21,170585.0
0x34f46b40cef32be892a2620f2aada017e0a763db6e0eb36709af3738f755effa,nfl-chi-phi-2025-11-28,nfl,2,0,2025-11-28T20:00:00Z,Eagles,Bears,0.765,0,1,0.745,15,24,5543687.0
0x761728693de17f74edc25ff96ca7dc00ce3e7906b0282287c544b83b2d7fe9ee,cfb-ga-gtech-2025-11-28,cfb,2,1,2025-11-28T20:30:00Z,Georgia,Georgia Tech,0.865,1,0,0.845,16,9,796443.0
0xfd517f443205d3b10fa8a79a5b2651e141f31be010ae7255f6be31f308d0683d,cfb-templ-ntx-2025-11-28,cfb,2,0,2025-11-28T20:30:00Z,North Texas,Temple,0.92,1,1,0.915,52,25,196577.0
0xb23d4f76b4769913b3b3474a8dd86e82383100d4b7d6b743951d687e78f2d45e,cfb-boise-utahst-2025-11-28,cfb,2,0,2025-11-28T21:00:00Z,Boise State,Utah State,0.53,1,0,0.585,25,24,615495.0
0x70eed15a2cf06351e1b88c674ac4df63e994e1b4eee3fb8323fb6dde1e80c5b6,cfb-ind-pur-2025-11-28,cfb,2,0,2025-11-29T00:30:00Z,Indiana,Purdue Boilermakers,0.971,1,0,0.9655,56,3,119652.0
0xb5d145ef9e616b9233f65dfdac548baafe169fe89b3b56f8b0c127ef696c1191,cfb-txam-tx-2025-11-28,cfb,2,0,2025-11-29T00:30:00Z,Texas A&M,Texas,0.565,0,0,0.56,17,27,3215260.0
0x8072542b4d1a312932fe8a7400fae055d0a130be4562fa419a7457ac34c250d4,cfb-arz-arzst-2025-11-28,cfb,2,0,2025-11-29T02:00:00Z,Arizona,Arizona State,0.525,1,0,0.535,23,7,456486.0
0x1eda1012b4e229012a3cd82d9c5f687d01a4f36db32647505451324f55237e19,cfb-cin-tcu-2025-11-29,cfb,2,0,2025-11-29T05:00:00Z,TCU,Cincinnati,0.605,1,1,0.61,45,23,117117.0
0xca7a1b764f14ef57078a9bbc2b81f4714513aa52472dc7e21e364598990f431a,cfb-col-kanst-2025-11-29,cfb,2,0,2025-11-29T05:00:00Z,Kansas State,Colorado,0.865,1,1,0.88,24,14,158099.0
0xbb377aaf57b1bd185f5aebb8c175267286c46ddec9f24fce5245d9724faa23df,cfb-hou-bayl-2025-11-29,cfb,2,0,2025-11-29T05:00:00Z,Baylor,Houston,0.5549999999999999,0,1,0.56,24,31,356937.0
0x1bb2cb3c0cdcf2d83b7b130e1354fbc1fa172a441a66312eff06020e8b650b99,cfb-ore-wash-2025-11-29,cfb,2,0,2025-11-29T05:00:00Z,Oregon,Washington,0.715,1,0,0.72,26,14,3109026.0
0xfceab0c05f923badf18e9e4b5b674b979f53b1b07a0378a4961072ddbe23bb62,cfb-ballst-miaoh-2025-11-29,cfb,2,0,2025-11-29T17:00:00Z,Miami (OH),Ball State,0.885,1,1,0.88,45,24,153560.0
0x5ba74cc2aaf3edaf77c4ad4b9c7da6e1b870e4457a90222ba39ec4c26c97f55c,cfb-clmsn-sc-2025-11-29,cfb,2,0,2025-11-29T17:00:00Z,South Carolina,Clemson,0.5549999999999999,0,1,0.565,14,28,448052.0
0x7b2df290031569617aa19c68d665e406477ecfa25b8bb4a9e6f31e1c36248228,cfb-ecar-flatl-2025-11-29,cfb,2,0,2025-11-29T17:00:00Z,East Carolina,Florida Atlantic,0.695,1,0,0.685,42,3,115348.0
0xe336192e9ab5314804ae847ad4b10eb1e0660a7cba9a28381146644062345323,cfb-iowast-okst-2025-11-29,cfb,2,0,2025-11-29T17:00:00Z,Iowa State,Oklahoma State,0.855,1,0,0.835,20,13,242601.0
0x0d4c0489198723ec4c97cc7af96dd872a4a59a7890126e3648594955e1049111,cfb-mia-pitt-2025-11-29,cfb,2,0,2025-11-29T17:00:00Z,Miami,Pittsburgh,0.675,1,0,0.695,38,7,220271.0
0xf79803e089556e98118d94423e1a254b7d6ad6516f7116b103ad7eadc520d60e,cfb-ohiost-mich-2025-11-29,cfb,2,0,2025-11-29T17:00:00Z,Ohio State,Michigan,0.78,1,0,0.77,27,9,1631370.0
0xbb0d5340d30833c7340b481c80b86b79c081cc9d108582ca7f50fcda32b03f2a,cfb-toledo-cmich-2025-11-29,cfb,2,0,2025-11-29T17:00:00Z,Toledo,Central Michigan,0.78,1,0,0.78,21,3,69180.0
0xb6af306e58b8f56a6e1af9d67593e390adf6140a649d1fe8a12afee806ffb4a8,cfb-txtech-wvir-2025-11-29,cfb,2,0,2025-11-29T17:00:00Z,Texas Tech Red Raiders,West Virginia,0.935,1,0,0.92,49,0,91287.0
0xc3a67fb84d6b650f456a168766ddc33ea3f1c59c6191279efbff74ce7de3fee7,cfb-uk-lou-2025-11-29,cfb,2,0,2025-11-29T17:00:00Z,Kentucky,Louisville,0.515,0,0,0.42,0,41,311858.0
0xc25e481a349f95a3499770eeabf6b0e94b82e21f2fb9cb43eef812c11578b8db,cfb-flint-smho-2025-11-29,cfb,2,0,2025-11-29T18:00:00Z,Florida International,Sam Houston Bearkats,0.785,1,0,0.78,56,16,73504.0
0x0c6fe5e3549a61946fb9216ca8b4f4c6fd5e6e37429d45cc24d4f40202bf0405,cfb-ucf-byu-2025-11-29,cfb,2,0,2025-11-29T18:00:00Z,BYU,UCF,0.895,1,1,0.895,41,21,121541.0
0x6d59c66d9079e38a1d3d60f3e1de1a3418c2668027afd786e8846ce5439918ba,cfb-utep-del-2025-11-29,cfb,2,0,2025-11-29T18:00:00Z,Delaware Blue Hens,UTEP,0.645,1,1,0.635,61,31,110062.0
0x3cf5a62e3d606f3b9bf8f165e796773d6fe3daff59d5feb00fbc85facf880328,cfb-gas-marsh-2025-11-29,cfb,2,0,2025-11-29T18:30:00Z,Marshall,Georgia Southern,0.77,0,1,0.76,19,24,224823.0
0x281eb4b2e3500a9f083bec7f2d0f24a7e523ed0663e82976ed4eeb4bbec06022,cfb-gast-old-2025-11-29,cfb,2,0,2025-11-29T19:00:00Z,Old Dominion,Georgia State,0.977,1,1,0.96,27,10,90876.0
0x38186f1990e5c7d26d7394a1a44e78d3339098f8ad6ceb077a4d569027d80dcb,cfb-loutch-msrst-2025-11-29,cfb,2,0,2025-11-29T19:00:00Z,Missouri State,Louisiana Tech,0.575,0,1,0.53,30,42,185894.0
0x21051594fd933686aa6d5cd0a81395fa0225caa95f38051863ce0da05cce3253,cfb-wkent-jaxst-2025-11-29,cfb,2,0,2025-11-29T19:00:00Z,Western Kentucky,Jacksonville State,0.51,0,0,0.55,34,37,105658.0
0x6d88ad7978d1c74e4483d95db9f4f0715dd616d66e3f6728eb478790b58bd73d,cfb-arkst-applst-2025-11-29,cfb,2,0,2025-11-29T19:30:00Z,Arkansas State,Appalachian State,0.505,1,0,0.475,30,29,93282.0
0xef366d1f06f3f219992e030e930b8d9cba4e020dabbeb213f3531956acf4b419,cfb-boscol-syra-2025-11-29,cfb,2,0,2025-11-29T20:00:00Z,Boston College,Syracuse,0.56,1,0,0.575,34,12,67710.0
0x6261817571f9918d52956c944dc561ef6e62574d56784fcb9105548e4f13dec3,cfb-lamon-loulaf-2025-11-29,cfb,2,0,2025-11-29T20:00:00Z,Louisiana,UL Monroe,0.8,1,1,0.76,30,27,73955.0
0x45a1c1b76371e550f78f37884d4c86b614589a7649a1044b365871d99ab29d83,cfb-mtnst-nmxst-2025-11-29,cfb,2,0,2025-11-29T20:00:00Z,New Mexico State,Middle Tennessee,0.595,0,1,0.605,24,31,135568.0
0xdb66f329fcc0534d5e1929da790acba3ead70d6dc1d0c6a267c593e358f20267,cfb-sala-txst-2025-11-29,cfb,2,0,2025-11-29T20:00:00Z,Texas State,South Alabama,0.75,1,1,0.74,49,26,52263.0
0xa2c0aebb8eb3ea2afc3a8fba0f2eca31658757780167e69e0016bffb2a86566f,cfb-uab-tulsa-2025-11-29,cfb,2,0,2025-11-29T20:00:00Z,Tulsa,UAB Blazers,0.755,0,1,0.745,24,31,99640.0
0x1a441e8e4377eeb5dff6a1b42b7f66bb91743ea943bec0659f8c77078a71184b,cfb-army-utsa-2025-11-29,cfb,2,0,2025-11-29T20:30:00Z,UTSA Roadrunners,Army,0.735,0,1,0.73,24,27,70899.0
0x78b4da9286088678d5b91a9423361d07ec2961818c7e344a58676a076a328d57,cfb-kenest-librty-2025-11-29,cfb,2,0,2025-11-29T20:30:00Z,Kennesaw State,Liberty,0.57,1,0,0.525,48,42,170815.0
0xfa41ff0d57b21e2b0cbfe3a26438c8d658fd12d8598f2a1f836f1debd943ab22,cfb-lsu-okl-2025-11-29,cfb,2,0,2025-11-29T20:30:00Z,Oklahoma,LSU,0.8049999999999999,1,1,0.795,17,13,419521.0
0xe035aefa892cd52dbca7b82cef638232ff5123d540924808fe7f617c585f868e,cfb-missr-ark-2025-11-29,cfb,2,0,2025-11-29T20:30:00Z,Missouri,Arkansas,0.645,1,0,0.615,31,17,148122.0
0xbe45219ba4adb9b41d9cbab5a43c82f3b61de55f67af8e6add656dfa2d6c7a0b,cfb-pennst-rutger-2025-11-29,cfb,2,0,2025-11-29T20:30:00Z,Penn State,Rutgers,0.825,1,0,0.815,40,36,286587.0
0xb6590854adb3e3ee1cae6a1a182cac9e7691f2d0e5f2c720bb9c6b43cdd26144,cfb-troy-soumis-2025-11-29,cfb,2,0,2025-11-29T20:30:00Z,Southern Miss,Troy,0.6950000000000001,0,1,0.685,18,28,70182.0
0xdf585752b5519a2f1653bbff271f1ab6d7ff19af1d2943ca87b2ef795ea9fc0c,cfb-vand-tenn-2025-11-29,cfb,2,0,2025-11-29T20:30:00Z,Tennessee,Vanderbilt,0.525,0,1,0.575,24,45,871148.0
0x909d5a606e1f799894e32d1a8415d8b7a27cf499a2f0e8eb4f21547621063abc,cfb-wake-duke-2025-11-29,cfb,2,0,2025-11-29T20:30:00Z,Duke,Wake Forest,0.5449999999999999,1,1,0.515,49,32,79247.0
0xe9a7f5869adc9a139aff61ed3d744b51fd5491d395c153f05b412cd242501447,cfb-wisc-minnst-2025-11-29,cfb,2,0,2025-11-29T20:30:00Z,Wisconsin Badgers,Minnesota,0.565,0,0,0.545,7,17,85962.0
0xa41ba3c3c4dba087f53d13e3d215808a2faeddca731ad2eb02e507387855e9ba,cfb-jmad-coast-2025-11-29,cfb,2,0,2025-11-29T20:45:00Z,James Madison,Coastal Carolina Chanticleers,0.955,1,0,0.925,59,10,34777.0
0xe101f6338501c3c4106ab55803e7115783d946f61a1334b477d7ffb3ee42eeed,cfb-flst-fl-2025-11-29,cfb,2,0,2025-11-29T21:30:00Z,Florida State,Florida Gators,0.515,0,0,0.5,21,40,224198.0
0x24ca6fc47acb329451782eb0afb4512dad95a6a9912f9eafdc60a052fa3c61a9,cfb-ucla-usc-2025-11-29,cfb,2,0,2025-11-29T21:30:00Z,USC,UCLA,0.9299999999999999,1,1,0.925,29,10,221775.0
0x38630596701364dc8327503d548f43ca4518c62deacca69a0e202f461e6f283b,cfb-oregst-washst-2025-11-29,cfb,2,0,2025-11-29T23:30:00Z,Washington State,Oregon State,0.84,1,1,0.83,32,8,95937.0
0x84b077fee9104c8eab2e6538f934bf9c4173e15fb1fa0c20d2975d2d6ce778ef,cfb-mary-mst-2025-11-29,cfb,2,1,2025-11-30T00:00:00Z,Michigan State,Maryland Terrapins,0.625,1,1,0.65,38,28,122102.0
0x27e1f1c04d858f24d8835d04ac8a6328589807292cd8acdb593811310efd4ec2,cfb-rice-sfl-2025-11-29,cfb,2,0,2025-11-30T00:00:00Z,South Florida,Rice,0.9705,1,1,0.9565,52,3,43590.0
0x13c668066efa422b541c58eb37085229b2d5bae54c943461ef242220c8f3f39a,cfb-vtech-vir-2025-11-29,cfb,2,0,2025-11-30T00:00:00Z,Virginia,Virginia Tech,0.755,1,1,0.745,27,7,86261.0
0xb1724dc7a1283aa1e504b470f97f3c8c783e7a438b6356f91da0e0c822063cd6,cfb-ala-aubrn-2025-11-29,cfb,2,0,2025-11-30T00:30:00Z,Alabama,Auburn,0.71,1,0,0.665,27,20,1456510.0
0x030670484e015147374759184314a1b79d249377f5f624bec6b1472ace22da17,cfb-charlt-tulane-2025-11-29,cfb,2,0,2025-11-30T00:30:00Z,Tulane,Charlotte 49ers,0.9825,1,1,0.957,27,0,24859.0
0xef9c51bece8b8a8d4916a159783ea84998e55a9b38a380d7216d4c1d649d6bd1,cfb-ncar-ncst-2025-11-29,cfb,2,0,2025-11-30T00:30:00Z,NC State,North Carolina,0.7150000000000001,1,1,0.72,42,19,77176.0
0xc179673c456295034e1ebd5126e91d0a79b294631ffc1e5d619bdabff31135e8,cfb-nw-ill-2025-11-29,cfb,2,0,2025-11-30T00:30:00Z,Illinois,Northwestern,0.7050000000000001,1,1,0.71,20,13,250434.0
0xf30a0c6f656bd836157f04bd0f939c3b8401f5b5c1a2479cedd3e273564aff81,cfb-smu-cah-2025-11-29,cfb,2,0,2025-11-30T01:00:00Z,SMU Mustangs,California,0.835,0,0,0.82,35,38,425521.0
0xee47eefb7677e47379e4ce44a74dd0022c967ad2414a4595f18b4840f73141f7,cfb-unlv-nevada-2025-11-29,cfb,2,0,2025-11-30T02:00:00Z,UNLV,Nevada Wolf Pack,0.735,1,0,0.73,42,17,112766.0
0xaa049e24ea03705e4fc417772a330befd72c31969bfd89d1adf09d5433affdf1,cfb-frest-sjst-2025-11-29,cfb,2,0,2025-11-30T03:30:00Z,Fresno State,San Jose State,0.595,1,0,0.615,41,14,173640.0
0xfa7475e7579827dbea6b7b0825b72632f7264bfa675e006343fc3c5380ae065a,cfb-nd-stan-2025-11-29,cfb,2,0,2025-11-30T03:30:00Z,Notre Dame,Stanford,0.977,1,0,0.965,49,20,115472.0
0x2aa7238a1780723f6eb1a4e4bb1af709fdb7a190c1c0124f27bed140f25e3802,cfb-wyom-hawaii-2025-11-29,cfb,2,0,2025-11-30T04:00:00Z,Hawaii,Wyoming,0.765,1,1,0.74,27,7,147574.0
0xf7742406d5edcdaf4449833f64f2d9ec32da27cb0a0f05ce057447dcbd5f85d3,nfl-ari-tb-2025-11-30,nfl,2,0,2025-11-30T18:00:00Z,Buccaneers,Cardinals,0.6599999999999999,1,1,0.645,20,17,1475933.0
0x3ca2c3633c85a89015385adb51e3d22312649c27bd1cbd61b21f5bd004540f16,nfl-atl-nyj-2025-11-30,nfl,2,0,2025-11-30T18:00:00Z,Falcons,Jets,0.595,0,0,0.575,24,27,1137199.0
0xa61c9b599232d07888c755c0ad7e47295d8562f4aaba9767999127e085e72325,nfl-hou-ind-2025-11-30,nfl,2,0,2025-11-30T18:00:00Z,Colts,Texans,0.61,0,1,0.635,16,20,2345869.0
0xc8803b04ffbdd97046dc85c2c0581bf5f28807facd7bfdad690d782234b48b92,nfl-jax-ten-2025-11-30,nfl,2,0,2025-11-30T18:00:00Z,Jaguars,Titans,0.725,1,0,0.715,25,3,911977.0
0xb2857e4c6452956ad523b97218299259d66c7c79b45022d9287e18e31331902b,nfl-la-car-2025-11-30,nfl,2,0,2025-11-30T18:00:00Z,LAR,Panthers,0.805,0,0,0.835,28,31,4295920.0
0x04f68fed65c7436d84cd952dd334c5fe543e54a32b0d7f148d494e1eb8301a13,nfl-no-mia-2025-11-30,nfl,2,0,2025-11-30T18:00:00Z,Dolphins,Saints,0.7050000000000001,1,1,0.7050000000000001,21,17,748849.0
0x9277b62d650c0cb5af272217c5fee25b81c757a98dcb645b677c2f42b247d868,nfl-sf-cle-2025-11-30,nfl,2,0,2025-11-30T18:00:00Z,49ers,Browns,0.685,1,0,0.695,26,8,1938396.0
0xc8fac6008bd93871d0e948f30f3cc172f9fb2786fe3beac0937af2073ba76bf5,nfl-min-sea-2025-11-30,nfl,2,0,2025-11-30T21:05:00Z,Seahawks,Vikings,0.855,1,1,0.865,26,0,3856252.0
0xd8e19473a9885cf6f5493723433806197b80d78154858120d770e6be0c67bd88,nfl-buf-pit-2025-11-30,nfl,2,0,2025-11-30T21:25:00Z,Bills,Steelers,0.615,1,0,0.615,26,7,4602859.0
0xd7aaa38fddf1d03f45d67f0bed8c7b2b95bb3bfab6c2010f2d1bd8ef853fa0b1,nfl-lv-lac-2025-11-30,nfl,2,0,2025-11-30T21:25:00Z,Chargers,Raiders,0.8049999999999999,1,1,0.815,31,14,945349.0
0x302bb4d901c8fe550edede68f63e113cc83ae0d910258516080e8c56c79a44ea,nfl-den-was-2025-11-30,nfl,2,0,2025-12-01T01:20:00Z,Broncos,Commanders,0.715,1,0,0.73,27,26,4612484.0
0x8d5ec7deb35689142a556ef4bad22c3347bc4cd0da1a2839c7bc616d4de2f842,nfl-nyg-ne-2025-12-01,nfl,2,0,2025-12-02T01:15:00Z,Patriots,Giants,0.745,1,1,0.765,33,15,6982079.0
0xe6f492eb15583ae324d43e987e3ad1b7bd1a86690b3b62a2843162278ff7af0e,nfl-dal-det-2025-12-04,nfl,2,0,2025-12-05T01:15:00Z,Lions,Cowboys,0.635,1,1,0.595,44,30,10677885.0
0x5fcebdb312a214a6df068ee876c944ce449e95f6caf2fe50334528cab165bd87,cfb-kenest-jaxst-2025-12-05,cfb,2,0,2025-12-06T00:00:00Z,Kennesaw State,Jacksonville State,0.585,1,0,0.555,19,15,239195.0
0x4ee0244cd80af0ba47adcdec380abc18c62e5606570bd5a43043bebebfe505c8,cfb-troy-jmad-2025-12-05,cfb,2,0,2025-12-06T00:00:00Z,James Madison,Troy,0.945,1,1,0.935,31,14,951806.0
0x890583532a17ef17c9d196005c78168bc8399aa525059ace154574b7e0b0577d,cfb-ntx-tulane-2025-12-05,cfb,2,0,2025-12-06T01:00:00Z,North Texas,Tulane,0.515,0,0,0.555,21,34,1851846.0
0xa5d3e2f41f8ef87d857f06900b8ba2bbce63058eb2328d72583a84dd985e111c,cfb-unlv-boise-2025-12-05,cfb,2,0,2025-12-06T01:00:00Z,Boise State,UNLV Runnin',0.685,1,1,0.645,38,21,291893.0
0x011aa7fab520552ff042b0198761e3eb9661f2438c2d982f251f5878d7270e21,cfb-byu-txtech-2025-12-06,cfb,2,1,2025-12-06T17:00:00Z,Texas Tech Red Raiders,BYU,0.825,1,1,0.8049999999999999,34,7,1488332.0
0x9c442cce0b9194db8ddab9a6059aacc290213a741c0ba156be53924a80b46ba8,cfb-miaoh-wmich-2025-12-06,cfb,2,1,2025-12-06T17:00:00Z,Western Michigan,Miami (OH),0.5549999999999999,1,1,0.5449999999999999,23,13,360338.0
0x9e6cd6af14268c1cb64014fb861a92795699d95c1d9a6ab54b9da66749c9069f,cfb-ga-ala-2025-12-06,cfb,2,1,2025-12-06T21:00:00Z,Georgia,Alabama,0.525,1,0,0.545,28,7,2968835.0
0xbcb4a58ebaa239ab6dc2a86ab1b9a11b8dbf27b15e911d6686893168a1bdbe63,cfb-duke-vir-2025-12-06,cfb,2,1,2025-12-07T01:00:00Z,Virginia,Duke,0.625,0,1,0.625,20,27,1457330.0
0x99c6571e36ee889a598ed57dc0cd7c72934e13ccafc739b81ef462536a1bbda8,cfb-ohiost-ind-2025-12-06,cfb,2,1,2025-12-07T01:00:00Z,Ohio State,Indiana,0.625,0,1,0.625,10,13,3286142.0
0xde17506a2d490c50bc61120c0ea01b2d354d46deaee64951c78ab7c9d844ce15,nfl-cin-buf-2025-12-07,nfl,2,0,2025-12-07T18:00:00Z,Bills,Bengals,0.7150000000000001,1,1,0.72,39,34,1277597.0
0x70e64fbc50b7ae33b9b409d5302a5a920f2a39eca2d1c582970c75b58556884d,nfl-ind-jax-2025-12-07,nfl,2,0,2025-12-07T18:00:00Z,Colts,Jaguars,0.565,0,0,0.545,19,36,2516639.0
0x8a3b6a72cb67360355ae39548c2c6315c621e5365ec5db313affbe67d5a9a658,nfl-mia-nyj-2025-12-07,nfl,2,0,2025-12-07T18:00:00Z,Dolphins,Jets,0.565,1,0,0.575,34,10,1165185.0
0x2d862d0ae6e7abce0adb9c116e769e2e9c6af7050f48adcccf45c9a8b4c182a0,nfl-no-tb-2025-12-07,nfl,2,0,2025-12-07T18:00:00Z,Buccaneers,Saints,0.775,0,1,0.795,20,24,1122529.0
0xa6306a4dc9e38a6a670a0f6806eb60414cb6a34ac75122a46470d21e91d5b1c9,nfl-pit-bal-2025-12-07,nfl,2,0,2025-12-07T18:00:00Z,Ravens,Steelers,0.7050000000000001,0,1,0.7050000000000001,22,27,1899598.0
0x07fdb434a81996e35e05aeb4d7e8d9f79866a6ed435282489b50c9a781c0734a,nfl-sea-atl-2025-12-07,nfl,2,0,2025-12-07T18:00:00Z,Seahawks,Falcons,0.735,1,0,0.75,37,9,3611162.0
0xc70dd85fb84ff5a7fabb683ae186c627984cdf84dab19eeabaaf4cad0798ac25,nfl-ten-cle-2025-12-07,nfl,2,0,2025-12-07T18:00:00Z,Browns,Titans,0.635,0,1,0.645,29,31,941667.0
0xf3cf254d616431b7610c0829d5b26c06cd33b3123dbfd59e75c98072b5c6be74,nfl-was-min-2025-12-07,nfl,2,0,2025-12-07T18:00:00Z,Vikings,Commanders,0.515,1,1,0.475,31,0,2131389.0
0xd25640cf4d4cdf40fc7f6588730a80ff19b1902f58902a76514219748842c65a,nfl-den-lv-2025-12-07,nfl,2,0,2025-12-07T21:05:00Z,Broncos,Raiders,0.775,1,0,0.785,24,17,1679379.0
0xe7aa655c5b36c563c2388a1ad2aee7e82c096a4ebe6ce0faa5389516593efb17,nfl-chi-gb-2025-12-07,nfl,2,0,2025-12-07T21:25:00Z,Packers,Bears,0.755,1,1,0.735,28,21,3618054.0
0xf32f35850e555afdb655a8af329946a2dc04de3290999b0c14bbf7cb4123a160,nfl-la-ari-2025-12-07,nfl,2,0,2025-12-07T21:25:00Z,LAR,Cardinals,0.795,1,0,0.815,45,17,2068989.0
0x61cf5315ec6aa4c6563e58a4736bdf89633ec2b5c9f2e2a6977cc7544cd6b916,nfl-hou-kc-2025-12-07,nfl,2,0,2025-12-08T01:20:00Z,Chiefs,Texans,0.675,0,1,0.645,10,20,5386960.0
0x973a05cb855049840adb639aa0c927d4d0f5ee7cc383269a24256b39ec4cd2d9,nfl-phi-lac-2025-12-08,nfl,2,0,2025-12-08T20:15:00Z,Eagles,Chargers,0.555,0,0,0.545,19,22,7920406.0
0x5afe56d5f7af27a3f41304325e8419244aff3852125f3af57702c67a203ee889,nfl-atl-tb-2025-12-11,nfl,2,0,2025-12-12T01:15:00Z,Buccaneers,Falcons,0.725,0,1,0.685,28,29,2992845.0
0x47adc138a89d04c275543a8f97ea676ad69c0837e0442a5e9c9c9a9c466f000e,cfb-army-navy-2025-12-13,cfb,2,1,2025-12-13T20:00:00Z,Navy,Army,0.6950000000000001,1,1,0.71,17,16,877325.0
0x2c87c6a3d81494b907167f6d59f366fb3d7119db7d2b815b0b22061cb2ed426c,cfb-boise-wash-2025-12-13,cfb,3,1,2025-12-14T01:00:00Z,Washington,Boise State,0.76,1,1,0.765,38,10,632179.0
0xa3cb3268c89acf56e5efbe7c2a0a63b01cc5e0e4c0805a7106327a1d9fd4b0e4,nfl-ari-hou-2025-12-14,nfl,2,0,2025-12-14T18:00:00Z,Texans,Cardinals,0.825,1,1,0.815,40,20,895920.0
0x6afc1778ee583775cf4b05499ce4cc34b4b4a3a7d7e351941a4c90c8e330014f,nfl-bal-cin-2025-12-14,nfl,2,0,2025-12-14T18:00:00Z,Ravens,Bengals,0.615,1,0,0.585,24,0,831961.0
0xa3e1a124a8fcb85e220a60e52049d1ebd2afb87fc8034ceaeb6567c8b968239e,nfl-buf-ne-2025-12-14,nfl,2,0,2025-12-14T18:00:00Z,Bills,Patriots,0.565,1,0,0.525,35,31,5199074.0
0x622e7c2e3e246364be3d4790364d91fa1cffdbacf988a06509ed708b6d1f28d0,nfl-cle-chi-2025-12-14,nfl,2,0,2025-12-14T18:00:00Z,Bears,Browns,0.755,1,1,0.765,31,3,1684675.0
0x1a3679091be1ff7d8a7f5d550155b5d893741c5e1afe00e52ded96510408ce5f,nfl-lac-kc-2025-12-14,nfl,2,0,2025-12-14T18:00:00Z,Chiefs,Chargers,0.7150000000000001,0,1,0.7050000000000001,13,16,1800204.0
0xdd3b4e4caebb1e2db713d4d78c04b2531e1997d410dd6336463bb2e6328b9c62,nfl-lv-phi-2025-12-14,nfl,2,0,2025-12-14T18:00:00Z,Eagles,Raiders,0.865,1,1,0.875,31,0,972648.0
0x92299e316996773f93a97e601499297d9d2e20fa841499f1cf32977b1a834a65,nfl-nyj-jax-2025-12-14,nfl,2,0,2025-12-14T18:00:00Z,Jaguars,Jets,0.875,1,1,0.875,48,20,1385208.0
0xf8b52d9991c5c5359412582c94a475d592168dd37ae6a8ec9a6b9e5bff0194cf,nfl-was-nyg-2025-12-14,nfl,2,0,2025-12-14T18:00:00Z,Giants,Commanders,0.585,0,1,0.575,21,29,1780612.0
0xc486ecc53d9484cf29da644ec1855776ca93abde10c3f4a3fc8f13f22cbba24d,nfl-car-no-2025-12-14,nfl,2,0,2025-12-14T21:25:00Z,Panthers,Saints,0.555,0,0,0.595,17,20,1184186.0
0x4896995cdcc973bba4ebe182f928324d168830308ff68eaedd9735a99ea963c0,nfl-det-la-2025-12-14,nfl,2,0,2025-12-14T21:25:00Z,Rams,Lions,0.6950000000000001,1,1,0.6950000000000001,41,34,1183848.0
0x339b3403a13323a31c6004569650cfaa3300989345279df9b9a6fe1ce060caa6,nfl-gb-den-2025-12-14,nfl,2,0,2025-12-14T21:25:00Z,Packers,Broncos,0.535,0,0,0.525,26,34,4873128.0
0x01c17682836c4df18653f18cb83b894592b1c7a883fb0ebb6878ec1bb48ea7d4,nfl-ind-sea-2025-12-14,nfl,2,0,2025-12-14T21:25:00Z,Seahawks,Colts,0.845,1,1,0.885,18,16,2847251.0
0x72f3c89aee1abc48cb220a951325afc84b97c96dc25b583a1061a17ba0230fa2,nfl-ten-sf-2025-12-14,nfl,2,0,2025-12-14T21:25:00Z,49ers,Titans,0.865,1,1,0.875,37,24,840519.0
0x707bb157a2ea43d2da72c850141a668af164491e3b63e81cc2da10cda89e3dbf,nfl-min-dal-2025-12-14,nfl,2,0,2025-12-15T01:20:00Z,Cowboys,Vikings,0.685,0,1,0.7050000000000001,26,34,2760709.0
0x1f1ccfe2166c17a3b89a339b847e2e12966463a8631318aa54ad754646507381,nfl-mia-pit-2025-12-15,nfl,2,0,2025-12-16T01:15:00Z,Steelers,Dolphins,0.635,1,1,0.615,28,15,4113384.0
0x067ce84d419e3269ef1055e1c396cfae0bc9bc41a9f7f5db37eacdd8bddf71cd,cfb-troy-jaxst-2025-12-16,cfb,3,1,2025-12-17T02:00:00Z,Jacksonville State,Troy,0.5900000000000001,1,1,0.475,17,13,1227916.0
0x6c4e44a1693702ad439d301b5002fee2f321326bf164b544bb1e1247677bbda9,cfb-old-sfl-2025-12-17,cfb,3,1,2025-12-17T22:00:00Z,South Florida,Old Dominion,0.625,0,1,0.575,10,24,2026450.0
0x6749b632cb9df8883a4958aa5493e50f9bc71dd6597dcefaeb7ee401c2c790ae,nfl-la-sea-2025-12-18,nfl,2,0,2025-12-19T01:15:00Z,Seahawks,Rams,0.5549999999999999,1,1,0.5349999999999999,38,37,6758686.0
0x4d350356f2b012c16642e69d89eca120ea9cf11c8e15e258928a2505e1e8944f,cfb-msrst-arkst-2025-12-18,cfb,3,1,2025-12-19T02:00:00Z,Arkansas State,Missouri State,0.5349999999999999,1,1,0.5,34,28,531811.0
0xe3691ef0c2b54ba1da0b6359cdd6eb4f51e5e32ac6f56cc770d53a782ffa3130,cfb-kenest-wmich-2025-12-19,cfb,3,1,2025-12-19T16:00:00Z,Western Michigan,Kennesaw State,0.605,1,1,0.6,41,6,635056.0
0x13c1fbba9d91114340592de7ff94c4865d6d2011e5558d4afb1d4771a7c40c04,cfb-mphs-ncst-2025-12-19,cfb,3,1,2025-12-19T19:30:00Z,North Carolina State,Memphis,0.6,1,1,0.62,31,7,295647.0
0x94b10c0bfeda43011714c678f959b6c2429adf6bef06d4e1f7703a2b137d6ff0,cfb-ala-okl-2025-12-19,cfb,3,0,2025-12-20T01:00:00Z,Oklahoma,Alabama,0.5549999999999999,0,1,0.515,24,34,4714635.0
0xdf52833e285b6f8d3d341ca08aeee99b267fdff24b930eecf0290fa630886298,cfb-mia-txam-2025-12-20,cfb,3,0,2025-12-20T17:00:00Z,Texas A&M,Miami,0.565,0,1,0.605,3,10,2041317.0
0x55de3b9daf2ccf4015016323cf8c5c0cc126c8bf8b6b501c702968c81ed0c2b8,cfb-tulane-miss-2025-12-20,cfb,3,0,2025-12-20T20:30:00Z,Ole Miss,Tulane,0.875,1,1,0.875,41,10,1378519.0
0x483b9ff3369a7871e88de7c0d6cb10cadb334fb6dcad766f439b9cb69e14e827,nfl-phi-was-2025-12-20,nfl,2,0,2025-12-20T22:00:00Z,Eagles,Commanders,0.745,1,0,0.745,29,18,5396603.0
0x919ad580715a7667477e1e9ad6c6933b4ae2c3f84d6b3486d0ac10bd2404d704,cfb-jmad-ore-2025-12-20,cfb,3,0,2025-12-21T00:30:00Z,Oregon,James Madison,0.925,1,1,0.92,51,34,1438775.0
0xdc944e324af1531c6eb13636e109cae5f87268da1763f17f97f4f84be0356f99,nfl-gb-chi-2025-12-20,nfl,2,0,2025-12-21T01:20:00Z,Bears,Packers,0.525,1,1,0.5349999999999999,22,16,6327887.0
0x88a1edad9dc7b77efb8fb0b9ffc09aa6f112342cad5dfe3a6475eb99599c30ed,nfl-buf-cle-2025-12-21,nfl,2,0,2025-12-21T18:00:00Z,Bills,Browns,0.825,1,0,0.835,23,20,2691056.0
0xd2e6ebae147d31c1e593ee1898e9aed2c72a618ea87e9fab79c09d112a5b49de,nfl-cin-mia-2025-12-21,nfl,2,0,2025-12-21T18:00:00Z,Bengals,Dolphins,0.635,1,0,0.655,45,21,1924274.0
0x5beabbe6b27dc3778f3030fa8e263117deca467ca2bd598745f2c52077ed6367,nfl-kc-ten-2025-12-21,nfl,2,0,2025-12-21T18:00:00Z,Chiefs,Titans,0.625,0,0,0.585,9,26,1292394.0
0x795106b05c543e7aaf06c998e07cc42a07287a6b234ee793cfe43b28200163c2,nfl-lac-dal-2025-12-21,nfl,2,0,2025-12-21T18:00:00Z,Cowboys,Chargers,0.5349999999999999,0,1,0.5449999999999999,17,34,5545403.0
0x27541f1ebf40749d3a0ad7a381161ca5ae514fcea25ea7e632dc5140dcc39a03,nfl-min-nyg-2025-12-21,nfl,2,0,2025-12-21T18:00:00Z,Vikings,Giants,0.565,1,0,0.575,16,13,1437731.0
0x59f8a6393b65feb7ec1c94376f1be0fa1b733c8b6962a085211dad05fa12f994,nfl-nyj-no-2025-12-21,nfl,2,0,2025-12-21T18:00:00Z,Saints,Jets,0.725,1,1,0.7150000000000001,29,6,1048038.0
0x0870868fef14ce6d9519b705688095782265b7fd6c4ed8d659ec4a2818b370ab,nfl-tb-car-2025-12-21,nfl,2,0,2025-12-21T18:00:00Z,Buccaneers,Panthers,0.585,0,0,0.595,20,23,602578.0
0x276f0a3a9032afa889f8e1b1dd67278cf74ed1e050c79b9af705f946467ab646,nfl-atl-ari-2025-12-21,nfl,2,0,2025-12-21T21:05:00Z,Falcons,Cardinals,0.575,1,0,0.585,26,19,3062236.0
0x1297411bd6fc4c348beb7c40bb539c9c0ead7e52e2dd590dacc4c32cfd518697,nfl-jax-den-2025-12-21,nfl,2,0,2025-12-21T21:05:00Z,Broncos,Jaguars,0.625,0,1,0.63,20,34,1800826.0
0x0e4ccd69c581deb1aad6f587083a4800d458d6a12f3d202418a53e0c40b18c5a,nfl-lv-hou-2025-12-21,nfl,2,0,2025-12-21T21:25:00Z,Texans,Raiders,0.885,1,1,0.895,23,21,2605538.0
0x913b67f7c8b370247f1370cde82e3fd661a5449f2573ba271bce95d47c442784,nfl-pit-det-2025-12-21,nfl,2,0,2025-12-21T21:25:00Z,Lions,Steelers,0.775,0,1,0.745,24,29,3668936.0
0x780408b161c548a5c66166ceda66e0d287ef60c2725c36acaeb0cb2bee1b3720,nfl-ne-bal-2025-12-21,nfl,2,0,2025-12-22T01:20:00Z,Ravens,Patriots,0.655,0,1,0.605,24,28,8711562.0
0x31eafc75bdaa2f9f476774c9e87d05ca8f019a48c5e27b432e58b7271aba0270,cfb-washst-utahst-2025-12-22,cfb,3,1,2025-12-22T19:00:00Z,Utah State,Washington State,0.505,0,1,0.5,21,34,3188700.0
0xfb54ac8652e65ab1312a33cf96a45204c56b879e20e9f24a09f0309eacf52950,nfl-sf-ind-2025-12-22,nfl,2,0,2025-12-23T01:15:00Z,49ers,Colts,0.655,1,0,0.695,48,27,3796994.0
0x02e61f7e9053341e4df6e33118cfa145d116667e74989dec40df01c7394b3e8f,cfb-toledo-lou-2025-12-23,cfb,3,1,2025-12-23T19:00:00Z,Louisville,Toledo,0.8049999999999999,1,1,0.85,27,22,1300671.0
0xa1b2eccd54a266227099d0e8effa9659eeb6b34faf6594aca9ec9a1ed9e2150f,cfb-wkent-soumis-2025-12-23,cfb,3,1,2025-12-23T22:30:00Z,Southern Miss,Western Kentucky,0.5549999999999999,0,1,0.505,16,27,1094366.0
0x6d9e08485267bea7350b8f7b30bcd40a27fcfcbaa9b3654aab14dc67d2b8e0ef,cfb-unlv-ohio-2025-12-23,cfb,3,1,2025-12-24T02:00:00Z,UNLV Runnin',Ohio,0.7,0,0,0.71,10,17,468655.0
0xb46c7b524db0113c19a52cc55dae1a2bba8642c2dfca4ce56087f08abd8ac2bf,cfb-cah-hawaii-2025-12-24,cfb,3,0,2025-12-25T01:00:00Z,Hawaii,California,0.5349999999999999,1,1,0.53,35,31,3143049.0
0xb00dcbf2f2cee0af2aa925570566a05abec4870bc6eee7bd14ff7c25eb541459,nfl-det-min-2025-12-25,nfl,2,0,2025-12-25T16:30:00Z,Lions,Vikings,0.765,0,0,0.76,10,23,4201638.0
0xe40c7aeec6181070cdd9bef07355ff33fa21292998a18d8420a16f909920f7f3,nfl-dal-was-2025-12-25,nfl,2,0,2025-12-25T18:00:00Z,Cowboys,Commanders,0.785,1,0,0.78,30,23,4344508.0
0x946cb298dd24916efed1569a452d37722b79fdfc85e0dd860066f2056f977c33,nfl-den-kc-2025-12-25,nfl,2,0,2025-12-25T20:15:00Z,Broncos,Chiefs,0.885,1,0,0.885,20,13,5430345.0
0xa088eec31efd7ee8c7726ed4099f7f18081b909aac17c048061fa4f3ec1e247d,cfb-cmich-nw-2025-12-26,cfb,3,1,2025-12-26T18:00:00Z,Northwestern,Central Michigan,0.815,1,1,0.785,34,7,561001.0
0xa3a4c9ed251610a458c1c65a207688705e4d54f92a2568477cb978e92fa3243f,cfb-nmx-minnst-2025-12-26,cfb,3,1,2025-12-26T21:30:00Z,Minnesota,New Mexico,0.525,1,1,0.53,20,17,2583823.0
0x5e8b77936c0d0b5626d9894da08f3aaf17a63cf6cc41d4342c16c560146d800c,cfb-flint-utsa-2025-12-26,cfb,3,1,2025-12-27T01:00:00Z,UTSA Roadrunners,Florida International,0.6950000000000001,1,1,0.665,57,20,748586.0
0xdd433eb665a94d9e44eb6c7669ce222fbfe21a526cdddc299d2531824ea583d5,cfb-pitt-ecar-2025-12-27,cfb,3,1,2025-12-27T16:00:00Z,Pittsburgh,East Carolina,0.805,0,0,0.76,17,23,1125938.0
0xee0a9008bc7cd8ca9cbb779dfedf1c7c3a818c0a8974edc9c667108d5942bbe3,cfb-pennst-clmsn-2025-12-27,cfb,3,1,2025-12-27T17:00:00Z,Clemson,Penn State,0.54,0,1,0.565,10,22,997842.0
0xae1bca95347afdb43c4f34f860b3e5b305abe6ae00451be7b9ccb946de297cb5,cfb-gtech-byu-2025-12-27,cfb,3,1,2025-12-27T20:30:00Z,BYU,Georgia Tech,0.615,1,1,0.625,25,21,653648.0
0xca476f0b362bfbf3b86d7a65be09d20b71f341dad57f95bc1bec4626f18a0dee,cfb-miaoh-frest-2025-12-27,cfb,3,1,2025-12-27T21:30:00Z,Fresno State,Miami (OH),0.645,1,1,0.655,18,3,239064.0
0x6a84be0c820e4eafcfd2227894c239cb600a4e8a0073e77cf67903ae015cc71e,nfl-hou-lac-2025-12-27,nfl,2,0,2025-12-27T21:30:00Z,Chargers,Texans,0.515,0,1,0.525,16,20,4637464.0
0xdc492332092cfbf34abcd6b1ba105296b7dde36792ab9620409435027a40fb0f,cfb-ntx-sdst-2025-12-27,cfb,3,1,2025-12-27T22:45:00Z,North Texas,San Diego State,0.705,1,0,0.685,49,47,805154.0
0x0b9db1c7b693e2a477880af02ffe984180775dd3807c04102c7cc175dd35b5e1,cfb-vir-missr-2025-12-27,cfb,3,1,2025-12-28T00:30:00Z,Missouri,Virginia,0.625,0,1,0.625,7,13,589502.0
0x6afffb701b4227dbd4c399523a0ea7b9169614ad168ba852dd832afc8caeee86,nfl-bal-gb-2025-12-27,nfl,2,0,2025-12-28T01:00:00Z,Packers,Ravens,0.5549999999999999,0,1,0.625,24,41,3068822.0
0xb028f44a46be5e396af42aef8a281179ca8157bd7d73af6fe5f8435188554d65,cfb-lsu-hou-2025-12-27,cfb,3,1,2025-12-28T02:15:00Z,Houston,LSU,0.515,1,1,0.505,38,35,1256897.0
0x2bbe918f885f7c4f36bdf7c2e12617c6b9412739411f2079d451cd3c76bfcc0f,nfl-ari-cin-2025-12-28,nfl,2,0,2025-12-28T18:00:00Z,Bengals,Cardinals,0.745,1,1,0.745,37,14,790268.0
0x7ff4d6d22663bf8a2b1bcc8ff8755e5cbe02853401770a41d94cfa8933e7cd05,nfl-jax-ind-2025-12-28,nfl,2,0,2025-12-28T18:00:00Z,Jaguars,Colts,0.665,1,0,0.705,23,17,2162124.0
0xa604f00e480c14d84558fdd0cde53d074b7088ad3906f3293de47bac4e84ca03,nfl-ne-nyj-2025-12-28,nfl,2,0,2025-12-28T18:00:00Z,Patriots,Jets,0.865,1,0,0.885,42,10,1223813.0
0x91857a9b110571a0671bfe7eecd0fe2fad6f9a72f19a186ee194e8d79a7d0e2d,nfl-no-ten-2025-12-28,nfl,2,0,2025-12-28T18:00:00Z,Saints,Titans,0.515,1,0,0.575,34,26,1098272.0
0xc8573c0ad6b68fad53be3155a6b7d9ec9feb73ead2e687d6608e21db31fac060,nfl-pit-cle-2025-12-28,nfl,2,0,2025-12-28T18:00:00Z,Steelers,Browns,0.665,0,0,0.625,6,13,2103508.0
0x54b2ed0354ae7892a806190d68601310f5d0e72dc30a256619a30d298bbd04bc,nfl-sea-car-2025-12-28,nfl,2,0,2025-12-28T18:00:00Z,Seahawks,Panthers,0.735,1,0,0.745,27,10,2036482.0
0xe6453a6b4d324dbf466b2b487a8cae605efe1bb306781d6e20137a06e1d05629,nfl-tb-mia-2025-12-28,nfl,2,0,2025-12-28T18:00:00Z,Buccaneers,Dolphins,0.685,0,0,0.695,17,20,628242.0
0x8cb5903900be71bd747a87c038ba97f250900813035f19cbf71da366fac6c280,nfl-nyg-lv-2025-12-28,nfl,2,0,2025-12-28T21:05:00Z,Giants,Raiders,0.585,1,0,0.575,34,10,1812199.0
0x1892e09a862f12c9b3488e14b3f4f87f3eb7fc92d2d8a6c4191337fb45c2d884,nfl-phi-buf-2025-12-28,nfl,2,0,2025-12-28T21:25:00Z,Bills,Eagles,0.615,0,1,0.525,12,13,4623888.0
0x5543372edec0f4bd2a6d191a495b25dc69ed24f9c9d7018f73349e6683286ac9,nfl-chi-sf-2025-12-28,nfl,2,0,2025-12-29T01:20:00Z,49ers,Bears,0.665,1,1,0.625,42,38,5384268.0
0x3fe771c902edd6bd1e2c05415c49903ec107a5b553c9d8208be6182ee4f3c045,cfb-gas-applst-2025-12-29,cfb,3,1,2025-12-29T19:00:00Z,Georgia Southern,Appalachian State,0.76,1,0,0.73,29,10,404671.0
0x7261b06fc5515452b81b4831e158fd45730cfb56b650518af48a0393a99bbfae,nfl-la-atl-2025-12-29,nfl,2,0,2025-12-30T01:15:00Z,Rams,Falcons,0.765,0,0,0.775,24,27,4889343.0
0x174d29a135ce164ab0721ca4ea0bad870caa202d12a0ae8358b398cf8bcb1e60,cfb-coast-loutch-2025-12-30,cfb,3,1,2025-12-30T19:00:00Z,Louisiana Tech,Coastal Carolina Chanticleers,0.765,1,1,0.765,23,14,628251.0
0xb2fb7b609d963c87ca1cecefc28b6815fef48f9ba5f54715c6c36be21352a42d,cfb-tenn-ill-2025-12-30,cfb,3,1,2025-12-30T22:30:00Z,Tennessee,Illinois,0.565,0,0,0.6,28,30,1264209.0
0xeffb4b076374698234b50e8625eaac98c91d1540b83c7e889e99528ca71f03d6,cfb-usc-tcu-2025-12-30,cfb,3,1,2025-12-31T02:00:00Z,USC,TCU,0.645,0,0,0.685,27,30,1894395.0
0xd80d22805ec22f65da9774cb2cfeb93f7ade41257532c63b0dae91d863579d3e,cfb-iowa-vand-2025-12-31,cfb,3,1,2025-12-31T17:00:00Z,Vanderbilt,Iowa,0.595,0,1,0.6599999999999999,27,34,1536765.0
0x332d4c3d646e2f4972192e63f8ff48501b170d47448143053f350cc59cbff0a5,cfb-arzst-duke-2025-12-31,cfb,3,1,2025-12-31T19:00:00Z,Duke,Arizona State,0.625,1,1,0.595,42,39,1040123.0
0xfcee59fe269cc903807e9f7c8634129e3fcbb5e247ba5248b4308ae888e46377,cfb-mich-tx-2025-12-31,cfb,3,1,2025-12-31T20:00:00Z,Texas,Michigan,0.615,1,1,0.72,41,27,2521394.0
0x6c443d4699d763c363902f525149dd03f4730c39cd15e59e11b56005dff2cc97,cfb-nebr-utah-2025-12-31,cfb,3,1,2025-12-31T20:30:00Z,Utah,Nebraska Cornhuskers,0.815,1,1,0.83,44,22,256834.0
0xbd3a3e46de3aab7d3180e1981269041dac35dc338029568e3d503d9ed51bf446,cfb-mia-ohiost-2025-12-31,cfb,3,1,2026-01-01T00:30:00Z,Ohio State,Miami,0.745,0,1,0.77,14,24,3287216.0
0x68730687766f5294a9840b6d3b7b57b8040d082dd69cffbcff899610decb8e17,cfb-ore-txtech-2026-01-01,cfb,3,1,2026-01-01T17:00:00Z,Texas Tech Red Raiders,Oregon,0.525,0,1,0.45499999999999996,0,23,4896712.0
0x404fd3f6a231ab1dc3e949c4c544b94d911e0597d3a4eef5b581ff9336601b34,cfb-ala-ind-2026-01-01,cfb,3,1,2026-01-01T21:00:00Z,Indiana,Alabama,0.7,1,1,0.6950000000000001,38,3,3171332.0
0x269b70d13789a587fde5b6482688ae5bb18c8de7e357ec5903c32948454ea849,cfb-miss-ga-2026-01-01,cfb,3,1,2026-01-02T01:00:00Z,Georgia,Ole Miss,0.665,0,1,0.685,34,39,3912414.0
0x3c382a44091aa95f4611a73cd251d6edac0b3d98899a5aa4c5492749967c29f0,cfb-rice-txst-2026-01-02,cfb,3,1,2026-01-02T18:00:00Z,Texas State,Rice,0.885,1,1,0.845,41,10,962989.0
0x719f5d496d9dde30d3a386da3a4ec565fb4f89228d50beb8775a3541f07b70e5,cfb-navy-cin-2026-01-02,cfb,3,1,2026-01-02T21:30:00Z,Navy,Cincinnati,0.715,1,0,0.71,35,13,1265702.0
0x33dedb90825583bcd0630d4e75764a455e77ebad0f5a1cb1c90cfe4bf06d4024,cfb-arz-smu-2026-01-02,cfb,3,1,2026-01-03T01:00:00Z,SMU Mustangs,Arizona,0.5549999999999999,1,1,0.495,24,19,1507470.0
0x36bf36e1f4f51efa58b32c1a361357ac1eb675c8106e036029340e833cfb91d2,cfb-wake-mspst-2026-01-02,cfb,3,1,2026-01-03T01:00:00Z,Mississippi State,Wake Forest,0.575,0,1,0.5900000000000001,29,43,1382459.0
0xa6535047a0fef371d1d1b44693508960eef82c53db3e311df0ad5c6b650d810f,nfl-car-tb-2026-01-04,nfl,2,0,2026-01-03T21:30:00Z,Buccaneers,Panthers,0.605,1,1,0.585,16,14,4166736.0
0x386c70eb5b79e8d6b05bc371033387f0b9a5d93180429dfc6f13fc25dd526adb,nfl-sea-sf-2026-01-04,nfl,2,0,2026-01-04T01:00:00Z,Seahawks,49ers,0.585,1,0,0.565,13,3,7083057.0
0xa85e6384d70d6c4554933012b3706dc6be564da7457e86d6257a6dbff55de47a,nfl-cle-cin-2026-01-04,nfl,2,0,2026-01-04T18:00:00Z,Bengals,Browns,0.785,0,1,0.765,18,20,961514.0
0x1f2b0f9708a817126007ad267eaa626116a0187c4ae50ea99883e7d4ef7b7249,nfl-dal-nyg-2026-01-04,nfl,2,0,2026-01-04T18:00:00Z,Cowboys,Giants,0.625,0,0,0.635,17,34,2036518.0
0x26a2a6bda3dcda2750a7b022cb63350b23f1813c6da6ee1ef8f086539b5380b2,nfl-gb-min-2026-01-04,nfl,2,0,2026-01-04T18:00:00Z,Vikings,Packers,0.835,1,1,0.795,16,3,2183200.0
0xd9882cb6645c3817dc4a7101661558d56e36d101433d8db8fac85730e01333e2,nfl-ind-hou-2026-01-04,nfl,2,0,2026-01-04T18:00:00Z,Texans,Colts,0.815,1,1,0.825,38,30,1602836.0
0xee5a2f40b80ea982b65d885d29176075c665ce2764b059b5cdcb7f5022d99f78,nfl-no-atl-2026-01-04,nfl,2,0,2026-01-04T18:00:00Z,Falcons,Saints,0.665,1,1,0.635,19,17,1043292.0
0x74d786eb72f4de44cb39da160a401bcd1a7c390ae03963c1dc13565cc337b9f5,nfl-ten-jax-2026-01-04,nfl,2,0,2026-01-04T18:00:00Z,Jaguars,Titans,0.865,1,1,0.855,41,7,1198600.0
0xdaa4c05704bd2a091d3f68da5de24f4525e766a862084d33599c4a7a9cabff9d,nfl-ari-la-2026-01-04,nfl,2,0,2026-01-04T21:25:00Z,Rams,Cardinals,0.915,1,1,0.795,37,20,755048.0
0x4f1d9ad2092d7a2feb4f10509f3c5800298f071e9272e87c41a5a672d3b0ba82,nfl-det-chi-2026-01-04,nfl,2,0,2026-01-04T21:25:00Z,Bears,Lions,0.605,0,1,0.615,16,19,1519110.0
0x7b718a0402aa0bb771e441d60402fef788a965c3a4b79d2de5fc053dc705cf45,nfl-kc-lv-2026-01-04,nfl,2,0,2026-01-04T21:25:00Z,Chiefs,Raiders,0.635,0,0,0.705,12,14,1325582.0
0xa71983d3fd60496758d0da08c790b8720bf3eb4d5612b6f2df5d7f2ebb7a32f8,nfl-lac-den-2026-01-04,nfl,2,0,2026-01-04T21:25:00Z,Broncos,Chargers,0.885,1,1,0.875,19,3,2728316.0
0x5a6e1c5925817f6cf7b5fe1d0eda853afe80a345cd5ab54319d8c73c591f829d,nfl-mia-ne-2026-01-04,nfl,2,0,2026-01-04T21:25:00Z,Patriots,Dolphins,0.885,1,1,0.845,38,10,897448.0
0x51ce2667ff49e6ccbba8a60880073fbfcbef8596995ad7c4143d264d0393fd2b,nfl-nyj-buf-2026-01-04,nfl,2,0,2026-01-04T21:25:00Z,Bills,Jets,0.845,1,1,0.785,35,8,823526.0
0x2c29b992f98bcfdb687312da18fbcfb76eec05886c9cb037043f480269a9a129,nfl-was-phi-2026-01-04,nfl,2,0,2026-01-04T21:25:00Z,Eagles,Commanders,0.635,0,1,0.655,17,24,2025688.0
0x6fe48420bd2c25a2594d158487b08fbc12edd080ff8c3823566bc49fdc2e5b5c,nfl-bal-pit-2026-01-04,nfl,2,0,2026-01-05T01:20:00Z,Ravens,Steelers,0.685,0,0,0.65,24,26,6103668.0
0x803ac6b12e576f42a2a6f531988a85bb0495f8d5f38eca633e091c4ee6e2f54a,cfb-mia-miss-2026-01-08,cfb,3,1,2026-01-09T00:30:00Z,Miami,Ole Miss,0.615,1,0,0.605,31,27,4932954.0
0x99cc3bbbe311e157297c096850255c688c60c3b30eeeb9d673c67cfc0b49ed24,cfb-ore-ind-2026-01-09,cfb,3,1,2026-01-10T00:30:00Z,Indiana,Oregon,0.615,1,1,0.625,56,22,4663153.0
0x32102e4ab8969621cab85949c3c571b5008a4aa30d31022fa659d0ed287686a9,nfl-la-car-2026-01-10,nfl,3,0,2026-01-10T21:30:00Z,Rams,Panthers,0.815,1,0,0.825,34,31,6224876.0
0x889771fe1ffdfa067c4493ae89a11e1d2cb2699b0bb048e00ce8ba10d27dad84,nfl-gb-chi-2026-01-10,nfl,3,0,2026-01-11T01:00:00Z,Packers,Bears,0.545,0,0,0.535,27,31,9202019.0
0x50d6d3fde46f4d141a22712e2a6f356edf8cdddff04242922e806a55ba97c2a8,nfl-buf-jax-2026-01-11,nfl,3,0,2026-01-11T18:00:00Z,Jaguars,Bills,0.5449999999999999,0,1,0.515,24,27,10668681.0
0xfc15a3210a81303405a1f9b21c73f27dc647364a7e08bace4778e652b813a4de,nfl-sf-phi-2026-01-11,nfl,3,0,2026-01-11T21:30:00Z,Eagles,49ers,0.685,0,1,0.6950000000000001,19,23,6540367.0
0xbbfeecdfdc7feeba06e18f21d13b250d0307bc34606796a8d47442618a19f4be,nfl-lac-ne-2026-01-11,nfl,3,0,2026-01-12T01:00:00Z,Patriots,Chargers,0.645,1,1,0.645,16,3,4161656.0
0xbfa2065aca0ad40d731bb8d249e14bbffd54a57fe5bbeb6b438f714bf7a564eb,nfl-hou-pit-2026-01-12,nfl,3,0,2026-01-13T01:15:00Z,Texans,Steelers,0.595,1,0,0.585,30,6,6167901.0
0x746f66fb1859ce9f795b0bbe0b4fede7666bfe4de95b2aa280296b25f763deee,nfl-buf-den-2026-01-17,nfl,3,0,2026-01-17T21:30:00Z,Broncos,Bills,0.5349999999999999,1,1,0.525,33,30,12391201.0
0x0328fd8fc790c29ec43d59eebd58067431a901a92451c001b9b55f4377779da3,nfl-sf-sea-2026-01-17,nfl,3,0,2026-01-18T01:00:00Z,Seahawks,49ers,0.725,1,1,0.745,41,6,9511185.0
0x4195016305dc0e1b849be8f3a39721c57c9a2c9717b9a050abfd10014de03078,nfl-hou-ne-2026-01-18,nfl,3,0,2026-01-18T20:00:00Z,Patriots,Texans,0.635,1,1,0.625,28,16,10271203.0
0xd08c51ab1dd3c9ea3ddaae80b06cc2aedf67f2609c52148a3465345bb1d6e49e,nfl-la-chi-2026-01-18,nfl,3,0,2026-01-18T23:30:00Z,Rams,Bears,0.655,1,0,0.645,20,17,12527242.0
0x15d93d47ffd15f0283d73fe25fc61964035250382647c7fcd40cc92bad2cf8d5,cfb-mia-ind-2026-01-19,cfb,3,0,2026-01-20T00:30:00Z,Indiana,Miami,0.745,1,1,0.745,27,21,8545588.0
0x393557eaf4c3ec53cf4a341d12263914944220359b6f02b703109ce220257641,nfl-ne-den-2026-01-25,nfl,3,0,2026-01-25T20:00:00Z,Patriots,Broncos,0.655,1,0,0.665,10,7,12245929.0
0x0074ba8b521e1cb18ef3befdfa5e586a3d9c3b0aefae2eb2d80f99b1e594f7a1,nfl-la-sea-2026-01-25,nfl,3,0,2026-01-25T23:30:00Z,Seahawks,Rams,0.5549999999999999,1,1,0.565,31,27,13597731.0
0x204d24f3a0f5dd5fca825292bdeab6a97af3978b2caa2b21bb37e610eddfff5d,nfl-sea-ne-2026-02-08,nfl,3,1,2026-02-08T23:30:00Z,Seahawks,Patriots,0.675,1,0,0.68,29,13,36281748.0
0x58256c6383f76a48477f5f4d9a07303edc5c34e17c7d3766253a728c1f42ffb3,cfb-maine-tows-2026-08-27,cfb,2,0,2026-08-27T22:00:00Z,Towson,Maine,0.5549999999999999,0,1,0.625,18,21,14944.0
0xbbee10408705c6ff81ffa87ab47689487d3405b051cea355289d2992612681b4,cfb-houbap-selou-2026-08-27,cfb,2,0,2026-08-27T23:00:00Z,Southeastern Louisiana,Houston Christian,0.9585,0,1,0.957,28,34,10407.0
0x1c011b6c49a65da45de1e81c2eab13ef3543351e19b507db339a577b16267264,cfb-idaho-calpol-2026-08-28,cfb,2,0,2026-08-29T02:00:00Z,Idaho,Cal Poly,0.655,0,0,0.62,34,38,25922.0
0xa560f49e1916d628364008ee3d4969fec3527dc86b79183b1dbe1e34dbda23d9,cfb-ncar-tcu-2026-08-29,cfb,2,1,2026-08-29T16:00:00Z,TCU,North Carolina,0.735,0,1,0.75,10,15,502686.0
0x49832260717bb76cbc9f931de8518e2529a51756df18ccf38cf8b5d2619ff444,cfb-robms-wag-2026-08-29,cfb,2,0,2026-08-29T16:00:00Z,Wagner,Robert Morris,0.665,0,1,0.665,7,28,24224.0
0x1d8cb82afa530a577e4d00508baeefc8e228c201b4de5910eedb05d3a6f9ffdc,cfb-sjst-usc-2026-08-29,cfb,2,0,2026-08-29T19:00:00Z,USC,San Jose State,0.992,1,1,0.9825,42,26,17446.0
0x57b57be43cbf63fc66c5c202d8d7bcc42c1c4a32ddc7c2f6291bb4a4b29c3d17,cfb-ucdv-portst-2026-08-29,cfb,2,0,2026-08-29T19:00:00Z,UC Davis,Portland State,0.955,1,0,0.945,31,24,20049.0
0x3dfdff95840af493565cc3301a4cc624fa6e77468758352c917c8837cded4357,cfb-ncst-vir-2026-08-29,cfb,2,0,2026-08-29T19:30:00Z,Virginia,North Carolina State,0.625,1,1,0.62,34,8,216887.0
0x78d124d8107ee388a951364e9844e9456f8f090ec7208044670e069e5e85ec4c,cfb-jaxst-ndkst-2026-08-29,cfb,2,0,2026-08-29T21:30:00Z,North Dakota State Bison,Jacksonville State,0.7150000000000001,1,1,0.7050000000000001,33,7,110569.0
0x7cf4c47aabdf3dadf9d9ce1ca3177616bc3e1c09429832e41c2eada908ec4a39,cfb-sacst-emich-2026-08-29,cfb,2,0,2026-08-29T22:30:00Z,Eastern Michigan,Sacramento State Hornets,0.755,1,1,0.76,28,17,238211.0
0xc5938dc2da17f93c25159c8e1a45499f4ec64d26e98e981acf384b37e598c53e,cfb-hawaii-stan-2026-08-29,cfb,2,0,2026-08-29T23:00:00Z,Stanford,Hawaii,0.645,1,1,0.635,37,27,206205.0
0x284a560ef43e39a7af9a8b8cd5016d8dd6ad7c3248c6febccd654428bc645882,cfb-nmxst-flst-2026-08-29,cfb,2,0,2026-08-29T23:00:00Z,Florida State,New Mexico State,0.976,1,1,0.979,34,17,111549.0
0xbf2cb2a500b1be93c6c8fa5bb3aab64202ff4208732bcd276ffb12af07988159,cfb-stet-sdkst-2026-08-29,cfb,2,0,2026-08-29T23:00:00Z,South Dakota State,Stetson,0.999,1,1,0.995,70,7,22228.0
0x648372009a7dd9f7507ebe098d8c4e940234da0db606d3a351eb9abd4fd4e386,cfb-mphs-unlv-2026-08-30,cfb,2,0,2026-08-30T02:00:00Z,UNLV Runnin',Memphis,0.645,0,1,0.635,21,27,436795.0
0x07092beb773851490b17af757e8ff22aa324b6b83d65e77ca0b41ace47e2b4fc,cfb-umass-rutger-2026-09-03,cfb,2,0,2026-09-03T22:00:00Z,Rutgers,UMass,0.974,0,1,0.9675,21,37,120477.0
0x793d4b5332c10108ff6222fb7ed5a94e6180cfcb792b38f2e3ed366418f00bbd,cfb-akron-wake-2026-09-03,cfb,2,0,2026-09-03T23:00:00Z,Wake Forest,Akron,0.955,1,1,0.945,38,16,36508.0
0xf6e7fb50006d4790e111a0d55987334ff4d670f81c29d4a3dfdcb6b680169a1b,cfb-albny-buf-2026-09-03,cfb,2,0,2026-09-03T23:00:00Z,Buffalo,University at Albany,0.89,1,1,0.905,21,17,27927.0
0xb2bfad1e151ba25cc136fe6a9e49f867a11a0c8551179477ed97f8352ab6b5b7,cfb-arpb-missr-2026-09-03,cfb,2,0,2026-09-04T00:00:00Z,Missouri,Arkansas-Pine Bluff,0.9955,1,1,0.9975,54,14,28696.0
0xb841e986cd07605588527c5410edfffa9b6fec3f420798607054ac1a075e3e4d,cfb-col-gtech-2026-09-03,cfb,2,0,2026-09-04T00:00:00Z,Georgia Tech,Colorado,0.685,0,1,0.685,13,14,534299.0
0xaf75e95cb4c9adfa90fe7818d8a6b7edf96a549ce87df55f595522618cf3d19c,cfb-uab-ill-2026-09-03,cfb,2,0,2026-09-04T01:00:00Z,Illinois,UAB,0.958,1,1,0.9585,42,23,47425.0
0x41c12c0285f45cdac97324739f29ba5f8918b9b73fe853a0d1d9efd6f991eec1,cfb-sjst-emich-2026-09-04,cfb,2,0,2026-09-04T22:30:00Z,Eastern Michigan,San Jose State,0.5349999999999999,0,1,0.575,21,27,1206181.0
0x6c364ce4d6120c492421ec39b4a9c4308bbe274bf48084f0932005b6fba698c3,cfb-indst-pur-2026-09-04,cfb,2,0,2026-09-04T23:00:00Z,Purdue,Indiana State,0.979,1,1,0.9855,44,19,60821.0
0xb75e4c44478716f54a1709ad7312bc94838439782072f4a27620b8bdb1c08430,cfb-ncat-gast-2026-09-04,cfb,2,0,2026-09-04T23:00:00Z,Georgia State,North Carolina A&T,0.955,1,1,0.974,59,10,42437.0
0xc4a141908579c3e6ac27e1c6ff7bcdba55ac0c0bcc6d5fb6623c6ae32ba20b48,cfb-liub-kan-2026-09-04,cfb,2,0,2026-09-05T00:00:00Z,Kansas,LIU,0.991,1,1,0.994,51,6,32324.0
0x3c0c0fa752368746b6d751bcd692084d3bab92e721647f0090705856fd5f3b0b,cfb-toledo-mst-2026-09-04,cfb,2,0,2026-09-05T00:00:00Z,Michigan State,Toledo,0.785,1,1,0.785,30,20,474219.0
0x46a67ce12aefa7ccad89c2d7ce8aad88c2770f388a3b11482318b9d73988ee2b,cfb-utep-okl-2026-09-04,cfb,2,0,2026-09-05T00:00:00Z,Oklahoma,UTEP,0.994,1,1,0.994,51,0,66372.0
0x92bb5b9f46751bba79f98e08537692ca916eaa3075e8a6090d4b8d9ed970609c,cfb-frest-usc-2026-09-04,cfb,2,0,2026-09-05T01:00:00Z,USC,Fresno State,0.935,1,1,0.935,39,0,80162.0
0xe450d927136867720209e02b4d6ea3ea470eeacc8ab75bf59d352eaab7d47cdf,cfb-mia-stan-2026-09-04,cfb,2,0,2026-09-05T01:00:00Z,Miami (FL),Stanford,0.945,1,0,0.935,45,6,49971.0
0x3b3d6ae6b3611b8cae912d876bc2b4f640d944e0710cf082180ef4de838703ad,cfb-coast-wvir-2026-09-05,cfb,2,0,2026-09-05T16:00:00Z,West Virginia,Coastal Carolina,0.925,1,1,0.915,31,24,18830.0
0x95d416323203af51993c1944d832a5aa012bca67683efc838df2744e61025d2f,cfb-ecar-ala-2026-09-05,cfb,2,0,2026-09-05T16:00:00Z,Alabama,East Carolina,0.9735,1,1,0.9615,48,10,267907.0
0x54054accf9c51a0afee972fe3f6218ed650c5e1e2fc1c57ebc15fe3a79a2a9ec,cfb-librty-jmad-2026-09-05,cfb,2,0,2026-09-05T16:00:00Z,James Madison,Liberty,0.665,1,1,0.665,20,13,140962.0
0xfb8f878a6081b48e22c8a23255dccf1c0a1b40adda7b3ac129aae833f59f3aa9,cfb-ntx-ind-2026-09-05,cfb,2,0,2026-09-05T16:00:00Z,Indiana,North Texas,0.9935,1,1,0.991,52,16,116578.0
0x77dfd142d449298d9969541da0ae69bca326e1c2008c9fb216a5ce83ca6baf39,cfb-ohio-nebr-2026-09-05,cfb,2,0,2026-09-05T16:00:00Z,Nebraska,Ohio,0.935,1,1,0.935,49,21,32319.0
0xf3ae0d8233f41d83ff292dbf87e6a38b8fdd36f314143ba215c66b7852e5fb12,cfb-oregst-hou-2026-09-05,cfb,2,0,2026-09-05T16:00:00Z,Houston,Oregon State,0.925,1,1,0.915,33,20,54266.0
0xdee93da44281738d72e4ce95db8df9db7bbde67ae3001c785fb78bdfdd88a6b2,cfb-tarl-bowlgr-2026-09-05,cfb,2,0,2026-09-05T16:00:00Z,Bowling Green,Tarleton State,0.5349999999999999,0,1,0.5349999999999999,13,20,16204.0
0xffeab06acf4a99bf720e7242be83e066f420429300e490ee546ccc571e38a223,cfb-ballst-ohiost-2026-09-05,cfb,2,0,2026-09-05T16:30:00Z,Ohio State,Ball State,0.9985,1,1,0.996,56,3,97529.0
0xf953005c7f45ea41134ea3d44e6187469672d17c41501010a961a670827fca39,cfb-ri-templ-2026-09-05,cfb,2,0,2026-09-05T18:00:00Z,Temple,Rhode Island,0.845,1,1,0.845,38,14,49679.0
0x2d37b03f6e5d804ea0754a29f089e8c843375616f0c9e9d3b9302f9e18f67d0d,cfb-sacred-monm-2026-09-05,cfb,2,0,2026-09-05T18:00:00Z,Monmouth,Sacred Heart,0.795,1,1,0.835,31,24,15969.0
0xc421b5eecf1136a69995e4e27e48444aaa3ccc6bf8134eeb9922118593c273b9,cfb-tenst-ga-2026-09-05,cfb,2,0,2026-09-05T19:00:00Z,Georgia,Tennessee State,0.9975,1,1,0.997,63,3,22480.0
0xd46d00efd8c768ca800367653f34538a00864c8193dfb5be4c3e162c8ed7ff16,cfb-bayl-aubrn-2026-09-05,cfb,2,1,2026-09-05T19:30:00Z,Auburn,Baylor,0.7,1,1,0.725,17,16,453132.0
0x61f6a4fe40ecd58ff3dcf96ff4ef362ea69d2e7c0ba1a059aa8c6c0f95fc6189,cfb-boise-ore-2026-09-05,cfb,2,0,2026-09-05T19:30:00Z,Oregon,Boise State,0.9625,1,1,0.945,34,27,380735.0
0xc9ee827b2664d9c0027c65302ca13080914fcf59af1df1b4577262f9f1822eb3,cfb-boscol-cin-2026-09-05,cfb,2,0,2026-09-05T19:30:00Z,Cincinnati,Boston College,0.725,1,1,0.725,34,15,30159.0
0x586196b76131938c1b3ba22921e9bd9ea0232f89cfb52e2ac96dfce1c1b27824,cfb-cita-charlt-2026-09-05,cfb,2,0,2026-09-05T19:30:00Z,Charlotte,The Citadel,0.915,0,1,0.91,41,43,55071.0
0x8518966f638c3b188817cacf8d5d4768ae0ff2890f6d459a2574a177cc4e3c44,cfb-furman-tenn-2026-09-05,cfb,2,0,2026-09-05T19:30:00Z,Tennessee,Furman,0.9975,1,1,0.995,56,9,33007.0
0xefabaceecde105644a40f338c79d4b5fcaa5c2903b4a37120f7bfe97c7089e89,cfb-tulane-duke-2026-09-05,cfb,2,0,2026-09-05T19:30:00Z,Duke,Tulane,0.745,1,1,0.74,17,3,440409.0
0x169ca0dfe41922eb72409445258233cd63c9cda6fcd220aae74f1fa7775e02f7,cfb-txst-tx-2026-09-05,cfb,2,0,2026-09-05T19:30:00Z,Texas,Texas State,0.98,1,1,0.9815,59,7,34361.0
0xae6f5845a8e8cfe8792f6dbcceb846b46e17a2c3e2d87eaedd933a928c12b567,cfb-okst-tulsa-2026-09-05,cfb,2,0,2026-09-05T19:45:00Z,Oklahoma State,Tulsa,0.825,0,0,0.825,10,24,154739.0
0xa4dcfb736c8ba769afd3441787d60bc5c790e95be8ba0fefe66fba85e840180e,cfb-wyom-colst-2026-09-05,cfb,2,0,2026-09-05T22:00:00Z,Colorado State,Wyoming,0.565,1,1,0.5900000000000001,35,13,110924.0
0xe3e5801a5ae5e2d9449f04e4287d374652b3d0f5a0a5e0f8a869209436e06448,cfb-arkst-mphs-2026-09-05,cfb,2,0,2026-09-05T23:00:00Z,Memphis,Arkansas State,0.795,1,1,0.79,42,24,32233.0
0x6e28d9b480ddff0eb381c486d0439ae8c4e2db561576a4c0f1f2a92d983b6895,cfb-flint-sfl-2026-09-05,cfb,2,0,2026-09-05T23:00:00Z,South Florida,Florida International,0.845,1,1,0.84,19,9,10458.0
0x4c825dfe2ce260fc250cecc1d3fec39c5f179e7d54273876c7724ab21af95f4b,cfb-idhst-utahst-2026-09-05,cfb,2,0,2026-09-05T23:00:00Z,Utah State,Idaho State,0.845,0,1,0.83,17,29,12484.0
0xf3ddf21479aadcf7f2f759eb1e51d378fae42f6f33e96460758255dda622f2ea,cfb-selou-sala-2026-09-05,cfb,2,0,2026-09-05T23:00:00Z,South Alabama,Southeastern Louisiana,0.825,1,1,0.815,39,14,32927.0
0x268aefa66cacaf5b5caeca74aa86f753b26d08cf70bb8713918259b184bda22b,cfb-smho-troy-2026-09-05,cfb,2,0,2026-09-05T23:00:00Z,Troy,Sam Houston,0.865,1,1,0.87,24,21,16135.0
0x8370a686af76a7ed85dec2ac3439d2cbbbf800db5bd62204d2e00f822c5bc60c,cfb-nwst-loutch-2026-09-05,cfb,2,0,2026-09-05T23:30:00Z,Louisiana Tech,Northwestern State,0.995,1,1,0.994,80,6,35399.0
0x7967842cc5b8802b3579e60526282bb24b456ecb6a34e30e91169a7704c12b7e,cfb-vamil-vtech-2026-09-05,cfb,2,0,2026-09-05T23:30:00Z,Virginia Tech,VMI,0.9995,1,1,0.9975,73,3,42166.0
0x7a8fab2b45f5a6861a5e5515c140f23d1213f000c32a2a2a5acdf289023a6976,cfb-wmich-mich-2026-09-05,cfb,2,0,2026-09-05T23:30:00Z,Michigan,Western Michigan,0.9675,1,1,0.9655,13,12,287369.0
0x339d090c75d31625acdf314705bc2459cfad318584a605f90ff577342474d49d,cfb-dxst-byu-2026-09-05,cfb,2,0,2026-09-06T00:00:00Z,BYU,Utah Tech,0.9995,1,1,0.996,63,7,31852.0
0xa1011d0cb2ad56dd8bd5a6cffa7ecaacb754bcf144e4df240f05b036f01955d0,cfb-sdkst-nw-2026-09-05,cfb,2,0,2026-09-06T00:00:00Z,Northwestern,South Dakota State,0.825,1,1,0.825,34,18,142884.0
0x74ce546002223185879af518d89fc7a6b2d5268cda2057bbd7f0e3e8043c3386,cfb-clmsn-lsu-2026-09-05,cfb,2,0,2026-09-06T01:40:00Z,LSU,Clemson,0.775,1,1,0.775,51,10,272727.0
0xedbd883fabef750175f183b669671252cc8ced231c48d3534b4363a2eb5369a2,cfb-msvlst-sacst-2026-09-05,cfb,2,0,2026-09-06T02:00:00Z,Sacramento State,Mississippi Valley State,0.9885,1,1,0.9915,52,0,229744.0
0x5d55e68611d18120ef41e8100ac2a3ca5aaac1f8ceb969c6c5514fccb9eb8198,cfb-unlv-hawaii-2026-09-05,cfb,2,0,2026-09-06T02:00:00Z,UNLV,Hawai'i,0.545,1,0,0.575,21,6,619922.0
0xcc97c9f63cf9fb515d257d2e899df0dc3b09fc9d71f122483766f78b18c4e813,cfb-ucla-cah-2026-09-05,cfb,2,0,2026-09-06T02:30:00Z,UCLA,California,0.565,1,0,0.555,45,24,440522.0
0xd33028ce8f3a162adb2fdd4f0b5d8b352090a3f85df10cb6706f0cd4b2cd5a03,cfb-wkent-nevada-2026-09-05,cfb,2,0,2026-09-06T02:30:00Z,Western Kentucky,Nevada,0.505,0,0,0.505,14,49,369850.0
0xef0f0f0f883f101e452512c33291cd56de971612680c8a7ce80cdb11d857b68c,cfb-wcar-camp-2026-09-05,cfb,2,0,2026-09-06T15:00:00Z,Western Carolina,Campbell,0.655,0,0,0.615,19,28,20720.0
0xb61680f13d3fc5f6cb062fa694ed64fd8ea47c7afdb5c71f916631151c84d3b5,cfb-txs-pvam-2026-09-06,cfb,2,0,2026-09-06T16:00:00Z,Prairie View A&M,Texas Southern,0.755,1,1,0.795,52,14,28438.0
0xf470e5e804c004d7b6bf7bd4870481e504c0b0574430530045dd4c6bdbd86f68,cfb-scarst-flam-2026-09-06,cfb,2,1,2026-09-06T19:00:00Z,South Carolina State,Florida A&M,0.89,1,0,0.89,31,13,18621.0
0x76c35ffec5a65d850b744488fa329b4234c9136cfbddf6503ad13d3af9c44fc2,cfb-washst-wash-2026-09-06,cfb,2,0,2026-09-06T20:00:00Z,Washington,Washington State,0.935,1,1,0.925,24,10,387506.0
0xc6b60c03e825b4c742de66d3b391940713f32b65df7d62cb74d729e6d6f566a2,cfb-lou-miss-2026-09-06,cfb,2,1,2026-09-06T23:30:00Z,Ole Miss,Louisville,0.6950000000000001,1,1,0.6950000000000001,41,38,1577644.0
0xe866803ef92ddc1eb54eca0656dbc5fac6df556b4d439e2900a283bd594de0be,cfb-wisc-nd-2026-09-06,cfb,2,1,2026-09-06T23:30:00Z,Notre Dame,Wisconsin,0.915,1,1,0.915,41,13,327308.0
0x4bbce9178be76fb323c1ccc4f81abfc2ce8b78f3cb553ba96b024e0b8782a5d9,cfb-smu-flst-2026-09-07,cfb,2,0,2026-09-07T23:30:00Z,SMU,Florida State,0.585,1,0,0.575,27,24,1321819.0
0x11892972368e8691e53c5f1506ab9f374f54fb662e0a2ce2f1849e2e44679072,nfl-ne-sea-2026-09-10,nfl,2,0,2026-09-10T00:20:00Z,Seahawks,Patriots,0.615,1,1,0.625,13,10,2485968.0
0x717096488997afa5671ff6dbaeeaf2a0b162a9f888fd91536723354de2257267,cfb-flam-mia-2026-09-10,cfb,2,0,2026-09-11T00:00:00Z,Miami (FL),Florida A&M,0.9955,1,1,0.9955,77,7,736365.0
0x5010f84522ade23439a6e7b173896fdcdeea448d9a538127b2f697fcb28a3dfc,nfl-sf-la-2026-09-11,nfl,2,1,2026-09-11T00:35:00Z,Rams,49ers,0.645,0,1,0.645,7,27,3566395.0
0x425730856843bb4194de8ee17449a9db11e6eaeee62825caeff7b915032142e1,cfb-norfst-vir-2026-09-11,cfb,2,0,2026-09-11T23:00:00Z,Virginia,Norfolk State,0.997,1,1,0.9955,59,3,165402.0
0x612ec9f1604474293ea73cb29e45461f797502352c89f4b9143624475ac22a23,cfb-rich-ncst-2026-09-11,cfb,2,0,2026-09-11T23:00:00Z,NC State,Richmond,0.9745,1,1,0.978,73,0,158037.0
0x2f9f701d5a6d5d5ff37b0532eeceb507d39c7a094bade2520cddabc45326026f,cfb-vill-lou-2026-09-11,cfb,2,0,2026-09-11T23:00:00Z,Louisville,Villanova,0.9865,1,1,0.983,59,13,20686.0
0xdcf4f27a48a9dd1b9778b1e3b073e282e49b3f1ec61fccc5242ee3de127db92f,cfb-rutger-boscol-2026-09-11,cfb,2,0,2026-09-11T23:30:00Z,Boston College,Rutgers,0.575,1,1,0.605,28,21,518709.0
0x79d09090e26b320ef2f94b313d3a6d5e3438303579daec53f5f414827a87909d,cfb-missr-kan-2026-09-11,cfb,2,0,2026-09-12T00:00:00Z,Missouri,Kansas,0.655,1,0,0.665,38,21,306626.0
0x88f64b6b0aefd2c6e94ac5dba35f4a41cb5aa74cbef3736d3dfe6956072eaa8b,cfb-albny-liub-2026-09-12,cfb,2,0,2026-09-12T16:00:00Z,University at Albany,LIU,0.545,1,0,0.65,35,13,26352.0
0x989dc4aebe7b9fd0d28d885370beeb2316d8018b08cd37ba5e262b013a406f6e,cfb-applst-ecar-2026-09-12,cfb,2,0,2026-09-12T16:00:00Z,East Carolina,Appalachian State,0.675,0,1,0.6950000000000001,24,27,61506.0
0x9e44556256721d77e5208593e46632cf4d9f771ba0d3bc4e91c1aa41cf1ce16b,cfb-arzst-txam-2026-09-12,cfb,2,0,2026-09-12T16:00:00Z,Texas A&M,Arizona State,0.865,1,1,0.855,48,20,280445.0
0x17025d6abf9a5acb286a113d93283aca8653b96aa831a21ef24af3714e03f14f,cfb-etnst-ncar-2026-09-12,cfb,2,0,2026-09-12T16:00:00Z,North Carolina,East Tennessee State,0.985,1,1,0.982,35,3,38352.0
0xb760fc4f5f3696ccd6a8a04d6c84eede12ca79510f387fcd66b523da47d786cf,cfb-gardwb-librty-2026-09-12,cfb,2,0,2026-09-12T16:00:00Z,Liberty,Gardner-Webb,0.97,1,1,0.955,24,23,44316.0
0x6429e797ca7fb35ca40ca2a70004de7ac87a3dadc41e931d56eadb29bc183e47,cfb-howrd-ind-2026-09-12,cfb,2,0,2026-09-12T16:00:00Z,Indiana,Howard,0.9995,1,1,0.999,55,0,349504.0
0xe55b365b4e7304f5141cedd755fc5548fafce0cb09848d6337737e93ab85fe44,cfb-okl-mich-2026-09-12,cfb,2,0,2026-09-12T16:00:00Z,Oklahoma,Michigan,0.645,0,0,0.655,10,17,1437340.0
0xf38ff5009c4d2e5f92ad388a2aa409c1498e9ab3ea998a7253a3cc5043f950ab,cfb-old-vtech-2026-09-12,cfb,2,0,2026-09-12T16:00:00Z,Virginia Tech,Old Dominion,0.895,1,1,0.895,44,21,161501.0
0x1a537311915440521edf724bc217b60d25af2814863b9ca59d97a0e943592b43,cfb-ore-okst-2026-09-12,cfb,2,0,2026-09-12T16:00:00Z,Oregon,Oklahoma State,0.945,0,0,0.945,31,39,632798.0
0x4ad8726b352f444cd37d84b12e797b10ecd747a45de1ac98058bd4476d5ed9b5,cfb-pennst-templ-2026-09-12,cfb,2,0,2026-09-12T16:00:00Z,Penn State,Temple,0.955,1,0,0.945,27,9,41845.0
0xebca87309d6dbb3691c46f582ddb4e3567407a49f816763947bd9ad3c292d0d3,cfb-sfl-army-2026-09-12,cfb,2,0,2026-09-12T16:00:00Z,Army,South Florida,0.605,0,1,0.6,24,28,140502.0
0x6591819ccb3f7a3654c5bca90567026c5e4eb220f371dee18e51d7e51f8390a5,cfb-wag-jmad-2026-09-12,cfb,2,0,2026-09-12T16:00:00Z,James Madison,Wagner,0.9975,1,1,0.996,87,3,34566.0
0x87d596c92ef0e0835cd091408d30146c8a0e789301b47210a8d767f271f55bb1,cfb-wake-pur-2026-09-12,cfb,2,0,2026-09-12T16:00:00Z,Wake Forest,Purdue,0.585,1,0,0.585,38,36,385554.0
0x721476938cb2192eacfb39b4d142f6ee478e0febb589a57ed17b2ef9d67200f2,cfb-washst-kanst-2026-09-12,cfb,2,0,2026-09-12T16:00:00Z,Kansas State,Washington State,0.885,1,1,0.895,34,7,30496.0
0x202acf25061f786cf1912b01f4130f62bd9ba7df71d04f181a00401855aaa8e0,cfb-woff-kentst-2026-09-12,cfb,2,0,2026-09-12T16:00:00Z,Kent State,Wofford,0.785,1,1,0.815,36,15,28946.0
0x930012537c0689b626805acf75b5289d637af3b3ad1a42fdbc581e4d4ffce82e,cfb-buck-vamil-2026-09-12,cfb,2,0,2026-09-12T16:30:00Z,Bucknell,VMI,0.735,1,0,0.745,14,3,173154.0
0xe317355782172fd1ef607bd4efa1cffe359cebf00173b272be054d7d88cfa1fb,cfb-mrst-lafay-2026-09-12,cfb,2,0,2026-09-12T16:30:00Z,Lafayette,Marist,0.86,1,1,0.795,13,9,10933.0
0x3f816b5383a6d8f58fa96bbdc33d98784eb89edc2c7a63c275f17652df0651c5,cfb-wkent-ga-2026-09-12,cfb,2,0,2026-09-12T16:45:00Z,Georgia,Western Kentucky,0.997,1,1,0.994,70,20,18639.0
0x8ce8f35b68ba0b6ab5b44f8b144c041cf7f547e1d8b2fc93733277ddb67e7780,cfb-colg-cmich-2026-09-12,cfb,2,0,2026-09-12T17:00:00Z,Central Michigan,Colgate,0.905,1,1,0.935,13,10,112533.0
0x9310e6306e18789297cb3e8fdadba64085240c1b04bbb4955e45aa35e2e5d27a,cfb-tmrt-wvir-2026-09-12,cfb,2,0,2026-09-12T17:00:00Z,West Virginia,Tennessee-Martin,0.9945,1,1,0.993,52,7,14763.0
0x089089349eab28967cdb7b96462d5a55b9a57ad27de5422a25041f8b92b1594c,cfb-ala-uk-2026-09-12,cfb,2,0,2026-09-12T19:30:00Z,Alabama,Kentucky,0.765,1,0,0.775,45,17,818356.0
0x96affbea360ccd5a22613073cc9b1bea0ae617a38ccd5cdcb84dcb95dc68a4d1,cfb-arz-byu-2026-09-12,cfb,2,0,2026-09-12T19:30:00Z,BYU,Arizona,0.7150000000000001,1,1,0.725,28,17,80293.0
0xe5b4853f41084d13fcc89869e26ed9c1f45cd4a96837a4b9b097ad4617cb8c4d,cfb-cah-syra-2026-09-12,cfb,2,0,2026-09-12T19:30:00Z,Syracuse,California,0.625,0,1,0.625,18,21,338312.0
0xd04f5a4bca68d868cc3eb294038f5f993bdce26d50cc12e8c4df4a7910635dc6,cfb-cencon-toledo-2026-09-12,cfb,2,0,2026-09-12T19:30:00Z,Toledo,Central Connecticut State,0.9855,1,1,0.985,63,10,103123.0
0x205ea709d281fbb1078afe771bb401828303213aa46f8ec10c074b23df0218a7,cfb-duke-ill-2026-09-12,cfb,2,0,2026-09-12T19:30:00Z,Illinois,Duke,0.6950000000000001,0,1,0.665,27,31,113138.0
0xc55b9d7785b32d9474035dc0bdf6bc1750f66ce28f1e2c6370e301f218bf6181,cfb-emich-mst-2026-09-12,cfb,2,0,2026-09-12T19:30:00Z,Michigan State,Eastern Michigan,0.885,1,1,0.885,35,7,14474.0
0xafa08bc4321ec1e719c99fe12d2a3646b2267a34b286c5509a35be03b1ba7f7c,cfb-lamon-uab-2026-09-12,cfb,2,0,2026-09-12T19:30:00Z,UAB,Louisiana-Monroe,0.755,1,1,0.765,26,20,77460.0
0x889c46478bb44faa3b3e41ec17fe37378ca56623644f3c40dca714cd6bf067d7,cfb-mary-uconn-2026-09-12,cfb,2,0,2026-09-12T19:30:00Z,Maryland,UConn,0.805,1,0,0.805,38,14,27048.0
0x947de29ac16ca1d535d9f9aff43f7b893467824d5bc13f99676293440553828e,cfb-mspst-minnst-2026-09-12,cfb,2,0,2026-09-12T19:30:00Z,Mississippi State,Minnesota,0.505,1,0,0.495,38,13,65872.0
0x8c5aa42135cca162904ec3278e924a811dae52695a3b4c5778063d3e9a7d2333,cfb-rice-nd-2026-09-12,cfb,2,0,2026-09-12T19:30:00Z,Notre Dame,Rice,0.9965,1,1,0.997,52,0,129884.0
0x794e4c0def4d2889fe61665dbe3bcf336223da679a723b8b414163cb4b650052,cfb-sacred-umass-2026-09-12,cfb,2,0,2026-09-12T19:30:00Z,UMass,Sacred Heart,0.915,1,1,0.9299999999999999,37,10,11908.0
0x000748407760f9ec08bdba35494fcc6053b0b8d57527861ab1553850ac285ca4,cfb-ucf-pitt-2026-09-12,cfb,2,0,2026-09-12T19:30:00Z,Pittsburgh,UCF,0.7050000000000001,1,1,0.7050000000000001,12,7,83697.0
0x3ee54a8d72c34142ff34af9d03ec4df20f02218e232af90ade8995022514e44e,cfb-utahst-wash-2026-09-12,cfb,2,0,2026-09-12T19:30:00Z,Washington,Utah State,0.968,1,1,0.9665,16,14,244368.0
0x3463e4f8d977830146b8db5ddef78dfb735a142d93970a434c1129913fbd49f1,cfb-utsa-txst-2026-09-12,cfb,2,0,2026-09-12T19:30:00Z,Texas State,UTSA,0.5349999999999999,0,1,0.5449999999999999,26,31,87030.0
0xa0fb414251ec09a469b98a8f181e020ffa4ee5b27ba07079ea808ed35f1e0e84,cfb-unlv-ntx-2026-09-12,cfb,2,0,2026-09-12T19:45:00Z,UNLV,North Texas,0.575,0,0,0.605,6,44,317809.0
0x50f1c36bb36c70acea9e3f012eb664a4ebcfc802a3f488447681532ffccdfb3f,cfb-lamar-idaho-2026-09-12,cfb,2,0,2026-09-12T20:00:00Z,Idaho,Lamar,0.625,0,1,0.55,17,23,10602.0
0xf9aa260b39ae8e6d99636ed8b27c5ffa4f4a9d2f25c0ac51e375959d8145320a,cfb-ncol-wyom-2026-09-12,cfb,2,0,2026-09-12T20:00:00Z,Wyoming,Northern Colorado,0.935,1,1,0.935,21,13,24234.0
0xef8ce9cac53f62771b0950e395ebc6acd5f0f5e83b80c4dc7393f78566ac7b7b,cfb-del-vand-2026-09-12,cfb,2,0,2026-09-12T20:15:00Z,Vanderbilt,Delaware,0.915,1,1,0.915,35,26,32393.0
0xdb60ce19f9eca8c890cb319b28fad9e42e74c231c02858a70dffca6b21058bf4,cfb-camp-fl-2026-09-12,cfb,2,0,2026-09-12T21:30:00Z,Florida,Campbell,0.9965,1,1,0.9925,52,3,13222.0
0x68dfdaf37abeb8b5bedbfdc25ea7b05a8e707b98fa1a5a101725123996dedd90,cfb-buf-flint-2026-09-12,cfb,2,0,2026-09-12T22:00:00Z,Florida International,Buffalo,0.765,1,1,0.775,33,20,48288.0
0x57ce820525bf4ebd8581e350c286e3f705fb3b90d5c9ed2bdf90786e8a6b1fba,cfb-chsou-cita-2026-09-12,cfb,2,0,2026-09-12T22:00:00Z,The Citadel,Charleston Southern,0.6,0,1,0.515,20,26,12007.0
0x615391de372bab7ebfa0a38150c1d79a0b7b2e5b3d103ba3b07a4633c11b6e00,cfb-jaxst-ohio-2026-09-12,cfb,2,0,2026-09-12T22:00:00Z,Ohio,Jacksonville State,0.5349999999999999,1,1,0.5449999999999999,29,27,105534.0
0xa942958e17013bb01c0c4f72defd1678311eb4fe028f1338be68396400bf61b1,cfb-mphs-boise-2026-09-12,cfb,2,0,2026-09-12T22:00:00Z,Boise State,Memphis,0.765,1,1,0.755,38,20,175687.0
0x55c28d2e4a40b0a2cf65fd741e9f17b3c4cf57fb00118334aaaed0d70dbb7de7,cfb-gast-kenest-2026-09-12,cfb,2,0,2026-09-12T23:00:00Z,Kennesaw State,Georgia State,0.735,0,1,0.745,17,31,24356.0
0xc1ab6a5f3254eba30a20afe8b285b94d0af5af16609bff1678fa40e34da73c49,cfb-illst-nill-2026-09-12,cfb,2,0,2026-09-12T23:00:00Z,Illinois State,Northern Illinois,0.565,1,0,0.65,28,24,21807.0
0xa60733f00d0cc645e3181e86ac32fb5053742df3f84b15f80e74cbf538d63431,cfb-indst-eill-2026-09-12,cfb,2,0,2026-09-12T23:00:00Z,Indiana State,Eastern Illinois,0.605,1,0,0.53,42,35,24231.0
0xd8c207c04bb6367c3c8214c038e00b37510a9cf51b6ef6a8919761dafe348ba2,cfb-mtnst-marsh-2026-09-12,cfb,2,0,2026-09-12T23:00:00Z,Marshall,Middle Tennessee,0.795,1,1,0.815,28,26,232463.0
0x62c04f2bd55753501f5d66e65f682f914a435e907d9bce20d72eb434b2e9fb46,cfb-nwst-txamc-2026-09-12,cfb,2,0,2026-09-12T23:00:00Z,East Texas A&M,Northwestern State,0.885,1,1,0.9,38,14,10474.0
0xbd3da965ca018e4f0f8cf54933d384e7307b117c248ade49c1fa4cfe7d0216f9,cfb-sala-tulane-2026-09-12,cfb,2,0,2026-09-12T23:00:00Z,Tulane,South Alabama,0.765,1,1,0.765,28,24,108494.0
0x8551a11431b182f6e7a3f8539a618f90273ec9ac8b87df02360053aa44836069,cfb-south-hou-2026-09-12,cfb,2,0,2026-09-12T23:00:00Z,Houston,Southern University,0.9935,1,1,0.994,77,6,13055.0
0x4b1fea9184701a277b20f4a7b451b6c0fd2a50840b49980e6d47fd348147b689,cfb-tenn-gtech-2026-09-12,cfb,2,0,2026-09-12T23:00:00Z,Tennessee,Georgia Tech,0.815,1,0,0.815,45,24,101074.0
0x6ab4b4b6eb44b91e11c2720742f92e196f9c21bc886a11fb34ade058c982cd73,cfb-tulsa-smho-2026-09-12,cfb,2,0,2026-09-12T23:00:00Z,Tulsa,Sam Houston,0.815,1,0,0.825,23,17,15328.0
0x3d7027eaeb2c5da355f5917870c750bfc502e2f66f9a338d611d59c200858b4c,cfb-wcar-cin-2026-09-12,cfb,2,0,2026-09-12T23:00:00Z,Cincinnati,Western Carolina,0.9815,1,1,0.9735,62,10,76495.0
0x6d55fc2728d07de69c49e6c0ea8b187600dcaa2363c357e730ecee83f5612b87,cfb-sdst-ucla-2026-09-12,cfb,2,0,2026-09-12T23:15:00Z,UCLA,San Diego State,0.825,1,1,0.815,28,10,150646.0
0xb7c40cd00226b7bbca125d3d2458df898eefb8e165beb389ef031fb88b307124,cfb-gas-clmsn-2026-09-12,cfb,2,0,2026-09-12T23:30:00Z,Clemson,Georgia Southern,0.905,1,1,0.905,22,7,23188.0
0x2d5f2bc71b86769d689db5be2ca5ae537f3337a243f8f298e3c00a06a146b8c3,cfb-iowast-iowa-2026-09-12,cfb,2,0,2026-09-12T23:30:00Z,Iowa,Iowa State,0.845,1,1,0.845,16,13,170355.0
0x6ecb8400937e46e5227a4950baf732776b7bc7398988e9fd0ceb5304f229310c,cfb-navy-flatl-2026-09-12,cfb,2,0,2026-09-12T23:30:00Z,Navy,Florida Atlantic,0.645,0,0,0.645,30,38,14864.0
0x8bbef2e02646724981fb9847906c7e549975ce502277754e16a0c4b8cc1eaa18,cfb-ohiost-tx-2026-09-12,cfb,2,0,2026-09-12T23:30:00Z,Texas,Ohio State,0.5449999999999999,1,1,0.525,24,23,1659243.0
0xa25c5b2192764caa290cf1431c1ac7f2fe9c9a08cc212d418690f38b70b98ff7,cfb-txtech-oregst-2026-09-12,cfb,2,0,2026-09-12T23:30:00Z,Texas Tech,Oregon State,0.955,1,0,0.945,35,24,94991.0
0x4caada26c63ed4f8176e84744ff6cabc32397f01655acf1ee5f7b88a0737d735,cfb-charlt-miss-2026-09-12,cfb,2,0,2026-09-12T23:45:00Z,Ole Miss,Charlotte,0.9975,1,1,0.997,41,9,82900.0
0xe7a7815dc1bfbbfeadd6b7b7c6dd550f910ba2055e3cb3c3a97db52a1b8c4a58,cfb-grmbst-tcu-2026-09-12,cfb,2,0,2026-09-13T00:00:00Z,TCU,Grambling State,0.997,1,1,0.994,63,7,138958.0
0x95c0a1e4fba2aac7e6b2d6428259acfb9f5615fc42adbe9a74e8043ea22fd67a,cfb-calpol-sjst-2026-09-12,cfb,2,0,2026-09-13T01:00:00Z,San Jose State,Cal Poly,0.925,1,1,0.915,30,20,70666.0
0xec4fd955aae69626d9e23fd6ac0568f577ebce95ede5c51688b8419a59776991,cfb-txs-utep-2026-09-12,cfb,2,0,2026-09-13T01:00:00Z,UTEP,Texas Southern,0.9485,1,1,0.954,51,10,13545.0
0x0c8fe9d18387c60f3f47b738f6bad5d967150fea770217391b4fd848dd9cccd0,cfb-ndkst-airf-2026-09-12,cfb,2,0,2026-09-13T02:00:00Z,North Dakota State,Air Force,0.525,1,0,0.535,38,32,197304.0
0x70e4db596762849b01b5fe04ff1a7945a1fb96d1dd75d0566fea7d14b1d79846,cfb-ark-utah-2026-09-12,cfb,2,0,2026-09-13T02:15:00Z,Utah,Arkansas,0.825,1,1,0.8049999999999999,43,10,101725.0
0x1236cac78c4c7d0425542449efe31730157ca4ea3e79b58f717da1b999ec76e6,cfb-monst-nevada-2026-09-12,cfb,2,0,2026-09-13T02:30:00Z,Montana State,Nevada,0.655,1,0,0.605,20,7,163909.0
0x6f44b72109e03f37a1c12562b3f20d7b7bc992812fdf17eedfe541fae889c4e3,cfb-sacst-frest-2026-09-12,cfb,2,0,2026-09-13T02:30:00Z,Fresno State,Sacramento State,0.885,1,1,0.885,49,3,12979.0
0xe9597f276a4ee812bdf943451ecc610627b43d9bfa77fa42c27bcefb463dafb9,cfb-loulaf-usc-2026-09-12,cfb,2,0,2026-09-13T03:00:00Z,USC,Louisiana,0.9805,1,1,0.9785,49,30,12744.0
