condition_id,event_slug,game_start_utc,cutoff_utc,away_token,kickoff_price,minutes_before,day_before_price,points,home_token_kickoff_price
0xc350c67905c6c3b294f7d0296a27af3b221f2f53ace61817281ef9bd2f7ae059,nfl-mia-atl-2024-08-09,2024-08-08T23:00:00Z,2024-08-08T23:00:00Z,84782319822701372418020774321247147364923197582699680151900156404141954967193,0.425,1.0,0.445,1440,
0x2c9e06b6e56eb626beea2493361a7eed6d6f5225ae11f1039a441bdb38ddbcb9,nfl-ne-car-2024-08-08,2024-08-08T23:00:00Z,2024-08-08T23:00:00Z,54845426279977410835074011280121730103859577465356121442696230233180477514766,0.72,1.0,0.725,1440,
0x1e4cc8b71d164b61c11a01e20050cc89a4a614a24c1091c14aa9adc05896b05c,nfl-nyg-det-2024-08-08,2024-08-08T23:00:00Z,2024-08-08T23:00:00Z,74690884199765406076012261487902653084988697638977488876001290300099066944474,0.645,1.0,0.625,1440,
0x1e0e3376d6e50157035c946bbc714815af44b9f017a454f91c2df93e7221bfe8,nfl-pit-hou-2024-08-09,2024-08-08T23:00:00Z,2024-08-08T23:00:00Z,99414131493497876580013603382579414801939663361290293421785813507902141059074,0.445,1.0,0.455,1440,
0x7613667579785d4f6e981e78d81099bb48af4c8a37f3f54aafaabd629691511c,nfl-bal-phi-2024-08-09,2024-08-08T23:30:00Z,2024-08-08T23:30:00Z,58635080483157066746693733711249022664096895589944567454135870801207475802986,0.475,1.0,0.465,1440,
0xd46869ee4d90141f2fab3a40738a0edb33fe94e2d355d08aa4de978247f5aab4,nfl-nyj-wsh-2024-08-10,2024-08-10T16:00:00Z,2024-08-10T16:00:00Z,108645642441514902129865528329972993910791501048303871673421008008303011070540,0.415,1.0,0.415,1440,
0x41c0924d37aeb35920ca4d1678f54adf62091ef2cdf4ecd0b5b14ab8a94a4cb4,nfl-buf-chi-2024-08-10,2024-08-10T17:00:00Z,2024-08-10T17:00:00Z,42992609268953340650434555444177533413443035964092571550700726059654946099891,0.585,1.0,0.535,1440,0.415
0x0d8cbc863ef16e86b99663877df5b7c636a76168ee3eb042a9a66967c4de150f,nfl-min-las-2024-08-10,2024-08-10T20:00:00Z,2024-08-10T20:00:00Z,1651462181290356896381651467154010534670925125016793850849443913703200931529,0.4,1.0,0.39,1440,
0x990dde5becba8babe20283331f3bdaccc711022f5c578bfd1c03af958dec40a4,nfl-cle-gb-2024-08-10,2024-08-10T20:25:00Z,2024-08-10T20:25:00Z,41099427276406301514637012344744341115521211459478028605337309128657147223980,0.815,1.0,0.695,1440,
0x3e3a32ceb5076f7659a8a66b4ed8324fbf9f80c2439bbe53ccb16b30fed1e0a0,nfl-cin-tb-2024-08-10,2024-08-10T23:00:00Z,2024-08-10T23:00:00Z,22366991165951249823187878798081390753430317190079230985098096684507546686188,0.69,1.0,0.69,1440,
0xba8ef02cc8e9819d8d46954f568d98abd1d43cc5d4647eb916020a79a5a5d20f,nfl-jax-kc-2024-08-10,2024-08-10T23:00:00Z,2024-08-10T23:00:00Z,90943405455376544824926683621839963203149883718648635847158071297023283333091,0.705,1.0,0.515,1440,
0x0ad68cef63e0d6fc1700ca4ea272a70c409e1a52ce93a6cc6373f711dba7f1d5,nfl-ten-sf-2024-08-10,2024-08-10T23:00:00Z,2024-08-10T23:00:00Z,22104130472177828026697190670257838460437241105572312016566637708724705181178,0.695,1.0,0.675,1440,
0xa50376835907c3e8a4a5c71920b3603933cf9e4e52607c751dae5142cf670c40,nfl-lac-sea-2024-08-10,2024-08-10T23:05:00Z,2024-08-10T23:05:00Z,38344266540775944157909813787579223413239554485221332263919664109867651150130,0.605,1.0,0.4,1440,
0xf560a49cec303d35f21cbfe9e15f854fb5a4438d374f4835213042b7ce4b8b83,nfl-ari-no-2024-08-10,2024-08-11T00:00:00Z,2024-08-11T00:00:00Z,65716471656297055170127208946093500741541347908119250515706774410253604633485,0.32,1.0,0.435,1440,
0x4767200a3408052dbd2a28f00b4eab336eb8fab551093529d7314e9d4604a3f0,nfl-ind-den-2024-08-11,2024-08-11T17:00:00Z,2024-08-11T17:00:00Z,58475458840823181620946181788662303518668666918449783139197591797048209007491,0.535,1.0,0.52,1440,
0x50b55c2f36de0c195b944b569824f1e6239d8a16905c8e85dee272a7514e96ac,nfl-lar-dal-2024-08-11,2024-08-11T20:30:00Z,2024-08-11T20:30:00Z,71103298443938986491314080805640065254295319529540573424228647001611116260012,0.325,1.0,0.345,1440,
0xdcc5d1482abf4ed554b1efdfce19a82bd04edc346d4afb79051d943c6959dde5,nfl-ne-phi-2024-08-15,2024-08-15T23:00:00Z,2024-08-15T23:00:00Z,2679955851603062960555404472574405800294164802437788353585300184007116597118,0.605,1.0,0.57,1440,
0x5f1043f4ce5bf0fe03ad5e4735850301126fb2d1216ad7b7573195a290b62865,nfl-bal-atl-2024-08-17,2024-08-17T16:00:00Z,2024-08-17T16:00:00Z,87605209628578543551659074787229454002586674236272334043648437037666333495301,0.56,1.0,0.535,1440,
0x57d1dfc8ca922ecfe16667986df35fc388a97f049d348c194f625ab13ed0154d,nfl-chi-cin-2024-08-17,2024-08-17T17:00:00Z,2024-08-17T17:00:00Z,22689465066954853116275910631952310666733199665879977862431164108303277400563,0.71,1.0,0.695,1440,
0x9701113c83ca981a88f6ccec69bf84663e4fa7f01d10afd868525f83869f063e,nfl-hou-nyg-2024-08-17,2024-08-17T17:00:00Z,2024-08-17T17:00:00Z,11181192370917769629879742366586643273898257297519721610397677526511329873684,0.555,1.0,0.59,1440,
0xd065c173a6bffdc34729032db34910d0672b834bb2ebee10e835896f2d434342,nfl-kc-det-2024-08-17,2024-08-17T20:00:00Z,2024-08-17T20:00:00Z,18826653548486584325512231638722408856145884923916580481299652328817208252186,0.775,1.0,0.725,1440,
0xec6411ce19f9d29c5b4a7465a848b22a1fd638a8a8fe496f30ff10b6d0811248,nfl-lac-lar-2024-08-17,2024-08-17T20:05:00Z,2024-08-17T20:05:00Z,69059620830672534765270150155808164082340338686463658818632227189435044888576,0.62,1.0,0.57,1440,
0x72518793d4b046de4d936caa9da59d4e69cd47ee0bbf985b1a4ee6a76efcdd5a,nfl-cle-min-2024-08-17,2024-08-17T20:25:00Z,2024-08-17T20:25:00Z,84771412628439539997679703929846930413037170547394186131756062487183654615112,0.585,1.0,0.605,1440,
0x7fda23e1a1c7476ece931a79f4a92fa2a4a41f8536c16e5abb02bd0fd317e622,nfl-car-nyj-2024-08-17,2024-08-17T23:00:00Z,2024-08-17T23:00:00Z,60718204776208459251879244025830311809681799766154215274094622058772783871666,0.555,1.0,0.485,1440,
0xf2bcd3865b1fba3de43071a0b4dd3d44291e1f16369a1f268c791b75af4caeeb,nfl-ind-ari-2024-08-17,2024-08-17T23:00:00Z,2024-08-17T23:00:00Z,99638088881781400189043378868207815641636245900931913244261622621408726735317,0.45,1.0,0.57,1440,
0xd8539357e014b7d3c37786f1a2262c0f898643ba4b1043dfef2764e65a4bd773,nfl-mia-wsh-2024-08-17,2024-08-17T23:00:00Z,2024-08-17T23:00:00Z,94141666434182868508041495082375208513036986942058034844560315182675288429208,0.655,1.0,0.67,1440,0.345
0xb6c45df45afa17cc21abd3af127d0540c4c51204342ae69eac432f0d178ae0cf,nfl-pit-buf-2024-08-17,2024-08-17T23:00:00Z,2024-08-17T23:00:00Z,36665737470174812703215690108496387660941508772449020048516665604986569662950,0.59,1.0,0.54,1440,
0x3e5d40fcb2c79f084acc7e176ec5ce529c2a388530ad488e4778be3610f79c5f,nfl-ten-sea-2024-08-17,2024-08-17T23:00:00Z,2024-08-17T23:00:00Z,59968721770986019075150039630283970393022368852265526379485777457688555019172,0.46,1.0,0.46,1440,
0xbf2ecb2b64da976757a8a3bf62475fb1d912f7b3a097b3ec3c92694d5710e60e,nfl-jax-tb-2024-08-17,2024-08-17T23:30:00Z,2024-08-17T23:30:00Z,71379615822678669773963089636442499743043917409768931714681144800746248568296,0.635,1.0,0.565,1440,
0x970d0ca607116afdcca224523c90ce658702d8e2e49239503845e1e6099cda95,nfl-las-dal-2024-08-17,2024-08-18T02:00:00Z,2024-08-18T02:00:00Z,89509078716838829246210136248451391094666222393602870607574497621021377300413,0.71,1.0,0.72,1440,
0x884c5de214280e76b56291f82d5aecc193a95b71e893478074950bdb0a9f5b00,nfl-den-gb-2024-08-18,2024-08-19T00:00:00Z,2024-08-19T00:00:00Z,24942796598167261315039692621049821556297996087530585151224642142248371480841,0.71,1.0,0.735,1440,
0x2ed1602eb5bf33927d77bdde59f90de9b4ee2752d6de714b3a4b8abbeed450bf,nfl-sf-no-2024-08-18,2024-08-19T00:00:00Z,2024-08-19T00:00:00Z,103073519679584942549835294959623989097374644364606817167507729459708021600658,0.48,1.0,0.525,1440,
0xe2da54b2f6d553085bf7091ac0b6739bce0fc0c5c44648f77395e4b58e5aa93c,nfl-cin-ind-2024-08-22,2024-08-23T00:00:00Z,2024-08-23T00:00:00Z,31116200044015332426540601235551032485681192952382406167428098656027987003623,0.27,1.0,0.29,1440,
0x76e42239de73b10966339de8272649e336f2a0357f669b61234252fcc644dea7,nfl-kc-chi-2024-08-22,2024-08-23T00:20:00Z,2024-08-23T00:20:00Z,60652116785962799931448844446197974517542905119232649206326208540819972907902,0.43,1.0,0.47,1440,0.57
0x43b923284854c7a6b56dd88b855363155c228b6442d1faea064f6daa58c287df,nfl-atl-jax-2024-08-23,2024-08-23T23:00:00Z,2024-08-23T23:00:00Z,88829886921067695176857456241604014195240683754025250170831976150979276402942,0.23,1.0,0.265,1440,
0xb0151072ad9cb68b4f13b9a5ab8aac12767551f1c85a9f254f8cf5a8314e9e9c,nfl-tb-mia-2024-08-23,2024-08-23T23:30:00Z,2024-08-23T23:30:00Z,52941990486650247154954758304250953883179894825855200472379966242475768745183,0.62,1.0,0.6,1440,
0x1044aa08aff25e27c01d9faa26e007abd463efdfa85c176e007dae2db6658af7,nfl-las-sf-2024-08-23,2024-08-24T02:00:00Z,2024-08-24T02:00:00Z,37931090415497441776089099285075521621235113997621964445731164609474857513550,0.22,1.0,0.26,1440,
0x7a2f53799cb7bc9535aec3ee7b582040c830507196c6ecd773102f08e21e3493,nfl-buf-car-2024-08-24,2024-08-24T17:00:00Z,2024-08-24T17:00:00Z,1790132498040397538934592900738818879490520086902855596859775163708438401321,0.33,1.0,0.335,1440,
0x8aa01c2023dec214914bb4b80d48ab4a0c48cdc2d99e055f566936423f16b999,nfl-det-pit-2024-08-24,2024-08-24T17:00:00Z,2024-08-24T17:00:00Z,6070392997123912117922519765835922301247583586681059292962960128415701098317,0.25,1.0,0.265,1440,
0x6bfc0bc891c69a2bdb32cbd9712df1a3401b63e30f3d689013606248b88308bf,nfl-gb-bal-2024-08-24,2024-08-24T17:00:00Z,2024-08-24T17:00:00Z,30591613641237492157737429672931129180787113010260011175763330305503061573434,0.57,1.0,0.585,1440,
0xd22e5e61d706d872b0227f7bf2c6f16a1b04a99cee1a645995e2d935d5d719c0,nfl-hou-lar-2024-08-24,2024-08-24T17:00:00Z,2024-08-24T17:00:00Z,29702652788674585083820987106457070109496936175123780047784881551048831943054,0.665,1.0,0.645,1440,
0xd7d0a90ed9ce9a2dc531dda0b0dc2686370bf75de3a6cc48a64548e4fabb2d64,nfl-phi-min-2024-08-24,2024-08-24T17:00:00Z,2024-08-24T17:00:00Z,111647890791975692571544090229980959528092459221704924223602960119554605264466,0.595,1.0,0.545,1440,
0xe990f0940fba8098df9da1199572ba8bb303c8bd9d91a61db86b9e041377f477,nfl-dal-lac-2024-08-24,2024-08-24T20:00:00Z,2024-08-24T20:00:00Z,31547873387021903039830675187002586346621464311041613702958583332382100041931,0.64,1.0,0.65,1440,
0x89ec43443f68e7c9272dc64350883bf164522e50bb83784399bc899388cb656d,nfl-nyj-nyg-2024-08-24,2024-08-24T23:30:00Z,2024-08-24T23:30:00Z,84181681878080066537871280364603454652564485101196169056019421098349201443739,0.44,1.0,0.435,1440,
0xc2e3c69f9509b28c8b1fa36914541acc372dbbd9be23ad943db18b5d51b0e57d,nfl-sea-cle-2024-08-24,2024-08-25T02:00:00Z,2024-08-25T02:00:00Z,15114916149416163997709329441653271093072499745658989212537288463646186212820,0.67,1.0,0.495,1440,
0xc206473e788a1d8f149e1f382284b9a15d8ad3c321598eb44a2d8f5c1b37cac6,nfl-no-ten-2024-08-25,2024-08-25T18:00:00Z,2024-08-25T18:00:00Z,58186775167342942555788962415357639681229453330408569424383326244092414585506,0.32,1.0,0.355,1440,
0x638f8aed0408872de787a6a43ceba228077f0f7e30293e851698f7c41513799c,nfl-den-ari-2024-08-25,2024-08-25T20:30:00Z,2024-08-25T20:30:00Z,79729109069249918338915537339873031325599027633899340406949010335875484920881,0.58,1.0,0.62,1440,
0x79d3128ebb405b12f275bfaca69eee3c0670bb314e9460fb1c0547ec9a356e21,nfl-wsh-ne-2024-08-25,2024-08-26T00:00:00Z,2024-08-26T00:00:00Z,67422987557595372755204980100871379620763459415349115683743632129693236119095,0.27,1.0,0.28,1440,
0x67fa536f0656849558b515fc5ea695dddb24a3677315c00517b25390ada9531d,nfl-kc-bal-2024-09-05,2024-09-06T00:20:00Z,2024-09-06T00:20:00Z,93583096793458720936396063310390151745460209441936203011670936763085362246087,0.575,1.0,0.585,1440,
0xabb102227925a54804e3bf05e074e8065251bd34d23ded396252118b891216aa,nfl-phi-gb-2024-09-06,2024-09-07T00:15:00Z,2024-09-07T00:15:00Z,49581381976095807718662547653879616715048108312745540015613978560946514239223,0.535,1.0,0.555,1440,
0xbf9e9ec65dde46de974233c8521c11900ed79c5d5a7efa7f5e057a799e6ac075,nfl-atl-pit-2024-09-08,2024-09-08T17:00:00Z,2024-09-08T17:00:00Z,11179500931655122414645073056402888397017376305719257113340080759524319565861,0.645,1.0,0.645,1440,
0xf3a8040acb7eaad81bb683dce8abb999921114c8a20003b745db93a8b8c23e3e,nfl-buf-ari-2024-09-08,2024-09-08T17:00:00Z,2024-09-08T17:00:00Z,27374276598750074799988410888527008308141575622131491431154919493734502070646,0.725,1.0,0.715,1440,
0xe9f3b8c276c31b82fafc0664892ec1418973a8a2b42804bd9533571288cff543,nfl-chi-ten-2024-09-08,2024-09-08T17:00:00Z,2024-09-08T17:00:00Z,91283733601105392451742832389121770922091596286883826016609666464495260540177,0.65,1.0,0.615,1440,
0xb660bc7638057be462e8a0a5d902e4a4067165ecc478128e2722aa430c29dc4d,nfl-cin-ne-2024-09-08,2024-09-08T17:00:00Z,2024-09-08T17:00:00Z,80264926210385240450932393240521502390884943353915747855989636342728177339354,0.775,1.0,0.775,1440,
0x216c3740661ac7f68a60c329fb7ee648553b995b04efa865d7e1c1388c46acb8,nfl-ind-hou-2024-09-08,2024-09-08T17:00:00Z,2024-09-08T17:00:00Z,114355180014055442077322641854709113469939326670572904757810633851298892251327,0.405,1.0,0.405,1440,
0xc56a15f5807c6b385c4455ae939f0c4eaa188cb3864dc42431227d64520cea04,nfl-mia-jax-2024-09-08,2024-09-08T17:00:00Z,2024-09-08T17:00:00Z,53674873009247784558863159861649480741006737101564838222966943959266767577316,0.635,1.0,0.615,1440,
0x33b9d78c22e386934619b56f364add2575bd52ee65efce66d81cb2b9ce02d176,nfl-no-car-2024-09-08,2024-09-08T17:00:00Z,2024-09-08T17:00:00Z,74279864874936078948792575948561280021757625787477825079869080712754442877385,0.65,1.0,0.645,1440,
0x9cbf74b70ecf4fa8b5012f32a51eaac13dff8375b953d28168cbf6d5f7147ea4,nfl-nyg-min-2024-09-08,2024-09-08T17:00:00Z,2024-09-08T17:00:00Z,54898559574569758201288400751448576638995469811862590070337680240875276075473,0.5,1.0,0.46,1440,
0xffc57722ef27e8bd300466527140b98650feb700f47e25b0242a4e8e2f55ded1,nfl-lac-las-2024-09-08,2024-09-08T20:05:00Z,2024-09-08T20:05:00Z,101057355976215921530440557336293061108002456316126784531233412173539580454755,0.59,1.0,0.595,1440,
0x8a01543e2814dce9a9ea5a01af633656db4c799058c5c61e3b66fb6a51749e2c,nfl-sea-den-2024-09-08,2024-09-08T20:05:00Z,2024-09-08T20:05:00Z,47271507860924671583457492959834005212671722727984746449008463093263446098983,0.715,1.0,0.705,1440,
0xbb7f1a9cc64c8a6a2716984b7bc476f2187eac544bc761322cb25466c3411af1,nfl-cle-dal-2024-09-08,2024-09-08T20:25:00Z,2024-09-08T20:25:00Z,1476489963999582274555126986199396072098018636742345859007526219808638504506,0.525,1.0,0.565,1440,
0x4184b911bde81c5dec5a972626640ebcd522eb2e47f5dccbf2d77f229d4f6ed9,nfl-tb-wsh-2024-09-08,2024-09-08T20:25:00Z,2024-09-08T20:25:00Z,12622445984199730142334075459281469800108731482574713288487734954301942809464,0.655,1.0,0.63,1440,
0x1d517b0f8156207d3cdbd6a8691de86f2b013b3812c216100203c91f75ff08bb,nfl-det-lar-2024-09-08,2024-09-09T00:20:00Z,2024-09-09T00:20:00Z,80969616619271538564849605624625362466377119827018769489761801443495292740650,0.71,1.0,0.665,1440,
0x5906417c5adbafee37c4ecbb89a5ec860930a135d42a9f18ad1163ed7b08539a,nfl-sf-nyj-2024-09-09,2024-09-10T00:20:00Z,2024-09-10T00:15:00Z,89739113260723644594011944005027077239132559546592326789289449299426566223790,0.635,1.0,0.645,1440,
0xca4898518746987457d80d96f7531b918414f8b1b9d361e6d011461d07201be4,nfl-mia-buf-2024-09-12,2024-09-13T00:15:00Z,2024-09-13T00:15:00Z,13044428917325405452037610189017123896429534771271596356378551637470183968424,0.555,1.0,0.56,1440,
0xfec0062eb32622dd29fd82d3e6e90e4907021e166636b915880d3085c0a7751d,nfl-bal-las-2024-09-15,2024-09-15T17:00:00Z,2024-09-15T17:00:00Z,42400599501443622997996213115322814244504647478634912191199108681271941328451,0.805,1.0,0.795,1440,
0x99e65b09100575db283ecae76910312cbd66c1d4fe9e2459a22135bb51a7077e,nfl-car-lac-2024-09-15,2024-09-15T17:00:00Z,2024-09-15T17:00:00Z,22033354316291579033388809060347345719765672394244179655868426513015507844812,0.33,1.0,0.315,1440,
0x017df324230a7e4f2792536319803e995afac1e3d8b2da946612d5a5233f7d41,nfl-dal-no-2024-09-15,2024-09-15T17:00:00Z,2024-09-15T17:00:00Z,74064957655343289847077609039818146207974732565313911093259498584482757438182,0.715,1.0,0.71,1440,
0xb8af154cab512b8323367dba0620040f1c39281b2f66e36f4f3559814dd015c4,nfl-det-tb-2024-09-15,2024-09-15T17:00:00Z,2024-09-15T17:00:00Z,103600844910067274993902652509585787111928426872086391398506048930595549132839,0.765,1.0,0.76,1440,
0x62a027ebe52693150b0bf6fffe69ed065ef269ae392418576abcd8df3fe521a3,nfl-gb-ind-2024-09-15,2024-09-15T17:00:00Z,2024-09-15T17:00:00Z,4285891354192796975343171569141871018200682712044056344851335991839278817905,0.445,1.0,0.43,1440,
0xc72e7716ef254edc034a6c25ab6d8791ee9f858394851c6de00e24cf774d6024,nfl-jax-cle-2024-09-15,2024-09-15T17:00:00Z,2024-09-15T17:00:00Z,42535660663897228916088359538021002122197121489819965157337106718147566605946,0.61,1.0,0.595,1440,
0xa84e39e7407fe99b0bd40044ebb384bca68b74bc0ddc47a771e9feeb0b262c02,nfl-min-sf-2024-09-15,2024-09-15T17:00:00Z,2024-09-15T17:00:00Z,5879412196002770882280425193209188735618104206038170141499682091270553504657,0.34,1.0,0.325,1440,
0xe65e20750773b7d1d006b90697b0affc8946cbc673c4f921b08f14f8fc70ad3e,nfl-ne-sea-2024-09-15,2024-09-15T17:00:00Z,2024-09-15T17:00:00Z,249051146183692542830715497213377241156274349876067798810092273222198916148,0.4,1.0,0.38,1440,
0xf77eb0eefbb6f4f3160b1a7bae3da902f1297786be7cb74797c2788f3c1dd444,nfl-ten-nyj-2024-09-15,2024-09-15T17:00:00Z,2024-09-15T17:00:00Z,12449374569795498871977806080663330544620145043393621367887337548163398183957,0.355,1.0,0.365,1440,
0x1de298f909a4d4b4b42c2f428c5d028dbc0c8c606cfd692aa116c69a4ab63346,nfl-wsh-nyg-2024-09-15,2024-09-15T17:00:00Z,2024-09-15T17:00:00Z,65455367686987871671311324600569148744447877251627244914729048029379288926857,0.525,1.0,0.53,1440,
0x31233564f67d76c00bd9fe2bf0d4fd9490d0988d2633bb5303088ac86a9782b1,nfl-ari-lar-2024-09-15,2024-09-15T20:05:00Z,2024-09-15T20:05:00Z,84928361248772696000374633724262319799413939799264258264371236294618622040133,0.485,1.0,0.51,1440,
0x4ba4df57f1b400a5eeb1ac62f2e684bca2f3bc5843b9f2f07125334f4f7747dc,nfl-den-pit-2024-09-15,2024-09-15T20:25:00Z,2024-09-15T20:25:00Z,35296130173094475160325086684369881612230103655205220486555711658911392575894,0.42,1.0,0.43,1440,
0x0f57082a94f7dc3c3bd2bea1dc5f55c7b3f4b1886254027ba1ac314d40bf201f,nfl-kc-cin-2024-09-15,2024-09-15T20:25:00Z,2024-09-15T20:25:00Z,12355987512877429673929504340401012335986334862167202722803591485179314630846,0.725,1.0,0.705,1440,
0x83c0226137dd64d6bfc583aebd16950e4d16ddc6a6da785dcd5c3805dff2d0e6,nfl-hou-chi-2024-09-15,2024-09-16T00:20:00Z,2024-09-16T00:20:00Z,77256366755125285369836434435184575008231295755176594003330753914116258738262,0.725,1.0,0.72,1440,
0x54eff4c60c8b11048ba974f9bb96234b682c2c565b645b4edecc6234c5ae5cda,nfl-phi-atl-2024-09-16,2024-09-17T00:15:00Z,2024-09-17T00:15:00Z,74541810964973803044433154422821612306893626839776760913199568079403776568923,0.695,1.0,0.705,1440,
0x5bb5af1799c00bb0457265306e8d86853e502497923a0eb4e6704d3b296b8d96,nfl-nyj-ne-2024-09-19,2024-09-20T00:15:00Z,2024-09-20T00:15:00Z,34413692082042863139763762306907271908856060022517713988312003715279562149329,0.73,1.0,0.705,1440,
0x073c48ea05aad528c3e0fa72629550c7256a54b9b5646adbc259627535a752ba,nfl-cle-nyg-2024-09-22,2024-09-22T17:00:00Z,2024-09-22T17:00:00Z,113391109160241173047484508429998767602071383462077810072713706746592644233637,0.725,1.0,0.715,1440,
0x18eaf2284aac18152bef60a8d60bc67baa806e9f13676b395f7922bd70b4589d,nfl-ind-chi-2024-09-22,2024-09-22T17:00:00Z,2024-09-22T17:00:00Z,25419709852736631244083767511939004562811996430131023675819850006992736363743,0.545,1.0,0.515,1440,
0xdf1b68ea6212c051591e189caee9545d1ce132aa9384f41d5b4116222b94d2b3,nfl-min-hou-2024-09-22,2024-09-22T17:00:00Z,2024-09-22T17:00:00Z,29070926232220986269472494225672105354295235965055895559699792845169587469911,0.47,1.0,0.465,1440,0.53
0x105d010dd18eefdfa9a45230586dc7a436b90130c1482f61e118789d38e794cf,nfl-no-phi-2024-09-22,2024-09-22T17:00:00Z,2024-09-22T17:00:00Z,97708467162825368939450855855786489626752724343902103764831254229298126312488,0.575,1.0,0.575,1440,
0x15642633c4a040c162082a2a0ef533aa98fd1e36703b29522002676a646243d4,nfl-pit-lac-2024-09-22,2024-09-22T17:00:00Z,2024-09-22T17:00:00Z,43296157556608263390149665343968598742766144561999559730325008913065121820404,0.57,1.0,0.585,1440,
0x103fa51edb3629ddfa0454dfd2521b9dd595c13f0f48434ab5325f897c36a5cf,nfl-tb-den-2024-09-22,2024-09-22T17:00:00Z,2024-09-22T17:00:00Z,33204400898491466271041864737209711450178440265984858947504344745678310742352,0.705,1.0,0.715,1440,
0x34e342f2f3c299d78c0728b9f72ebbcb0eee597345f98e163c3b673b9308a39d,nfl-ten-gb-2024-09-22,2024-09-22T17:00:00Z,2024-09-22T17:00:00Z,42518522135102778833443573455504226258146980982373982288669794709111768675000,0.595,1.0,0.575,1440,
0x8abe25bd661e0c22c57c64be6c7dfb86ca9f35ba7c9cd48b828b4b03d45ea057,nfl-las-car-2024-09-22,2024-09-22T20:05:00Z,2024-09-22T20:05:00Z,7775108952134391711872408167058312180542523782817728412178337712904916916693,0.695,1.0,0.695,1440,
0x884bff7c5d6501c00b5172fbd314f404f6016033005a9a5f14daa57731e37022,nfl-sea-mia-2024-09-22,2024-09-22T20:05:00Z,2024-09-22T20:05:00Z,63850771438416072132716060106393835041917755972381034701879526697104380733393,0.655,1.0,0.665,1440,
0x7c8ebb1e419333ac91793baf21b277d9d7c06f402340c0047d3ac092742d8aad,nfl-ari-det-2024-09-22,2024-09-22T20:25:00Z,2024-09-22T20:25:00Z,35649644718845736066716696379423636921054349243236429195236350438081946643868,0.415,1.0,0.425,1440,
0x37c117260de106df94b971e3fe99ffde3d3cb58a693aa36fdb881602c942f850,nfl-dal-bal-2024-09-22,2024-09-22T20:25:00Z,2024-09-22T20:25:00Z,47239660289944302771189699278980733775890102688980067689534458427339577712216,0.465,1.0,0.485,1440,
0x2857c3220d39c5027597520757d2656eeb76bb400fcc02c18065745935df81a2,nfl-lar-sf-2024-09-22,2024-09-22T20:25:00Z,2024-09-22T20:25:00Z,50985070471752244954726744229723028770444884823361727849109295458013327673286,0.285,1.0,0.275,1440,
0x05d4740cce1eca97cd4729f8195793bbb086420feddb68b24df1a43fc8d93a2b,nfl-atl-kc-2024-09-22,2024-09-23T00:20:00Z,2024-09-23T00:20:00Z,115117736756607804655339032450893844546760294297242299196293610822616985027152,0.395,1.0,0.395,1440,
0xdf8ee7efcddc952e3b2f0ad127bf368b6f5866041ed448b9478b46cf407a37ee,nfl-buf-jax-2024-09-23,2024-09-23T23:30:00Z,2024-09-23T23:30:00Z,87621384332039699595140931462154322909181322631030002584090620775722344937903,0.675,1.0,0.69,1440,0.325
0x0acb9c9e2267f849236855b919dbf4be7ab44bfa8ac30a813580404cdee8c459,nfl-cin-wsh-2024-09-23,2024-09-24T00:15:00Z,2024-09-24T00:15:00Z,99214839001630489850259700051019075364377832612326792155969335299208798280574,0.76,1.0,0.76,1440,
0x652913133a6f632326d2e7c5e60527a9a669bc71f44a1eeec3c31b6db7d5cda7,nfl-nyg-dal-2024-09-26,2024-09-27T00:15:00Z,2024-09-27T00:15:00Z,54283007212914572893413484651421353989343981154437785159441670116509122149268,0.31,1.0,0.305,1440,
0xcbe2d0aac9664d45eb36a19f54225eeb579ecd62937b253a6bb096395a443c8a,nfl-atl-no-2024-09-29,2024-09-29T17:00:00Z,2024-09-29T17:00:00Z,83164974513476058179717148447736602895471877914465751130214515182410248557464,0.575,1.0,0.575,1440,
0xa4a7aa6dd85b4d4fab1e1f2ba4a4eccf506526db0c8a4433f0e6f225092c0010,nfl-car-cin-2024-09-29,2024-09-29T17:00:00Z,2024-09-29T17:00:00Z,88219863013962824945108125939386457485983436591973324821443950178095397400226,0.315,1.0,0.33,1440,
0x272f7df2f13caf5ace7d4f17dd137cd44b496487aa8540dd7620ec520baa0b26,nfl-chi-lar-2024-09-29,2024-09-29T17:00:00Z,2024-09-29T17:00:00Z,44887963322674143400068385639545354952513188916759815705731625062826742875133,0.605,1.0,0.59,1440,
0x9f8142a1fa632341d611b5f3ee1403d358150e4b598c972232f721bde5edfa0d,nfl-gb-min-2024-09-29,2024-09-29T17:00:00Z,2024-09-29T17:00:00Z,50176432305661175368796318270174578244331373983170738158603431492190242502203,0.56,1.0,0.57,1440,
0xfa7290587067f8d1ceb9ceae72efeb6fb6f4c10d93d73f4634f2e74310b3628e,nfl-hou-jax-2024-09-29,2024-09-29T17:00:00Z,2024-09-29T17:00:00Z,15517783225706623700407228844494920727276638752910636263912100692937977726503,0.695,1.0,0.705,1440,
0x1e26117dc82f914260700a10b5e022cc1d570848b515158e625d0930945afe67,nfl-ind-pit-2024-09-29,2024-09-29T17:00:00Z,2024-09-29T17:00:00Z,88702509094542887298090436761336190971453472441313636645636310916372808527668,0.44,1.0,0.45,1440,
0x5b2339d72e8f02392b5a74693e02934150353feb901c5196e921a40d0a4367dc,nfl-nyj-den-2024-09-29,2024-09-29T17:00:00Z,2024-09-29T17:00:00Z,54494954476042742467677271411218514834151561480056010397369301468671539485463,0.785,1.0,0.775,1440,
0xebff4b1708c508716258e6303b0a05ea43f4ed62a1dfe430831e83d5c2386dcd,nfl-tb-phi-2024-09-29,2024-09-29T17:00:00Z,2024-09-29T17:00:00Z,100603912003450594354639254042998223332595357053645843715786974489345244704625,0.475,1.0,0.47,1440,0.525
0xf480adf1c942b5e4aa5ff9e51db8be777a8da7faefb80dd6da1085c3ba59ba0e,nfl-ari-wsh-2024-09-29,2024-09-29T20:05:00Z,2024-09-29T20:05:00Z,101771354714952933725406545947477226618884168359426673289165895903959843190038,0.63,1.0,0.63,1440,
0x667965f785612624876538361c301d384cbee1a5ce89dc544619e01560403a72,nfl-sf-ne-2024-09-29,2024-09-29T20:05:00Z,2024-09-29T20:05:00Z,6211489402613648405883634624118580213161502383931084629349306049955813808050,0.835,1.0,0.835,1440,
0x0a5311b34d89ffccce641ae149eab72b5b74b057d1e11bd95d028813a38907dc,nfl-lac-kc-2024-09-29,2024-09-29T20:25:00Z,2024-09-29T20:25:00Z,17584513282975592758055632883622701380907152657234153900097642867888217396798,0.275,1.0,0.255,1440,0.725
0x7fa31e54b19d2d046dfa6c673453678ef944e624b6ebd1162111e9e1d5f62fdc,nfl-las-cle-2024-09-29,2024-09-29T20:25:00Z,2024-09-29T20:25:00Z,22803709040293780955255594102472076792392425175425933643825419821362703725891,0.425,1.0,0.445,1440,
0xf2a81980abbc8cd3d287ecc144cf2a362f0a882f0fb6e106879907d194f678f3,nfl-bal-buf-2024-09-29,2024-09-30T00:20:00Z,2024-09-30T00:20:00Z,55104724526332336753976725534364612474293879154159871404415352478399812429170,0.565,1.0,0.575,1440,
0x6f278af04fa068bb6e63159a2751a9cff9f094e54e0c916cb4b980fe949378dc,nfl-ten-mia-2024-09-30,2024-09-30T23:30:00Z,2024-09-30T23:30:00Z,86059223306081355966944202420979777439467872761839106456643003927178734865717,0.425,1.0,0.5,300,
0xdbe900186aaef649b672e407d4a8901e7a5f4da166cdb92d06ff583811c37c82,nfl-sea-det-2024-09-30,2024-10-01T00:15:00Z,2024-10-01T00:15:00Z,5017186126487518518409016152056477996163517582334230387103542325713273949004,0.335,1.0,0.5,384,
0xa6d683bafb25ddcef6bd522d3224b781ee5a12f00ea7235246ebf052926304ba,nfl-tb-atl-2024-10-03,2024-10-04T00:15:00Z,2024-10-04T00:15:00Z,43935103598931900898760136907162115315419767465902515843442985856070061945998,0.435,1.0,0.465,1440,
0x827178bf213dfd8a2455e02e8051d625a8800f6a27f30a2273f71b75ba072776,nfl-nyj-min-2024-10-06,2024-10-06T13:30:00Z,2024-10-06T13:30:00Z,83715625967730848339280493652792587669258327599142396803604536195419044234314,0.435,1.0,0.43,1440,
0x5b1ab931423c81a7c11b9d177fa91cb807950af379acaebed48f04cbb7437ade,nfl-bal-cin-2024-10-06,2024-10-06T17:00:00Z,2024-10-06T17:00:00Z,111767239034386969205501582207953686672599844490841718057225314084547707428315,0.5695,1.0,0.5535,1440,
0xb1cd505a867ae9e24c1157781d042a792ef8403971c278b5325b394aa0fca0b9,nfl-buf-hou-2024-10-06,2024-10-06T17:00:00Z,2024-10-06T17:00:00Z,10880417953032999986932966339120089498983334069487349346404223568515725344223,0.47,1.0,0.485,1440,
0x350ec8e72d395546f9659ca24d0268b2af2773515886e14643df6c7041788572,nfl-car-chi-2024-10-06,2024-10-06T17:00:00Z,2024-10-06T17:00:00Z,96036151813021424791637727052239107903696388821521456151899388950076553712896,0.35,1.0,0.345,1440,0.65
0xeaef908665e72fae2032305f89a3e243a5dbccf61a83e759452a77a85d84e078,nfl-cle-wsh-2024-10-06,2024-10-06T17:00:00Z,2024-10-06T17:00:00Z,54712578376153658156632492370418232649490717251660517154269676756525590174392,0.41,1.0,0.395,1440,
0x5996331b3e590b911eeb06462c0f2136c9b045f571d6993c2fbbaff6e4327924,nfl-ind-jax-2024-10-06,2024-10-06T17:00:00Z,2024-10-06T17:00:00Z,43489918057550000433868230615601128309677187056848053622700738112513190027946,0.3565,1.0,0.4075,1440,
0xc8c3142d66974bf4e5ca9c2f7d94dcdcf02e224ba7cd6605e46c84f0645edc18,nfl-mia-ne-2024-10-06,2024-10-06T17:00:00Z,2024-10-06T17:00:00Z,72681964610566370887348945504412865550757216659505641698985251310109130558934,0.55,1.0,0.5,1440,
0x20438a23054ddd3ad183fbd5ff39adb591542166e9d26834b7388d596b12169c,nfl-ari-sf-2024-10-06,2024-10-06T20:05:00Z,2024-10-06T20:05:00Z,100657695114399733822439230715874575454756352655563193641991591314038124028276,0.24,1.0,0.24,1440,
0x7213669db30a8d7bff707924a3eca707e8b322591fd36f7d5b144d325eaf4be6,nfl-las-den-2024-10-06,2024-10-06T20:05:00Z,2024-10-06T20:05:00Z,75238097050057108575756597684760164626830841985839928427483271103406247838396,0.39,1.0,0.42,1440,
0xa318825526391723e6fd92aa410ed4b5003c94078640ddd1424eacdaeef3d782,nfl-gb-lar-2024-10-06,2024-10-06T20:25:00Z,2024-10-06T20:25:00Z,66172833317159466135444973080922149228818672771102228236330110033688866104203,0.59,1.0,0.605,1440,
0x66830748471f3878af5e49e473243738e08da96510c6a4562d577b3ec73cd90b,nfl-nyg-sea-2024-10-06,2024-10-06T20:25:00Z,2024-10-06T20:25:00Z,86703224893545731784376015450191009444318055828724358412589961447788499525752,0.265,1.0,0.255,1440,
0xc61afd46c5ffa9188ea7ad2ef8693515599cf478005f1645f9871d9753d963b4,nfl-dal-pit-2024-10-06,2024-10-07T00:20:00Z,2024-10-07T00:20:00Z,9472741763728792682355590730394605697018018774686991696024719759275385505761,0.43,1.0,0.43,1440,0.57
0xf0b8bc70ec24f2cf4ba963ed41c39720a9b1252fc94bd718ecaace148b4fad2d,nfl-no-kc-2024-10-07,2024-10-08T00:15:00Z,2024-10-08T00:15:00Z,35329366988954503780929166848209859391720163203110288996913667656463262795748,0.325,1.0,0.31,1440,
0x2400bad21aba16b8df50cc547dd7456ea36093385723c047171cbf3ec01e0581,nfl-sf-sea-2024-10-10,2024-10-11T00:15:00Z,2024-10-11T00:15:00Z,84749532824176787246161926550737341863267257860078195690181544672667691636276,0.64,1.0,0.625,1440,
0xfa23230e360f8272411b201f88e0cc8dd2eeda197bba8ce3b13a7a3335864b79,nfl-jax-chi-2024-10-13,2024-10-13T13:30:00Z,2024-10-13T13:30:00Z,112875564417665965710077793966257586485236028934322755269583352701102772678318,0.525,1.0,0.485,1440,
0xfcdd8e4f36a1b58c2cec363bfb3446285aea63e8df18e6dfca2171511a2eb6cf,nfl-ari-gb-2024-10-13,2024-10-13T17:00:00Z,2024-10-13T17:00:00Z,94399477846966117609158497231534645142635495102700654749266668121356141690938,0.31,1.0,0.315,1440,
0xf9f96c6bce32326586e1f54ad59b177059e8a318c8d5150c2abb9756ef733b68,nfl-cle-phi-2024-10-13,2024-10-13T17:00:00Z,2024-10-13T17:00:00Z,51528489517997223438243725385673677487082728020674236135988569273100214698495,0.2,1.0,0.195,1440,
0x1240b5ab786aef07bfcd213c37b39850fcd348fc36911dad09b0dd1ed2cfeea0,nfl-hou-ne-2024-10-13,2024-10-13T17:00:00Z,2024-10-13T17:00:00Z,23796767569356027351497890766856387096507932370044657115666293566211754887060,0.715,1.0,0.725,1440,
0x0e9810da2384deb579bd0ceaa58c2bca386bb1ead6c316efed25783c888217c6,nfl-ind-ten-2024-10-13,2024-10-13T17:00:00Z,2024-10-13T17:00:00Z,15934149557727007335870930378426959726445376568875207093474968173840931332048,0.445,1.0,0.425,1440,
0xf948de37d9852fda726e5e8fbc5953cd02c4ee9dccdca83d31a5ce1a4d446b28,nfl-tb-no-2024-10-13,2024-10-13T17:00:00Z,2024-10-13T17:00:00Z,92990727329701750287898352796254317726185763422661038118041237571566351055259,0.635,1.0,0.635,1440,
0x6e19b38352a70f0cf9d0d920fbc46d42d7cb572e096c7170045c271062dbe1e9,nfl-wsh-bal-2024-10-13,2024-10-13T17:00:00Z,2024-10-13T17:00:00Z,61186186729800197953082772217340203812346635860077708640611607689167918915387,0.26,1.0,0.275,1440,
0x174737c2e4303c514ce6da0af0f3bc666145994280ce3f7d60e9b4ed9288a53a,nfl-lac-den-2024-10-13,2024-10-13T20:05:00Z,2024-10-13T20:05:00Z,24589758299731689437860706870367576195123380190736092610399550250084441279957,0.585,1.0,0.595,1440,
0xe0ad079ea21568e02bcf0c1f9cfec5f077185d60571b3978a84f333a99b2c555,nfl-pit-las-2024-10-13,2024-10-13T20:05:00Z,2024-10-13T20:05:00Z,38937032537411724243019487362385878177595692533424403304366132132714301817007,0.625,1.0,0.6,1440,
0xe1fe6683c9f6862b954ba7fa6f9afcb5b563d83da597b006c2885fe4c7ac0008,nfl-atl-car-2024-10-13,2024-10-13T20:25:00Z,2024-10-13T20:25:00Z,91260119576392721656395630537102610162024322052728981503527047856788686447423,0.71,1.0,0.695,1440,
0x63f171abdfa0a5a71f1dda78a204f9a35941bc6104808a602eb124bcac32f9f4,nfl-det-dal-2024-10-13,2024-10-13T20:25:00Z,2024-10-13T20:25:00Z,13311882619492331234143371090575414959898217097236173656741125425479391124847,0.63,1.0,0.615,1440,
0x6cd1022d3357b3538d1426de168ea8ccd1442e3fd7ea8fe5741cdd05bd0114a0,nfl-cin-nyg-2024-10-13,2024-10-14T00:20:00Z,2024-10-14T00:20:00Z,83472739184748489973091268494306642818925040347109311565639949101377953469646,0.66,1.0,0.645,1440,
0x9e9adb89078e4cd2270c3f21c147bc60327468b1ae5676cdb165dbd49c6c0f4f,nfl-buf-nyj-2024-10-14,2024-10-15T00:15:00Z,2024-10-15T00:15:00Z,103978648564035455943417838225835250866513411844456946820868686949069025985827,0.525,1.0,0.535,1440,
0x6b1ee500ba852149a777ff04707299dd25724babd538c6c92e3d90dcb2003824,nfl-den-no-2024-10-17,2024-10-18T00:15:00Z,2024-10-18T00:15:00Z,101563371911363549489266090503084719620918691051697162592062912907954986456543,0.575,1.0,0.57,1440,
0x8b4740e68bae2e344ad9cac74ce00fb4b8cb5894c00294b6923c6365ffb94f47,nfl-ne-jax-2024-10-20,2024-10-20T13:30:00Z,2024-10-20T13:30:00Z,103542802265905352011901657191442011208254518491133050105304924024045360302839,0.27,1.0,0.31,1440,
0x996f60d23be3e04dd77603aa1f455b6aba19a54ac7520d9f4d815a709a4543cd,nfl-cin-cle-2024-10-20,2024-10-20T17:00:00Z,2024-10-20T17:00:00Z,19780963483761319664897911838233716976812988168014269246285936534185614591711,0.68,1.0,0.695,1440,
0x97d28f2968e4d99c0c11d5b89ce7bb39bdef18b813f72ccde4e997a37297a5c8,nfl-det-min-2024-10-20,2024-10-20T17:00:00Z,2024-10-20T17:00:00Z,2230983662313115358349607531025080975296880413740194936809491100183669024686,0.47,1.0,0.475,1440,
0xdb7fc8bc231dc119faf8478fcdba3fe249263a4a0ced763e9a954c5a0026bb5b,nfl-hou-gb-2024-10-20,2024-10-20T17:00:00Z,2024-10-20T17:00:00Z,17413938238526784358149525009567034335928178384482749990918594547511708428668,0.38,1.0,0.415,1440,
0x02b0a30d5cc093254ea4b9e634c1d52b98e0eeeb7858d0bc30ec4db2badfe54f,nfl-mia-ind-2024-10-20,2024-10-20T17:00:00Z,2024-10-20T17:00:00Z,5212130764583168651600856517797110971999607907559187666918172815029899692326,0.415,1.0,0.395,1440,
0x620a94bf149e06ba81d5de597c52314b060fc28cdeabc53d450704198209bea6,nfl-phi-nyg-2024-10-20,2024-10-20T17:00:00Z,2024-10-20T17:00:00Z,108874979346703282224834602545656945283083174000272248074920724942737025585202,0.61,1.0,0.615,1440,
0x8a7bea6ab6dba51fd3c06f6e95fcddef87843a3eca3578be85133d518a160d11,nfl-sea-atl-2024-10-20,2024-10-20T17:00:00Z,2024-10-20T17:00:00Z,29134105257626496385916178378455331390876851895323374131486249769945485340471,0.4,1.0,0.415,1440,
0x26668f54e787a218722a85b72455aaf643c6e9fb02ccfdb80edef4dfcededa85,nfl-ten-buf-2024-10-20,2024-10-20T17:00:00Z,2024-10-20T17:00:00Z,35028579187088927436492545567482015792207711239017501861118424055419292822644,0.185,1.0,0.2,1440,
0x7939dc7f5e05e8fdaedaf71a135966525ca9979528bec082fd4f8cb8a11c621c,nfl-car-wsh-2024-10-20,2024-10-20T20:05:00Z,2024-10-20T20:05:00Z,10026601266880821368645529240056147119832660692362244562819518831846544529013,0.165,1.0,0.205,1440,
0x81c1385835cfb34226197babc2c7acd129f2969f3933c6f56778eeb3f327dd95,nfl-las-lar-2024-10-20,2024-10-20T20:05:00Z,2024-10-20T20:05:00Z,53684302856075485175174881504805706746531163824527648510091224627645263181152,0.225,1.0,0.26,1440,
0xe5a63ef2d9be07869ff68202359534d4b781879c32347c7e3c397a0471177fc8,nfl-kc-sf-2024-10-20,2024-10-20T20:25:00Z,2024-10-20T20:25:00Z,7358899928730494618169841181450302994856224699738929865009885241537124305017,0.445,1.0,0.455,1440,
0x5d8e839de0121279cd52daf25cadececcbbbd78aa67e2bf581a3425405a4f3df,nfl-nyj-pit-2024-10-20,2024-10-21T00:20:00Z,2024-10-21T00:20:00Z,5763372425606148737048931324460715409967238677160464550556827361666368370798,0.59,1.0,0.545,1440,0.41
0x8fab7cbf5ddf29016fef1875f4ba90446ed6f8f4a7ac36ea3881b133da0c35dc,nfl-bal-tb-2024-10-21,2024-10-22T00:15:00Z,2024-10-22T00:15:00Z,79481733728946702777368362351880987486819705421382536534272713588417102225597,0.665,1.0,0.64,1440,
0x9860936522f10295900b487d0349294f372506d070bb7bab6d417e735d3022a1,nfl-lac-ari-2024-10-21,2024-10-22T01:00:00Z,2024-10-22T01:00:00Z,467359663816776112197971147646949808207968214979081847721682207338599406473,0.525,1.0,0.535,1440,
0x1140c36e29a3625d7558b361a9b87a3b878dc73bcbfa7785416e59e179176a54,nfl-min-lar-2024-10-24,2024-10-25T00:15:00Z,2024-10-25T00:15:00Z,22440149574860860983508122122144266528217282792884517264220907006611334206994,0.575,1.0,0.59,1440,
0x9318f1ba3d826acf2952f02e3ab02190d3ce30cc7afa2b7b97b1424cdffade51,nfl-ari-mia-2024-10-27,2024-10-27T17:00:00Z,2024-10-27T17:00:00Z,39747469412734425601026109954451019597610940227506181673593441343653275658023,0.345,1.0,0.35,1440,
0x2d23ff7e66d5be5c5182a0fc00283919b270c8ae4261e63edabfe0a76034c737,nfl-atl-tb-2024-10-27,2024-10-27T17:00:00Z,2024-10-27T17:00:00Z,78343530960472535280117787639019352413431081254872011447860651089367967740713,0.535,1.0,0.575,1440,
0x9470f003aac554ecea57f31b433911c026f38898ffb645611bb012800c752981,nfl-bal-cle-2024-10-27,2024-10-27T17:00:00Z,2024-10-27T17:00:00Z,57114839249409439480921258757729247500810207036055459210470941535900116993881,0.755,1.0,0.795,1440,
0xd06f4abec1e4a460f46e7d5862df10a119f31f2d2980ddf0194777ffcca46572,nfl-gb-jax-2024-10-27,2024-10-27T17:00:00Z,2024-10-27T17:00:00Z,46480773136566250786946472701264427649233693957589138791599300119988073763287,0.625,1.0,0.65,1440,
0x7ae59a2bc6a82fb4a2b6c9b053571c62036caaef5c58d2559ccdd25060e33958,nfl-ind-hou-2024-10-27,2024-10-27T17:00:00Z,2024-10-27T17:00:00Z,110056647291907774767040216304700041383966738913641919263223803976230705702433,0.32,1.0,0.315,1440,
0x8c265812e2962833b6e0c4d9b10d57fe78ac744f9cabd7bbc0ef823dbb8282b3,nfl-nyj-ne-2024-10-27,2024-10-27T17:00:00Z,2024-10-27T17:00:00Z,29154106257589677753556903055781562984913221340306513646510152577131568436506,0.755,1.0,0.74,1440,
0x332d385232969673d98e30d95a20b1c5dc2c7fd3bbca1dd918ed9799c24e42fe,nfl-phi-cin-2024-10-27,2024-10-27T17:00:00Z,2024-10-27T17:00:00Z,58140311674882247033424021524504258882561725570193764250372176720479627172365,0.42,1.0,0.43,1440,
0xa683d3e9a19d4fafd3f7139d6a8dcef4ffc91a50b2d2e25df9b834978d983560,nfl-ten-det-2024-10-27,2024-10-27T17:00:00Z,2024-10-27T17:00:00Z,11460487063408829360254210204354536310356061332754425120790562542066219689202,0.135,1.0,0.15,1440,
0xd53f2bcdd69d3ff313209951c446171a73cef9382d350e7454006d70648d362a,nfl-buf-sea-2024-10-27,2024-10-27T20:05:00Z,2024-10-27T20:05:00Z,12753867725847805141684886978426239821560422546349034443390064950284908776007,0.6,1.0,0.6,1440,
0x9bfe2bf9237386a2b9e8ccb5453ce596ad0c1d2f75d969af4b9f8e6eae0c9795,nfl-no-lac-2024-10-27,2024-10-27T20:05:00Z,2024-10-27T20:05:00Z,35107731234286148491735910394480186433112370599536463671769654249678658876724,0.24,1.0,0.265,1440,
0x6d0c7be442d4ea86711485eccf392ae9bd1cc7597dc01e5b25360f2eef437149,nfl-car-den-2024-10-27,2024-10-27T20:25:00Z,2024-10-27T20:25:00Z,49429664037000305190799766557134835443944467143956987411177422208910993609873,0.145,1.0,0.175,1440,0.855
0xba3b6c254c1099a2e1d11ac0801b17afe440d5f3dc4f2dd5b4a47bccf627991b,nfl-chi-was-2024-10-27,2024-10-27T20:25:00Z,2024-10-27T20:25:00Z,29992425174902141059289913975751807313755181535988643695206809541772205787054,0.475,1.0,0.58,1440,
0xdbe658c8255e05fc9fdd1ae1889a01a48b511b4f5ffd291858a1ecd8b514afea,nfl-kc-lv-2024-10-27,2024-10-27T20:25:00Z,2024-10-27T20:25:00Z,73534995820178432201668086438691254708579271866597131547239358972980860497077,0.795,1.0,0.795,1440,
0x6ada539b7e9db729a41fe5b4d17bbc9e0793289f101917e6b623ed7c103beca6,nfl-dal-sf-2024-10-27,2024-10-28T00:20:00Z,2024-10-28T00:20:00Z,93791214671820440055267501883607799073557902229380716712187720166758572623848,0.305,1.0,0.335,1440,0.695
0x023c558016e6e3fedcd538b4995aa38daf10e6545755f7726bf55c912213507a,nfl-nyg-pit-2024-10-28,2024-10-29T00:15:00Z,2024-10-29T00:15:00Z,45529454702518281004043204000896937536498537902840980491955085471585915296111,0.285,0.9,0.295,1434,
0xcd04add0c79c55d183366c2d6e717b561b7e9aed12f8091516efe6e60b12c389,nfl-hou-nyj-2024-10-31,2024-11-01T00:15:00Z,2024-11-01T00:15:00Z,57572290782506779958868133005207202362928286689404911657380230912119555044268,0.415,0.9,0.465,1440,
0x5a23b8f93c1812d528aff714c73d28877384662aba86e2e88c69ef2b848eb78d,nfl-dal-atl-2024-11-03,2024-11-03T18:00:00Z,2024-11-03T18:00:00Z,85988388675371588959056744890690713229857574576370199404643122089785760898252,0.375,0.9,0.38,1440,
0x88ceb60ec5d99c63bc202afcdf31571e9d52b72aa35a9b517c87826523c8ea1d,nfl-den-bal-2024-11-03,2024-11-03T18:00:00Z,2024-11-03T18:00:00Z,93716851562013742272245073949463213320926212205523990039098068235236251211014,0.205,0.9,0.205,1440,
0xbb0eca3e0381100707fea124fc9bfebdd32288361ee875e139347a225cc403f5,nfl-lac-cle-2024-11-03,2024-11-03T18:00:00Z,2024-11-03T18:00:00Z,62898740436334688592107334332225478327064988903989794868376315447628844330242,0.54,0.9,0.53,1440,
0x7e045d6b980f9dd616ee5683685fc323cdfb20f24899628075e40e332951f504,nfl-lv-cin-2024-11-03,2024-11-03T18:00:00Z,2024-11-03T18:00:00Z,26083701343881322715247427800053278622599141776384992420545424782440437224899,0.23,0.9,0.25,1440,
0x22e400b00b8cf1f3d46d39c1754a07803891e654863f7279df519df515ff2d1b,nfl-mia-buf-2024-11-03,2024-11-03T18:00:00Z,2024-11-03T18:00:00Z,49588421260966528129560651194517842189645257022570683506178292272873266787719,0.29,0.9,0.29,1440,
0x45fc777937f3b36150bdcac509ce74006ebf0b26916dc4a525d4ec83896f0ab5,nfl-ne-ten-2024-11-03,2024-11-03T18:00:00Z,2024-11-03T18:00:00Z,89374932658212065187735880157283760622828860948111066333746558552339165480677,0.38,0.9,0.39,1440,
0x98e59eebc6b4cd0f0af69b5b133543c261e25ba6512ad5470c92e5e1abc667e6,nfl-no-car-2024-11-03,2024-11-03T18:00:00Z,2024-11-03T18:00:00Z,33942445591022610627452174747463410652666381885214391926610419497275648668578,0.755,0.9,0.75,1440,
0xeb326064d1cfe8957e91c68fc7dbfdc809d161f2dd5427cf5c2ad7055ac83e42,nfl-was-nyg-2024-11-03,2024-11-03T18:00:00Z,2024-11-03T18:00:00Z,42669215277414606151504871200883371489057825193017693107538753760967407670363,0.67,0.9,0.665,1440,
0x70df323efebb5d90937b2d607fdc7960852fcd96e6d384b6ebeac62064ae1768,nfl-chi-ari-2024-11-03,2024-11-03T21:05:00Z,2024-11-03T21:05:00Z,9276756558598974840894307963562330519845930522926598602653999271744614224006,0.46,1.0,0.47,1440,
0x054947d94706b4fdc222c8451d937f181f4ec9683e02963130aca4b247178cd7,nfl-jax-phi-2024-11-03,2024-11-03T21:05:00Z,2024-11-03T21:05:00Z,96064682150405828972441102933377841936391985515840194752834344703835721101809,0.235,1.0,0.24,1440,
0x09705a1441948a996cc2a053033f39ff13a921f2080b2c10a213748fff54e8be,nfl-det-gb-2024-11-03,2024-11-03T21:25:00Z,2024-11-03T21:25:00Z,71090933905924255345902822269067434225342395456001009446544398950108647185609,0.565,1.0,0.575,1440,
0x777046f79b63687b1d027eedc430e5174f1a814fb9d70d8cbc14c2d07006c0b8,nfl-la-sea-2024-11-03,2024-11-03T21:25:00Z,2024-11-03T21:25:00Z,58649386754764133171607947702646584071497423306028995882364049349689863018452,0.54,1.0,0.53,1440,
0x869e83a48153e35b1e1a7c2219a578b336fd63ca69570b0c51507697a2841a59,nfl-ind-min-2024-11-03,2024-11-04T01:20:00Z,2024-11-04T01:20:00Z,58281211141890908518910887132286972675957186277924576173191756398163600724610,0.285,1.0,0.31,1440,
0x92275edfcb1642365f642b81c893c410014cc40a68205face4d41c21e474aa1d,nfl-tb-kc-2024-11-04,2024-11-05T01:15:00Z,2024-11-05T01:15:00Z,101186537701714677497347229004308918023504615039085876939848948546690863874949,0.205,1.0,0.2,1440,
0x23de4d05e7fc57c732947965cf57b8557d3bf54de7b5b1cecff75a6c174f6b26,nfl-cin-bal-2024-11-07,2024-11-08T01:15:00Z,2024-11-08T01:15:00Z,73251676656741196061791284408381952231318499573423442186117422565261882506610,0.285,0.9,0.28,1440,
0x98a7dce7267cafac68ec6aa64056cf8ce687336059c0b345f09b6f6c1fbc65f6,nfl-nyg-car-2024-11-10,2024-11-10T14:30:00Z,2024-11-10T14:30:00Z,55710006234914376353864504533705509659625085729456630329156643408184522819448,0.715,0.9,0.715,1440,
0x2bce0ebc62138aa701bc496c8f7a8b5a76c4ded1008949ddb7ef0c30a18e7c8d,nfl-atl-no-2024-11-10,2024-11-10T18:00:00Z,2024-11-10T18:00:00Z,91091480214691107631418816473164172706543542397239682001521017099031131137344,0.645,0.9,0.635,1440,
0x8b2dd47a5037334b15b5e7ffaef7e5368397930c64229d7359369c262588708c,nfl-buf-ind-2024-11-10,2024-11-10T18:00:00Z,2024-11-10T18:00:00Z,109913181293424224816960466982553037648500876511744618762041455972956616405474,0.675,0.9,0.655,1440,
0xa11d53e4ec744bc1d510f5d3efe3bb440e5d3099a683a6230b769fce932302d9,nfl-den-kc-2024-11-10,2024-11-10T18:00:00Z,2024-11-10T18:00:00Z,5529401420529437666256106988041507861280785086617746659989370313130203724162,0.235,0.9,0.225,1440,
0xfbd16cef492d69666158e004b232570784251368bb3a8c7f068f9e2edb20d95b,nfl-min-jax-2024-11-10,2024-11-10T18:00:00Z,2024-11-10T18:00:00Z,64388620326752085804913380840549629422785591597092513610218281242803058292077,0.75,0.9,0.75,1440,
0xfdc1f1403dc0a15a9197a5f3d3a1818569584a6198db4e6e059d9dee3eb026f8,nfl-ne-chi-2024-11-10,2024-11-10T18:00:00Z,2024-11-10T18:00:00Z,90210391254837439570004308992667049421788481269278407132102118289767520736114,0.285,0.9,0.285,1440,
0xe2ddbeb9474b0a95eeae44f270a968b7ab635f8fd759cae2db3df84d60c4cd0d,nfl-pit-was-2024-11-10,2024-11-10T18:00:00Z,2024-11-10T18:00:00Z,86797012251248498501163851753477874700223247625025073245481771833825940978303,0.46,0.9,0.425,1440,
0x2e4858365f76ae581bd73f90cc48480a7e119856548e903554baebcd860e02de,nfl-sf-tb-2024-11-10,2024-11-10T18:00:00Z,2024-11-10T18:00:00Z,37979884380963376100544781838374140231841710253497645613475149113959773839696,0.715,0.9,0.72,1440,
0x516f348befef713462d2360ab14bb8c7af925c1c65a005afebdb0e382a0b702a,nfl-ten-lac-2024-11-10,2024-11-10T21:05:00Z,2024-11-10T21:05:00Z,63937494107159187834175363049747424197554375317180389449419459029263325633081,0.21,1.0,0.23,1440,0.79
0x125174db5a13ddf665c5844be06a2ef614a99b1a457a15826bf42614e4e03958,nfl-nyj-ari-2024-11-10,2024-11-10T21:25:00Z,2024-11-10T21:25:00Z,111450365817813244190828142075786380471651115355736429292713477035695171735502,0.545,1.0,0.54,1440,
0xd3fcbed8959cf9c2ad8cac10037f2bb4aef164dc8809d15572d316bb4fe3278d,nfl-phi-dal-2024-11-10,2024-11-10T21:25:00Z,2024-11-10T21:25:00Z,46371030710337684923310364779231976312724264109452403637504985186894364517971,0.755,1.0,0.76,1440,
0x7ffab92345d13dc3d2e8f4f0e4eab536bb5b4e944e9a5affe85e97d12e0198ab,nfl-det-hou-2024-11-10,2024-11-11T01:20:00Z,2024-11-11T01:20:00Z,70197361185761595666634915842258749468507961965162172640532174703379576828263,0.67,1.0,0.645,1440,
0xf7b2d8c99218457a9a57e3539264e2e8b7cb1b940a846c44b3fcd3010994f905,nfl-mia-la-2024-11-11,2024-11-12T01:15:00Z,2024-11-12T01:15:00Z,20405130097404360976469132466588783795541677481377329150664772274969777525915,0.445,0.9,0.445,1440,
0x93d5d31e4b893d879f723d70623cf791fd19d38b61b8f8a74df04bd41bc96270,nfl-was-phi-2024-11-14,2024-11-15T01:15:00Z,2024-11-15T01:15:00Z,41806090081018644905004532232101679724246478578183013958815051819134563577396,0.335,1.0,0.355,1440,
0x3c46eff5ba4360c0a376488421ca2bc39ceb3272e6c7b6042d593390eedbdcc3,nfl-bal-pit-2024-11-17,2024-11-17T18:00:00Z,2024-11-17T18:00:00Z,75071754904722685469174212770836464630893424084817726344731965961857533514393,0.635,0.9,0.62,1440,
0xc523009a8be7653b8de7dcd763ed91811c5dbb33a5986372a530b60fe3ee33ac,nfl-cle-no-2024-11-17,2024-11-17T18:00:00Z,2024-11-17T18:00:00Z,88829337303588475815451696512720391080914478445856017770433723127059438618983,0.515,0.9,0.51,1440,
0xc4eeb9c54d28bc7975e309a299fbefc4b189ef5ed242ee66853032e109a5caec,nfl-gb-chi-2024-11-17,2024-11-17T18:00:00Z,2024-11-17T18:00:00Z,84762983379556783184497346701457539844240892352038338850540220787226686788138,0.715,0.9,0.7,1440,
0x86ca735bc0349d71b3ad8a4f6c5e3521564e3e81be26faa6936e809219341d14,nfl-ind-nyj-2024-11-17,2024-11-17T18:00:00Z,2024-11-17T18:00:00Z,105918491334793063796239689155206044724511407045524733130125597049675629777709,0.345,0.9,0.36,1440,
0x2b04e4d381c0b83d92146f6a0a98e5e0ba4d6f6e1d43e00b49723882bc6bf9e1,nfl-jax-det-2024-11-17,2024-11-17T18:00:00Z,2024-11-17T18:00:00Z,3686451383911100397368823926401276983603388335614531681749331423516700651127,0.09,0.9,0.12,1440,
0x16f3b71a2602dd9b06d1f56ae6670247156f9cb2ab2bca30bea65f6739c2e78d,nfl-la-ne-2024-11-17,2024-11-17T18:00:00Z,2024-11-17T18:00:00Z,104859964798430614555527804296693852657728165902672859920834309887636909941352,0.665,0.9,0.665,1440,
0x1fb636344f277c0e84eb9e4f458e72184dea2677049dfd4b3d321a05f5f063b8,nfl-lv-mia-2024-11-17,2024-11-17T18:00:00Z,2024-11-17T18:00:00Z,59510204264316921268883396486448807931865465989917495392415644618698750604588,0.215,0.9,0.245,1440,
0x1e5cee25c95af992c8991ca2ca905119c64481807965ac32cdb16a319699ac21,nfl-min-ten-2024-11-17,2024-11-17T18:00:00Z,2024-11-17T18:00:00Z,26358411223903977746673603215700542218400081393331168676776705730162599327329,0.72,0.9,0.71,1440,
0xcf988770b8949b89dd531fce2c6acc52ab9852849a71598aae4889ad3742787d,nfl-atl-den-2024-11-17,2024-11-17T21:05:00Z,2024-11-17T21:05:00Z,26361777995692134388710392103474854741982595011462625871746784751015005426892,0.455,1.0,0.45,1440,
0x4429f390f5f9966902ad345f37b3219887a19a6cf127f04d53bb73d7f4b754e7,nfl-sea-sf-2024-11-17,2024-11-17T21:05:00Z,2024-11-17T21:05:00Z,55687693727152597231101854748811714739760440690787285045652988044715162803968,0.29,1.0,0.28,1440,
0xa21e5fbbbe049e3337ba9b4a4dd5aa15e6b6ed8e7c71344c776364a73e81586a,nfl-kc-buf-2024-11-17,2024-11-17T21:25:00Z,2024-11-17T21:25:00Z,66416244980541195901969920142624092200379647187294340905763915906752126424097,0.42,1.0,0.455,1440,
0x64db493b471c6f7a3260b4ec9838233248bc45297b291890316dde8c29b63413,nfl-cin-lac-2024-11-17,2024-11-18T01:20:00Z,2024-11-18T01:20:00Z,50978247963091581032952628758919583795277422381498168272920890328448381081497,0.485,0.9,0.475,1440,
0x6f307cf8972d1e394215940fb2d676624af4de33a1b654a71f28451e3044967c,nfl-hou-dal-2024-11-18,2024-11-19T01:15:00Z,2024-11-19T01:15:00Z,105670195071414020815366262959526871518147504189510527864314502226264156149261,0.755,1.0,0.765,1440,
0x6703ac3d097bd4cb15111822de5fa6eef39b1781333c749c466802d8d61aee48,nfl-pit-cle-2024-11-21,2024-11-22T01:15:00Z,2024-11-22T01:15:00Z,97545369090282082115018622205617774653929802348862296875829951701089994448672,0.665,0.9,0.645,1440,
0xb236355fe71fe311449678ea87cf5258846ce0f1f624b941554347d8ba016db7,nfl-dal-was-2024-11-24,2024-11-24T18:00:00Z,2024-11-24T18:00:00Z,27471627946492484360051772432216466086901858430482555721072877870050616132511,0.16,0.9,0.185,1440,
0x8ca4d7a63640411b61740360a140cebbd38da5db6088e7970558668c9e51f1b1,nfl-det-ind-2024-11-24,2024-11-24T18:00:00Z,2024-11-24T18:00:00Z,100068864299049626371319908365141036691415876444685115257037112400612649734916,0.755,0.9,0.775,1440,
0xc5ec4e44e865f2954b85552f961e709858e687ac0eb4bfc5c4b71fb86782a7a7,nfl-kc-car-2024-11-24,2024-11-24T18:00:00Z,2024-11-24T18:00:00Z,78764213335492236397202823064944955585474823270883164033210593070358076586943,0.875,0.9,0.84,1440,
0xa72afb51b2d8bc99b7462b5dca3598ea5e9c7d7f425548590331c7c165c997f9,nfl-min-chi-2024-11-24,2024-11-24T18:00:00Z,2024-11-24T18:00:00Z,33480753258999213431388499149496307930026540930488764923726289072066015438095,0.6,0.9,0.625,1440,
0xc07162cfd56c10b3803e7dc3d1b41e3d78dc2e22f172a374921c2d3870b42e4f,nfl-ne-mia-2024-11-24,2024-11-24T18:00:00Z,2024-11-24T18:00:00Z,52689344376060093617169619951915380406804451704353631858665152556965079296847,0.23,0.9,0.225,1440,
0x9b5444cc5c87e08fbf5a3f44aaf4596e92e664f88966b37e4a8d87e890a12603,nfl-tb-nyg-2024-11-24,2024-11-24T18:00:00Z,2024-11-24T18:00:00Z,104451694325873262748540608790795571817793219652243795003424520592703965723052,0.715,0.9,0.725,1440,
0x45b593176961ea8f9792b373cc723b0f664938f8c0e985c110517ab26689966b,nfl-ten-hou-2024-11-24,2024-11-24T18:00:00Z,2024-11-24T18:00:00Z,108787275887356519969985027891179648299445481595030713729086251020728153974596,0.215,0.9,0.215,1440,
0xe7e522976bf7a26b5dedc69e6ddfc6b82412b7ea7743f154dc339ae97957b238,nfl-den-lv-2024-11-24,2024-11-24T21:05:00Z,2024-11-24T21:05:00Z,97633099767874049498753460504035800940936865978189732172932739459522829580096,0.69,0.9,0.705,1440,
0xc8ea9a0cc7d4f014df9943e95559501ae398131a9dc5bdb113513a20a9825374,nfl-ari-sea-2024-11-24,2024-11-24T21:25:00Z,2024-11-24T21:25:00Z,65888388012571008533106352889924356339252358796093780875924047403207476010090,0.515,0.9,0.515,1440,
0x5f00c7fc8b8c2d2d1a9c5154b393e86081e45ae1f09ad499a6ff661d0f7de7ee,nfl-sf-gb-2024-11-24,2024-11-24T21:25:00Z,2024-11-24T21:25:00Z,31810381566303618050097015787661763329005917055073095560146290609975123097509,0.285,0.9,0.305,1440,
0x5e9feab7d59252bb6b0ea7d58cef6fb05d4c7385bd186e855827e1cda41e8cbe,nfl-phi-la-2024-11-24,2024-11-25T01:20:00Z,2024-11-25T01:20:00Z,113502847619230217703298024140159283310639062337303913442196469041696372574126,0.605,0.9,0.595,1440,
0x9e0273e66a75f2093622cc94329c4c0f6f66c99b4b09668b0f22c50740582b7b,nfl-bal-lac-2024-11-25,2024-11-26T01:15:00Z,2024-11-26T01:15:00Z,59477610302427013289959692245277480677717674120297188826527231362538961490628,0.595,0.9,0.58,1440,
0x5b8289a8c04610e8f7e0cbb03578418176d02b63ba97d9e93d49e230ea670889,nfl-chi-det-2024-11-28,2024-11-28T17:30:00Z,2024-11-28T17:30:00Z,52369674965096700774617707207287225594847643387930320780732931388607767798749,0.185,0.9,0.165,1440,
0x49dc7682d5a147bec5965098d6f5575c5dc142d9e80f7179ae50e9685c50235e,nfl-nyg-dal-2024-11-28,2024-11-28T21:30:00Z,2024-11-28T21:30:00Z,85403709620076933098312421365335530529377636743406004759698358458865125388184,0.325,0.9,0.365,1440,
0x68c4077d998a674d04edbcbb185ec5173188a54dfa99401decb2aaa3e0f130fa,nfl-mia-gb-2024-11-28,2024-11-29T01:20:00Z,2024-11-29T01:20:00Z,31196485664263147497675521812804400494562304191513978892526120918749495987061,0.385,0.9,0.38,1440,
0xcfc11a81f866efef752fd6a3d49f7f8282ba6bb15b254a9451ec39c6ed466b21,nfl-lv-kc-2024-11-29,2024-11-29T20:00:00Z,2024-11-29T20:00:00Z,107721870274101876338736271504077480626141558794945966949368797348083951866903,0.125,1.0,0.135,1440,
0x07632cc8d0c6ae7ef9da2f34ba39471a38b8f123f4c54a5e46d7fbe806fbd3c3,nfl-ari-min-2024-12-01,2024-12-01T18:00:00Z,2024-12-01T18:00:00Z,35559000725052950346690958087345071691785429459659412546192203545627630147888,0.375,1.0,0.375,1440,
0xa1545abe49521bf3d476db0fe7a3c2227a54b36f904e27aca14f95759c39eb94,nfl-hou-jax-2024-12-01,2024-12-01T18:00:00Z,2024-12-01T18:00:00Z,112825855617466921023632148582171419222825316304762534215801038874048063638625,0.625,1.0,0.645,1440,
0xdbf84cb61acd00222a5b1192377b73785f8864f4066d9b2669e1f98b21af01d9,nfl-ind-ne-2024-12-01,2024-12-01T18:00:00Z,2024-12-01T18:00:00Z,77470978324864018989929209932419053282899333807976122723686262840039148508375,0.545,1.0,0.565,1440,
0x233139629fe27474858b1f9669f54dad3a57d8d21dc4c129b1188271a0c51daf,nfl-lac-atl-2024-12-01,2024-12-01T18:00:00Z,2024-12-01T18:00:00Z,58428262957149500070681493305415777984903107245729165173484659047161192127664,0.485,1.0,0.515,1440,
0x3a59784d74e1f1b88a36d37483eddf07054668e65a4424487cb479cc523a342b,nfl-pit-cin-2024-12-01,2024-12-01T18:00:00Z,2024-12-01T18:00:00Z,106922202285535029846324649112574679564156411319038213384246389677545345710182,0.395,1.0,0.405,1440,
0xfe5541745b12c896c8fefb0ef3e1b945d9d20d44aa188d9c1a4be1415a47842c,nfl-sea-nyj-2024-12-01,2024-12-01T18:00:00Z,2024-12-01T18:00:00Z,27202057230590628409380978547275203655609435694274790933521781933229556545871,0.47,1.0,0.51,1440,
0x38a4046f4eff4feea1fc0e506b2768081c0cbcba2dae53cba1a3c8781d3d0607,nfl-ten-was-2024-12-01,2024-12-01T18:00:00Z,2024-12-01T18:00:00Z,40888685391164193310132283589611386636037301651767923406695735339093658137348,0.305,1.0,0.3,1440,
0xdf96d87da77190e34bc4fc288f4298f66d37d77dc7c16d37ae3afd63a92afc6c,nfl-la-no-2024-12-01,2024-12-01T21:05:00Z,2024-12-01T21:05:00Z,97310800186246793252730631651566881900487166046400501756335285468328921779683,0.59,0.9,0.575,1440,
0xdf3af4005d85cc83172125226b8bc29752b0049852952c0f47fc7d3b89f99072,nfl-tb-car-2024-12-01,2024-12-01T21:05:00Z,2024-12-01T21:05:00Z,34422518471991452031237850020500924019382881495870774144726988923032403937276,0.735,0.9,0.705,1440,
0x442c54385cccab383fe456bbad588660089f663a8b54a330bdb65bfd2e691491,nfl-phi-bal-2024-12-01,2024-12-01T21:25:00Z,2024-12-01T21:25:00Z,76816749891498326513277770151306320440601592057872827816392149682440446401061,0.395,0.9,0.415,1440,
0x49574126072ac7bc2bf2f07ee9775e6567e6a64bc80d7eceefe9ece15e4fbd7e,nfl-sf-buf-2024-12-01,2024-12-02T01:20:00Z,2024-12-02T01:20:00Z,211651933098736587995048206733264018011072625567964371330079265846337501352,0.265,0.9,0.285,1440,
0x19ceeab155ce6a2400b874388d155f6533df7906eaa64f7148d04123453656dc,nfl-cle-den-2024-12-02,2024-12-03T01:15:00Z,2024-12-03T01:15:00Z,27118625056732804466973739799167138628395997592625689655673268790217346015859,0.28,0.9,0.285,1440,
0xbfc1f48d2ef89dd19566ee0b9d9db74b919f3416982689ed1a0b38eadafe41f9,nfl-gb-det-2024-12-05,2024-12-06T01:15:00Z,2024-12-06T01:15:00Z,26845146603551721652383321375038141644106062942824114172339245303499147691151,0.385,0.9,0.375,1416,
0x386b414a9dc3961bab017a652a935669b4b1c956211dedc0fb6cae9483cc8877,nfl-atl-min-2024-12-08,2024-12-08T18:00:00Z,2024-12-08T18:00:00Z,113871490896082650851179050747993763145549975494313432998864878485667514253806,0.3,0.9,0.285,1440,
0x95ab5756b943bf8146f588e462877ccf03e5364ac564a9601470760234b5bff2,nfl-car-phi-2024-12-08,2024-12-08T18:00:00Z,2024-12-08T18:00:00Z,74298916140781978054246908166380608300490869287320164419680726041615721835228,0.115,0.9,0.135,1440,
0x6b4968a4e7fcaf7179b825d87c108683cc3086eecaebaefd7d7bc47b9ec7ebf7,nfl-cle-pit-2024-12-08,2024-12-08T18:00:00Z,2024-12-08T18:00:00Z,39482243828676563298707632620459737337708739452563870143787128038622692791997,0.28,0.9,0.265,1440,
0x658b81d6d123ab39ea02d78b1dc386d2ced267f75a793c8e86d32a1d78a45022,nfl-jax-ten-2024-12-08,2024-12-08T18:00:00Z,2024-12-08T18:00:00Z,61321848938241779598284711887094322552992170955557276298338139534377041828427,0.395,0.9,0.375,1440,
0x8f23054af6638c20f0ec5a2fe58e2103de5dcb4aa9098b866e92bdfd54a07e84,nfl-lv-tb-2024-12-08,2024-12-08T18:00:00Z,2024-12-08T18:00:00Z,50368204744986320947632064210715349746326414140099985174023107128610522384775,0.255,0.9,0.275,1440,
0x0e2277d8c413e8d2e4457ebf1d848e662081b85af190b176c8ac5c5c4ec0c426,nfl-no-nyg-2024-12-08,2024-12-08T18:00:00Z,2024-12-08T18:00:00Z,85253493358335094303710757665827042592501152538573551756874224565787810617781,0.69,0.9,0.675,1440,
0x41c84034f8e5f053905f6dbe87d0d923792839aecc2d18d872a872e1dc96b46b,nfl-nyj-mia-2024-12-08,2024-12-08T18:00:00Z,2024-12-08T18:00:00Z,35979092723765021468768419864581651467119601472669920119461350657078837936281,0.275,0.9,0.285,1440,
0xe043f9e47330c68a74b44ff60d7b89416538458999343c9c0a5ee619cee93689,nfl-sea-ari-2024-12-08,2024-12-08T21:05:00Z,2024-12-08T21:05:00Z,11680502124919904374634394706489279855266901421204358154935414438064121307118,0.385,0.9,0.425,1440,0.615
0x8a5856973c75efb73d8d07ca46cb50f10f6e66b7f859a28c5e51616d4697f708,nfl-buf-la-2024-12-08,2024-12-08T21:25:00Z,2024-12-08T21:25:00Z,57358319380891930409071789667392626931888087239902756975712905623842296532904,0.645,1.0,0.645,1440,
0x298412f28ed641a772a9b920ad3f6095f3baf5a67b3d0b4e30776aeb00eb6478,nfl-chi-sf-2024-12-08,2024-12-08T21:25:00Z,2024-12-08T21:25:00Z,46770038267576709533637194318768592042139743287150163082143723505121586990685,0.395,1.0,0.38,1440,
0x84759b103d45357f27592b16e25462167ca1e3aefb80aa29a39cab4429320fd9,nfl-lac-kc-2024-12-08,2024-12-09T01:20:00Z,2024-12-09T01:20:00Z,10612910003478771998548755832172699632219774497399222424663937190682055348055,0.315,1.0,0.345,1440,
0x119564ff5d0d25478f67c591615d1141ae49268c213f2b195eaae0686e91def0,nfl-cin-dal-2024-12-09,2024-12-10T01:15:00Z,2024-12-10T01:15:00Z,43712670463101384543716474104772375960395958816786202841165443229163930408205,0.685,1.0,0.685,1440,
0x5132d0a92ad461ef662bd28c099337f1cc8b54242931d1c074a6bb5b9530a122,nfl-la-sf-2024-12-12,2024-12-13T01:15:00Z,2024-12-13T01:15:00Z,63406494961457285236789494544706119772694218701322144530491038077928459153015,0.405,0.9,0.415,1440,
0xfc6699592037ab55a67630c5a68b0f8bb85718d1518bafa5a758a00a0a760e84,nfl-bal-nyg-2024-12-15,2024-12-15T18:00:00Z,2024-12-15T18:00:00Z,10673750375218301486261555829920812738740098352404930320002091101364695668944,0.925,0.9,0.92,1440,
0x536e68a1aebc38b85058962eee12a7323fdab96ad6c1d2a3d8c60bee8130db26,nfl-cin-ten-2024-12-15,2024-12-15T18:00:00Z,2024-12-15T18:00:00Z,52527582637351135131181027706182585873446526178460423095672171766751799291241,0.715,0.9,0.705,1440,
0x9d3dd3240db46be9558d856f5d82e45b9e86125c3d9fdb507d752e3c447cf779,nfl-dal-car-2024-12-15,2024-12-15T18:00:00Z,2024-12-15T18:00:00Z,62911264088876066163783576564712307571039724282470668880518312840040721552109,0.425,0.9,0.425,1440,
0x5b286601fcf583ebe194ac9c57e746e2c3319b8dd6893daf0cfeea085e07a798,nfl-kc-cle-2024-12-15,2024-12-15T18:00:00Z,2024-12-15T18:00:00Z,50349792990968343290176683348041411310694682615125125882431490956493662945872,0.685,0.9,0.695,1440,
0x8e49c8fef05cbbe9252d9be561ace534e9b4e7254e9e1f2cf7ee5a909c201ea8,nfl-mia-hou-2024-12-15,2024-12-15T18:00:00Z,2024-12-15T18:00:00Z,87379849269295773398672403530847432319289701222505937423862938791439741142432,0.405,0.9,0.415,1440,
0x74525549564755570c9de287e5a045a89c19c821545b3cd5dfdf6407cf6fc692,nfl-nyj-jax-2024-12-15,2024-12-15T18:00:00Z,2024-12-15T18:00:00Z,105101905410418180032739469326478052911955324233599400859325090806538892856078,0.63,0.9,0.615,1440,0.37
0x942e6592252e11bf733f08652a1177ac1b5f0c1e9c960d4cd370d3aeeaca164a,nfl-was-no-2024-12-15,2024-12-15T18:00:00Z,2024-12-15T18:00:00Z,112920739368466089663915373471115160225644203176793519330144750684138724907837,0.77,0.9,0.775,1440,
0xed846b6294cce35e19f661e4251a4e12882d2f55504a11720d6f672bafb48c27,nfl-buf-det-2024-12-15,2024-12-15T21:25:00Z,2024-12-15T21:25:00Z,63895600911096150987966560128032397372066283176604225464009769952220108923525,0.44,1.0,0.425,1440,
0x3d06d7f914dc48f3d95953bd37190638e2db523e7cf1383bef69431dda710c92,nfl-ind-den-2024-12-15,2024-12-15T21:25:00Z,2024-12-15T21:25:00Z,90210913981349305661852335696972789272450099239521874076392358660408089903938,0.33,1.0,0.335,1440,
0x9e0cefadce1614c50f3bf79ae5e8dc346268fb649229372b0c4732c2ebaae233,nfl-ne-ari-2024-12-15,2024-12-15T21:25:00Z,2024-12-15T21:25:00Z,93979924846706960661770695703384879473150178843180273527359554320790424363845,0.285,1.0,0.295,1440,
0x300b2aba414e34ab494165e4baa2c06b9476e1c61b0b2b397a3f1671bb23a259,nfl-pit-phi-2024-12-15,2024-12-15T21:25:00Z,2024-12-15T21:25:00Z,102369101514035978963296978254297816845097840773557717439051992093148871165638,0.305,1.0,0.305,1440,
0xa38c158c1084e994f2fe8081dd400d2ab51ab94b814658c69c374de421baf497,nfl-tb-lac-2024-12-15,2024-12-15T21:25:00Z,2024-12-15T21:25:00Z,34928234836543642058874342691838598261658699555378965538563885115509662719426,0.395,1.0,0.415,1440,
0x40960294fd0d6416655f24ee138a4bdae0426efe3fbbf7217c7d6395b560131b,nfl-gb-sea-2024-12-15,2024-12-16T01:20:00Z,2024-12-16T01:20:00Z,64373472373628568191607318564051625762991714925762868880865055750715696794351,0.585,0.9,0.565,1440,
0x0363d3a3a07ece8576d94b82928a17dd85e522fa3802c93fb2ade2eb74e79d16,nfl-chi-min-2024-12-16,2024-12-17T01:00:00Z,2024-12-17T01:00:00Z,28584175030341222475420558564710070560581863870419349137785050759596759846911,0.24,0.9,0.255,1440,
0xbd89d6ed8eef40a72238766a85634e22e205e164d12bb2754089e5a3b3799e08,nfl-atl-lv-2024-12-16,2024-12-17T01:30:00Z,2024-12-17T01:30:00Z,53329206953474192363337144476577131186691367315171370080784748015227138898886,0.735,0.9,0.695,1440,
0x575768d67dda782f6045d9dc31c5c5f97927758b5cba938fc1142fff50553334,nfl-den-lac-2024-12-19,2024-12-20T01:15:00Z,2024-12-20T01:15:00Z,3026048102127702133457117093912140774113798531209195947278546599230259856502,0.425,0.9,0.43,1440,
0xf6ea0a571a43a122471e1c7604d6bd8c267082a39758bdd8162dbfae0cd8d137,nfl-hou-kc-2024-12-21,2024-12-21T18:00:00Z,2024-12-21T18:00:00Z,40739562057794550541187194569338873089092359730180442205123214215534855241164,0.355,0.9,0.365,1440,
0x737a9a9e45137b18259d0753deb060ff8c58c8b10932c72f69eb85ffe00cb1ee,nfl-pit-bal-2024-12-21,2024-12-21T21:30:00Z,2024-12-21T21:30:00Z,6887544078367944824893545942620155975425013995205207906052662613902557327852,0.24,0.9,0.265,1440,0.76
0x1e0c69bf84fb76fd9cd2a0a78f1db98b3883d6aeb2db2ff0fbd6aa46b2d42670,nfl-ari-car-2024-12-22,2024-12-22T18:00:00Z,2024-12-22T18:00:00Z,112827770833091099446220954286974662852295672959483347556670996659781852861868,0.7,0.9,0.675,1440,
0x64ab3c8589a3100296c5f60f6215761ba45de5f8930f7767559ba1226eaca6ed,nfl-cle-cin-2024-12-22,2024-12-22T18:00:00Z,2024-12-22T18:00:00Z,10036571221454071039674643399023064878150626042239486365147578751073077318268,0.18,0.9,0.195,1440,
0x920344cfde22aa05d6d68ed914485b2964cc1bbba7b0b4b636f5dcea96caf47b,nfl-det-chi-2024-12-22,2024-12-22T18:00:00Z,2024-12-22T18:00:00Z,11433501734436295799981118408903105734901341898250384973081469315959617113711,0.745,0.9,0.755,1440,
0xf9e4d261c38d76ad8b7e4b96ae69ffc26b1b0ac87571ac4f4bf2919e6f984a13,nfl-la-nyj-2024-12-22,2024-12-22T18:00:00Z,2024-12-22T18:00:00Z,29782751284069570058520385992038531012148727373726324907544740849346796281412,0.59,0.9,0.605,1440,
0xc296b2cec8da6884e4c6ff1355ad17ef60eccc6df63b79e7772d4bc92e1dcd3c,nfl-ne-buf-2024-12-22,2024-12-22T18:00:00Z,2024-12-22T18:00:00Z,18571307807254345537059544717569537231974884318905799869526321290771719525116,0.085,0.9,0.095,1440,
0x541244e7cc1b628e6c937a7290bbc7ed178d309900ce863c9c9cdb36fc76348e,nfl-nyg-atl-2024-12-22,2024-12-22T18:00:00Z,2024-12-22T18:00:00Z,42200809169074097220764744904399934272319800292362202602732763863931562985850,0.19,0.9,0.195,1440,
0x4f61244a916622ca1dcae38c162cebccfa2124f533e9bd3740196183afc20eca,nfl-phi-was-2024-12-22,2024-12-22T18:00:00Z,2024-12-22T18:00:00Z,66120216211770292426154630377289823538585027648629058120934105494658411457940,0.685,0.9,0.64,1440,
0x976664c5dd93bf33bfb54755c3196fe8ad7668fbb8eabbacc36f435eda38c2cd,nfl-ten-ind-2024-12-22,2024-12-22T18:00:00Z,2024-12-22T18:00:00Z,93530605124746764867910998162535696129475181473398050555741866676933793317293,0.33,0.9,0.365,1440,
0xcec87ce0f17fd9f682e8e1ffbf16c7b4770524cd601665722d9520912d567624,nfl-min-sea-2024-12-22,2024-12-22T21:05:00Z,2024-12-22T21:05:00Z,69909327871587852658548768220779056860294740819392829397886713007603547008987,0.555,0.9,0.585,1440,
0x1620358251a2c9802faafd655dfd2d3bb889350f31bc9a04d8effd6b4275f806,nfl-jax-lv-2024-12-22,2024-12-22T21:25:00Z,2024-12-22T21:25:00Z,46287871937228344970001849800897940134425813899024404060984934788516434103826,0.45,0.9,0.465,1440,
0xb77c2f3caadad837e5f5d1a5f8cda62e955a04fb3111ef97c02395df04106ff0,nfl-sf-mia-2024-12-22,2024-12-22T21:25:00Z,2024-12-22T21:25:00Z,105880287114927163779066950845728206682049036366496667759761522224038326399535,0.545,0.9,0.505,1440,
0x28225d6921d524a1a7dd08d639a664b043a94508829b7591f2d511434178f445,nfl-tb-dal-2024-12-22,2024-12-23T01:20:00Z,2024-12-23T01:20:00Z,8927632823494869797347396776664385091502169162453498144425917463461248206085,0.695,0.9,0.5,1156,
0x646f58e9fb7a05559146d5f76c79ebd106acb5ea1320ff379f2715f601b695cc,nfl-no-gb-2024-12-23,2024-12-24T01:15:00Z,2024-12-24T01:15:00Z,88775957846893224497016571296378449889414074195359818929543168350556820979101,0.095,0.9,0.1,1440,
0xada51bc42a264394ace58997a347b60351622d555a6c2a86ded3a78615e388ad,nfl-kc-pit-2024-12-25,2024-12-25T18:00:00Z,2024-12-25T18:00:00Z,56724154750377002831649637065803386870259449699331618692023957900011948866571,0.555,0.9,0.59,1440,0.445
0x523cdec10b279dc56c247e5f4bd18112e248cedb6787be16efb6fe38f35d8447,nfl-bal-hou-2024-12-25,2024-12-25T21:30:00Z,2024-12-25T21:30:00Z,96068332523096180005575320242928388798768018366099748747318498701297507060501,0.745,0.9,0.705,1440,
0xd2987f9e8a627829c72a28aa65f5ced151f3e696139b528469c11890addf5204,nfl-sea-chi-2024-12-26,2024-12-27T01:15:00Z,2024-12-27T01:15:00Z,82711002860140085047053625942211618612284865189075972339549860738191982881075,0.675,0.9,0.655,1440,
0xc8fb957619c3ad8c9f29419f83373663867bf377688cdc17b1d1d49f0beec9f7,nfl-lac-ne-2024-12-28,2024-12-28T18:00:00Z,2024-12-28T18:00:00Z,24275684198835217012270249504843315908513680941200024810073814607070848442953,0.725,0.9,0.695,1440,
0xc55c68bf3a087e4d72b4d9821994685aa29e241ce2ccdd270503f29c85552f91,nfl-den-cin-2024-12-28,2024-12-28T21:30:00Z,2024-12-28T21:30:00Z,83990453361857127303375841253265627384978791400552619031530622127089240059503,0.385,0.9,0.365,1440,
0xd514cd59ba0dad2c4ed2ab3ab96fb6c479565eb2ebe7fdda553116cc1258da19,nfl-ari-la-2024-12-28,2024-12-29T01:00:00Z,2024-12-29T01:00:00Z,50256170506338507878998005727575638281247511275522116517808947493411545025867,0.265,0.9,0.265,1440,
0xb2ee812431adf7a99db4a94e5a043c4a4c33d218af399690f0831c05c9b5c155,nfl-car-tb-2024-12-29,2024-12-29T18:00:00Z,2024-12-29T18:00:00Z,53466714970147346121129516188497956287586692171105446550759653775701612503390,0.175,0.9,0.205,1440,
0x9f1261e40c8cd913c986d68c890427a88da66d4a21e5f40f792ea7bc53faad09,nfl-gb-min-2024-12-29,2024-12-29T18:00:00Z,2024-12-29T18:00:00Z,32647956167505931425364742594968023540709126828785485847184972211625326724669,0.505,0.9,0.475,1440,
0x174b42d7a8f351ffd49b95215bf684ef9a735b10d3bf394f25e6f7ffae290a35,nfl-ind-nyg-2024-12-29,2024-12-29T18:00:00Z,2024-12-29T18:00:00Z,9933418943575292564950855304728888113496628537987507657159811755915404076444,0.775,0.9,0.765,1440,
0xc287b749c1c6eee77bdc3c15a9931ec40324f0d4e5321149675a5c59987482cc,nfl-lv-no-2024-12-29,2024-12-29T18:00:00Z,2024-12-29T18:00:00Z,8818074921322322384763670382304819719194969390540559060334908240454265906083,0.535,0.9,0.525,1440,
0x5f18896851d6fabcaacbf03d8e6b3a04cf07a809ece78a1d86cd59c84cf6f9f2,nfl-nyj-buf-2024-12-29,2024-12-29T18:00:00Z,2024-12-29T18:00:00Z,7158041221490407757903620302447243566630578318864275693903463227800025090005,0.175,0.9,0.175,1440,
0x958f6a47a6ca6ecfca2834f82dda7d7b1cea3f077b48662ab8f325532fd48509,nfl-ten-jax-2024-12-29,2024-12-29T18:00:00Z,2024-12-29T18:00:00Z,48702158794011595803895919861348372975968942384698509777106191015768580371637,0.535,0.9,0.505,1440,
0x25ff35efdb88220f324547dd2f2f5a5e2ebd9dec555c4ac03c5fd798ffcebb12,nfl-mia-cle-2024-12-29,2024-12-29T21:05:00Z,2024-12-29T21:05:00Z,42615074076101050795821402727145054019962693127715055479020703035620370951068,0.625,0.9,0.605,1440,
0xe6219942af0dd2bef69f8d4037f737691b7dbb0ab51ab3e6e95f6f8d6e4a0802,nfl-dal-phi-2024-12-29,2024-12-29T21:25:00Z,2024-12-29T18:00:00Z,8537006420822959501014527476361624235132448010416349245168355380369584172573,0.225,0.9,0.245,1440,
0xe4c4ecd60c6383a04e7319c2539af61492667c745d1e1108416b1b961c5d2e1b,nfl-atl-was-2024-12-29,2024-12-30T01:20:00Z,2024-12-30T01:20:00Z,19596013706545243172004925194426210512996682054818484708705241910288403326488,0.345,0.9,0.355,1440,
0xce908f140145b3d28abe31e0ad189be3031248aec1ceb057266f6f5c143be097,nfl-det-sf-2024-12-30,2024-12-31T01:15:00Z,2024-12-31T01:15:00Z,32405823341266000411798641844683669509879123939706698696435748004256813494690,0.665,0.9,0.655,1440,
0xdd7a0b09d817e3fce98b1f3b95a1ec4514f635cb202ef12af73d365411470299,nfl-cle-bal-2025-01-04,2025-01-04T21:30:00Z,2025-01-04T21:30:00Z,112890210919382927079018855860555587126349945201105538795545128010080514882089,0.055,0.9,0.055,1440,
0xa3ff09b5ebab7398acc7686bc967141b980d6aeb61f15995268002e67be07c33,nfl-cin-pit-2025-01-04,2025-01-05T01:00:00Z,2025-01-05T01:00:00Z,59385127612460146071271480127678763631748181576610704521642633299214897610080,0.555,0.9,0.555,1440,
0x989df6a334b7eec20398a0ca8cd22841683b637092d4cb769257907db45cd542,nfl-buf-ne-2025-01-05,2025-01-05T05:00:00Z,2025-01-05T05:00:00Z,103890019175283288346877604613853975484695568572861027150745308820334989478096,0.645,0.9,0.605,1440,
0x16e565c875d39b2b78e3060061df742d339ca0da5d6937727e56fcf9e39f2510,nfl-car-atl-2025-01-05,2025-01-05T05:00:00Z,2025-01-05T05:00:00Z,55566836391179207418448604361918024129590216430058307557349447796973908923036,0.225,0.9,0.215,1440,
0x75dbcd792829abade7338e3b2293f465c97a678ba9d3120c78dcfaad2d552a35,nfl-chi-gb-2025-01-05,2025-01-05T05:00:00Z,2025-01-05T05:00:00Z,97810915794612571289412771717250480581857774579432595033906966987875681659790,0.19,0.9,0.185,1440,
0x007d96e86168e3eba267690f04492b5a3a0250970746dbbb17266a26e8f84ddb,nfl-hou-ten-2025-01-05,2025-01-05T05:00:00Z,2025-01-05T05:00:00Z,32159330253548347101627381563544460899911253567847672437119689222448544793941,0.475,0.9,0.475,1440,
0x51fdf908692ac89ae6879c5b31195868aefffaca59ef553bf81e91a6b0019cdb,nfl-jax-ind-2025-01-05,2025-01-05T05:00:00Z,2025-01-05T05:00:00Z,86365003392249185469153377347275218632674318727046417364003013317488269766108,0.395,0.9,0.35,1440,
0x77b3382851ae13cb9e5326ead7c237460a7be86b663bac0d06c4d543e9952531,nfl-kc-den-2025-01-05,2025-01-05T05:00:00Z,2025-01-05T05:00:00Z,12847044826085460225273896362685566879053776824054882501438240725601390377447,0.165,0.9,0.185,1440,
0x60c3a523f15715d732413ded5b3ea5281f5ae8ec099403f3580889bc4faae475,nfl-lac-lv-2025-01-05,2025-01-05T05:00:00Z,2025-01-05T05:00:00Z,25609041755711571169030379595108707721473851133002078259162310376968311568978,0.755,0.9,0.665,1440,
0xa3f9c7e8b330890372abe97704984fcea1a8f99baf862ca130d50df49a9dd081,nfl-mia-nyj-2025-01-05,2025-01-05T05:00:00Z,2025-01-05T05:00:00Z,33099125643153361071446984292544133135386566239630590847898604464943717818386,0.495,0.9,0.525,1440,
0x41c0ac27c997157304bba97588f5db90c72004203777b097f46471d9988f7c04,nfl-min-det-2025-01-05,2025-01-05T05:00:00Z,2025-01-05T05:00:00Z,2301109748939905583123106714874901832949485111496509343249797916296112528521,0.415,0.9,0.415,1440,
0xae607acf602a42774a156ce8c2beb6a9a6a2c698f56d8d3ada4f7d4b1f308496,nfl-no-tb-2025-01-05,2025-01-05T05:00:00Z,2025-01-05T05:00:00Z,101591811690489816833372397476579237708757598043042238308918071014341870428994,0.095,0.9,0.11,1440,
0xa86c081244ef4d4ee4d9e7eb618f2b1b36e9856f34a4f33ac277e867e5d1ced3,nfl-nyg-phi-2025-01-05,2025-01-05T05:00:00Z,2025-01-05T05:00:00Z,18527012613972286831317537751702727298604205897139932858173345929109546610193,0.435,0.9,0.45,1440,
0x2c9bb2329884bc00aa54dda8453dd316a66ec91efda7c63b6a3f3135d10c5347,nfl-sea-la-2025-01-05,2025-01-05T05:00:00Z,2025-01-05T05:00:00Z,86997530700185221796852854120889729022576676642533825607663931215129700957619,0.735,0.9,0.725,1440,
0x165f860cf83d9c90be39bb987d7765ae17622bc8465ef760ea909d77fdd0a95f,nfl-sf-ari-2025-01-05,2025-01-05T05:00:00Z,2025-01-05T05:00:00Z,115661468635166657820114345498632329550859830727784815795255035220246946870607,0.325,0.9,0.335,1440,
0x0d5846dad0606fd9aab89dae51db8848aa5d43a8169c58665e2853572bb0840c,nfl-was-dal-2025-01-05,2025-01-05T05:00:00Z,2025-01-05T05:00:00Z,68696890929455939696529679639629120658084438328660588684933497500863369367527,0.745,0.9,0.725,1440,0.255
0x145ed5c15e030117f5ea8053a9c5dd0731f889c87284f710b53ab1660a9dd473,nfl-lac-hou-2025-01-11,2025-01-11T21:30:00Z,2025-01-11T21:30:00Z,9512366616502553113701155174432964511959850750494081586013482626707746716194,0.595,0.9,0.595,1440,
0x91b83325a6f0a239908e39ea2f30c41f11a8e6fcaf2802599b65bdf952f072c5,nfl-pit-bal-2025-01-11,2025-01-12T01:00:00Z,2025-01-12T01:00:00Z,65584090774988225391241156006161552881219189084339609128726482304067080361515,0.185,0.9,0.185,1440,
0xa4da4790dd4968377ddc10386b5d0c71779633d221ba2be9258738d4523c58e9,nfl-den-buf-2025-01-12,2025-01-12T18:00:00Z,2025-01-12T18:00:00Z,108943646130572550552515655381051664682117797802741486840940230714808891002633,0.205,0.9,0.195,1440,
0x12496995954c4d3fac97d6bf5345b5f16acbdb137b67a9a0699fa2b6cdde1143,nfl-gb-phi-2025-01-12,2025-01-12T21:30:00Z,2025-01-12T21:30:00Z,9476469838558902049982687870947753406222954220471416892180122582772967232064,0.295,0.9,0.315,1440,
0x7c9a59e9f309273ab4338fc5f2c7f1d424875143751d2fcea08f5e605b411f81,nfl-was-tb-2025-01-12,2025-01-13T01:00:00Z,2025-01-13T01:00:00Z,111692231620996518933311810967864064644309409979264050716622477123064981550178,0.395,0.9,0.395,1440,
0x4467c216585673854a8f397900e08dea1b913b3f70e762a55252cbbb89319dde,nfl-min-la-2025-01-13,2025-01-14T01:00:00Z,2025-01-14T01:00:00Z,106964416084686399090077880107069398948535925166333969255201754549955493894838,0.565,0.9,0.555,1440,
0x065ac10ba499267ee96cb559a099f4ced08bbd145d4c156df87206ad26906757,nfl-hou-kc-2025-01-18,2025-01-18T21:30:00Z,2025-01-18T21:30:00Z,46513502983207022700131432758237838614789054945741639912222462331000336610857,0.175,0.9,0.195,1440,
0xc61d58d10dd07c779f61a961e9ecc3c3ed298c23e2503dc8145b6a44fc5abb53,nfl-was-det-2025-01-18,2025-01-19T01:00:00Z,2025-01-19T01:00:00Z,37106543134583562791320961135571607483280330791583085732040327402425914543448,0.185,0.9,0.185,1440,
0xdffe14ea0bbbd0dc31f21e250af8474595ea207c40beed560d401eed8698a717,nfl-la-phi-2025-01-19,2025-01-19T20:00:00Z,2025-01-19T20:00:00Z,67567030539582563190229410426091272161825106382487602116499221246661018316796,0.235,0.9,0.285,1440,
0x7fbc372d5574c3b0fd007f292df7855a76948768149f2a2574e065c4798bb753,nfl-bal-buf-2025-01-19,2025-01-19T23:30:00Z,2025-01-19T23:30:00Z,101622457575673391023833231226162361112767171106859787863337085963888780445052,0.525,0.9,0.515,1440,
0xa201b01415901949c29cecc61ac217b9f4e0e8e750b9a7310bca0255376feba8,nfl-was-phi-2025-01-26,2025-01-26T20:00:00Z,2025-01-26T20:00:00Z,83940955148650869725264436905852234119369363717380708304966992569071142558954,0.295,0.9,0.275,1440,
0xbdb10ccc5a7f29407bcc40cb5b5811cfaefb9448c87ee68fd31fb222e4d8100c,nfl-buf-kc-2025-01-26,2025-01-26T23:30:00Z,2025-01-26T23:30:00Z,24446538436938173261315609103495564325366703994816797752869181957990545368163,0.475,0.9,0.455,1440,
0x25dad1fbfe1c7249d6e32c079349de4f6b49d7f0bd608a31dd52694cb3df825d,nfl-lac-det-2025-07-31,2025-08-01T00:00:00Z,2025-08-01T00:00:00Z,69318536303708565618968230271263042702861695220285127484053871217065087843488,0.465,0.8,0.445,1440,
0x85c5f44aa8f5bc1f4588dc0825eb266b31b245c2db6d7e594d95ff4920c204a0,nfl-pit-jax-2025-08-09,2025-08-09T23:00:00Z,2025-08-09T23:00:00Z,43031547922319064613828463677875580250531927827750310943746838711974091342206,0.315,0.9,0.35,1440,
0x7c08246ad2b94e88e822b6e8bf465dd5298fd09cc25ab6212fce8aa5f8fb32d7,nfl-ten-tb-2025-08-09,2025-08-09T23:30:00Z,2025-08-09T23:30:00Z,51686786264765161719453063931602163613936693157326250311256420564401071077375,0.635,1.0,0.62,1440,
0x7c73d1274e9ecdae9ed86bcb6678fb8072e994e911b2871300e7a7ec1bc425df,nfl-kc-ari-2025-08-09,2025-08-10T00:00:00Z,2025-08-10T00:00:00Z,9785907907209010331496265532630159355071949307280609357356451657624246027556,0.56,1.0,0.57,1440,0.44
0x6d3b1677cd523cc3cacd84cbaad9d68f17bb342477f6629fad4cb30d261f5142,nfl-den-sf-2025-08-09,2025-08-10T00:30:00Z,2025-08-10T00:30:00Z,92240906768443766851488781351177917315566135726809247127296916325410072522718,0.725,1.0,0.715,1440,
0xe3c5aa64ffdafee3f68e0d01281fdbac5e01645ab6828adad9161d356911a38d,nfl-no-lac-2025-08-10,2025-08-10T20:00:00Z,2025-08-10T20:00:00Z,18551089148297582415535856542770682045198591589646146364906667508395171557859,0.455,0.9,0.515,1440,
0xd8351bfb84fed610a6f091fc41dc74c3424466ab9e6e3280eb4d524579e36548,nfl-dal-la-2025-08-09,2025-08-10T23:00:00Z,2025-08-09T23:00:00Z,91048372404731858336310732152924681608238998740462303024695614628343887415142,0.545,0.9,0.535,1440,
0x52c3ce109fbe7a0d20a0b501405757f614c14e2a23d64f30ab4d8b85445ccb11,nfl-gb-ind-2025-08-16,2025-08-16T17:00:00Z,2025-08-16T17:00:00Z,80707585663625572366957982976325952616158671688539600658918679433414315035869,0.32,0.9,0.31,1440,
0x61e342bcfc71db78b7e72a0065694521ef913c008b53cc78c62835487a3577fd,nfl-sf-lv-2025-08-16,2025-08-16T20:00:00Z,2025-08-16T20:00:00Z,91140559126298388365080510274150609352921843539304453696368500658600248872151,0.335,0.9,0.355,1440,
0x19ab407b7256e656ca3012eedafbe618da94b64af62bb78ef03001e37e3da041,nfl-ari-den-2025-08-16,2025-08-17T01:30:00Z,2025-08-17T01:30:00Z,34541522652444763571858406546623861155130750437169507355470933750634189084033,0.41,1.0,0.38,1440,
0xedce788bd21ca477b39df352425d0f446b75c4d39e5286ea42c6d6f6e0e8e616,nfl-pit-car-2025-08-21,2025-08-21T23:00:00Z,2025-08-21T23:00:00Z,51069642562080712558359033815370352245893336403870580920936333903190792886214,0.725,0.9,0.675,1440,
0x8e3e86945f8b40c18803e12a12083cc872d2dfc62a01fc49479ed084f5ce8bfc,nfl-ne-nyg-2025-08-21,2025-08-22T00:00:00Z,2025-08-22T00:00:00Z,71561065263793686812594297264941526641267974706238400677420080998628858441970,0.33,0.9,0.305,1440,
0x45609b4fe121a675bda7bebd0f9a192ea5a756633a50cb254f57e954fa144add,nfl-buf-tb-2025-08-23,2025-08-23T23:30:00Z,2025-08-23T23:30:00Z,26170540744347498272115807409039574146111887004564785827305445615650088042217,0.525,0.9,0.565,1440,
0x5d431b964aa4221c3cdb2285146671879c4a78018077ebb6bd682ef06e627b2a,nfl-dal-phi-2025-09-04,2025-09-05T00:20:00Z,2025-09-05T00:20:00Z,21514133240748015574662054993993295047805126355516867325264088902258026980409,0.215,0.9,0.215,1440,
0x800439094b33b59a2906cc90043818d4e35d1df87ae4995ac5f7d7b00a8494b0,nfl-kc-lac-2025-09-05,2025-09-06T00:00:00Z,2025-09-06T00:00:00Z,67690680751849665494092550253588806561736664761188308181080530798193480370395,0.605,0.9,0.605,1440,
0x35299ef93cb05afc0591faa883c29ece317b78e9d42da9ec88b65b1af6da51cb,nfl-ari-no-2025-09-07,2025-09-07T17:00:00Z,2025-09-07T17:00:00Z,43344777803350518012170161123794413176289743480500560100983860627490586822882,0.705,0.9,0.725,1440,
0xa9e327c25e8812a25eef1a5148bea64a9220a5648ea7146bda09fdb3d860651d,nfl-car-jax-2025-09-07,2025-09-07T17:00:00Z,2025-09-07T17:00:00Z,101375761776496545358075668236902061621203505795200716355118635483047876177317,0.325,0.9,0.355,1440,
0x3346ce8dea0d6aa3d64696e0c997db6888e52c492117c8c9bab750937baeab20,nfl-cin-cle-2025-09-07,2025-09-07T17:00:00Z,2025-09-07T17:00:00Z,73035142302325555020210485877196046438984792081647922803884532734651360716516,0.685,0.9,0.675,1440,
0x7c7b30d19854739d735ae8a582730c3b78bdd81f9f25fb89abb3769dc8dfb987,nfl-lv-ne-2025-09-07,2025-09-07T17:00:00Z,2025-09-07T17:00:00Z,22448300875923062706713342918051068223621183377151259750533936128548745536125,0.425,0.9,0.44,1440,
0xb056305ae1515cfc9d3b990f736de52dae0589804afff219501f28c41d10e6fd,nfl-mia-ind-2025-09-07,2025-09-07T17:00:00Z,2025-09-07T17:00:00Z,80901150691675535167331240767985904686264342296675662012034447201090779840285,0.475,0.9,0.505,1440,
0x08b487097d32f349beecfbd3f7bc00ef4a59d3c166e5f7c0cbf1e21db5f17af1,nfl-nyg-was-2025-09-07,2025-09-07T17:00:00Z,2025-09-07T17:00:00Z,34575023311832483339667268258420517076987809494233466415477275876244912983623,0.275,0.9,0.285,1440,
0xb465ac540cc8d3ba2a467a26c164698214dcd7e4d838e74758ae560710702559,nfl-pit-nyj-2025-09-07,2025-09-07T17:00:00Z,2025-09-07T17:00:00Z,87046672687756378636605654751528479556027904601793738133404472471093272080361,0.605,1.0,0.585,1440,
0x9b3edfe78e9d604ffd30b34d025c93316e89eb970fbec373094aa02e87e3363e,nfl-tb-atl-2025-09-07,2025-09-07T17:00:00Z,2025-09-07T17:00:00Z,34944406065658216016084823936301557660861932214344192846812214246038011583470,0.505,0.9,0.51,1440,
0xa7a09dde2f28c54eb6b2e3e2134c0423b1709f54cbfb57141cc319366820b753,nfl-sf-sea-2025-09-07,2025-09-07T20:05:00Z,2025-09-07T20:05:00Z,109172733913316535114705586051200057287903605061181242379506227953404216467369,0.555,0.9,0.53,1440,
0x1a8631f0ed4bfd974a9b68a5a6984fdac27226b508b84ff6715305193fb1d157,nfl-ten-den-2025-09-07,2025-09-07T20:05:00Z,2025-09-07T20:05:00Z,2380514927336941123028800131266968767491044027156801804391435311258099766848,0.215,0.9,0.215,1440,
0xf7efe36a5a30d3189f50bd33c8248d5601604eb6301af6c55a7e8098852e8c89,nfl-det-gb-2025-09-07,2025-09-07T20:25:00Z,2025-09-07T20:25:00Z,88557634579459154480989251210375541877381416965352828474669581031755319894537,0.485,0.9,0.455,1440,
0xcd044c77e586536eef7ab9e37e67631347a573be58cd6711a27103e454b385bb,nfl-hou-la-2025-09-07,2025-09-07T20:25:00Z,2025-09-07T20:25:00Z,113787822868297867159905285037170674696779995207743801595044851697915201414208,0.395,1.0,0.395,1440,
0x7f2e645fd40487882cc9e7a05d240f5b1c2220a361fbb345b21f921070411409,nfl-bal-buf-2025-09-07,2025-09-08T00:20:00Z,2025-09-08T00:20:00Z,62587413687923316884770873568924706842851707293871241070022337717556806988342,0.515,1.0,0.525,1440,
0xd4cf0aec58a81982ef375d7a3112468d245dae62eec65ce074ad59f3c9d194ec,nfl-min-chi-2025-09-08,2025-09-09T00:15:00Z,2025-09-09T00:15:00Z,49884129924958284634188530013225606487762829361854961582545570618987572349874,0.505,0.9,0.525,1440,
0x5de0620798bee8e21ca383161d2c22f04d8d5a1bb0699d086791a0facc3a9837,cfb-ncst-wake-2025-09-11,2025-09-11T23:30:00Z,2025-09-11T23:30:00Z,14314928389979276635632647526613088139481072092284675871684926440899475330684,0.725,0.9,0.72,1440,
0x868a479c6edc7a88a30961664c00a81e5006a5259a80294133c735c6b21f4569,nfl-was-gb-2025-09-11,2025-09-12T00:15:00Z,2025-09-12T00:15:00Z,97266043848187554502454054724067566304773534120314812074322254497795827628505,0.375,1.0,0.375,1440,
0xf1b72e9bb00bd6a519b17f51c14c4211b2983b0f10f5d9aee6dcc3b8a700ff04,cfb-col-hou-2025-09-12,2025-09-12T23:30:00Z,2025-09-12T23:30:00Z,20230875500226942712658096725178349635392325056501346142426460375702551326933,0.36,0.9,0.365,1440,
0x9a2c2ffe8b7d60010b225f98377754d863fff5a2ea830f8b8558177fac2f0af1,cfb-ksu-ariz-2025-09-12,2025-09-13T01:00:00Z,2025-09-13T01:00:00Z,115000841599149537037498026461831405016361578512525811331504258707883493524557,0.515,0.9,0.515,1440,
0xef962d69bb9b48628ed81f0c41e401fa6f99e8a16e05e20651586d009fdc17bf,cfb-unm-ucla-2025-09-12,2025-09-13T02:00:00Z,2025-09-13T02:00:00Z,95581875437595033837336956205253524536665673372742173588883253541342323188536,0.16,0.9,0.17,1440,
0x3e3e0ade855d6f9bcfd83f174acc0492bb34f473cfa3dd372c5d558d97d3f37d,cfb-buf-kent-2025-09-13,2025-09-13T16:00:00Z,2025-09-13T16:00:00Z,47642880006743399908105710539411612191794279721433336946827430003268605959849,0.935,1.0,0.935,1440,
0x8cb9e4da52c62f1a8ab04ce8deecd98cfc1953ef1f669d5a4d63c7adced3eb02,cfb-clem-gt-2025-09-13,2025-09-13T16:00:00Z,2025-09-13T16:00:00Z,73290735013628435619235992310906081940663070426444589773196797584155505679876,0.575,0.9,0.58,1440,
0xc2c4838ebe520355361bd69a9a81ee88f1383ae3aff4acb0ed70388a4f4fba14,cfb-cmu-mich-2025-09-13,2025-09-13T16:00:00Z,2025-09-13T16:00:00Z,68671216795653691674140342947553403244279289961717635612034145949491222722806,0.038,0.9,0.0415,1440,0.962
0x21ed1849725e328ad0d7f83a858df5ef2487eab5530c6669739405be6d993cdc,cfb-mem-troy-2025-09-13,2025-09-13T16:00:00Z,2025-09-13T16:00:00Z,106648512360666688151590119144906251003270096533153419007767746192358948451277,0.635,0.9,0.615,1440,
0x22d4a4f67983a4dddc118b0791bc5f2019f847719d1ff1461679ed3579e7e3d2,cfb-okla-tem-2025-09-13,2025-09-13T16:00:00Z,2025-09-13T16:00:00Z,52238473701055243598549862073696291699414361781271988003896456383194725499526,0.94,0.9,0.935,1440,
0xc1713d44821cfe9325e9ec5c728aafb842857e0d83e88fe70d7817153db44dbe,cfb-oreg-nwest-2025-09-13,2025-09-13T16:00:00Z,2025-09-13T16:00:00Z,17989168582949614705913511894601917012080764995474441858836439499037822885051,0.9645,0.9,0.9665,1440,
0x589a832eace43d246cdd4508088cc2807286e995e72437a17990e76b8c63c878,cfb-wis-bama-2025-09-13,2025-09-13T16:00:00Z,2025-09-13T16:00:00Z,29645933975575106796555812219455805288609937350579336060448781836626913533739,0.095,1.0,0.08,1440,
0xc836e19aeaf4c86df770509ae9778f7d22055d31e7df375e691202d6316af6dc,cfb-sbama-aub-2025-09-13,2025-09-13T16:45:00Z,2025-09-13T16:45:00Z,63398070510725895528064475712883408538401640359400248912530742046328165716710,0.055,0.9,0.045,1440,
0x42c89ea1e269d01d4649ccd9c7cb8298e1b16d90dd2d1c0dd3f2f1d09e6743e4,cfb-orst-ttu-2025-09-13,2025-09-13T19:30:00Z,2025-09-13T19:30:00Z,35936665536271912197170357571222783648368108935050217546172772022263764919445,0.045,0.9,0.07,1440,
0x65f7bb9082a6c283ef8facf64a6befee0b033249cb3f1920724f41bf956b4b38,cfb-pitt-wvu-2025-09-13,2025-09-13T19:30:00Z,2025-09-13T19:30:00Z,54252905181491969884516842248126800793007451167610203996362299528111512576513,0.715,0.9,0.715,1440,
0xdfc6409d7a2ada81f66c4c0f5750acdc7b7fca8967cbf7c94291c0a9f4e4c259,cfb-uga-tenn-2025-09-13,2025-09-13T19:30:00Z,2025-09-13T19:30:00Z,73794135542131762124573241291480537097390427162859295178478020918716726223197,0.61,0.9,0.62,1440,
0xfa7ed6fbf869842736bce0b13878f5add5249c2ebf3c39f4e324457c9d4912ad,cfb-usc-purd-2025-09-13,2025-09-13T19:30:00Z,2025-09-13T19:30:00Z,106988298647610379527922370582154847623777237635649543499967240933884493444058,0.915,0.9,0.92,1440,
0xc9fba0042f7f793fb896167ac96457637f616d243de5b2086324510300fc33a0,cfb-wsu-unt-2025-09-13,2025-09-13T19:30:00Z,2025-09-13T19:30:00Z,114261282616577113309254410219059064922371868086278745543108125045009841396489,0.3,0.9,0.34,1440,
0x681017130b6ebd5f1ed595be515d7d649356336fa013a3ff9bf4e141d239990f,cfb-isu-arst-2025-09-13,2025-09-13T20:00:00Z,2025-09-13T20:00:00Z,105709815742747322005798720060971139594662148699064035267871635737539459617592,0.925,0.9,0.925,1440,
0xb2b47e105e637e6d61ca7788ce57f5b40bb9fac2874ffb9a09cc41afcf12dd58,cfb-ull-mizz-2025-09-13,2025-09-13T20:00:00Z,2025-09-13T17:00:00Z,99149759680948661177397485128613280516911166504827516346812138524344810096182,0.045,0.9,0.045,1440,
0xb9313af5407d88e184a596b97b563018a06a0a413fdea2d4b248178553943d64,cfb-utep-tex-2025-09-13,2025-09-13T20:15:00Z,2025-09-13T20:15:00Z,41140556830611247082222427896903797684501272206918641024995719615768552851292,0.014,0.9,0.016,1440,
0x37a1e6c1123e23cc6693c6ad647e3a15d5032b0a82a8117492886590cf45c211,cfb-usf-miami-2025-09-13,2025-09-13T20:30:00Z,2025-09-13T20:30:00Z,67163041995427260420358711449026986498277839272338446790174503252851784493555,0.135,0.9,0.14,1440,
0x35478b10d63322ce3942a62597fd93a48c0c00ae87e93c5b53de31c57c9393c5,cfb-lib-bgsu-2025-09-13,2025-09-13T21:00:00Z,2025-09-13T21:00:00Z,100481296336269546586770580135404972465435149364362256779963981966407509723244,0.675,0.9,0.66,1440,
0x4d3c0ee8f018b42a2613e8397e8ac36dcbde15469f4d78548fa1848015f4a88f,cfb-mtsu-nev-2025-09-13,2025-09-13T21:00:00Z,2025-09-13T21:00:00Z,106265426834381859781594513151827959158559769375449638986895931976812369592739,0.255,0.9,0.255,1440,
0x2aebb5759a8b910377bf7b7cea49a220a706f9d9cffa0d07ec3ff399ac1e3c87,cfb-fau-fiu-2025-09-13,2025-09-13T22:00:00Z,2025-09-13T22:00:00Z,113783580368152589133166771547503929407961648450868111432824760700152601673150,0.455,1.0,0.47,1440,
0x896862dd2236de83cb55b3b73faa7e60a73a483299a7516f83be87809357df89,cfb-app-usm-2025-09-13,2025-09-13T23:00:00Z,2025-09-13T23:00:00Z,79047088041479357022174663789458876664288101429114068706759004558596198062566,0.595,0.9,0.605,1440,
0xc355b3042288584c781d6a888107cd014422aae9ebf2534029168c8b5e3e6dd4,cfb-ark-miss-2025-09-13,2025-09-13T23:00:00Z,2025-09-13T23:00:00Z,72080317355807822193430410822972544986108196704201871640737391274467576932121,0.385,0.9,0.315,1440,
0x2b5e5a3d8c979c2287e5c6d03f80325832ecd3bacf34e61687e49cc5c7c0c65d,cfb-jvst-gaso-2025-09-13,2025-09-13T23:00:00Z,2025-09-13T23:00:00Z,86895114816902753289699708665200848607981273418192954064166602945642543401232,0.405,0.9,0.42,1440,0.595
0xa896f7e0e82e26e7850aae45025419bcdacb2dc2a3cf1ac2a16f3fb7d37df01a,cfb-odu-vt-2025-09-13,2025-09-13T23:00:00Z,2025-09-13T23:00:00Z,24180604765841825779066603364199081621645057936157708849050834210588043805445,0.33,0.9,0.325,1440,
0xd6d075c8b5a584f7a09d36d8926feabe7e3a611c45e5a5d653e320ac8fc21e71,cfb-ohio-osu-2025-09-13,2025-09-13T23:00:00Z,2025-09-13T23:00:00Z,2323532639807321479175771472678320626646831286088346317795550417301115679633,0.0205,1.0,0.0185,1440,
0x39a342f5346bb5a079f6f03882b235a83710aedd3897249d0296b4117aaf3fba,cfb-wmu-ill-2025-09-13,2025-09-13T23:00:00Z,2025-09-13T23:00:00Z,114919480079686549565360632533683195683617648529150595148017958915476108066622,0.0385,0.9,0.03,1440,
0x1768ebd8d83949563db1daf94452668e5a30c459e35cfb213e4826b8a4807e28,cfb-ecu-ccar-2025-09-13,2025-09-13T23:30:00Z,2025-09-13T23:30:00Z,21025916614213762247051291529677456174035812072856639411000914066030470690706,0.71,0.9,0.735,1440,
0x8fcf34736e8cd7fa3c8b285ff3c102b8e9a988492697c309dbdf52bc529c4a89,cfb-emu-uk-2025-09-13,2025-09-13T23:30:00Z,2025-09-13T23:30:00Z,37810908589961298860155970559812535471940478720053952308113412591671294796608,0.055,0.9,0.055,1440,
0x7732b6bbe0db5d3e931aedb6814614a196a778da3ec13542051676dd154f911b,cfb-nmst-lt-2025-09-13,2025-09-13T23:30:00Z,2025-09-13T23:30:00Z,109970448577617394247100363388692516340346915260211297992017378208803015766043,0.235,0.9,0.24,1440,
0xbc5606b54063444d85678e1cdb6840ad24ed7dd5bdaa4f70ad268fb244753194,cfb-txam-nd-2025-09-13,2025-09-13T23:30:00Z,2025-09-13T23:30:00Z,94866128433428034766994826156663990241171841832033446441521178034998805284464,0.31,0.9,0.32,1440,
0xadba1e2198bf38d497b94031b863f5fe6105c938b3916bb6bd91e673b28e3f69,cfb-uf-lsu-2025-09-13,2025-09-13T23:30:00Z,2025-09-13T23:30:00Z,103008755533761669812214400123096818136639685523259869722898666952651314472457,0.325,0.9,0.28,1440,
0xd735da2c726d3c3a941ddb66caa666b0f1fa7ef690d06f994cea333e789c4071,cfb-umass-iowa-2025-09-13,2025-09-13T23:30:00Z,2025-09-13T23:30:00Z,30161720907265203192380002629080607783184920623090907743639781180655106839008,0.026,1.0,0.0175,1440,
0xdcb60596f330221286f1afdc73d2ae5ff80780a62701e0b842252740e56834c3,cfb-vand-scar-2025-09-13,2025-09-13T23:45:00Z,2025-09-13T23:45:00Z,60315591848788617477274346716108638213997171025352148549477113588536702446161,0.41,0.9,0.415,1440,
0x15a6075c56250acec5ec5d610e721bbcfd9fffacec078a1297880e044b52b237,cfb-duke-tuln-2025-09-13,2025-09-14T00:00:00Z,2025-09-14T00:00:00Z,31250305453462494809721505159788493972913625257656000464407210539242691673079,0.485,0.9,0.47,1440,
0xa7b921829bfbb7f4bdd7be76428003f84c57387fae71be968b798a7a53396c57,cfb-navy-tlsa-2025-09-13,2025-09-14T00:00:00Z,2025-09-14T00:00:00Z,2594296238117685522193582772235401834984424680314926241825854008680144670787,0.825,0.9,0.83,1440,
0x410e02710998661628538d3abc53c1ecc733f23dea474dd805b4a631a291ad72,cfb-utah-wyo-2025-09-13,2025-09-14T00:00:00Z,2025-09-14T00:00:00Z,27236728410743446496280747425652035889620831633243216577687129688313061518202,0.945,0.9,0.93,1440,
0x58582630f7bb64f056fe4b06d92d97c7cf4c6757858d4972d3c124cd5e7d4c46,cfb-akrn-uab-2025-09-13,2025-09-14T00:30:00Z,2025-09-14T00:30:00Z,17503910720575703313145840578571387054992508474088389357828956669830504961969,0.205,0.9,0.205,1440,
0xb7997461d7391ced67fb5abfe08409586c9ccec0d6a729250cc3517c333fe118,cfb-af-utst-2025-09-13,2025-09-14T01:45:00Z,2025-09-14T01:45:00Z,39961717318865199683923846515640143044935865431920965207129305776606214172682,0.635,0.9,0.64,1440,
0x8af7481b3a52afb5131e252b633ffe21d63160d4c5027ed6ec07e35aa67b39e3,cfb-bc-stan-2025-09-13,2025-09-14T02:30:00Z,2025-09-14T02:30:00Z,2514263770414676800887133623198765543272947531899301200409501834037499402478,0.83,0.9,0.83,1440,
0xf24ec3bc26f79f51b6f29adc1c77a9e3baca8adcdc6c144662306201eb9a55e3,cfb-minn-cal-2025-09-13,2025-09-14T02:30:00Z,2025-09-14T02:30:00Z,99043473199771044341529293393163720141475166372965004842999954291903880935283,0.585,0.9,0.58,1440,
0x3734f860f2ab22a25283b38808c14c8c9957cc218cfd281ef70535b6f9d6808e,cfb-txst-azst-2025-09-13,2025-09-14T02:30:00Z,2025-09-14T02:30:00Z,7120482435764729463978439537886306743465791540760274700900407657784173006581,0.12,0.9,0.13,1440,
0x1444251b3dafb9a59d8d2cea3c6455850c1d36003f03dfbc2e094da2ab2dd161,nfl-buf-nyj-2025-09-14,2025-09-14T17:00:00Z,2025-09-14T17:00:00Z,87577850903423543991235453994807710753729422662140149057954850041955207207262,0.705,0.9,0.735,1440,
0x0eb549ada746e7e1f32d33d3bcb7f4c38130fae33a27fd01d39d5d88fa155524,nfl-chi-det-2025-09-14,2025-09-14T17:00:00Z,2025-09-14T17:00:00Z,4444697541050019376962900604943514295757508567486534969386816672954436295412,0.285,0.9,0.275,1440,
0x4e557959c5f78255856b860a97a3e72b34a263ffceced545dc2f98a206ebe61f,nfl-cle-bal-2025-09-14,2025-09-14T17:00:00Z,2025-09-14T17:00:00Z,63995557840461892588332865163165411562840620046858599169702519150908732822822,0.125,0.9,0.12,1440,
0x6041cb78d3398ec805169b3ff7ba94b9c2e5ad1b31097989ae05d366ba7955de,nfl-jax-cin-2025-09-14,2025-09-14T17:00:00Z,2025-09-14T17:00:00Z,67810275997947981938253646741015890057900632705511722453206521671328305322690,0.355,0.9,0.365,1440,
0x9e7c130fb42833e3a72b4fbb013a5119ed7d6fc06c986a19cb3f016e276ae622,nfl-la-ten-2025-09-14,2025-09-14T17:00:00Z,2025-09-14T17:00:00Z,51573836519146132878493513613185070495246997808266480487488329981442302930861,0.685,0.9,0.7,1440,
0xd41dee54378dbc6371cd731879e20dab13f48ce686fef20a14e2010004c69bde,nfl-ne-mia-2025-09-14,2025-09-14T17:00:00Z,2025-09-14T17:00:00Z,103225507248789263536088497875246901192641349802481783185868600953029034653414,0.445,0.9,0.445,1440,
0xf3ded5c94e43f3b2ed2b00880fb4dd571124e839b31c7499f567d29e2e978aec,nfl-nyg-dal-2025-09-14,2025-09-14T17:00:00Z,2025-09-14T17:00:00Z,54076547059855657719806145868021292142318338797495260956633436105674639242910,0.325,0.9,0.305,1440,
0x3255139811b2eed367c3329581059bd34a37047fd414308c75d7100e7101283b,nfl-sea-pit-2025-09-14,2025-09-14T17:00:00Z,2025-09-14T17:00:00Z,36260396326562272532799506906919376348827913577048909095017965308372007317863,0.355,1.0,0.39,1440,
0x2209d272f45481a4815f9311d94067c2cb2b932546298368f2a3322275169fc6,nfl-sf-no-2025-09-14,2025-09-14T17:00:00Z,2025-09-14T17:00:00Z,36142848746733586038343197646509378631477341652722507459732801384704292472243,0.605,0.9,0.595,1440,
0x573aba90ae041b95e9b835f073bfe7eaaa04511d73ed7dc2e5cddce06ff77ba5,nfl-car-ari-2025-09-14,2025-09-14T20:05:00Z,2025-09-14T20:05:00Z,69129407696425988069895919368679773354153970825417067748670316368994233897564,0.235,0.9,0.255,1440,
0xddf98fc07d7824086f2bb238ff0a7c86268f9bd1e9c23c3f92470fe2a658c7d3,nfl-den-ind-2025-09-14,2025-09-14T20:05:00Z,2025-09-14T20:05:00Z,22316263718887620010492191615166195580038830908593648773088747272284703322334,0.53,0.9,0.525,1440,
0xbaeed5f2c31695be7bfbed65abe9b1e1abd30090b0837fc4dc1f238c41c99c23,nfl-phi-kc-2025-09-14,2025-09-14T20:25:00Z,2025-09-14T20:25:00Z,69163895410056822396270165794278620444554667616576678712566905267253928049749,0.505,0.9,0.525,1440,
0xe2f107836a6236398720178a48a51f0745260d5bf508d2422104c00eca2d6890,nfl-atl-min-2025-09-14,2025-09-15T00:20:00Z,2025-09-15T00:20:00Z,60789086880957750780713364764254460921852256705728566661827468940683473869859,0.385,0.9,0.385,1440,
0x542f347e86af3c848754daee52f296a9f2244db0f62c1e713b9ace8e5dcd7677,nfl-tb-hou-2025-09-15,2025-09-15T23:00:00Z,2025-09-15T23:00:00Z,40782153364549675459609619604455487664625770633429635868886003216427191358848,0.425,1.0,0.425,1440,
0x269c676c69555c6f9609178c0c1b2c7469d413e7e22cd0f340c87390a4f6e766,nfl-lac-lv-2025-09-15,2025-09-16T02:00:00Z,2025-09-16T02:00:00Z,71121952669942307236363236058470471805742786831321999664027282392843121659525,0.635,0.9,0.625,1440,
0x34e17ce3dfbc04915a1a94b1bd7c43cae7247d13423ac4df9fca6205797806e4,cfb-rice-char-2025-09-18,2025-09-18T23:30:00Z,2025-09-18T23:30:00Z,61362896533493306456963334769418574607671440023594780478742294774623185459050,0.535,0.9,0.535,1440,
0xe0a4a160343d3f6f12f3518ac336deee778f9c922c3a8cebc22e4e9bb90947d9,nfl-mia-buf-2025-09-18,2025-09-19T00:15:00Z,2025-09-19T00:15:00Z,14529148793127825511449975029286637677335749514748631099251078277932585217457,0.14,0.9,0.135,1440,
0xf2ee332a87953159001b2ef6077207a054cae6ac5c86c312fbed034ac6a61cce,cfb-tlsa-okst-2025-09-19,2025-09-19T23:30:00Z,2025-09-19T23:30:00Z,81928713208065105469870530290540805830364732896105766836194011222446399690592,0.215,0.9,0.21,1440,
0xcb48a4793e9c7b9a638447ecdbbeaa39584ccb8cff323847a3d25c61fd7fdfdb,cfb-iowa-rutg-2025-09-19,2025-09-20T00:00:00Z,2025-09-20T00:00:00Z,107058893357043948924402768971891074251892938013858053223691491063715153720888,0.545,1.0,0.545,1440,
0xe671e803cfb5f3febf9e37f91c9b186dbe22fca81952636ddfd17f892bc6177a,cfb-ark-mem-2025-09-20,2025-09-20T16:00:00Z,2025-09-20T16:00:00Z,69383034866632919009897560206333623440210867850975636259191141006125764256161,0.715,0.9,0.71,1440,
0x02960034e4e6e1825b0232e9a85c4b532db2fec36ad8faba6e1a9b8c14558706,cfb-bgsu-lou-2025-09-20,2025-09-20T16:00:00Z,2025-09-20T16:00:00Z,21836775686218440462131168416108451566349012699049318501383045015684811164655,0.0415,0.9,0.0405,1440,0.9585
0x3f9ce029d4e77986b7204bf74c6fd31f11bfae9a0b11b40368e05409bc674b68,cfb-mary-wis-2025-09-20,2025-09-20T16:00:00Z,2025-09-20T16:00:00Z,46271692117000993652104165512028683035261810315772087622835416065901038514572,0.225,1.0,0.24,1440,
0x0bb8cc3e94a64e15402deecc9efacda23e63325f657ee1d630ccfcdc50683df9,cfb-smu-tcu-2025-09-20,2025-09-20T16:00:00Z,2025-09-20T16:00:00Z,107840426798949234278664829337621461168576864151972063559456526351950046709110,0.325,0.9,0.31,1440,0.675
0xbe48dca9ed91dcf5d2e176821388fae58b40c15d34714ab477e1fdc9683ae242,cfb-syr-clem-2025-09-20,2025-09-20T16:00:00Z,2025-09-20T16:00:00Z,17899112218975562854506686069125220252319315866727613381757092696748650163650,0.135,0.9,0.125,1440,
0xee4bfb0db500e2d4ce48311f4a67721f8986ba1a79f40cb5f8226f924b1b65fc,cfb-ttu-utah-2025-09-20,2025-09-20T16:00:00Z,2025-09-20T16:00:00Z,56488659175075424291501753785358298193351170483244514166455780397122753924972,0.39,0.9,0.395,1440,
0x32594e91901c9e11a5940b2090f5fc4654c419737de7df35a8d1a74f835d6996,cfb-unlv-moh-2025-09-20,2025-09-20T16:00:00Z,2025-09-20T16:00:00Z,113648487284809709033904313715777574832306444204545250059909733111700481803957,0.53,0.9,0.54,1440,
0x41a06b56c418abc793e2045292b6707533aefd49c979bb75142f56204840b735,cfb-unt-army-2025-09-20,2025-09-20T16:00:00Z,2025-09-20T16:00:00Z,64323241287651770606328534989202373530392633807458397883353266919244667255739,0.575,0.9,0.525,1440,
0xbec99f642e104a6a9023d2d2fffa1859c8c6ee6f2d8bd7f4dd15cbb5491cf72a,cfb-uab-tenn-2025-09-20,2025-09-20T16:45:00Z,2025-09-20T16:45:00Z,60788960420608420273677642058605014448017022334943818205549212969163383999235,0.0155,0.9,0.019,1440,
0xbcc44acb3ca67f8c9d989b431ee364629e03a2e668cbc67cd5bbfc724b131ece,cfb-orst-oreg-2025-09-20,2025-09-20T19:00:00Z,2025-09-20T19:00:00Z,108799671341977836489417117990803892065727371292391135200110013733039536338934,0.0205,0.9,0.0155,1440,
0xc5dbdb24fa06832401d5ab845fb55a1e8f885fdcf4b24537c91b9c0ff20058f5,cfb-aub-okla-2025-09-20,2025-09-20T19:30:00Z,2025-09-20T19:30:00Z,10849669754966137996625949254601809124145858916166996759214843928243672027100,0.305,0.9,0.305,1440,0.695
0x64bc6723e94678f6f6e725f7f746874d4ca3eaa613e7c6681369bf44ab9178ec,cfb-ball-conn-2025-09-20,2025-09-20T19:30:00Z,2025-09-20T19:30:00Z,11429297342745263225679276049598440137849405639292163732109191881845294773440,0.08,1.0,0.08,1440,
0xcc6b61212319fa5f2faaaf0115026ae36615c543b9da899987bc2ed6eaebc42d,cfb-jmu-lib-2025-09-20,2025-09-20T19:30:00Z,2025-09-20T19:30:00Z,54682631594362348270556202004140062916868116047082371515637052823562378032483,0.745,0.9,0.755,1440,
0xcad5ff55e440eb956b7044418c2d5431a2432a06a9f967340f71668a8886dad0,cfb-kent-fsu-2025-09-20,2025-09-20T19:30:00Z,2025-09-20T19:30:00Z,31212009261715166563385522334987803033870483997546367871465949890463588066695,0.007,0.9,0.006,1440,
0x8ee322293f4ed5459114fc50ea6a918b128e82e43c57fce563e12c802ef44a93,cfb-mich-neb-2025-09-20,2025-09-20T19:30:00Z,2025-09-20T19:30:00Z,54459521780643980349729520701051303427477928528681261800717864348397579836320,0.505,0.9,0.52,1440,
0x6a7b6e8e995810d4521a92ab5050c4fc5b0529fd3dc6b3515ca9e880816a1edf,cfb-nc-ucf-2025-09-20,2025-09-20T19:30:00Z,2025-09-20T19:30:00Z,108301993886411986796480418639279094667073251481488452640538274217166445624388,0.315,0.9,0.305,1440,
0xd127eb7c290289506f73892c93f4a0fd75fa3f6e7ff82603eddbbdaa687c5681,cfb-purd-nd-2025-09-20,2025-09-20T19:30:00Z,2025-09-20T19:30:00Z,78956702143657634492813733106712316236712126905372515892238526310873487345309,0.065,0.9,0.06,1440,
0x4c03b4c8715ff94a27f3f40db38d65f34f3dfca3ea9d30e4e88eee23baadb87e,cfb-tol-wmu-2025-09-20,2025-09-20T19:30:00Z,2025-09-20T19:30:00Z,93933673748724000015116626813718129076443688202071503788470076024312424710696,0.815,1.0,0.83,1440,
0x0affe85c6f20ceb60db89578d2096f49b1133146f4538c06e9bdd2454da9a992,cfb-troy-buf-2025-09-20,2025-09-20T19:30:00Z,2025-09-20T19:30:00Z,110084541413118374645027606385584370333500854314563083810671435327984836633601,0.345,1.0,0.335,1440,
0xc331db2f14d42ec977c0ab00341dd3a755ffa3a1b1155fb1a31fd5e954324805,cfb-tuln-miss-2025-09-20,2025-09-20T19:30:00Z,2025-09-20T19:30:00Z,114291287850118850875284650283882551180912925336510916962314922986560475056375,0.205,0.9,0.215,1440,
0x2189659f22fa034b530d872d84ad2048488ba99014a8ac06d6096b4963df9178,cfb-ull-emu-2025-09-20,2025-09-20T19:30:00Z,2025-09-20T19:30:00Z,76581670116640955762547554424624201830566932184384987249067382912288526833335,0.555,0.9,0.545,1440,
0x8127ae4ce00d83f7850d1179259ccd366d0daa091f59b501148033d90cf9322f,cfb-ncst-duke-2025-09-20,2025-09-20T20:00:00Z,2025-09-20T20:00:00Z,22598443753352023014166468961140766355015877301930003212582108814175945891412,0.4,1.0,0.425,1440,
0xbfc628b3580038b533d1f2573b2912305b5ff64012ed3c6ff4921767619d64eb,cfb-niu-msst-2025-09-20,2025-09-20T20:15:00Z,2025-09-20T20:15:00Z,24718374481873136435604708501645814545148983960690038825835243576887437964,0.065,0.9,0.075,1440,0.935
0x7d2b49c703ac3ce89b75d2b9829b6279b4760ee794fbc17a7372daa0d0993972,cfb-tem-gt-2025-09-20,2025-09-20T20:30:00Z,2025-09-20T20:30:00Z,36125728188911159765915518131062647576088624998419042694700652975919911842790,0.06,0.9,0.065,1440,
0x4d877d9eb1c5eeb29426957435880dfa59b7cc78923a7693d4bbe34038339e26,cfb-arst-kenn-2025-09-20,2025-09-20T22:00:00Z,2025-09-20T22:00:00Z,57644356082198262807444659726294742229596050592214998020378070550030391087749,0.645,0.9,0.64,1440,
0xa5fff44c364796c0294f7c44249114a508d89c5ad36d90046fc4141753aaf119,cfb-wvu-ku-2025-09-20,2025-09-20T22:00:00Z,2025-09-20T22:00:00Z,38747582705641035430007973007731065364665490389736999129133552309072833543558,0.195,0.9,0.185,1440,
0x5b81b85be5b5533df6241d41c06e1a46b03ab4b8a300f969e14213da8e72c6c4,cfb-boise-af-2025-09-20,2025-09-20T23:00:00Z,2025-09-20T23:00:00Z,78856120635651990555525848329849440014561733124772480455629511460800433371852,0.775,1.0,0.77,1440,
0x29b6c77f591eedaea30cff14c586b3ae5e62e20a8dc1d49c8875cffce6689bb1,cfb-ccar-sbama-2025-09-20,2025-09-20T23:00:00Z,2025-09-20T23:00:00Z,102261402199733029883812128111661847133344311443997634081513862747300762984160,0.155,0.9,0.155,1440,
0xc32432948a652d1293565a104e000279100e87a037fc4ff04dfbe218cd555c9e,cfb-mrsh-mtsu-2025-09-20,2025-09-20T23:00:00Z,2025-09-20T23:00:00Z,27478322105927836993599046324358635483404201098434753403077261164948350018102,0.545,0.9,0.545,1440,
0xaa5a8c83e5dd1b2587a5adaaa0da7bff71d418e299ca711cd63a84b1046acbcd,cfb-nev-wku-2025-09-20,2025-09-20T23:00:00Z,2025-09-20T23:00:00Z,38793724547490546203978580324486192108032281276621454965133251919581713536944,0.265,1.0,0.235,1440,
0x086988fc4429f0d166bb42192f2fc11eef2b2440936a15d07d31d97e90312cfb,cfb-scar-mizz-2025-09-20,2025-09-20T23:00:00Z,2025-09-20T23:00:00Z,50441764731994968683223767411083787328105058904543034848203316394945777843906,0.245,0.9,0.245,1440,
0x5330e997dd88a34e1ea810eb44174d7680c630b941e1e80fefd36613dca8e9c5,cfb-azst-bay-2025-09-20,2025-09-20T23:30:00Z,2025-09-20T23:30:00Z,39515560517883404468203631806745310841497204142345793968397692293767711564998,0.465,0.9,0.445,1440,
0xb1c8a9859346e5fd092402a72ceb5d1192a2c7f9983aa88239459adf211c9569,cfb-byu-ecu-2025-09-20,2025-09-20T23:30:00Z,2025-09-20T23:30:00Z,114619533848600900864874756581307125109605752324297151585329156520335293580762,0.685,0.9,0.68,1440,
0x33482be407bc706f8271bdca200a95a7f897bac800492069df0a3cc9ac9e56a9,cfb-gast-vand-2025-09-20,2025-09-20T23:30:00Z,2025-09-20T23:30:00Z,93865184347579575020861084007271781151344201297245190821887088722618564689426,0.0375,0.9,0.045,1440,
0x166dc50db4bd8ff277a1873b179e5ab33a2f1b0b150530fc2288de32bf604c96,cfb-ill-ind-2025-09-20,2025-09-20T23:30:00Z,2025-09-20T23:30:00Z,9943850202023702533261860368758924441291340946822741438237710723712473907545,0.31,0.9,0.305,1440,
0x4393391f09c8bfe64c4977acee40ad297d8b014a912e8a2d2ded39be157867ac,cfb-stan-uva-2025-09-20,2025-09-20T23:30:00Z,2025-09-20T23:30:00Z,115672195964380047046309329986758692846616773466500616417214366809414925860631,0.14,0.9,0.135,1440,
0xa3a94e179dba0c4bd35b95dc4f968a120150a8ea0d35946ca35dad0b5c228448,cfb-uf-miami-2025-09-20,2025-09-20T23:30:00Z,2025-09-20T23:30:00Z,27774306146211810230552812908775963586925037528583271838137206878775621092929,0.24,1.0,0.26,1440,
0xcbddd3eaee53b47fae67fd7b883cab67fc1ba7c591bb9cb2ce08e73d9510219a,cfb-usm-lt-2025-09-20,2025-09-20T23:30:00Z,2025-09-20T23:30:00Z,99322087184530250040650942800006796925214121592120573367759183980598257858556,0.41,0.9,0.4,1440,
0x43dd2f5977079419dea8521fa5b60aa4d53981a361ca30fcc02dbee6008abe79,cfb-wash-wsu-2025-09-20,2025-09-20T23:30:00Z,2025-09-20T23:30:00Z,53193599659694818599743127487577105511921073022470096858791101816427186099515,0.91,1.0,0.91,1440,
0xbe64ac0083b7fcab0b99e0867713d9ef70fef961a8da0ecbce9b1d425fab5b42,cfb-shsu-tex-2025-09-20,2025-09-21T00:00:00Z,2025-09-21T00:00:00Z,58040611512894443294650504932231475928640467700667823981757595350427622926301,0.012,0.9,0.0175,1440,
0x4fdf54ae35e6aa90a0d67d12ef4c69f41ff2e43ef3d4a5b7d155abc806384135,cfb-ulm-utep-2025-09-20,2025-09-21T01:00:00Z,2025-09-21T01:00:00Z,1796808046488001009391856947154874966814431342533845390955260098702778895553,0.34,0.9,0.3,1440,
0x87b63a319b1b59e5799e8c957dc3189e6b0ea72cdbb956812f4953ffe458f4c8,cfb-utsa-csu-2025-09-20,2025-09-21T01:30:00Z,2025-09-21T01:30:00Z,47069442125672281219685150034266801789077527221062177372683885862730316637797,0.66,0.9,0.64,1440,
0x312b9c5c1e712fb150a557fbad12fbb69e84f5e036572aff3bdfbc2be245d98d,cfb-wyo-col-2025-09-20,2025-09-21T02:15:00Z,2025-09-21T02:15:00Z,6036867540242575973274774216440544745881874981724113396374039438096359225182,0.195,1.0,0.185,1440,
0xfe2b39eaf8209a7d0ce6c35ddc78e39069f70f9eb68270b1b9ef2c8de1ba2be4,cfb-cal-sdsu-2025-09-20,2025-09-21T02:30:00Z,2025-09-21T02:30:00Z,52537560246150191856010397087474582914279429862225108466942259667960353780481,0.825,0.9,0.83,1440,
0xc2e7cab4e3111d25914456053a685fa3ad942f0a23de3c2cf5ea90f4ca48e896,cfb-msu-usc-2025-09-20,2025-09-21T03:00:00Z,2025-09-21T03:00:00Z,10657975414768920010221332439158595062967288494004733467383722926244012206203,0.125,0.9,0.115,1440,
0x74526b967dffc08c39297cd6d383633887757192c6fc85fac7bef3b2fd075157,cfb-frsno-haw-2025-09-20,2025-09-21T03:59:00Z,2025-09-21T03:59:00Z,89310986609919703228364070750486811682348599214452804166094003191673722044316,0.545,0.9,0.59,1440,
0x98dde15f19b750936526d438b9920e325aece9d3e4144b71e276e96f557c1c49,nfl-atl-car-2025-09-21,2025-09-21T17:00:00Z,2025-09-21T17:00:00Z,13875471483986037043917512654006556970820516942936795537749296517747845240477,0.675,0.9,0.685,1440,
0x00cfb1fe371a24b3a9d81f1bb9ba5a037a53f70cf5f2741f3e8d24ca0eb46591,nfl-cin-min-2025-09-21,2025-09-21T17:00:00Z,2025-09-21T17:00:00Z,92986809570200895340848062892778807038414010019071340619897945655767072731517,0.365,0.9,0.405,1440,
0xfeb438246bc849b858cb0136ec42903babf3921f634cf1733ab833349b65e6dd,nfl-gb-cle-2025-09-21,2025-09-21T17:00:00Z,2025-09-21T17:00:00Z,87258664697298601137287944285004765454415053322072807814794092254726185858006,0.78,1.0,0.8,1440,
0xcab669c074f8f790546d99e92a5864b14f46d98de451f35e26ea63c0089a7173,nfl-hou-jax-2025-09-21,2025-09-21T17:00:00Z,2025-09-21T17:00:00Z,68225883195219390106211394704106822372557233192872998749574557437566108186749,0.475,1.0,0.475,1440,
0x0a72c4de1ae9224eaf23d19ed8710a9b569bcc18b872e5b0812d4e931e36b837,nfl-ind-ten-2025-09-21,2025-09-21T17:00:00Z,2025-09-21T17:00:00Z,94879328291796788885175634946062995003145659696116266100807827109455487357973,0.695,0.9,0.655,1440,0.305
0xbaef857e53f69249525c725e35c4dafb4c9df13c915738351bf2d5ab9fef01b9,nfl-la-phi-2025-09-21,2025-09-21T17:00:00Z,2025-09-21T17:00:00Z,51230043022936864370124816866072324883627957324170208944272847458327736631868,0.345,0.9,0.375,1440,
0xb68114f91bebbdf4db3b833187ffa59aa3b9a727cbc3070f232e2fbc8efa530d,nfl-lv-was-2025-09-21,2025-09-21T17:00:00Z,2025-09-21T17:00:00Z,14749646198604487709483915164936437375690553743867604068353182912109039658409,0.415,0.9,0.415,1440,
0x44d172447f68fcc304a574af3439776f798155fee1ea6ade6861ea62d269a856,nfl-nyj-tb-2025-09-21,2025-09-21T17:00:00Z,2025-09-21T17:00:00Z,32838747294601964372897965261836536574214405068363312006538202579200249032216,0.275,0.9,0.265,1440,
0x8610f5115132a1dbb5d9db6d2514880bffd355a08d4e7e7c4a4b8a176ed9baa7,nfl-pit-ne-2025-09-21,2025-09-21T17:00:00Z,2025-09-21T17:00:00Z,80270565129231744822259705326951533654149839236198446676801838809871663645030,0.505,0.9,0.535,1440,
0x63c2b29f776882f6a873ab08f9233b5ce81878f08901b356cefbfeefed9a7256,nfl-den-lac-2025-09-21,2025-09-21T20:05:00Z,2025-09-21T20:05:00Z,48117640740518226108140005956194608925457986057152995232409293702428831315173,0.445,1.0,0.415,1440,
0x027debee6533019ad89f0c725cd371e7743741993ba7299ffb6fd00fa2113bfa,nfl-no-sea-2025-09-21,2025-09-21T20:05:00Z,2025-09-21T20:05:00Z,112398846481534278879439450100988448792168123719253828829734134047212506347010,0.245,1.0,0.225,1440,
0x86114dd0c8cb0620543ac867b2c1c38715f6c71e62d2f6580c51c5223e6f3c3e,nfl-ari-sf-2025-09-21,2025-09-21T20:25:00Z,2025-09-21T20:25:00Z,20722642476649997844513728293814761821865660726549240826137985187317020079211,0.485,0.9,0.445,1440,
0xfa1e8f3b1d376187570365ccc2b0a75b75c6bac5e09af54cbb2f136dcfc15312,nfl-dal-chi-2025-09-21,2025-09-21T20:25:00Z,2025-09-21T20:25:00Z,66109324251120809826357548448240929229543115194646865750367470280391549484643,0.515,0.9,0.525,1440,
0x86f7bdfbb5d28ce8a9c455600e0252b016becf26a3868ac5ca6b85a65ac5b785,nfl-kc-nyg-2025-09-21,2025-09-22T00:20:00Z,2025-09-22T00:20:00Z,112085829861912577029912836392367723580587458860313519506210920865694145195698,0.735,0.9,0.73,1440,
0x9bb75ad1d36ca556770aa2e1e12d1a6cc4a96039664434a33d4d7221504fa28c,nfl-det-bal-2025-09-22,2025-09-23T00:15:00Z,2025-09-23T00:15:00Z,2515163246600094955146633950989102702179544078232026830982351749628779480896,0.325,0.9,0.325,1440,
0x465bb7c09fd6dd71b1dce092970aa5dbe0754bd04754d90580e32205c744d55d,cfb-army-ecar-2025-09-25,2025-09-25T23:30:00Z,2025-09-25T23:30:00Z,57389267771063789917755518172684950848170977249858843687459839587023041704854,0.385,0.9,0.35,1440,
0x2a749fa0cb0d3a9950eb54d6bc2800de73297906857b6093bcc1a9573c17fd05,nfl-sea-ari-2025-09-25,2025-09-26T00:15:00Z,2025-09-26T00:15:00Z,20943190611234549882277960944338616300224262497644018554698026621641409906110,0.535,0.9,0.535,1440,
0x802b26249e03ba6b92f73e1019f69f0688f9b59d2ea9ed8ec9f04cdeaed1dd24,cfb-flst-vir-2025-09-26,2025-09-26T23:00:00Z,2025-09-26T23:00:00Z,4212309991832275055250765742695700370309312176466693597699531502727847216985,0.725,0.9,0.7,1440,
0x8f6538c2a347994680ebe60d986f5d6887d0b50f476ee48ecb93878a197dd1f6,cfb-bowlgr-ohio-2025-09-27,2025-09-27T16:00:00Z,2025-09-27T16:00:00Z,97242991871637383277885336046496107313936975302081880403665723342755301285267,0.265,0.9,0.255,1440,
0x60d542b301f0455b36adbf5de1cec2a8c5e85b40aaa88752826c715bc17e7f26,cfb-cin-kan-2025-09-27,2025-09-27T16:00:00Z,2025-09-27T16:00:00Z,31228310211352622891063830881534029168056301415587402203281543113247850386875,0.34,1.0,0.36,1440,
0xf44c6f6a6deb2a2a769d163c8ba1c9bd73eb0465b49d6f5b1bc22b228856db60,cfb-duke-syra-2025-09-27,2025-09-27T16:00:00Z,2025-09-27T16:00:00Z,103990867132420767171926114303662724597474573713144369858436813255575999528347,0.635,0.9,0.63,1440,
0x040bc569d4a7e31ac6a71fef318ae22b7dc9b9562925a8e67732a2b99dd9ff5d,cfb-gtech-wake-2025-09-27,2025-09-27T16:00:00Z,2025-09-27T16:00:00Z,49853343634133832234568358058618592725662254830765872987282050264670500376187,0.815,0.9,0.83,1440,
0xcc6425f01129e2a7b7bf1ff218f5b9cead63459442fe1538f7261b4ff056c21c,cfb-lou-pitt-2025-09-27,2025-09-27T16:00:00Z,2025-09-27T16:00:00Z,80145060399561674355915745490984347735114832178531731441626805326964150027762,0.585,0.9,0.64,1440,
0xd2943049935e7eb0df6027b7141113a6fe91a5bf288906751fdf9bec4344cf81,cfb-nd-ark-2025-09-27,2025-09-27T16:00:00Z,2025-09-27T16:00:00Z,5889905986321118562585689975663549938775886890621012125629227531955301507015,0.67,0.9,0.635,1440,
0xf88ca0f086c6e7d3dbee06092112e6772e2e981f5d23e94efea8f1ae69c8f6f9,cfb-rutger-minnst-2025-09-27,2025-09-27T16:00:00Z,2025-09-27T16:00:00Z,100683984359188461148966084777461393286479369232291326381003068052681801800987,0.385,0.9,0.345,1440,
0x9a5e6b7e96aaa8166ce6cd132a982b88669c01bae23cd59c0aefa5b982402fe8,cfb-sala-ntx-2025-09-27,2025-09-27T16:00:00Z,2025-09-27T16:00:00Z,83314170229711045749992910941695215586948083273876058052542317602771831779099,0.195,0.9,0.195,1440,
0xe00b8cd962038ff422aa9dc0948283959850ffc264c23e67a96124d1a86b2d3a,cfb-ucf-kanst-2025-09-27,2025-09-27T16:00:00Z,2025-09-27T16:00:00Z,60840036631999650566019956942861604946485838508822449770184905371748015178832,0.34,0.9,0.325,1440,
0xd9f4f79cf81ed6b33a86383242d9ca0688a7708e48df2a3afa9b5af4f1a8a489,cfb-usc-ill-2025-09-27,2025-09-27T16:00:00Z,2025-09-27T16:00:00Z,16474560570878677041258675866930361500054412057965000878983102982842310160755,0.68,1.0,0.695,1440,
0xe1eb6ee66a0df54697f1c6054e7158233a05826ef27e84987da6dbe57e211b17,cfb-utahst-vand-2025-09-27,2025-09-27T16:45:00Z,2025-09-27T16:45:00Z,106864281563748838241651587170328058548615642958999531815559787865523910076417,0.07,0.9,0.06,1440,
0x60e38e0bbebb7728077f96ae311178736ce9fb8a886cd8dfb26b1c32f379c7da,cfb-emich-cmich-2025-09-27,2025-09-27T17:00:00Z,2025-09-27T17:00:00Z,46636309173641080689342906192474134603109928540249343910567733724825935022330,0.41,1.0,0.365,1440,
0x62304de442494d50be99f801851b53173c47a3d5dfed2ab732f59f681df0d123,cfb-gas-jmad-2025-09-27,2025-09-27T17:30:00Z,2025-09-27T17:30:00Z,97236235313473860258243008872597575512828101361804197943441390517975938625537,0.15,0.9,0.135,1440,
0x9d69b7a53151394a2a14f1cabcb853c04e1765fe80f12dfecad07e21cf8b2223,cfb-arkst-lamon-2025-09-27,2025-09-27T19:00:00Z,2025-09-27T19:00:00Z,23213154831625647163423519752201114121339535459944380113122433316419094951832,0.475,1.0,0.475,1440,
0x929c40f5a0ef9d82ecf36c4b8a819600f55c7ca46f81e7d9198d7521ddfbde64,cfb-akron-toledo-2025-09-27,2025-09-27T19:30:00Z,2025-09-27T19:30:00Z,45584328601204330669082273868552173313022005428899723636091591140484893922725,0.085,0.9,0.075,1440,
0xa96fff91ed4f2a9fff6b45e7646461ed84244eb698fbfb9ab24f01262a5981d8,cfb-aubrn-txam-2025-09-27,2025-09-27T19:30:00Z,2025-09-27T19:30:00Z,100693614552327259041869763225570415927272724884766880148827639060992422440365,0.32,0.9,0.3,1440,
0x8b46e0df4f83d9c44ad06bb20b59f7a956dba453d32b7614f1ce6593f57c4fbb,cfb-bayl-okst-2025-09-27,2025-09-27T19:30:00Z,2025-09-27T19:30:00Z,60975715709188454495702284270861954908130917073819443587435518574669993976268,0.91,0.9,0.915,1440,
0xb36b6bedf24f602fe1a1bfe666b16ab5e4e7c4ebc8eac271e4a63d7b6c98587a,cfb-cah-boscol-2025-09-27,2025-09-27T19:30:00Z,2025-09-27T19:30:00Z,103624727215862380862097953041546939484514800835775433430425324178039063311075,0.335,0.9,0.33,1440,
0x4cdfbf7d0bf6d6f0bea480e210289d4842825834b5ef193387661b6fec3db64d,cfb-ind-iowa-2025-09-27,2025-09-27T19:30:00Z,2025-09-27T19:30:00Z,84684602205596823828378214090955557945942574260277357730130088898407350473644,0.75,0.9,0.735,1440,
0xb1eb994bd536d02d4d773d6b17c11ab3ebbe25face9c6861d4bfeb7049deee88,cfb-lsu-miss-2025-09-27,2025-09-27T19:30:00Z,2025-09-27T19:30:00Z,84992445447629678568776971421287255423937223114325022573750879297342392611390,0.435,0.9,0.465,1440,
0x84cbf4d230de080d09f74afa3845307f051344db46e2d5f7127a399250d639e8,cfb-ohiost-wash-2025-09-27,2025-09-27T19:30:00Z,2025-09-27T19:30:00Z,82541626595718426950840468794163792179288354879328598072468921394373465264551,0.76,0.9,0.745,1440,
0x62339a9ab2bc7188dfac5cf2e740e95d6871c71b74eb44b77797dc4b498be47e,cfb-rice-navy-2025-09-27,2025-09-27T19:30:00Z,2025-09-27T19:30:00Z,76283820756730109953361090186340169191093133103430208835125185161249308411867,0.175,0.9,0.165,1440,
0x30f0ffc61f0760056aba069a0d2b014f115c32c8316965997748ca6eab24a5d7,cfb-sdst-nill-2025-09-27,2025-09-27T19:30:00Z,2025-09-27T19:30:00Z,9381768915341322814430259091558997821836189975533998144586604657689122127237,0.545,0.9,0.545,1440,
0x225140ed25261b1a2e8f6c007ec44d40629a38dc8b8eef5d70df536bf9d3b5ac,cfb-ucla-nw-2025-09-27,2025-09-27T19:30:00Z,2025-09-27T19:30:00Z,114928448680480839746671792806280228474109310695972012148574021626774592455169,0.345,1.0,0.33,1440,
0x1c4b405a41b317d0e30bbc5c54f8c15514e7818b0c9beb755788a774bfdf9d18,cfb-uconn-buf-2025-09-27,2025-09-27T19:30:00Z,2025-09-27T19:30:00Z,35682591301566722799548470944205509458676287240159892557911892346391150613394,0.59,0.9,0.595,1440,
0xcb72bef8df7a106fc87f4acf814992893a3607cf169b76a8ed4bf6c15bcd3c72,cfb-utah-wvir-2025-09-27,2025-09-27T19:30:00Z,2025-09-27T19:30:00Z,61648567641655626307560566502740202919810257029076697599167681884427319151389,0.815,1.0,0.8,1440,
0xbda39417c17e7ef780eee52a41a51c883672ce626fed190d83d57d83120ef4d1,cfb-nmxst-nmx-2025-09-27,2025-09-27T20:00:00Z,2025-09-27T20:00:00Z,75659104917355516420907053174335726743642217077000122498044109735665616518683,0.155,0.9,0.165,1440,
0x92dfcd4e774d7ec01498f30b9a92f2f73dae4aff0fc91574f64e5761d7b2b201,cfb-tulane-tulsa-2025-09-27,2025-09-27T20:00:00Z,2025-09-27T20:00:00Z,36894321915045842135088186395907430021940482893209426579590992205317121097102,0.84,0.9,0.855,1440,
0x25ac36d8bad5da418bad8134bf70a2461b145f8673f329c34ac991bcd1827ff5,cfb-hawaii-airf-2025-09-27,2025-09-27T20:10:00Z,2025-09-27T20:00:00Z,73543872922781049424723928629009126361701763614791082246662095314146689867100,0.285,1.0,0.31,1440,
0x7aa6788e40168d0087f978a0caab2f2a0934d43a2194989e4f940f81ee7fca9f,cfb-tenn-mspst-2025-09-27,2025-09-27T20:15:00Z,2025-09-27T20:15:00Z,29252260069938506044016719739051634009103843000776502003372030138704711754539,0.725,0.9,0.72,1440,
0xc42e6c5feac01a06c8fd83780b71b4db2042f397662d2bbe0793f9842eff96c7,cfb-librty-old-2025-09-27,2025-09-27T22:00:00Z,2025-09-27T22:00:00Z,73800861728763496778350594362038681516056565799170013310635776283686136737647,0.155,0.9,0.155,1440,
0xff409e1cee0eb6ea0a7ab0740baed14b22c2395fe16228a2e8534a5bda0b7274,cfb-mtnst-kenest-2025-09-27,2025-09-27T22:00:00Z,2025-09-27T22:00:00Z,82488670223809594216810711707150141907028869728327083808176154974999553850202,0.305,0.9,0.295,1440,
0x5da0465202f625a1147bbb789e288310e90bbb020a776330bd3d333b37e55f90,cfb-ri-wmich-2025-09-27,2025-09-27T22:30:00Z,2025-09-27T22:30:00Z,66644344270248127085276240534243458327800132983421466374468743196991525672965,0.285,0.9,0.3,299,0.715
0x885033b344ce021418674d35a253fbc7f265b06fd1ee92b8e9a0d36a3cd980fe,cfb-arz-iowast-2025-09-27,2025-09-27T23:00:00Z,2025-09-27T23:00:00Z,80946675979036203384344460204975879881293566404790336711675001044947102544728,0.38,0.9,0.345,1440,0.62
0xd3ecad982219eaa8452a7cfb9e864bcff37c966c8b3aa140e257a9d70f18acda,cfb-jaxst-soumis-2025-09-27,2025-09-27T23:00:00Z,2025-09-27T23:00:00Z,57583370896077447154637816813206016668197210047992106127729566271341984540105,0.36,1.0,0.38,1440,
0x72544317201b15fc25948cd22228983362125986eaf24826a4876788888872eb,cfb-mphs-flatl-2025-09-27,2025-09-27T23:00:00Z,2025-09-27T23:00:00Z,31599886959748308970929925242031670345638695590013189558211449221835384968679,0.815,1.0,0.815,1440,
0x9f382d62f4757a8832f637f239904fb39c8d495e33c0726e914beb830c7e7e35,cfb-vtech-ncst-2025-09-27,2025-09-27T23:00:00Z,2025-09-27T23:00:00Z,44530895518203727051694267145520496039869887009226271518830322841088226528415,0.245,0.9,0.235,1440,
0x6d59bd171d8b909e3af44c2b0c52bd6a690480805e7d380f0241fa3c0e7cbdf2,cfb-wkent-msrst-2025-09-27,2025-09-27T23:00:00Z,2025-09-27T23:00:00Z,81134490038786774697922097899923799431270349022269110700662178678447456774104,0.62,0.9,0.625,1440,0.38
0x78ba21fd7871d3fe5eb50b3834a18eabc98dca241e1dd842623b0c0bd65dc041,cfb-ala-ga-2025-09-27,2025-09-27T23:30:00Z,2025-09-27T23:30:00Z,64915121404697664970464110212045671619737548049651745901999888719234146110420,0.445,1.0,0.43,1440,
0xbf137621a4f5ba06d83dec7c62cb38efa5dc819723e8acc6aed4251318ffc0d3,cfb-applst-boise-2025-09-27,2025-09-27T23:30:00Z,2025-09-27T23:30:00Z,98955956409942231165850549096301142372072018589635217285208023301566498969319,0.135,0.9,0.13,1440,
0xfb41ad72ca45f94f335a6eef84daf6a761262a87cc581ebf9711a4bd44599bc3,cfb-ore-pennst-2025-09-27,2025-09-27T23:30:00Z,2025-09-27T23:30:00Z,86526180149590037791473915924268329008410532448259113943246006964291936534620,0.365,1.0,0.38,1440,
0x93cd8e4b8a9f6ecbccbc95257e388dec771bb599408d441b98946e5d4af60f02,cfb-sjst-stan-2025-09-27,2025-09-27T23:30:00Z,2025-09-27T23:30:00Z,37779768590324129935252406374492498992031784339490132585415961524944500100173,0.415,0.9,0.425,1440,
0x42570e2cefd9d65d17206a2074a1af70dca4df8730a16c7419aa29604633a37f,cfb-umass-missr-2025-09-27,2025-09-27T23:30:00Z,2025-09-27T23:30:00Z,34455877990676363098731679545054150177037619500037747310502946553539098920547,0.005,0.9,0.004,1440,
0xa23a6d89738fc76a3d62807428b2495f70d23518730314613405ed151146c6bb,cfb-washst-colst-2025-09-27,2025-09-27T23:30:00Z,2025-09-27T23:30:00Z,113083127160296397050568616515423592355006496617303974981724401643913109542142,0.35,0.9,0.335,1440,
0x0dfee592c5e92a3582a666314f3941d608074be8db7aaef6533dbf0e4a549fcc,cfb-uk-sc-2025-09-27,2025-09-27T23:45:00Z,2025-09-27T23:45:00Z,106216491895274287055078621397304831902322443130405730899117270653738607519765,0.345,0.9,0.345,1440,
0xfcc46ecb6f54bc116ef2eae38921499f53eb0b669d5719a6f7a07c414d4456b8,cfb-loutch-utep-2025-09-27,2025-09-28T01:00:00Z,2025-09-28T01:00:00Z,89690722279534021939632145511616545102695301598092736212032771612897534709673,0.63,0.9,0.6,449,
0xd5b1f3e75194ffd48ab28b219cbb38f656d07af3ddc1619c5b5bced8bfa6124a,cfb-byu-col-2025-09-27,2025-09-28T02:15:00Z,2025-09-28T02:15:00Z,89070026563336644656767052398931571430736968801816010047935864814610497019538,0.695,0.9,0.67,522,
0xf6ac37db6b9296effc601fd758968a519a81bd918fc958f28279ba32cf532f77,nfl-min-pit-2025-09-28,2025-09-28T13:30:00Z,2025-09-28T13:30:00Z,26992796701607167317323318641378183020078677625602809886421680518444681314122,0.575,0.9,0.565,1440,
0x2517c2e7563984d2149ac4b2bfb5d4994c36a9360929d195cd91278925629813,nfl-car-ne-2025-09-28,2025-09-28T17:00:00Z,2025-09-28T17:00:00Z,47212940094346874033326128507219547101196135176942953030766051309068980209464,0.325,0.9,0.315,1440,
0xba5f25a50cb42b8187b1c341801f9a8e5a5aee19d74382ddbba563da5cdc01b7,nfl-cle-det-2025-09-28,2025-09-28T17:00:00Z,2025-09-28T17:00:00Z,67219901198290129785024749121304090075185652126985891625206154238347150878523,0.165,0.9,0.175,1440,
0x79adec37b2f1ad53e17b80bb9c911c205300dbad84b55bb7ebaee8d8858d6ef2,nfl-lac-nyg-2025-09-28,2025-09-28T17:00:00Z,2025-09-28T17:00:00Z,91824410878224518809665276328007517323217492466245348645680915319041262742125,0.705,0.9,0.725,1440,
0x0b05c52720172eaa168e62e9e91702f48ef69210888880d2e9b74a0e210066e3,nfl-no-buf-2025-09-28,2025-09-28T17:00:00Z,2025-09-28T17:00:00Z,41143771008716145188423231782162686670776093338573469516525517779185061066575,0.095,1.0,0.085,1440,
0xccc244fc8e622c7a3768672661e64b7e9bb53bbb4f1e53a3aa36bd0d33428548,nfl-phi-tb-2025-09-28,2025-09-28T17:00:00Z,2025-09-28T17:00:00Z,40335706737696751782045679519145285119795309139645518621633475378923024464669,0.645,1.0,0.635,1440,
0xf58eb28bb922427619e371903feb61299d311f36e11dd1ea650a4832df6fc1d3,nfl-ten-hou-2025-09-28,2025-09-28T17:00:00Z,2025-09-28T17:00:00Z,52587804965196054279516520887922786100911339507868310586839300507438360527579,0.225,1.0,0.23,1440,
0xf4f1401bb1d74968dc3284b2c5c2319f5d135ce80b6025c89cf0b50b20da610c,nfl-was-atl-2025-09-28,2025-09-28T17:00:00Z,2025-09-28T17:00:00Z,107154750017039479627806321209191561791590708792912758685752548513021435172590,0.42,0.9,0.455,1440,
0x8176209c7972bd1b9c1f0ce07120361b34930978d225ae007461edb03aefd3b0,nfl-ind-la-2025-09-28,2025-09-28T20:05:00Z,2025-09-28T20:05:00Z,76822205137140591923233354236632902791672885457391147059188680246032984412819,0.365,1.0,0.375,1440,
0x7ae4c85cc2ee3fe4ea7eb2545b05aee25ffd4f83367c371006942a5553566655,nfl-jax-sf-2025-09-28,2025-09-28T20:05:00Z,2025-09-28T20:05:00Z,33931049477331647400973231599239190696316903900247089018909772224328875083748,0.385,0.9,0.375,1440,
0xa84414bb974f9f7a1ce7d4f70c293ae5aed95b54224447d11d48fb46712808fc,nfl-bal-kc-2025-09-28,2025-09-28T20:25:00Z,2025-09-28T20:25:00Z,100036878070122838689491736975312543644694684005228591286218604091657188126039,0.565,1.0,0.565,1440,
0x4b5eb32c4b800bb96ec906a69507af92b567141e7dd6b023f6f0647ca3d840b3,nfl-chi-lv-2025-09-28,2025-09-28T20:25:00Z,2025-09-28T20:25:00Z,114393248691517942427198887349890801957326257484275812318734776375068864539186,0.435,0.9,0.475,1440,
0xdbc4fe4cf3464fccac0a3d1ec518d25047c7fed46ba942026d792b67ce4dbb5a,nfl-nyj-mia-2025-09-29,2025-09-29T23:15:00Z,2025-09-29T23:15:00Z,75397511535346845817947383797557495468867612646845977458827634218090068963748,0.405,0.9,0.425,1440,
0x664ac906ce2e9579824b9eee8b42f937f3d01b3c5c670ba32e8433f95d3a4cd2,nfl-cin-den-2025-09-29,2025-09-30T00:15:00Z,2025-09-30T00:15:00Z,61484911442819768993545660574386252436777760898468221779909064575380505264046,0.215,0.9,0.205,1440,
0xe182afe6d9001281d12b6ea68b70364ac926965a3bfcff48476edfbb4e621287,nfl-sf-la-2025-10-02,2025-10-03T00:15:00Z,2025-10-03T00:15:00Z,58688782844866313989188715042215355610121121592254983128142438792293778792719,0.215,1.0,0.22,1440,
0x844a4bcd0aae636be5e4f6af9c020c57f2568686b1bbfd946cbfee59abd00bf1,cfb-charlt-sfl-2025-10-03,2025-10-03T23:00:00Z,2025-10-03T23:00:00Z,47536155786199258686444905548567558654586382627113593388348215983008402482056,0.029,1.0,0.0275,1440,
0xd36210cbdf0916c16755737ce5abe7aaf2a8665f9804e60eec95ed4135551698,cfb-wkent-del-2025-10-03,2025-10-03T23:00:00Z,2025-10-03T23:00:00Z,54494407776008503410121474259404541851888140611049365599755588583344526907969,0.425,1.0,0.435,1440,
0x4eebaea9a5ed80e51b453c0a93ce93ef80c2c028e2f7b2db2d86f7d325b3f0a4,cfb-nmx-sjst-2025-10-04,2025-10-04T02:00:00Z,2025-10-04T02:00:00Z,112014868941494263619781174594221438153449148987928025319580609258733276248685,0.46,0.9,0.44,652,
0x7d22b9d27a5c32038ba7a963a80390ffb92f0e0a5c8b5e078bf6fc41f9d0e12c,cfb-colst-sdst-2025-10-04,2025-10-04T02:30:00Z,2025-10-04T02:30:00Z,55476242382994461249972768755565141172747155450811629880049782299253072910417,0.35,0.9,0.31,682,
0xe5822e85ff1703ef17218fc4e8464c83dc4d15a792563b322d83742a7413bd59,cfb-wvir-byu-2025-10-04,2025-10-04T02:30:00Z,2025-10-04T02:30:00Z,35526223679838880420817612463767443281940901309614074487863966684666832416351,0.1,0.9,0.075,682,
0xb98cabc80f5c2381b01e5b17d18b8f690fdd3ab091831e341344e1365dd93eb5,cfb-airf-navy-2025-10-04,2025-10-04T16:00:00Z,2025-10-04T16:00:00Z,49197272167977128150964027246301829844779818708618305689677042977979724657158,0.19,1.0,0.205,1440,
0x238801f9d467f62344ebe723143a46c7b5504e5d77eecfdc266f5f684492d0e5,cfb-army-uab-2025-10-04,2025-10-04T16:00:00Z,2025-10-04T16:00:00Z,7512632303830391838723749649416797388463413153158552721187924327715379953344,0.675,0.9,0.69,1440,
0xf0f3818b81479dd3dfe2a506f88ed8a8b0125d03fb92c83e2fa379486c6734eb,cfb-boscol-pitt-2025-10-04,2025-10-04T16:00:00Z,2025-10-04T16:00:00Z,32290233377652446272272811106692101713514132943862537190927161939892612633256,0.315,0.9,0.32,1440,
0x3ecf9f1e48968669440028cd0a33d77882731989505546e0870fbb257eda6679,cfb-clmsn-ncar-2025-10-04,2025-10-04T16:00:00Z,2025-10-04T16:00:00Z,74064616773467889046114841809421657447103716266532987951048617986475178976919,0.845,1.0,0.835,1440,
0x1e166f211ad1fc8a53a686278a70d06616fa6d8c2d7e32df5206ac0aa10563b5,cfb-ill-pur-2025-10-04,2025-10-04T16:00:00Z,2025-10-04T16:00:00Z,14610569673848729065395049525721355385359961109404202197059217412660369884787,0.73,0.9,0.765,1440,
0x6bee39915f4ed1160ee6898b2425c74930e8f858e467c96ae76f6b6fb914a978,cfb-iowast-cin-2025-10-04,2025-10-04T16:00:00Z,2025-10-04T16:00:00Z,42095746200867249343377739288291042067930292108960602666185052448121448799639,0.475,0.9,0.48,1440,
0x107eb797eb91aa6dc6b583c020e7c50ed9aa4e1f4a3bd3060fe425cbd97cdf49,cfb-kanst-bayl-2025-10-04,2025-10-04T16:00:00Z,2025-10-04T16:00:00Z,50008298749615371513131710027509332890537345464670299242468502236016479088485,0.355,0.9,0.33,1440,
0xd64f8f05070c562066f67f17cee8d2044ce2709506025f661f6c3b838726fb81,cfb-ohio-ballst-2025-10-04,2025-10-04T16:00:00Z,2025-10-04T16:00:00Z,34065987251394792182899536551951049805071234615786754716468689481446634217133,0.84,1.0,0.85,1440,
0x492255ca5b0fa2993470c09423573bd3275c4bcc0d9b9d4cd8a34626026af510,cfb-uk-ga-2025-10-04,2025-10-04T16:00:00Z,2025-10-04T16:00:00Z,65208602194584754192411590740030707268155595141306175683493873527336374670322,0.085,0.9,0.085,1440,
0x13254d6506bf47bbf8d437e4703f2eced97d7c6476dcb61e278d478c46146aa2,cfb-wisc-mich-2025-10-04,2025-10-04T16:00:00Z,2025-10-04T16:00:00Z,52722920096644239396229144035087629205677671375712652076711365017057120093467,0.125,1.0,0.12,1440,
0xa2819e7e4faaed67e50185131d330e25912e04ad913bcb0513c778b3214ec0e5,cfb-utsa-templ-2025-10-04,2025-10-04T17:00:00Z,2025-10-04T17:00:00Z,44984139159078125691286409611652632032902722451017493634199779025499619453828,0.685,0.9,0.685,1440,
0x5f721b1f8518a108ec68536c14a0478a771a269e89b94f871e0d09534aca01bb,cfb-wake-vtech-2025-10-04,2025-10-04T17:00:00Z,2025-10-04T17:00:00Z,31874761586223558687613826729895846899178200334199145711115775093243581777781,0.355,1.0,0.33,1440,
0xc1988ad3365ba880aa83374aeac37b84062b0df3db8aa73e4e41f3227d485d2e,cfb-camp-ncst-2025-10-04,2025-10-04T18:00:00Z,2025-10-04T18:00:00Z,89252338596741591894367893950976134281375350124746059862227751668226806818877,0.031,1.0,0.5,1440,
0x4cb2150fe2ae7effe23f82e263b2d8649b0c3c35b3a2d317e8d6c270b00f8ac6,cfb-wmich-umass-2025-10-04,2025-10-04T18:30:00Z,2025-10-04T18:30:00Z,84254299909417385664865821315864766659107186517897097404436639680333859010668,0.8,0.9,0.81,1440,
0x6c5222a50b8bc5ef0b2995a433a80506f5498918b0bf1e53042d8737de87db79,cfb-okst-arz-2025-10-04,2025-10-04T19:00:00Z,2025-10-04T19:00:00Z,100911906894473631243256366603673479241691894127287912767537686681017896026571,0.075,1.0,0.095,1440,
0x6dfe254bd732af60b4a5d2f65971c1629bfaedede84df37818bff81891df4913,cfb-boise-nd-2025-10-04,2025-10-04T19:30:00Z,2025-10-04T19:30:00Z,60363144474799949757355578759268350474371787745664078073803535018683364217491,0.085,0.9,0.095,1440,
0x0b2d4c0e59b20102db24730a2414cb18d219125e2447166bd4729af3e5c9ba70,cfb-cmich-akron-2025-10-04,2025-10-04T19:30:00Z,2025-10-04T19:30:00Z,34233128089689179936753485778143107508723093790096309257798521554120890712745,0.72,1.0,0.715,1440,
0x3f99fd3637b746073d804678fdbb5e79ba00010d2509d2d5fb11bb97258aae9c,cfb-emich-buf-2025-10-04,2025-10-04T19:30:00Z,2025-10-04T19:30:00Z,45322865321431542781570245073962462471030059378642529217259695193969179561617,0.245,0.9,0.24,1440,
0x2c3b61b33371f06b545e7623134ee868799c33053ebf09623dd5ed85120b50d0,cfb-flint-uconn-2025-10-04,2025-10-04T19:30:00Z,2025-10-04T19:30:00Z,6490384769508736073340310997757079368029866858523702035973959349441522942660,0.29,0.9,0.28,1440,
0x06604e1e0eafd49a92e534aee315c2d6b7965ebd71251d1220c355aa1560bd4e,cfb-jmad-gast-2025-10-04,2025-10-04T19:30:00Z,2025-10-04T19:30:00Z,67611644699769630830399637977888371780651052395948536020715443299814327246213,0.91,0.9,0.91,1440,
0x9730e1c5d711715bb4b2c137d51df0ec3d6cf1bab29adda9a62bc882164f978d,cfb-lamon-nw-2025-10-04,2025-10-04T19:30:00Z,2025-10-04T19:30:00Z,70975889255774702094909535433466567966138244060347855397856269973617682957302,0.19,1.0,0.2,1440,
0xcd0bb9d05f0282c211af6cf7ff079d4ff4a5a39300431c0860698f5f46b8a9ab,cfb-miaoh-nill-2025-10-04,2025-10-04T19:30:00Z,2025-10-04T19:30:00Z,36362534365020637879666759601251742113962991579807338365854255953131990580783,0.65,0.9,0.645,1440,
0x9895be5251c19fafd1e67e27620c7b0c0b91809719be34a3d07ca1cb55e5d114,cfb-oregst-applst-2025-10-04,2025-10-04T19:30:00Z,2025-10-04T19:30:00Z,47178994043882734757386587252733869071369730592131849081018352212114880351990,0.465,0.9,0.48,1440,
0x7a894ea9ddd51fa8604391cb4d95693e8585b77c4ca0a1f316026f8716e41735,cfb-pennst-ucla-2025-10-04,2025-10-04T19:30:00Z,2025-10-04T19:30:00Z,42512540609290676689612935774526790934913316707988485189504304010755180635616,0.95,0.9,0.955,1440,
0xceda07483a0c67c346843411fce9ac9cfe97ac9e99f49a6384beb3fc27db4dd7,cfb-syra-smu-2025-10-04,2025-10-04T19:30:00Z,2025-10-04T19:30:00Z,95741912069291856930020201551359613089487551181399776661421339265321060570507,0.125,0.9,0.12,1440,
0xded0d84993483d436bf35d866a49d71787ccc294998f63896aefd09e13447b15,cfb-tx-fl-2025-10-04,2025-10-04T19:30:00Z,2025-10-04T19:30:00Z,106723118734401080626441498437361708516355340663998178317022619275627870114019,0.655,0.9,0.66,1440,
0xa920598c26cd3f29d25066e1521002a4f51abf936876445ced3af75396dc8890,cfb-vand-ala-2025-10-04,2025-10-04T19:30:00Z,2025-10-04T19:30:00Z,114508390896627304866939004571877046857823324623802405423042093038551576805830,0.195,0.9,0.205,1440,
0x4d99a508b8a16cb8261dfee26b00dea8b733c19c10f5cb78417444a8f6230240,cfb-vir-lou-2025-10-04,2025-10-04T19:30:00Z,2025-10-04T19:30:00Z,62359520121053186941692465486069595223902735833240072241646445352900963157104,0.32,0.9,0.325,1440,
0xb0fc8f79b5b2cdce8cf293d03bf90ad96d7a6b0e9eed3db4be770529434fb593,cfb-wash-mary-2025-10-04,2025-10-04T19:30:00Z,2025-10-04T19:30:00Z,77195779808499594207580054934615117283479560159982167348023171275851038979115,0.665,0.9,0.675,1440,
0xcbe984f18316f2bde6fe6f6ea9843551d4073739e1f948f10406ad7b3be31641,cfb-kentst-okl-2025-10-04,2025-10-04T20:00:00Z,2025-10-04T20:00:00Z,113625188527514786686951936394175108307362423444398122199984528206865958919556,0.0395,0.9,0.0035,1440,
0x021e759d0b24f9450d8dd0b94f9a53c0c4288db6b9e7b7152d0fa5a63a53d2a0,cfb-mst-nebr-2025-10-04,2025-10-04T20:00:00Z,2025-10-04T20:00:00Z,109448562670100513703536672465607960314999599064583282993801551008077934555694,0.2,0.9,0.205,1440,
0x45cdd92c6254cf73ea0c71c762571feb4552b5149e99930e31ff0006816d4edf,cfb-txst-arkst-2025-10-04,2025-10-04T20:00:00Z,2025-10-04T20:00:00Z,44760595247908725698376570263426332120094936954487096675519118605655342886967,0.83,0.9,0.815,1440,
0x5bbb08bfd0c96f5ba1de6f91ce9a7fae2af3293aeed622f4955c15b76e41b733,cfb-coast-old-2025-10-04,2025-10-04T22:00:00Z,2025-10-04T22:00:00Z,78466947208399097171524973482486844052886254317599007485962568906457616851250,0.105,0.9,0.1,1440,
0xb517592632f0a0ee181c06fbc3d18d2f64edab3cf6a984092e2fdb22b86ebc43,cfb-flatl-rice-2025-10-04,2025-10-04T23:00:00Z,2025-10-04T23:00:00Z,109719690337475109193821459849443395657867240168260703188084457354878057100377,0.355,0.9,0.36,1440,
0x71a0427409b85bf7d2c1311347422719c9ff20133ac0931975bd273471526632,cfb-sala-troy-2025-10-04,2025-10-04T23:00:00Z,2025-10-04T23:00:00Z,63184581934415191271006907685961337561960567735394630093364192662805257753275,0.535,0.9,0.505,1440,
0x6b6a6973620a2a247534a148fc77b0b7c79f361536ce7442934906ac2b5b9c48,cfb-txtech-hou-2025-10-04,2025-10-04T23:00:00Z,2025-10-04T23:00:00Z,57554303900363099846191216952278107007539260541287577336971892855970875493816,0.825,0.9,0.805,1440,
0xc2e5ebb70226dbb029bdbee2c9c7d22e0454867ec81b0e7cce62a75e8f0ba4b5,cfb-unlv-wyom-2025-10-04,2025-10-04T23:00:00Z,2025-10-04T23:00:00Z,48477192277117197889831982091249574871936963650436811868353984146767550144274,0.635,0.9,0.62,1440,0.365
0x4aaf5f5971a69963bd59251bad3e63e785285d5714a14eca3b642cfc946ff8a7,cfb-col-tcu-2025-10-04,2025-10-04T23:30:00Z,2025-10-04T23:30:00Z,115053075784018678406249009412525200936990748045433881703740345522071711559339,0.175,0.9,0.175,1440,
0xd908540a029fd0b5111cf84713ac6c73a6af185ab6438e873191bb621d2fd15f,cfb-kan-ucf-2025-10-04,2025-10-04T23:30:00Z,2025-10-04T23:30:00Z,1129364853664559333237017428455440352657414168123728997373445597003278667354,0.635,0.9,0.635,1440,
0x916de3d41158298778e360dd27a476f6023905ceefae4ec5d6f3681a96f4f6c3,cfb-mia-flst-2025-10-04,2025-10-04T23:30:00Z,2025-10-04T23:30:00Z,56848050048945613915937555475419937274145371584562695748227020308204014339747,0.61,1.0,0.63,1440,
0x939cf06765200142a620468106b7abb10bb6d81aecc063be657fd4e20fd126fb,cfb-minnst-ohiost-2025-10-04,2025-10-04T23:30:00Z,2025-10-04T23:30:00Z,19085276118380579074118860802215721460395572284305564129658674954822159602111,0.06,0.9,0.055,1440,
0xb3c0ccace5fc968e9721ffb390de1a5fd4556d04a305d03168a0ca1c49968133,cfb-mspst-txam-2025-10-04,2025-10-04T23:30:00Z,2025-10-04T23:30:00Z,37341584887890871410088041405728350489741894964548773816635556225773979290401,0.13,0.9,0.145,1440,
0x30fd7073772b450b07575e9cc98e59406e00394b5ecbb3b2d294b3e7585dde69,cfb-tulsa-mphs-2025-10-05,2025-10-05T00:00:00Z,2025-10-05T00:00:00Z,88977555619410378567122357839389194984248889286438975011281490112241465840902,0.08,1.0,0.08,1440,
0x392ca792952868de2a187845da375a52699d67fff1b460bc6345336a2417251b,cfb-duke-cah-2025-10-05,2025-10-05T02:30:00Z,2025-10-05T02:30:00Z,37797535590386865371374184495215712782286560199313466751759724755981415829330,0.605,0.9,0.58,1440,
0xfe0440e642c5091975b5a5ed690e9f764666744c65663d51a6895526dd6d122a,cfb-nevada-frest-2025-10-05,2025-10-05T02:30:00Z,2025-10-05T02:30:00Z,92748639323221142599418384018819093831261066453286673008088220502773204995083,0.19,0.9,0.19,1440,0.81
0x5be2baa4127624bb749feb333d2e65f32ee7a70c98d866d3064453bdccf5b29e,nfl-min-cle-2025-10-05,2025-10-05T13:30:00Z,2025-10-05T13:30:00Z,114204009666480126498598988068661353227729994027245908284047317118776729508729,0.635,0.9,0.645,1440,
0x875d3aa94828ef083e6829128be74a4fa37a0b64e71de05508577284233e3209,nfl-dal-nyj-2025-10-05,2025-10-05T17:00:00Z,2025-10-05T17:00:00Z,99581089644756197688783501329166725654583008864074624095412304296206532899683,0.455,1.0,0.53,1440,
0x638fdef9e0d55331e641df9288311b9b5fb0aad79b38a21d1414374a59d88241,nfl-den-phi-2025-10-05,2025-10-05T17:00:00Z,2025-10-05T17:00:00Z,17787898615945523893776653810057373334098686515613177580132863982007299835402,0.325,0.9,0.325,1440,
0x7c794eac9eaebdc9e63d0510d51f12e53ebd3955dbb30d3c5e57c527252d12ab,nfl-hou-bal-2025-10-05,2025-10-05T17:00:00Z,2025-10-05T17:00:00Z,56000475035677393741169956396668270570927932680177812249294140293966898530062,0.565,1.0,0.535,1440,
0x9a5d7b0cea3d284ce6338ee10ce34b0fc59c7d4422e0a52d575892916c057911,nfl-lv-ind-2025-10-05,2025-10-05T17:00:00Z,2025-10-05T17:00:00Z,39776529917489782886581316106515944976587782455677969594375604572831524328753,0.235,0.9,0.265,1440,
0xf89aacad8a05b20e273c2d591942d025b28a82044d8f3dfba8ccd4fac03b7bdf,nfl-mia-car-2025-10-05,2025-10-05T17:00:00Z,2025-10-05T17:00:00Z,68084448308243719854246975871610051761968570728370447138871401970875442177757,0.515,1.0,0.52,1440,
0xc46ec5775f978679e1d1c2fcddab06fd46e88d538933bef7f71c33798894a3f6,nfl-nyg-no-2025-10-05,2025-10-05T17:00:00Z,2025-10-05T17:00:00Z,114832868348245885112365404037390104744342460282784068176484006931730443695975,0.445,0.9,0.455,1440,
0xfbe97b6bfa6877222679a910731fea12e5baadcb9c7292c0f8801f3598f5b9a5,nfl-tb-sea-2025-10-05,2025-10-05T20:05:00Z,2025-10-05T20:05:00Z,9961817888390398859475483082791074482132620461530312143029966060096630245314,0.365,0.9,0.36,1440,
0x8747b866727b5514b52bccdc7afe208de01d42ae25055ee2f4de1ab4711abba7,nfl-ten-ari-2025-10-05,2025-10-05T20:05:00Z,2025-10-05T20:05:00Z,86355235052701054740692936723992713083794043350392007631311135939576140535513,0.215,1.0,0.215,1440,
0xd4023055ab3eca1b87706cb8caa9f65c9b6257cd5a06a2b5332993c85764a874,nfl-det-cin-2025-10-05,2025-10-05T20:25:00Z,2025-10-05T20:25:00Z,73211925453625332905878592905157392584867495836885774163696629751940610869200,0.815,0.9,0.825,1440,
0xfa87c912f0aa2042bdb6ea11a2ef4d4cd44e51f35d3c0caecb3410a554ca3d57,nfl-was-lac-2025-10-05,2025-10-05T20:25:00Z,2025-10-05T20:25:00Z,98775073924345141807959849038638998894506446045110644646254183793502890004910,0.385,1.0,0.4,1440,
0xc099825fab4693445d89784cc269a53d65dd045cea38e4bff3b3e2b0355303bf,nfl-ne-buf-2025-10-05,2025-10-06T00:20:00Z,2025-10-06T00:20:00Z,24131474866636905497374003917758813726655931733512164150199971693679348477772,0.215,0.9,0.21,1440,0.785
0x59d4803810920f86bcc24ab5ec8d83fe7255c351d1c229fe0cf9b652283aac0a,nfl-kc-jax-2025-10-06,2025-10-07T00:15:00Z,2025-10-07T00:15:00Z,48796443692893205230111782877212155706069076666275568314621241534505572363580,0.635,0.9,0.645,1440,
0x372e53acccc8e0a8a6e10bf6ac7e646914ca5c6d954e572df52d1a397eccf687,cfb-msrst-mtnst-2025-10-08,2025-10-08T23:30:00Z,2025-10-08T23:30:00Z,62513126825696567403600690891538333922050461311049528517997312822370381950459,0.575,0.9,0.555,1440,
0x3c63a0bf9fd63814aa5e58c35a3f8ed8da44609822d91db1d93cb7e6b4526861,cfb-librty-utep-2025-10-09,2025-10-09T00:00:00Z,2025-10-09T00:00:00Z,40392389366965488008445190134693191444332030879145204903797692947910296274899,0.535,0.9,0.525,1440,
0x76779f1ea78bdd607e90406656e4b7a05f64ae1572485a30775ca9562fd9d33a,cfb-loutch-kenest-2025-10-09,2025-10-09T23:00:00Z,2025-10-09T23:00:00Z,22146558640841655144903904057369803164355290369280359904229791311049056087411,0.65,0.9,0.655,1440,
0x4f4a62b501cc2e1ed5449c529dce6f1c381bb0ab66f31835ddfadab73616bd8a,cfb-ecar-tulane-2025-10-09,2025-10-09T23:30:00Z,2025-10-09T23:30:00Z,59613619552455715162620189579700147531309477293581586321300747217203221634764,0.3,0.9,0.315,1440,
0x9f914192d82a50cd521b55b74c7352d1bb3d0505dcc134b5d1b04f52acb02f27,cfb-jaxst-smho-2025-10-10,2025-10-10T00:00:00Z,2025-10-10T00:00:00Z,10547182292921441257547937302430021840354256856576904299930881462432249239659,0.7,0.9,0.72,1440,
0xb801c5a6e4083cbd18ea457a9ac06a4e1b3f9bf11d96f59efbfab7a4690d5afa,cfb-soumis-gas-2025-10-10,2025-10-10T00:00:00Z,2025-10-10T00:00:00Z,38587029385514856828189344974765533177120237090582574257999389572859722388015,0.575,0.9,0.585,1440,
0x08c4b6f69ddda7c59f11327c81ac741855ee9572cc7669845adb1e2c51b95214,nfl-phi-nyg-2025-10-09,2025-10-10T00:15:00Z,2025-10-10T00:15:00Z,83860106261910837565537392575497295468697734736207343417141603211568752124676,0.775,0.9,0.785,1440,
0x47b90160638982fb285748d3eff33d0481a87d3a7eb3818b15c517818cc2ee4d,cfb-sfl-ntx-2025-10-10,2025-10-10T23:30:00Z,2025-10-10T23:30:00Z,75147317910855010632719023939348528961415645994520326048883153362332454196747,0.445,0.9,0.485,1440,
0x6ce7d972374196440b8700dd3244663f6f3aa2274aca26d5ff7f9ab3c24722c7,cfb-frest-colst-2025-10-11,2025-10-11T01:00:00Z,2025-10-11T01:00:00Z,95029226846615354603299273656318314419952031422869245148287915333393567168890,0.655,0.9,0.68,1440,
0xf612fd84d3330cb6e608e725d5380a543f64c30f1e3be4808a2e7a7e1350e449,cfb-rutger-wash-2025-10-11,2025-10-11T01:00:00Z,2025-10-11T01:00:00Z,107640420685580278454845938633124772493601330765377191229524167473675496964946,0.235,0.9,0.22,1440,
0x8e3d6beb2529699bda2a20c0ad3191f5680724d3a902f3e5cdab4da2eb90f1a2,cfb-ala-missr-2025-10-11,2025-10-11T16:00:00Z,2025-10-11T16:00:00Z,63624517905616723402304390153074380866175117114651875661328497060966869989855,0.605,0.9,0.59,1440,
0xe6a50f50555fa96e2d82c50be59456fcb3b99d8047a3451ca34c4b979bff6508,cfb-charlt-army-2025-10-11,2025-10-11T16:00:00Z,2025-10-11T16:00:00Z,32957830417941399216802603487072186814151166154092942882126923712648931153384,0.13,0.9,0.12,1440,
0x3e5de8d0d99447b3da478be5d595ebfd2264c85a42d02da4732d0ba65865e739,cfb-hou-okst-2025-10-11,2025-10-11T16:00:00Z,2025-10-11T16:00:00Z,42068728084948986129755436680692183426582976103353944657349240567205625902545,0.835,0.9,0.84,1440,
0x483595a86731c32b9d4920c8482c92a79ab5eec0573b78ab1f423ea4d460998a,cfb-loulaf-jmad-2025-10-11,2025-10-11T16:00:00Z,2025-10-11T16:00:00Z,21233869395765103387071371703824295568175554335876751345160612447930143750536,0.105,0.9,0.11,1440,
0x7d79728668e9e1a6850edcd208df20c8bea30aece8084c04bb157648d2113b48,cfb-miaoh-akron-2025-10-11,2025-10-11T16:00:00Z,2025-10-11T16:00:00Z,3474686184997060800635407467055138759359475689540493053529341014734885755901,0.785,0.9,0.79,1440,
0x55bde6a5f8925a3addd421e4ed2f774c276f47079c50fbab1ff70a36c8727f07,cfb-ohiost-ill-2025-10-11,2025-10-11T16:00:00Z,2025-10-11T16:00:00Z,67309262148714944887595427879430592123435472598834139657307719718702097197413,0.845,1.0,0.845,1440,
0x0a19f6be7f95d72d52d67f427dc3ae521b53e0343a31f1a86b6f6c8618b99f6b,cfb-pitt-flst-2025-10-11,2025-10-11T16:00:00Z,2025-10-11T16:00:00Z,42165134355127673604214558048932615734927666489779221577881868448399851807430,0.225,0.9,0.23,1440,
0xd861e274ef1ae6bb12545cff2daf014b30772aa5c6c6de5faf8563524a5d38d9,cfb-stan-smu-2025-10-11,2025-10-11T16:00:00Z,2025-10-11T16:00:00Z,111373572747079493710691016178520729034455887729330677100579814578225867699733,0.105,0.9,0.125,1440,
0xf9d2bcf4e214f257505cc94dfdef5b8c50f5e2bd3b0b9e3c0bbc1890d17fb8e9,cfb-toledo-bowlgr-2025-10-11,2025-10-11T16:00:00Z,2025-10-11T16:00:00Z,75418215809847201567634236954063615846443086501811892937696584796508547601437,0.785,0.9,0.775,1440,
0x6587f1af929fcc54d7a475f48ff60ec9b9cd7c74d16654ddda0255cd0f7673fb,cfb-ucf-cin-2025-10-11,2025-10-11T16:00:00Z,2025-10-11T16:00:00Z,99450614087177017662073612600865245239010103675786496823897305735247305611040,0.23,0.9,0.215,1440,
0x8497acf1f17fc16cadb91d45f2216d4e6fb2e44daa54016374feea666a41ea0e,cfb-ucla-mst-2025-10-11,2025-10-11T16:00:00Z,2025-10-11T16:00:00Z,112935500278859454080231226307771565614634512674321458122932291352085114763001,0.285,1.0,0.28,1440,
0x57e80f89d05d7717c0a31f97352b20f53566eced20ddc221f34591f2af1d2749,cfb-washst-miss-2025-10-11,2025-10-11T16:45:00Z,2025-10-11T16:45:00Z,87683777943408685111556662253355714471075526844820756126687519739139762967417,0.03,0.9,0.035,1440,
0xee9da0c3f1ddefd65cfe50f148c95b4aa7bf271e2da10388df80eb8968c691c5,cfb-nill-emich-2025-10-11,2025-10-11T17:00:00Z,2025-10-11T17:00:00Z,55846879900008584678333028024340557103593376176952127983181375523441621668461,0.515,0.9,0.555,1440,
0xbe12be5fe5426fec1b49f44333b0fc4c976dfb6c53e45a439ef421055652ea0e,cfb-umass-kentst-2025-10-11,2025-10-11T18:30:00Z,2025-10-11T18:30:00Z,47840592501081589502880740931086039522259588854716681429968955855100734587080,0.49,0.9,0.46,1440,
0x46b9686f2228dc3ffb132c301d72eed4db80d48ec52155b41b0b1d4112d37065,cfb-airf-unlv-2025-10-11,2025-10-11T19:30:00Z,2025-10-11T19:30:00Z,15432238814874178115456953968459239645435791974440088193445614887751030825600,0.31,0.9,0.295,1440,0.69
0xbdb2684ceb47d184f89d728bf910c92348a6f9f698994e63e11815e6a3f9a79b,cfb-applst-gast-2025-10-11,2025-10-11T19:30:00Z,2025-10-11T19:30:00Z,88144940378537299592454796598736512667026278644180816404712851123544179173498,0.585,0.9,0.555,1440,
0x6a47f1097ff0524deeb2229f5dee6849b3a53feb335e909bb728f1dc230d1898,cfb-ballst-wmich-2025-10-11,2025-10-11T19:30:00Z,2025-10-11T19:30:00Z,33181058268320841770311540539184694047811298891220577846074168089495002433481,0.245,0.9,0.255,1440,
0x7d166f471f82ab55fd3f5569571db2524f0970d5d458f35fca3f0b0812fdc6e5,cfb-ind-ore-2025-10-11,2025-10-11T19:30:00Z,2025-10-11T19:30:00Z,70083375449475562473357552533961718011476795555089841205455068064855561706272,0.295,0.9,0.275,1440,
0x769a1fc3af411ac5e2b115bd6c7d36f6c6b3b58b2159c21d68ecb1fb5bd7b77f,cfb-iowast-col-2025-10-11,2025-10-11T19:30:00Z,2025-10-11T19:30:00Z,81228158665328991977366457869474653892587924605896445515763057757112411227993,0.595,0.9,0.57,1440,
0x8e54a13a891056a4a0b92a88b2e44dff7a33b49c738907d0a7e7ba728cf89ed4,cfb-ncst-nd-2025-10-11,2025-10-11T19:30:00Z,2025-10-11T19:30:00Z,83946878884087720868746351321604841700270107841451775543693610755361660176901,0.06,0.9,0.075,1440,
0x17eff8f479de10966428c7518a61f184314abb874538fac88bbe2bb7af6522a1,cfb-nebr-mary-2025-10-11,2025-10-11T19:30:00Z,2025-10-11T19:30:00Z,45535934732683898936745376801980629628110983584760919908908890853741275242663,0.695,1.0,0.7,1440,
0x5ae3d21a469f4c1c8f0e5d5bfeeeaefd485805542f70920ec0b044bbd7d1b085,cfb-nw-pennst-2025-10-11,2025-10-11T19:30:00Z,2025-10-11T19:30:00Z,96031428192045632529401058192582947179798283857966517385976672022334776205752,0.085,0.9,0.085,1440,
0xb36991336fa973aca12aaf523ca8425e98ebfa6c5521b3f723e8d487adfe9f09,cfb-okl-tx-2025-10-11,2025-10-11T19:30:00Z,2025-10-11T19:30:00Z,49945677446949854939249813961357533799656959277424929759437590321236921505383,0.425,0.9,0.505,1440,
0x573152581ae29e46071ddba0fbfff00fc74c6ef41ed50df47f79e4da1bf4c22a,cfb-tcu-kanst-2025-10-11,2025-10-11T19:30:00Z,2025-10-11T19:30:00Z,27868509934077160324847325309735602313199768526584652781211429533776803495662,0.575,0.9,0.545,1440,
0x4407151037d1a184fe30adb566d9c48d07122d911ef145c33d02409aea0e8350,cfb-vtech-gtech-2025-10-11,2025-10-11T19:30:00Z,2025-10-11T19:30:00Z,52069277419423280662461570512252251880639352784830025816576689091070668245567,0.165,0.9,0.165,1440,
0x9c0d68aabb8b85a996847deb66f793ecd87a08bd85a36904a47f960a456ccd6b,cfb-wake-oregst-2025-10-11,2025-10-11T19:30:00Z,2025-10-11T19:30:00Z,60624532113431766059225249051701131581456167869855013939733998477425376425704,0.545,0.9,0.56,1440,
0x7753b3d0127f5ca296f3f208dd01a6355d972f5ab596b744b57c462548f0fbe2,cfb-navy-templ-2025-10-11,2025-10-11T20:00:00Z,2025-10-11T20:00:00Z,83703044569042595719644159197572222215547566373973266597722406696499646149509,0.75,0.9,0.765,1440,0.25
0x19af2e12fa5dbcf8c33ddad1418167e9dd889a248d93f973e76cb2fb59bde4cf,cfb-ark-tenn-2025-10-11,2025-10-11T20:15:00Z,2025-10-11T20:15:00Z,69776603114622212394484249879607231232457210953974985547541133874934805566199,0.225,0.9,0.215,1440,
0xc89fe435557de06592fa97b01163fd4daced84b91a225cca0c574ea3c4851648,cfb-uab-flatl-2025-10-11,2025-10-11T22:00:00Z,2025-10-11T22:00:00Z,68163662023878091731144808029815822939596224842840157891173903754134777523365,0.355,0.9,0.35,1440,
0x709edc33bc2cbf1d9fcc0de9f50272c7565d45695fdc3c83bc5fce1183155dfa,cfb-fl-txam-2025-10-11,2025-10-11T23:00:00Z,2025-10-11T23:00:00Z,41044831071819685859002969642116890569374259466351441240006392028019944813846,0.295,0.9,0.275,1440,
0x31bcf1cfd72d9d8509cef33dcadbe50cb7e56e2ebbb6d66df44fe3bd4b3c5a80,cfb-iowa-wisc-2025-10-11,2025-10-11T23:00:00Z,2025-10-11T23:00:00Z,58943961307910937891815936295292707030463180764204791613325096120870793360778,0.675,0.9,0.59,1440,
0x86a2dcc2168d7e2b6ab07aa59b9f60eebfc4fe9dccbc0c6d3ef37f50ed5d5d4d,cfb-lamon-coast-2025-10-11,2025-10-11T23:00:00Z,2025-10-11T23:00:00Z,59305460836573592835860880632068032672265897091840261813816070471954735867985,0.565,0.9,0.555,1440,
0xeb5251c53f60e6b843489424e56ddf214160d928afd3a4d42d3c01bdbe53dca3,cfb-sjst-wyom-2025-10-11,2025-10-11T23:00:00Z,2025-10-11T23:00:00Z,67605134328478898905169844213840720696718469958818129448298836962382855798248,0.535,0.9,0.52,1440,
0x2bb25ac1d259b01fb7bea11e2504340f2c4ac58bcced4c6c27e9893a8210897a,cfb-clmsn-boscol-2025-10-11,2025-10-11T23:30:00Z,2025-10-11T23:30:00Z,58254124050817475836406038163814191923191930430504319761812039191474777072300,0.825,0.9,0.835,1440,
0xaba61ca5b2f03bb34d371d41d54e7d168e8e5c9816b77d3f850eb20ed0bdeeb8,cfb-ga-aubrn-2025-10-11,2025-10-11T23:30:00Z,2025-10-11T23:30:00Z,38237937549384058881778315215777285331982873590777543688769601438883576562392,0.665,0.9,0.635,1440,
0x7d926c048c014b5c463e4ccd8b9e7c7cb94f918c1796c77a8f99a8fe27f05350,cfb-kan-txtech-2025-10-11,2025-10-11T23:30:00Z,2025-10-11T23:30:00Z,95658288783998028879823489010738227896258078058635009754357404346551858089013,0.185,0.9,0.165,1440,
0xe61d462118545d67ccd238687ae812866045d4083a5aedce03b9877f2e5079b3,cfb-mich-usc-2025-10-11,2025-10-11T23:30:00Z,2025-10-11T23:30:00Z,1871088040881087548980998176401274462131255495116825344342996734698473377613,0.415,0.9,0.435,1440,
0xa14736aef00e2f4b2fd57ff962f810a12f756981b34afa8cdae3a0f2604b242d,cfb-pur-minnst-2025-10-11,2025-10-11T23:30:00Z,2025-10-11T23:30:00Z,56796692155950598688924639929505668413133993558595133515564693992107081752715,0.275,0.9,0.265,1440,
0xa5fbf5338861db830044456ae3bdbab3b9b46d7c4781348fd0672f2d49865247,cfb-rice-utsa-2025-10-11,2025-10-11T23:30:00Z,2025-10-11T23:30:00Z,114353558389409697837944573474425085169752331405183997232044978083783120019607,0.25,0.9,0.235,1440,
0xe9d68eb754044004f4ad0f5ed64cdb4e6b28291f1467930f95ea25e4be1c274f,cfb-sc-lsu-2025-10-11,2025-10-11T23:45:00Z,2025-10-11T23:45:00Z,89892733240506669922447366612211929623620914821022391599748255304243284000558,0.255,0.9,0.255,1440,
0x1152b361960c9f3a9a177254ba594012e1458b94dd720cfe258d7176f3bf9a38,cfb-byu-arz-2025-10-12,2025-10-12T00:00:00Z,2025-10-12T00:00:00Z,22680201660672476215295189169578753144643611099629605986904123407016090597744,0.565,0.9,0.545,1440,
0x9ec01d3e5f28c6e546857ded64fda6609eca8f7d74f2cf24c7f0d2d5bc062457,cfb-troy-txst-2025-10-12,2025-10-12T00:00:00Z,2025-10-12T00:00:00Z,39603832823980136163090640137703678759927343246081352349561425953089830625461,0.275,0.9,0.265,1440,
0x5db8dae04ae9f18cef92388144b5cfad0c76d501b48f403fb22f01a5645caccc,cfb-nmx-boise-2025-10-12,2025-10-12T01:45:00Z,2025-10-12T01:45:00Z,108271296725252612737444545597752823819127346619088563186542045727737304942647,0.15,0.9,0.125,1440,
0xd8446b11ddcb2707ea46676c009f2166bd0303b310d5077cce47c9d443ef77bf,cfb-arzst-utah-2025-10-12,2025-10-12T02:15:00Z,2025-10-12T02:15:00Z,37701028936262128213825718369170636546933514754093585310289427209039091463276,0.28,0.9,0.25,1440,
0x52addc8c0fa7c4d58cda74b63751c49152e29e180550724d25e35a5d5167c5b0,cfb-sdst-nevada-2025-10-12,2025-10-12T02:30:00Z,2025-10-12T02:30:00Z,105762164760967435192964639187985909763901995674299115331944814039703021467428,0.685,0.9,0.71,1440,
0xabdde1057bd5f62a06f15417908c6e601b3532d67723eebd35776fdb080b368f,cfb-utahst-hawaii-2025-10-12,2025-10-12T03:59:00Z,2025-10-12T03:59:00Z,426347074683539175010188772048662539854652926138068075862214183051632175205,0.525,0.9,0.525,1440,
0xc5ddf8c0ccb9504289c7d12ae3995e262f71b91f9eacfaf1e6d270ede932ef33,nfl-den-nyj-2025-10-12,2025-10-12T13:30:00Z,2025-10-12T13:30:00Z,86192057611122246511563653509192966169513312957180910360241289053249649036697,0.745,0.9,0.765,1440,
0xf961917c7d316845721908d47e21edc7ca4296b8f2a3854139e5f85d745d6e2a,nfl-ari-ind-2025-10-12,2025-10-12T17:00:00Z,2025-10-12T17:00:00Z,91783222519705696315731477047155622412473949652726523207823771117825677244032,0.225,0.9,0.245,1440,
0x9b90495b8c6a3e710e2033792670def04c93193851b1335d322201974e5ecd14,nfl-cle-pit-2025-10-12,2025-10-12T17:00:00Z,2025-10-12T17:00:00Z,76925156783242554382226225002147376273857263691133866076090528285335160448554,0.265,0.9,0.285,1440,
0x1c7d31524691352afd11fd2883d11e43f328fee25c4a5978b4e42040e3f96abc,nfl-dal-car-2025-10-12,2025-10-12T17:00:00Z,2025-10-12T17:00:00Z,82243712450579076526842653828468333325153844227339405470798316396905472608791,0.585,0.9,0.605,1440,
0x1b064e069647019e202bf9f76574a6f540a6a0ace4af94119e1bfabb20dba2c4,nfl-la-bal-2025-10-12,2025-10-12T17:00:00Z,2025-10-12T17:00:00Z,42700641565230186710020541636685553324723314828032894724667303666758624290295,0.735,0.9,0.775,1440,
0xce2671dbf70a19b648b0e32aa55be99c70503bc9455a42a68829cc5186492c38,nfl-lac-mia-2025-10-12,2025-10-12T17:00:00Z,2025-10-12T17:00:00Z,84867841418196475051962678681100910112043935496708723987576604857633043303574,0.625,0.9,0.645,1440,
0x956062ff723cf609b3085fcbd85ccbd771ab28b1c0cf557b224afb2e824d1faa,nfl-ne-no-2025-10-12,2025-10-12T17:00:00Z,2025-10-12T17:00:00Z,101825961017117681820870618836671443937006911090703422917919214435233578161123,0.615,1.0,0.635,1440,0.385
0x102c98f54c6d5be80d8380ce55a93ae10bc4fd285729b3aa33a6712484c9375a,nfl-sea-jax-2025-10-12,2025-10-12T17:00:00Z,2025-10-12T17:00:00Z,65181387213104612842621300379569623249928506487478220404378778395379355468250,0.505,0.9,0.505,1440,
0xc845fc87d66cc35e650fda42835faa687a08569d04d1ecbccb8faeb67369c0a0,nfl-ten-lv-2025-10-12,2025-10-12T20:05:00Z,2025-10-12T20:05:00Z,7057354805335397789807476131493531608821208486230725046088170511827940750978,0.355,0.9,0.335,1440,
0xc480ad202a02700a20346a1d8f63c2a15a6aae5858ef62d21f2043347d0129e8,nfl-cin-gb-2025-10-12,2025-10-12T20:25:00Z,2025-10-12T20:25:00Z,3610662508070644343709282829730903179322994060490469244486952472003966792974,0.115,0.9,0.105,1440,0.885
0xd55353d086e0d5d62383e0ff538c721eab4969a426d6404e2134f59a374894f4,nfl-sf-tb-2025-10-12,2025-10-12T20:25:00Z,2025-10-12T20:25:00Z,46624220931236200146764216211260664534880387976574799044898986678450384828259,0.365,0.9,0.37,1440,
0xa7aeaaae036e316c1e7e0542fa31595117dee8735ef88b3d9ceda85b1b3d1534,nfl-det-kc-2025-10-12,2025-10-13T00:20:00Z,2025-10-13T00:20:00Z,9931511623386788748062999918458400455394427682853854329651440440898881487005,0.425,0.9,0.435,1440,
0x626a49d9b82acaa9e86760c0cddad6a71aceefbef72f4f1c154ff8e358ae88c1,nfl-buf-atl-2025-10-13,2025-10-13T23:15:00Z,2025-10-13T23:15:00Z,41363179555803964193865225014057621561864035628882209196629573070642914610300,0.635,0.9,0.645,1440,
0xb4bba8acb4a85c9f4ccd0eec6393e746c0176d271c2d0e52792968a05dd64b0c,nfl-chi-was-2025-10-13,2025-10-14T00:15:00Z,2025-10-14T00:15:00Z,18959108866826349833783810516216172919384800898438031659526495847821857557528,0.305,0.9,0.305,1440,
0x9623bd7c2077f30b780f01d35b78c2fe61c976b05986bda4e266743d1086f9e6,cfb-nmxst-librty-2025-10-14,2025-10-14T23:00:00Z,2025-10-14T23:00:00Z,58007474974768267966808801235191702772599193896128425344252530519804739748227,0.215,0.9,0.23,1413,
0xb49ba8a448c29afde79ac0f9c9c37ef14706b39e1fd85a3f6e5d80aca8afc407,cfb-arkst-sala-2025-10-14,2025-10-14T23:30:00Z,2025-10-14T23:30:00Z,53089086724124377592097407625956780467710427146963760921347902671116316347669,0.265,0.9,0.28,1440,
0xbf52f05ba929b040e7e77ad6db3c87811ed9acf546d6bb59d67928a650422439,cfb-flint-wkent-2025-10-15,2025-10-15T00:00:00Z,2025-10-15T00:00:00Z,38557673883413836687602952006967518756511982226988669287872457431936059591319,0.24,0.9,0.25,1440,
0x2b7f43e3ff9059b3bcd113bd69e6f1931da90217ad88ea9934cddf26d790ce02,cfb-del-jaxst-2025-10-15,2025-10-15T23:00:00Z,2025-10-15T23:00:00Z,5927414010983383410680571846137423367656326503560991365931040189749275128466,0.585,0.9,0.565,1440,
0x460759c70798ed4b340db36d9819bd747b385a46348ae67e8e8f9cb9f2c604c2,cfb-utep-smho-2025-10-15,2025-10-15T23:00:00Z,2025-10-15T23:00:00Z,49893002404371858459708638457774739628122195922199623581348331996963634827660,0.595,0.9,0.565,1440,
0xf8724e142a756330a6b0fa515c5a511ddd189af34910441d8bbf8192052d296f,cfb-tulsa-ecar-2025-10-16,2025-10-16T23:30:00Z,2025-10-16T23:30:00Z,107906285971802110125062036252567544240661081592314743313804454791563816754181,0.115,0.9,0.135,1440,
0xa13312b2cc64532aed2a446b66e5a2d8d8b440b24d7213d33b6dae6a58c33223,nfl-pit-cin-2025-10-16,2025-10-17T00:15:00Z,2025-10-17T00:15:00Z,43316042420532542168140438864501868551184980388178338105513819372697332591887,0.685,0.8,0.7,1440,
0x49afdc2072ba5ddea5f41258aae271afec1f5ccef877f2d1a2f5e8e0f5c3adb8,cfb-lou-mia-2025-10-17,2025-10-17T23:00:00Z,2025-10-17T23:00:00Z,28158942024648163229035544972069470900608454264056085385448902544103259948806,0.195,0.9,0.165,1440,
0x56aa6bcf43ee201a210c15a26f7db769d58f8c6f5146a36ee26b63ac0934a05c,cfb-nebr-minnst-2025-10-18,2025-10-18T00:00:00Z,2025-10-18T00:00:00Z,1878823094180277981641885869459845830391995012916019578304924989331683896192,0.685,0.9,0.715,1440,
0xbc59df2b8bdfdb7b458bb5fedace2235bc4f2a0b47a75c7970b2bfbc6afcec9e,cfb-sjst-utahst-2025-10-18,2025-10-18T01:00:00Z,2025-10-18T01:00:00Z,24267027224558048743004322558114275217795336184797732264022259502547262704010,0.405,0.9,0.365,1440,0.595
0x88148270c5ae326052a398b7de301996fc776ba1aec0e3df7f63570b3e5f86c3,cfb-ncar-cah-2025-10-18,2025-10-18T02:30:00Z,2025-10-18T02:30:00Z,92432169638322175306165006708690203558955229831576986884062046629126128903717,0.265,0.9,0.24,1440,
0x80c72088ae739f69c953653573ac8da194ad7737a8aef4ca1cd9e59b33e1de4a,cfb-army-tulane-2025-10-18,2025-10-18T16:00:00Z,2025-10-18T16:00:00Z,50888275177893914602534996486738481627360689575485618913021600057313867980060,0.23,0.9,0.23,1440,
0xb888989167c4b0b162837b29a1cc1b74d617d6ff0bb49a62d62affaf7195f11e,cfb-arz-hou-2025-10-18,2025-10-18T16:00:00Z,2025-10-18T16:00:00Z,44746534775026824952698808102242256251266854883445667246967452699667899634139,0.525,0.9,0.505,1440,
0x7bf0b70fa1c20c28eb5e2e97f9c87c630db70042072124caee2653e22fd24c42,cfb-bayl-tcu-2025-10-18,2025-10-18T16:00:00Z,2025-10-18T16:00:00Z,28698015380252807137131494125012787462051709550173111021202720971109456119142,0.395,0.9,0.42,1440,
0x8b39e14d81a3e92f240cf3432a098bf98bc412d20f5e5a6be0396f5dfe08f813,cfb-cmich-bowlgr-2025-10-18,2025-10-18T16:00:00Z,2025-10-18T16:00:00Z,100829764577956808734715181102520544610306310283009435212024786881646198589778,0.415,0.9,0.385,1440,
0xe1497de045ecc80d456d6545a49973b1099cf9f1b3d13fcafbd17e8d3631e3db,cfb-emich-miaoh-2025-10-18,2025-10-18T16:00:00Z,2025-10-18T16:00:00Z,51540814026302233255577093715932573764324913873560436899962151625985602686959,0.21,0.9,0.195,1440,
0xf36470c61659bddfa6d0e487004630551069717b9a1de412caf7d49e92fce76d,cfb-gtech-duke-2025-10-18,2025-10-18T16:00:00Z,2025-10-18T16:00:00Z,6791210343411183733033393072763133441595846795583505634713196778109966770721,0.405,0.9,0.455,1440,
0xc89d563cf0f773ca00205d78f850d4ad2f9f93911c62bad2aae6e408e081a965,cfb-lsu-vand-2025-10-18,2025-10-18T16:00:00Z,2025-10-18T16:00:00Z,80992623088370345528539642459139080881583991537904594665278304738281967352940,0.475,0.9,0.475,1440,
0x00064042b5bcc5de2d98e555474e912c0e64598cfe4cef02adda9ab3204bcc46,cfb-uconn-boscol-2025-10-18,2025-10-18T16:00:00Z,2025-10-18T16:00:00Z,11660325845197583185346679567884231250955081690025115494411729482015477821348,0.555,0.9,0.475,1440,
0xde36397d08bf0a52ab241adb8b9aada7fd731c149d824ed4518b72993f0467ee,cfb-wash-mich-2025-10-18,2025-10-18T16:00:00Z,2025-10-18T16:00:00Z,49660823610424311798395103936677686173693491386190944864932377795153034520605,0.375,0.9,0.35,1440,
0xad5e7845b2034156ca7740d2bec97cfe89696099a78ea1355ff3a6756526217b,cfb-okl-sc-2025-10-18,2025-10-18T16:45:00Z,2025-10-18T16:45:00Z,29438777872080672708620878350869223194649686161971357361526192584311887922379,0.645,0.9,0.655,1440,
0x7813e6097cf65db51ce647fe499b490e187ebc967770c72f28c273b47eeec390,cfb-wvir-ucf-2025-10-18,2025-10-18T17:00:00Z,2025-10-18T17:00:00Z,82834087547471866878595897678718508397943111509087846817091001369977780715557,0.315,0.9,0.275,1440,
0x09cb176c5afcefc0a57dd5882be94c0ee2016ec8ef9e8a3fc923a85b41125d05,cfb-kentst-toledo-2025-10-18,2025-10-18T18:00:00Z,2025-10-18T18:00:00Z,111850231689623447766326883940105298407290279352720015596311424101105096665121,0.055,0.9,0.05,1440,
0xa478906f21e0532d104c6a63148dceb7b89e130bc1d253093ee225180adefecd,cfb-buf-umass-2025-10-18,2025-10-18T18:30:00Z,2025-10-18T18:30:00Z,45243283515236623463492983983702491860944987744653536162728449679750338633700,0.895,0.9,0.865,1440,
0x0b88fbcf849649014bd4160626ff7af902216fc948ce9e16d534777ff0e61386,cfb-pur-nw-2025-10-18,2025-10-18T19:00:00Z,2025-10-18T19:00:00Z,54830930443814911048861323730438136911421965594920791003678512089193702224686,0.395,0.9,0.415,1440,
0x47556ad5e6605f9ec65230972a34be8dd4e1517e903c14317a7ec21530bf94c8,cfb-troy-lamon-2025-10-18,2025-10-18T19:00:00Z,2025-10-18T19:00:00Z,36489441178097023114153807395533500725469269926445913939616384450544418133920,0.645,0.9,0.655,1440,
0xc9e28802c9d2563f429488742f274388f14a463bccc982854e1aff688a1f722b,cfb-akron-ballst-2025-10-18,2025-10-18T19:30:00Z,2025-10-18T19:30:00Z,94806164673386192266820576491104909497968065243884990747982971346781002136767,0.52,0.9,0.505,1440,
0x6637192aaf2abc141ab7492498192f8775cbcfd4d154b4d0c0513f54ef254eb9,cfb-coast-applst-2025-10-18,2025-10-18T19:30:00Z,2025-10-18T19:30:00Z,87895573351390620393073145121290979296396517971425752770369410565043587486089,0.23,0.9,0.215,1440,
0x887b1200fecd796282459024b596d80d521740e526a7697fd51052ddc9a9f480,cfb-miss-ga-2025-10-18,2025-10-18T19:30:00Z,2025-10-18T19:30:00Z,37730852883605979212129847057277375091662425164875800564860029375303578533586,0.295,0.9,0.29,1440,
0x5d49f2fde894e7af670723ca4f363e2aa05ab273140ae51f88f8ddcd781fb28a,cfb-mst-ind-2025-10-18,2025-10-18T19:30:00Z,2025-10-18T19:30:00Z,62410822428240141091417763975302560190646082461015838582019855617917735164130,0.047,0.9,0.04,1440,0.953
0x35ddfb9d5e99c78aa34e4ae5247b32ff4b4f20870ca17e47d097e48cfcd61f0c,cfb-nill-ohio-2025-10-18,2025-10-18T19:30:00Z,2025-10-18T19:30:00Z,114251586066084143024525669797293633234229521528290438705479186185588516820638,0.205,0.9,0.21,1440,
0x2206ae8673f2233ff9419dc0b0d12e67c044e260e78a71856fa05aebdee007bf,cfb-ohiost-wisc-2025-10-18,2025-10-18T19:30:00Z,2025-10-18T19:30:00Z,75738492368884334908022916650701099431092592940451987494100345732233216016851,0.957,0.9,0.955,1440,
0xa967686486b0ab1f91ca56a92fbd957f602b4aea77f8df21fbdd24b5177cb0e4,cfb-old-jmad-2025-10-18,2025-10-18T19:30:00Z,2025-10-18T19:30:00Z,40968478833946777470529541925853536512957592903881606020531697402108253635249,0.405,0.9,0.455,1440,0.595
0xdda0a9cff834a4b16e1ef08392037eb2502045583394b4cf8145a4553ce3c595,cfb-smu-clmsn-2025-10-18,2025-10-18T19:30:00Z,2025-10-18T19:30:00Z,17047276552061796208959991793280886673041704441023149309880525356447965581680,0.405,0.9,0.36,1440,
0x2c9f290631c0fa80b5fca280a12748ae0af6daa5eb8216753b689dc01764d167,cfb-templ-charlt-2025-10-18,2025-10-18T19:30:00Z,2025-10-18T19:30:00Z,52943905117037902116771415558604638363205756438076798131518083565833441322610,0.775,0.9,0.79,1440,
0xa5afaeaf978d059f8d80bc25d0f4fa4019d364a110baa23465485e10a35a0ec1,cfb-txam-ark-2025-10-18,2025-10-18T19:30:00Z,2025-10-18T19:30:00Z,71564209951136819485706875187911799530113797803255236446591810814159234665311,0.715,0.9,0.73,1440,
0x944a1885353e162a3f9190bc0e0e6cc4bfd13f6db06d351c2c6787088ff3ef07,cfb-txst-marsh-2025-10-18,2025-10-18T19:30:00Z,2025-10-18T19:30:00Z,42107314019931882188840195195419807425515886233019340151055108140695919019278,0.575,0.9,0.575,1440,
0x8d43abb6b70d953ea166ba4e078de6d00f1dde0a394a061eea7659c40094b95a,cfb-unlv-boise-2025-10-18,2025-10-18T19:30:00Z,2025-10-18T19:30:00Z,49280003351325567803888743154629201629636333936215874024121305589896899470095,0.205,0.9,0.195,1440,
0x6159fa8860f3deb06fb9f5ba55e125dc141da3ea1736636c8507ada89866f1ad,cfb-utsa-ntx-2025-10-18,2025-10-18T19:30:00Z,2025-10-18T19:30:00Z,75609795985335670457771660191449310141541820399237785569631345283114996668633,0.375,0.9,0.375,1440,
0xe88b33bf66809bc0496db398e1d4ee86a3351afdd169825bec1fe216dc18dc38,cfb-wyom-airf-2025-10-18,2025-10-18T19:30:00Z,2025-10-18T19:30:00Z,53877397805547911628668907633313103032845867908328648995065653119750467659962,0.375,0.9,0.37,1440,
0x6bf8154a29afafc320b8461dc245a4b1e9ffbe80de2995380efc00bf10a0e63a,cfb-mphs-uab-2025-10-18,2025-10-18T20:00:00Z,2025-10-18T20:00:00Z,68203489676419746235304162077828286456954696368570395456778679477054491285777,0.915,0.9,0.925,1440,
0x648e53a036c4f968a6a5d5055d3b7e597ed308feafc056deee009e3b2838eb72,cfb-txtech-arzst-2025-10-18,2025-10-18T20:00:00Z,2025-10-18T20:00:00Z,47247418240760025136093415711021841319772920603077092694935115849288345578857,0.735,0.9,0.725,1440,
0x30c689699fce22e7d9f0c0f3831fb272c7f51c77fc2ff2b781dd2a79c4232443,cfb-mspst-fl-2025-10-18,2025-10-18T20:15:00Z,2025-10-18T20:15:00Z,6717591423116981625310888487886890267386565293202945009709619196760020066205,0.245,0.9,0.23,1440,
0x40dae1bc8b513e3de1cfa749516768996334f87279ef4617fc5f248aab8158c2,cfb-soumis-loulaf-2025-10-18,2025-10-18T21:00:00Z,2025-10-18T21:00:00Z,65763257305433669828859793860454143190629837460907585733513547995762953488068,0.615,0.9,0.625,1440,
0x68e4fbd2d3748530449776fc98cd47651ee57dd4c3deb665252417b3533b15f0,cfb-ore-rutger-2025-10-18,2025-10-18T22:30:00Z,2025-10-18T22:30:00Z,17945221594026817214555428304197205527844412677953752973877489745197090689440,0.885,0.9,0.875,1440,
0x1f07a83f6e6043cc5b707feeea9aab9324b747767a6ecb7de85d806f11222804,cfb-washst-vir-2025-10-18,2025-10-18T22:30:00Z,2025-10-18T22:30:00Z,98685469090746827278175858237132265500713946498902441334344339843611104496838,0.13,0.9,0.115,1440,
0xea064a4c1695560ec93c257d93b55d74a3461334a889a8709630803fc286f9c9,cfb-gast-gas-2025-10-18,2025-10-18T23:00:00Z,2025-10-18T23:00:00Z,23248450268766107698021944593213674019528828888834653281308834471520079458338,0.325,0.9,0.31,1440,
0x5dfcdf468a0b58d36e86d1792556bf9cf2bee165cdc6c31769a2b2b668bff469,cfb-hawaii-colst-2025-10-18,2025-10-18T23:00:00Z,2025-10-18T23:00:00Z,5455444907910158793635122255249589667202127121820407962121106867570505929222,0.445,0.9,0.45,1440,
0xabccef2b7b5ac15e35054678bcc0c0fc89532f16b5bb30f72579b6d9a0b9f94b,cfb-mary-ucla-2025-10-18,2025-10-18T23:00:00Z,2025-10-18T23:00:00Z,58525098401107331364259890093049120422170989649659453716167714979526883752104,0.395,0.9,0.405,1440,
0x61ce5ffd4576defef3f90c2e8a7fb88e2a3fb5e0c410ae32c7fcf26d56b152c1,cfb-pennst-iowa-2025-10-18,2025-10-18T23:00:00Z,2025-10-18T23:00:00Z,38378580159016085604656601373580966391823329679328030782245492204325520679156,0.415,0.9,0.415,1440,
0x4d155680becc2876cc794cfa8276264a58be9fb8c2fc09d6bc193e7b583f7834,cfb-tx-uk-2025-10-18,2025-10-18T23:00:00Z,2025-10-18T23:00:00Z,79757561350216899680890861853278093635867709795879978675459942235224907172167,0.825,0.9,0.815,1440,
0x23b286182b530de5f6f7be3314c2266ca67c83529f4f1fb9b4b2b37250764595,cfb-flatl-sfl-2025-10-18,2025-10-18T23:30:00Z,2025-10-18T23:30:00Z,78463133786153585476662034272042108191972530955062335391265656533109762770760,0.09,0.9,0.075,1440,
0x6ced26a14ea0b5928495e709bf6d5e0abe87184754100db6c0042c58b662119b,cfb-pitt-syra-2025-10-18,2025-10-18T23:30:00Z,2025-10-18T23:30:00Z,6775262460602779497216618226725520651016535661440750485208283957949638931583,0.755,1.0,0.765,1440,
0x54bbccdae11d914e78345ab3bcfd3a668de9a15e4fcb961443cbdd1276bbf2ef,cfb-tenn-ala-2025-10-18,2025-10-18T23:30:00Z,2025-10-18T23:30:00Z,104743281105735997002766944616061173144678871293408531592239372417535452901140,0.265,0.9,0.265,1440,
0xf66c9b22421710de79589fe69b5125369763ede935a6818834315656eec0bd0f,cfb-usc-nd-2025-10-18,2025-10-18T23:30:00Z,2025-10-18T23:30:00Z,5980027716824736378569027240306804022664751385379738287414739815745948610213,0.235,0.9,0.245,1440,
0x093cd3510ed145accfe5c4553b2c14326c3018a0802fea9aa10a8b88a5c728ba,cfb-missr-aubrn-2025-10-18,2025-10-18T23:45:00Z,2025-10-18T23:45:00Z,82297650470893365422677685813895350060514675681048432235788299645515388278742,0.52,0.9,0.525,1440,
0xb0df4ed55295fd749381ab21c6862adf10e9038ea083527bf366cba8fb1092f2,cfb-cin-okst-2025-10-19,2025-10-19T00:00:00Z,2025-10-19T00:00:00Z,35306182704862585898470760450241899792332882729565704756515068151230852219513,0.945,0.9,0.93,1440,
0xf4bcf5c7ebf00579f4f4e707401721e008c6e177432df16f65e9d46e2dded8b7,cfb-utah-byu-2025-10-19,2025-10-19T00:00:00Z,2025-10-19T00:00:00Z,61247516115237450579851907099300213201681078579830658045913453372806393418140,0.625,0.9,0.63,1440,
0x88c2adecb25d45442151b5094c01f6e87102537e6a2a1c8cbf528f16a1fc5520,cfb-nevada-nmx-2025-10-19,2025-10-19T01:45:00Z,2025-10-19T01:45:00Z,54905008195378362992477174964628554306726651060618490803772837934929264978833,0.185,0.9,0.185,1440,
0x4ae44bf9a939a22afb703ad18f7fdf92d57ac33260c808cccfe3025a87010465,cfb-lafay-oregst-2025-10-19,2025-10-19T02:00:00Z,2025-10-19T02:00:00Z,49633581895119593297729000860448800347277851632778619586331009576188184401438,0.105,0.9,0.095,1440,
0x3f3acfb4a75f7b8db894bc089126f370ac291b3bd1bb5dc5acbd795dda764276,cfb-flst-stan-2025-10-19,2025-10-19T02:30:00Z,2025-10-19T02:30:00Z,49380310037354936844159872778513563736273873723843304967793618689436561933000,0.875,0.9,0.885,1440,
0xe8f18e0474b83d54ca5fa8f8689e4b8af580d8c61dbb8037729af690250ceda7,nfl-la-jax-2025-10-19,2025-10-19T13:30:00Z,2025-10-19T13:30:00Z,67153012814113013146847051271655451444815275646538899810030651084316282192625,0.62,0.9,0.605,1440,0.38
0x16216b8132f88c07a0e6d86bd869f6bb1253925aa21ca43ea00d2a66bb29e587,nfl-car-nyj-2025-10-19,2025-10-19T17:00:00Z,2025-10-19T17:00:00Z,81737096193980495090392291442340258132452797890728738571009494597928347481572,0.495,0.9,0.515,1440,
0x175d2d3a8a5f2e97517a4197b1e7fba3d498022683bdb0f06dec63611bda746a,nfl-lv-kc-2025-10-19,2025-10-19T17:00:00Z,2025-10-19T17:00:00Z,87358219091534453152338230880854583403039643157289332809785953175985830998952,0.145,0.9,0.125,1440,
0x5d73d1ea65978ed06a55aaf4553827880dcc7cab5cba334de3341518fe8e4514,nfl-mia-cle-2025-10-19,2025-10-19T17:00:00Z,2025-10-19T17:00:00Z,39351838184523699496653676102311470661734974451685787324028718080379052964449,0.435,0.9,0.425,1440,
0xd502aa7d6ec28b1ba3ca4645e5c7add9ef71fdedf5d634c57c30de7a86d700db,nfl-ne-ten-2025-10-19,2025-10-19T17:00:00Z,2025-10-19T17:00:00Z,78438266690025827136901417206529899163142270468773082486937449160270835742848,0.715,0.9,0.745,1440,
0xf962703012a033d57382d976ecc3d8b6a9a7991083be770e43464b3ea8683fde,nfl-no-chi-2025-10-19,2025-10-19T17:00:00Z,2025-10-19T17:00:00Z,9116537745887025220476561703271967037119166063746098699383163017682521388392,0.355,0.9,0.33,1440,
0xed55f36cdf45379cfe16421d2e3d62c643e1926bdadcac06cce174e1c3bbecc3,nfl-phi-min-2025-10-19,2025-10-19T17:00:00Z,2025-10-19T17:00:00Z,86783868793881915100820173535225828030655296742978157928520284291110224712487,0.56,0.9,0.545,1440,
0xc931a0aee25adf6f2eee087df23d417f7be2ebec4fe65a4f8b2dde16ba077416,nfl-ind-lac-2025-10-19,2025-10-19T20:05:00Z,2025-10-19T20:05:00Z,50927343474106632772160150391699241955873200403889694079082717465609473040902,0.425,0.9,0.455,1440,
0xdff0b3538e08b1f3fd036250b7bb1500ccd1fc4ee026477d0932bff20c8fbc31,nfl-nyg-den-2025-10-19,2025-10-19T20:05:00Z,2025-10-19T20:05:00Z,97705377830870121325042421765092411334303033544660617753066888851263016231755,0.215,0.9,0.235,1440,
0xb8e221de6ebe56c959225f7acb6bc160e6ee4728c2311944acffbd647997a786,nfl-gb-ari-2025-10-19,2025-10-19T20:25:00Z,2025-10-19T20:25:00Z,105961280588553121493003783614574137525619609735686922727408028148911914916430,0.725,0.9,0.755,1440,
0xe0d9de962e0a53a2276c8ac5b192fd97e1d2ec74a386d2d7022b83ae86464489,nfl-was-dal-2025-10-19,2025-10-19T20:25:00Z,2025-10-19T20:25:00Z,92211847866036284178115262117996225131130400931576952813579819530679958860633,0.465,0.9,0.46,1440,
0x3af49f39f61c7e4505aecf6f49c06d41db4e030ceaaf322f10db1dd9c940eae0,nfl-atl-sf-2025-10-19,2025-10-20T00:20:00Z,2025-10-20T00:20:00Z,97089789776171914487169399867179172223005109284642552503321870132481307952967,0.525,0.9,0.455,1440,
0xf6ae726ba56c07c2cc7ec8fafcd9c41ab992c59406d82888e0940b280c81aefa,nfl-tb-det-2025-10-20,2025-10-20T23:00:00Z,2025-10-20T23:00:00Z,80988863864303476270411426614327108802765313617829876648614933772615191035517,0.285,0.9,0.29,1440,
0xcc9d529e735c24bf33e33403d10a70484b44281db5e42a625440a1e16271629e,nfl-hou-sea-2025-10-20,2025-10-21T02:00:00Z,2025-10-21T02:00:00Z,103141272816124557865968051096285154969674960537416469760714848533847802061438,0.395,0.9,0.375,1440,
0x7c1c6960a544f4ed51a84f51893d1bdb2f51bad16d91bc2cc3276ec2d6c74b12,cfb-kenest-flint-2025-10-21,2025-10-21T23:00:00Z,2025-10-21T23:00:00Z,31958476959604975594601659376896912137335588235274425330482043078730875143140,0.575,0.9,0.595,1440,
0x2debc34a164a646aad0d0c82f75e879d9fa1576ee82dd7531b5100163c752401,cfb-wkent-loutch-2025-10-21,2025-10-21T23:30:00Z,2025-10-21T23:30:00Z,29486794451864371495458327209290198740534911725933989150172488795516851250998,0.325,0.9,0.385,1440,0.675
0xdea09ec5b803d985c07113f61125f6b4f3cb639aa0914f137bab430ca8927362,cfb-mtnst-del-2025-10-22,2025-10-22T23:30:00Z,2025-10-22T23:30:00Z,104074689135844995759004297352788099896662064765744079963046936735838485341049,0.245,0.9,0.245,1440,0.755
0xffe6b8d161ad28bf07be743acacf682a1b05db8ef279890a2285829d1be70a59,cfb-msrst-nmxst-2025-10-23,2025-10-23T01:00:00Z,2025-10-23T01:00:00Z,55670602231885125535309013500542456787289208677105681012712928659074783094241,0.545,0.9,0.505,1440,
0x19279bc8f418fd9a6fd5093042dc870817f0abdc6b0e846e46b55578acb246a5,cfb-sala-gast-2025-10-23,2025-10-23T23:30:00Z,2025-10-23T23:30:00Z,59037678474956668836733866017875451454418437442407836543837153106674264792702,0.675,0.9,0.685,1440,
0xc0c0941e8774b0d0df1fd8f84ab7b83076a1675a1feb214e426579beb3046aec,nfl-min-lac-2025-10-23,2025-10-24T00:15:00Z,2025-10-24T00:15:00Z,102631063218637100177348751175973919935465374162774766098903110892066878224102,0.375,0.9,0.375,1440,
0x7dfc60333344a94a3082e0ca2cb29c4281cd5ae4677d3622a9f4645288648d19,cfb-ntx-charlt-2025-10-24,2025-10-24T23:00:00Z,2025-10-24T23:00:00Z,33481482006239607818501586181369080086518437725970082178418105001980141468269,0.9495,0.9,0.945,1440,
0x2cf1be28fe36433b67f5c8c7ac045aa58c8365a9b269f86abc302e2e1105e256,cfb-cah-vtech-2025-10-24,2025-10-24T23:30:00Z,2025-10-24T23:30:00Z,15684980356130957862988720106480049352938674010277319228029245526861706426840,0.355,0.9,0.325,1440,
0xba0e50d43a2e4d127f2cf93053ac8b1beb7d9bbd6666c750a4636071dabc53d2,cfb-boise-nevada-2025-10-25,2025-10-25T02:00:00Z,2025-10-25T02:00:00Z,82610122279105558730091349120761004942011705353538271439641303973449706418170,0.935,0.9,0.92,1440,
0xe1ce6d7f33e74fcba8ff45b777a6b18e21fa238184fb5c466c7c1f24fe2e7a8f,cfb-applst-old-2025-10-25,2025-10-25T16:00:00Z,2025-10-25T16:00:00Z,46239705474927652089568599477360600217097386581862300366998276632891708845755,0.185,0.9,0.175,1440,0.815
0xdd8e4c160a91351bfd4131417bcebd45c9ef3e3d7e26463b5c2611c893c2fdef,cfb-bowlgr-kentst-2025-10-25,2025-10-25T16:00:00Z,2025-10-25T16:00:00Z,50800372473058575261424894897209423620001429224224345499128313271219701290903,0.745,0.9,0.725,1440,
0x4524430629f43974323adf8f7b870475f1cb4854b0ce8f617799cba9e26752ab,cfb-kanst-kan-2025-10-25,2025-10-25T16:00:00Z,2025-10-25T16:00:00Z,77172279790363056083717281736777197725553825009677299459588628733738529580197,0.395,0.9,0.395,1440,
0xd12418fcf4edb01c19102aaac5cecc4b1c7cf1245e6b273fa6599f508c2dbbe0,cfb-miss-okl-2025-10-25,2025-10-25T16:00:00Z,2025-10-25T16:00:00Z,56236426366447158700299236522267900589735118210983970700858577990910761607084,0.375,0.9,0.35,1440,
0xb3dcb12bdc77892fa409a29fa82d25a6d30b8ca6b7abcbcd43b6ec7a92f8b3d8,cfb-nw-nebr-2025-10-25,2025-10-25T16:00:00Z,2025-10-25T16:00:00Z,28186136818856425874568740453209146297536096595844163525851944929853691126546,0.265,0.9,0.285,1440,
0x9665598c6306afca65f500a9d2e8397c3a49ad0edc79a9eec0969f941f0f851d,cfb-ohio-emich-2025-10-25,2025-10-25T16:00:00Z,2025-10-25T16:00:00Z,26853311945716398355978109175489096489226528943482948287601107486160935314448,0.815,0.9,0.795,1440,
0x3a39350b952cd1484411dfef5c7df76b2ca5320c38abce7e54e3eefd14da38b8,cfb-rutger-pur-2025-10-25,2025-10-25T16:00:00Z,2025-10-25T16:00:00Z,3889887760259165616313502267676982280659103382224326350719814218030287278925,0.455,0.9,0.525,1440,
0xa9690a1173a4db35fa05b1a9066585fe0f356654a8f23667af7e087125de0b0d,cfb-sfl-mphs-2025-10-25,2025-10-25T16:00:00Z,2025-10-25T16:00:00Z,5615953992150738101787888790028129434896258626277434845542783281701974859015,0.595,0.9,0.66,1440,
0xd31c222f353f563e6bbe4384ce3b063ed4b4ce82343bf912ea5a888ced8e2ea8,cfb-smu-wake-2025-10-25,2025-10-25T16:00:00Z,2025-10-25T16:00:00Z,99014003386220083948074128082530180448681381178939492196120050371610994952577,0.655,0.9,0.58,1440,
0x8ccac1703d0da8f6542cc40ebb689e4904773b5ffbc0fef234f02c245a40b4a3,cfb-syra-gtech-2025-10-25,2025-10-25T16:00:00Z,2025-10-25T16:00:00Z,43587389708210819227625417449455053904166737132630959401905666064243930416382,0.115,0.9,0.12,1440,
0x871ecfa66efa3697691aeb456f76e2484d04e02acceabc0a57e6d37ed45b8dc3,cfb-ucla-ind-2025-10-25,2025-10-25T16:00:00Z,2025-10-25T16:00:00Z,1691489119490206244422472927313765729056079303625404272392843341442023108779,0.055,0.9,0.065,1440,
0x961faee7b7ab6cae6bdc3095f1e14124267f0518e24e5a54e0a2f5830ea4cd10,cfb-vir-ncar-2025-10-25,2025-10-25T16:00:00Z,2025-10-25T16:00:00Z,36356769650053181154472786144669324492976550566402022004678242938296958641425,0.8,0.9,0.785,1440,
0xc3cb9d9255726e1d187b3053354233f600c870d3d4d403b9d8be769a3a3cac50,cfb-aubrn-ark-2025-10-25,2025-10-25T16:45:00Z,2025-10-25T16:45:00Z,31269536889410491544674954390805835414569394614513449853282193307722754455251,0.45,0.9,0.435,1440,
0x37f0e6a2912a88c8409e4942b4cc4d8cb1d43dd5103a0310fef6bea73034de39,cfb-akron-buf-2025-10-25,2025-10-25T17:00:00Z,2025-10-25T17:00:00Z,43153822791771172655262293021463402130871524700542699563835376938799900038830,0.2,0.9,0.235,1440,
0x5bd48caf23839388af76607535d738d871a87ee5abc3273c7661d27fa1e4e0ee,cfb-uconn-rice-2025-10-25,2025-10-25T19:00:00Z,2025-10-25T19:00:00Z,59658802560217092205589204882604568107829305611592366302691551310300886858748,0.775,0.9,0.775,1440,
0x5877a0f46eca1a309d8ed8f0bd2a033b9ac41130ee4b2212ba783d45be4fe900,cfb-utahst-nmx-2025-10-25,2025-10-25T19:00:00Z,2025-10-25T19:00:00Z,4153253910664585194716198989116323975772910875076927698635224231112303385872,0.41,0.9,0.405,1440,
0x0f90d8c1f4bafa2cc38fa92441097a32116189cae5baf326ac8ab64f06853819,cfb-ala-sc-2025-10-25,2025-10-25T19:30:00Z,2025-10-25T19:30:00Z,5485929552445941771114889789166782267983479094569339616924418615364867195149,0.815,0.9,0.81,1440,
0xfb93644dc931465ae96ea59adfc5eab3aaa66274e95392f59760d4d0e1761b45,cfb-ballst-nill-2025-10-25,2025-10-25T19:30:00Z,2025-10-25T19:30:00Z,31347443504763800902507683302431876746099159608108262306266343818206105887696,0.315,0.9,0.325,1440,
0x93760290aa15d109966695d64b4dfc6a479fcaf23f8898d0d000e439ab6227df,cfb-byu-iowast-2025-10-25,2025-10-25T19:30:00Z,2025-10-25T19:30:00Z,95686572285329655408127512044332901164798298619106454779096867808176513799300,0.435,0.9,0.445,1440,
0x8710077346789efa49bf5a80435977ebfee99921a0b66d3d6cb13d2a5c5964ad,cfb-flatl-navy-2025-10-25,2025-10-25T19:30:00Z,2025-10-25T19:30:00Z,29207882843255193481348943207589726509467555670912398773481409530565692960757,0.155,0.9,0.175,1440,
0xdaa9f6c65e5c6f4ce08dc579306b9063c7dc85b2e5817074c67b56bec3be9b49,cfb-ill-wash-2025-10-25,2025-10-25T19:30:00Z,2025-10-25T19:30:00Z,48591180000806300937048750106008945364519867060758264544880701151007761540569,0.395,0.9,0.385,1440,
0x8114889d5e418494f0b54188256d2f16ba28de9ea42039284bd99f0734e65483,cfb-lamon-soumis-2025-10-25,2025-10-25T19:30:00Z,2025-10-25T19:30:00Z,93491366501054153163761859530976819265271908889067167067517999074007608013296,0.185,0.9,0.175,1440,
0x2d1c71db216f7abf4cf672b4f1bbf7d31d9efa8ac6f5093c5c4d409dc26f36f0,cfb-minnst-iowa-2025-10-25,2025-10-25T19:30:00Z,2025-10-25T19:30:00Z,74210813445963456102069907393489350368751106213109548480185832531603898559341,0.265,0.9,0.255,1440,
0x47ea4178e11b8177fbaecfb1cc19d5a7ed3f109cd195fc67a00b4c2fe1fb6764,cfb-missr-vand-2025-10-25,2025-10-25T19:30:00Z,2025-10-25T19:30:00Z,7195731934808390334412740153982399108041215436076008249222826141375421014289,0.455,0.9,0.43,1440,
0x395b93b3d7a61de8960be73ac47c89ee2e1008f3b962b1a1fc089f96e791c43e,cfb-ncst-pitt-2025-10-25,2025-10-25T19:30:00Z,2025-10-25T19:30:00Z,54876620400338651364314781946362269451839732708599467782562500538967197597222,0.345,0.9,0.325,1440,
0xf163e0b472e2971dcb784532bffd9c8ac31a7453b8c43a0a251e7189f639fef8,cfb-sdst-frest-2025-10-25,2025-10-25T19:30:00Z,2025-10-25T19:30:00Z,31288643385020607517218163804804359928002727186293562593975863798330575353190,0.595,0.9,0.585,1440,
0x40de32bd9e228ba18fa637bc4a707cd8ab82855ded8bad999025ab6539618945,cfb-templ-tulsa-2025-10-25,2025-10-25T19:30:00Z,2025-10-25T19:30:00Z,70473911554971990264043567906627707312603654504392132463256232019580637886616,0.645,0.9,0.645,1440,
0xc12ec05ee424fba7ce58417c68598eb46112050ab589e4ab72eabf04541f604f,cfb-toledo-washst-2025-10-25,2025-10-25T19:30:00Z,2025-10-25T19:30:00Z,103365585000873874591373952933103856372093888908518593807147532209176636748621,0.535,0.9,0.515,1440,
0x2775a012d1e8a94bb81ce04781a1c3ad65c3a5caad3812dceeb679ba1e01f9ac,cfb-umass-cmich-2025-10-25,2025-10-25T19:30:00Z,2025-10-25T19:30:00Z,46916639811083306365384708527258539317481131551937996840132150190749822372426,0.125,0.9,0.15,1440,
0x2714aaa079fe7b8b870926c262d5f5e66c54a2ad38a78a2e79c93619e26e448f,cfb-wmich-miaoh-2025-10-25,2025-10-25T19:30:00Z,2025-10-25T19:30:00Z,114079741001575164429597887530373353886825851420072286854804347152141802996768,0.445,0.9,0.465,1440,
0x13358f5918dce2db9d9a22d879a3491deff00c332a3134b3c5162e33e91c7e7c,cfb-bayl-cin-2025-10-25,2025-10-25T20:00:00Z,2025-10-25T20:00:00Z,12422656082054969802396583870401146894746812495957484549744539798877507531925,0.395,0.9,0.395,1440,
0x80333df5a9ab53514bed013781771a729d830e597249964c7d2c51027726a076,cfb-okst-txtech-2025-10-25,2025-10-25T20:00:00Z,2025-10-25T20:00:00Z,38625848264708571687866839252142528965171297625430977821746188416368201048633,0.009,0.9,0.029,1440,
0xb28d4daab310cd612470b7f9febd4236e746eecc345cebfaac97e2dbe2538950,cfb-tx-mspst-2025-10-25,2025-10-25T20:15:00Z,2025-10-25T20:15:00Z,57959139854792947628875878071282641106718459950919288109701702243058117144441,0.745,0.9,0.705,1440,
0x41b0f2ec21f02fdc2b879bcdbbed2e51aa04a1c18ea4308ae47a08c5dac81338,cfb-tcu-wvir-2025-10-25,2025-10-25T22:00:00Z,2025-10-25T22:00:00Z,81664482437972058456792086155819859360147987283140699346466952280291958711496,0.86,0.9,0.855,1440,
0x682925d765fc616fe4ea3e7155687e289e9496402bbe10ddf5cb94b78d5180a5,cfb-gas-arkst-2025-10-25,2025-10-25T23:00:00Z,2025-10-25T23:00:00Z,88095086014631766167947021497320915060313332705554532609843598834203725943217,0.5,0.9,0.505,1440,
0xd386ecfb2adfa21960ebdeea1832d75f18a92375bc6c62270206b75452c6e64e,cfb-loulaf-troy-2025-10-25,2025-10-25T23:00:00Z,2025-10-25T23:00:00Z,113655937515572916108027171203265738995982113596819871224919628856966067804417,0.28,0.9,0.26,1440,0.72
0xca5650708e4ea4ed519211a3872948c8cae71d344ea0ac74977f97b3204be791,cfb-stan-mia-2025-10-25,2025-10-25T23:00:00Z,2025-10-25T23:00:00Z,100466281782857964203461077897640555257456096634005395155752354705734748740810,0.0605,0.9,0.065,1440,
0x8b9dc08ffda69a195b4d726d8a9f3bb9b16a2981b325a7e98d44d6a731156da6,cfb-wisc-ore-2025-10-25,2025-10-25T23:00:00Z,2025-10-25T23:00:00Z,45880441424467522410238934202822516472961374756541242788565667184844133076913,0.0245,0.9,0.025,1440,
0x65d269ce203b6fb12e50155183ed39eaf4fe91d3a8f328a1f14ea11bafe029c3,cfb-boscol-lou-2025-10-25,2025-10-25T23:30:00Z,2025-10-25T23:30:00Z,8671559453249682637926325553559637021425320126239904255326477160519113931253,0.045,0.9,0.05,1440,
0x6cc0abf65cd0737fbf5387816fcfcde3e86829bcae564e3778a2da2ddd9472ec,cfb-colst-wyom-2025-10-25,2025-10-25T23:30:00Z,2025-10-25T23:30:00Z,103855373720567793614529184519117576038882936112772504361958015989145435600337,0.33,0.9,0.355,1440,
0xdb84e6d815c991d017e19c834153b03d037cd77f020426f8c8506daa6dd35d51,cfb-mich-mst-2025-10-25,2025-10-25T23:30:00Z,2025-10-25T23:30:00Z,74868108942759297511580979899435934547548164894288088258751675463576076712662,0.82,0.9,0.845,1440,
0x434f2686307cacbfe3fe1ede62ec6fb4d8106ec0d1e848fa198d51603127bced,cfb-txam-lsu-2025-10-25,2025-10-25T23:30:00Z,2025-10-25T23:30:00Z,40641881592768586937896402140205308527865533951893380704029325825733209808128,0.535,0.9,0.565,1440,0.465
0xd6519ae06bc49c4a292668e3ec5d752d671271b7dcd5a1ec46aec097fac70e49,cfb-tenn-uk-2025-10-25,2025-10-25T23:45:00Z,2025-10-25T23:45:00Z,11917205418691468575146136688031047277526359534085939572024679402548687946967,0.745,0.9,0.745,1440,
0x3254a0cf8812d3f1c98c352de420347523ca6e94978f52d5d206f051be3707c9,cfb-hou-arzst-2025-10-26,2025-10-26T00:00:00Z,2025-10-26T00:00:00Z,56189668205047954455059873989073291709317484298424402914043546603108978989755,0.27,0.9,0.285,1440,
0x3588ea741839f0bd7a08986e1b9791fa4de31fb38fe14b336a699b115973748e,cfb-col-utah-2025-10-26,2025-10-26T02:15:00Z,2025-10-26T02:15:00Z,4592389431229636513898360427059689334750783777596846907240496792017548997322,0.175,0.9,0.175,1440,
0x0aee7dfa491c87f0678eafdf10d4b54c628c3b72a7596afbf06a0bce85c71ed4,nfl-buf-car-2025-10-26,2025-10-26T17:00:00Z,2025-10-26T17:00:00Z,35330715676856864347664144713917923593427905431760036677917378734000360678933,0.765,0.9,0.77,1440,
0x79458e54226bf73452522bae8ca7469ef433bf3a9dc1d6c614b3ddb689d33042,nfl-chi-bal-2025-10-26,2025-10-26T17:00:00Z,2025-10-26T17:00:00Z,54394745064456808468111046627692120964341489000255950997683259677845835157368,0.425,0.9,0.435,1440,
0xcfcbaa9a402806aa70910ddc64179d29af5bdbac676ec79ac600912f0db26c1b,nfl-cle-ne-2025-10-26,2025-10-26T17:00:00Z,2025-10-26T17:00:00Z,71340343637007609733711654453512789079417121270577934180807073888569839710048,0.255,0.9,0.235,1440,
0x8e2641a2ffe18d761d91429e3d0f7f5907e3f966f4de57b74970f61da7ccb0fc,nfl-mia-atl-2025-10-26,2025-10-26T17:00:00Z,2025-10-26T17:00:00Z,114371383921470849575344261764462499713448720367388664883157525982539548707623,0.255,0.9,0.225,1440,
0xf6c12a522923b5143fb52aec4641e46cc29765af358009fac2cb65bb3e7c6531,nfl-nyg-phi-2025-10-26,2025-10-26T17:00:00Z,2025-10-26T17:00:00Z,51779759440493952017890409763391695079559366747868298855330558157788444609595,0.245,0.9,0.235,1440,
0x983948ed0de118d2567507ce97f3275ffd04edb1b94a427e7520e6b1161a23a1,nfl-nyj-cin-2025-10-26,2025-10-26T17:00:00Z,2025-10-26T17:00:00Z,87802393367452383138862280216321074465808274509651730558046316851197390494337,0.315,0.9,0.275,1440,
0x71dd4bb30879f07523f31b899294862a0ac4c3b521c8f7d4c216344ebc5765e7,nfl-sf-hou-2025-10-26,2025-10-26T17:00:00Z,2025-10-26T17:00:00Z,75067006167646649055009891108746019575017925254812274497015878252802584686673,0.395,0.9,0.445,1440,
0x4fa06c938ab2d52a2c0bc36bd1a1130434567b597d2ce6df3b49b15731fd5e11,nfl-tb-no-2025-10-26,2025-10-26T20:05:00Z,2025-10-26T20:05:00Z,95753440467969298499302085152556982452911464613061928506988621401337812537516,0.645,0.9,0.66,1440,
0x5c1d90605fe7f4cbab6864091215a4108f79dc5609a06dd90ab552c88e52450e,nfl-dal-den-2025-10-26,2025-10-26T20:25:00Z,2025-10-26T20:25:00Z,56004457571536982438362965046154555078816631692280233412438549430046475608005,0.335,0.9,0.38,1440,
0x4f8995adb4a80b8ac257cef4970167584a4219245263c887df019ee6ed6e0f7d,nfl-ten-ind-2025-10-26,2025-10-26T20:25:00Z,2025-10-26T20:25:00Z,45938005828328157169672518595166026851781275400104870828163024042530967950533,0.105,0.9,0.095,1440,
0x8df270e2aa2ded8dee066bcd4ed3506954809479cbe756c6ecf5af6b0ef584c3,nfl-gb-pit-2025-10-26,2025-10-27T00:20:00Z,2025-10-27T00:20:00Z,79380362155469981332952230710575359017802708957790307715025520495382304237462,0.565,0.9,0.595,1440,
0xeea11838031898568d1cf6be17f07bbaf33df76dfc0d1ea206d4bd817aaa2785,nfl-was-kc-2025-10-27,2025-10-28T00:15:00Z,2025-10-28T00:15:00Z,91300206831635196778103299717355585901610751268028689693952935455026055645833,0.175,0.9,0.145,1440,
0xafd143b571ca0cd7b638ad4de379aa564854e0e0c0235f879795ac982cc1920f,cfb-jmad-txst-2025-10-29,2025-10-29T00:00:00Z,2025-10-29T00:00:00Z,69117053388705182152247877981320916567482849911492947004751317563978188505471,0.725,0.9,0.7,1440,
0x996de747be90b8fa425d2c35d91ff184fb9d116e20a4b836fc8d26c0b19ccf96,cfb-utep-kenest-2025-10-29,2025-10-29T00:00:00Z,2025-10-29T00:00:00Z,7369501759125647323193700158041299591170093241198895499329774209614521783065,0.205,0.9,0.235,1440,
0x5b3ada0fd6ba1214de19367d1503ef13b8a372e8f379bddc595fc70b3795be97,cfb-jaxst-mtnst-2025-10-29,2025-10-29T23:30:00Z,2025-10-29T23:30:00Z,40662485482563992683921760435608202412847422654707179701162757872693694986143,0.645,0.9,0.65,1238,
0xcb2c87b28ba30a37f1c3f8a82f2838cf73ce29b277f848c41ac4b069eee18144,cfb-flint-msrst-2025-10-30,2025-10-30T00:00:00Z,2025-10-30T00:00:00Z,90192213567763969074034662442174586147950911538896384970513413665602880383179,0.405,0.9,0.365,1238,0.595
0xd002f3a9668ce4c897129e4a647622e071d5b716644f2a8679a21341b06c5173,cfb-marsh-coast-2025-10-30,2025-10-30T23:30:00Z,2025-10-30T23:30:00Z,47536985725034271078873531809632673059684825006878682553787931877081790604402,0.69,0.9,0.685,1440,
0x18e742ba266673ca2f1fd1ef0f010b373fdf3516d488bc365ac03d56a091db04,cfb-tulane-utsa-2025-10-30,2025-10-30T23:30:00Z,2025-10-30T23:30:00Z,23982622960062111128182075875506715038689174988829073030592088714816548038917,0.68,0.9,0.665,1440,
0xa9202d1a3f497869d45ec1b122216de7ba542b2920d7becc64f0f9c2969a297f,nfl-bal-mia-2025-10-30,2025-10-31T00:15:00Z,2025-10-31T00:15:00Z,19107411353903294968863666132831741761932499489076109955229662722336998211898,0.775,0.9,0.795,1440,
0x46c4c4c17f8ff510e2becf59d61edebfc017c8ba8ba70cdd1726f8d2948770fd,cfb-mphs-rice-2025-10-31,2025-10-31T23:00:00Z,2025-10-31T23:00:00Z,89871845178029491979099652313189248942757132781525906811336981679874443537839,0.855,0.9,0.825,1440,
0x4841b309a14de1972ea872b169405cccc5fdf3ad456ca90604aed1a6603c0b35,cfb-ncar-syra-2025-10-31,2025-10-31T23:30:00Z,2025-10-31T23:30:00Z,5921975590215331075292052058466120910594346066997718744368743595057974095291,0.475,0.8,0.45,1440,
0x3e620f1fc28d5678806f851a559ccc576efad05cb692bcc16b9f6b34d5df1d1d,cfb-smho-loutch-2025-11-01,2025-11-01T00:00:00Z,2025-11-01T00:00:00Z,79371966420568426150024591826744941089439741634928367633532730269476324139210,0.115,0.9,0.135,1440,
0x7ff7c66a825e0c1d773db9666f4f45ef550c7f851c53cb5d1303d697a51c74c6,cfb-army-airf-2025-11-01,2025-11-01T16:00:00Z,2025-11-01T16:00:00Z,18451247091625759406450928010616348657314559466168880741045403917005457607718,0.54,0.9,0.505,1440,
0x6e24cc3e501afcf8d09a77fe79c139fa32b4b4e54e7dcea7a0d464697c41519f,cfb-buf-bowlgr-2025-11-01,2025-11-01T16:00:00Z,2025-11-01T16:00:00Z,109088420261994262644772989369654774955484415543440856496451085455378373958853,0.455,0.9,0.455,1440,
0x1fdbf90e8a974f37fe13b24730e68bc07837cc468ea19b4b33d216f85f67a89b,cfb-duke-clmsn-2025-11-01,2025-11-01T16:00:00Z,2025-11-01T16:00:00Z,28573256678519306694574959874081977480249762235250587094823871431561876854290,0.385,0.9,0.405,1440,
0xdc03507b39ea46ce6f7dc4e4d81f758a0eea60c0c3fcb880ba6c0e54b8faba86,cfb-mia-smu-2025-11-01,2025-11-01T16:00:00Z,2025-11-01T16:00:00Z,8869023929277831594092231584614023003268389251217023843147303318259571144089,0.75,0.9,0.785,1440,
0x78381a57483de13999f7f7deb63ae8d68bd25f76bc4c1095ad33d59a1b49d7b8,cfb-navy-ntx-2025-11-01,2025-11-01T16:00:00Z,2025-11-01T16:00:00Z,63196929374569903815835880295552081622522984394503363483865344915172873747675,0.315,0.9,0.315,1440,
0x28732831536168814302633aadd15c76d38d154faf03a09b15389643766dcda0,cfb-pennst-ohiost-2025-11-01,2025-11-01T16:00:00Z,2025-11-01T16:00:00Z,61693828349810426973457180304232556848469166767495596468637968489415231608620,0.075,0.9,0.08,1440,
0x784d49077cd4ff3af9d41c19f6c15f1f0a30f8cde91fe509298cc06ca24a795c,cfb-rutger-ill-2025-11-01,2025-11-01T16:00:00Z,2025-11-01T16:00:00Z,93670672852897336803671828249513331274192016819493735478369830223299574321877,0.19,0.9,0.19,1440,
0x8b29c0e793df39a48cbe5be8747ec7eca40350e4a029b8fa760413803b5f272b,cfb-uab-uconn-2025-11-01,2025-11-01T16:00:00Z,2025-11-01T16:00:00Z,5997398863489011553826652135373850594837188802602079517555456251510769236341,0.195,0.9,0.215,1440,
0x4891d40f8dff2ba9f067518d2c3277eb7fd90e22e3e4ed12047913e7e14f01c7,cfb-ucf-bayl-2025-11-01,2025-11-01T16:00:00Z,2025-11-01T16:00:00Z,14830907745505886803513541715980485480771581449593579079043197404409324544644,0.415,0.9,0.4,1440,
0x030cc35b6f00ffec1082ae0429c4c2061c7cde28c1aeeae217fa23c0adf6f13d,cfb-vand-tx-2025-11-01,2025-11-01T16:00:00Z,2025-11-01T16:00:00Z,66332417016973074508936739458323272900764353340399670618061676934720874446149,0.385,0.9,0.425,1440,
0x0132440785f3b1020559ced58c53874f06f892d2305e39837f16beb4b074db56,cfb-wvir-hou-2025-11-01,2025-11-01T16:00:00Z,2025-11-01T16:00:00Z,112055729571928461305768275446879551733570175638677740544603944341414143816533,0.155,0.9,0.17,1440,
0x0775444f301d576c286308f74019b2615a5468280c388dd489141bed2d79b8b1,cfb-arzst-iowast-2025-11-01,2025-11-01T17:00:00Z,2025-11-01T17:00:00Z,111464614641248778746845212876935996912128150992037989495908987696625329825412,0.295,0.9,0.265,1440,
0xa28b751213bb53b9d21ce21d7db08cee4c6259fb80697c7a2bb606a40c5bd045,cfb-ecar-templ-2025-11-01,2025-11-01T18:00:00Z,2025-11-01T18:00:00Z,91198770877360134461902164341799126498672374745443587166885278938907092714567,0.665,0.9,0.655,1440,
0x1a01b32c085bcc830737c0e462cf45d9efd08f1e7cd0faf9c6105411855dfb14,cfb-lou-vtech-2025-11-01,2025-11-01T19:00:00Z,2025-11-01T19:00:00Z,72551500034615746751571752105713344601914399683845121573119731546884745575528,0.785,0.9,0.785,1440,
0x8daa3d18e812e727bf56f811579e7f04db6863d5afe67f61677229c2019d5070,cfb-nmx-unlv-2025-11-01,2025-11-01T19:00:00Z,2025-11-01T19:00:00Z,58999063587565495455985228179560546208051398688181536084309244507604186510964,0.38,0.9,0.365,1440,
0x148711de2a5028e43e63c6479c2b04241e38ca6b617e8b12f66cbac16e59caff,cfb-del-librty-2025-11-01,2025-11-01T19:30:00Z,2025-11-01T19:30:00Z,53859183826326991546725890655555159262859983891076652167213087213295043238408,0.39,0.9,0.405,1440,
0x88172c17a0809c8a584493c1d468a7db50453fedc739339e807bbd15c7b0b8e5,cfb-frest-boise-2025-11-01,2025-11-01T19:30:00Z,2025-11-01T19:30:00Z,84177519629027626009256430308767938837557873706042562716996298672321250115276,0.095,0.9,0.12,1440,
0x62ed377ba140386b8c8d052c0dfe8efaa148ac8d999b2c06c01d8d7594bf4e92,cfb-ga-fl-2025-11-01,2025-11-01T19:30:00Z,2025-11-01T19:30:00Z,40740468874314569590010731876842174063348566693303890065967059671467735803235,0.725,0.9,0.725,1440,
0x625b7ac27fd13e0fa5405948a3cb67dcaf8a62c7bbbbd65f0adbbc6208bf955c,cfb-ind-mary-2025-11-01,2025-11-01T19:30:00Z,2025-11-01T19:30:00Z,87717251550099731136738852188014326347266395246641379895024254577441877738418,0.945,0.9,0.925,1440,
0xaafc26353b26f9c7e99ff2447b205a3c7c65493418044c3adf602f5c0d2692a3,cfb-loulaf-sala-2025-11-01,2025-11-01T19:30:00Z,2025-11-01T19:30:00Z,57631542541210517160123792978866082143812491974118498821377311687683239822330,0.375,0.9,0.375,1440,
0xd6346198402f4aa2277fca213c82b620a8a51f5b740d02304ab8085ad4de267d,cfb-mst-minnst-2025-11-01,2025-11-01T19:30:00Z,2025-11-01T19:30:00Z,9552740294514164420921466784873985793652756468318255622839407622959020782026,0.365,0.9,0.38,1440,
0xf1608b787fa59feb413698c866c6f68d47cffdd41033c07e16a9dd77b9c364fc,cfb-nd-boscol-2025-11-01,2025-11-01T19:30:00Z,2025-11-01T19:30:00Z,37371055015281601258066134051231986572728951601787481890174568732520602082176,0.98,0.9,0.9765,1440,
0xecc9f7cc297d8e03fcb42a6db1f26916e9ecf6ee3c7e01b9537cbd6db46a3e66,cfb-nmxst-wkent-2025-11-01,2025-11-01T19:30:00Z,2025-11-01T19:30:00Z,30946415472106821647179491499356936190221878239379195304945855264874089553421,0.245,0.9,0.25,1440,
0x13883fb25286542f11dc01cfeea921da9fbb693a1dd8b553c047daa485e2dafd,cfb-old-lamon-2025-11-01,2025-11-01T19:30:00Z,2025-11-01T19:30:00Z,41349507395259565654777366521822721924900202366670847906926601204011287782895,0.865,0.9,0.865,1440,
0x593c9e6b1f8047b61b0d1001ca8b9b3764885c8003b35f41785343a21c1d981f,cfb-pitt-stan-2025-11-01,2025-11-01T19:30:00Z,2025-11-01T19:30:00Z,60793751384086666931170338074834692784481955053206552565506871356915843020621,0.825,0.9,0.83,1440,
0x2cd3771e5583ae40322343482b46794d6cd7e50c20b4a6aa24245a41951ae6a8,cfb-txtech-kanst-2025-11-01,2025-11-01T19:30:00Z,2025-11-01T19:30:00Z,97721087097310027393554947404556721118701954286769689876515176409128642129321,0.725,0.9,0.715,1440,0.275
0xc15e433933730271382e8b117bfc057a54fdbbca94fe8806f5e6e3577ccd9040,cfb-vir-cah-2025-11-01,2025-11-01T19:45:00Z,2025-11-01T19:45:00Z,13333180108454743393011320976367868055367994028494387045116649188742444312489,0.685,0.9,0.675,1440,
0x9c2be07068fbac9aa04e54c9d8478e67c5794ce7353df8ef16e5edafb2ae9587,cfb-cmich-wmich-2025-11-01,2025-11-01T20:00:00Z,2025-11-01T20:00:00Z,25979194399723242012267279858088843293790641211529643354044351580541661832322,0.365,0.9,0.335,1440,
0xd8258d4a887422d021f0424d4bd0b0824b292d9be815f605a2225c8cc8df636a,cfb-mspst-ark-2025-11-01,2025-11-01T20:00:00Z,2025-11-01T20:00:00Z,99642457374476001628524144552169494910494772213899591973313850824616511777792,0.35,0.9,0.345,1440,
0x1a47ba4eb70d4028bae03cf21c27931114c567df3be233cf3f4e4417ef98be46,cfb-okst-kan-2025-11-01,2025-11-01T20:00:00Z,2025-11-01T20:00:00Z,59824939675424416039725998412244441500245464027639720233126404882521455803150,0.055,0.9,0.055,1440,
0x8026264314846f0c809f3e71e14a8c2d97fddf11a95e5751bc78211d3f8c52c6,cfb-arz-col-2025-11-01,2025-11-01T23:00:00Z,2025-11-01T23:00:00Z,62368470262197181740244249216378988234606394097690329017116349280962701125838,0.62,0.9,0.64,1440,
0xf3e463ca6132d3150e20046af128636e2bd621951d9989e461479ae07e50cf8e,cfb-pur-mich-2025-11-01,2025-11-01T23:00:00Z,2025-11-01T23:00:00Z,45016232759098748346952997777452470524446176042974733948320581295879800361299,0.07,0.9,0.075,1440,
0xe07cb2ac8aed8aef4f5f3f4f7902d1503f2babc0cd1456933fa10337cb9d1920,cfb-sc-miss-2025-11-01,2025-11-01T23:00:00Z,2025-11-01T23:00:00Z,39401004705402608993814380832478665078740145825929407260182483469411546464375,0.175,0.9,0.185,1440,
0x530c70511da29dc426b623e64f27bd0c59b77c5f96ed5a75f2ba0cf4785e5965,cfb-wyom-sdst-2025-11-01,2025-11-01T23:00:00Z,2025-11-01T23:00:00Z,23135572819473017633396796767256050570771111936955869719350731784008965019509,0.23,0.9,0.215,1440,
0x413b340b2f0119c4614f7ebe1ba33f08ce7d730434cc626d1d68002480cb19a4,cfb-gtech-ncst-2025-11-01,2025-11-01T23:30:00Z,2025-11-01T23:30:00Z,36471324153244255401752486172627159980005768135641021638050998638939255694884,0.655,0.9,0.67,1440,
0x9e3a313bd06125130ec7350f032a59e8b9d809714c22018ecbab567d112e22cb,cfb-okl-tenn-2025-11-01,2025-11-01T23:30:00Z,2025-11-01T23:30:00Z,49703871203441113676366251873099727940483085836388222587713864791875721912486,0.405,0.9,0.435,1440,
0x3d9094fea97bbc83de4aa218b94de5e492b608dcf16b38589dc1fc4fd77247bd,cfb-uk-aubrn-2025-11-01,2025-11-01T23:30:00Z,2025-11-01T23:30:00Z,98130606377100676126813586683595355255602916521415036550872488595929385200540,0.205,0.9,0.22,1440,
0xe151823dd0c8549de666de2d9c7a145fa32820f5bf97d91df80161f62cb023c7,cfb-usc-nebr-2025-11-01,2025-11-01T23:30:00Z,2025-11-01T23:30:00Z,40027117296921107036778436714381210340051033043476630227340460302661956076071,0.66,0.9,0.645,1440,
0xf823d211cd8f166bc2a35162bd182a5da0a4eeaec233b7334d1d69ef714c0da3,cfb-wake-flst-2025-11-01,2025-11-01T23:30:00Z,2025-11-01T23:30:00Z,67818413241566009019696930093838296907859761104067205587771315916807658841297,0.205,0.9,0.235,1440,
0xbe8c14870df5a43d75b0e4d8e56101127d7009bf023353ef7c4c870676781f14,cfb-washst-oregst-2025-11-01,2025-11-01T23:30:00Z,2025-11-01T23:30:00Z,100402398305796915000758154547585263443710042577653946545273448521089239867001,0.615,0.9,0.63,1440,
0x2268daa116f5e14501509421c80e5e5445bd098849f8a74cede33152ab40e23c,cfb-arkst-troy-2025-11-02,2025-11-02T00:00:00Z,2025-11-02T00:00:00Z,94385816759165181264888023485872153339857776157594419720685481743156126544829,0.26,0.9,0.255,1440,
0x85437b85f8a378fdc58e38a5088af809c632adf0104a2166a9ee92606148b35b,cfb-cin-utah-2025-11-02,2025-11-02T02:15:00Z,2025-11-02T02:15:00Z,87223324576446145427693647948438247928024813434515471274757230890838179988133,0.215,0.9,0.225,1440,
0xe731604671dcc6a26992bcb54b4853b341cb69efb007394a9dbcb6312e43f37b,cfb-hawaii-sjst-2025-11-02,2025-11-02T02:30:00Z,2025-11-02T02:30:00Z,18160641793304763930270799580220970470669850543797194052314903209167564371509,0.445,0.9,0.475,1440,
0xaa50a5666e3223fce4e8ce2bd3f3f3205c4e7b25e7d8ed6178c8722504f0f702,nfl-atl-ne-2025-11-02,2025-11-02T18:00:00Z,2025-11-02T18:00:00Z,106089514913372571878598144172231066738704308712955473853898642562572438842918,0.315,0.9,0.32,1440,0.685
0x93343cc685ff2875ca60eb9dbd8215187fbd3d6ec0f869003b57ab623b6aff0f,nfl-car-gb-2025-11-02,2025-11-02T18:00:00Z,2025-11-02T18:00:00Z,14664350490849356296447212589400043764869692661794203003229671458934735252944,0.135,0.9,0.115,1440,
0xb6059f90055603d5d41cddec29021d91614ac5398cb1a0aa4d6c641189578744,nfl-chi-cin-2025-11-02,2025-11-02T18:00:00Z,2025-11-02T18:00:00Z,57610636706015708469269789441188593330172157619698139003214031562223936199233,0.585,0.9,0.585,1440,
0x5e4a22239a3d12c37069332763de04bdffd90d25a17a71e0b825833803124798,nfl-den-hou-2025-11-02,2025-11-02T18:00:00Z,2025-11-02T18:00:00Z,77881334070158577463740854467727307173575468948786502140173574411480703129393,0.445,0.9,0.455,1440,
0x87794de55b58fdeb94b4ac5151b962fe73afc1aad6b44fc780b30ce79fcc4c96,nfl-ind-pit-2025-11-02,2025-11-02T18:00:00Z,2025-11-02T18:00:00Z,106886494312349065248901381178626835440833853003910804168344979029653016833862,0.61,0.9,0.615,1440,
0x91209264fa90ffbbfd07ec93d7f6acb790fa48f95ee6f37715f1b8e9c9cc29ea,nfl-lac-ten-2025-11-02,2025-11-02T18:00:00Z,2025-11-02T18:00:00Z,18430913721318010593321474189440320342153064646706354923578424395335198565716,0.815,0.9,0.825,1440,
0x09293493eebe2dba65aee40b96a37af9e0e925791dc0356b324e8015bf0d6196,nfl-min-det-2025-11-02,2025-11-02T18:00:00Z,2025-11-02T18:00:00Z,62342734225130700617087466858715885390470637184625135986200041673551622078929,0.195,0.9,0.195,1440,
0x024532fcd25a91e86704e39fb04d3550a344e0502aef7af5f25185ba45c4f0ff,nfl-sf-nyg-2025-11-02,2025-11-02T18:00:00Z,2025-11-02T18:00:00Z,35791518039887523356067609094619194700720589730219545286246206184586730588220,0.545,0.9,0.575,1440,
0x6ff4ba970cc7120f2933344a7e4c424b73d32efbd47b04eb5fcb82662484b074,nfl-jax-lv-2025-11-02,2025-11-02T21:05:00Z,2025-11-02T21:05:00Z,107950336633526403129313058854924310433087135185289083918990875355058892384517,0.555,0.9,0.565,1440,
0x60f05f2f7b8c87a17429dd7d14b11fc80ce3af796dcb571ddf322db4f382b2eb,nfl-no-la-2025-11-02,2025-11-02T21:05:00Z,2025-11-02T21:05:00Z,8330900908426131519008380969732853848099613613943689346357280016533833732136,0.095,0.9,0.105,1440,
0xb68c5e1dd36093e8c6a84cd74cc594a554c14de105a864e52e15b30c9070d34a,nfl-kc-buf-2025-11-02,2025-11-02T21:25:00Z,2025-11-02T21:25:00Z,65917319739772562504820506670350288370885418188944587671237125165834680505875,0.555,0.9,0.555,1440,
0xb8fec9331f5256027b2f44476dcaae997e5ca0578b14162065b967627ab1248f,nfl-sea-was-2025-11-02,2025-11-03T01:20:00Z,2025-11-03T01:20:00Z,10243662252862889497013542607036318928703459368278265628967550250764806378140,0.565,0.9,0.595,1440,
0x92c868889653f6236d249420b9dec718d9403d7464874e8abac7709c5ed6d7e7,nfl-ari-dal-2025-11-03,2025-11-04T01:15:00Z,2025-11-04T01:15:00Z,51982724881285094739009623786153507099259754353883058632205314962929331504224,0.385,0.9,0.385,1440,
0x743c6b56b49386bc24d213a0f61546049dd5cb78461bdf70459b10fbd9124bde,cfb-miaoh-ohio-2025-11-04,2025-11-05T00:00:00Z,2025-11-05T00:00:00Z,32176911701963774629364157491473144247039616704019691950769928162704218751903,0.415,0.9,0.445,1088,
0xa05efc908f08620038bc9678fabf336379f03216f0efdaa341f0e5751c974e4c,cfb-umass-akron-2025-11-04,2025-11-05T00:00:00Z,2025-11-05T00:00:00Z,107577670952598032679984299542843805729940924663741980784807839719720971055509,0.195,0.9,0.245,1088,
0x52e2360daa4478c6a90fd5a45513c5d4aefaf16b97ad03c0a41ab781604fbe23,cfb-kentst-ballst-2025-11-05,2025-11-06T00:00:00Z,2025-11-06T00:00:00Z,46457316542928749594034615253723672414841455197564734088493782236811591800007,0.405,0.9,0.465,1440,
0x7237d92b0a13a5bfd6f0a501484db802214387f21ffc6df3bb3bfd538e4ee45f,cfb-nill-toledo-2025-11-05,2025-11-06T00:00:00Z,2025-11-06T00:00:00Z,105747502109749577342520956496755101968402741908982006022027295088343773533019,0.145,0.9,0.15,1440,
0x476f9652f67184f3d154bdd236931265ef436d7be42114e7a5a5a3ec001e871d,cfb-gas-applst-2025-11-06,2025-11-07T00:30:00Z,2025-11-07T00:30:00Z,82155489499013352406627865299935587220749343136023711164827474668452238871504,0.345,0.9,0.355,1440,
0x9cacf0726b065d6a19eecf9633bbfc2668de79636ff5f6d635e02bca88e006fd,cfb-utsa-sfl-2025-11-06,2025-11-07T00:30:00Z,2025-11-07T00:30:00Z,26600893440793183280633258586164372418735074629348512663938188083662649186388,0.165,0.9,0.175,1440,
0x2a073dba2d819e790bac00f78b3bcc8cf0d408ca9ca7a6430ff4ec3669753c70,nfl-lv-den-2025-11-06,2025-11-07T01:15:00Z,2025-11-07T01:15:00Z,56739734546936349248370588145366668384334188642136389127094118320204540503732,0.215,0.9,0.185,1440,
0xc0e3bf1060861398acff99adcbfac97773a6afa505099b36b186ddf41f2079f4,cfb-hou-ucf-2025-11-07,2025-11-08T01:00:00Z,2025-11-08T01:00:00Z,52850967253492360826171547211721921688535167444467400669769214261267468250607,0.475,0.9,0.505,1440,
0x351993b29579e287a779127d94d83b7f5cffe5b715f74e2c58c12ff19c0ad018,cfb-nw-usc-2025-11-07,2025-11-08T02:00:00Z,2025-11-08T02:00:00Z,61174314095478442112314342891785735765611335049767815876903724237918015201866,0.145,0.9,0.16,1440,0.855
0x739cde5cde44dce210592320515c25bf8be40080f1d11a91c96dc6ea9e9270cf,cfb-tulane-mphs-2025-11-07,2025-11-08T02:00:00Z,2025-11-08T02:00:00Z,71946776451098988486389378085161341097158141600096220051598630434564122029131,0.395,0.9,0.395,1440,
0x9749a58a12438412025f32a33358e858919ec8b8d2536ef1f4afa00352357ac0,cfb-byu-txtech-2025-11-08,2025-11-08T17:00:00Z,2025-11-08T17:00:00Z,53133661299970622259736942239039264297415915751409529915782658926963445165131,0.215,0.9,0.24,1440,
0x94df2b8560165de3da3a968998e0b44ab19a7a5304ce88264825ac43cde628e6,cfb-col-wvir-2025-11-08,2025-11-08T17:00:00Z,2025-11-08T17:00:00Z,113856808469179595029583374748185624513671632620754380464450255769751958502855,0.315,0.9,0.335,1440,
0x549ee495c1c59c38479143cf55b0c98aedff0c4baa8b89f893265ad8628d118b,cfb-ga-mspst-2025-11-08,2025-11-08T17:00:00Z,2025-11-08T17:00:00Z,79658699320359739190680414885174986337973984082925686037070520133245101500311,0.765,0.9,0.76,1440,
0x9259aa629f3aa7c4217e17465f40fb1090f363f912d28d03e8977e4fec5cf122,cfb-ind-pennst-2025-11-08,2025-11-08T17:00:00Z,2025-11-08T17:00:00Z,17899138124184833564642143347030257538383454142127801867604942399694247071029,0.845,0.9,0.855,1440,
0xaccfb4314ef6b71771ec5f3ba4817935bb830511ff4f26ef546e0ac69d7eedef,cfb-jmad-marsh-2025-11-08,2025-11-08T17:00:00Z,2025-11-08T17:00:00Z,53138078069966029056130442854425098591761435891534861046045174937983528277886,0.845,0.9,0.805,1440,
0x26925b9fbfa9c316ff1d421b74e8f7ad191134f49775354c312c2ab4bb56d888,cfb-smu-boscol-2025-11-08,2025-11-08T17:00:00Z,2025-11-08T17:00:00Z,39060541275955071728526177931114018954375365969866995419428125593023904554614,0.805,0.9,0.78,1440,
0x80a3f960cafb3f58ac3c60aa2f10a52f3d2128789ace4ca20de54ec6fd21d116,cfb-soumis-arkst-2025-11-08,2025-11-08T17:00:00Z,2025-11-08T17:00:00Z,67127682077694239064217866003521152402829048326670565519006834437958886302960,0.68,0.9,0.635,1440,
0x60540acabfb049cd3651c8c4217fbde1ec0d47cb46398f266634fbb6ac8bfa49,cfb-templ-army-2025-11-08,2025-11-08T17:00:00Z,2025-11-08T17:00:00Z,49064479743157586566947092394158040081810790452619301528871673706044080232970,0.285,0.9,0.315,1440,
0xa2b426fa30119018dd50be8e33abee8af25995c2a410b8cad1061686d8d2ac83,cfb-bowlgr-emich-2025-11-08,2025-11-08T18:00:00Z,2025-11-08T18:00:00Z,46036080046364117040231625873783414922620044151300762813768558457548397237075,0.435,0.9,0.445,1440,
0x73f722cc488975874b91508e2e9ee16baf584b2b894cfff3f5e26fdc9a23f50e,cfb-cita-miss-2025-11-08,2025-11-08T18:00:00Z,2025-11-08T18:00:00Z,4332615747217086019861664053251923103306081152425807994465549440693307845562,0.0025,0.9,0.011,1440,
0xecc0e46c02ffe861e0380b9bbdc30be67f69a3a66e03d55f503be580a9bbc707,cfb-msrst-librty-2025-11-08,2025-11-08T18:00:00Z,2025-11-08T18:00:00Z,86119866568649659056947045929264677725600257260316410451571819736562923609253,0.275,0.9,0.275,1440,
0x910cb1b7d9b9c03fdc207d1c23b1ca481520ca2e4146947e3c5a6cd15cc33086,cfb-ohiost-pur-2025-11-08,2025-11-08T18:00:00Z,2025-11-08T18:00:00Z,98231366558251824249259301766931819156072917304969578552636791307573916365796,0.9825,0.9,0.9815,1440,
0xf177528a5b2636c16088d1ca3d9bcac87146d2403b78bcf1897211174c509fa2,cfb-uab-rice-2025-11-08,2025-11-08T19:00:00Z,2025-11-08T19:00:00Z,110857148231484990577252555256570632620354436104322400651584329518821916394666,0.465,0.9,0.48,1440,
0x85f732fedf0432e94b2d6534c3f9a473ef30f84786a84a396cf4f87796989f20,cfb-mary-rutger-2025-11-08,2025-11-08T19:30:00Z,2025-11-08T19:30:00Z,22161533860173861803741222894119854685664762067398410136974381287043373719574,0.455,0.9,0.45,1440,
0xc4cff169c8158c76f2166b9be8a4a51ba81a3bb48e986ae3deb27fe75dc566d3,cfb-charlt-ecar-2025-11-08,2025-11-08T20:00:00Z,2025-11-08T20:00:00Z,69243368671693907151419266130813993622573852841229140542537593606975739445654,0.049,0.9,0.0425,1440,
0x5264a2df1ba24249defb2c2924f887d38e5b0202e6379b4f4e34761cea8139ca,cfb-flint-mtnst-2025-11-08,2025-11-08T20:00:00Z,2025-11-08T20:00:00Z,44884981638843449199479097106920523228970569735462042766374043522598877922706,0.475,0.9,0.485,1440,
0x6b06659854e6ea4d3bb81c7fc58c677e3869f228ba48a79b16bfb0bdd3e5f9c7,cfb-jaxst-utep-2025-11-08,2025-11-08T20:00:00Z,2025-11-08T20:00:00Z,6072441436875893907288861050031671421853960164002735067428377192574607085809,0.505,0.9,0.505,1440,
0x47e69ddd66c1b395d0bee81f61eb3568c80ab2cd6167242e4b8a5e879dafaa6b,cfb-loutch-del-2025-11-08,2025-11-08T20:00:00Z,2025-11-08T20:00:00Z,52549894696078688723058941909034073253809327865299917902642595431272916186827,0.665,0.9,0.675,1440,
0xcd32719cbb8a92759da2fae490fe0252bbeb2f4172b05fb05a0af5d61e6b1f8d,cfb-tulsa-flatl-2025-11-08,2025-11-08T20:00:00Z,2025-11-08T20:00:00Z,17099564513733006123137222004556325026460298160259434831948949985213596041651,0.365,0.9,0.395,1440,
0x6687e2d381f60e4243a1df71449c4490373453cd7187b1c8106595f8c563c4b6,cfb-duke-uconn-2025-11-08,2025-11-08T20:30:00Z,2025-11-08T20:30:00Z,6873098150302742809728479367541183742043426819131179717225617646419949688326,0.74,0.9,0.735,1440,
0x16e4cf046a2c79b9c87303f7d210ff19bce251d0843501cdb1dac8d29f4e50c1,cfb-iowast-tcu-2025-11-08,2025-11-08T20:30:00Z,2025-11-08T20:30:00Z,66881349828301460385144632001901903051738567635333072365528362063706926540949,0.27,0.9,0.285,1440,
0x8039ed66624e0fddc415626a9c42a10111e67e96e62fd4f62edb68a024ed0d46,cfb-kan-arz-2025-11-08,2025-11-08T20:30:00Z,2025-11-08T20:30:00Z,49542272519510592725693363293592401933985312720519102102320807994274297043374,0.34,0.9,0.35,1440,
0xf61cffd9e22acd9f2a6b393aaf1eb1add291576257bbf59cd7a4375e27a8bc2e,cfb-ore-iowa-2025-11-08,2025-11-08T20:30:00Z,2025-11-08T20:30:00Z,38120592588230741068793861115372424949085264971129031410890672798840332768860,0.655,0.9,0.685,1440,
0x2364b09800b0319775ba9bbedff350844cd68e44dfa7dca5a6c7223bd19579c7,cfb-syra-mia-2025-11-08,2025-11-08T20:30:00Z,2025-11-08T20:30:00Z,41992873529916155484519583450266209919108894367552011287802571432303648260743,0.0445,0.9,0.069,1440,
0x8cf99ca4f24717c320987eef970cc668526f20d0effb816e00816accf9e60d77,cfb-txam-missr-2025-11-08,2025-11-08T20:30:00Z,2025-11-08T20:30:00Z,4408507781661647683423438675852356392088015480838673067352624190677805368098,0.705,0.9,0.7,1440,
0x685300ffbd4b643773dfc605e80ed7e6dcd2caa8e3bebff5c9abc6dc27f6b08d,cfb-aubrn-vand-2025-11-08,2025-11-08T21:00:00Z,2025-11-08T21:00:00Z,71559843474889125001987334905892085375819983832866067074753178189480669550530,0.315,0.9,0.325,1440,
0x5a18b3af626e6a7873ceb27f2360a3ace324ffb82a755fbe5fdcaaf97e4590ab,cfb-gast-coast-2025-11-08,2025-11-08T21:00:00Z,2025-11-08T21:00:00Z,98448232748420747420608233224029334249622126101405720517894281105199854160569,0.28,0.9,0.275,1440,
0x88b2243953cb173956eb982981d982eb796cbaf7efa83625599a1d9a2865e000,cfb-kenest-nmxst-2025-11-08,2025-11-08T21:00:00Z,2025-11-08T21:00:00Z,44819597121401852290627708413776022019004638416828695194411881308540878965761,0.765,0.9,0.745,1440,0.235
0x76ab31ddb7a7a515eff35f5d2428e4e88f286aaaf5ff150325ad5b0b78f4f357,cfb-stan-ncar-2025-11-08,2025-11-08T21:30:00Z,2025-11-08T21:30:00Z,40437075713423146224771841495937116453990725515056898541047490664929875940274,0.265,0.9,0.275,1440,
0x1e64b6bbc8e7ec46db72f29caa899ba7beae553d0ccf14b936ac74c326b3d61b,cfb-wash-wisc-2025-11-08,2025-11-08T21:30:00Z,2025-11-08T21:30:00Z,94764847276365906560739423632445612674867862988368009125181075642257762266194,0.795,0.9,0.78,1440,
0x69968f6c545afe581c4474f4986681a122d986ccde53874c94c0de2846a0804b,cfb-txst-loulaf-2025-11-08,2025-11-08T22:00:00Z,2025-11-08T22:00:00Z,58782268610494854613686357464756193474730417578256543349478088088273599566068,0.625,0.9,0.585,1440,
0x1ee490ec8273bd15b9c3b50eb14dce5e5a7b90087a5038a80dfe00ff611a3237,cfb-airf-sjst-2025-11-08,2025-11-08T23:00:00Z,2025-11-08T23:00:00Z,52399552100937336195374725317898462473742668163963141491525995905386083420274,0.335,0.9,0.345,1440,
0x7d20aa03c9d5d29611d2232e78f9f68a6003ef8168ffcae2470bb85e33d344b9,cfb-cah-lou-2025-11-08,2025-11-09T00:00:00Z,2025-11-09T00:00:00Z,17650196808378881495329985265991197168339095312837960374928097627803660564091,0.11,0.9,0.105,1440,
0x7b45e5e3e4818038b00cf1f409aa47ef7ddb47662a794e34547374a1e5451819,cfb-flst-clmsn-2025-11-08,2025-11-09T00:00:00Z,2025-11-09T00:00:00Z,6928440486623136717642997642855375460445172117541856274034552381209469672235,0.485,0.9,0.47,1440,
0xe28bffa5c24fee13ceb933dceac2560f8cca04bab836e258736c7cc2041f2a6d,cfb-wake-vir-2025-11-08,2025-11-09T00:00:00Z,2025-11-09T00:00:00Z,112135959819236222981029723194822728959391871638339222105614234896038401158617,0.295,0.9,0.315,1440,
0x7f45b689c6b306e12fd71ffe1f9d5b5d83a8822531f98351dcdbca9097e826db,cfb-fl-uk-2025-11-08,2025-11-09T00:30:00Z,2025-11-09T00:30:00Z,51502763946670415117972947952639878560339113164518262581654710181368479209493,0.66,0.9,0.6,1440,
0x17881dff1bf0161ddf3f69411ca6c02d6452a5483261a51ad012c7417c9a7ae7,cfb-lsu-ala-2025-11-08,2025-11-09T00:30:00Z,2025-11-09T00:30:00Z,39314830341446912535659532652691627953045672798164299331924054477285208763605,0.22,0.9,0.225,1440,0.78
0x39e1a6a0eaad4b9dc238fee00375b62a308e47488d337697cece456fa7399dcf,cfb-navy-nd-2025-11-08,2025-11-09T00:30:00Z,2025-11-09T00:30:00Z,85750459349728252823743785789182162562512216476987938733245969959192503100017,0.0235,0.9,0.041,1440,
0xb5d91ace7ecb4a1eefb53285cf8a01d0d4e9f9c3e3b07b4aa8ace70d1e5d47ba,cfb-nevada-utahst-2025-11-08,2025-11-09T00:30:00Z,2025-11-09T00:30:00Z,31934076125775864601018476761106414900180682098204312134518134917065981026326,0.235,0.9,0.245,1440,
0xbab295156ff40ebf4039e2579619bf76eec8125aed4b2e83559c4114bc0582e6,cfb-nebr-ucla-2025-11-08,2025-11-09T02:00:00Z,2025-11-09T02:00:00Z,103628585480727426706787583002844987447037865247664895275537680041837772182906,0.475,0.9,0.515,1440,
0x13ca0b430af395f01c3c5595fb573bc4abca5c18edd97c9103f34129642a6bae,cfb-unlv-colst-2025-11-08,2025-11-09T02:30:00Z,2025-11-09T02:30:00Z,113737647913594547508362442686340593822080098583256836391903872171314734696129,0.665,0.9,0.63,1440,
0xbb2df697a112bd178ce19032f382f43aaa827ca38444c3b5d002af71bce9ab05,cfb-smho-oregst-2025-11-08,2025-11-09T03:00:00Z,2025-11-09T03:00:00Z,14941805942102713839305885281994021132751037372030098492381165175158550377083,0.075,0.9,0.095,1440,
0x2c608fd7cd6f8e7a91b6aaf3cecad4116b2e64c49281b86c2bb05679f68e92fa,cfb-sdst-hawaii-2025-11-08,2025-11-09T04:00:00Z,2025-11-09T04:00:00Z,13687480739647582589339389000875745089331470352813821342500352142308133623066,0.695,0.9,0.695,1440,
0x56348e19c5c507f80cd46336db6278b85dc75d6511f10ca2d8a85abe356a5b3b,nfl-atl-ind-2025-11-09,2025-11-09T14:30:00Z,2025-11-09T14:30:00Z,30837165323133099645423582515045596656193218165860593286000517809346766341684,0.285,0.9,0.275,1440,
0x71232d3f845304bf6ecc7561f91087557b459029f270a81224be5bb465efecd3,nfl-bal-min-2025-11-09,2025-11-09T18:00:00Z,2025-11-09T18:00:00Z,80574898229396616025171212713863819191685941170898792272462229618039419663106,0.675,0.9,0.66,1440,
0xa5fd5cc8be03c69e838c826fe318429f79dab68be1c368236f34397ea330822a,nfl-buf-mia-2025-11-09,2025-11-09T18:00:00Z,2025-11-09T18:00:00Z,5281664714662552554784229907628307736097721364941102951436794410498697584740,0.775,0.9,0.82,1440,
0xa93c32946452fe866431e24afc033814ecf381db22e41a130666388d5026ded2,nfl-cle-nyj-2025-11-09,2025-11-09T18:00:00Z,2025-11-09T18:00:00Z,18697282296200126336163936883083037016614571962568691396290569631499897928338,0.525,0.9,0.545,1440,
0xf1afc8d6d150bb942af398a2e615ddfadf83517234e32ba67adc47feda90d803,nfl-jax-hou-2025-11-09,2025-11-09T18:00:00Z,2025-11-09T18:00:00Z,111988170415833137223993164914752115023405351105653801105892274022608251350523,0.475,0.9,0.485,1440,
0x6e863c5e698e33778fcb3ea9b59a91b9421432a682d895f20e9478aee97818ce,nfl-ne-tb-2025-11-09,2025-11-09T18:00:00Z,2025-11-09T18:00:00Z,83444682001043977222472893980512170254411619225758220152087299935733482696305,0.425,0.9,0.435,1440,
0x5daf50568fe856ab892be624de6c38b371fa50c49c9d96163e698d197b95f2ac,nfl-no-car-2025-11-09,2025-11-09T18:00:00Z,2025-11-09T18:00:00Z,64392573975877383126637601606253359234083621852383879161728554866413426077008,0.325,0.9,0.31,1440,
0xa2feccb3b04ee9c6eb24a909471c527f7ab5773b010676a1a41b214d64e6be04,nfl-nyg-chi-2025-11-09,2025-11-09T18:00:00Z,2025-11-09T18:00:00Z,62870889898562768347111320733563205389399892780044900717202376638454326571328,0.335,0.9,0.33,1440,
0x1c7a4b51e4b97122dd86e78d6b1d36fee5b60afead5b1cbd7223c1d60adc7a12,nfl-ari-sea-2025-11-09,2025-11-09T21:05:00Z,2025-11-09T21:05:00Z,34350932443209167862324272242075265488490756040597856417658021660254002477827,0.245,0.9,0.255,1440,
0x4cfa84050fb82289dacb391f804dd20ec9dbec8b72ac1fd8759679759b2683b0,nfl-det-was-2025-11-09,2025-11-09T21:25:00Z,2025-11-09T21:25:00Z,113229921631902659890984694908643214056105499940067909211093656733726413480082,0.775,0.9,0.785,1440,
0x7a7865fa7da880d2b08c07be3a6903c16fe8366e367b57c2a8406fe501be89ec,nfl-la-sf-2025-11-09,2025-11-09T21:25:00Z,2025-11-09T21:25:00Z,16774184966274762343827451711617077209514680800342742618690910259992520125722,0.705,0.9,0.695,1440,
0x9b2f0aab735a59c6dd0d11d419f755f9ab1f011800dd65ddf22548475390e7b8,nfl-pit-lac-2025-11-09,2025-11-10T01:20:00Z,2025-11-10T01:20:00Z,82075995163179866588098092815488590581800306694009737628392024567771230122653,0.355,0.9,0.425,1440,
0x23e6e6f8a327a41bad1282fdc34e846f52e73e390d44b004ac92a329766e2848,nfl-phi-gb-2025-11-10,2025-11-11T01:15:00Z,2025-11-11T01:15:00Z,96862890109178096455851493719167165851624465904666998636429401260108897381878,0.495,0.9,0.485,1440,
0x328a3a60f900117191ce2c7642a4e13c078cc79eb7ff79c29b7e6ee873b2f5a0,cfb-kentst-akron-2025-11-11,2025-11-12T00:30:00Z,2025-11-12T00:30:00Z,2526822079651454624535784089214727628060786444315270204458499337168426947293,0.295,0.9,0.35,1440,
0x5907554a7142584ce4e6c6113b1c17a60fe56607dbf203d5d6334f2bed55ec80,cfb-ohio-wmich-2025-11-11,2025-11-12T01:00:00Z,2025-11-12T01:00:00Z,60577097076938557199716840459874470438674051356905581681778522155830101947398,0.495,0.9,0.505,1440,
0x7849d8f545da990d5aecb91d0d44ab7c772772c659a101292a907b7ee68c11b9,cfb-buf-cmich-2025-11-12,2025-11-13T00:00:00Z,2025-11-13T00:00:00Z,90984476475184025034086633010925204693852116503475036366055588907863981719798,0.445,0.9,0.475,1440,
0x36a601abdf106450f7f03a6db0456938f08ab0dcfd41e2eb153786ae71d14092,cfb-nill-umass-2025-11-12,2025-11-13T00:00:00Z,2025-11-13T00:00:00Z,112012838324752298170233347224041145107439071625761926548286500642991975824450,0.785,0.9,0.785,1440,
0x568ea3fa9a8ddfd810c4751faf5f0b169b8601a9e4536dedfb4479f7729a6a43,cfb-toledo-miaoh-2025-11-12,2025-11-13T00:00:00Z,2025-11-13T00:00:00Z,41089071854173743538616706788944889495926391688805216030962076054590700513334,0.655,0.9,0.635,1440,
0x23f8ddd2aa26d3d5df141200bd9379dea48682c0c113d76533b29a7c134bb4cb,cfb-troy-old-2025-11-13,2025-11-14T00:30:00Z,2025-11-14T00:30:00Z,12319345747872313856306152781296432432417009451593355627534667611229271500682,0.235,0.9,0.215,1440,
0x40085cf91807e22a4a6bf725b6d0e4c3cc90bd588703e73bf4e486733a046400,nfl-nyj-ne-2025-11-13,2025-11-14T01:15:00Z,2025-11-14T01:15:00Z,31805165493235506470713179998208127363916219073686660966161028190262361597287,0.135,0.9,0.145,1440,
0x472af24d3628d8203e277af805620da5f593365c9ffcdff1d0b9bd453dd7f351,cfb-clmsn-lou-2025-11-14,2025-11-15T00:30:00Z,2025-11-15T00:30:00Z,53235701242829446093321746289309236734682640034247873610017917199415245778667,0.455,0.9,0.455,1440,
0x62727e21199372f6f812a414aabdf705013fec1b74749f84e6dd64755941937c,cfb-minnst-ore-2025-11-14,2025-11-15T02:00:00Z,2025-11-15T02:00:00Z,53252500237280734131582304975128716321817549913652581444206073083546821565201,0.045,0.7,0.055,1440,
0x0daaeddd7771d63034680967a89ea1ddbf29e644e0177acae0ec99f3b39b35a6,cfb-airf-uconn-2025-11-15,2025-11-15T17:00:00Z,2025-11-15T17:00:00Z,45923981525980687625945586495943742656618072467696789427235674694380518400341,0.265,0.9,0.275,1440,
0xba14696e017c01ecc53a49d1011e6a5fe6410e387c3282357660f939a25d7e90,cfb-arz-cin-2025-11-15,2025-11-15T17:00:00Z,2025-11-15T17:00:00Z,71173872786751409335253689632558773138871615190433102633824035255873076888896,0.345,0.9,0.345,1440,
0x5afc272a5c2b9d6c9cc3806ead3881a53acab988903a2cbdc66f40c0793a61db,cfb-emich-ballst-2025-11-15,2025-11-15T17:00:00Z,2025-11-15T17:00:00Z,6625411200717497874947043240259970116038231818436123626554367533764522102617,0.565,0.8,0.555,1440,
0x5bcb742f288b21ccf2c82da6765fdf99bd505b2d00455a29dec5b9bc5387ce2e,cfb-kanst-okst-2025-11-15,2025-11-15T17:00:00Z,2025-11-15T17:00:00Z,50912514832476618978423008781205514127330072178999085271388447681966103179309,0.915,0.9,0.915,1440,
0xa7d0b371cc1c4c6e13f38d6c0f1b36563f877e95fb1f27d7003b428df84684f5,cfb-mich-nw-2025-11-15,2025-11-15T17:00:00Z,2025-11-15T17:00:00Z,14004896259214043767159999293801097764275003892614518778661424749657428573130,0.805,0.9,0.79,1440,
0x7ac2ed68cf70a7fa32dd6d9912dfee90cb7cc22aa8fbed92dc5ec278b641ce49,cfb-nd-pitt-2025-11-15,2025-11-15T17:00:00Z,2025-11-15T17:00:00Z,27714769216440648268176095448760305081094378991019566922518374101401518351589,0.805,0.9,0.805,1440,
0x6c8908bab512d1af0925e4c19ac675f4c835ab2eabc2d091ef7ffadd126fc62c,cfb-sc-txam-2025-11-15,2025-11-15T17:00:00Z,2025-11-15T17:00:00Z,51949223488306938253841499604713754996687100426608956708820807695784347849766,0.105,0.9,0.095,1440,
0xf626735a5abaae5551063c01a316677a729471ac7f35fc169ce0ee8ed0d25335,cfb-sfl-navy-2025-11-15,2025-11-15T17:00:00Z,2025-11-15T17:00:00Z,85160139837386855717606185149482828274227903974242623323711478348929964899043,0.755,0.9,0.765,1440,
0x30487872863114f0b88675984b5d8082c5f125a5b913b8a5ecd9582d8a14625c,cfb-utsa-charlt-2025-11-15,2025-11-15T17:00:00Z,2025-11-15T17:00:00Z,77779433665912553495793867527956264596510206118086804380350622053473742435590,0.885,0.9,0.88,1440,
0x1e9b6a14d19857d5b3a12b27f262ec5864016c410a4e939325106e94cb1fd7fd,cfb-wisc-ind-2025-11-15,2025-11-15T17:00:00Z,2025-11-15T17:00:00Z,60830958738217337169683432974705610507910846896878573818955540296134726869644,0.0195,0.9,0.042,1440,
0x89897818dffa520ecc0cab08fa4a32d0805c3ecfded2c39145187c590e11c2d2,cfb-ark-lsu-2025-11-15,2025-11-15T17:45:00Z,2025-11-15T17:45:00Z,19112606229422447690108127121798384912085204440806586989618790081464524438529,0.355,0.9,0.355,1440,
0x18e6256e103dfd176d96335763c9f70917d3255629c09c8a40cf180beb7f2686,cfb-oregst-tulsa-2025-11-15,2025-11-15T18:00:00Z,2025-11-15T18:00:00Z,91876353252725065606277076894331648704003958377467618282390806030478281169954,0.505,0.9,0.535,1440,
0xf6b592db4525f113c1052817586af7d8f66d6182fc616973ab7fa424e4264d54,cfb-wvir-arzst-2025-11-15,2025-11-15T18:00:00Z,2025-11-15T18:00:00Z,104863710598435231039664408964878314555560031896566180287519877654987336226201,0.215,0.9,0.205,1440,
0x45e49962a38510b07ea8e8cf7d4814dc053fa58f7c35846700b9bd8dc9d31d9a,cfb-tentch-uk-2025-11-15,2025-11-15T18:30:00Z,2025-11-15T18:30:00Z,97562374395845955529717690051971275875075447584111724201504062234240439630090,0.065,0.9,0.09,1440,
0x418617f0783a35170880814987c66e87ec329f4a200a2cccad2ff2212c801f7d,cfb-marsh-gast-2025-11-15,2025-11-15T19:00:00Z,2025-11-15T19:00:00Z,60938713226831168340384773306201583525586008730285097691346625373906830312891,0.745,0.9,0.725,1440,
0x74ae6a1dc4e5415f8fca922b8836c66542536ad92e1ed1f4511fbae9034d136a,cfb-ntx-uab-2025-11-15,2025-11-15T19:00:00Z,2025-11-15T19:00:00Z,48019251206943490882871992969955993937223001135680499623994231368403627953127,0.88,0.9,0.885,1440,
0x5ed341f529392368507b5b5e4af4ad47eeb9be31e304762d8b1e949da99150d2,cfb-colst-nmx-2025-11-15,2025-11-15T20:00:00Z,2025-11-15T20:00:00Z,38951431185503656190593640564480817669764073594033006487802804032718096733143,0.145,0.8,0.155,1440,
0xb6b11981462c6c155fc4d799bbcacde334bae07e70e2da0e29f39e1c123aa773,cfb-utep-msrst-2025-11-15,2025-11-15T20:00:00Z,2025-11-15T20:00:00Z,9222190246156139121002737261857314065418766113940009536143215471820642116204,0.315,0.9,0.345,1440,
0x9caa6972422907524a938e02cd38ab1470da317c34f0d591e004245308719062,cfb-applst-jmad-2025-11-15,2025-11-15T20:30:00Z,2025-11-15T20:30:00Z,106951273391163867475828447405735016825550792974544579633577087863210833701138,0.075,0.9,0.085,1440,
0xed9fc9f855e57e79a7b37597dc75a7149d6e923e8977bcfae5a7674ba9bf49bd,cfb-gtech-boscol-2025-11-15,2025-11-15T20:30:00Z,2025-11-15T20:30:00Z,17884867829252015465217418854559382056379392692242294915575597820198912846401,0.875,0.9,0.865,1440,0.125
0xef81ee514454c50f5ca8a8f2c83fecce374e5ac79c58ccd3bedaf811c694bf14,cfb-iowa-usc-2025-11-15,2025-11-15T20:30:00Z,2025-11-15T20:30:00Z,105722168705091281885112920137823418400088017034023583800463931023356703289902,0.315,0.9,0.315,1440,
0xd1ac5df062393884c3b609397701b1c8ed16d0845effaeff9128100138dd0df2,cfb-mary-ill-2025-11-15,2025-11-15T20:30:00Z,2025-11-15T20:30:00Z,97399420721285930723843493149235093773417081308157893010282388772347434262504,0.135,0.9,0.155,1440,
0xcef99543cb240fc0957f8ddfb9726f056b5e0f497019c74f3e4dda58880b8e8d,cfb-mtnst-wkent-2025-11-15,2025-11-15T20:30:00Z,2025-11-15T20:30:00Z,8643568230809987862856288091568288697429813039961903110863253296765218828820,0.175,0.9,0.175,1440,
0x546d8216a286578ff88ae9552043f6ab1c8426c6bb50a88f286de8ba0b00388b,cfb-ncst-mia-2025-11-15,2025-11-15T20:30:00Z,2025-11-15T20:30:00Z,80163997767159244783089637647111158341824951130518481506827241457813790908624,0.145,0.9,0.165,1440,
0xab6bae7ad851e57cae299081d460721fe7f7923f1c6ac33a396e707e10cfd57f,cfb-okl-ala-2025-11-15,2025-11-15T20:30:00Z,2025-11-15T20:30:00Z,63725289198715636482159314493003919389872919313716498639993743395214028374070,0.32,0.9,0.325,1440,
0xb68c2eb0f8810dd22e3633ea2aea7ab616b6b370ad6d4aff065adb90be6e304b,cfb-pennst-mst-2025-11-15,2025-11-15T20:30:00Z,2025-11-15T20:30:00Z,79321714659608036551037061238583416557444891660158180529743208407315196408797,0.715,0.9,0.715,1440,
0xbba45f82a91df7e0a8f8d811cd697edd0898dae767e861d604ed4aba6004b5eb,cfb-sala-lamon-2025-11-15,2025-11-15T20:30:00Z,2025-11-15T20:30:00Z,2164373267671881111543504213714694030727888838273140358124121850171682339203,0.625,0.9,0.635,1440,
0x58b382b0b0e08befa070fdf545eb66f64bbd37c7cbb701c4a28a5c495cfddab3,cfb-sjst-nevada-2025-11-15,2025-11-15T20:30:00Z,2025-11-15T20:30:00Z,4479524197268613663681336836675403658437015826545607772991029701823701841515,0.755,0.9,0.755,1440,
0x61128a17dcc76c7afa1fb58daccc3f456a4a9e9c5aeb359b140160a9ddc56746,cfb-txst-soumis-2025-11-15,2025-11-15T20:30:00Z,2025-11-15T20:30:00Z,12502520854540172115841697234430430832879691227208438610016613580542855718173,0.395,0.9,0.415,1440,
0x6eb35470a3bfc6d66d8b3f9dc5614bc1b931c6501e3ce014e3493d5c99b1bcaa,cfb-ucf-txtech-2025-11-15,2025-11-15T20:30:00Z,2025-11-15T20:30:00Z,115027667838470157160655057539498673791179852837766252490829230744365495421720,0.055,0.9,0.07,1440,
0xd6411dbf13f09e5da67bf4469728e9d68059ecc3841528347325222a1e68e982,cfb-vir-duke-2025-11-15,2025-11-15T20:30:00Z,2025-11-15T20:30:00Z,72864294788134514093110230645073988498643865337431726356943016879684590244568,0.345,0.9,0.355,1440,
0x3038afbc6c1383acac0549984a31eec887a7e3435380ef9aea66ba3249c74d8b,cfb-flatl-tulane-2025-11-15,2025-11-15T21:00:00Z,2025-11-15T21:00:00Z,7512418609094840502550405138156125011612473412703263771783962971120252517282,0.125,0.9,0.13,1440,
0x6f40076225fc8a27daa560298e8496aeec674f1bd6fbc8e98defefd65787bffb,cfb-mphs-ecar-2025-11-15,2025-11-15T21:00:00Z,2025-11-15T21:00:00Z,52344100028494699444492290826043556702681217665250710098463891091264320764411,0.425,0.9,0.415,1440,
0x956cfb1f416f3079ad57f6f1748c9780bee84a849820108c7b772663efe331a7,cfb-nmxst-tenn-2025-11-15,2025-11-15T21:15:00Z,2025-11-15T21:15:00Z,28885765263040471522679678961742730624100900675578544505255522321024340202839,0.0095,0.8,0.0055,1440,
0x8227f4b14e4c8a0cac550e3c8acbe350b2c33a25fdb7d62037105be7089d3351,cfb-ncar-wake-2025-11-15,2025-11-15T21:30:00Z,2025-11-15T21:30:00Z,114192049800657914160996741341260032459527192845959962603355354852040298292742,0.395,0.9,0.34,1440,
0xa8e2f581225501730cfbc8faabe1b50753ea90de49cd9937e6c2243bc54eb8e0,cfb-librty-flint-2025-11-15,2025-11-15T22:00:00Z,2025-11-15T22:00:00Z,75026656061122992995576185448295295604274828267741892493600029941969981477469,0.545,0.7,0.545,1440,
0x6c957c1974da0f0ef81af0a17b93103da157507bd36fe9fb1c1de4587c06a678,cfb-coast-gas-2025-11-15,2025-11-15T23:00:00Z,2025-11-15T23:00:00Z,7079536698269630327244765773605119622781090725975621953662196456679478646963,0.395,0.9,0.405,1440,
0x7df99e6c3a7d622a8895ecc061f6427640613b54ba8e46854412b0440e424978,cfb-del-smho-2025-11-15,2025-11-16T00:00:00Z,2025-11-16T00:00:00Z,55769110692735172856866038278074365556091531648409885531301524119893792868078,0.795,0.9,0.78,1440,
0xf2e6b4f9a332368ad3da13e16d950df9b08479d02c337e6281f1e19dece22055,cfb-fl-miss-2025-11-15,2025-11-16T00:00:00Z,2025-11-16T00:00:00Z,114828809827903037193839039321118745204675345262688877567022773759892120380812,0.195,0.8,0.19,1440,0.805
0x75ef29e9e86689c93c7c4c8bf2d7bf60efc4749a76b66feb846aab0e1767a5ed,cfb-pur-wash-2025-11-15,2025-11-16T00:00:00Z,2025-11-16T00:00:00Z,107048864088768392513202937123873509257243191421883938485851624195941361640067,0.145,0.9,0.135,1440,
0x7771596ef4783e2347db728c3fe97a7d8f187449196a98aa6175e63fc74a5e80,cfb-utah-bayl-2025-11-15,2025-11-16T00:00:00Z,2025-11-16T00:00:00Z,24156393742405798450329050069060744652903089154518823494096991702906676571983,0.765,0.9,0.735,1440,0.235
0x3f771ac6c670f333e5f669df7068a7bc7bd8e2b99e83171ca0af4e471fb0ce3f,cfb-utahst-unlv-2025-11-15,2025-11-16T00:00:00Z,2025-11-16T00:00:00Z,94766357412364179921047631296766701409238948062547548654828626441605606387004,0.345,0.9,0.32,1440,
0xee719995d96c993942c12ef373de646ae811ed9b62990cd4ee5939a98dff8b32,cfb-tx-ga-2025-11-15,2025-11-16T00:30:00Z,2025-11-16T00:30:00Z,61664104072266432861946217054766788037891296137092790461076482493269692105988,0.395,0.9,0.325,1440,0.605
0xe0db847f07dd2f6267a9e7ffbde316b6c6626b148205fed4ea0d3052b75f0c44,cfb-ucla-ohiost-2025-11-15,2025-11-16T00:30:00Z,2025-11-16T00:30:00Z,39632290152622126011243903324247469783943110791274832799458372446285728756743,0.013,0.9,0.024,1440,0.987
0x886a321fe050290b3ade6aac7d40baaa08bf45cd5b99613b7c34abf4777289b6,cfb-vtech-flst-2025-11-15,2025-11-16T00:30:00Z,2025-11-16T00:30:00Z,88084013519146991818991553927642452285659463105808875631541131921425522035150,0.165,0.9,0.185,1440,
0x8fa60bf6aef9f4811d430a4592b35830f3fd5cfd449848896835ef9d7a68bbe5,cfb-mspst-missr-2025-11-15,2025-11-16T00:45:00Z,2025-11-16T00:45:00Z,43293258033153046571082642354443881106798074834499717322251757950203310602169,0.29,0.9,0.305,1440,
0x5daab417b450784c581ae1ebb63eb5441cec0c65ec637084fcf428c4451604de,cfb-kenest-jaxst-2025-11-15,2025-11-16T01:00:00Z,2025-11-16T01:00:00Z,83174146318221731563435665142117746994934103171757654586182201869815403730016,0.605,0.8,0.59,1440,
0x9969d68a1a36697fb6e640f77cfca218607b59d1f7c93a030acbfc788bb45f93,cfb-loutch-washst-2025-11-15,2025-11-16T03:00:00Z,2025-11-16T03:00:00Z,71600358089895604909212965685602004558136816540681681753360932176607328947483,0.235,0.9,0.265,1440,
0xe629a51aa12d0ce202d802e36cfffe28bfcd58e2be6f9b3e371b9dda121261f3,cfb-tcu-byu-2025-11-15,2025-11-16T03:15:00Z,2025-11-16T03:15:00Z,108522407904249628200287534856534480616120248302998826422036094338012480383731,0.41,0.9,0.41,1440,
0x4f2e96b067ca3950bc1ab9b5dcff1abc952e75173cf678705708bfea1de03a4d,cfb-boise-sdst-2025-11-15,2025-11-16T03:30:00Z,2025-11-16T03:30:00Z,85554149632160734038717259905887670751350495267927595030897213176890554347215,0.465,0.9,0.465,1440,
0x01d69fde1aa990be1f3af751c5b90ab14cc3fc4e6895d48c6dce852dcc525c19,cfb-wyom-frest-2025-11-15,2025-11-16T03:30:00Z,2025-11-16T03:30:00Z,52474591822193114721099893561644281259638226389202986610027100303215903591967,0.39,0.9,0.405,1440,
0x2782940243313a63441048fad0f4e03a10357a6ce580696e94089ae65e0fa5ec,nfl-was-mia-2025-11-16,2025-11-16T14:30:00Z,2025-11-16T14:30:00Z,79616770605343744366878573207605548786757875219866130855943415571155385616847,0.445,0.9,0.425,1440,
0xdbc1d30bf0a5c14034423e2244805d815abec953989ed1be10f512c68c1514be,nfl-car-atl-2025-11-16,2025-11-16T18:00:00Z,2025-11-16T18:00:00Z,22528409334282609908458133828376988274628638848080566597476253206210736687945,0.325,0.9,0.355,1440,
0xb68436b387dd1c8206dea4cc8c4e9ccf5867b2c1816a73f4ffdee3ad0281f1c2,nfl-chi-min-2025-11-16,2025-11-16T18:00:00Z,2025-11-16T18:00:00Z,98955396496589531494475481349799781353778903550749286213987812513868419716007,0.405,0.9,0.415,1440,
0xeb209ab26945337f7025190361b0dff0d52ee3c715b153fc226053ef4499c090,nfl-cin-pit-2025-11-16,2025-11-16T18:00:00Z,2025-11-16T18:00:00Z,103524787687733904423768738832345758859882103916534620077531106113335169899624,0.295,0.9,0.31,1440,0.705
0xd6aa2b6c119726990e3fbb3280f8f48cbc92de17c71d93e9eb86019596b6ec2f,nfl-gb-nyg-2025-11-16,2025-11-16T18:00:00Z,2025-11-16T18:00:00Z,37363436884881346959741752739715914342199430606149014949365926422093132942420,0.765,0.9,0.755,1440,
0x69526953f4c55bd0ccf4624b573440a0c10f958a831d6460439d346a06220d61,nfl-hou-ten-2025-11-16,2025-11-16T18:00:00Z,2025-11-16T18:00:00Z,107253584433158455454195069392679269272261404006675763789787962169007119873079,0.695,0.8,0.705,1440,
0x363759df1577076ee1b9c17c90c578bc4fbe62af1723a79e0d2a3af0f145a6b8,nfl-lac-jax-2025-11-16,2025-11-16T18:00:00Z,2025-11-16T18:00:00Z,110558176679098307635437163558503895655290798157221945757197278611990796590594,0.565,0.9,0.595,1440,
0x3547f3c3a0a399892de7d6cf83d64a3de3a0a90dcc469438f2dad6aee4e346a7,nfl-tb-buf-2025-11-16,2025-11-16T18:00:00Z,2025-11-16T18:00:00Z,90768726556011274550544737789358094884397747923201944177360546822045455588520,0.275,0.9,0.295,1440,
0x67ffe6f3e5e0c33f7572db00e445fe6b953830287bbabcf7462174351237b8b5,nfl-sea-la-2025-11-16,2025-11-16T21:05:00Z,2025-11-16T21:05:00Z,28373402030955530754710156480389960759512993773015420649484943697594847206185,0.375,0.9,0.385,1440,
0xe1cf3458c0fab5246dbe7fa4b90a660db64e44907193ab102b7a53c2d87864ba,nfl-sf-ari-2025-11-16,2025-11-16T21:05:00Z,2025-11-16T21:05:00Z,107355572499670831952739832728655462151164428398105894304462046416551369150661,0.635,0.9,0.615,1440,
0x470ebb02b8768c834e8303a9ad95029efb9f500e55ab4689e44bdceb81860568,nfl-bal-cle-2025-11-16,2025-11-16T21:25:00Z,2025-11-16T21:25:00Z,40981393086603385888060591058616371164070056167194866028051539830867146988494,0.79,0.9,0.795,1440,
0x0cf56ceb8cc0adfb2d6ad5a111d5beb650e5a8a1941760840c6ac5114f9348bf,nfl-kc-den-2025-11-16,2025-11-16T21:25:00Z,2025-11-16T21:25:00Z,10121375059648534930860465009043406170612814297394773193738877095984814858700,0.645,0.8,0.66,1440,
0x0945d0c320ccac0fb873093d259812fc05906b53fbc36768a97210a5c7a786ce,nfl-det-phi-2025-11-16,2025-11-17T01:20:00Z,2025-11-17T01:20:00Z,38449643584855219675712567098770348672731137758929935331398923846088180142864,0.445,0.9,0.43,1440,
0xa0b22e218e9d820e26e0e7820b191e123a27ba4e522f4bf253c2ea4733076f17,nfl-dal-lv-2025-11-17,2025-11-18T01:15:00Z,2025-11-18T01:15:00Z,24134241107503107560090410709041215062347712565742158477797402057735704712249,0.635,0.9,0.635,1440,
0x3159b0e9bc2c4b1de5462a146536d5d51b15ac64e29bfb585336180d347518fb,cfb-akron-bowlgr-2025-11-18,2025-11-19T00:00:00Z,2025-11-19T00:00:00Z,9534330722502469746680198206471640308531348032251821440777839120281537817878,0.465,0.9,0.395,1436,
0x61927ecc2b18e0121b68877a966675a8460aff3ee1d68aee675fba66d9a84c35,cfb-umass-ohio-2025-11-18,2025-11-19T00:00:00Z,2025-11-19T00:00:00Z,61538087311187403398375116836024251209149904981487786784318000752241886571441,0.0145,0.9,0.035,1436,
0x6a07999086bee2b560330ac74096533d8752b950671b73ce88d58b3cbe61113d,cfb-wmich-nill-2025-11-18,2025-11-19T00:00:00Z,2025-11-19T00:00:00Z,80283275194740352039610040687948809429741588354515667277984926839946901397641,0.725,0.9,0.695,1436,
0x06c7fc641b52a4fea9f1ce85fb20bdbbc43c2e92d48a8fcd756a3c3884a57b61,cfb-cmich-kentst-2025-11-19,2025-11-20T00:00:00Z,2025-11-20T00:00:00Z,115319588275484588976947175283662877566476655852255121087606312498866042329285,0.735,0.9,0.755,1440,
0x7986c63ed57f780cb3a6edd174ae9e764cd34b08f5d3350b36d12950fb13f803,cfb-miaoh-buf-2025-11-19,2025-11-20T00:00:00Z,2025-11-20T00:00:00Z,94170306267496090106942356395822202007149309899380774605404423272249462389915,0.545,0.9,0.515,1440,
0x4ea6e6106e6df2470c30119b8d5994bd4b5593beb7cae7afd180e77fc39f472c,cfb-loulaf-arkst-2025-11-20,2025-11-21T00:30:00Z,2025-11-21T00:30:00Z,73062208380359587047226288752877389576996333922180111291131513971359589150825,0.435,0.9,0.44,1440,
0xeb9947a1c0f8d2ae1f1396510f2bf3832cb7d7156c017e772fea99d17c69aa5d,nfl-buf-hou-2025-11-20,2025-11-21T01:15:00Z,2025-11-21T01:15:00Z,65885644957074421656512068246806636427766547184549275790575586045095304152979,0.685,0.9,0.715,1440,
0x0c8973af00743f38e34a70c0c6751e79993d28f5efde2d1d2c926b2974cf3555,cfb-flst-ncst-2025-11-21,2025-11-22T01:00:00Z,2025-11-22T01:00:00Z,88122246735438270973988413124401562329630910824406315996433068730721811738635,0.695,0.9,0.665,1440,
0x3e2a784c1dfd51474a0fde2a39ad0c11e869183a26ce79206ab3e453fc30db16,cfb-hawaii-unlv-2025-11-21,2025-11-22T03:30:00Z,2025-11-22T03:30:00Z,98304898673144676804584986360824051417827090647299907467128089224139436489890,0.445,0.8,0.435,1440,
0x37458f6f9d9019cf91feb5ef27616c240a1295834c2cb88f4ff66bb8b5862c1b,cfb-del-wake-2025-11-22,2025-11-22T17:00:00Z,2025-11-22T17:00:00Z,9170130504440490778954574014925961527216838878973858294710758779026718981546,0.105,0.9,0.12,1440,
0x668e947785286a422edfa0a3c9dee0c9920ef5840bcaaddb99064b57613ab02e,cfb-kan-iowast-2025-11-22,2025-11-22T17:00:00Z,2025-11-22T17:00:00Z,15328690288960064222046121561108973656986824511686423851597985253312376493989,0.4,0.9,0.395,1440,
0x8da32bf7a21c9a1339042573ba4d82f62396191247e88b6f22b8d7ceff980601,cfb-lou-smu-2025-11-22,2025-11-22T17:00:00Z,2025-11-22T17:00:00Z,97008076470210472564573866741251390611571551757038592772561656939915220152044,0.375,0.9,0.415,1440,
0xfe90d90473aaea81dbc1073cd7067e830f1115e8c445917d59a87756e66e8e79,cfb-mia-vtech-2025-11-22,2025-11-22T17:00:00Z,2025-11-22T17:00:00Z,24302536307079239071600534535186057307653296014460407563917992524331164432699,0.885,0.9,0.875,1440,
0x7488565717f0267d28858beb3d0f1d9c7769e26a58c96c67cd7fa2fa1096728f,cfb-minnst-nw-2025-11-22,2025-11-22T17:00:00Z,2025-11-22T17:00:00Z,87795715255506444064200154087194570738671086054825720897829372180195532975038,0.37,0.9,0.37,1440,
0x3b292e9b57d64a36df92b0c8e9ba1f0c8acb7693922126ef78ab948d7907015f,cfb-missr-okl-2025-11-22,2025-11-22T17:00:00Z,2025-11-22T17:00:00Z,90044343820630031456729213931568588592334997977779552543717083517976160910103,0.325,0.8,0.305,1440,
0x7995dd343659102b89d0a8926f9411b0667860530fe29ade833198b394e8a5b0,cfb-rutger-ohiost-2025-11-22,2025-11-22T17:00:00Z,2025-11-22T17:00:00Z,75136585268839159698058944365465740095342799457976230475145283188954383137202,0.0235,0.8,0.0185,1440,
0x464eab4e4362925ff05b8af239137ec471c98cd89f29746b7fcf489953c2c417,cfb-samf-txam-2025-11-22,2025-11-22T17:00:00Z,2025-11-22T17:00:00Z,108662363356372261380480260569351200479924505188441820378416888061783182354186,0.0015,0.9,0.005,1440,
0x8b8fc4a0fe5395e59535dbb6862bc43d6df32f3fd6045f3ae29c82243cced5ef,cfb-tulsa-army-2025-11-22,2025-11-22T17:00:00Z,2025-11-22T17:00:00Z,90895513061307540610554969246600479305528241390022826206302627082168732539995,0.235,0.9,0.235,1440,
0x4a67c4bd51e6a8bfad0907f1c24743a774844db29291c0979cc9b7a8536f3756,cfb-charlt-ga-2025-11-22,2025-11-22T17:45:00Z,2025-11-22T17:45:00Z,29214325864071900205004386889690999029621716752758673809846474754666434755733,0.004,0.6,0.006,1440,
0xad5cfa3d856f1f1d1af4601a7b5df5bc9fe1890b31d9778fcaa0e687b0bf3d71,cfb-bayl-arz-2025-11-22,2025-11-22T18:00:00Z,2025-11-22T18:00:00Z,34138441673022458017887144124664637878391153732667213504216242818081539256237,0.315,0.9,0.325,1440,0.685
0x37ade3239f3bb32664eaf692288f979b137bb6cfb9fbbb363f271031e4dad019,cfb-old-gas-2025-11-22,2025-11-22T18:00:00Z,2025-11-22T18:00:00Z,3598775723011276662619474234736553005291274165963712093283970773515331331415,0.765,0.9,0.775,1440,0.235
0x5e6a4a6d3e1f97a58dfc1c69ea5d2dd42b7ea3525870302c8e9c3514b7c77c86,cfb-washst-jmad-2025-11-22,2025-11-22T18:00:00Z,2025-11-22T18:00:00Z,113941898192897395665934939607443142234839652204980974408250931996152677798371,0.14,0.9,0.165,1440,
0x6cea856d531afa530e7d2bfcf5a0377a66f5bdf72c746a45aded29488bef76fd,cfb-ballst-toledo-2025-11-22,2025-11-22T19:00:00Z,2025-11-22T19:00:00Z,107719319184923146066199394799139592565482075030562310998092597852274639183751,0.034,0.9,0.0555,1440,
0xde515724ae02a89b50839c691388f4c7ecaa1f9fa9d91465ba5531e0a68fd48e,cfb-eill-ala-2025-11-22,2025-11-22T19:00:00Z,2025-11-22T19:00:00Z,46660388841977225425977714314872283287884742394203226335898341559582461533940,0.0025,0.9,0.005,1440,
0x28f61e041e652c82784cdd12f5f9d8acd8c451e130e6c5ad393d9261d4c56aa0,cfb-merc-aubrn-2025-11-22,2025-11-22T19:00:00Z,2025-11-22T19:00:00Z,98877032478706293418546087182901029969642309963921364511989000139758821158092,0.055,0.9,0.0585,1440,
0x129fb1051f9970f0f6b1648b6e63229fc996e37558b0c1bd1bc72250935656aa,cfb-msrst-kenest-2025-11-22,2025-11-22T19:00:00Z,2025-11-22T19:00:00Z,45331326863998150545746876977069190675502921888203699250086407444897102225822,0.335,0.9,0.335,1440,
0xe892cab0054bc539a6b6e0da97fbdda770edacc4b7a692453e33b4b94252a7c1,cfb-nevada-wyom-2025-11-22,2025-11-22T19:00:00Z,2025-11-22T19:00:00Z,81225503239220930676886413419997676413163848357480017926255339329890801790229,0.32,0.9,0.315,1440,
0x48e313b4d59d5d2ef01a2f6e89b0ff92f8e7921b01607f2a24bce51d6a91e641,cfb-marsh-applst-2025-11-22,2025-11-22T19:30:00Z,2025-11-22T19:30:00Z,52223723579241655676583400555611355360018801213088918638780863405577470132188,0.63,0.9,0.655,1440,
0x63123f73482c371a78e5cb0df3e2f764c27498c05b7cbb8cf1085b61b0b02773,cfb-librty-loutch-2025-11-22,2025-11-22T20:00:00Z,2025-11-22T20:00:00Z,25419187257593865731933157562096048600881218005879439806282665024363521279754,0.52,0.9,0.505,1440,
0x9bbaac5a0429aeb50164eba5d85e6f57c07e0b10511c136bbe8da223f4b503fe,cfb-nmxst-utep-2025-11-22,2025-11-22T20:00:00Z,2025-11-22T20:00:00Z,60360157944314219039953435547503569675172392440814575237179165262920032756520,0.365,0.9,0.405,1440,
0x8f240aa001501a9b48f2714cb5560e9bfcbc70642a1086c739c492dd2757073e,cfb-sfl-uab-2025-11-22,2025-11-22T20:00:00Z,2025-11-22T20:00:00Z,54551364284947036198515528768276042915489118162402427762399417061144997093321,0.925,0.9,0.925,1440,
0x30f8923c66db7a22408357f63018dc62ccfe3462caca3b4c3bae136dcc935503,cfb-smho-mtnst-2025-11-22,2025-11-22T20:00:00Z,2025-11-22T20:00:00Z,85284181605989520388051686295006828227123406052070111547408102460544279111942,0.31,0.9,0.315,1440,
0x809cd1d9a25d389d99a887f82dcc0ca995b874dbe5bac0934411ebf5506df877,cfb-uconn-flatl-2025-11-22,2025-11-22T20:00:00Z,2025-11-22T20:00:00Z,10796872095057558850112398540039685672018051285321559592166941356415315453719,0.67,0.9,0.7,1440,
0x56aa7c9cd3adea70592c3491ac5b150de01564504caf54fa311538e22eda9054,cfb-ark-tx-2025-11-22,2025-11-22T20:30:00Z,2025-11-22T20:30:00Z,70733519836201954531771777589156571559279506198786802465560754977001670272791,0.235,0.9,0.25,1440,
0x5071b06f4937d310af0674d3b181d517f04133154530c51e8c5f33aeeef1ef6f,cfb-duke-ncar-2025-11-22,2025-11-22T20:30:00Z,2025-11-22T20:30:00Z,83071948787955586155554067234414191390392662564468132842214585221807394889644,0.695,0.9,0.69,1440,
0x99180e075ef8770ceeafea3a4ba8449da89e11278ebf22a9039f9e8acd82137a,cfb-ecar-utsa-2025-11-22,2025-11-22T20:30:00Z,2025-11-22T20:30:00Z,3566377954662586651393411092415725368098551781084027360655859845901095207844,0.525,0.8,0.53,1440,
0x5d4e92571468dc7613275ff23aaf2b746218995a29cb49cf02ea5dc4ec6dfe62,cfb-jaxst-flint-2025-11-22,2025-11-22T20:30:00Z,2025-11-22T20:30:00Z,19997448768631476900263146039432335570131197131150885003884385907791607061171,0.465,0.9,0.5,1440,
0x5b36e389b4abdc0dcadbe73409d32c3c54de842496645083134fbf2cf5e1ce6c,cfb-mst-iowa-2025-11-22,2025-11-22T20:30:00Z,2025-11-22T20:30:00Z,36953472711129917815038425368576698745225136930511329310340029217194027658736,0.115,0.9,0.125,1440,
0xc0c731f09cb92730e89f9d2831357fe9f15125b10999efa8218fcf5797a5aac2,cfb-soumis-sala-2025-11-22,2025-11-22T20:30:00Z,2025-11-22T20:30:00Z,45356297139488004090299508407724494249115663078235412045829840736678687088223,0.565,0.9,0.52,1440,
0xfdb68b47f28575c36c82fcb241522e204ef275cb6df59107ac35f414cc8af64a,cfb-syra-nd-2025-11-22,2025-11-22T20:30:00Z,2025-11-22T20:30:00Z,80423026460027680965369537130668460410477062662259366663124845143753039491464,0.016,0.9,0.0255,1440,
0xe71c2707df77f413e3250b328cd7a2d416b01c6dc4249426c02bab2a611ee617,cfb-uk-vand-2025-11-22,2025-11-22T20:30:00Z,2025-11-22T20:30:00Z,52655651420396745791400783493899576365478289435782228740767811090950335627416,0.285,0.9,0.25,1440,
0x9dbba955db4b0f562c5d2c4a3ff9c6bb5f7692bc3a2f56d81d6e1ba507a523de,cfb-usc-ore-2025-11-22,2025-11-22T20:30:00Z,2025-11-22T20:30:00Z,35963574796028637050590353873733103648567837531874300414664431966629326986958,0.225,0.9,0.225,1440,
0x04e71a8fed18b2ac8dab9d5df7005e610b2a1dc05d8e3212bb49909cc1c0b9d0,cfb-tulane-templ-2025-11-22,2025-11-22T20:45:00Z,2025-11-22T20:45:00Z,70703548914974648441646443781898369244728692900925679100102683302445580518220,0.705,0.9,0.755,1440,
0x6f2835b5e341b5d068af66ac532d950b6d05e00e7d9cfd89c068d19882a89546,cfb-gast-troy-2025-11-22,2025-11-22T21:00:00Z,2025-11-22T21:00:00Z,40141134862981552326939107643567774067140273151525537495615673729270545561545,0.225,0.9,0.21,1440,
0xe0dd148d0f47b7913518047862af442d9ed0b32ff1fce95340d8e317981c3121,cfb-kanst-utah-2025-11-22,2025-11-22T21:00:00Z,2025-11-22T21:00:00Z,61587183398534605965493692451140845407002441129200596440729581285815597783409,0.115,0.9,0.125,1440,
0xc9c5b3fcd64b2795abd56debe51752865c4e13e3ed25c36438db3214aec45e5d,cfb-mich-mary-2025-11-22,2025-11-22T21:00:00Z,2025-11-22T21:00:00Z,67619768150294445811403581621886275593602613726560128801812102099774882937131,0.83,0.9,0.83,1440,0.17
0xd9137aa83298c4c2062f27f0e0992f197b70f200017040ae8031f06eeee8972e,cfb-okst-ucf-2025-11-22,2025-11-22T21:00:00Z,2025-11-22T21:00:00Z,87740429860761457929338704352387598338642774744316950483056356780304603297723,0.175,0.9,0.18,1440,0.825
0xd3adab65cce33953d8837df0c16143df2beb74b4c4a5f36b69cde96b1dd7e99f,cfb-tcu-hou-2025-11-22,2025-11-22T21:00:00Z,2025-11-22T21:00:00Z,79443965623207401352071923441441938003916893758726595096845020367484443744621,0.535,0.9,0.485,1440,
0x36d06933a7554d06dc86806255f59e95c9e266149014fc7e3dfe638c05717389,cfb-coast-sc-2025-11-22,2025-11-22T21:15:00Z,2025-11-22T21:15:00Z,18448978134811483379494820178548071053192449577485553619629992566306369839045,0.055,0.9,0.07,1440,
0x96698bf075d58a224a3d6e68f556eb2e4e7a72eed63e6fb5ba7fc2a1017b8595,cfb-furman-clmsn-2025-11-22,2025-11-22T21:30:00Z,2025-11-22T21:30:00Z,9538327210065227683258421838827884365846344725969904212181373552382731088219,0.018,0.9,0.0175,1440,
0x7729b5a2780e8009d88e341a0c0e38273b05789c2c9218d20ed5c62abf06f28d,cfb-lamon-txst-2025-11-22,2025-11-22T22:00:00Z,2025-11-22T22:00:00Z,15435965042299773506113243216739421188395052352941685003110975408920750881304,0.08,0.9,0.095,1440,
0xa68d83aff4688d6771e78d33a9637af1fd4252d224264d5f72697332fbb961cb,cfb-colst-boise-2025-11-22,2025-11-23T00:00:00Z,2025-11-23T00:00:00Z,46315465944158129853989747501327662750463094541007884154472902427307354746071,0.11,0.9,0.125,1440,
0x90d4e269b0d505c897d9f3db46df707284a5871cf3ee7f4fde1c9d5caa244a65,cfb-nebr-pennst-2025-11-22,2025-11-23T00:00:00Z,2025-11-23T00:00:00Z,24004062219538242630321198299415718871504166565868674418693724263114828039904,0.29,0.9,0.275,1440,
0x19874ba4fa0cbf8ac2f4a40fabdcbc5d7ec646f51803ae4dc18d38af35dc8c32,cfb-nmx-airf-2025-11-22,2025-11-23T00:00:00Z,2025-11-23T00:00:00Z,49510511332138324623963030815864066705933738492410670078149723801800667686777,0.585,0.9,0.585,1440,0.415
0x331cdf179601a079b1c173219f63d5b945f7935168ebddffad85d6e671f85d0f,cfb-pitt-gtech-2025-11-22,2025-11-23T00:00:00Z,2025-11-23T00:00:00Z,59746268147809566584243405834869694445517030350078368145512963053373450158669,0.44,0.9,0.445,1440,0.56
0x7a33b9d72477239fa9d2429ef2e6a250068381bb1298d703434b5898b72a60b5,cfb-cah-stan-2025-11-22,2025-11-23T00:30:00Z,2025-11-23T00:30:00Z,79979219774593590416085571376859833236263763895341995752621220816545473626839,0.64,0.9,0.6,1440,
0x6b035637c230942345b20c2951cee7327acb5fb091c1fc013ebe7b98bd203ac4,cfb-ill-wisc-2025-11-22,2025-11-23T00:30:00Z,2025-11-23T00:30:00Z,7435047695248258150276458954723761504762336888819738894530579133597681360376,0.755,0.8,0.755,1440,
0x524ec02da556d8832bae0da963269e58baeafce32ec59ee86e004012f074298d,cfb-ntx-rice-2025-11-22,2025-11-23T00:30:00Z,2025-11-23T00:30:00Z,87465080648395037442005508547641941559130289206864364254341262209943591111659,0.905,0.9,0.89,1440,
0xb9627a191907d65478dcd9c8ddf78f905491d6b0b0187f83208d846adf5e03c7,cfb-tenn-fl-2025-11-22,2025-11-23T00:30:00Z,2025-11-23T00:30:00Z,91821822598641797957953155745927234346557987675762140090445333168129138711811,0.615,0.9,0.635,1440,
0x7abdd9d79a10a69c44978998a86cc7527a5c2ac37fcb7822c358bedde901c40d,cfb-wkent-lsu-2025-11-22,2025-11-23T00:45:00Z,2025-11-23T00:45:00Z,28774731345193461484937668664026070576417075948974571799598789955258680984216,0.055,0.9,0.065,1440,
0x106beb65198faec170f6de234abf2cf0f9a823b560d1e4ecd2cf99f8b887f5e0,cfb-arzst-col-2025-11-22,2025-11-23T01:00:00Z,2025-11-23T01:00:00Z,81801038726454814442262485674087071668064290257383512050064167049216564489986,0.71,0.9,0.705,1440,
0x10a22dd9d4f7798efe7ebec94934a35e8531bf20090b8361cd8016c210d71184,cfb-byu-cin-2025-11-22,2025-11-23T01:00:00Z,2025-11-23T01:00:00Z,59416634058192038747871622527457457533893464187200419492832736904341428426330,0.575,0.9,0.575,1440,
0xed4ada0f7e339f3d5dd8e65e4e4e04c495f64ded960e13d382675e166b399313,cfb-sjst-sdst-2025-11-22,2025-11-23T03:30:00Z,2025-11-23T03:30:00Z,77994988960578388621439352566404597603693585309982611635609970224299018387339,0.21,0.9,0.195,1440,
0x713e497584739df7c461addeb01cbb09066ad484c8f2f5147807b1a0c9344301,cfb-utahst-frest-2025-11-22,2025-11-23T03:30:00Z,2025-11-23T03:30:00Z,100480309269575900177872808547594708278417251788350572454219940341583861646844,0.455,0.9,0.435,1440,
0x7d638e52282fe4c88b25576977f0a5137f4c19c4e839ddfff73f1c924be41e9c,cfb-wash-ucla-2025-11-22,2025-11-23T03:30:00Z,2025-11-23T03:30:00Z,105764413093011316584127103049154524005655823228326738356638578195991023568589,0.795,0.9,0.78,1440,
0x2b870064f3994875a3d680056bf9d3cdfd3f3e1785eb43e1bbe22d0021398f93,nfl-ind-kc-2025-11-23,2025-11-23T18:00:00Z,2025-11-23T18:00:00Z,34008882006586743025917171327631517196178656707550483813538223911544374700637,0.325,0.9,0.375,1440,
0x3b7f17c460fb1aa8e1389081469979b2bf623e97aa8a939a501567a4f18b92a6,nfl-min-gb-2025-11-23,2025-11-23T18:00:00Z,2025-11-23T18:00:00Z,75893363900931548551760380058421141261473949474684113746695486667464345019223,0.285,0.9,0.285,1440,
0xa4741df4f013ac2a7c5c44667074b0b76d1e600291a6d39ac6888428c9b07c02,nfl-ne-cin-2025-11-23,2025-11-23T18:00:00Z,2025-11-23T18:00:00Z,77794124883872795123205870307960584388653263576208757179922401452737988727574,0.755,0.8,0.775,1440,
0x904797b19e0b02e674d50135d92e70380ea137081e39b91b384263dc05732cda,nfl-nyg-det-2025-11-23,2025-11-23T18:00:00Z,2025-11-23T18:00:00Z,16838061401220841783988080115230390444342932907332623621738034093828615449200,0.105,0.9,0.145,1440,
0xf9cf38849cbf6513c9ddda9c09ddefa8670f481f3a17740fcf5ad8f211ae4b28,nfl-nyj-bal-2025-11-23,2025-11-23T18:00:00Z,2025-11-23T18:00:00Z,75323360565041001208804399987038946924155020649509005592405523172035709373965,0.095,0.9,0.105,1440,
0x57a745edc831f0f7df9321ca4d11f680d66d6c1d370821ef1cb2cc74211b4ae6,nfl-pit-chi-2025-11-23,2025-11-23T18:00:00Z,2025-11-23T18:00:00Z,63941953130675922831938381569690406053286494115240970260709696361486221457583,0.435,0.9,0.435,1440,
0x62eaa7c72adcdc168a9e5aeeb934e80f440646dc4bb2e036b9af8f28127c8397,nfl-sea-ten-2025-11-23,2025-11-23T18:00:00Z,2025-11-23T18:00:00Z,31977479552906200289981121014485959583357979010737288828222352121003666807684,0.865,0.9,0.875,1440,
0xa52ec10f2737597c9df1b413108ab1310eb3011d907c2f11fae5ed6920deb41a,nfl-cle-lv-2025-11-23,2025-11-23T21:05:00Z,2025-11-23T21:05:00Z,75406089498729782122948257300680106202036212700852720287122535131129795599718,0.395,0.9,0.355,1440,
0xa49b8d57250beb9cc0caed55fd4a5e426384575cd7088e62d7968c3f0f61cfc3,nfl-jax-ari-2025-11-23,2025-11-23T21:05:00Z,2025-11-23T21:05:00Z,58242744918691627434629907365192517717610895965047862020850496844313063805246,0.545,0.9,0.575,1440,
0x1464e1fe9b739dd84a41212e1e58d7c7c2b376a3f7f91ac8cf5342c5c0bfc947,nfl-atl-no-2025-11-23,2025-11-23T21:25:00Z,2025-11-23T21:25:00Z,78800772768416362702534104256331809898383184630630926535335196936379657326265,0.48,0.9,0.45,1440,
0x1cfcf352fdf74b2cd586c1017976f0427020e4c488671af9700cc86282bb3cd9,nfl-phi-dal-2025-11-23,2025-11-23T21:25:00Z,2025-11-23T21:25:00Z,39408250058331356583513319482175723310543231295440838114252107700352722448539,0.575,0.9,0.605,1440,
0x370d8460a2ef6df30226225629d939194b3c5ad7f534af4edae0caded973aff5,nfl-tb-la-2025-11-23,2025-11-24T01:20:00Z,2025-11-24T01:20:00Z,85289626455286621741147466960306344849967684242945968219221967501261359418734,0.235,0.9,0.245,1440,
0x1ef509d0d50702dc74e6c7d5d4c42cb863ad3cc70cac4ecd61eee7afbeb5aa0d,nfl-car-sf-2025-11-24,2025-11-25T01:15:00Z,2025-11-25T01:15:00Z,57511620734932740705817278005912542279374626766921773508733712770886343064972,0.225,0.9,0.24,1440,
0x07dd4ce460991bd9c250b4dd85bbc0197703b9aa8e73a66831bbec9bb277e4d1,cfb-bowlgr-umass-2025-11-25,2025-11-25T21:30:00Z,2025-11-25T21:30:00Z,63283130249724475562494214103610373637756755102641394808645909304958572548591,0.845,0.9,0.84,1440,0.155
0xae2cbcebda72d062f6f393edc803a777ca5cf86c1fb4b5fbcf83b32064792f3e,cfb-wmich-emich-2025-11-25,2025-11-26T00:30:00Z,2025-11-26T00:30:00Z,62070574991502976483153648530376233676054231566207160627116387126217163311891,0.775,0.8,0.705,1440,
0xe77c389d59082205bc4f8881a21902aaecbde16521f6182f6a7782ce710905bd,nfl-gb-det-2025-11-27,2025-11-27T18:00:00Z,2025-11-27T18:00:00Z,84523883509021770755292675496641711110477312834692043300083328776043775965208,0.395,0.9,0.415,1440,
0x83b32407eb2c89ac34e400dc41dc80dd26d60d3fea823054a972738d16d10ed8,nfl-kc-dal-2025-11-27,2025-11-27T21:30:00Z,2025-11-27T21:30:00Z,14215175022187003453415954495706037647589075082501436753196249065748822209265,0.635,0.9,0.625,1440,
0xd0f3ae8ef22fbeac970daa3fc816a91c1e92e093c809ede433137d9c7993a3e9,cfb-navy-mphs-2025-11-27,2025-11-28T00:30:00Z,2025-11-28T00:30:00Z,12754563949902242514386786690508203367887876459801474612330046966046549145313,0.385,0.9,0.395,1440,
0x53c099f2ed67769769fa4de350f85bc4108aa8d0f682e28a2aeb4759a7d08f6d,nfl-cin-bal-2025-11-27,2025-11-28T01:20:00Z,2025-11-28T01:20:00Z,34263170192678509613984142997412052653559758038927875904042796579650705664225,0.215,0.9,0.245,1440,
0x17b0e355e32755a82fd0d7f2537187f0d3b6032f1e45653a21b13a0ab67b19f3,cfb-iowa-nebr-2025-11-28,2025-11-28T17:00:00Z,2025-11-28T17:00:00Z,71067550666647151615646284752017246066881582862382585505306783345005763913912,0.665,0.9,0.685,1440,
0x1bcbe1d6d3c90bef5614ec211ed808af3fe4dac20b945b4176f9510fc2e32d77,cfb-kentst-nill-2025-11-28,2025-11-28T17:00:00Z,2025-11-28T17:00:00Z,20446327389987946785441132256844285512159745386075136644292133968399890129825,0.355,0.8,0.345,1440,
0xc1c9131de561179b3186d746557b3c3023ff52c263f699e50f399cc8b6c0aa73,cfb-miss-mspst-2025-11-28,2025-11-28T17:00:00Z,2025-11-28T17:00:00Z,103833774544125025532765182277440999572840100769701972769500875792759411624499,0.725,0.8,0.715,1440,
0x5d0733969a9e6d5aa564de2f896f7364dcfbba87b6aa30c6002ef377496ef8b9,cfb-ohio-buf-2025-11-28,2025-11-28T17:00:00Z,2025-11-28T17:00:00Z,1448279856369469572763181515132091422096219665917082026237955404739425676483,0.695,0.9,0.705,1440,
0xba1614e25af4a8f40ae2007385e14ab38065f119de74b5645b7e36465be82667,cfb-utah-kan-2025-11-28,2025-11-28T17:00:00Z,2025-11-28T17:00:00Z,65843937907866428445957268188048728548384858269290270129185145517619833751794,0.795,0.8,0.8,1440,
0x997c7b7f8ade41083a481516e0ff18c909d239db1c08d3aeb16337f6006a02ee,cfb-airf-colst-2025-11-28,2025-11-28T20:00:00Z,2025-11-28T20:00:00Z,95003870109568999476406261561118585818735458786385801643848687626259487246962,0.555,0.9,0.545,1440,
0x34f46b40cef32be892a2620f2aada017e0a763db6e0eb36709af3738f755effa,nfl-chi-phi-2025-11-28,2025-11-28T20:00:00Z,2025-11-28T20:00:00Z,45907344849959016411507099685345918340336113777949461359450849299920020315133,0.235,0.9,0.255,1440,
0x761728693de17f74edc25ff96ca7dc00ce3e7906b0282287c544b83b2d7fe9ee,cfb-ga-gtech-2025-11-28,2025-11-28T20:30:00Z,2025-11-28T20:30:00Z,55247345914058053937296224527455592293640081829879889767939704980477970715902,0.865,0.9,0.845,1440,
0xb48e8b1abdccd2baabf519286b5a4b83caf7619ba9290d3d5f37e1f08b145e5f,cfb-sdst-nmx-2025-11-28,2025-11-28T20:30:00Z,2025-11-28T20:30:00Z,95939237212335066830208342697245613192207487023180212520073615163589609021530,0.5,0.9,0.51,1440,
0xfd517f443205d3b10fa8a79a5b2651e141f31be010ae7255f6be31f308d0683d,cfb-templ-ntx-2025-11-28,2025-11-28T20:30:00Z,2025-11-28T20:30:00Z,40305365400353865610296845282164867491152386925389140666341115510528863401119,0.08,0.8,0.085,1440,
0xb23d4f76b4769913b3b3474a8dd86e82383100d4b7d6b743951d687e78f2d45e,cfb-boise-utahst-2025-11-28,2025-11-28T21:00:00Z,2025-11-28T21:00:00Z,4563065886434500240804741497222619659753084573125362751903663813999699489199,0.53,0.8,0.585,1440,
0x70eed15a2cf06351e1b88c674ac4df63e994e1b4eee3fb8323fb6dde1e80c5b6,cfb-ind-pur-2025-11-28,2025-11-29T00:30:00Z,2025-11-29T00:30:00Z,108164256276749088460573087448945406343517350762680322170038551703867090768735,0.971,0.9,0.9655,1440,
0xb5d145ef9e616b9233f65dfdac548baafe169fe89b3b56f8b0c127ef696c1191,cfb-txam-tx-2025-11-28,2025-11-29T00:30:00Z,2025-11-29T00:30:00Z,95979066061882251474003799041313539019161920655099612319622517990796207665203,0.565,0.9,0.56,1440,
0x8072542b4d1a312932fe8a7400fae055d0a130be4562fa419a7457ac34c250d4,cfb-arz-arzst-2025-11-28,2025-11-29T02:00:00Z,2025-11-29T02:00:00Z,3998538238622939896116043763462144861515156263571146369191419691015376350392,0.525,0.9,0.535,1440,
0x1eda1012b4e229012a3cd82d9c5f687d01a4f36db32647505451324f55237e19,cfb-cin-tcu-2025-11-29,2025-11-29T05:00:00Z,2025-11-29T05:00:00Z,89121064848914029312850151929562723385185225415287792407131440749690152315891,0.395,0.9,0.39,1440,
0xca7a1b764f14ef57078a9bbc2b81f4714513aa52472dc7e21e364598990f431a,cfb-col-kanst-2025-11-29,2025-11-29T05:00:00Z,2025-11-29T05:00:00Z,38502311075275792496493462105976123191768802395017969955729900428120492272696,0.135,0.9,0.12,1440,
0xbb377aaf57b1bd185f5aebb8c175267286c46ddec9f24fce5245d9724faa23df,cfb-hou-bayl-2025-11-29,2025-11-29T05:00:00Z,2025-11-29T05:00:00Z,5137840376455702973633197339939926086039745987714564939239941043627472812120,0.445,0.9,0.44,1440,
0x1bb2cb3c0cdcf2d83b7b130e1354fbc1fa172a441a66312eff06020e8b650b99,cfb-ore-wash-2025-11-29,2025-11-29T05:00:00Z,2025-11-29T05:00:00Z,2294691886739457315353601280711128618246395964236753602171596541053030725969,0.715,0.8,0.72,1440,
0xfceab0c05f923badf18e9e4b5b674b979f53b1b07a0378a4961072ddbe23bb62,cfb-ballst-miaoh-2025-11-29,2025-11-29T17:00:00Z,2025-11-29T17:00:00Z,5976465212575668561523871473404872906274948690993483037428344530572564285599,0.115,0.8,0.12,1440,
0x5ba74cc2aaf3edaf77c4ad4b9c7da6e1b870e4457a90222ba39ec4c26c97f55c,cfb-clmsn-sc-2025-11-29,2025-11-29T17:00:00Z,2025-11-29T17:00:00Z,11224091508854805336014686406806380707449028930238909063402763746762285349814,0.445,0.9,0.435,1440,
0x7b2df290031569617aa19c68d665e406477ecfa25b8bb4a9e6f31e1c36248228,cfb-ecar-flatl-2025-11-29,2025-11-29T17:00:00Z,2025-11-29T17:00:00Z,73339394673427084995516969218305906887419782637007821758731603974456034569040,0.695,0.9,0.685,1440,
0xe336192e9ab5314804ae847ad4b10eb1e0660a7cba9a28381146644062345323,cfb-iowast-okst-2025-11-29,2025-11-29T17:00:00Z,2025-11-29T17:00:00Z,74538847799954693061477076954109979944201363205056434365592356286585643816012,0.855,0.9,0.835,1440,
0x0d4c0489198723ec4c97cc7af96dd872a4a59a7890126e3648594955e1049111,cfb-mia-pitt-2025-11-29,2025-11-29T17:00:00Z,2025-11-29T17:00:00Z,44025048120768973091532532051898403982042835905273979727243428529057020241187,0.675,0.9,0.695,1440,
0xf79803e089556e98118d94423e1a254b7d6ad6516f7116b103ad7eadc520d60e,cfb-ohiost-mich-2025-11-29,2025-11-29T17:00:00Z,2025-11-29T17:00:00Z,68265432785159022354419663364324137194637289412103260148231937906579308178122,0.78,0.8,0.77,1440,
0xbb0d5340d30833c7340b481c80b86b79c081cc9d108582ca7f50fcda32b03f2a,cfb-toledo-cmich-2025-11-29,2025-11-29T17:00:00Z,2025-11-29T17:00:00Z,111141360305635080728456196795713847075696880248705300065665725314885238319409,0.78,0.9,0.78,1440,
0xb6af306e58b8f56a6e1af9d67593e390adf6140a649d1fe8a12afee806ffb4a8,cfb-txtech-wvir-2025-11-29,2025-11-29T17:00:00Z,2025-11-29T17:00:00Z,9430375358071877599004835533370499477691416998842611190789157113235040269107,0.935,0.8,0.92,1440,
0xc3a67fb84d6b650f456a168766ddc33ea3f1c59c6191279efbff74ce7de3fee7,cfb-uk-lou-2025-11-29,2025-11-29T17:00:00Z,2025-11-29T17:00:00Z,62513344763977570318565877900223703375330927138252465185826864839206265851237,0.515,0.9,0.42,1440,
0xc25e481a349f95a3499770eeabf6b0e94b82e21f2fb9cb43eef812c11578b8db,cfb-flint-smho-2025-11-29,2025-11-29T18:00:00Z,2025-11-29T18:00:00Z,95399287869551275200097546189184921099098880450000998876652180319973049222582,0.785,0.8,0.78,1440,
0x0c6fe5e3549a61946fb9216ca8b4f4c6fd5e6e37429d45cc24d4f40202bf0405,cfb-ucf-byu-2025-11-29,2025-11-29T18:00:00Z,2025-11-29T18:00:00Z,27063388008263910332379409396934346789912875396437373121890667660229332429202,0.105,0.9,0.105,1440,
0x6d59c66d9079e38a1d3d60f3e1de1a3418c2668027afd786e8846ce5439918ba,cfb-utep-del-2025-11-29,2025-11-29T18:00:00Z,2025-11-29T18:00:00Z,74460814073891246696239990516779003184093900934984147898773057913735590322977,0.355,0.9,0.365,1440,
0x3cf5a62e3d606f3b9bf8f165e796773d6fe3daff59d5feb00fbc85facf880328,cfb-gas-marsh-2025-11-29,2025-11-29T18:30:00Z,2025-11-29T18:30:00Z,64720407774544346058658658357122872053656097769510034224907825757552623920601,0.23,0.6,0.24,1440,
0x281eb4b2e3500a9f083bec7f2d0f24a7e523ed0663e82976ed4eeb4bbec06022,cfb-gast-old-2025-11-29,2025-11-29T19:00:00Z,2025-11-29T19:00:00Z,55660042211202158880074753462997778087090793566517725330917612982962202529386,0.023,0.8,0.04,1440,
0x38186f1990e5c7d26d7394a1a44e78d3339098f8ad6ceb077a4d569027d80dcb,cfb-loutch-msrst-2025-11-29,2025-11-29T19:00:00Z,2025-11-29T19:00:00Z,92525813893828605632105700505620396417563978138287017048678029776900691517899,0.425,0.9,0.47,1440,
0x21051594fd933686aa6d5cd0a81395fa0225caa95f38051863ce0da05cce3253,cfb-wkent-jaxst-2025-11-29,2025-11-29T19:00:00Z,2025-11-29T19:00:00Z,106021113152868277437056522784341310877708853391543648782309343392026435083411,0.51,0.9,0.55,1440,
0x6d88ad7978d1c74e4483d95db9f4f0715dd616d66e3f6728eb478790b58bd73d,cfb-arkst-applst-2025-11-29,2025-11-29T19:30:00Z,2025-11-29T19:30:00Z,32976024183183494318571536448285624740413464598906135096984120921571587329902,0.505,0.9,0.475,1440,
0xef366d1f06f3f219992e030e930b8d9cba4e020dabbeb213f3531956acf4b419,cfb-boscol-syra-2025-11-29,2025-11-29T20:00:00Z,2025-11-29T20:00:00Z,89376105044363331189925328285140879089562233610317578231206915645882902874699,0.56,0.8,0.575,1440,
0x6261817571f9918d52956c944dc561ef6e62574d56784fcb9105548e4f13dec3,cfb-lamon-loulaf-2025-11-29,2025-11-29T20:00:00Z,2025-11-29T20:00:00Z,7347002959826921159275332766541819967297417957817616830623435376656118679791,0.2,0.9,0.24,1440,
0x45a1c1b76371e550f78f37884d4c86b614589a7649a1044b365871d99ab29d83,cfb-mtnst-nmxst-2025-11-29,2025-11-29T20:00:00Z,2025-11-29T20:00:00Z,36083162168239082618210659191410368487758626506432375300494407298651929098999,0.405,0.8,0.395,1440,
0xdb66f329fcc0534d5e1929da790acba3ead70d6dc1d0c6a267c593e358f20267,cfb-sala-txst-2025-11-29,2025-11-29T20:00:00Z,2025-11-29T20:00:00Z,24244331529627438934207032239253974026414498342378509964153124818277476367131,0.25,0.8,0.26,1440,
0xa2c0aebb8eb3ea2afc3a8fba0f2eca31658757780167e69e0016bffb2a86566f,cfb-uab-tulsa-2025-11-29,2025-11-29T20:00:00Z,2025-11-29T20:00:00Z,115516501763531093440411408531474667599630156580772647264419557743921434825991,0.245,0.9,0.255,1440,
0x1a441e8e4377eeb5dff6a1b42b7f66bb91743ea943bec0659f8c77078a71184b,cfb-army-utsa-2025-11-29,2025-11-29T20:30:00Z,2025-11-29T20:30:00Z,49429263263523238146856832418577926391013237536856792700190266362219078136853,0.265,0.9,0.27,1440,
0x78b4da9286088678d5b91a9423361d07ec2961818c7e344a58676a076a328d57,cfb-kenest-librty-2025-11-29,2025-11-29T20:30:00Z,2025-11-29T20:30:00Z,62554497607801641827969205157546062557349826043067992712387523923421299988796,0.57,0.9,0.525,1440,0.43
0xfa41ff0d57b21e2b0cbfe3a26438c8d658fd12d8598f2a1f836f1debd943ab22,cfb-lsu-okl-2025-11-29,2025-11-29T20:30:00Z,2025-11-29T20:30:00Z,37210727496278422413904428403498692682525502506749029517599469082942030158557,0.195,0.9,0.205,1440,
0xe035aefa892cd52dbca7b82cef638232ff5123d540924808fe7f617c585f868e,cfb-missr-ark-2025-11-29,2025-11-29T20:30:00Z,2025-11-29T20:30:00Z,68543096913319804028444164645523554445915261923801548480507168412571709320546,0.645,0.9,0.615,1440,
0xbe45219ba4adb9b41d9cbab5a43c82f3b61de55f67af8e6add656dfa2d6c7a0b,cfb-pennst-rutger-2025-11-29,2025-11-29T20:30:00Z,2025-11-29T20:30:00Z,36415665947703882535767817720957292416123018764774875325252502868547614723123,0.825,0.9,0.815,1440,
0xb6590854adb3e3ee1cae6a1a182cac9e7691f2d0e5f2c720bb9c6b43cdd26144,cfb-troy-soumis-2025-11-29,2025-11-29T20:30:00Z,2025-11-29T20:30:00Z,101306902135941291276888150872170752508664879704279472853904507658127929174623,0.305,0.9,0.315,1440,
0xdf585752b5519a2f1653bbff271f1ab6d7ff19af1d2943ca87b2ef795ea9fc0c,cfb-vand-tenn-2025-11-29,2025-11-29T20:30:00Z,2025-11-29T20:30:00Z,110344636656545505391319427014017639910121611934961066158959338639621830074892,0.475,0.9,0.425,1440,
0x909d5a606e1f799894e32d1a8415d8b7a27cf499a2f0e8eb4f21547621063abc,cfb-wake-duke-2025-11-29,2025-11-29T20:30:00Z,2025-11-29T20:30:00Z,76734476122148493341013825475211642530919533731683964827429299042926654332272,0.455,0.8,0.485,1440,
0xe9a7f5869adc9a139aff61ed3d744b51fd5491d395c153f05b412cd242501447,cfb-wisc-minnst-2025-11-29,2025-11-29T20:30:00Z,2025-11-29T20:30:00Z,52730601691648840967729339914728548892925691599177440092469010199678718565484,0.565,0.9,0.545,1440,
0xa41ba3c3c4dba087f53d13e3d215808a2faeddca731ad2eb02e507387855e9ba,cfb-jmad-coast-2025-11-29,2025-11-29T20:45:00Z,2025-11-29T20:45:00Z,36872885240205709562557256484387675274878610361518611574953745963059431308264,0.955,0.9,0.925,1440,
0xe101f6338501c3c4106ab55803e7115783d946f61a1334b477d7ffb3ee42eeed,cfb-flst-fl-2025-11-29,2025-11-29T21:30:00Z,2025-11-29T21:30:00Z,182788155562015248226040459449578934333591886052329893465729297078008710997,0.515,0.9,0.5,1440,0.485
0x24ca6fc47acb329451782eb0afb4512dad95a6a9912f9eafdc60a052fa3c61a9,cfb-ucla-usc-2025-11-29,2025-11-29T21:30:00Z,2025-11-29T21:30:00Z,95624175068452679328711496694170274961310503942348150191096010917685702679232,0.07,0.9,0.075,1440,
0x38630596701364dc8327503d548f43ca4518c62deacca69a0e202f461e6f283b,cfb-oregst-washst-2025-11-29,2025-11-29T23:30:00Z,2025-11-29T23:30:00Z,96490035673609805216142424785240181819246748540716980201709457931984933787000,0.16,0.8,0.17,1440,
0x84b077fee9104c8eab2e6538f934bf9c4173e15fb1fa0c20d2975d2d6ce778ef,cfb-mary-mst-2025-11-29,2025-11-30T00:00:00Z,2025-11-30T00:00:00Z,91167177207320724102954301979483350727905562686626051129022524550672354450908,0.375,0.8,0.35,1440,
0x27e1f1c04d858f24d8835d04ac8a6328589807292cd8acdb593811310efd4ec2,cfb-rice-sfl-2025-11-29,2025-11-30T00:00:00Z,2025-11-30T00:00:00Z,103278651112986986039567441687324000399384094479860042747558051104890846748449,0.0295,0.9,0.0435,1440,
0x13c668066efa422b541c58eb37085229b2d5bae54c943461ef242220c8f3f39a,cfb-vtech-vir-2025-11-29,2025-11-30T00:00:00Z,2025-11-30T00:00:00Z,86649749246452798555058086470924957100620020142637866458702441573859020942806,0.245,0.9,0.255,1440,
0xb1724dc7a1283aa1e504b470f97f3c8c783e7a438b6356f91da0e0c822063cd6,cfb-ala-aubrn-2025-11-29,2025-11-30T00:30:00Z,2025-11-30T00:30:00Z,100421850344077309675244370547811252266275030680763914204667214273189166204593,0.71,0.9,0.665,1440,
0x030670484e015147374759184314a1b79d249377f5f624bec6b1472ace22da17,cfb-charlt-tulane-2025-11-29,2025-11-30T00:30:00Z,2025-11-30T00:30:00Z,35453592506694413353666161707772623693157732975136369817298859440355066860071,0.0175,0.9,0.043,1440,
0xef9c51bece8b8a8d4916a159783ea84998e55a9b38a380d7216d4c1d649d6bd1,cfb-ncar-ncst-2025-11-29,2025-11-30T00:30:00Z,2025-11-30T00:30:00Z,81085294611740529784261867456650702631523653498050261419242364315393535551940,0.285,0.9,0.28,1440,
0xc179673c456295034e1ebd5126e91d0a79b294631ffc1e5d619bdabff31135e8,cfb-nw-ill-2025-11-29,2025-11-30T00:30:00Z,2025-11-30T00:30:00Z,40388953654705534853095411033992683262886683789340261086802902332457645967212,0.295,0.9,0.29,1440,
0xf30a0c6f656bd836157f04bd0f939c3b8401f5b5c1a2479cedd3e273564aff81,cfb-smu-cah-2025-11-29,2025-11-30T01:00:00Z,2025-11-30T01:00:00Z,50349847930427141371776463535881602308601502069026715005240750173978869402782,0.835,0.9,0.82,1440,
0xee47eefb7677e47379e4ce44a74dd0022c967ad2414a4595f18b4840f73141f7,cfb-unlv-nevada-2025-11-29,2025-11-30T02:00:00Z,2025-11-30T02:00:00Z,61067196356543042628771259852860643578862824114228998808462659766955429880490,0.735,0.9,0.73,1440,
0xaa049e24ea03705e4fc417772a330befd72c31969bfd89d1adf09d5433affdf1,cfb-frest-sjst-2025-11-29,2025-11-30T03:30:00Z,2025-11-30T03:30:00Z,95579421499964459129826988377093368163799069396876216338038863926884264070224,0.595,0.9,0.615,1440,
0xfa7475e7579827dbea6b7b0825b72632f7264bfa675e006343fc3c5380ae065a,cfb-nd-stan-2025-11-29,2025-11-30T03:30:00Z,2025-11-30T03:30:00Z,81974549952126445965209189568576077667870046415747357464278442828601819421832,0.977,0.9,0.965,1440,
0x2aa7238a1780723f6eb1a4e4bb1af709fdb7a190c1c0124f27bed140f25e3802,cfb-wyom-hawaii-2025-11-29,2025-11-30T04:00:00Z,2025-11-30T04:00:00Z,102655020726284777790630891523708488670818245887457375829113344605646856083506,0.235,0.9,0.26,1440,
0xf7742406d5edcdaf4449833f64f2d9ec32da27cb0a0f05ce057447dcbd5f85d3,nfl-ari-tb-2025-11-30,2025-11-30T18:00:00Z,2025-11-30T18:00:00Z,79582254082838461298332796975720054327136374562196770992070812664072096367481,0.34,0.9,0.355,1440,
0x3ca2c3633c85a89015385adb51e3d22312649c27bd1cbd61b21f5bd004540f16,nfl-atl-nyj-2025-11-30,2025-11-30T18:00:00Z,2025-11-30T18:00:00Z,35457645250285737300059866499952737096076856130872916186696918281030695805483,0.595,0.8,0.575,1440,
0xa61c9b599232d07888c755c0ad7e47295d8562f4aaba9767999127e085e72325,nfl-hou-ind-2025-11-30,2025-11-30T18:00:00Z,2025-11-30T18:00:00Z,10510863190237431708823232290393950057403776447786713941222628195611351069224,0.39,0.9,0.365,1440,
0xc8803b04ffbdd97046dc85c2c0581bf5f28807facd7bfdad690d782234b48b92,nfl-jax-ten-2025-11-30,2025-11-30T18:00:00Z,2025-11-30T18:00:00Z,74654946767577055002702765342063469582461679373110989939681300432789208674075,0.725,0.9,0.715,1440,
0xb2857e4c6452956ad523b97218299259d66c7c79b45022d9287e18e31331902b,nfl-la-car-2025-11-30,2025-11-30T18:00:00Z,2025-11-30T18:00:00Z,7134893884586794575348639408964620663590755481469596913962609362477980582931,0.805,0.9,0.835,1440,
0x04f68fed65c7436d84cd952dd334c5fe543e54a32b0d7f148d494e1eb8301a13,nfl-no-mia-2025-11-30,2025-11-30T18:00:00Z,2025-11-30T18:00:00Z,6503628095713387410701029096278006172961879938968135888407098706912163525970,0.295,0.9,0.295,1440,
0x9277b62d650c0cb5af272217c5fee25b81c757a98dcb645b677c2f42b247d868,nfl-sf-cle-2025-11-30,2025-11-30T18:00:00Z,2025-11-30T18:00:00Z,9243466947231250194977359257670460859237407270732783999854545719934720208944,0.685,0.9,0.695,1440,
0xc8fac6008bd93871d0e948f30f3cc172f9fb2786fe3beac0937af2073ba76bf5,nfl-min-sea-2025-11-30,2025-11-30T21:05:00Z,2025-11-30T21:05:00Z,83907909101241172658218286195752010103014339994778458799300001300950981270840,0.145,0.9,0.135,1440,
0xd8e19473a9885cf6f5493723433806197b80d78154858120d770e6be0c67bd88,nfl-buf-pit-2025-11-30,2025-11-30T21:25:00Z,2025-11-30T21:25:00Z,111438321982214808947405390477217950574145926651350669978740377385110279570932,0.615,0.9,0.615,1440,
0xd7aaa38fddf1d03f45d67f0bed8c7b2b95bb3bfab6c2010f2d1bd8ef853fa0b1,nfl-lv-lac-2025-11-30,2025-11-30T21:25:00Z,2025-11-30T21:25:00Z,31203583407780506671061523550398226296051359447954104564480238058191336672759,0.195,0.9,0.185,1440,
0x302bb4d901c8fe550edede68f63e113cc83ae0d910258516080e8c56c79a44ea,nfl-den-was-2025-11-30,2025-12-01T01:20:00Z,2025-12-01T01:20:00Z,75082758571928648388994620953818770642472525287748260375879714018933222579981,0.715,0.7,0.73,1440,
0x8d5ec7deb35689142a556ef4bad22c3347bc4cd0da1a2839c7bc616d4de2f842,nfl-nyg-ne-2025-12-01,2025-12-02T01:15:00Z,2025-12-02T01:15:00Z,7511499185828166281990787054010631371521174894041033879478601287783310781033,0.255,0.9,0.235,1440,
0xe6f492eb15583ae324d43e987e3ad1b7bd1a86690b3b62a2843162278ff7af0e,nfl-dal-det-2025-12-04,2025-12-05T01:15:00Z,2025-12-05T01:15:00Z,108243406819495224689191757149688176987989236847880926093693951763469278632733,0.365,0.9,0.405,1440,
0x5fcebdb312a214a6df068ee876c944ce449e95f6caf2fe50334528cab165bd87,cfb-kenest-jaxst-2025-12-05,2025-12-06T00:00:00Z,2025-12-06T00:00:00Z,104463011319706632686514919449742873803627416284193136966159478194621331297885,0.585,0.9,0.555,1440,
0x4ee0244cd80af0ba47adcdec380abc18c62e5606570bd5a43043bebebfe505c8,cfb-troy-jmad-2025-12-05,2025-12-06T00:00:00Z,2025-12-06T00:00:00Z,38001198223975247732998903760137291751436271171406003280123024826511808495605,0.055,0.8,0.065,1440,
0x890583532a17ef17c9d196005c78168bc8399aa525059ace154574b7e0b0577d,cfb-ntx-tulane-2025-12-05,2025-12-06T01:00:00Z,2025-12-06T01:00:00Z,106030380401728095172804925879144487064714302208793465659991701064663527590860,0.515,0.9,0.555,1440,
0xa5d3e2f41f8ef87d857f06900b8ba2bbce63058eb2328d72583a84dd985e111c,cfb-unlv-boise-2025-12-05,2025-12-06T01:00:00Z,2025-12-06T01:00:00Z,36788747802670093446097035042874516114815091006931791740716806163909773334574,0.315,0.9,0.355,1440,0.685
0x011aa7fab520552ff042b0198761e3eb9661f2438c2d982f251f5878d7270e21,cfb-byu-txtech-2025-12-06,2025-12-06T17:00:00Z,2025-12-06T17:00:00Z,27377809274028086277044743260672093554593409858208419368264304283132170164030,0.175,0.9,0.195,1440,
0x9c442cce0b9194db8ddab9a6059aacc290213a741c0ba156be53924a80b46ba8,cfb-miaoh-wmich-2025-12-06,2025-12-06T17:00:00Z,2025-12-06T17:00:00Z,103906996106966929711984242604682519970297621196970888666103808662554005575574,0.445,0.9,0.455,1440,
0x9e6cd6af14268c1cb64014fb861a92795699d95c1d9a6ab54b9da66749c9069f,cfb-ga-ala-2025-12-06,2025-12-06T21:00:00Z,2025-12-06T21:00:00Z,108196827124959768209796328717120976156708586507109942597611318313121896455907,0.525,0.9,0.545,1440,
0xbcb4a58ebaa239ab6dc2a86ab1b9a11b8dbf27b15e911d6686893168a1bdbe63,cfb-duke-vir-2025-12-06,2025-12-07T01:00:00Z,2025-12-07T01:00:00Z,104412671257160953680896797369889064252322481895967502191655811671430340441230,0.375,0.9,0.375,1440,
0x99c6571e36ee889a598ed57dc0cd7c72934e13ccafc739b81ef462536a1bbda8,cfb-ohiost-ind-2025-12-06,2025-12-07T01:00:00Z,2025-12-07T01:00:00Z,72563027128355945368260722418418949671347248712787387160522591545859181326757,0.625,0.7,0.625,1440,
0xde17506a2d490c50bc61120c0ea01b2d354d46deaee64951c78ab7c9d844ce15,nfl-cin-buf-2025-12-07,2025-12-07T18:00:00Z,2025-12-07T18:00:00Z,103846467586804351372563198397230756303898119745610821778457852555635400333787,0.285,0.8,0.28,1440,
0x70e64fbc50b7ae33b9b409d5302a5a920f2a39eca2d1c582970c75b58556884d,nfl-ind-jax-2025-12-07,2025-12-07T18:00:00Z,2025-12-07T18:00:00Z,28088894793576591365754110852221855247039189241642877116427486810082128427600,0.565,0.8,0.545,1440,
0x8a3b6a72cb67360355ae39548c2c6315c621e5365ec5db313affbe67d5a9a658,nfl-mia-nyj-2025-12-07,2025-12-07T18:00:00Z,2025-12-07T18:00:00Z,21565340566819129408679338993460565460270016245226727868807578393968385082479,0.565,0.9,0.575,1440,
0x2d862d0ae6e7abce0adb9c116e769e2e9c6af7050f48adcccf45c9a8b4c182a0,nfl-no-tb-2025-12-07,2025-12-07T18:00:00Z,2025-12-07T18:00:00Z,3683632643504041338618490122011551373679745709196417439043187499441467778137,0.225,0.8,0.205,1440,
0xa6306a4dc9e38a6a670a0f6806eb60414cb6a34ac75122a46470d21e91d5b1c9,nfl-pit-bal-2025-12-07,2025-12-07T18:00:00Z,2025-12-07T18:00:00Z,79702010805806769069659302105802970878756544796392656506440765941101421086291,0.295,0.8,0.295,1440,
0x07fdb434a81996e35e05aeb4d7e8d9f79866a6ed435282489b50c9a781c0734a,nfl-sea-atl-2025-12-07,2025-12-07T18:00:00Z,2025-12-07T18:00:00Z,97503642261724785867170248516772631906389718468911934099041617819193390684815,0.735,0.8,0.75,1440,
0xc70dd85fb84ff5a7fabb683ae186c627984cdf84dab19eeabaaf4cad0798ac25,nfl-ten-cle-2025-12-07,2025-12-07T18:00:00Z,2025-12-07T18:00:00Z,9261406410389853807499702673992389832414897609870223945701613424195044467569,0.365,0.9,0.355,1440,
0xf3cf254d616431b7610c0829d5b26c06cd33b3123dbfd59e75c98072b5c6be74,nfl-was-min-2025-12-07,2025-12-07T18:00:00Z,2025-12-07T18:00:00Z,102237225264942604517634663904897496006306181441593377792023682404287927398200,0.485,0.9,0.525,1440,
0xd25640cf4d4cdf40fc7f6588730a80ff19b1902f58902a76514219748842c65a,nfl-den-lv-2025-12-07,2025-12-07T21:05:00Z,2025-12-07T21:05:00Z,110266154808576175866564281306232214639042147892060269461397430800720118524150,0.775,0.9,0.785,1440,
0xe7aa655c5b36c563c2388a1ad2aee7e82c096a4ebe6ce0faa5389516593efb17,nfl-chi-gb-2025-12-07,2025-12-07T21:25:00Z,2025-12-07T21:25:00Z,23852692705918056263361088862327787297271870184240255972437510183283672881336,0.245,0.9,0.265,1440,0.755
0xf32f35850e555afdb655a8af329946a2dc04de3290999b0c14bbf7cb4123a160,nfl-la-ari-2025-12-07,2025-12-07T21:25:00Z,2025-12-07T21:25:00Z,10403706480644138747994402283691709956401104167443241781989818636970154291162,0.795,0.9,0.815,1440,
0x61cf5315ec6aa4c6563e58a4736bdf89633ec2b5c9f2e2a6977cc7544cd6b916,nfl-hou-kc-2025-12-07,2025-12-08T01:20:00Z,2025-12-08T01:20:00Z,82263437028976937938917692119085850534298447420831840197176963793365472027050,0.325,0.9,0.355,1440,
0x973a05cb855049840adb639aa0c927d4d0f5ee7cc383269a24256b39ec4cd2d9,nfl-phi-lac-2025-12-08,2025-12-08T20:15:00Z,2025-12-08T20:15:00Z,47811543153529297547516518439947986586365327534171632260235619908916561221661,0.555,0.9,0.545,1440,
0x5afe56d5f7af27a3f41304325e8419244aff3852125f3af57702c67a203ee889,nfl-atl-tb-2025-12-11,2025-12-12T01:15:00Z,2025-12-12T01:15:00Z,108212120225275227499954664361283850115878666320584859831329021059962687827287,0.275,0.9,0.315,1440,
0x47adc138a89d04c275543a8f97ea676ad69c0837e0442a5e9c9c9a9c466f000e,cfb-army-navy-2025-12-13,2025-12-13T20:00:00Z,2025-12-13T20:00:00Z,90759895139317350902979949063317135282389825394141113899138517241326008777484,0.305,0.8,0.29,1440,
0x2c87c6a3d81494b907167f6d59f366fb3d7119db7d2b815b0b22061cb2ed426c,cfb-boise-wash-2025-12-13,2025-12-14T01:00:00Z,2025-12-14T01:00:00Z,29677579897280064805844276979941587756683175290566188959105313642844161123106,0.24,0.8,0.235,1440,
0xa3cb3268c89acf56e5efbe7c2a0a63b01cc5e0e4c0805a7106327a1d9fd4b0e4,nfl-ari-hou-2025-12-14,2025-12-14T18:00:00Z,2025-12-14T18:00:00Z,108076571076544921920786427586474164498072679953687687939147884278116386541908,0.175,0.9,0.185,1440,
0x6afc1778ee583775cf4b05499ce4cc34b4b4a3a7d7e351941a4c90c8e330014f,nfl-bal-cin-2025-12-14,2025-12-14T18:00:00Z,2025-12-14T18:00:00Z,40616413829951366228669990519991442493076437145760061788606256967024174219577,0.615,0.9,0.585,1440,
0xa3e1a124a8fcb85e220a60e52049d1ebd2afb87fc8034ceaeb6567c8b968239e,nfl-buf-ne-2025-12-14,2025-12-14T18:00:00Z,2025-12-14T18:00:00Z,63318541023611879372668088232945116356843392132099065902537104234302958593551,0.565,0.8,0.525,1440,
0x622e7c2e3e246364be3d4790364d91fa1cffdbacf988a06509ed708b6d1f28d0,nfl-cle-chi-2025-12-14,2025-12-14T18:00:00Z,2025-12-14T18:00:00Z,9758293011596290692308950871271708826639335577096242546807215457121882891910,0.245,0.8,0.235,1440,
0x1a3679091be1ff7d8a7f5d550155b5d893741c5e1afe00e52ded96510408ce5f,nfl-lac-kc-2025-12-14,2025-12-14T18:00:00Z,2025-12-14T18:00:00Z,102255839334424978008959940819228098602655600371148683716735713868066225478733,0.285,0.8,0.295,1440,
0xdd3b4e4caebb1e2db713d4d78c04b2531e1997d410dd6336463bb2e6328b9c62,nfl-lv-phi-2025-12-14,2025-12-14T18:00:00Z,2025-12-14T18:00:00Z,56803273989127966048505305020776056579493521419560137019624502722190204720032,0.135,0.9,0.125,1440,
0x92299e316996773f93a97e601499297d9d2e20fa841499f1cf32977b1a834a65,nfl-nyj-jax-2025-12-14,2025-12-14T18:00:00Z,2025-12-14T18:00:00Z,77854106765456953613284988488918803055281735564431321569609229978239248023908,0.125,0.9,0.125,1440,
0xf8b52d9991c5c5359412582c94a475d592168dd37ae6a8ec9a6b9e5bff0194cf,nfl-was-nyg-2025-12-14,2025-12-14T18:00:00Z,2025-12-14T18:00:00Z,75550100348290995994172953800500008236161636668793692312150253547268929606945,0.415,0.9,0.425,1440,
0xc486ecc53d9484cf29da644ec1855776ca93abde10c3f4a3fc8f13f22cbba24d,nfl-car-no-2025-12-14,2025-12-14T21:25:00Z,2025-12-14T21:25:00Z,40092713679230552071377062781904007799757803259494535232752244210295847255336,0.555,0.8,0.595,1440,
0x4896995cdcc973bba4ebe182f928324d168830308ff68eaedd9735a99ea963c0,nfl-det-la-2025-12-14,2025-12-14T21:25:00Z,2025-12-14T21:25:00Z,79638985970326400341372753772294140867656219016193008536843448996845107410330,0.305,0.8,0.305,1440,
0x339b3403a13323a31c6004569650cfaa3300989345279df9b9a6fe1ce060caa6,nfl-gb-den-2025-12-14,2025-12-14T21:25:00Z,2025-12-14T21:25:00Z,77074150187025432680174900920098621628568203058388799798842488328627322608778,0.535,0.8,0.525,1440,
0x01c17682836c4df18653f18cb83b894592b1c7a883fb0ebb6878ec1bb48ea7d4,nfl-ind-sea-2025-12-14,2025-12-14T21:25:00Z,2025-12-14T21:25:00Z,108150027309769549188092338358995062947567126898812133696496790931097007323946,0.155,0.8,0.115,1440,
0x72f3c89aee1abc48cb220a951325afc84b97c96dc25b583a1061a17ba0230fa2,nfl-ten-sf-2025-12-14,2025-12-14T21:25:00Z,2025-12-14T21:25:00Z,114689291516289405540584011748153597220134766540450926493841075805129633457886,0.135,0.8,0.125,1440,
0x707bb157a2ea43d2da72c850141a668af164491e3b63e81cc2da10cda89e3dbf,nfl-min-dal-2025-12-14,2025-12-15T01:20:00Z,2025-12-15T01:20:00Z,40329416464427335447726529882514860761387941285708228805997623392308004238568,0.315,0.8,0.295,1440,
0x1f1ccfe2166c17a3b89a339b847e2e12966463a8631318aa54ad754646507381,nfl-mia-pit-2025-12-15,2025-12-16T01:15:00Z,2025-12-16T01:15:00Z,53863955088779009407284117389566755030873972976669059506982181398453613577969,0.365,0.9,0.385,1440,
0x067ce84d419e3269ef1055e1c396cfae0bc9bc41a9f7f5db37eacdd8bddf71cd,cfb-troy-jaxst-2025-12-16,2025-12-17T02:00:00Z,2025-12-17T02:00:00Z,10834294736685439735304990214097225195432550300210918184250892802881707158460,0.41,0.9,0.525,1439,
0x6c4e44a1693702ad439d301b5002fee2f321326bf164b544bb1e1247677bbda9,cfb-old-sfl-2025-12-17,2025-12-17T22:00:00Z,2025-12-17T22:00:00Z,52872415119790059528516144068098260568495221372370308164654340565704732994282,0.375,0.9,0.425,1410,
0x1408ded2189ff09b8800a85fa916d2716656243689539767ae690010f3189283,cfb-loulaf-del-2025-12-17,2025-12-18T01:30:00Z,2025-12-18T01:30:00Z,67300425148138292003671027807009024678252391936137593825333911198081016078778,0.525,0.8,0.575,1410,
0x6749b632cb9df8883a4958aa5493e50f9bc71dd6597dcefaeb7ee401c2c790ae,nfl-la-sea-2025-12-18,2025-12-19T01:15:00Z,2025-12-19T01:15:00Z,88846013305395560410934034826830081843978957780271376465228392651201770929802,0.445,0.8,0.465,1440,
0x4d350356f2b012c16642e69d89eca120ea9cf11c8e15e258928a2505e1e8944f,cfb-msrst-arkst-2025-12-18,2025-12-19T02:00:00Z,2025-12-19T02:00:00Z,96621717103822743916921343751461969549127851418908677066951537022296842303710,0.465,0.8,0.5,1440,
0xe3691ef0c2b54ba1da0b6359cdd6eb4f51e5e32ac6f56cc770d53a782ffa3130,cfb-kenest-wmich-2025-12-19,2025-12-19T16:00:00Z,2025-12-19T16:00:00Z,102156245112903335858295500426739395884293699677022468047233263612407252914944,0.395,0.6,0.4,1440,
0x13c1fbba9d91114340592de7ff94c4865d6d2011e5558d4afb1d4771a7c40c04,cfb-mphs-ncst-2025-12-19,2025-12-19T19:30:00Z,2025-12-19T19:30:00Z,83148433041606455421387701238729489030768004865620564216892984535988881311922,0.4,0.8,0.38,1440,
0x94b10c0bfeda43011714c678f959b6c2429adf6bef06d4e1f7703a2b137d6ff0,cfb-ala-okl-2025-12-19,2025-12-20T01:00:00Z,2025-12-20T01:00:00Z,70397070945080281371503368041633716131190827582594191712463794311321843229891,0.445,0.8,0.485,1440,
0xdf52833e285b6f8d3d341ca08aeee99b267fdff24b930eecf0290fa630886298,cfb-mia-txam-2025-12-20,2025-12-20T17:00:00Z,2025-12-20T17:00:00Z,109279402282371042125359071527895031721922791211809941043112015932916264649483,0.435,0.9,0.395,1440,
0x55de3b9daf2ccf4015016323cf8c5c0cc126c8bf8b6b501c702968c81ed0c2b8,cfb-tulane-miss-2025-12-20,2025-12-20T20:30:00Z,2025-12-20T20:30:00Z,70263929647870342592539437171334927352192656051472408000485405411981656496053,0.125,0.8,0.125,1440,
0x483b9ff3369a7871e88de7c0d6cb10cadb334fb6dcad766f439b9cb69e14e827,nfl-phi-was-2025-12-20,2025-12-20T22:00:00Z,2025-12-20T22:00:00Z,113363077069015448538122512240711174749559162563733049209873259809066273054395,0.745,0.8,0.745,1440,0.255
0x919ad580715a7667477e1e9ad6c6933b4ae2c3f84d6b3486d0ac10bd2404d704,cfb-jmad-ore-2025-12-20,2025-12-21T00:30:00Z,2025-12-21T00:30:00Z,6842339745754768147615488990448689079410249614898996769379495914967681233860,0.075,0.9,0.08,1440,
0xdc944e324af1531c6eb13636e109cae5f87268da1763f17f97f4f84be0356f99,nfl-gb-chi-2025-12-20,2025-12-21T01:20:00Z,2025-12-21T01:20:00Z,33171460998925039771657028011319759168463504237331985201792737812865385522367,0.475,0.8,0.465,1440,
0x88a1edad9dc7b77efb8fb0b9ffc09aa6f112342cad5dfe3a6475eb99599c30ed,nfl-buf-cle-2025-12-21,2025-12-21T18:00:00Z,2025-12-21T18:00:00Z,2694081799230126248390481278428339045407855745003801650934516740692014238329,0.825,0.9,0.835,1440,
0xd2e6ebae147d31c1e593ee1898e9aed2c72a618ea87e9fab79c09d112a5b49de,nfl-cin-mia-2025-12-21,2025-12-21T18:00:00Z,2025-12-21T18:00:00Z,108311400859963986137343901661453273694452379143226337191724352469909216055931,0.635,0.9,0.655,1440,
0x5beabbe6b27dc3778f3030fa8e263117deca467ca2bd598745f2c52077ed6367,nfl-kc-ten-2025-12-21,2025-12-21T18:00:00Z,2025-12-21T18:00:00Z,10797939386840672025787981542525880291166094751269292279438093487332104418035,0.625,0.9,0.585,1440,
0x795106b05c543e7aaf06c998e07cc42a07287a6b234ee793cfe43b28200163c2,nfl-lac-dal-2025-12-21,2025-12-21T18:00:00Z,2025-12-21T18:00:00Z,3544747547225867259138178781913934171255697196708144729174720787129127288449,0.465,0.9,0.455,1440,
0x27541f1ebf40749d3a0ad7a381161ca5ae514fcea25ea7e632dc5140dcc39a03,nfl-min-nyg-2025-12-21,2025-12-21T18:00:00Z,2025-12-21T18:00:00Z,31904784244623552897595359412481572008321434326340332898645616472050103958287,0.565,0.9,0.575,1440,
0x59f8a6393b65feb7ec1c94376f1be0fa1b733c8b6962a085211dad05fa12f994,nfl-nyj-no-2025-12-21,2025-12-21T18:00:00Z,2025-12-21T18:00:00Z,91281003295265899777485086754172798647350192775161369704147816504301286126244,0.275,0.9,0.285,1440,
0x0870868fef14ce6d9519b705688095782265b7fd6c4ed8d659ec4a2818b370ab,nfl-tb-car-2025-12-21,2025-12-21T18:00:00Z,2025-12-21T18:00:00Z,60096059778052200160095486818040624185631082887206617733887447551008087471257,0.585,0.9,0.595,1440,
0x276f0a3a9032afa889f8e1b1dd67278cf74ed1e050c79b9af705f946467ab646,nfl-atl-ari-2025-12-21,2025-12-21T21:05:00Z,2025-12-21T21:05:00Z,50430883693112871419723117052624580567704042422366065369589393963150733312601,0.575,0.7,0.585,1440,
0x1297411bd6fc4c348beb7c40bb539c9c0ead7e52e2dd590dacc4c32cfd518697,nfl-jax-den-2025-12-21,2025-12-21T21:05:00Z,2025-12-21T21:05:00Z,91836377128141018858160572443209159358367149027141366040062493099049454231201,0.375,0.7,0.37,1440,
0x0e4ccd69c581deb1aad6f587083a4800d458d6a12f3d202418a53e0c40b18c5a,nfl-lv-hou-2025-12-21,2025-12-21T21:25:00Z,2025-12-21T21:25:00Z,98887866198292073150367726181890783875684459618704490275180611766628774252411,0.115,0.8,0.105,1440,
0x913b67f7c8b370247f1370cde82e3fd661a5449f2573ba271bce95d47c442784,nfl-pit-det-2025-12-21,2025-12-21T21:25:00Z,2025-12-21T21:25:00Z,108465548081675802811225471678304469331336974462287589117057515243967436903282,0.225,0.8,0.255,1440,
0x780408b161c548a5c66166ceda66e0d287ef60c2725c36acaeb0cb2bee1b3720,nfl-ne-bal-2025-12-21,2025-12-22T01:20:00Z,2025-12-22T01:20:00Z,42299543267092311961631486099446334759620893411429619545551208059032546587031,0.345,0.9,0.395,1440,
0x31eafc75bdaa2f9f476774c9e87d05ca8f019a48c5e27b432e58b7271aba0270,cfb-washst-utahst-2025-12-22,2025-12-22T19:00:00Z,2025-12-22T19:00:00Z,73686282727313648870418464663601032970752942706133369297526579912528356075306,0.495,0.7,0.5,1440,
0xfb54ac8652e65ab1312a33cf96a45204c56b879e20e9f24a09f0309eacf52950,nfl-sf-ind-2025-12-22,2025-12-23T01:15:00Z,2025-12-23T01:15:00Z,85455113016431049626358535958294679323212801434936446670950500092521192392446,0.655,0.8,0.695,1440,
0x02e61f7e9053341e4df6e33118cfa145d116667e74989dec40df01c7394b3e8f,cfb-toledo-lou-2025-12-23,2025-12-23T19:00:00Z,2025-12-23T19:00:00Z,37539720430156054376476743719399377729625228663699433794792376335423977787135,0.195,0.7,0.15,1195,
0xa1b2eccd54a266227099d0e8effa9659eeb6b34faf6594aca9ec9a1ed9e2150f,cfb-wkent-soumis-2025-12-23,2025-12-23T22:30:00Z,2025-12-23T22:30:00Z,84149598749077424151692706324372147089880181286930895376957686999854877017909,0.445,0.9,0.495,1404,
0x6d9e08485267bea7350b8f7b30bcd40a27fcfcbaa9b3654aab14dc67d2b8e0ef,cfb-unlv-ohio-2025-12-23,2025-12-24T02:00:00Z,2025-12-24T02:00:00Z,10648554572191977460272352528788031229874834671163089777892231201746512472340,0.7,0.8,0.71,1440,
0xb46c7b524db0113c19a52cc55dae1a2bba8642c2dfca4ce56087f08abd8ac2bf,cfb-cah-hawaii-2025-12-24,2025-12-25T01:00:00Z,2025-12-25T01:00:00Z,41996979170610020272966450394564902917152261666489982731217298110368910937435,0.465,0.8,0.47,1440,
0xb00dcbf2f2cee0af2aa925570566a05abec4870bc6eee7bd14ff7c25eb541459,nfl-det-min-2025-12-25,2025-12-25T16:30:00Z,2025-12-25T16:30:00Z,16413003290202899297205500846719318681068073417853523834803679649631976960511,0.765,0.9,0.76,1440,
0xe40c7aeec6181070cdd9bef07355ff33fa21292998a18d8420a16f909920f7f3,nfl-dal-was-2025-12-25,2025-12-25T18:00:00Z,2025-12-25T18:00:00Z,39741468584944427961625620706633894157832774130077499570942932667452099381474,0.785,0.8,0.78,1440,
0x946cb298dd24916efed1569a452d37722b79fdfc85e0dd860066f2056f977c33,nfl-den-kc-2025-12-25,2025-12-25T20:15:00Z,2025-12-25T20:15:00Z,71586812121580592043346752714839402767886091189327411063555693107326343705620,0.885,0.9,0.885,1440,
0xa088eec31efd7ee8c7726ed4099f7f18081b909aac17c048061fa4f3ec1e247d,cfb-cmich-nw-2025-12-26,2025-12-26T18:00:00Z,2025-12-26T18:00:00Z,69486470084288306936546931333872606607763789979499407020857743228560174449617,0.185,0.8,0.215,1440,
0xa3a4c9ed251610a458c1c65a207688705e4d54f92a2568477cb978e92fa3243f,cfb-nmx-minnst-2025-12-26,2025-12-26T21:30:00Z,2025-12-26T21:30:00Z,46057387741351405101467618572506222587481846397503150276396678936624442925907,0.475,0.8,0.47,1440,
0x5e8b77936c0d0b5626d9894da08f3aaf17a63cf6cc41d4342c16c560146d800c,cfb-flint-utsa-2025-12-26,2025-12-27T01:00:00Z,2025-12-27T01:00:00Z,178925314814709252934865034985519479719087761167923410416851097093631335803,0.305,0.8,0.335,1440,
0xdd433eb665a94d9e44eb6c7669ce222fbfe21a526cdddc299d2531824ea583d5,cfb-pitt-ecar-2025-12-27,2025-12-27T16:00:00Z,2025-12-27T16:00:00Z,87074544899839025509723463009949640218366202827254830886190679264468325864439,0.805,0.8,0.76,1438,0.195
0xee0a9008bc7cd8ca9cbb779dfedf1c7c3a818c0a8974edc9c667108d5942bbe3,cfb-pennst-clmsn-2025-12-27,2025-12-27T17:00:00Z,2025-12-27T17:00:00Z,91947349762840502046049376662109848275829778019829769222749603489817632546517,0.46,0.8,0.435,1438,
0x1b787318f1b1e314c126db6f6634a55982d777ac2a3ee5fe9418171bfda09d0b,cfb-uconn-army-2025-12-27,2025-12-27T19:15:00Z,2025-12-27T19:15:00Z,6054559537200871542562078320956024420742269159835974935655956932393708398718,0.265,0.8,0.265,1438,
0xae1bca95347afdb43c4f34f860b3e5b305abe6ae00451be7b9ccb946de297cb5,cfb-gtech-byu-2025-12-27,2025-12-27T20:30:00Z,2025-12-27T20:30:00Z,52719851306126494933676287585431693001585876362381286285502245314857578893901,0.385,0.8,0.375,1438,0.615
0xca476f0b362bfbf3b86d7a65be09d20b71f341dad57f95bc1bec4626f18a0dee,cfb-miaoh-frest-2025-12-27,2025-12-27T21:30:00Z,2025-12-27T21:30:00Z,35511696243235120869994934705225209861872242208478476851761153963773741350215,0.355,0.8,0.345,1438,
0x6a84be0c820e4eafcfd2227894c239cb600a4e8a0073e77cf67903ae015cc71e,nfl-hou-lac-2025-12-27,2025-12-27T21:30:00Z,2025-12-27T21:30:00Z,19165851215407134086264878404868477335229661577693324749321152643356423889292,0.485,0.8,0.475,1438,
0xdc492332092cfbf34abcd6b1ba105296b7dde36792ab9620409435027a40fb0f,cfb-ntx-sdst-2025-12-27,2025-12-27T22:45:00Z,2025-12-27T22:45:00Z,32622946986431365676595139276444997689935980963822863697797455000604023142392,0.705,0.9,0.685,1438,
0x0b9db1c7b693e2a477880af02ffe984180775dd3807c04102c7cc175dd35b5e1,cfb-vir-missr-2025-12-27,2025-12-28T00:30:00Z,2025-12-28T00:30:00Z,94328988810678090990813978133910062892656980374791329382241990387694561639683,0.375,0.8,0.375,1438,
0x6afffb701b4227dbd4c399523a0ea7b9169614ad168ba852dd832afc8caeee86,nfl-bal-gb-2025-12-27,2025-12-28T01:00:00Z,2025-12-28T01:00:00Z,94151132652556398897966832966820303807252393112229047465223828277052199339425,0.445,0.9,0.375,1438,
0xb028f44a46be5e396af42aef8a281179ca8157bd7d73af6fe5f8435188554d65,cfb-lsu-hou-2025-12-27,2025-12-28T02:15:00Z,2025-12-28T02:15:00Z,47656223969168062463686539381429858719940365710749380537055734213566362223678,0.485,0.8,0.495,1438,
0x2bbe918f885f7c4f36bdf7c2e12617c6b9412739411f2079d451cd3c76bfcc0f,nfl-ari-cin-2025-12-28,2025-12-28T18:00:00Z,2025-12-28T18:00:00Z,4561664786248714063966291905388461262511793539888945038478560425313526489957,0.255,0.8,0.255,1440,
0x7ff4d6d22663bf8a2b1bcc8ff8755e5cbe02853401770a41d94cfa8933e7cd05,nfl-jax-ind-2025-12-28,2025-12-28T18:00:00Z,2025-12-28T18:00:00Z,39938645296934007979224281788373256627702683313534167955171207047631445080333,0.665,0.8,0.705,1440,
0xa604f00e480c14d84558fdd0cde53d074b7088ad3906f3293de47bac4e84ca03,nfl-ne-nyj-2025-12-28,2025-12-28T18:00:00Z,2025-12-28T18:00:00Z,7754656670154736480064492233657899519262003866108928015722717350137458323600,0.865,0.8,0.885,1440,
0x91857a9b110571a0671bfe7eecd0fe2fad6f9a72f19a186ee194e8d79a7d0e2d,nfl-no-ten-2025-12-28,2025-12-28T18:00:00Z,2025-12-28T18:00:00Z,45813567957471427072856299100291372213226435992426783624528300972413900673845,0.515,0.9,0.575,1440,
0xc8573c0ad6b68fad53be3155a6b7d9ec9feb73ead2e687d6608e21db31fac060,nfl-pit-cle-2025-12-28,2025-12-28T18:00:00Z,2025-12-28T18:00:00Z,35319136772664460062830087652426115398301876519615722854872192862172221900693,0.665,0.8,0.625,1440,
0x54b2ed0354ae7892a806190d68601310f5d0e72dc30a256619a30d298bbd04bc,nfl-sea-car-2025-12-28,2025-12-28T18:00:00Z,2025-12-28T18:00:00Z,64013093567613707414633994709577004068935749409117838405922744930265081840794,0.735,0.8,0.745,1440,
0xe6453a6b4d324dbf466b2b487a8cae605efe1bb306781d6e20137a06e1d05629,nfl-tb-mia-2025-12-28,2025-12-28T18:00:00Z,2025-12-28T18:00:00Z,25116216635298768803669261366065620430627559256726049192563344119195592285669,0.685,0.8,0.695,1440,
0x8cb5903900be71bd747a87c038ba97f250900813035f19cbf71da366fac6c280,nfl-nyg-lv-2025-12-28,2025-12-28T21:05:00Z,2025-12-28T21:05:00Z,73918557025200502509758871521442098141094234730265102200780859356079067046938,0.585,0.8,0.575,1440,
0x1892e09a862f12c9b3488e14b3f4f87f3eb7fc92d2d8a6c4191337fb45c2d884,nfl-phi-buf-2025-12-28,2025-12-28T21:25:00Z,2025-12-28T21:25:00Z,19345410866584507430761466819893502483124174707649321463057873249136552237344,0.385,0.8,0.475,1440,
0x5543372edec0f4bd2a6d191a495b25dc69ed24f9c9d7018f73349e6683286ac9,nfl-chi-sf-2025-12-28,2025-12-29T01:20:00Z,2025-12-29T01:20:00Z,105725962544656434499219407707860987545196129466178717206445293046502222676953,0.335,0.8,0.375,1440,
0x3fe771c902edd6bd1e2c05415c49903ec107a5b553c9d8208be6182ee4f3c045,cfb-gas-applst-2025-12-29,2025-12-29T19:00:00Z,2025-12-29T19:00:00Z,32267266238972266179514404359080771333563487287228349520704095135237293133485,0.76,0.8,0.73,1440,
0x7261b06fc5515452b81b4831e158fd45730cfb56b650518af48a0393a99bbfae,nfl-la-atl-2025-12-29,2025-12-30T01:15:00Z,2025-12-30T01:15:00Z,26866600765305490078342430550218784410180356858805681175079156575407694444255,0.765,0.9,0.775,1440,
0x174d29a135ce164ab0721ca4ea0bad870caa202d12a0ae8358b398cf8bcb1e60,cfb-coast-loutch-2025-12-30,2025-12-30T19:00:00Z,2025-12-30T19:00:00Z,59497192578174637085932651648934857006854512927085614082848699108842511281077,0.235,0.8,0.235,1440,
0xb2fb7b609d963c87ca1cecefc28b6815fef48f9ba5f54715c6c36be21352a42d,cfb-tenn-ill-2025-12-30,2025-12-30T22:30:00Z,2025-12-30T22:30:00Z,60625065650620817384930371665125497218143274110337173947183526594430913669637,0.565,0.9,0.6,1440,
0xeffb4b076374698234b50e8625eaac98c91d1540b83c7e889e99528ca71f03d6,cfb-usc-tcu-2025-12-30,2025-12-31T02:00:00Z,2025-12-31T02:00:00Z,115189248250615777717696155580879616536906662821380645404039022015448614276408,0.645,0.9,0.685,1440,
0xd80d22805ec22f65da9774cb2cfeb93f7ade41257532c63b0dae91d863579d3e,cfb-iowa-vand-2025-12-31,2025-12-31T17:00:00Z,2025-12-31T17:00:00Z,92267671501180210743702694433483567703773482215170553346624643638864524744734,0.405,0.8,0.34,1440,
0x332d4c3d646e2f4972192e63f8ff48501b170d47448143053f350cc59cbff0a5,cfb-arzst-duke-2025-12-31,2025-12-31T19:00:00Z,2025-12-31T19:00:00Z,90558313150697211786612108429005438681392330772409078830230918017833920990379,0.375,0.9,0.405,1440,
0xfcee59fe269cc903807e9f7c8634129e3fcbb5e247ba5248b4308ae888e46377,cfb-mich-tx-2025-12-31,2025-12-31T20:00:00Z,2025-12-31T20:00:00Z,39053187391726741472173282715963770902665408665593205874669434642906700268714,0.385,0.8,0.28,1440,
0x6c443d4699d763c363902f525149dd03f4730c39cd15e59e11b56005dff2cc97,cfb-nebr-utah-2025-12-31,2025-12-31T20:30:00Z,2025-12-31T20:30:00Z,103223071735044707066617262075856762706769621511105968412133007993226500130705,0.185,0.8,0.17,1440,
0xbd3a3e46de3aab7d3180e1981269041dac35dc338029568e3d503d9ed51bf446,cfb-mia-ohiost-2025-12-31,2026-01-01T00:30:00Z,2026-01-01T00:30:00Z,99093432786402804880099032071467135852496600757661324561038671432812359584511,0.255,0.9,0.23,1440,
0x68730687766f5294a9840b6d3b7b57b8040d082dd69cffbcff899610decb8e17,cfb-ore-txtech-2026-01-01,2026-01-01T17:00:00Z,2026-01-01T17:00:00Z,63862073753649885935080463830589655254663805704506413296220636708425522392321,0.475,0.8,0.545,1440,
0x404fd3f6a231ab1dc3e949c4c544b94d911e0597d3a4eef5b581ff9336601b34,cfb-ala-ind-2026-01-01,2026-01-01T21:00:00Z,2026-01-01T21:00:00Z,55177338345205600810745478040444717610689274926726402515626371893009305876425,0.3,0.9,0.305,1440,
0x269b70d13789a587fde5b6482688ae5bb18c8de7e357ec5903c32948454ea849,cfb-miss-ga-2026-01-01,2026-01-02T01:00:00Z,2026-01-02T01:00:00Z,61495332530348640979262423024840451050068932850211347033029490398010647228646,0.335,0.9,0.315,1440,
0x3c382a44091aa95f4611a73cd251d6edac0b3d98899a5aa4c5492749967c29f0,cfb-rice-txst-2026-01-02,2026-01-02T18:00:00Z,2026-01-02T18:00:00Z,2496989497880639654630083825381378170853145119370896959770752752546886502816,0.115,0.8,0.155,1440,
0x719f5d496d9dde30d3a386da3a4ec565fb4f89228d50beb8775a3541f07b70e5,cfb-navy-cin-2026-01-02,2026-01-02T21:30:00Z,2026-01-02T21:30:00Z,45494792915421341866945968059472684108491459634464960566324332234888406099339,0.715,0.9,0.71,1440,
0x33dedb90825583bcd0630d4e75764a455e77ebad0f5a1cb1c90cfe4bf06d4024,cfb-arz-smu-2026-01-02,2026-01-03T01:00:00Z,2026-01-03T01:00:00Z,53845628170467849727244753154200273138445835023829331772213101438747921072231,0.445,0.8,0.505,1440,
0x36bf36e1f4f51efa58b32c1a361357ac1eb675c8106e036029340e833cfb91d2,cfb-wake-mspst-2026-01-02,2026-01-03T01:00:00Z,2026-01-03T01:00:00Z,92325149943416350494039632004568807197941710600406826937175361950822501421882,0.425,0.8,0.41,1440,
0xa6535047a0fef371d1d1b44693508960eef82c53db3e311df0ad5c6b650d810f,nfl-car-tb-2026-01-04,2026-01-03T21:30:00Z,2026-01-03T21:30:00Z,17446216351113598897508590865321199197538163775602961072950110472131448366659,0.395,0.8,0.415,1440,
0x386c70eb5b79e8d6b05bc371033387f0b9a5d93180429dfc6f13fc25dd526adb,nfl-sea-sf-2026-01-04,2026-01-04T01:00:00Z,2026-01-04T01:00:00Z,3251193480339149518799760386941085664745837536225926679336271787273714710544,0.585,0.7,0.565,1440,
0xa85e6384d70d6c4554933012b3706dc6be564da7457e86d6257a6dbff55de47a,nfl-cle-cin-2026-01-04,2026-01-04T18:00:00Z,2026-01-04T18:00:00Z,60947372318264967352868917681529573153371251395949004174223447794401205509887,0.215,0.9,0.235,1440,
0x1f2b0f9708a817126007ad267eaa626116a0187c4ae50ea99883e7d4ef7b7249,nfl-dal-nyg-2026-01-04,2026-01-04T18:00:00Z,2026-01-04T18:00:00Z,111846985470052196531467951040868616266262812222693515253124115913434768089552,0.625,0.8,0.635,1440,
0x26a2a6bda3dcda2750a7b022cb63350b23f1813c6da6ee1ef8f086539b5380b2,nfl-gb-min-2026-01-04,2026-01-04T18:00:00Z,2026-01-04T18:00:00Z,7258569089099615802570416096492748827728264134399307827141410253825926929061,0.165,0.8,0.205,1440,
0xd9882cb6645c3817dc4a7101661558d56e36d101433d8db8fac85730e01333e2,nfl-ind-hou-2026-01-04,2026-01-04T18:00:00Z,2026-01-04T18:00:00Z,45177643870803748796515279426055532043066104091938752519942436524213647928951,0.185,0.8,0.175,1440,
0xee5a2f40b80ea982b65d885d29176075c665ce2764b059b5cdcb7f5022d99f78,nfl-no-atl-2026-01-04,2026-01-04T18:00:00Z,2026-01-04T18:00:00Z,53341722503261201043278770235182944225785835463345892278810120398120864435914,0.335,0.8,0.365,1440,
0x74d786eb72f4de44cb39da160a401bcd1a7c390ae03963c1dc13565cc337b9f5,nfl-ten-jax-2026-01-04,2026-01-04T18:00:00Z,2026-01-04T18:00:00Z,47307422598437525577668215302269108720071812363841701572553050535457824846700,0.135,0.8,0.145,1440,
0xdaa4c05704bd2a091d3f68da5de24f4525e766a862084d33599c4a7a9cabff9d,nfl-ari-la-2026-01-04,2026-01-04T21:25:00Z,2026-01-04T21:25:00Z,97525673085033981087725580864624681716392472886095465812764603266731726809092,0.085,0.9,0.205,1440,
0x4f1d9ad2092d7a2feb4f10509f3c5800298f071e9272e87c41a5a672d3b0ba82,nfl-det-chi-2026-01-04,2026-01-04T21:25:00Z,2026-01-04T21:25:00Z,93672947659186859874055422162213690036444848388875252851692223140967843794529,0.395,0.8,0.385,1440,
0x7b718a0402aa0bb771e441d60402fef788a965c3a4b79d2de5fc053dc705cf45,nfl-kc-lv-2026-01-04,2026-01-04T21:25:00Z,2026-01-04T21:25:00Z,104465320832712806884160011396226605463701195471794239909251623428149610548879,0.635,0.8,0.705,1440,
0xa71983d3fd60496758d0da08c790b8720bf3eb4d5612b6f2df5d7f2ebb7a32f8,nfl-lac-den-2026-01-04,2026-01-04T21:25:00Z,2026-01-04T21:25:00Z,7482598770588443218130687790479363409635862639070829685442837700324872461741,0.115,0.8,0.125,1440,
0x5a6e1c5925817f6cf7b5fe1d0eda853afe80a345cd5ab54319d8c73c591f829d,nfl-mia-ne-2026-01-04,2026-01-04T21:25:00Z,2026-01-04T21:25:00Z,52863952500234158977619878673233964521761373737485144279602680616903544794268,0.115,0.8,0.155,1440,
0x51ce2667ff49e6ccbba8a60880073fbfcbef8596995ad7c4143d264d0393fd2b,nfl-nyj-buf-2026-01-04,2026-01-04T21:25:00Z,2026-01-04T21:25:00Z,33599794431256985137717081860310736391910759897788572397681012052294719097147,0.155,0.8,0.215,1440,
0x2c29b992f98bcfdb687312da18fbcfb76eec05886c9cb037043f480269a9a129,nfl-was-phi-2026-01-04,2026-01-04T21:25:00Z,2026-01-04T21:25:00Z,106202083554984928193446704029851596749874609420737952677334723406908090139822,0.365,0.8,0.345,1440,
0x6fe48420bd2c25a2594d158487b08fbc12edd080ff8c3823566bc49fdc2e5b5c,nfl-bal-pit-2026-01-04,2026-01-05T01:20:00Z,2026-01-05T01:20:00Z,77834831581587926934025403057448077020251583959061530049128478531169875186926,0.685,0.6,0.65,1440,
0x803ac6b12e576f42a2a6f531988a85bb0495f8d5f38eca633e091c4ee6e2f54a,cfb-mia-miss-2026-01-08,2026-01-09T00:30:00Z,2026-01-09T00:30:00Z,10226746494796346523415869012291123343856149390318484701370742211058837846242,0.615,0.8,0.605,1440,
0x99cc3bbbe311e157297c096850255c688c60c3b30eeeb9d673c67cfc0b49ed24,cfb-ore-ind-2026-01-09,2026-01-10T00:30:00Z,2026-01-10T00:30:00Z,9582457452124876970491702012602654966458667596959660948687161390487436717790,0.385,0.8,0.375,1440,
0x32102e4ab8969621cab85949c3c571b5008a4aa30d31022fa659d0ed287686a9,nfl-la-car-2026-01-10,2026-01-10T21:30:00Z,2026-01-10T21:30:00Z,78771016858683590931968399206043033368231163700315025308842883779104149970413,0.815,0.8,0.825,1440,
0x889771fe1ffdfa067c4493ae89a11e1d2cb2699b0bb048e00ce8ba10d27dad84,nfl-gb-chi-2026-01-10,2026-01-11T01:00:00Z,2026-01-11T01:00:00Z,16733339450778272272777651556206571354576285423443476742857616934917902333657,0.545,0.8,0.535,1440,
0x50d6d3fde46f4d141a22712e2a6f356edf8cdddff04242922e806a55ba97c2a8,nfl-buf-jax-2026-01-11,2026-01-11T18:00:00Z,2026-01-11T18:00:00Z,13956685932830942820984529200412542483017817009782056613417904667255563287990,0.455,0.8,0.485,1440,
0xfc15a3210a81303405a1f9b21c73f27dc647364a7e08bace4778e652b813a4de,nfl-sf-phi-2026-01-11,2026-01-11T21:30:00Z,2026-01-11T21:30:00Z,19456639306206928331619920342054672155247983775249082010370678263916515075229,0.315,0.8,0.305,1440,0.685
0xbbfeecdfdc7feeba06e18f21d13b250d0307bc34606796a8d47442618a19f4be,nfl-lac-ne-2026-01-11,2026-01-12T01:00:00Z,2026-01-12T01:00:00Z,90468297690119961729415596184451710609666058555177444095392763708049826586245,0.355,0.8,0.355,1440,
0xbfa2065aca0ad40d731bb8d249e14bbffd54a57fe5bbeb6b438f714bf7a564eb,nfl-hou-pit-2026-01-12,2026-01-13T01:15:00Z,2026-01-13T01:15:00Z,44094268848845008094631477565797455047653830288316821355090380872279581304983,0.595,0.8,0.585,1440,
0x746f66fb1859ce9f795b0bbe0b4fede7666bfe4de95b2aa280296b25f763deee,nfl-buf-den-2026-01-17,2026-01-17T21:30:00Z,2026-01-17T21:30:00Z,59971444048982820090749128753331211858318529324980291176754797725178535217659,0.465,0.8,0.475,1440,
0x0328fd8fc790c29ec43d59eebd58067431a901a92451c001b9b55f4377779da3,nfl-sf-sea-2026-01-17,2026-01-18T01:00:00Z,2026-01-18T01:00:00Z,70759975564091634685024506185235325851817607610247288413693878140706469440676,0.275,0.8,0.255,1440,
0x4195016305dc0e1b849be8f3a39721c57c9a2c9717b9a050abfd10014de03078,nfl-hou-ne-2026-01-18,2026-01-18T20:00:00Z,2026-01-18T20:00:00Z,2902055187984709817213626425979152143535006862959074584390262030341212359301,0.365,0.8,0.375,1440,
0xd08c51ab1dd3c9ea3ddaae80b06cc2aedf67f2609c52148a3465345bb1d6e49e,nfl-la-chi-2026-01-18,2026-01-18T23:30:00Z,2026-01-18T23:30:00Z,58992629418217336791150527105627726520951824426003479091735536985058036672428,0.655,0.8,0.645,1440,
0x15d93d47ffd15f0283d73fe25fc61964035250382647c7fcd40cc92bad2cf8d5,cfb-mia-ind-2026-01-19,2026-01-20T00:30:00Z,2026-01-20T00:30:00Z,6298732416107490713680335020449168539250319212303915046550831399984902858177,0.255,0.8,0.255,1440,
0x393557eaf4c3ec53cf4a341d12263914944220359b6f02b703109ce220257641,nfl-ne-den-2026-01-25,2026-01-25T20:00:00Z,2026-01-25T20:00:00Z,93940441597806605185863489141137222482434084554690688125580295758685733000625,0.655,0.8,0.665,1440,
0x0074ba8b521e1cb18ef3befdfa5e586a3d9c3b0aefae2eb2d80f99b1e594f7a1,nfl-la-sea-2026-01-25,2026-01-25T23:30:00Z,2026-01-25T23:30:00Z,80683675731510456248139626451349746383703996709618622135269487159056371210374,0.445,0.5,0.435,1440,
0x204d24f3a0f5dd5fca825292bdeab6a97af3978b2caa2b21bb37e610eddfff5d,nfl-sea-ne-2026-02-08,2026-02-08T23:30:00Z,2026-02-08T23:30:00Z,46434110155841033529384949983718980438706543876953886750286883506638610790525,0.675,0.6,0.68,1440,
0xd0733676277270d804b2c93701d476d85d62e1d0444369e62e9e38687fc8864f,nfl-car-ari-2026-08-07,2026-08-07T00:00:00Z,2026-08-07T00:00:00Z,18992083540333621115022838754921755816865264420999560551298175369768974493468,0.525,0.8,0.525,1440,
0xa7a6ac07563a4e9f54379001a717a5a86d3ce12f1cd6932b1ea29c1f4a79d24b,nfl-det-cin-2026-08-13,2026-08-13T23:00:00Z,2026-08-13T23:00:00Z,44600628271658202239338195340509893541218811059410971420532123708479502004220,0.305,0.6,0.295,1437,
0x11f7a7f4b47f3f1af8518b3632451503b2f6fa2fb2540dc6b576589ae6726b72,nfl-gb-pit-2026-08-13,2026-08-13T23:00:00Z,2026-08-13T23:00:00Z,33920412218731557373944495745550820840586918939645180132168351820914086448349,0.585,0.6,0.585,1436,
0x46f6c75e9f8c7e1fc82f23de712875820c12feda2e9e8033f67fa083f16237b6,nfl-ari-lv-2026-08-14,2026-08-14T00:00:00Z,2026-08-14T00:00:00Z,108094194501001304705293181617034629017855746533727401534818106796638364060805,0.385,0.8,0.455,1436,
0x23564459d47cb1ba3293d2815e21836c01e97185b16932b38ff1694361f3f109,nfl-lac-hou-2026-08-14,2026-08-14T00:00:00Z,2026-08-14T00:00:00Z,95823649500565728100151531613247459865319757572881947514268901774930742821330,0.505,0.8,0.465,1436,
0x59bc53c46bcc5b0e2726fb2c430d79ace93549881df1753362655f30edf184d9,nfl-ten-sf-2026-08-14,2026-08-14T01:00:00Z,2026-08-14T01:00:00Z,106051931098980376159070340448990504199467891330631271984373634751552157519128,0.705,0.8,0.665,1436,
0xfa981819b8e94c472dd1afd1bce5a7329d37088b7bd14d731c8e5b40a923595f,nfl-den-atl-2026-08-14,2026-08-14T23:00:00Z,2026-08-14T23:00:00Z,55017727703075656574304728393086703569110192519819838392925635078419198535509,0.595,0.8,0.65,1440,
0xc237f89d8e90d39f2706465db1778ea29b8fe02264df5e1d37c5aff4ae8ff5ba,nfl-mia-was-2026-08-14,2026-08-14T23:00:00Z,2026-08-14T23:00:00Z,31597090321052753792100691023853585187633201218054895123788978906984478469996,0.625,0.8,0.615,1440,
0x3732724749dcdb9f1966f406a3e859f67833f5e4ae3ff37b73b52c68286301a9,nfl-tb-nyj-2026-08-14,2026-08-14T23:00:00Z,2026-08-14T23:00:00Z,95228591417530608011449105902767382283083548486029062823656421435379482917625,0.335,0.8,0.295,1440,
0x40a6fcffaee663da4502aee6eb18210124fab8973916731d5f18aa4aa47dc453,nfl-car-buf-2026-08-15,2026-08-15T17:00:00Z,2026-08-15T17:00:00Z,885728952603691940683685823823164271159948542452518964406056581043185793349,0.435,0.7,0.405,1440,
0xf0699bfe01583f8ff081c9210b058be9e9c18e31e1c605f633e5503eb0fe7cb7,nfl-cle-chi-2026-08-15,2026-08-15T17:00:00Z,2026-08-15T17:00:00Z,65244658333721045144261135332883711884169543392350755705145947365231515846878,0.565,0.8,0.61,1440,
0xac7ee13217e8e0c5db83311a95c2e1dd405a56a4fb5d19fdf8821a1931f5e55b,nfl-min-nyg-2026-08-15,2026-08-15T17:00:00Z,2026-08-15T17:00:00Z,92830642614644135506367412900589612130782096377199529786236136413757815195460,0.535,0.7,0.565,1440,
0xec612df8afc54826a076791f804ca823f0f5d7b9f83875429b949f92b213baf0,nfl-jax-no-2026-08-15,2026-08-15T20:00:00Z,2026-08-15T20:00:00Z,40235182222817089233683345260248600807210558080145762201748969356333639889521,0.415,0.8,0.43,1440,
0x27194867945586a2bc6c0f4206762c93dcb4db4cc43cefa783082d7ba1b13dd7,nfl-la-kc-2026-08-15,2026-08-15T20:00:00Z,2026-08-15T20:00:00Z,112570256125431153827263505890075680288717919542698720698022367807051231906809,0.455,0.8,0.44,1440,
0xedf1408b852696f5d9c8b6d053532cc9bae26a3b3497bbb0479c1ea23355e31b,nfl-phi-bal-2026-08-15,2026-08-15T23:00:00Z,2026-08-15T23:00:00Z,33277537510248106380564675619606856499755106312115683750607871807410948178160,0.615,0.7,0.635,1440,
0x63aebfdc48252f554e97210d9768b04c7930a18559364f60b1d8ad41349add67,nfl-dal-sea-2026-08-16,2026-08-16T00:00:00Z,2026-08-16T00:00:00Z,49716324066054503117438230436051661798725202879540073054865193247302814625249,0.455,0.8,0.42,1440,
0x275041c00bde19ef86a3dc1036c204d1c9b8731d24228472966cd9006942fd4f,nfl-sea-dal-2026-08-16,2026-08-16T00:00:00Z,2026-08-16T00:00:00Z,82109971206186498387115640837468126189180588540807223650396237769784659331758,,,,0,
0xc016166a92698c0a45b9d7c7e97260cc9422b6ef806218e218134e45219c3728,nfl-lv-hou-2026-08-21,2026-08-21T00:00:00Z,2026-08-21T00:00:00Z,25343103206914717100105142389687697390978965773543429964604051199371112930776,0.545,0.8,0.525,1440,
0x19709c1bd74678c16a74a7037dd395335c0deec8ccde02986d0b07d13dfb0add,nfl-sf-lac-2026-08-21,2026-08-21T02:00:00Z,2026-08-21T02:00:00Z,18093420714602346096421805228011239772890374742065753006602332474470662552258,0.445,0.8,0.52,1440,
0xff0c4d0020c57e30cbeb782ec71046b7b4407814d2a8ae4a0fe01686e0475efb,nfl-nyj-pit-2026-08-21,2026-08-21T23:00:00Z,2026-08-21T23:00:00Z,46394153314875317632683501492632415124527169125313795204131092597408489142222,0.435,0.8,0.535,1440,
0x9e7305a1f44489eef9e70149dfd664891c5a9b68f6bef49bd8a446cdeffded1d,nfl-car-jax-2026-08-21,2026-08-21T23:30:00Z,2026-08-21T23:30:00Z,20653598180180984750471022543534528684296877682152364864477671082137881079808,0.555,0.8,0.535,1440,
0x648e60b83ef5700f1601d29dcaa1a1963e3884c26e54a842c01a9ffb510b174b,nfl-gb-den-2026-08-22,2026-08-22T01:00:00Z,2026-08-22T01:00:00Z,12880461512894222583267622785681535951154940955559526745095570481707119742641,0.295,0.8,0.31,1440,
0xbf43c995769602717931615ca5c1934213432e89ddc7c2546b28b9c360228a40,nfl-was-det-2026-08-22,2026-08-22T16:00:00Z,2026-08-22T16:00:00Z,68716665538892942905035705753952526563510874816122202857659699327735734771906,0.485,0.8,0.48,1440,
0x61ae4aca98fef666809e6455dba9ab82274bd983154604dded40178d2d4bed74,nfl-atl-ind-2026-08-22,2026-08-22T17:00:00Z,2026-08-22T17:00:00Z,72086907778409618153199737347911059218165350243685920312735719821497300163675,0.385,0.8,0.355,1440,
0x1a4b520d1036ecbcfcb00fe3a53e89b8b0b2701efdaa97ce4db5cf7d4ef85188,nfl-bal-min-2026-08-22,2026-08-22T17:00:00Z,2026-08-22T17:00:00Z,89075270677567208521331893199303080039243602322291505902494315582009016069785,0.435,0.8,0.395,1440,
0xb976e960280af803c08fc12778795bdebbe917d746ecc3a1b2c30d943a04db7c,nfl-buf-cle-2026-08-22,2026-08-22T17:00:00Z,2026-08-22T17:00:00Z,104426318046390350175232703147044192064317698084131838814905978440041157292835,0.435,0.8,0.415,1440,
0x09e3976edc0e8ed4f1bfeb54069cab9e86c326ac314763fbcb9f30027b6f0842,nfl-no-la-2026-08-22,2026-08-22T20:00:00Z,2026-08-22T20:00:00Z,46041863305366036361315522877216320499196063241784167032232511591187676753158,0.515,0.6,0.515,1440,
0x57d7dafb476afbfdb611fb322e89920ccf881ed5781dcefceb0f940b86577046,nfl-nyg-mia-2026-08-22,2026-08-22T20:00:00Z,2026-08-22T20:00:00Z,23598668388884958341761110847816173037046827628462637773634039736445366547850,0.625,0.6,0.6,1440,
0xb9df2fa1de09a39e05cd1f40acc99fc369c260bbbc8de5ab1859268bad4bb3a0,nfl-chi-cin-2026-08-22,2026-08-22T23:00:00Z,2026-08-22T23:00:00Z,26445817544828627113158446108759058983772768003868186374464310158786622529970,0.625,0.8,0.535,1440,0.375
0x0721f8701f61a1b563634b4e0af8baaabd1ff8993dcd8edaaffc3e211dfad50a,nfl-phi-ne-2026-08-22,2026-08-22T23:00:00Z,2026-08-22T23:00:00Z,110084369456046540058069076103037677447515466844202862656486642564539831316303,0.535,0.8,0.535,1440,
0x6ab2df9faee704e976f5a4fa473d7cfb7556375b5b368bc7f4d3adfe3d668c6c,nfl-kc-tb-2026-08-22,2026-08-22T23:30:00Z,2026-08-22T23:30:00Z,42985133261638136354723301562055473564483817396734681747919797623009802210861,0.365,0.8,0.31,1440,
0xac3d2326e387c2306d63c323535f2a593dca0389c04d9f920e517c9accc5f081,nfl-dal-ari-2026-08-23,2026-08-23T02:00:00Z,2026-08-23T02:00:00Z,49716663916774436361106545230741412621770026809462154076404259837350448045951,0.575,0.8,0.495,1440,
0x7c83e1f889ddaf02b9e41091d1902f20a5f1f93cac9e04ad8f8451a889278aa3,nfl-sea-ten-2026-08-24,2026-08-24T00:00:00Z,2026-08-24T00:00:00Z,104161146773648511747141021722354520307678859566504855328541982218563417226695,0.435,0.8,0.345,1440,
0x58256c6383f76a48477f5f4d9a07303edc5c34e17c7d3766253a728c1f42ffb3,cfb-maine-tows-2026-08-27,2026-08-27T22:00:00Z,2026-08-27T22:00:00Z,87605812840676069947309851173253596489058598462092555016276766038506013278041,0.445,0.8,0.375,1440,
0xe0f73e78b19bd6ba971513327f0f3ae3839cd8d920b108301917d5928c5048b9,cfb-mhud34ce7-yngst-2026-08-27,2026-08-27T22:00:00Z,2026-08-27T22:00:00Z,32863808485767931442654229743061167804800293290307084342056830567966183573851,0.0395,0.8,0.05,1441,
0xf34fddb0643c4f8bcfe2fdc83ac9ece1dc9946689ba06a4f805a666ae30c9033,cfb-ohdu-more-2026-08-27,2026-08-27T22:00:00Z,2026-08-27T22:00:00Z,59950484729499809682124861662511888747880998062094632359566759577455420084329,0.19,0.8,0.46,1441,
0x789148ad1d0b4eb72de71d7686e08633713dfdba0babcba7a4de2e6f91121f0b,cfb-stbr-delst-2026-08-27,2026-08-27T22:00:00Z,2026-08-27T22:00:00Z,39747209775594062768078437934690224608719567487959399780554324896571351793313,0.645,0.8,0.66,1441,
0xfce9e19e7b86f3c0f7d53ee55a7ef77de78302f01695e1b298fbcd35b02505fb,cfb-ausc-furman-2026-08-27,2026-08-27T23:00:00Z,2026-08-27T23:00:00Z,37658682887092943083938026827910936397862836884488769257840784479301341747845,0.038,0.8,0.49,1441,
0x1937a2d084a1f51bcbce57a3b26181ed5785011c78de5b73fe5de40bb81a3e8b,cfb-chat-uwg-2026-08-27,2026-08-27T23:00:00Z,2026-08-27T23:00:00Z,54690024500404541485390496909667193927441914829764428729879747688472184576266,0.59,0.8,0.53,1440,
0xfc31ba621bcdd7aea6be1b8807c81bd3d663ce06473d3fe177c31c743dae62d6,cfb-chsou-jac-2026-08-27,2026-08-27T23:00:00Z,2026-08-27T23:00:00Z,10461992073056531892874886373340194365150354675067444860965376380513649988733,0.28,0.8,0.2,1441,
0xbb9a38660f520c5f50f738e19c39f06be22923c8e7c9c528c37d1c3b4c2a060d,cfb-cuwv-dav-2026-08-27,2026-08-27T23:00:00Z,2026-08-27T23:00:00Z,96279013337161578430597442461748582891176536626922347059826433306416210280083,0.16,0.8,0.495,1441,
0xfa38c8c0e7404aec156c197e3573867877cdc0028de8afc51a031a875ea502a4,cfb-eill-murst-2026-08-27,2026-08-27T23:00:00Z,2026-08-27T23:00:00Z,109754204360642208716371717974875611082726281108942380196259253697000455696734,0.36,0.7,0.445,1440,
0xd50fd48352236429c41d8ab85b979f0cb6a949763e2cd5cdbebf3e38bb89114c,cfb-gardwb-ausp-2026-08-27,2026-08-27T23:00:00Z,2026-08-27T23:00:00Z,62862979626449161356484897842467245585829839221740865944839489296235291890387,0.13,0.8,0.145,1440,
0x7ad89ec701327b96d99323c9c44df60caa723c51914713f638da0e6ee04ea947,cfb-gsc-elon-2026-08-27,2026-08-27T23:00:00Z,2026-08-27T23:00:00Z,13295531154412379289046193467326242403594200166797449721775243081134649730754,0.02,0.8,0.22,1441,
0xbbee10408705c6ff81ffa87ab47689487d3405b051cea355289d2992612681b4,cfb-houbap-selou-2026-08-27,2026-08-27T23:00:00Z,2026-08-27T23:00:00Z,29630403155824231696952956997819564069594334166737586645219397845272312093469,0.0415,0.8,0.043,1441,
0x5b4521f4a1c6db102f7da2b61ea01cc6c9b2320f3675c62ef7b9f9498acd97e7,cfb-msvlst-nichls-2026-08-27,2026-08-27T23:00:00Z,2026-08-27T23:00:00Z,21276321616652259589518666998124752555592374190179659425464660188160042689585,0.028,0.8,0.485,1441,
0xad98e103ad937e1e42f9844b612cca38834d0f27b8463de66bb3a9670a4b1624,cfb-nwia-will-2026-08-27,2026-08-27T23:00:00Z,2026-08-27T23:00:00Z,40603359838695465792548559252182829874288770988082141076264131914687049691571,0.375,0.8,0.5,1441,
0x810193bbf727270c73ca608e0b88c798adcde72bf48cdafb020a4d560a374d9b,cfb-sill-uwfl-2026-08-27,2026-08-27T23:00:00Z,2026-08-27T23:00:00Z,51752111576826766094008933016335205321756913695421830609258739224655834453699,0.845,0.8,0.88,1441,
0x16135065fbfddf31cb77a33f55efa5d5a7f50e4182f077559543e165b0911797,cfb-uvaw-presb-2026-08-27,2026-08-27T23:00:00Z,2026-08-27T23:00:00Z,36956240313657574661263553939254723801361787252764038262276794363392802041015,0.04,0.8,0.485,1441,
0xae8e260cbdac4020f57fee150b938275e5252475a04a59bc68309383153f393b,cfb-wsuf2ef8b-stmn-2026-08-27,2026-08-27T23:00:00Z,2026-08-27T23:00:00Z,80638012737431976942022388703293806312248366216787270265970478108450017664853,0.065,0.8,0.46,1441,
0xa87886110df3cfa99b3ced07da5424a5115e4100461e70580e0d4721ab4bf21e,nfl-pit-buf-2026-08-27,2026-08-27T23:00:00Z,2026-08-27T23:00:00Z,19499147683205351271234694731847615383651567227446293574860244716773856445524,0.465,0.8,0.42,1440,
0xe7ded3a548df1ff231804ce33df9df6fe38fa679c4c76b4fda347db63d914f66,cfb-cark-tmrt-2026-08-27,2026-08-27T23:30:00Z,2026-08-27T23:30:00Z,64698746555771553660808069329979910505534427943846152519111855873293187719992,0.445,0.7,0.485,1439,
0x244d6de821ca01bc821cbf1a8b52ae63536aa3ce8273c454ddd94fcad89f795c,cfb-sdsmt-drake-2026-08-27,2026-08-27T23:30:00Z,2026-08-27T23:30:00Z,39016039588336005605922108553889237906030919141709245780139549481607893604949,0.0405,0.8,0.485,1439,
0xb518b01f51fb5bc26e3bf632860e8ec950f7c3b74f5483012d9230ade2d5c04f,cfb-lcdbfc25-nwst-2026-08-27,2026-08-28T00:00:00Z,2026-08-28T00:00:00Z,95962917784688212028122925244039850477074707770621360685027933012160723237235,0.15,0.8,0.5,1439,
0x4f7f6d362d24de5ab99c444a4246983d2b3443234f8a254ccc8e553c9e9289bb,cfb-liub-ndak-2026-08-27,2026-08-28T00:00:00Z,2026-08-28T00:00:00Z,55311662995282116636113882709083489295705614694512015111785402985794047502037,0.023,0.8,0.045,1440,
0x0bfee8a6270c5c25495312b2aede11f3bcb5657647c562739ca097ae20132c54,nfl-ne-cle-2026-08-28,2026-08-28T00:00:00Z,2026-08-28T00:00:00Z,106504207621194867849115049591567529977277453821104010260451373780251237707053,0.565,0.8,0.565,1440,
0xc2c2b58b5c2f091aa57cb802990c0fea28c137a16c2eea768c03148f4e5edc76,nfl-sf-lv-2026-08-28,2026-08-28T00:00:00Z,2026-08-28T00:00:00Z,56328368174696342357258002969081710848006049392947177358925647511980360518302,0.375,0.8,0.395,1440,
0x1a7a1c64e0252b17f609aa98cbb29be849e3e49cdd58092fe9b07194356451ea,nfl-la-lac-2026-08-28,2026-08-28T02:00:00Z,2026-08-28T02:00:00Z,44589327987867081632262782458272502977604136943834635273756181494729650603196,0.405,0.8,0.385,1440,
0x1e2a5cc3461827ff8edee933aab230dcfe4c0c886cb48d158b8bb9056b02a6a6,cfb-colg-fordm-2026-08-28,2026-08-28T22:00:00Z,2026-08-28T22:00:00Z,82590830095820398576719837757377944640874204804748520184779458208548942914896,0.725,0.5,0.76,1435,
0x67aa457052e19625c0a1a372d4135681b0496931ad1f23bd7ca65eab54cd9a22,cfb-mrst-nhc-2026-08-28,2026-08-28T22:00:00Z,2026-08-28T22:00:00Z,17006446273570120972455001327893819940284427365576208158600183795136977918646,0.44,0.6,0.5,1435,
0xa75441ebd5dfcdfde3a9e5ab98c85f4d083d1950de3f1cc814b31ba4ab352bbb,cfb-ri-merri-2026-08-28,2026-08-28T22:00:00Z,2026-08-28T22:00:00Z,21598003131246360993807607522076357477318789258784656418498911077258476658671,0.91,0.6,0.895,1435,
0x792efc5daac9b395959a1cb23bf741bbc85b7a4fa706fb3bd339dad517464bfa,cfb-wm-vill-2026-08-28,2026-08-28T22:00:00Z,2026-08-28T22:00:00Z,11290423228649712370353942885709255662439605786346324066696460923667118503693,0.165,0.6,0.175,1435,
0xc8fb0816df52cc0dd7918874a919459a75c0e321d1c169d8cc47462e55b37c08,nfl-was-bal-2026-08-28,2026-08-28T22:00:00Z,2026-08-28T22:00:00Z,37094924243641082133099629088462100000051318529350097313492964669509185229418,0.355,0.6,0.405,1435,
0x33f43e00d2fc7e2ba3fc08ce9f233507a19f6ac6b2752a4937985048e6e71bb8,cfb-nhamp-albny-2026-08-28,2026-08-28T23:00:00Z,2026-08-28T23:00:00Z,16194768548451611101580162625902763369039274691362886007905900178036564284605,0.765,0.8,0.62,1435,
0x03332a73f83bbe3df7a22c467227043bc12fbdc3c24eeb7f8b84b55f39c2dfa3,nfl-atl-mia-2026-08-28,2026-08-28T23:00:00Z,2026-08-28T23:00:00Z,79822800100074363147122379773395365301692673550103728264359141377160627143539,0.695,0.8,0.645,1435,
0x15186857a3f0a6147cc47568e6ae353c2d424111241433cb61e1756029bef617,nfl-hou-car-2026-08-28,2026-08-28T23:00:00Z,2026-08-28T23:00:00Z,41162274487189183078529535598812789832704288103990877360392661966941782880160,0.515,0.8,0.505,1435,0.485
0xe8ade7eb152483d3b4dd93be6b840e5abb34a95910a46c85b540480b798eef84,nfl-nyg-nyj-2026-08-28,2026-08-28T23:30:00Z,2026-08-28T23:30:00Z,45567697643224216526888967288753432522486259071971371074075941695658396607811,0.555,0.8,0.595,1436,
0xbfb02fdf68291aa308e9a74c111022712a5dacffc6cf8e6a71eb5f2d5166b1e0,nfl-tb-jax-2026-08-28,2026-08-28T23:30:00Z,2026-08-28T23:30:00Z,96767081056160585964046256575481256270401591007458212592352163541529325294039,0.615,0.8,0.59,1436,
0xb12bfb4775a93606b9c6898e10c0cddc29f95341f98638ffbe97daedd4968f63,nfl-ari-gb-2026-08-29,2026-08-29T00:00:00Z,2026-08-29T00:00:00Z,17401682145951972276176980299747746513843717292115605541919500748470977163683,0.505,0.8,0.49,1436,
0x97dd6a3fe08f307653c7212990282baf4c0bff301f8651e223c3ab72895b095e,nfl-cin-phi-2026-08-29,2026-08-29T00:00:00Z,2026-08-29T00:00:00Z,22396515432062954909372654357828351819739862559089214837778195370296057844136,0.405,0.8,0.43,1436,0.595
0x39026367bd984abc985995b590665c4d6ba4f7e2f5af1b5ba094b0798bedd0c2,nfl-no-dal-2026-08-29,2026-08-29T00:00:00Z,2026-08-29T00:00:00Z,96157165423780922035104571986100253071197114893085363564591149359043530689815,0.365,0.8,0.425,1436,
0x7b98833f2af6f13053026ae9edbcd89ce3dcb8f85dd24fb587b8056e8d637300,cfb-webst-ncol-2026-08-28,2026-08-29T01:00:00Z,2026-08-29T01:00:00Z,31717860605063122363516917534643963090307195817320193549586953168081274311762,0.42,0.8,0.41,1436,0.58
0x64473c1b05bbb70d08e16dca0ed9a805e22de9579b4e07927637bc5b320afb1f,nfl-min-den-2026-08-29,2026-08-29T01:00:00Z,2026-08-29T01:00:00Z,39312738519019461618792309435583641212257462233260960480750733894042169002407,0.335,0.8,0.365,1436,
0x1c011b6c49a65da45de1e81c2eab13ef3543351e19b507db339a577b16267264,cfb-idaho-calpol-2026-08-28,2026-08-29T02:00:00Z,2026-08-29T02:00:00Z,28979963452529581834864385774731287928399066775049518928505278739386784767295,0.655,0.8,0.62,1436,
0x3f1fbb6e9ad564f9536bcb87d54c8be2fb14f9250950a423637ca1616cd97883,cfb-fairs-day-2026-08-29,2026-08-29T16:00:00Z,2026-08-29T16:00:00Z,49346008248408729205935497996602206143832250675416753048933438947479640474719,0.535,0.8,0.495,1440,
0xa560f49e1916d628364008ee3d4969fec3527dc86b79183b1dbe1e34dbda23d9,cfb-ncar-tcu-2026-08-29,2026-08-29T16:00:00Z,2026-08-29T16:00:00Z,45421810061547121249345277165300482478701757842413151787825999699546437896518,0.265,0.8,0.25,1440,
0x49832260717bb76cbc9f931de8518e2529a51756df18ccf38cf8b5d2619ff444,cfb-robms-wag-2026-08-29,2026-08-29T16:00:00Z,2026-08-29T16:00:00Z,68410309408184981997122170749492609600944291949114663291126988725638215441545,0.335,0.8,0.335,1440,
0x300d072fffe1cd71cb111563697cab910dc82065547b7a1eafdada48a391db0b,cfb-gcba4009-but-2026-08-29,2026-08-29T17:00:00Z,2026-08-29T17:00:00Z,62104138945232071181846000984603959351207824287318363304656853172340887362498,0.16,0.8,0.5,1440,
0x54b25daf6d485412067bbc6961dc9173e6ef6cc15bb54cb0d9a8a97f106162e2,cfb-roos-chs-2026-08-29,2026-08-29T17:00:00Z,2026-08-29T17:00:00Z,5182893062154367598408419642170671056154115008325333571984302451037534322019,0.525,0.8,0.51,1440,
0xe4b46d681cddef8680477c4ce373b4348d6b38aefbedfccd0c427d03c817d176,nfl-det-ind-2026-08-29,2026-08-29T17:00:00Z,2026-08-29T17:00:00Z,92612113269922041235095595539187641831548426975105237595109566722384453255104,0.455,0.8,0.37,1440,0.545
0x48def4c9536126e362accc03220a43050540581cba3a0691c32b579aa6fa1f5d,cfb-cencon-sdak-2026-08-29,2026-08-29T18:00:00Z,2026-08-29T18:00:00Z,44518528320009541361458660755179876395699221636256640075787340102147879997279,0.065,0.8,0.055,1440,
0x8a70cce2146603914bb4b6216e6f62e9b5b1d4585916d996e78e7241abeed5ae,cfb-lawt-valp-2026-08-29,2026-08-29T18:00:00Z,2026-08-29T18:00:00Z,25679602881494963703589763541593245209782233875490688485387859923298340610841,0.06,0.8,0.045,1440,
0x1d8cb82afa530a577e4d00508baeefc8e228c201b4de5910eedb05d3a6f9ffdc,cfb-sjst-usc-2026-08-29,2026-08-29T19:00:00Z,2026-08-29T19:00:00Z,22737263128736483597893759612962651035942421021475525899176632832849769819546,0.008,0.8,0.0175,1440,
0x6e4b55143095a34d5e798af410fe80db1c04326ddb532ab43510ee5a39d7ab4e,cfb-south-alast-2026-08-29,2026-08-29T19:00:00Z,2026-08-29T19:00:00Z,83495295836337471141631797050137688486631824203529692876427577079225650676946,0.105,0.8,0.255,1440,
0x57b57be43cbf63fc66c5c202d8d7bcc42c1c4a32ddc7c2f6291bb4a4b29c3d17,cfb-ucdv-portst-2026-08-29,2026-08-29T19:00:00Z,2026-08-29T19:00:00Z,23509818523473436793268093851227792704214512965650454248216064751845968513955,0.955,0.8,0.945,1440,
0x06d8b4f8a0410eb11dc53fa7e44f6850b82d6eb37ec787291e7019ecda6bd038,cfb-lehi-holy-2026-08-29,2026-08-29T19:30:00Z,2026-08-29T19:30:00Z,37818732536358618069707378489813998262494397485048812046334306581139202634140,0.83,0.8,0.855,1440,
0x3dfdff95840af493565cc3301a4cc624fa6e77468758352c917c8837cded4357,cfb-ncst-vir-2026-08-29,2026-08-29T19:30:00Z,2026-08-29T19:30:00Z,90045159114989329541998478861559204115472294766214328503944339274041050946995,0.375,0.8,0.38,1440,
0x484e2c0378eb7981a76d3f1706b46d2753afd953cddb243e2f52ce97d6dd2b7e,cfb-ewash-narz-2026-08-29,2026-08-29T21:00:00Z,2026-08-29T21:00:00Z,47842929656923426847573009983790452749476398089303517797022214210114595757624,0.34,0.8,0.39,1440,
0xeb2a52611167f8300de0f7796927d012a1e2615d9f2e01c475f78c5571307e5f,cfb-camp-etnst-2026-08-29,2026-08-29T21:30:00Z,2026-08-29T21:30:00Z,11522389343277953818889840962572529938285580762663231209861987838731489619496,0.305,0.6,0.3,1440,
0x78d124d8107ee388a951364e9844e9456f8f090ec7208044670e069e5e85ec4c,cfb-jaxst-ndkst-2026-08-29,2026-08-29T21:30:00Z,2026-08-29T21:30:00Z,35038960291606941071932802953676654629037538972724800174732295683577393051630,0.285,0.6,0.295,1440,
0x5362338de35192b86b9392ce6eddc66c80ef527c498e94e4a12732355b06d4e6,cfb-bryant-stnh-2026-08-29,2026-08-29T22:00:00Z,2026-08-29T22:00:00Z,79431144254749778648047181116196891949692706373835824440993957934695161551622,0.6,0.8,0.635,1440,
0xd1d7bfc454cb6281c5383aff6d053e6ddb1e71a8f6f8d402ca689e667366a467,cfb-buck-rich-2026-08-29,2026-08-29T22:00:00Z,2026-08-29T22:00:00Z,36594599303682338715694008159173716629433500708316394159555117904553724815502,0.205,0.8,0.195,1440,
0x2e3adf71ffcc196e80f70eaf61187ab8b5296382ad7b0117cc062db97106e187,cfb-cita-woff-2026-08-29,2026-08-29T22:00:00Z,2026-08-29T22:00:00Z,107211947290739217553316429737300354772264504230314409491043805143660010773498,0.26,0.8,0.24,1440,
0x1ba19015ba49e96cff5a3ab37b068c890ae88abad959e25c816e7b537fcbf8e3,cfb-morgst-ncat-2026-08-29,2026-08-29T22:00:00Z,2026-08-29T22:00:00Z,11928584806865790150459457656748916239903950020224951061989851502949128482167,0.69,0.8,0.76,1440,
0xf6425ba3d033dc9c8f9be32a35a5fd692e1c3076c8e29f855609eee8e17da9e6,cfb-savst-scarst-2026-08-29,2026-08-29T22:00:00Z,2026-08-29T22:00:00Z,81704450921111249733680969566177864079016790226403247031803801270213998181544,0.013,0.8,0.2585,1440,
0x6aeee661a762644b0bc5f680a07f7ad52c0179e36198f4cc001de9bcede9ab98,cfb-semst-indst-2026-08-29,2026-08-29T22:00:00Z,2026-08-29T22:00:00Z,55880226472187812774674336232050728700495913695976179581007737464401478210577,0.425,0.8,0.455,1440,
0x44a725af330242180a68974b7cd7442c520b3adeb6b85dc5bcf7161f9d9cae01,cfb-vamil-idhst-2026-08-29,2026-08-29T22:00:00Z,2026-08-29T22:00:00Z,47665460664619327570328847750834150876914970878557535765390213118225803148296,0.0245,0.8,0.3865,1440,
0xdd1b568fb8bf150afc608fc4d1e4c9f1662ab32e9860b613457a6ffb57dbc346,cfb-vlb-hamp-2026-08-29,2026-08-29T22:00:00Z,2026-08-29T22:00:00Z,65022601264312108663413559098968696764623253441919457945859474425406333731716,0.0105,0.8,0.0185,1440,
0xf0e5f1f0d8a19ab0267ceb85a2e4a03e212f4c206fb79b9982ec81631f2f91cf,cfb-wssu-norfst-2026-08-29,2026-08-29T22:00:00Z,2026-08-29T22:00:00Z,111631546872927264909711101904375456570101113894460849352199147792427226300163,0.175,0.8,0.3,1440,
0xa24b55990354cbcd185050d5f8c2086c84632315fff70e09f4351a1b1771b6fd,nfl-chi-ten-2026-08-29,2026-08-29T22:00:00Z,2026-08-29T22:00:00Z,99649113931594624965427167850929573561233558173441075029537721620044913480723,0.525,0.8,0.415,1440,
0x7cf4c47aabdf3dadf9d9ce1ca3177616bc3e1c09429832e41c2eada908ec4a39,cfb-sacst-emich-2026-08-29,2026-08-29T22:30:00Z,2026-08-29T22:30:00Z,5568141294929300533798714071511145749707090685503392121643028955884061424652,0.245,0.8,0.24,1440,
0x1a1e4ed4e22979b93739e05a3f45b3ebde3169955a51d69d4e9d6f13c8a21042,cfb-abchr-lamar-2026-08-29,2026-08-29T23:00:00Z,2026-08-29T23:00:00Z,40935122420300267259510100199142620441699916601573962734718496639969399972703,0.685,0.8,0.7,1440,
0xfed29421e14bc33c765712abe571d02d25d4b8d8a32a21d200bebdc7b073a794,cfb-alsu-flam-2026-08-29,2026-08-29T23:00:00Z,2026-08-29T23:00:00Z,60990181487138794036575745531856408253411185432983435814758987080413601511785,0.19,0.8,0.45,1440,
0x8827eb316260225495158449f9300db259d0e5f3afa063d5d79d0a1df99776ab,cfb-cau-grmbst-2026-08-29,2026-08-29T23:00:00Z,2026-08-29T23:00:00Z,53695259468357364716377353515355259967237705220916919411924976074309481239951,0.055,0.8,0.4,1440,
0x29b513b2f8c60c0ea887348ba7e73e484ffa31c9cf2347b94011df54626c0d23,cfb-ekent-wcar-2026-08-29,2026-08-29T23:00:00Z,2026-08-29T23:00:00Z,43690653800028590657874581693090468766260419107840308999513727703576055108087,0.425,0.8,0.375,1440,
0xc5938dc2da17f93c25159c8e1a45499f4ec64d26e98e981acf384b37e598c53e,cfb-hawaii-stan-2026-08-29,2026-08-29T23:00:00Z,2026-08-29T23:00:00Z,23418677188572957981313483792594023437757790805995643477307490546834649758234,0.355,0.8,0.365,1440,
0x54063f477cd834697dd8035709c589ef77bb4582369561a021904eab6c835800,cfb-mc-arpb-2026-08-29,2026-08-29T23:00:00Z,2026-08-29T23:00:00Z,25403170972018183326824978118678035661837588981339406783370896980163249196271,0.295,0.8,0.36,1440,
0x5240d63dd2b2c5e9988630d51ddb32da3f0890374d5abdab2f326a443c31e1d4,cfb-miles-alcst-2026-08-29,2026-08-29T23:00:00Z,2026-08-29T23:00:00Z,27726790616261862747171452433028760336857520851597891106901483679572370469658,0.21,0.8,0.5,1440,
0xadd220d9db553155abae78ea93bc7b3b111edc9ab909a0b4daa125c141fefb9e,cfb-monm-tentch-2026-08-29,2026-08-29T23:00:00Z,2026-08-29T23:00:00Z,81921237668528201753610343285892995844185139453794906204382022671067698507685,0.28,0.8,0.255,1440,
0x9d7608c26db1c8c0eaab0702c9dfd07962128a0c9cbc2cb73db0c24dfee9153b,cfb-ncc-txs-2026-08-29,2026-08-29T23:00:00Z,2026-08-29T23:00:00Z,98460271689538014633236806413847632378997024115603136126947499064571575584519,0.77,0.8,0.785,1440,
0x284a560ef43e39a7af9a8b8cd5016d8dd6ad7c3248c6febccd654428bc645882,cfb-nmxst-flst-2026-08-29,2026-08-29T23:00:00Z,2026-08-29T23:00:00Z,61840652896819826561418665403282800876895623916774852738178918064077346518317,0.024,0.8,0.021,1440,0.976
0xc87221eeb843e43224d7e7193739f72aabbb8dcd54fbef2496ae76291b6e0554,cfb-opsu-incar-2026-08-29,2026-08-29T23:00:00Z,2026-08-29T23:00:00Z,109924427865888988148756226963845439084413565891878771883004399033106029997908,0.0045,0.8,0.2765,1440,0.9955
0x91a8d505b4a5004f786ed78f1c1d8aca2c77524d3565b208ecac9c0d4bd32d01,cfb-samf-nal-2026-08-29,2026-08-29T23:00:00Z,2026-08-29T23:00:00Z,84428984924039271336848109296170517821798960211801361640141215315024953132323,0.3,0.8,0.245,1440,
0xfd8e4eeb0c2f588017ac4be6761eeb76788f210c4021802f0a354a13d3cc39f0,cfb-sfaus-mcnst-2026-08-29,2026-08-29T23:00:00Z,2026-08-29T23:00:00Z,24857997619640871754138874785026627348868178244160823170556844960376534329534,0.79,0.8,0.82,1440,
0xce0ff41edb034be49514405ad5647a8fe178b775bae0e33ed511dcf61e5dfe10,cfb-sfil-illst-2026-08-29,2026-08-29T23:00:00Z,2026-08-29T23:00:00Z,111028342445566469721660088453678590711957463994428536788501861581295945645494,0.005,0.8,0.012,1440,0.995
0xbf2cb2a500b1be93c6c8fa5bb3aab64202ff4208732bcd276ffb12af07988159,cfb-stet-sdkst-2026-08-29,2026-08-29T23:00:00Z,2026-08-29T23:00:00Z,13931758298630074086101941580782701304546708103962253371178306209998297192901,0.001,0.8,0.005,1440,
0xf992e6a4264617b57c3017bc1b1ea6c99981407cc2333333c0557984b651bf41,cfb-txamc-merc-2026-08-29,2026-08-29T23:00:00Z,2026-08-29T23:00:00Z,30158826127483316349660594492735508400088973884309724999729393139451692878431,0.055,0.8,0.34,1440,
0xa90e3b5b3424babbb4d7c5292eb5dfe2387a18eb886d85ca2693b3f5cf2b7730,cfb-alaam-howrd-2026-08-29,2026-08-29T23:30:00Z,2026-08-29T23:30:00Z,90571993043974501725777185341135215003672136074964814224614913327441191397827,0.45,0.8,0.465,1440,
0x8d8abba239ebc298b68a2c8eb822da56f4b05489c64f0ca4ad2aedb934175850,cfb-utpb-utrgv-2026-08-29,2026-08-30T00:00:00Z,2026-08-30T00:00:00Z,98241612539894059109989763909510312314645432554505661724307072389066139256681,0.19,0.8,0.225,1440,
0xfb78af6bf4324e4d509ebd84f3682a4dcb1cc775463417ef63faf4f6b3ab83a7,cfb-jackst-tenst-2026-08-29,2026-08-30T00:30:00Z,2026-08-30T00:30:00Z,2191074359738841010255426371755055379632983999521149612006246896800272809321,0.8,0.8,0.875,1440,
0x7be65ddc93496dc47531dee8f5ded9b6bd2dd2b5a157fbdfad0e462cd817086b,cfb-pvam-tarl-2026-08-29,2026-08-30T01:00:00Z,2026-08-30T01:00:00Z,49076030419874860471741002578146874679261938134081532735273751091609467595465,0.09,0.8,0.075,1440,
0xc325db38d11ffb7bbaf30fc169af17c19db5ed3c79fe4964497d75cd55ea92a3,cfb-sutah-mont-2026-08-29,2026-08-30T01:00:00Z,2026-08-30T01:00:00Z,101188147253707884035964043703783437030669452542461927181927792534591186273934,0.12,0.8,0.12,1440,
0xfe5bf072dc8ecfb9a7370b9d3a0397d2cbd27f4d7c2a40099fa7f1919707ebb3,cfb-monst-dxst-2026-08-29,2026-08-30T02:00:00Z,2026-08-30T02:00:00Z,26480061837847714499732740285300380621845548669722760301239648537518158606183,0.982,0.8,0.976,1440,
0x648372009a7dd9f7507ebe098d8c4e940234da0db606d3a351eb9abd4fd4e386,cfb-mphs-unlv-2026-08-30,2026-08-30T02:00:00Z,2026-08-30T02:00:00Z,111034640076625137528989993616113182198844387063368004132560166733044160831744,0.355,0.8,0.365,1440,
0x2594e2e10c128e4a1ec9b9228a08add90802179cfbc073cbf84723b92b30f46b,cfb-kcu-more-2026-09-03,2026-09-03T22:00:00Z,2026-09-03T22:00:00Z,68069365728306201734289736901159995156339362539957964430113640102578538164901,0.29,0.8,0.115,1440,0.71
0x07092beb773851490b17af757e8ff22aa324b6b83d65e77ca0b41ace47e2b4fc,cfb-umass-rutger-2026-09-03,2026-09-03T22:00:00Z,2026-09-03T22:00:00Z,54255770793624311408447844228697573639540209280206147822081487528133147886485,0.026,0.8,0.0325,1440,
0x793d4b5332c10108ff6222fb7ed5a94e6180cfcb792b38f2e3ed366418f00bbd,cfb-akron-wake-2026-09-03,2026-09-03T23:00:00Z,2026-09-03T23:00:00Z,97736248327335128419367919677745778301888910395141787663917098352150260758907,0.045,0.8,0.055,1440,
0xf6e7fb50006d4790e111a0d55987334ff4d670f81c29d4a3dfdcb6b680169a1b,cfb-albny-buf-2026-09-03,2026-09-03T23:00:00Z,2026-09-03T23:00:00Z,35354773902511991908368498558478044551572138490963960071270810760691389176423,0.11,0.8,0.095,1440,
0x0b85ed078846626f6a1b2e2f5f0fa38324aa1721fea279904ff9f3db511a3c04,cfb-bcook-ucf-2026-09-03,2026-09-03T23:00:00Z,2026-09-03T23:00:00Z,25266477470220585988185761432257357907575322562501198439418834607067420282467,0.0035,0.8,0.0015,1440,
0xd60daabb51b67b5c64ffaa3fe6c6af353f667a8747e90f0a7420e0cbdb37e5b8,cfb-jac-stbr-2026-09-03,2026-09-03T23:00:00Z,2026-09-03T23:00:00Z,19901812930454026276685600881401220093438428662223920796753849997778053346659,0.365,0.8,0.38,1440,
0xfcf27dc794ee6b7e5da9227220cfd773bc913e1b882fb845e8abb6e3c04b9e4b,cfb-merri-del-2026-09-03,2026-09-03T23:00:00Z,2026-09-03T23:00:00Z,91978310644961710201222551304834448053202954867465051205386696164935113587405,0.0245,0.8,0.0165,1440,
0xafa6358e7b2a9c9625f610daa98d30388334084bd64f7d0637e3ddd536d33b6e,cfb-sill-samf-2026-09-03,2026-09-03T23:00:00Z,2026-09-03T23:00:00Z,94579121900534145415035160513420229562926499059469477286372045223515633789873,0.8975,0.8,0.9455,1440,
0x694f4d90281df503fe848ba192bac3c8eff9e0da0bb7aad0e9467f8b9785024b,cfb-uwg-kenest-2026-09-03,2026-09-03T23:00:00Z,2026-09-03T23:00:00Z,14841252734847675060679833412963262609641253401674716401777429434064067495080,0.0675,0.8,0.0535,1440,
0xb2bfad1e151ba25cc136fe6a9e49f867a11a0c8551179477ed97f8352ab6b5b7,cfb-arpb-missr-2026-09-03,2026-09-04T00:00:00Z,2026-09-04T00:00:00Z,29750631352874531933444862240222953125876581705041145511586558674730475815009,0.0045,0.8,0.0025,1440,0.9955
0xb841e986cd07605588527c5410edfffa9b6fec3f420798607054ac1a075e3e4d,cfb-col-gtech-2026-09-03,2026-09-04T00:00:00Z,2026-09-04T00:00:00Z,108375487355272527108767666801159426062643090804035996576320671136172238398193,0.315,0.8,0.315,1440,0.685
0x5a0070ce6a12d3ba69aec69cf10da69ba18c4e17b3b274fb1955bbb6d7f7b371,cfb-eill-minnst-2026-09-03,2026-09-04T00:00:00Z,2026-09-04T00:00:00Z,58485353591882870246055247040033198133484032267280236469264440941219070364987,0.005,0.8,0.005,1440,0.995
0x0a2913f89ced6d535ff73a47ae22833ffd2c0c66bd44748a3b126a24648c8f1f,cfb-idaho-utah-2026-09-03,2026-09-04T01:00:00Z,2026-09-04T01:00:00Z,46285663921754288710346859456367121494912733263235269243721157497924808916721,0.017,0.8,0.013,1440,
0xaf75e95cb4c9adfa90fe7818d8a6b7edf96a549ce87df55f595522618cf3d19c,cfb-uab-ill-2026-09-03,2026-09-04T01:00:00Z,2026-09-04T01:00:00Z,49181901697159321594257378563092901213457515424615275657707220911809488835698,0.042,0.8,0.0415,1440,
0x41c12c0285f45cdac97324739f29ba5f8918b9b73fe853a0d1d9efd6f991eec1,cfb-sjst-emich-2026-09-04,2026-09-04T22:30:00Z,2026-09-04T22:30:00Z,40780178230269610146657104494736406316953005543552716416878104338289561261971,0.465,0.8,0.425,1440,0.535
0x2c26b7e5cfff2ab6db5a2fa52ee4f84d3d179d109dc984ec42fa0982f76e36a5,cfb-fpu-mrst-2026-09-04,2026-09-04T23:00:00Z,2026-09-04T23:00:00Z,32823850288031503190613996775484846513892334696463286121086649080086709225574,0.3,0.8,0.13,1440,
0x6c364ce4d6120c492421ec39b4a9c4308bbe274bf48084f0932005b6fba698c3,cfb-indst-pur-2026-09-04,2026-09-04T23:00:00Z,2026-09-04T23:00:00Z,15382510753684449054178901384625141818873517210026853532492282649652602282348,0.021,0.8,0.0145,1440,
0xb75e4c44478716f54a1709ad7312bc94838439782072f4a27620b8bdb1c08430,cfb-ncat-gast-2026-09-04,2026-09-04T23:00:00Z,2026-09-04T23:00:00Z,62894688015656877528133505550205451050142016034360460375445637117793117140246,0.045,0.8,0.026,1440,
0xc4a141908579c3e6ac27e1c6ff7bcdba55ac0c0bcc6d5fb6623c6ae32ba20b48,cfb-liub-kan-2026-09-04,2026-09-05T00:00:00Z,2026-09-05T00:00:00Z,86052600735996748775155737515294805067479417888265651533668733528705941105344,0.009,0.8,0.006,1440,
0x3c0c0fa752368746b6d751bcd692084d3bab92e721647f0090705856fd5f3b0b,cfb-toledo-mst-2026-09-04,2026-09-05T00:00:00Z,2026-09-05T00:00:00Z,109344543655777402517515479583753994852154880591240909973766492150853628430473,0.215,0.8,0.215,1440,
0x46a67ce12aefa7ccad89c2d7ce8aad88c2770f388a3b11482318b9d73988ee2b,cfb-utep-okl-2026-09-04,2026-09-05T00:00:00Z,2026-09-05T00:00:00Z,10247475705084897212773579956422057810906395432464099331017771307067624085726,0.006,0.8,0.006,1440,
0x92bb5b9f46751bba79f98e08537692ca916eaa3075e8a6090d4b8d9ed970609c,cfb-frest-usc-2026-09-04,2026-09-05T01:00:00Z,2026-09-05T01:00:00Z,101899953775015424129406421765003815908735117788240549180435496400733602651926,0.065,0.8,0.065,1440,
0xe450d927136867720209e02b4d6ea3ea470eeacc8ab75bf59d352eaab7d47cdf,cfb-mia-stan-2026-09-04,2026-09-05T01:00:00Z,2026-09-05T01:00:00Z,55165877880754960915724596924035668881317551512664553691403265227165220683733,0.945,0.8,0.935,1440,
0x3f15a618bcb29346f608c878b94005e1c965a4111bc84223e6a43b77475df030,cfb-webc8a2e4-stet-2026-09-05,2026-09-05T15:00:00Z,2026-09-05T15:00:00Z,34565404628791558108088023486485003530904779541852741174125883427475342631873,0.415,0.8,0.345,1440,
0xf84205553f8daf9c17070465d1359375ea00a0cf7b439f7acfcc7a8ecee43772,cfb-bryant-army-2026-09-05,2026-09-05T16:00:00Z,2026-09-05T16:00:00Z,3991361901446620754491673391471718120350885244329778074126900899689422749720,0.013,0.5,0.0195,1440,
0x3b3d6ae6b3611b8cae912d876bc2b4f640d944e0710cf082180ef4de838703ad,cfb-coast-wvir-2026-09-05,2026-09-05T16:00:00Z,2026-09-05T16:00:00Z,24981183469713796128907320118088500809094670753930514152326631360035914263816,0.075,0.5,0.085,1440,
0x95d416323203af51993c1944d832a5aa012bca67683efc838df2744e61025d2f,cfb-ecar-ala-2026-09-05,2026-09-05T16:00:00Z,2026-09-05T16:00:00Z,51933177613414379324652305706269703661260250119872686235610227884941718327389,0.0265,0.8,0.0385,1440,
0x690008ab896bad3163ce3d028a2241c196848ae1186281572e18742632ba42d2,cfb-lafay-uconn-2026-09-05,2026-09-05T16:00:00Z,2026-09-05T16:00:00Z,18062398557779531620105848995008655002130713180935932487489468819987025146563,0.085,0.8,0.095,1440,0.915
0x54054accf9c51a0afee972fe3f6218ed650c5e1e2fc1c57ebc15fe3a79a2a9ec,cfb-librty-jmad-2026-09-05,2026-09-05T16:00:00Z,2026-09-05T16:00:00Z,49781645987199891233125714871092141608615158563019668415806717716642231067374,0.335,0.7,0.335,1440,
0x36c13a40adc7d6f31ada14b224533be0fa73826aa0be9ba27723688d24fb974e,cfb-nhamp-syra-2026-09-05,2026-09-05T16:00:00Z,2026-09-05T16:00:00Z,46825603252346413379328829315375335982910563025608829912216776998220904361338,0.0135,0.7,0.0145,1440,
0xfb8f878a6081b48e22c8a23255dccf1c0a1b40adda7b3ac129aae833f59f3aa9,cfb-ntx-ind-2026-09-05,2026-09-05T16:00:00Z,2026-09-05T16:00:00Z,30146768223502761293093513586338348257487096118092963660130844854188581069116,0.0065,0.8,0.009,1440,
0x77dfd142d449298d9969541da0ae69bca326e1c2008c9fb216a5ce83ca6baf39,cfb-ohio-nebr-2026-09-05,2026-09-05T16:00:00Z,2026-09-05T16:00:00Z,74405509466400911909563591545633351777642898746912710602347309692804203304158,0.065,0.6,0.065,1440,
0xf3ae0d8233f41d83ff292dbf87e6a38b8fdd36f314143ba215c66b7852e5fb12,cfb-oregst-hou-2026-09-05,2026-09-05T16:00:00Z,2026-09-05T16:00:00Z,48093784411289112976117783981806846292146433423674883153944869380612709646323,0.075,0.7,0.085,1440,
0x55d7373fd84aa8b57cb670155dc17f56c279dd119e79bc19f2e8b8b85985a75d,cfb-scsu-wag-2026-09-05,2026-09-05T16:00:00Z,2026-09-05T16:00:00Z,14236218546826502324451500151584349878090534030387479040190347634121113690039,0.23,0.7,0.23,1440,
0xf24611f3b3d886eaaef9811205707556f1db5704312666f16e4650266ef9a000,cfb-stnh-nhc-2026-09-05,2026-09-05T16:00:00Z,2026-09-05T16:00:00Z,11545743208088125832757431439750872151118139518542315171723693704796438466165,0.335,0.5,0.28,1440,
0xdee93da44281738d72e4ce95db8df9db7bbde67ae3001c785fb78bdfdd88a6b2,cfb-tarl-bowlgr-2026-09-05,2026-09-05T16:00:00Z,2026-09-05T16:00:00Z,86884105062201165801805562641989395945387807098074005286219443511350917098383,0.465,0.7,0.465,1440,
0xffeab06acf4a99bf720e7242be83e066f420429300e490ee546ccc571e38a223,cfb-ballst-ohiost-2026-09-05,2026-09-05T16:30:00Z,2026-09-05T16:30:00Z,15086311539281655019189825179947784219587633566281107599563772068758663130925,0.0015,0.8,0.004,1440,
0x4c75a3be2d235cef0b3b0d13c40e56864938747dd437f43db9c9fd7d56d99488,cfb-lehi-gtwn-2026-09-05,2026-09-05T16:30:00Z,2026-09-05T16:30:00Z,63909919039382269925194087266580158503694614090744311774076060704152278873198,0.93,0.8,0.86,1440,0.07
0x08b6e0ecd9abf751f17ca3e750e2698b8fa2d005ee0bc910ab7bc8d4e90f8a58,cfb-miaoh-pitt-2026-09-05,2026-09-05T16:30:00Z,2026-09-05T16:30:00Z,93492978140096859574379373569798216434294246876697346745350207557318931750626,0.125,0.8,0.135,1440,
0x23b643be125ed610f75185127cf551a61b66e1ec99fbb645fcdbf83cadbd3ef6,cfb-kentst-sc-2026-09-05,2026-09-05T16:45:00Z,2026-09-05T16:45:00Z,32552163024079344073276827670888347348478466537099232358662724099659233898965,0.0175,0.7,0.018,1440,0.9825
0xf8050fbf032839f8e4fa025a791b329cdfabc6b8c0faa8f9194198866fd36bf7,cfb-duq-airf-2026-09-05,2026-09-05T17:00:00Z,2026-09-05T17:00:00Z,7271473443005569006168034602220813388733749978118786838322259003016940998397,0.025,0.8,0.0295,1440,
0xa236dc72ce0fe9815e839ebbed73533c01e5c54ff2baf3e9187b0bea57043829,cfb-holy-colg-2026-09-05,2026-09-05T17:00:00Z,2026-09-05T17:00:00Z,88863249250129130719098277266849478094496590573678562768582263817650169566842,0.37,0.7,0.38,1440,
0xf54c2c13d095d5be9a94b0de62348872a0a54d0a8750d660e8fdb476806e3301,cfb-semst-iowast-2026-09-05,2026-09-05T17:00:00Z,2026-09-05T17:00:00Z,81457887004408646444359392299254575761663075191092202595952796738101093891108,0.029,0.8,0.031,1440,
0xf2d6ccf1993aa855643a1aad8180c38e479b9a7c0e799fb2b44d5a6dbf561734,cfb-yngst-uk-2026-09-05,2026-09-05T17:00:00Z,2026-09-05T17:00:00Z,34588130004857460726569759569651947024789234447448306538558482800000794655176,0.065,0.7,0.075,1440,
0xe7587bc78bb70ce3939e9774b280feb4e22f8aa6ef8f68386345fc002ff77bf8,cfb-gardwb-woff-2026-09-05,2026-09-05T17:30:00Z,2026-09-05T17:30:00Z,18182063165204187554740537894202661735144029186152742782183551101563176342194,0.265,0.8,0.315,1440,
0xf953005c7f45ea41134ea3d44e6187469672d17c41501010a961a670827fca39,cfb-ri-templ-2026-09-05,2026-09-05T18:00:00Z,2026-09-05T18:00:00Z,94637165323846065587654477871368554988884671961790332050546629340422753930294,0.155,0.7,0.155,1440,
0x2d37b03f6e5d804ea0754a29f089e8c843375616f0c9e9d3b9302f9e18f67d0d,cfb-sacred-monm-2026-09-05,2026-09-05T18:00:00Z,2026-09-05T18:00:00Z,49692088559811171432786993671628167578111741228743323263394775687307334586716,0.205,0.6,0.165,1440,
0x8fd63e280732583090e248d78833ee151e1e1343ab07e481cb89829974c3ba1f,cfb-drake-mont-2026-09-05,2026-09-05T19:00:00Z,2026-09-05T19:00:00Z,47139697479661502772042079093651398682498546007673961080093339169234466163940,0.024,0.8,0.024,1440,
0xc421b5eecf1136a69995e4e27e48444aaa3ccc6bf8134eeb9922118593c273b9,cfb-tenst-ga-2026-09-05,2026-09-05T19:00:00Z,2026-09-05T19:00:00Z,49588918771242156659139085453254773439381648451338303260005463713608568350476,0.0025,0.8,0.003,1440,
0xd46d00efd8c768ca800367653f34538a00864c8193dfb5be4c3e162c8ed7ff16,cfb-bayl-aubrn-2026-09-05,2026-09-05T19:30:00Z,2026-09-05T19:30:00Z,92055881439495633845887992550427483267300389134641994940853004414436479654824,0.3,0.8,0.275,1440,
0x61f6a4fe40ecd58ff3dcf96ff4ef362ea69d2e7c0ba1a059aa8c6c0f95fc6189,cfb-boise-ore-2026-09-05,2026-09-05T19:30:00Z,2026-09-05T19:30:00Z,15905577498190007661135790210823865694276114943796019125351950997001042602705,0.0375,0.8,0.055,1440,
0xc9ee827b2664d9c0027c65302ca13080914fcf59af1df1b4577262f9f1822eb3,cfb-boscol-cin-2026-09-05,2026-09-05T19:30:00Z,2026-09-05T19:30:00Z,103426801294671683747645569435361923505271786619166570171794140324015453314263,0.275,0.8,0.275,1440,
0x586196b76131938c1b3ba22921e9bd9ea0232f89cfb52e2ac96dfce1c1b27824,cfb-cita-charlt-2026-09-05,2026-09-05T19:30:00Z,2026-09-05T19:30:00Z,73521332776737871791890557618563406654983757157067856501495253864771847893549,0.085,0.8,0.09,1440,
0x4772952176f1159688ca0e6d72f432325b52a8b328d252f3791ed73e5e128fc5,cfb-fordm-ndkst-2026-09-05,2026-09-05T19:30:00Z,2026-09-05T19:30:00Z,43998289296808613386755777164418769853091379537338043766618979545320038460757,0.006,0.8,0.014,1440,
0x8518966f638c3b188817cacf8d5d4768ae0ff2890f6d459a2574a177cc4e3c44,cfb-furman-tenn-2026-09-05,2026-09-05T19:30:00Z,2026-09-05T19:30:00Z,98901370987746890301630791520505912696039093139062499749991625067395513358710,0.0025,0.8,0.005,1440,
0xe66c174ade389137273b5289e6cadebd751c6b27f4a4d77f1128a94e15575541,cfb-maine-applst-2026-09-05,2026-09-05T19:30:00Z,2026-09-05T19:30:00Z,31391692079131872180483305174926681214908803068631384859036200839528304401946,0.085,0.8,0.1,1440,
0x7bc89f2bd78365606d8e439b30b8c162643b210f7ff55b7a61ae8c71cc3c8ca5,cfb-marsh-pennst-2026-09-05,2026-09-05T19:30:00Z,2026-09-05T19:30:00Z,37172197757334481064233330011289753506446515626555520729194635521900651718542,0.055,0.8,0.055,1440,
0x0fb8621a0bec7c573dd30f1ee1d094194fb072948dfe4dd829ae3715d2a168bd,cfb-tows-navy-2026-09-05,2026-09-05T19:30:00Z,2026-09-05T19:30:00Z,83312249670116490846857174060518884675806841483588919609603855216612508204198,0.0245,0.8,0.0215,1440,
0xefabaceecde105644a40f338c79d4b5fcaa5c2903b4a37120f7bfe97c7089e89,cfb-tulane-duke-2026-09-05,2026-09-05T19:30:00Z,2026-09-05T19:30:00Z,22202619978467047223934985951711542379366647177582036768351937385129894150049,0.255,0.8,0.26,1440,
0x169ca0dfe41922eb72409445258233cd63c9cda6fcd220aae74f1fa7775e02f7,cfb-txst-tx-2026-09-05,2026-09-05T19:30:00Z,2026-09-05T19:30:00Z,74748787671069405821692812364054351740423615340619182921555750225455424271125,0.02,0.8,0.0185,1440,
0xea45af48a52e1ddff7fd0a1a3dbc7280ec90618b105a3698b4fb06d351cf70a7,cfb-utrgv-utsa-2026-09-05,2026-09-05T19:30:00Z,2026-09-05T19:30:00Z,41840423634764110210664952478023632846085128800435086591855423623270777301360,0.044,0.8,0.0415,1440,
0xae6f5845a8e8cfe8792f6dbcceb846b46e17a2c3e2d87eaedd933a928c12b567,cfb-okst-tulsa-2026-09-05,2026-09-05T19:45:00Z,2026-09-05T19:45:00Z,20470226673614886864025609029280541597920958358292301224637824826236334699323,0.825,0.8,0.825,1440,
0xbfcce67a76c2eacfe792957f0b5229f4d727496ca5e6750b3533e4750283a813,cfb-stmn-ndak-2026-09-05,2026-09-05T20:00:00Z,2026-09-05T20:00:00Z,2175438332522897532955814612223681732508828658996488199265654545982080541053,0.0555,0.7,0.0535,1440,
0x00683fdbd0831bbac41ebb848bbcdd825c64180e0b6d393f2765eef821a6b3d3,cfb-nal-ark-2026-09-05,2026-09-05T20:15:00Z,2026-09-05T20:15:00Z,43387964114953445770281179674704854612073331570731032644383057745129577976278,0.005,0.8,0.0075,1440,
0x198d8267be0199a493aa40c533362d3d7507698a96fe4c849a6f38ffac57da94,cfb-nill-iowa-2026-09-05,2026-09-05T20:15:00Z,2026-09-05T20:15:00Z,60655620196687443428638919259741608677462735682965046104335370910061233303160,0.0155,0.8,0.0165,1440,
0x47e8125d3c9338051050db62cce3e1aeea27b81200e3eb9f86dc249b07f8cddf,cfb-alcst-soumis-2026-09-05,2026-09-05T21:00:00Z,2026-09-05T21:00:00Z,25119109526005963089767083806325495546503214027773751202096469770594057070626,0.095,0.8,0.09,1440,
0x28be4f67f0c1b883fe69dad7691181a4844d0952ce058997871f6b4b97ecbfb9,cfb-tusc-etnst-2026-09-05,2026-09-05T21:30:00Z,2026-09-05T21:30:00Z,65719095761399384393587356724319246281056076625672014302357898768834983186553,0.045,0.8,0.08,1440,
0x3a2a970641f906c5c8c5f8660f38a0082bfa820110ea8ad8aec7041a6b2f6f33,cfb-delst-wm-2026-09-05,2026-09-05T22:00:00Z,2026-09-05T22:00:00Z,25546552073198561787419239919471320731191178525151316520035572707664022400819,0.245,0.5,0.23,1440,
0x09d2808722c6c1800a728abe8c3385d02c4e5d982e9d49017f51fc5fc2a3a01a,cfb-ecsu-ncc-2026-09-05,2026-09-05T22:00:00Z,2026-09-05T22:00:00Z,4167655937630429245951319887865406017661238072631841567162687203258259151831,0.04,0.5,0.12,1440,
0x96b1966d385b55ab71a3e514039bfe6a0b79c103fb0f75a5121653c51e436d7d,cfb-elon-dav-2026-09-05,2026-09-05T22:00:00Z,2026-09-05T22:00:00Z,12618488301991250920876173486958163560430455379263199084624667489488368198537,0.9665,0.5,0.964,1440,
0x4285a9b8ba5d7bde63e28c5e3bd327965549b9caf9c5daa2c074ef95216080a2,cfb-lc7d9922-alast-2026-09-05,2026-09-05T22:00:00Z,2026-09-05T22:00:00Z,3697905678240241397723990130505165627178894802566813245931167241800069469838,0.0215,0.3,0.025,1440,
0x141118b53772c7fdc87fa10ea5a4af80e3bac417d676df8e196b64777dbd6f52,cfb-norfst-old-2026-09-05,2026-09-05T22:00:00Z,2026-09-05T22:00:00Z,99599677101747657638936788805510579072108948098842115289613148914157969986702,0.013,0.3,0.0115,1440,
0x517a276e3e6372197507a16ecf00f87cd1d1672aa9ac5011f7351ebea432ee1f,cfb-presb-merc-2026-09-05,2026-09-05T22:00:00Z,2026-09-05T22:00:00Z,35723621290457354418684552632315004724979968538358324025043794792974593776558,0.085,0.4,0.095,1440,
0x8260c0ac9e7723b16bdfd9745ca90dc2b60ea0e97316e0c5b8a3537d994b3f2b,cfb-rich-howrd-2026-09-05,2026-09-05T22:00:00Z,2026-09-05T22:00:00Z,27377349125959044957065019703714754112468884780423673799242321088521459793163,0.825,0.3,0.86,1440,
0x31388c3d6a470a0e3d2d39e733d12d0309d638420d89ec3881a21d339cf6c44a,cfb-tentch-chat-2026-09-05,2026-09-05T22:00:00Z,2026-09-05T22:00:00Z,37459737764481551695637039414508515844398971222795062805411697703359361778714,0.79,0.5,0.815,1440,
0xc909f3ea88c572a10dbbd53425524579d5a8b670c5c9786b72ca2f7c4eba8a92,cfb-vill-buck-2026-09-05,2026-09-05T22:00:00Z,2026-09-05T22:00:00Z,35615316456376926755849869314973584621204950994367741622363550522963181572101,0.938,0.4,0.935,1440,
0x2f70a5d68f34b8c0d4becb31d725e28ad39baf3ca552485fc6054705ef1c4ae6,cfb-wvsu-robms-2026-09-05,2026-09-05T22:00:00Z,2026-09-05T22:00:00Z,69230245981863561792557609662141505554318572580892165315293748442027936739385,0.13,0.3,0.135,1440,
0xa4dcfb736c8ba769afd3441787d60bc5c790e95be8ba0fefe66fba85e840180e,cfb-wyom-colst-2026-09-05,2026-09-05T22:00:00Z,2026-09-05T22:00:00Z,58861058155309420621208427079261855327210395086652932132316224476260260278810,0.435,0.3,0.41,1440,
0x6661479eeb7e386d3324dd2e84c96ccfe7f701289541a70cfa1c19b3ac64797e,cfb-abchr-txtech-2026-09-05,2026-09-05T23:00:00Z,2026-09-05T23:00:00Z,100220533518491388869058891914468613146696791155041140793196135623440580538555,0.0075,0.8,0.0095,1440,
0xe3e5801a5ae5e2d9449f04e4287d374652b3d0f5a0a5e0f8a869209436e06448,cfb-arkst-mphs-2026-09-05,2026-09-05T23:00:00Z,2026-09-05T23:00:00Z,24711093773468083239709318203500623362962571972042030043749538079797696120806,0.205,0.8,0.21,1440,
0xbfd500efd156bd2a36a235db641151d1be2046fd7ca5c87fe78b325c6b9d0745,cfb-ausp-vand-2026-09-05,2026-09-05T23:00:00Z,2026-09-05T23:00:00Z,110296387966210156617500147786997985503050381192119792428623557562920993723189,0.0335,0.8,0.027,1440,
0xcc2e13dee359497c1405b58bc5a51d4f1b6fffb3fc57012eb2610a00f6d12d18,cfb-chs-tmrt-2026-09-05,2026-09-05T23:00:00Z,2026-09-05T23:00:00Z,92713958230892315160103107717211336229154282099050242078282675256252041119470,0.021,0.8,0.0375,1440,
0x9361bacd5a67c833b705c9a5941c047e598c415e3c7da5825ae6b4d1058038a6,cfb-chsou-gas-2026-09-05,2026-09-05T23:00:00Z,2026-09-05T23:00:00Z,114109590838881829176005696836651382867054498705326315867819507888626736328991,0.043,0.8,0.0465,1440,
0xf5625875649dda954953293839df8683e9e02af0bad4348655dcc616f9b40b9a,cfb-csuece6b3-grmbst-2026-09-05,2026-09-05T23:00:00Z,2026-09-05T23:00:00Z,34303924434722907119989869159146094352907856037685497811981116216482638844716,0.0295,0.8,0.1,1440,0.9705
0xc376addfc4755b7b5498656fc36c1b700a9136625dcd9b5eba40008d9eb4b27a,cfb-ekent-jaxst-2026-09-05,2026-09-05T23:00:00Z,2026-09-05T23:00:00Z,15801575823804243945415411638395466958833137393186131397494987429496344705073,0.075,0.8,0.09,1440,
0x03291383192eaa792673fe12264243bd55c59c57e2a3b099acbee08ddbee0e75,cfb-ewc-jackst-2026-09-05,2026-09-05T23:00:00Z,2026-09-05T23:00:00Z,41324113405364774685469294632205005699656493325252682904108677151158727844466,0.04,0.8,0.075,1440,
0x6e28d9b480ddff0eb381c486d0439ae8c4e2db561576a4c0f1f2a92d983b6895,cfb-flint-sfl-2026-09-05,2026-09-05T23:00:00Z,2026-09-05T23:00:00Z,5701182219936775451819668536990175927695021616483701422716843711885230123907,0.155,0.7,0.16,1440,
0x9fd876062bae3527e887756c6e159101ac63752cfb2367d6849880f9bd2eb184,cfb-houbap-rice-2026-09-05,2026-09-05T23:00:00Z,2026-09-05T23:00:00Z,6870029096580341554245441540143833320965568712753678509135541146046200368901,0.065,0.7,0.065,1440,
0x4c825dfe2ce260fc250cecc1d3fec39c5f179e7d54273876c7724ab21af95f4b,cfb-idhst-utahst-2026-09-05,2026-09-05T23:00:00Z,2026-09-05T23:00:00Z,57600892012625651304757658573374964841745152471768356942132196817972460366963,0.155,0.8,0.17,1440,
0x701cb794c69be63398273f7cdd530b917be4f8abd27b83977940fcbca8b3940e,cfb-ksu67f319-south-2026-09-05,2026-09-05T23:00:00Z,2026-09-05T23:00:00Z,50678062980154707654142101237409184776277019874928287692634682889867457363631,0.37,0.8,0.39,1440,
0x4d27a4722518b0944b84a44f1c6eed8b0a0fd9fa1fbd67de2bf6d6c2ad02a1ba,cfb-miles-alaam-2026-09-05,2026-09-05T23:00:00Z,2026-09-05T23:00:00Z,10878017802490515240166716990708925996074463599969004675686190284595187690196,0.125,0.8,0.125,1440,
0xfe579449209b8a7a10c139a29c5c03e35b25c22d78d58e32320ea3de044b26e3,cfb-msrst-txam-2026-09-05,2026-09-05T23:00:00Z,2026-09-05T23:00:00Z,71318952967368344119277371560329794258206035589014744836185299178471379666951,0.006,0.8,0.006,1440,
0xede30a2fd7f3793c20e9842f12e3213eba9cd2afb3fdf471b95fbf9a98622c39,cfb-murst-mtnst-2026-09-05,2026-09-05T23:00:00Z,2026-09-05T23:00:00Z,82641171423388902155904771650069727675552322443482989272886330403157376102119,0.075,0.8,0.085,1440,
0xf582574d76abb55c223a25ea29621c8754460337c7d11cbf735db99005a1917c,cfb-nichls-kanst-2026-09-05,2026-09-05T23:00:00Z,2026-09-05T23:00:00Z,76327649545296154733518810097395390411224141618092125527376155964529828661924,0.0045,0.8,0.009,1440,
0x63fbec5273bcde8cd3566a846ed6a7d54addbc44305e28e87be32c9590ba94a0,cfb-niowa-ewash-2026-09-05,2026-09-05T23:00:00Z,2026-09-05T23:00:00Z,47923861558105824241313165323034168451322258157508796102975395884755270227727,0.29,0.8,0.285,1440,
0xf3ddf21479aadcf7f2f759eb1e51d378fae42f6f33e96460758255dda622f2ea,cfb-selou-sala-2026-09-05,2026-09-05T23:00:00Z,2026-09-05T23:00:00Z,115402240716647026086037610107825767986834067248992300455383032196201821487047,0.175,0.8,0.185,1440,
0x268aefa66cacaf5b5caeca74aa86f753b26d08cf70bb8713918259b184bda22b,cfb-smho-troy-2026-09-05,2026-09-05T23:00:00Z,2026-09-05T23:00:00Z,59853736318360412064575242651551964655837423977114666035857003241171573349576,0.135,0.8,0.13,1440,0.865
0x333754cd007571a9f77bc40493a14dfc0792588f22e15bf4fdde9f2b0afb57d4,cfb-twu-mcnst-2026-09-05,2026-09-05T23:00:00Z,2026-09-05T23:00:00Z,18078875228144844631559878172466620355337863894871770406721772795590228656332,0.04,0.8,0.095,1440,
0x21c3e66cb78b4d6694517e3fa0bdcb53a31ef6947c640c546ce61db66afdc573,cfb-uwfl-cark-2026-09-05,2026-09-05T23:00:00Z,2026-09-05T23:00:00Z,48818315438102491271746511780649040585785507378581635948753975538223165836746,0.275,0.8,0.27,1440,
0xe9c0521021d390e8a62639b0b2d1a335c8269074ef645ad3c990870df4ff9737,cfb-lamon-mspst-2026-09-05,2026-09-05T23:30:00Z,2026-09-05T23:30:00Z,96346526551998906547453848261611887411299257004192567098082435003669403280495,0.034,0.6,0.0355,1440,
0x8370a686af76a7ed85dec2ac3439d2cbbbf800db5bd62204d2e00f822c5bc60c,cfb-nwst-loutch-2026-09-05,2026-09-05T23:30:00Z,2026-09-05T23:30:00Z,105974044878498280369470958855115803581453895541356572483167273769435965681287,0.005,0.5,0.006,1440,
0x7967842cc5b8802b3579e60526282bb24b456ecb6a34e30e91169a7704c12b7e,cfb-vamil-vtech-2026-09-05,2026-09-05T23:30:00Z,2026-09-05T23:30:00Z,54715736442201306566307473454930703259765900262529327978578327115971104891978,0.0005,0.6,0.0025,1440,
0x7a8fab2b45f5a6861a5e5515c140f23d1213f000c32a2a2a5acdf289023a6976,cfb-wmich-mich-2026-09-05,2026-09-05T23:30:00Z,2026-09-05T23:30:00Z,65211794355701188851522115579313721381532453361554383029504312326991364496062,0.0325,0.5,0.0345,1440,
0x75c299f01c70de865c78849a339ea624b1d124b0e12e515e9317a695dba78cb9,cfb-flatl-fl-2026-09-05,2026-09-05T23:45:00Z,2026-09-05T23:45:00Z,66445740198396002930214414928257775394743545348652885625636716367002549575036,0.045,0.8,0.045,1440,
0x4af449abbf3c81cab634f59f8a224e774401fc632f3abc58c15b138420053fd4,cfb-cwu-calpol-2026-09-05,2026-09-06T00:00:00Z,2026-09-06T00:00:00Z,2187024290571226550162751820311529331762701484429865351082927791824029786599,0.13,0.7,0.135,1440,
0x339d090c75d31625acdf314705bc2459cfad318584a605f90ff577342474d49d,cfb-dxst-byu-2026-09-05,2026-09-06T00:00:00Z,2026-09-06T00:00:00Z,111112559861324854864422837540167446948161456551213035440857844245573671370261,0.0005,0.8,0.004,1440,
0xdc9d5b3b8d5e9a5bfef2f7ce2da6f2640c9b2e052cbc3cdeeef662b684b169b6,cfb-hamp-mary-2026-09-05,2026-09-06T00:00:00Z,2026-09-06T00:00:00Z,99486472485430297318715615491145840119572858234534651724923517438421756983994,0.0045,0.7,0.0055,1440,
0x5875a302d59d435e18d1f8e403ab6a08b0dab5eebe52c3b9de54c32cdfbe4347,cfb-illst-will-2026-09-05,2026-09-06T00:00:00Z,2026-09-06T00:00:00Z,79331206838800148504141313577358785890072353909312390367361954590279078298153,0.92,0.7,0.9465,1440,
0xe39f23505e4fe83f535b0df0f497f3d94abe9b52a40d7151555d75fcc1016f5f,cfb-lamar-loulaf-2026-09-05,2026-09-06T00:00:00Z,2026-09-06T00:00:00Z,70135927114719281454120204035935519942795822556058152105306880146139021340329,0.085,0.7,0.09,1440,
0xe559a9d596076c0bcce48adbf54ef93915d4780aafff38ce5016ce93a694a37f,cfb-sdak-ncol-2026-09-05,2026-09-06T00:00:00Z,2026-09-06T00:00:00Z,37588794019211474898966401425832216073192022144043503798583459997020753886935,0.9235,0.7,0.926,1440,
0xa1011d0cb2ad56dd8bd5a6cffa7ecaacb754bcf144e4df240f05b036f01955d0,cfb-sdkst-nw-2026-09-05,2026-09-06T00:00:00Z,2026-09-06T00:00:00Z,103653799928417662052150142355642684792039653380441243220659618386758836068080,0.175,0.7,0.175,1440,
0x428fb8c22e2756e2739d1d63918470f7d0310d22ef46ea48d90743cfdb836e8e,cfb-txamc-sfaus-2026-09-05,2026-09-06T00:00:00Z,2026-09-06T00:00:00Z,75087753644270426387203344790272060312557996799482688512428384264551417127405,0.075,0.7,0.065,1440,
0x67bfd39319ff78c26bc019a82732843a3bb54e8f47efa892ea37d0c39c0e1b43,cfb-webst-sutah-2026-09-05,2026-09-06T00:00:00Z,2026-09-06T00:00:00Z,34563233869310870312989463274923576931376932145378171805754068760115087636378,0.155,0.7,0.15,1440,
0x45aa94cd103323adb0c69a3f691505f97fc646f429addd9e7db4c234b15e2837,cfb-but-monst-2026-09-05,2026-09-06T00:30:00Z,2026-09-06T00:30:00Z,65541708085935717548065073094022706266924937475688383550760354783879772790503,0.006,0.8,0.0155,1440,
0x9ebf4f5c95a1c795ce9525a400b59e46e91fae853130dc94cee83d7d3276a325,cfb-mhud34ce7-nmxst-2026-09-05,2026-09-06T01:00:00Z,2026-09-06T01:00:00Z,23085205383349581258644862280966646281404315388450595790894211337508990384795,0.0345,0.8,0.015,1440,
0xd8353c8b9a81ffe5e63f318da17ab10610f2851c67b31b19f250d13cb3b0a40c,cfb-narz-arz-2026-09-05,2026-09-06T01:30:00Z,2026-09-06T01:30:00Z,29965591278827930708976206249779369361261685969073678362130363377163744164004,0.0205,0.7,0.018,1440,
0xd91961555d4e7656efcd81724defeff7d3eb9e658762632ff09eb75e4a92488d,cfb-portst-sdst-2026-09-05,2026-09-06T01:30:00Z,2026-09-06T01:30:00Z,35494913576043084302567908659488114497747686146747370912965814436331068527194,0.0195,0.7,0.015,1440,
0x74ce546002223185879af518d89fc7a6b2d5268cda2057bbd7f0e3e8043c3386,cfb-clmsn-lsu-2026-09-05,2026-09-06T01:40:00Z,2026-09-06T01:40:00Z,53397723766670239499300723413747625610144777066537300586635952680807626726525,0.225,0.8,0.225,1440,0.775
0x31dfe5c64296b4c89bc5ad80650a0974fd4d63812b90cc7f82a9cb6bd311e849,cfb-cmich-nmx-2026-09-05,2026-09-06T02:00:00Z,2026-09-06T02:00:00Z,91530529356183758946726399305222716716760188957430184168559409248813752315117,0.205,0.8,0.21,1440,
0x1ac4282f4e259041cf83220bd559a725e673b8e9044f224d23cdb2052bd5d711,cfb-morgst-arzst-2026-09-05,2026-09-06T02:00:00Z,2026-09-06T02:00:00Z,84123909236931308025039785430085389805897675032024747519151114712096545708202,0.005,0.8,0.0055,1440,
0xedbd883fabef750175f183b669671252cc8ced231c48d3534b4363a2eb5369a2,cfb-msvlst-sacst-2026-09-05,2026-09-06T02:00:00Z,2026-09-06T02:00:00Z,98818482893169172253163109185182184145350324893416090357058853191703986326653,0.0115,0.8,0.0085,1440,
0x1d5b557248822c4f56429bcae2b3b6d7846d699f1405e8f1a600f1d9ce161c8f,cfb-ucdv-usd-2026-09-05,2026-09-06T02:00:00Z,2026-09-06T02:00:00Z,51425599594718773875328049820358534436526930637443830307227018020992715891318,0.855,0.8,0.87,1440,
0x5d55e68611d18120ef41e8100ac2a3ca5aaac1f8ceb969c6c5514fccb9eb8198,cfb-unlv-hawaii-2026-09-05,2026-09-06T02:00:00Z,2026-09-06T02:00:00Z,27704652521445529843942590993070812888672429766125037528151718194820760582687,0.545,0.8,0.575,1440,
0xcc97c9f63cf9fb515d257d2e899df0dc3b09fc9d71f122483766f78b18c4e813,cfb-ucla-cah-2026-09-05,2026-09-06T02:30:00Z,2026-09-06T02:30:00Z,112653195714722226378534322621444986150447932235518652001900171887071327985428,0.565,0.8,0.555,1440,
0xd33028ce8f3a162adb2fdd4f0b5d8b352090a3f85df10cb6706f0cd4b2cd5a03,cfb-wkent-nevada-2026-09-05,2026-09-06T02:30:00Z,2026-09-06T02:30:00Z,44103741579521556861359264160855922544853305861067342917040480626803475338171,0.505,0.8,0.505,1440,
0xef0f0f0f883f101e452512c33291cd56de971612680c8a7ce80cdb11d857b68c,cfb-wcar-camp-2026-09-05,2026-09-06T15:00:00Z,2026-09-06T15:00:00Z,54100400291810186666429122026859800293801079997571558791717082290602254244525,0.655,0.8,0.615,1440,
0xb61680f13d3fc5f6cb062fa694ed64fd8ea47c7afdb5c71f916631151c84d3b5,cfb-txs-pvam-2026-09-06,2026-09-06T16:00:00Z,2026-09-06T16:00:00Z,107665294643579568732528444067433319280294786878252821224988106508042549734900,0.245,0.8,0.205,1440,
0xf470e5e804c004d7b6bf7bd4870481e504c0b0574430530045dd4c6bdbd86f68,cfb-scarst-flam-2026-09-06,2026-09-06T19:00:00Z,2026-09-06T19:00:00Z,52020399861354166349872515644170425726444001481839232581637930062803837454836,0.89,0.8,0.89,1440,
0x76c35ffec5a65d850b744488fa329b4234c9136cfbddf6503ad13d3af9c44fc2,cfb-washst-wash-2026-09-06,2026-09-06T20:00:00Z,2026-09-06T20:00:00Z,18847991734296430502845532396409980788879233900340156746244959844447877243024,0.065,0.8,0.075,1440,
0xc6b60c03e825b4c742de66d3b391940713f32b65df7d62cb74d729e6d6f566a2,cfb-lou-miss-2026-09-06,2026-09-06T23:30:00Z,2026-09-06T23:30:00Z,101419459630048220819337589435260303229390182044017576504721826886951962111827,0.305,0.8,0.305,1440,
0xe866803ef92ddc1eb54eca0656dbc5fac6df556b4d439e2900a283bd594de0be,cfb-wisc-nd-2026-09-06,2026-09-06T23:30:00Z,2026-09-06T23:30:00Z,40490848042665144198759473862886350255382372114888765776862049075524611997461,0.085,0.8,0.085,1440,
0x4bbce9178be76fb323c1ccc4f81abfc2ce8b78f3cb553ba96b024e0b8782a5d9,cfb-smu-flst-2026-09-07,2026-09-07T23:30:00Z,2026-09-07T23:30:00Z,80370409562412963867249987460380313704009350372576780084741520473113019529888,0.585,0.8,0.575,1441,
0x11892972368e8691e53c5f1506ab9f374f54fb662e0a2ce2f1849e2e44679072,nfl-ne-sea-2026-09-10,2026-09-10T00:20:00Z,2026-09-10T00:20:00Z,82853630446629381177746315902076926379112463176451081591843467745162482161799,0.385,0.8,0.375,1440,
0x717096488997afa5671ff6dbaeeaf2a0b162a9f888fd91536723354de2257267,cfb-flam-mia-2026-09-10,2026-09-11T00:00:00Z,2026-09-11T00:00:00Z,80026849186047119011652913897177098369280079087752635297070464858438168672658,0.0045,0.7,0.0045,1440,
0x5010f84522ade23439a6e7b173896fdcdeea448d9a538127b2f697fcb28a3dfc,nfl-sf-la-2026-09-11,2026-09-11T00:35:00Z,2026-09-11T00:35:00Z,47980297266293383561610069948199571971934648128128466689009306388009369789116,0.355,0.5,0.355,1440,
0x425730856843bb4194de8ee17449a9db11e6eaeee62825caeff7b915032142e1,cfb-norfst-vir-2026-09-11,2026-09-11T23:00:00Z,2026-09-11T23:00:00Z,102971323176553301896680049249988998423877118696307770477025736329864772365039,0.003,0.7,0.0045,1417,
0x612ec9f1604474293ea73cb29e45461f797502352c89f4b9143624475ac22a23,cfb-rich-ncst-2026-09-11,2026-09-11T23:00:00Z,2026-09-11T23:00:00Z,41740439119353233075629663073295883592667434835370922613336216641956903916882,0.0255,0.8,0.022,1417,
0x2f9f701d5a6d5d5ff37b0532eeceb507d39c7a094bade2520cddabc45326026f,cfb-vill-lou-2026-09-11,2026-09-11T23:00:00Z,2026-09-11T23:00:00Z,77638895040513404984466878901941182513259509570366992157676493644977804281383,0.0135,0.8,0.017,1417,
0xdcf4f27a48a9dd1b9778b1e3b073e282e49b3f1ec61fccc5242ee3de127db92f,cfb-rutger-boscol-2026-09-11,2026-09-11T23:30:00Z,2026-09-11T23:30:00Z,16719109460522922661943061171790085399920555494625819567104645697580297679166,0.425,0.5,0.395,1417,
0x79d09090e26b320ef2f94b313d3a6d5e3438303579daec53f5f414827a87909d,cfb-missr-kan-2026-09-11,2026-09-12T00:00:00Z,2026-09-12T00:00:00Z,44815541942388349991139721802092197547814150504201940727195289207517019794403,0.655,0.7,0.665,1417,
0x88f64b6b0aefd2c6e94ac5dba35f4a41cb5aa74cbef3736d3dfe6956072eaa8b,cfb-albny-liub-2026-09-12,2026-09-12T16:00:00Z,2026-09-12T16:00:00Z,96962913332593043361411247371719179934705865190382456932367855130219965674074,0.545,0.7,0.65,1417,
0x989dc4aebe7b9fd0d28d885370beeb2316d8018b08cd37ba5e262b013a406f6e,cfb-applst-ecar-2026-09-12,2026-09-12T16:00:00Z,2026-09-12T16:00:00Z,22973595925347796279690432459946510921758325061166467366863863196310008584866,0.325,0.7,0.305,1417,
0x9e44556256721d77e5208593e46632cf4d9f771ba0d3bc4e91c1aa41cf1ce16b,cfb-arzst-txam-2026-09-12,2026-09-12T16:00:00Z,2026-09-12T16:00:00Z,63007507730920690271511988907355056241469599743886411244160992924570208669541,0.135,0.8,0.145,1417,0.865
0xd50151d822d5b518d5d866aa39c9a9c5c80bf1b682265aa6287ff5a3af126938,cfb-dkc-dav-2026-09-12,2026-09-12T16:00:00Z,2026-09-12T16:00:00Z,114669338763320225794173784114937593589796606815442692373961879969713758814417,0.52,0.8,0.435,1417,0.48
0x488f04727708e760778b7a60f8259eed1b1089349beeb872d5d441d4610072f3,cfb-elon-ri-2026-09-12,2026-09-12T16:00:00Z,2026-09-12T16:00:00Z,15467582214671751021664680053037852481605425410457515965118983910816275646007,0.275,0.8,0.265,1417,
0x17025d6abf9a5acb286a113d93283aca8653b96aa831a21ef24af3714e03f14f,cfb-etnst-ncar-2026-09-12,2026-09-12T16:00:00Z,2026-09-12T16:00:00Z,37958370365186105345715681623795330068619738784604813323354957374514485319130,0.015,0.7,0.018,1417,
0xb760fc4f5f3696ccd6a8a04d6c84eede12ca79510f387fcd66b523da47d786cf,cfb-gardwb-librty-2026-09-12,2026-09-12T16:00:00Z,2026-09-12T16:00:00Z,13641254197538632744057720296719502664027559584926856704321560581755199673720,0.03,0.7,0.045,1417,
0x6429e797ca7fb35ca40ca2a70004de7ac87a3dadc41e931d56eadb29bc183e47,cfb-howrd-ind-2026-09-12,2026-09-12T16:00:00Z,2026-09-12T16:00:00Z,41059523312915591591865180559651255980919739155040203543893465063780802954434,0.0005,0.8,0.001,1417,
0x9da916101a3d3b51829130f44aea6f8b1ee4ccba855036ee45c8787da0f31919,cfb-ncat-ncc-2026-09-12,2026-09-12T16:00:00Z,2026-09-12T16:00:00Z,99293968395212220122169620092539393259579991517732822530680384006504096316658,0.065,0.8,0.07,1417,
0xe55b365b4e7304f5141cedd755fc5548fafce0cb09848d6337737e93ab85fe44,cfb-okl-mich-2026-09-12,2026-09-12T16:00:00Z,2026-09-12T16:00:00Z,81462839633767088322509883031654533473634194336300446168786741107784758384864,0.645,0.8,0.655,1417,
0xf38ff5009c4d2e5f92ad388a2aa409c1498e9ab3ea998a7253a3cc5043f950ab,cfb-old-vtech-2026-09-12,2026-09-12T16:00:00Z,2026-09-12T16:00:00Z,52939768084318400772471109759125777210036553839300835063061946599306197484370,0.105,0.8,0.105,1417,
0x1a537311915440521edf724bc217b60d25af2814863b9ca59d97a0e943592b43,cfb-ore-okst-2026-09-12,2026-09-12T16:00:00Z,2026-09-12T16:00:00Z,69932913409587102029695062942957051021080099794208481021896248251024221444016,0.945,0.7,0.945,1417,
0x4ad8726b352f444cd37d84b12e797b10ecd747a45de1ac98058bd4476d5ed9b5,cfb-pennst-templ-2026-09-12,2026-09-12T16:00:00Z,2026-09-12T16:00:00Z,113443995885020474210386773676509083607540000554855688416027583232025131031153,0.955,0.8,0.945,1417,0.045
0xebca87309d6dbb3691c46f582ddb4e3567407a49f816763947bd9ad3c292d0d3,cfb-sfl-army-2026-09-12,2026-09-12T16:00:00Z,2026-09-12T16:00:00Z,52740750917227972529906229392166314136337381262032877869443147001740829026747,0.395,0.8,0.4,1417,
0x8292d372e2aa2a9e180e1593a7e90260a34fba20c155d2238eccf4c4b9a0f11f,cfb-tmc-day-2026-09-12,2026-09-12T16:00:00Z,2026-09-12T16:00:00Z,106721328041826595565856652225260468538658458203833529177281210820053696800626,0.49,0.7,0.45,1417,
0x6591819ccb3f7a3654c5bca90567026c5e4eb220f371dee18e51d7e51f8390a5,cfb-wag-jmad-2026-09-12,2026-09-12T16:00:00Z,2026-09-12T16:00:00Z,94286236889563485496736782755064929818716012833150767994405754164298677545938,0.0025,0.7,0.004,1417,
0x87d596c92ef0e0835cd091408d30146c8a0e789301b47210a8d767f271f55bb1,cfb-wake-pur-2026-09-12,2026-09-12T16:00:00Z,2026-09-12T16:00:00Z,98965622288141739666980569674896401261496871249262213157152256316356708089160,0.585,0.7,0.585,1417,
0x721476938cb2192eacfb39b4d142f6ee478e0febb589a57ed17b2ef9d67200f2,cfb-washst-kanst-2026-09-12,2026-09-12T16:00:00Z,2026-09-12T16:00:00Z,26728074353305668792339202667623296601769096365692994481724469472885383967513,0.115,0.7,0.105,1417,
0x202acf25061f786cf1912b01f4130f62bd9ba7df71d04f181a00401855aaa8e0,cfb-woff-kentst-2026-09-12,2026-09-12T16:00:00Z,2026-09-12T16:00:00Z,14821001194875039757792034335831475903879541892015454262961965978450100651376,0.215,0.8,0.185,1417,
0x930012537c0689b626805acf75b5289d637af3b3ad1a42fdbc581e4d4ffce82e,cfb-buck-vamil-2026-09-12,2026-09-12T16:30:00Z,2026-09-12T16:30:00Z,10649779879505614064006326134015360487832096116956907327556055057882136315855,0.735,0.6,0.745,1423,
0xe317355782172fd1ef607bd4efa1cffe359cebf00173b272be054d7d88cfa1fb,cfb-mrst-lafay-2026-09-12,2026-09-12T16:30:00Z,2026-09-12T16:30:00Z,109410614233971268214596675171527915994073502455168516397214702101226892837165,0.14,0.5,0.205,1423,
0x3f816b5383a6d8f58fa96bbdc33d98784eb89edc2c7a63c275f17652df0651c5,cfb-wkent-ga-2026-09-12,2026-09-12T16:45:00Z,2026-09-12T16:45:00Z,3096691785758481407498912009497207615192024046109918265731272544134228962525,0.003,0.7,0.006,1438,
0x8ce8f35b68ba0b6ab5b44f8b144c041cf7f547e1d8b2fc93733277ddb67e7780,cfb-colg-cmich-2026-09-12,2026-09-12T17:00:00Z,2026-09-12T17:00:00Z,26698900262414932000072293362670141917907472939463121118676071609829383916323,0.095,0.7,0.065,1438,
0xa09cba732d077dbc0ce9baf8ed110fbfff2aa190d9d0eb41e94008d66c6cddec,cfb-holy-miaoh-2026-09-12,2026-09-12T17:00:00Z,2026-09-12T17:00:00Z,28966409148372598697938088832169067568396830047308515271082372847960157143552,0.0225,0.7,0.029,1438,
0xfc5145464efb8ce3e72fccc2419ee967fcf6b032cec621e6153ec1ed56c421e7,cfb-kcu-chs-2026-09-12,2026-09-12T17:00:00Z,2026-09-12T17:00:00Z,368825364314009840443641393454426570800506782384806555863658207435234436171,0.6,0.7,0.41,1438,
0x9310e6306e18789297cb3e8fdadba64085240c1b04bbb4955e45aa35e2e5d27a,cfb-tmrt-wvir-2026-09-12,2026-09-12T17:00:00Z,2026-09-12T17:00:00Z,10691747453781664325147292879031052444792164444233503416983945121109329407338,0.0055,0.7,0.007,1438,
0xca1f0a971cda19ab6bab65c6a337bc108c1fd4b0f2155451d7feefcd1d3ab52d,cfb-drake-niowa-2026-09-12,2026-09-12T18:00:00Z,2026-09-12T18:00:00Z,3427908631135606001174691717378281028335276568105997656224378064734907496362,0.195,0.8,0.195,1440,
0x00e2565cbe98c25f9d512d1f243ce5bbdaf8895dff266b7d87ab8e2d816cfb39,cfb-duq-yngst-2026-09-12,2026-09-12T18:00:00Z,2026-09-12T18:00:00Z,79135477442162605914949584350386853667480346958586176908110162577641152972949,0.075,0.8,0.07,1440,
0xdd46f4a14e8b90688e171afcd6593e66660ecab307a01cd76616878dfc8b8a27,cfb-ewash-sdak-2026-09-12,2026-09-12T18:00:00Z,2026-09-12T18:00:00Z,56445191854198483772868484828086718118324241519141488038416645770784491734110,0.16,0.7,0.155,1440,
0x9b7c17bcbc8fc352c8de87f10a994c6055c2b62625422b361beb11c76e6f4e7f,cfb-nmu-stmn-2026-09-12,2026-09-12T18:00:00Z,2026-09-12T18:00:00Z,103985234705505069826226124255654949723185687060877373992105350200090042105428,0.5,0.7,0.29,1440,
0x94416a441419e5bc7eb1a5e71edef0b50c9069c6601e59103efa955bbc3d217d,cfb-stbr-ballst-2026-09-12,2026-09-12T18:00:00Z,2026-09-12T18:00:00Z,50861043985853453891063603145273314224032759127376266550966638093002000328186,0.175,0.7,0.145,1440,
0xf5430b9db37121a0b70fd7228fe46e23ac0d9f36bfa92c5635c26f3957609b33,cfb-wm-lehi-2026-09-12,2026-09-12T18:00:00Z,2026-09-12T18:00:00Z,3526969150394144154590923558482577325661801133432467996749653171735922306999,0.195,0.8,0.22,1440,
0x3d94ffdf34414985cd2f69f0b8511414adb1d7e15a031fd100396327772cf12f,cfb-bwst-delst-2026-09-12,2026-09-12T19:00:00Z,2026-09-12T19:00:00Z,79534872697871867787212620797956299393172365714242774937827104714039421673506,0.5,0.8,0.285,1440,
0x4f9e6f2d34815b4b77d3fcd6881b74b8f4be0abcfe0c218a9a58b3ab6f46ad77,cfb-dxst-mont-2026-09-12,2026-09-12T19:00:00Z,2026-09-12T19:00:00Z,79206207845277714773496122597679171790175363853922696524897752455391225443969,0.013,0.8,0.0155,1440,
0x089089349eab28967cdb7b96462d5a55b9a57ad27de5422a25041f8b92b1594c,cfb-ala-uk-2026-09-12,2026-09-12T19:30:00Z,2026-09-12T19:30:00Z,31216074994290619712842404177499310034796907974479390507152678591662892009980,0.765,0.7,0.775,1440,
0x96affbea360ccd5a22613073cc9b1bea0ae617a38ccd5cdcb84dcb95dc68a4d1,cfb-arz-byu-2026-09-12,2026-09-12T19:30:00Z,2026-09-12T19:30:00Z,74008518720818395792502935611932257348597398345640651009247980967464815241089,0.285,0.8,0.275,1440,
0xe5b4853f41084d13fcc89869e26ed9c1f45cd4a96837a4b9b097ad4617cb8c4d,cfb-cah-syra-2026-09-12,2026-09-12T19:30:00Z,2026-09-12T19:30:00Z,42088746737122234508927984721046263032713916920068234484439148495967089219858,0.375,0.8,0.375,1440,
0xd04f5a4bca68d868cc3eb294038f5f993bdce26d50cc12e8c4df4a7910635dc6,cfb-cencon-toledo-2026-09-12,2026-09-12T19:30:00Z,2026-09-12T19:30:00Z,49362021209966068095014697892924252291867556845551536329367062893741911739477,0.0145,0.7,0.015,1440,
0x205ea709d281fbb1078afe771bb401828303213aa46f8ec10c074b23df0218a7,cfb-duke-ill-2026-09-12,2026-09-12T19:30:00Z,2026-09-12T19:30:00Z,34132781547941538582606262839287222013534353211444478893466146469678977239557,0.305,0.7,0.335,1440,
0xc55b9d7785b32d9474035dc0bdf6bc1750f66ce28f1e2c6370e301f218bf6181,cfb-emich-mst-2026-09-12,2026-09-12T19:30:00Z,2026-09-12T19:30:00Z,71361152266849672769653545737350738981618301607676603873110292629451393293898,0.115,0.6,0.115,1440,
0xafa08bc4321ec1e719c99fe12d2a3646b2267a34b286c5509a35be03b1ba7f7c,cfb-lamon-uab-2026-09-12,2026-09-12T19:30:00Z,2026-09-12T19:30:00Z,71513154724015999490289734377346151268535387675508535926802841288309822391097,0.245,0.7,0.235,1440,
0x889c46478bb44faa3b3e41ec17fe37378ca56623644f3c40dca714cd6bf067d7,cfb-mary-uconn-2026-09-12,2026-09-12T19:30:00Z,2026-09-12T19:30:00Z,63124075027570291550279830741756010136786656564276423114865572869023742389499,0.805,0.7,0.805,1440,
0x947de29ac16ca1d535d9f9aff43f7b893467824d5bc13f99676293440553828e,cfb-mspst-minnst-2026-09-12,2026-09-12T19:30:00Z,2026-09-12T19:30:00Z,100802768105899022029000594275640065709426367764545221157407094974203079869699,0.505,0.7,0.495,1440,
0x8c5aa42135cca162904ec3278e924a811dae52695a3b4c5778063d3e9a7d2333,cfb-rice-nd-2026-09-12,2026-09-12T19:30:00Z,2026-09-12T19:30:00Z,82239219498881860807983719053933931137617296834255826112013989838852898325474,0.0035,0.8,0.003,1440,0.9965
0x61f3dba22e3bcc45e065a38ea231253f7cb34baeb5f913c254e16892ecdca743,cfb-robms-akron-2026-09-12,2026-09-12T19:30:00Z,2026-09-12T19:30:00Z,23787862451176574140362270978712916158815387052890957238884033344310907674565,0.043,0.6,0.035,1440,
0x794e4c0def4d2889fe61665dbe3bcf336223da679a723b8b414163cb4b650052,cfb-sacred-umass-2026-09-12,2026-09-12T19:30:00Z,2026-09-12T19:30:00Z,109374307703169661830480873301151143672399650673617405070625308105996772226554,0.085,0.7,0.07,1440,
0x000748407760f9ec08bdba35494fcc6053b0b8d57527861ab1553850ac285ca4,cfb-ucf-pitt-2026-09-12,2026-09-12T19:30:00Z,2026-09-12T19:30:00Z,103636001590752213508534955918408404378164219159606999987860274937722299335838,0.295,0.6,0.295,1440,
0x3ee54a8d72c34142ff34af9d03ec4df20f02218e232af90ade8995022514e44e,cfb-utahst-wash-2026-09-12,2026-09-12T19:30:00Z,2026-09-12T19:30:00Z,45060258976515694230939837413611472587841502778261232760959404596187510388847,0.032,0.6,0.0335,1440,
0x3463e4f8d977830146b8db5ddef78dfb735a142d93970a434c1129913fbd49f1,cfb-utsa-txst-2026-09-12,2026-09-12T19:30:00Z,2026-09-12T19:30:00Z,83064297197326699774365514206731386354004678681723573412253135777987143121835,0.465,0.6,0.455,1440,
0x9f831119a60d1ff1479b0ba93a8fa44f9907de52838f23e38ca91f71896c4daa,cfb-webst-col-2026-09-12,2026-09-12T19:30:00Z,2026-09-12T19:30:00Z,94581494056382380148809438102955326140802602078349566505189832624968446323125,0.0145,0.7,0.0145,1440,
0xa0fb414251ec09a469b98a8f181e020ffa4ee5b27ba07079ea808ed35f1e0e84,cfb-unlv-ntx-2026-09-12,2026-09-12T19:45:00Z,2026-09-12T19:45:00Z,96273982308794997424379630771627080613956215161286482725139445231759675948849,0.575,0.8,0.605,1440,
0xf4a37afa0111272ba11e2bcfd350a80063dc2be1a1f0ee3469d223f4d87050a7,cfb-alast-troy-2026-09-12,2026-09-12T20:00:00Z,2026-09-12T20:00:00Z,7477700315482322593555295514981711170602720324953796945262530417481056951153,0.065,0.7,0.08,1440,
0x50f1c36bb36c70acea9e3f012eb664a4ebcfc802a3f488447681532ffccdfb3f,cfb-lamar-idaho-2026-09-12,2026-09-12T20:00:00Z,2026-09-12T20:00:00Z,5325880380636178933681727342065174290644587885181081113915045732288839122434,0.375,0.7,0.45,1440,
0x3487274817dc2dd5a4709317938944e511a92f1673eaefbe55b872febe9e763f,cfb-linc-msvlst-2026-09-12,2026-09-12T20:00:00Z,2026-09-12T20:00:00Z,952327603009950945347624369374103984941025957352047346082578184286379819052,0.5,0.7,0.69,1440,
0x5c8b2811eda28b61b67d7be7c46a43573ef727365ea1e965dad5bfce343194a6,cfb-mhud34ce7-nmx-2026-09-12,2026-09-12T20:00:00Z,2026-09-12T20:00:00Z,20302798625910742211198613905074426738158863602298124856142068364595090673200,0.009,0.8,0.0135,1440,
0xf9aa260b39ae8e6d99636ed8b27c5ffa4f4a9d2f25c0ac51e375959d8145320a,cfb-ncol-wyom-2026-09-12,2026-09-12T20:00:00Z,2026-09-12T20:00:00Z,93026105305678326841585766206850803024998180691026973652644766793056819299847,0.065,0.7,0.065,1440,
0xaed95257bcc973b425a904a63cf72d67445c4bdc1c7e99b241f4a2df4bcad5bb,cfb-stet-bcook-2026-09-12,2026-09-12T20:00:00Z,2026-09-12T20:00:00Z,5711349070486606527419275547348271525252736206398745882145045818877871546482,0.15,0.7,0.15,1440,
0xbfb75afbca8ae4625e491f7a645798f0886a66621b622907458227b378bcf60a,cfb-ucdv-smu-2026-09-12,2026-09-12T20:00:00Z,2026-09-12T20:00:00Z,17932843017064254171676484293973269430730401252008081702066644110010753321660,0.0235,0.8,0.038,1440,0.9765
0xef8ce9cac53f62771b0950e395ebc6acd5f0f5e83b80c4dc7393f78566ac7b7b,cfb-del-vand-2026-09-12,2026-09-12T20:15:00Z,2026-09-12T20:15:00Z,60447534866614385992644347848204056878764226467852600637072274850980746543328,0.085,0.8,0.085,1440,
0x92342bf1c486e741b8c5d5b13ae4e3a67a793e6195c3da40d96e4261f497a9e8,cfb-incar-narz-2026-09-12,2026-09-12T21:00:00Z,2026-09-12T21:00:00Z,22084890138249744885574400303086210455431140227789131710556063910191340374961,0.375,0.8,0.375,1440,
0x00a1f300d7b5bf0cf9e3ef3687996123ad6db65063825b04959cbb8469a51e57,cfb-merri-maine-2026-09-12,2026-09-12T21:00:00Z,2026-09-12T21:00:00Z,23687681882678049759663222197652263302653146863948059906047154507305350764938,0.23,0.7,0.225,1440,
0xba64b46095c40093249fe805f2c0bbe143947f9738e1a36c2db1e8f8ba5d721d,cfb-more-ausp-2026-09-12,2026-09-12T21:00:00Z,2026-09-12T21:00:00Z,20068054207021312339617010900944201397935634256937456436661627705518778986240,0.0155,0.8,0.0195,1440,
0xdb60ce19f9eca8c890cb319b28fad9e42e74c231c02858a70dffca6b21058bf4,cfb-camp-fl-2026-09-12,2026-09-12T21:30:00Z,2026-09-12T21:30:00Z,113123706804161981722954252064682956132196458394821459558318700670802916540308,0.0035,0.8,0.0075,1440,0.9965
0xf682ec5e256eb6502c7cbe096827d19b7d00e44a532932602abbe39cd0147e9c,cfb-bryant-hamp-2026-09-12,2026-09-12T22:00:00Z,2026-09-12T22:00:00Z,5978775494723324083883300185939294345092557884592596433277980220060251705653,0.62,0.8,0.605,1440,
0x68dfdaf37abeb8b5bedbfdc25ea7b05a8e707b98fa1a5a101725123996dedd90,cfb-buf-flint-2026-09-12,2026-09-12T22:00:00Z,2026-09-12T22:00:00Z,3225242129571603036285340978680158230493001683897612056228246041920141747774,0.235,0.8,0.225,1440,
0x2b368091f2aee40032a6526faa1b40db5907d873eccdb1ab810ff896d1be68c5,cfb-chat-ekent-2026-09-12,2026-09-12T22:00:00Z,2026-09-12T22:00:00Z,27303742294643762528645235149146443506343629614524984646639455905294299573150,0.595,0.8,0.605,1440,
0x57ce820525bf4ebd8581e350c286e3f705fb3b90d5c9ed2bdf90786e8a6b1fba,cfb-chsou-cita-2026-09-12,2026-09-12T22:00:00Z,2026-09-12T22:00:00Z,65877594280220319863592429690858206020511867283366830104168825371643326984881,0.4,0.8,0.485,1440,
0x38e029af041b42dfd2174dc346a72d0ac971e5604edd38be02ed403e9cefc047,cfb-frnk-but-2026-09-12,2026-09-12T22:00:00Z,2026-09-12T22:00:00Z,26181147012656673600553714707111652709549141342191727706367481673041535737590,0.5,0.8,0.4,1440,
0x24c544599cd2369d668bce2dd6f3709968ff9592c63121fd9d9ec2f850249fe9,cfb-furman-merc-2026-09-12,2026-09-12T22:00:00Z,2026-09-12T22:00:00Z,83792603794279203067298157360900483073408506212713562443412968364079183628805,0.165,0.7,0.15,1440,
0x615391de372bab7ebfa0a38150c1d79a0b7b2e5b3d103ba3b07a4633c11b6e00,cfb-jaxst-ohio-2026-09-12,2026-09-12T22:00:00Z,2026-09-12T22:00:00Z,103387630453227963925732388706255578309208549305747222286293929753982763152957,0.465,0.7,0.455,1440,
0xa942958e17013bb01c0c4f72defd1678311eb4fe028f1338be68396400bf61b1,cfb-mphs-boise-2026-09-12,2026-09-12T22:00:00Z,2026-09-12T22:00:00Z,28553195647515599044984155494329441159000017837211450603881213618225090189065,0.235,0.7,0.245,1440,
0x87c7e6c986145ac5cfa5b816d5bb56db008aaedbdc7c21e91e7b152d0c468e0a,cfb-stnh-nhamp-2026-09-12,2026-09-12T22:00:00Z,2026-09-12T22:00:00Z,47216628123379870230480412619227318599552743811711508427256075242884492038815,0.175,0.7,0.17,1440,
0xca32ca0f42e90b3301010287e9fcca4f5a61e55ca5e31f0d079cb6c4950091d6,cfb-usd-idhst-2026-09-12,2026-09-12T22:00:00Z,2026-09-12T22:00:00Z,26698647392006634919237987824085236058230435401602831905957554784989448984602,0.08,0.8,0.0445,1440,
0xe6cb41a2db32bb5cf9d88779d06f5984721de78b9f6f539a6e123a578ded9da2,cfb-vlb-morgst-2026-09-12,2026-09-12T22:00:00Z,2026-09-12T22:00:00Z,58573064072268590011382047219537501414558851009273249182983077820137335357175,0.5,0.8,0.31,1440,
0x862b3d77b9108f5ff2a11d1c61cf8ab919a771d30fec4bc6c767c946b0108139,cfb-vsu206eca-scarst-2026-09-12,2026-09-12T22:00:00Z,2026-09-12T22:00:00Z,19994702048032705374728500660597292521928397191180225398775136446489846038561,0.495,0.8,0.3,1440,
0x7bea15108844974bc74268a78677a36aba156d8a7df17400a07085d1b02424f1,cfb-monm-wmich-2026-09-12,2026-09-12T22:30:00Z,2026-09-12T22:30:00Z,56920010630981533601153441833391183356366539032453711508189619617453737076449,0.0235,0.5,0.045,1440,
0x1600d6e59a4889e9a688cbf4cd40e17b6b965dc9d5f60f561fb671483a2dc637,cfb-abc-houbap-2026-09-12,2026-09-12T23:00:00Z,2026-09-12T23:00:00Z,50874537473828717362953493005454230085589604545401528476948450339101827095871,0.465,0.8,0.14,1440,
0x7726082246338e588e660b62ce42b69c46d92a65424cc06808ecec97ec2a1a91,cfb-arpb-alcst-2026-09-12,2026-09-12T23:00:00Z,2026-09-12T23:00:00Z,1197802554901765646911284889937846965639405963701123854507228003197325755704,0.265,0.8,0.265,1440,
0x2addf84cd15ebd13bced8b6cadee990c37b2d85aabe27f75ecb8d4ced4f76d09,cfb-bowlgr-nebr-2026-09-12,2026-09-12T23:00:00Z,2026-09-12T23:00:00Z,48012135362153035388708447694500957896708852113679083717506136765659602565047,0.019,0.8,0.033,1440,
0x55c28d2e4a40b0a2cf65fd741e9f17b3c4cf57fb00118334aaaed0d70dbb7de7,cfb-gast-kenest-2026-09-12,2026-09-12T23:00:00Z,2026-09-12T23:00:00Z,107939236796469790663522449707281636290851021404487454290692083049043704137673,0.265,0.8,0.255,1440,
0xc1ab6a5f3254eba30a20afe8b285b94d0af5af16609bff1678fa40e34da73c49,cfb-illst-nill-2026-09-12,2026-09-12T23:00:00Z,2026-09-12T23:00:00Z,14067194564422392024279277652959451077365039158086822424165013205030718886404,0.565,0.8,0.65,1440,0.435
0xa60733f00d0cc645e3181e86ac32fb5053742df3f84b15f80e74cbf538d63431,cfb-indst-eill-2026-09-12,2026-09-12T23:00:00Z,2026-09-12T23:00:00Z,17888521763633784447907294851307664517981308530725492212194678413371364044776,0.605,0.7,0.53,1440,0.395
0x235e3aead03a675da6447330357794c457223ff18e6b2e57067cf314fedc4022,cfb-jac-msrst-2026-09-12,2026-09-12T23:00:00Z,2026-09-12T23:00:00Z,61432976676318085834858016653427089910213854418775900575761744248960901600248,0.125,0.8,0.115,1440,
0xd8c207c04bb6367c3c8214c038e00b37510a9cf51b6ef6a8919761dafe348ba2,cfb-mtnst-marsh-2026-09-12,2026-09-12T23:00:00Z,2026-09-12T23:00:00Z,6353840339887754997422714114089198388648837652937884760575590319699713214828,0.205,0.8,0.185,1440,
0x46c5bd9931d6068ecd9d9705caec1e1b9efd1f732c7d26a3206b8667f4e73b31,cfb-nal-selou-2026-09-12,2026-09-12T23:00:00Z,2026-09-12T23:00:00Z,98850928853667721518759247170865789877058731821819493594062941704789031702498,0.345,0.7,0.335,1440,
0x0de937e35a7865affb6dd354e3a986654bb7c3bfb3fb8777f802ace58b553465,cfb-nhc-sdkst-2026-09-12,2026-09-12T23:00:00Z,2026-09-12T23:00:00Z,89759892967159916462293563154593594880520109601616617661227751353703527351129,0.005,0.8,0.0185,1440,
0x62c04f2bd55753501f5d66e65f682f914a435e907d9bce20d72eb434b2e9fb46,cfb-nwst-txamc-2026-09-12,2026-09-12T23:00:00Z,2026-09-12T23:00:00Z,5909860448819309955479693925860688600489428687189247221069660885320037642769,0.115,0.7,0.1,1440,
0xbd3da965ca018e4f0f8cf54933d384e7307b117c248ade49c1fa4cfe7d0216f9,cfb-sala-tulane-2026-09-12,2026-09-12T23:00:00Z,2026-09-12T23:00:00Z,17013228819906909499617888100324184333504382440210459788928424938382985371416,0.235,0.7,0.235,1440,
0x3264293d9ea17bb4cfe8fa5b51b59c93a1d7b76b455896e72ac6dbbc3a95d5bc,cfb-samf-tentch-2026-09-12,2026-09-12T23:00:00Z,2026-09-12T23:00:00Z,10755212834221697815936090991967680608792616104861147860820656667692888174612,0.05,0.7,0.05,1440,
0x7bfe15afe501d23ff942cbfc5a7b6e2957647e84739c528b43f0c056572b706b,cfb-semst-sill-2026-09-12,2026-09-12T23:00:00Z,2026-09-12T23:00:00Z,6088856064226784322500028570911357691708485957212188866718311228474489834382,0.265,0.8,0.245,1440,
0x8551a11431b182f6e7a3f8539a618f90273ec9ac8b87df02360053aa44836069,cfb-south-hou-2026-09-12,2026-09-12T23:00:00Z,2026-09-12T23:00:00Z,74956744871422376371536166374193038233544198559962390796491593290846382385346,0.0065,0.8,0.006,1440,
0x531206e6331b3db0ed6414363e8dfde766475407de0822c7e2ee689b7b435fb8,cfb-sutah-colst-2026-09-12,2026-09-12T23:00:00Z,2026-09-12T23:00:00Z,47506581334147895396175573643682169417366443405868266301902863757975298322594,0.095,0.8,0.09,1440,
0xf85b3dc914ed12c09273a0a140706dc7cce918b870f62910a442048e10055f97,cfb-tarl-mcnst-2026-09-12,2026-09-12T23:00:00Z,2026-09-12T23:00:00Z,49228934996688332514770209597378575098446321974407918489312837596722657532722,0.895,0.8,0.91,1440,
0x4b1fea9184701a277b20f4a7b451b6c0fd2a50840b49980e6d47fd348147b689,cfb-tenn-gtech-2026-09-12,2026-09-12T23:00:00Z,2026-09-12T23:00:00Z,66953210661932613399442491875625214514499271639707165571276511061916674745007,0.815,0.7,0.815,1440,
0x81182b92018b68be46e77c7614c954d2fa732f1fcf7980aa5436911133c45e11,cfb-tenst-alaam-2026-09-12,2026-09-12T23:00:00Z,2026-09-12T23:00:00Z,96345945633462257423271477971659834792429699664125387641796333553348549766616,0.585,0.8,0.525,1440,
0x3febd7ae04b39fbbdb2d447a1cef131ffead92a623ec3402a3c9b026b0e7c73d,cfb-tows-sc-2026-09-12,2026-09-12T23:00:00Z,2026-09-12T23:00:00Z,49188947065791909085057701542056101056027244751877691894496790855416911778306,0.006,0.8,0.005,1440,
0x6ab4b4b6eb44b91e11c2720742f92e196f9c21bc886a11fb34ade058c982cd73,cfb-tulsa-smho-2026-09-12,2026-09-12T23:00:00Z,2026-09-12T23:00:00Z,78941748413036196933983987550594162411153729590706749896572811607902793728921,0.815,0.8,0.825,1440,
0x7706368edeac401df9700089a0324b803293ff3b2381de5b1176672341b02b20,cfb-ucok-cark-2026-09-12,2026-09-12T23:00:00Z,2026-09-12T23:00:00Z,69452182693871504104874284675091006346235260707559238636430569639331784868696,0.5,0.8,0.525,1440,
0xba122a9f2b66b0d09d21451c152efc6d4b7a04f5188caeebace1418a60bac27d,cfb-utrgv-nichls-2026-09-12,2026-09-12T23:00:00Z,2026-09-12T23:00:00Z,102036829829121880087463296605743337079032182961806748055927243514019818825446,0.655,0.8,0.66,1440,
0x48c785c6c857b0479ca2c7bb3a780bdc8debc5b39799fe854171df87e48a9fa2,cfb-uwg-arkst-2026-09-12,2026-09-12T23:00:00Z,2026-09-12T23:00:00Z,7389081014269843050370376762809555064049055969759443319659317447123212375590,0.0265,0.7,0.0315,1440,
0x52715db352438ba9373f78695a47839c28e74d348a197f64b2569a9b058ecf67,cfb-valp-murst-2026-09-12,2026-09-12T23:00:00Z,2026-09-12T23:00:00Z,80388214407671084099659571896201291980795811703606739789662534900220577418663,0.135,0.8,0.205,1440,
0x3d7027eaeb2c5da355f5917870c750bfc502e2f66f9a338d611d59c200858b4c,cfb-wcar-cin-2026-09-12,2026-09-12T23:00:00Z,2026-09-12T23:00:00Z,3614433950589080494459547718478774056675321513404563453169721651333474216964,0.0185,0.8,0.0265,1440,
0x6d55fc2728d07de69c49e6c0ea8b187600dcaa2363c357e730ecee83f5612b87,cfb-sdst-ucla-2026-09-12,2026-09-12T23:15:00Z,2026-09-12T23:15:00Z,75674362402957534274891764897081924137423154130495804022936910824120814453984,0.175,0.8,0.185,1440,
0x36f5a5d3725e78425acb3cb08c5ae6b842f57677089ee193f25027f0e7d0296c,cfb-will-wisc-2026-09-12,2026-09-12T23:15:00Z,2026-09-12T23:15:00Z,3146725934792678861506678631267639475215704904302693602114224222076071470610,0.012,0.8,0.015,1440,
0xf4b0e6ee9e742edc72699fbdcb2f5c8a2b35dd20fbf1d9e226e99f440ef7a26f,cfb-fordm-coast-2026-09-12,2026-09-12T23:30:00Z,2026-09-12T23:30:00Z,72745284064193838044739042874221378152104898375223191396268679848019382246440,0.0165,0.8,0.0215,1440,0.9835
0xb7c40cd00226b7bbca125d3d2458df898eefb8e165beb389ef031fb88b307124,cfb-gas-clmsn-2026-09-12,2026-09-12T23:30:00Z,2026-09-12T23:30:00Z,74159567706165423293489205652479716029752114689854631050284006203323854111203,0.095,0.8,0.095,1440,
0x2d5f2bc71b86769d689db5be2ca5ae537f3337a243f8f298e3c00a06a146b8c3,cfb-iowast-iowa-2026-09-12,2026-09-12T23:30:00Z,2026-09-12T23:30:00Z,72245987186092874176431817831891102662221228657594554872158636466062089688148,0.155,0.8,0.155,1440,
0x07909c0f375dc096ad927f82a783ef240cc4ce1f3b4b744f9a4d0d69111c2a0d,cfb-loutch-lsu-2026-09-12,2026-09-12T23:30:00Z,2026-09-12T23:30:00Z,105122096464837489787208538458907983130544880868708510216144489139150361184510,0.0095,0.8,0.013,1440,
0x6ecb8400937e46e5227a4950baf732776b7bc7398988e9fd0ceb5304f229310c,cfb-navy-flatl-2026-09-12,2026-09-12T23:30:00Z,2026-09-12T23:30:00Z,16319911944470679482519113185006618212512407151421724233883829584321173481521,0.645,0.8,0.645,1440,
0x8bbef2e02646724981fb9847906c7e549975ce502277754e16a0c4b8cc1eaa18,cfb-ohiost-tx-2026-09-12,2026-09-12T23:30:00Z,2026-09-12T23:30:00Z,41000997822684872172903756583488129490032687416926854214034413582717615098601,0.455,0.7,0.475,1440,
0xa25c5b2192764caa290cf1431c1ac7f2fe9c9a08cc212d418690f38b70b98ff7,cfb-txtech-oregst-2026-09-12,2026-09-12T23:30:00Z,2026-09-12T23:30:00Z,77861153003284711461174492767144825728985480436134894625525682168033308340959,0.955,0.7,0.945,1440,
0x4caada26c63ed4f8176e84744ff6cabc32397f01655acf1ee5f7b88a0737d735,cfb-charlt-miss-2026-09-12,2026-09-12T23:45:00Z,2026-09-12T23:45:00Z,60085604248642289110286545735993232589755221632845997581120709941957643184652,0.0025,0.8,0.003,1440,
0xd118ac731ac4ef6fab688756d8860ed6ba932358d9375be626adb626db418812,cfb-soumis-aubrn-2026-09-12,2026-09-12T23:45:00Z,2026-09-12T23:45:00Z,83832626963770442955401646730131547458477239919664327295265715507300530380518,0.0215,0.8,0.0245,1440,
0xe7a7815dc1bfbbfeadd6b7b7c6dd550f910ba2055e3cb3c3a97db52a1b8c4a58,cfb-grmbst-tcu-2026-09-12,2026-09-13T00:00:00Z,2026-09-13T00:00:00Z,42133909961775432019065146462673477844768526902335821141477739258229701763611,0.003,0.7,0.006,1440,
0xf4d895be89482726507fe32c5b29880892af4603fae7d9d2621659e6e8ba7b8f,cfb-pvam-bayl-2026-09-12,2026-09-13T00:00:00Z,2026-09-13T00:00:00Z,7822592174910759590410956008825121526839465376631313947792328688182604954594,0.007,0.7,0.0115,1440,
0xe96311b8ba660c80c035ac5841c7ac6e561a159f9f92b0d7954140bba6a477e1,cfb-sfaus-abchr-2026-09-12,2026-09-13T00:00:00Z,2026-09-13T00:00:00Z,7833452465458400203401701296589240642704203498533534518403376684807198829416,0.59,0.7,0.545,1440,
0x95c0a1e4fba2aac7e6b2d6428259acfb9f5615fc42adbe9a74e8043ea22fd67a,cfb-calpol-sjst-2026-09-12,2026-09-13T01:00:00Z,2026-09-13T01:00:00Z,100948056747253563716735779005069634893844903201760344528208453126087204391258,0.075,0.8,0.085,1440,
0xec4fd955aae69626d9e23fd6ac0568f577ebce95ede5c51688b8419a59776991,cfb-txs-utep-2026-09-12,2026-09-13T01:00:00Z,2026-09-13T01:00:00Z,48781462371489149545008280444492457076940546846383083400065329354819172273533,0.0515,0.8,0.046,1440,
0xa01954bba41357eea031c19c63550209ad1985dd69efbe762815af1436fee030,cfb-ndak-portst-2026-09-12,2026-09-13T02:00:00Z,2026-09-13T02:00:00Z,85860531697140484810816595014035863023375397918288945891265788989025946307624,0.9445,0.8,0.954,1440,
0x0c8fe9d18387c60f3f47b738f6bad5d967150fea770217391b4fd848dd9cccd0,cfb-ndkst-airf-2026-09-12,2026-09-13T02:00:00Z,2026-09-13T02:00:00Z,61344355543185202504480858504993417244430332419614468394784157140101953495392,0.525,0.8,0.535,1440,
0x70e4db596762849b01b5fe04ff1a7945a1fb96d1dd75d0566fea7d14b1d79846,cfb-ark-utah-2026-09-12,2026-09-13T02:15:00Z,2026-09-13T02:15:00Z,70159293808500754722628419365069254582124838000247604299408176981973846361697,0.175,0.6,0.195,1440,
0x1236cac78c4c7d0425542449efe31730157ca4ea3e79b58f717da1b999ec76e6,cfb-monst-nevada-2026-09-12,2026-09-13T02:30:00Z,2026-09-13T02:30:00Z,57413209397325624606930151235313321809971367183918127497740354082744864046870,0.655,0.8,0.605,1440,
0x6f44b72109e03f37a1c12562b3f20d7b7bc992812fdf17eedfe541fae889c4e3,cfb-sacst-frest-2026-09-12,2026-09-13T02:30:00Z,2026-09-13T02:30:00Z,105861645324054014348855445175703275480213378504314949138410214489682458871678,0.115,0.8,0.115,1440,
0xe9597f276a4ee812bdf943451ecc610627b43d9bfa77fa42c27bcefb463dafb9,cfb-loulaf-usc-2026-09-12,2026-09-13T03:00:00Z,2026-09-13T03:00:00Z,62440465929093274490794890807802033552114403677853667639602684449502705902403,0.0195,0.8,0.0215,1440,
