condition_id,event_slug,cutoff_utc,pregame_trades,pregame_shares,pregame_usd,final_shares,requests,all_time_shares
0xc350c67905c6c3b294f7d0296a27af3b221f2f53ace61817281ef9bd2f7ae059,nfl-mia-atl-2024-08-09,2024-08-08T23:00:00Z,7,634.836353,275.25,13617,1,
0x2c9e06b6e56eb626beea2493361a7eed6d6f5225ae11f1039a441bdb38ddbcb9,nfl-ne-car-2024-08-08,2024-08-08T23:00:00Z,27,900.884891,419.76,1313,1,
0x1e4cc8b71d164b61c11a01e20050cc89a4a614a24c1091c14aa9adc05896b05c,nfl-nyg-det-2024-08-08,2024-08-08T23:00:00Z,29,7961.313313,4198.26,17900,1,17899.997585
0x1e0e3376d6e50157035c946bbc714815af44b9f017a454f91c2df93e7221bfe8,nfl-pit-hou-2024-08-09,2024-08-08T23:00:00Z,9,5763.648427,2681.11,23421,1,
0x7613667579785d4f6e981e78d81099bb48af4c8a37f3f54aafaabd629691511c,nfl-bal-phi-2024-08-09,2024-08-08T23:30:00Z,13,99.473666,51.14,8159,1,
0xd46869ee4d90141f2fab3a40738a0edb33fe94e2d355d08aa4de978247f5aab4,nfl-nyj-wsh-2024-08-10,2024-08-10T16:00:00Z,14,805.079258,384.07,805,1,
0x41c0924d37aeb35920ca4d1678f54adf62091ef2cdf4ecd0b5b14ab8a94a4cb4,nfl-buf-chi-2024-08-10,2024-08-10T17:00:00Z,33,23393.289236,12314.16,23414,1,
0x0d8cbc863ef16e86b99663877df5b7c636a76168ee3eb042a9a66967c4de150f,nfl-min-las-2024-08-10,2024-08-10T20:00:00Z,25,12417.333894,5724.95,41294,1,
0x990dde5becba8babe20283331f3bdaccc711022f5c578bfd1c03af958dec40a4,nfl-cle-gb-2024-08-10,2024-08-10T20:25:00Z,25,14070.226814,8300.46,14096,1,
0x3e3a32ceb5076f7659a8a66b4ed8324fbf9f80c2439bbe53ccb16b30fed1e0a0,nfl-cin-tb-2024-08-10,2024-08-10T23:00:00Z,22,7541.321675,4067.13,7556,1,
0xba8ef02cc8e9819d8d46954f568d98abd1d43cc5d4647eb916020a79a5a5d20f,nfl-jax-kc-2024-08-10,2024-08-10T23:00:00Z,10,1694.725578,856.28,1726,1,
0x0ad68cef63e0d6fc1700ca4ea272a70c409e1a52ce93a6cc6373f711dba7f1d5,nfl-ten-sf-2024-08-10,2024-08-10T23:00:00Z,26,11892.684522,6440.49,12393,1,
0xa50376835907c3e8a4a5c71920b3603933cf9e4e52607c751dae5142cf670c40,nfl-lac-sea-2024-08-10,2024-08-10T23:05:00Z,25,13365.586088,6930.09,13496,1,
0xf560a49cec303d35f21cbfe9e15f854fb5a4438d374f4835213042b7ce4b8b83,nfl-ari-no-2024-08-10,2024-08-11T00:00:00Z,31,12836.794499,6824.9,12837,1,
0x4767200a3408052dbd2a28f00b4eab336eb8fab551093529d7314e9d4604a3f0,nfl-ind-den-2024-08-11,2024-08-11T17:00:00Z,40,14953.257343,7459.16,30112,1,
0x50b55c2f36de0c195b944b569824f1e6239d8a16905c8e85dee272a7514e96ac,nfl-lar-dal-2024-08-11,2024-08-11T20:30:00Z,47,12902.627876,7795.69,74059,1,
0xdcc5d1482abf4ed554b1efdfce19a82bd04edc346d4afb79051d943c6959dde5,nfl-ne-phi-2024-08-15,2024-08-15T23:00:00Z,164,37182.404229,20143.81,50212,1,
0x5f1043f4ce5bf0fe03ad5e4735850301126fb2d1216ad7b7573195a290b62865,nfl-bal-atl-2024-08-17,2024-08-17T16:00:00Z,57,9689.971818,5103.86,40931,1,
0x57d1dfc8ca922ecfe16667986df35fc388a97f049d348c194f625ab13ed0154d,nfl-chi-cin-2024-08-17,2024-08-17T17:00:00Z,76,12693.610344,6679.8,19002,1,
0x9701113c83ca981a88f6ccec69bf84663e4fa7f01d10afd868525f83869f063e,nfl-hou-nyg-2024-08-17,2024-08-17T17:00:00Z,61,4670.300715,2450.29,7676,1,
0xd065c173a6bffdc34729032db34910d0672b834bb2ebee10e835896f2d434342,nfl-kc-det-2024-08-17,2024-08-17T20:00:00Z,74,19332.081879,9793.05,48539,1,
0xec6411ce19f9d29c5b4a7465a848b22a1fd638a8a8fe496f30ff10b6d0811248,nfl-lac-lar-2024-08-17,2024-08-17T20:05:00Z,46,9209.57192,5196.79,39554,1,
0x72518793d4b046de4d936caa9da59d4e69cd47ee0bbf985b1a4ee6a76efcdd5a,nfl-cle-min-2024-08-17,2024-08-17T20:25:00Z,109,14123.322492,8521.78,39188,1,
0x7fda23e1a1c7476ece931a79f4a92fa2a4a41f8536c16e5abb02bd0fd317e622,nfl-car-nyj-2024-08-17,2024-08-17T23:00:00Z,49,19057.813959,7985.51,20914,1,
0xf2bcd3865b1fba3de43071a0b4dd3d44291e1f16369a1f268c791b75af4caeeb,nfl-ind-ari-2024-08-17,2024-08-17T23:00:00Z,42,13194.430521,5681.07,17817,1,
0xd8539357e014b7d3c37786f1a2262c0f898643ba4b1043dfef2764e65a4bd773,nfl-mia-wsh-2024-08-17,2024-08-17T23:00:00Z,39,5627.140444,3080.06,12594,1,
0xb6c45df45afa17cc21abd3af127d0540c4c51204342ae69eac432f0d178ae0cf,nfl-pit-buf-2024-08-17,2024-08-17T23:00:00Z,35,13080.459412,6296.74,27781,1,
0x3e5d40fcb2c79f084acc7e176ec5ce529c2a388530ad488e4778be3610f79c5f,nfl-ten-sea-2024-08-17,2024-08-17T23:00:00Z,32,8118.702563,3922.31,19309,1,
0xbf2ecb2b64da976757a8a3bf62475fb1d912f7b3a097b3ec3c92694d5710e60e,nfl-jax-tb-2024-08-17,2024-08-17T23:30:00Z,32,5494.044347,2505.74,7050,1,
0x970d0ca607116afdcca224523c90ce658702d8e2e49239503845e1e6099cda95,nfl-las-dal-2024-08-17,2024-08-18T02:00:00Z,170,15113.887986,6589.23,25549,1,
0x884c5de214280e76b56291f82d5aecc193a95b71e893478074950bdb0a9f5b00,nfl-den-gb-2024-08-18,2024-08-19T00:00:00Z,116,17583.536603,7592.54,29150,1,
0x2ed1602eb5bf33927d77bdde59f90de9b4ee2752d6de714b3a4b8abbeed450bf,nfl-sf-no-2024-08-18,2024-08-19T00:00:00Z,80,17812.41397,8592.27,29388,1,
0xe2da54b2f6d553085bf7091ac0b6739bce0fc0c5c44648f77395e4b58e5aa93c,nfl-cin-ind-2024-08-22,2024-08-23T00:00:00Z,114,17421.771726,9203.34,43713,1,
0x76e42239de73b10966339de8272649e336f2a0357f669b61234252fcc644dea7,nfl-kc-chi-2024-08-22,2024-08-23T00:20:00Z,82,15629.648504,7745.75,20139,1,
0x43b923284854c7a6b56dd88b855363155c228b6442d1faea064f6daa58c287df,nfl-atl-jax-2024-08-23,2024-08-23T23:00:00Z,57,4445.253227,1976.67,11126,1,
0xb0151072ad9cb68b4f13b9a5ab8aac12767551f1c85a9f254f8cf5a8314e9e9c,nfl-tb-mia-2024-08-23,2024-08-23T23:30:00Z,67,6953.679035,3512.0,12253,1,
0x1044aa08aff25e27c01d9faa26e007abd463efdfa85c176e007dae2db6658af7,nfl-las-sf-2024-08-23,2024-08-24T02:00:00Z,70,22404.093499,13199.32,42904,1,
0x7a2f53799cb7bc9535aec3ee7b582040c830507196c6ecd773102f08e21e3493,nfl-buf-car-2024-08-24,2024-08-24T17:00:00Z,47,8959.228889,5227.02,12349,1,
0x8aa01c2023dec214914bb4b80d48ab4a0c48cdc2d99e055f566936423f16b999,nfl-det-pit-2024-08-24,2024-08-24T17:00:00Z,45,7151.924997,4203.36,20103,1,
0x6bfc0bc891c69a2bdb32cbd9712df1a3401b63e30f3d689013606248b88308bf,nfl-gb-bal-2024-08-24,2024-08-24T17:00:00Z,55,2742.402028,1411.34,4448,1,
0xd22e5e61d706d872b0227f7bf2c6f16a1b04a99cee1a645995e2d935d5d719c0,nfl-hou-lar-2024-08-24,2024-08-24T17:00:00Z,44,4338.107559,2038.5,7748,1,
0xd7d0a90ed9ce9a2dc531dda0b0dc2686370bf75de3a6cc48a64548e4fabb2d64,nfl-phi-min-2024-08-24,2024-08-24T17:00:00Z,42,3164.082053,1622.83,5882,1,
0xe990f0940fba8098df9da1199572ba8bb303c8bd9d91a61db86b9e041377f477,nfl-dal-lac-2024-08-24,2024-08-24T20:00:00Z,44,1507.727423,932.86,42613,1,
0x89ec43443f68e7c9272dc64350883bf164522e50bb83784399bc899388cb656d,nfl-nyj-nyg-2024-08-24,2024-08-24T23:30:00Z,73,17887.000288,9539.74,35488,1,35487.617389
0xc2e3c69f9509b28c8b1fa36914541acc372dbbd9be23ad943db18b5d51b0e57d,nfl-sea-cle-2024-08-24,2024-08-25T02:00:00Z,53,7518.747053,3891.55,27842,1,
0xc206473e788a1d8f149e1f382284b9a15d8ad3c321598eb44a2d8f5c1b37cac6,nfl-no-ten-2024-08-25,2024-08-25T18:00:00Z,50,5977.255398,2782.3,44742,1,
0x638f8aed0408872de787a6a43ceba228077f0f7e30293e851698f7c41513799c,nfl-den-ari-2024-08-25,2024-08-25T20:30:00Z,62,8141.773011,4399.68,28754,1,
0x79d3128ebb405b12f275bfaca69eee3c0670bb314e9460fb1c0547ec9a356e21,nfl-wsh-ne-2024-08-25,2024-08-26T00:00:00Z,65,3285.715575,1696.1,20410,1,
0x67fa536f0656849558b515fc5ea695dddb24a3677315c00517b25390ada9531d,nfl-kc-bal-2024-09-05,2024-09-06T00:20:00Z,361,118002.877119,58424.94,357729,1,
0xabb102227925a54804e3bf05e074e8065251bd34d23ded396252118b891216aa,nfl-phi-gb-2024-09-06,2024-09-07T00:15:00Z,334,131552.963354,66546.92,429116,1,
0xbf9e9ec65dde46de974233c8521c11900ed79c5d5a7efa7f5e057a799e6ac075,nfl-atl-pit-2024-09-08,2024-09-08T17:00:00Z,152,106932.658276,55046.44,173139,1,
0xf3a8040acb7eaad81bb683dce8abb999921114c8a20003b745db93a8b8c23e3e,nfl-buf-ari-2024-09-08,2024-09-08T17:00:00Z,160,73259.317489,36752.46,167536,1,
0xe9f3b8c276c31b82fafc0664892ec1418973a8a2b42804bd9533571288cff543,nfl-chi-ten-2024-09-08,2024-09-08T17:00:00Z,154,110633.367057,53103.46,140677,1,
0xb660bc7638057be462e8a0a5d902e4a4067165ecc478128e2722aa430c29dc4d,nfl-cin-ne-2024-09-08,2024-09-08T17:00:00Z,154,94891.953774,44110.47,157796,1,
0x216c3740661ac7f68a60c329fb7ee648553b995b04efa865d7e1c1388c46acb8,nfl-ind-hou-2024-09-08,2024-09-08T17:00:00Z,125,48350.239573,26402.93,76738,1,
0xc56a15f5807c6b385c4455ae939f0c4eaa188cb3864dc42431227d64520cea04,nfl-mia-jax-2024-09-08,2024-09-08T17:00:00Z,121,69101.971499,35078.72,119288,1,
0x33b9d78c22e386934619b56f364add2575bd52ee65efce66d81cb2b9ce02d176,nfl-no-car-2024-09-08,2024-09-08T17:00:00Z,241,88999.016507,45178.38,115094,1,
0x9cbf74b70ecf4fa8b5012f32a51eaac13dff8375b953d28168cbf6d5f7147ea4,nfl-nyg-min-2024-09-08,2024-09-08T17:00:00Z,157,98417.746261,48411.91,127587,1,
0xffc57722ef27e8bd300466527140b98650feb700f47e25b0242a4e8e2f55ded1,nfl-lac-las-2024-09-08,2024-09-08T20:05:00Z,130,43666.529838,20451.84,95873,1,
0x8a01543e2814dce9a9ea5a01af633656db4c799058c5c61e3b66fb6a51749e2c,nfl-sea-den-2024-09-08,2024-09-08T20:05:00Z,110,36409.064292,22183.61,147685,1,
0xbb7f1a9cc64c8a6a2716984b7bc476f2187eac544bc761322cb25466c3411af1,nfl-cle-dal-2024-09-08,2024-09-08T20:25:00Z,147,64485.9173,31208.55,118457,1,
0x4184b911bde81c5dec5a972626640ebcd522eb2e47f5dccbf2d77f229d4f6ed9,nfl-tb-wsh-2024-09-08,2024-09-08T20:25:00Z,110,72017.315311,39100.98,136862,1,
0x1d517b0f8156207d3cdbd6a8691de86f2b013b3812c216100203c91f75ff08bb,nfl-det-lar-2024-09-08,2024-09-09T00:20:00Z,249,163783.292016,77574.51,329714,1,
0x5906417c5adbafee37c4ecbb89a5ec860930a135d42a9f18ad1163ed7b08539a,nfl-sf-nyj-2024-09-09,2024-09-10T00:15:00Z,598,543955.74817,279250.0,890024,1,
0xca4898518746987457d80d96f7531b918414f8b1b9d361e6d011461d07201be4,nfl-mia-buf-2024-09-12,2024-09-13T00:15:00Z,547,163369.264669,81933.8,544875,1,
0xfec0062eb32622dd29fd82d3e6e90e4907021e166636b915880d3085c0a7751d,nfl-bal-las-2024-09-15,2024-09-15T17:00:00Z,123,42792.760051,24491.31,87643,1,87643.223058
0x99e65b09100575db283ecae76910312cbd66c1d4fe9e2459a22135bb51a7077e,nfl-car-lac-2024-09-15,2024-09-15T17:00:00Z,142,52483.248201,26098.83,74360,1,
0x017df324230a7e4f2792536319803e995afac1e3d8b2da946612d5a5233f7d41,nfl-dal-no-2024-09-15,2024-09-15T17:00:00Z,134,49172.888782,27591.37,97556,1,
0xb8af154cab512b8323367dba0620040f1c39281b2f66e36f4f3559814dd015c4,nfl-det-tb-2024-09-15,2024-09-15T17:00:00Z,129,19784.445328,11532.96,66095,1,
0x62a027ebe52693150b0bf6fffe69ed065ef269ae392418576abcd8df3fe521a3,nfl-gb-ind-2024-09-15,2024-09-15T17:00:00Z,149,58199.715641,28488.28,69476,1,
0xc72e7716ef254edc034a6c25ab6d8791ee9f858394851c6de00e24cf774d6024,nfl-jax-cle-2024-09-15,2024-09-15T17:00:00Z,186,39974.702411,19936.83,67541,1,
0xa84e39e7407fe99b0bd40044ebb384bca68b74bc0ddc47a771e9feeb0b262c02,nfl-min-sf-2024-09-15,2024-09-15T17:00:00Z,168,48219.660528,23323.24,125453,1,
0xe65e20750773b7d1d006b90697b0affc8946cbc673c4f921b08f14f8fc70ad3e,nfl-ne-sea-2024-09-15,2024-09-15T17:00:00Z,103,44192.831951,23297.52,75264,1,
0xf77eb0eefbb6f4f3160b1a7bae3da902f1297786be7cb74797c2788f3c1dd444,nfl-ten-nyj-2024-09-15,2024-09-15T17:00:00Z,143,53217.059651,29922.03,96113,1,
0x1de298f909a4d4b4b42c2f428c5d028dbc0c8c606cfd692aa116c69a4ab63346,nfl-wsh-nyg-2024-09-15,2024-09-15T17:00:00Z,105,15092.424343,7150.71,63213,1,
0x31233564f67d76c00bd9fe2bf0d4fd9490d0988d2633bb5303088ac86a9782b1,nfl-ari-lar-2024-09-15,2024-09-15T20:05:00Z,137,20485.763552,10289.0,103455,1,
0x4ba4df57f1b400a5eeb1ac62f2e684bca2f3bc5843b9f2f07125334f4f7747dc,nfl-den-pit-2024-09-15,2024-09-15T20:25:00Z,126,48209.124333,21630.29,73451,1,
0x0f57082a94f7dc3c3bd2bea1dc5f55c7b3f4b1886254027ba1ac314d40bf201f,nfl-kc-cin-2024-09-15,2024-09-15T20:25:00Z,165,49036.16003,32496.28,304397,1,
0x83c0226137dd64d6bfc583aebd16950e4d16ddc6a6da785dcd5c3805dff2d0e6,nfl-hou-chi-2024-09-15,2024-09-16T00:20:00Z,278,200220.635833,104157.51,400680,1,
0x54eff4c60c8b11048ba974f9bb96234b682c2c565b645b4edecc6234c5ae5cda,nfl-phi-atl-2024-09-16,2024-09-17T00:15:00Z,414,175227.016044,91875.48,375113,1,
0x5bb5af1799c00bb0457265306e8d86853e502497923a0eb4e6704d3b296b8d96,nfl-nyj-ne-2024-09-19,2024-09-20T00:15:00Z,599,476824.428089,256570.54,678907,1,
0x073c48ea05aad528c3e0fa72629550c7256a54b9b5646adbc259627535a752ba,nfl-cle-nyg-2024-09-22,2024-09-22T17:00:00Z,186,98607.859881,48668.79,122627,1,
0x18eaf2284aac18152bef60a8d60bc67baa806e9f13676b395f7922bd70b4589d,nfl-ind-chi-2024-09-22,2024-09-22T17:00:00Z,115,58936.410499,29540.63,80254,1,
0xdf1b68ea6212c051591e189caee9545d1ce132aa9384f41d5b4116222b94d2b3,nfl-min-hou-2024-09-22,2024-09-22T17:00:00Z,119,34797.870371,17115.59,52376,1,
0x105d010dd18eefdfa9a45230586dc7a436b90130c1482f61e118789d38e794cf,nfl-no-phi-2024-09-22,2024-09-22T17:00:00Z,157,44314.30358,22483.8,112287,1,
0x15642633c4a040c162082a2a0ef533aa98fd1e36703b29522002676a646243d4,nfl-pit-lac-2024-09-22,2024-09-22T17:00:00Z,166,141515.007938,74999.1,175655,1,
0x103fa51edb3629ddfa0454dfd2521b9dd595c13f0f48434ab5325f897c36a5cf,nfl-tb-den-2024-09-22,2024-09-22T17:00:00Z,162,55592.783546,25786.11,79720,1,
0x34e342f2f3c299d78c0728b9f72ebbcb0eee597345f98e163c3b673b9308a39d,nfl-ten-gb-2024-09-22,2024-09-22T17:00:00Z,145,60140.585098,30392.15,72612,1,
0x8abe25bd661e0c22c57c64be6c7dfb86ca9f35ba7c9cd48b828b4b03d45ea057,nfl-las-car-2024-09-22,2024-09-22T20:05:00Z,146,63253.292736,34621.7,95697,1,
0x884bff7c5d6501c00b5172fbd314f404f6016033005a9a5f14daa57731e37022,nfl-sea-mia-2024-09-22,2024-09-22T20:05:00Z,163,48434.718717,23160.05,112722,1,
0x7c8ebb1e419333ac91793baf21b277d9d7c06f402340c0047d3ac092742d8aad,nfl-ari-det-2024-09-22,2024-09-22T20:25:00Z,134,45441.511264,22171.82,65417,1,
0x37c117260de106df94b971e3fe99ffde3d3cb58a693aa36fdb881602c942f850,nfl-dal-bal-2024-09-22,2024-09-22T20:25:00Z,152,88318.59423,43797.8,130109,1,
0x2857c3220d39c5027597520757d2656eeb76bb400fcc02c18065745935df81a2,nfl-lar-sf-2024-09-22,2024-09-22T20:25:00Z,134,68732.187269,32194.15,112907,1,
0x05d4740cce1eca97cd4729f8195793bbb086420feddb68b24df1a43fc8d93a2b,nfl-atl-kc-2024-09-22,2024-09-23T00:20:00Z,263,113460.144791,57544.74,343965,1,
0xdf8ee7efcddc952e3b2f0ad127bf368b6f5866041ed448b9478b46cf407a37ee,nfl-buf-jax-2024-09-23,2024-09-23T23:30:00Z,309,230759.232022,114121.7,363504,1,
0x0acb9c9e2267f849236855b919dbf4be7ab44bfa8ac30a813580404cdee8c459,nfl-cin-wsh-2024-09-23,2024-09-24T00:15:00Z,233,118093.31849,61947.0,316162,1,
0x652913133a6f632326d2e7c5e60527a9a669bc71f44a1eeec3c31b6db7d5cda7,nfl-nyg-dal-2024-09-26,2024-09-27T00:15:00Z,626,356086.441945,198472.76,627008,1,
0xcbe2d0aac9664d45eb36a19f54225eeb579ecd62937b253a6bb096395a443c8a,nfl-atl-no-2024-09-29,2024-09-29T17:00:00Z,220,95686.692526,48985.48,134560,1,
0xa4a7aa6dd85b4d4fab1e1f2ba4a4eccf506526db0c8a4433f0e6f225092c0010,nfl-car-cin-2024-09-29,2024-09-29T17:00:00Z,189,43473.072462,21575.84,59511,1,
0x272f7df2f13caf5ace7d4f17dd137cd44b496487aa8540dd7620ec520baa0b26,nfl-chi-lar-2024-09-29,2024-09-29T17:00:00Z,308,49795.249958,27156.17,83968,1,
0x9f8142a1fa632341d611b5f3ee1403d358150e4b598c972232f721bde5edfa0d,nfl-gb-min-2024-09-29,2024-09-29T17:00:00Z,185,41269.778665,20439.51,65720,1,65720.499444
0xfa7290587067f8d1ceb9ceae72efeb6fb6f4c10d93d73f4634f2e74310b3628e,nfl-hou-jax-2024-09-29,2024-09-29T17:00:00Z,229,93897.086216,60693.33,112242,1,
0x1e26117dc82f914260700a10b5e022cc1d570848b515158e625d0930945afe67,nfl-ind-pit-2024-09-29,2024-09-29T17:00:00Z,170,50412.440424,25600.13,66515,1,
0x5b2339d72e8f02392b5a74693e02934150353feb901c5196e921a40d0a4367dc,nfl-nyj-den-2024-09-29,2024-09-29T17:00:00Z,208,90608.302802,47483.36,115988,1,
0xebff4b1708c508716258e6303b0a05ea43f4ed62a1dfe430831e83d5c2386dcd,nfl-tb-phi-2024-09-29,2024-09-29T17:00:00Z,153,29716.345618,14530.62,40517,1,
0xf480adf1c942b5e4aa5ff9e51db8be777a8da7faefb80dd6da1085c3ba59ba0e,nfl-ari-wsh-2024-09-29,2024-09-29T20:05:00Z,166,25025.657866,11979.67,41289,1,
0x667965f785612624876538361c301d384cbee1a5ce89dc544619e01560403a72,nfl-sf-ne-2024-09-29,2024-09-29T20:05:00Z,191,132722.851996,53719.12,185224,1,
0x0a5311b34d89ffccce641ae149eab72b5b74b057d1e11bd95d028813a38907dc,nfl-lac-kc-2024-09-29,2024-09-29T20:25:00Z,187,33313.688957,15549.58,91390,1,91389.660275
0x7fa31e54b19d2d046dfa6c673453678ef944e624b6ebd1162111e9e1d5f62fdc,nfl-las-cle-2024-09-29,2024-09-29T20:25:00Z,210,182559.763749,95747.54,219835,1,
0xf2a81980abbc8cd3d287ecc144cf2a362f0a882f0fb6e106879907d194f678f3,nfl-bal-buf-2024-09-29,2024-09-30T00:20:00Z,355,208265.944976,109967.83,327245,1,
0x6f278af04fa068bb6e63159a2751a9cff9f094e54e0c916cb4b980fe949378dc,nfl-ten-mia-2024-09-30,2024-09-30T23:30:00Z,97,39035.431541,18667.76,92129,1,
0xdbe900186aaef649b672e407d4a8901e7a5f4da166cdb92d06ff583811c37c82,nfl-sea-det-2024-09-30,2024-10-01T00:15:00Z,112,57090.489477,23816.04,189875,1,
0xa6d683bafb25ddcef6bd522d3224b781ee5a12f00ea7235246ebf052926304ba,nfl-tb-atl-2024-10-03,2024-10-04T00:15:00Z,502,196361.556602,102669.48,375899,1,
0x827178bf213dfd8a2455e02e8051d625a8800f6a27f30a2273f71b75ba072776,nfl-nyj-min-2024-10-06,2024-10-06T13:30:00Z,286,91873.111171,48853.53,177328,1,
0x5b1ab931423c81a7c11b9d177fa91cb807950af379acaebed48f04cbb7437ade,nfl-bal-cin-2024-10-06,2024-10-06T17:00:00Z,138,29982.103281,14705.81,70851,1,
0xb1cd505a867ae9e24c1157781d042a792ef8403971c278b5325b394aa0fca0b9,nfl-buf-hou-2024-10-06,2024-10-06T17:00:00Z,123,18378.759745,9467.19,72788,1,
0x350ec8e72d395546f9659ca24d0268b2af2773515886e14643df6c7041788572,nfl-car-chi-2024-10-06,2024-10-06T17:00:00Z,109,18660.646266,9368.42,37897,1,
0xeaef908665e72fae2032305f89a3e243a5dbccf61a83e759452a77a85d84e078,nfl-cle-wsh-2024-10-06,2024-10-06T17:00:00Z,102,9021.53459,4907.75,23815,1,
0x5996331b3e590b911eeb06462c0f2136c9b045f571d6993c2fbbaff6e4327924,nfl-ind-jax-2024-10-06,2024-10-06T17:00:00Z,115,13860.835962,7154.61,50534,1,
0xc8c3142d66974bf4e5ca9c2f7d94dcdcf02e224ba7cd6605e46c84f0645edc18,nfl-mia-ne-2024-10-06,2024-10-06T17:00:00Z,202,22884.719041,11773.98,64007,1,
0x20438a23054ddd3ad183fbd5ff39adb591542166e9d26834b7388d596b12169c,nfl-ari-sf-2024-10-06,2024-10-06T20:05:00Z,109,21177.698505,13324.11,64135,1,
0x7213669db30a8d7bff707924a3eca707e8b322591fd36f7d5b144d325eaf4be6,nfl-las-den-2024-10-06,2024-10-06T20:05:00Z,73,10699.851099,5833.94,41498,1,
0xa318825526391723e6fd92aa410ed4b5003c94078640ddd1424eacdaeef3d782,nfl-gb-lar-2024-10-06,2024-10-06T20:25:00Z,99,6645.483703,3177.6,43733,1,
0x66830748471f3878af5e49e473243738e08da96510c6a4562d577b3ec73cd90b,nfl-nyg-sea-2024-10-06,2024-10-06T20:25:00Z,134,23569.955323,11677.22,63348,1,
0xc61afd46c5ffa9188ea7ad2ef8693515599cf478005f1645f9871d9753d963b4,nfl-dal-pit-2024-10-06,2024-10-07T00:20:00Z,235,51935.504797,27079.63,168706,1,
0xf0b8bc70ec24f2cf4ba963ed41c39720a9b1252fc94bd718ecaace148b4fad2d,nfl-no-kc-2024-10-07,2024-10-08T00:15:00Z,483,114298.664183,56658.4,220971,1,
0x2400bad21aba16b8df50cc547dd7456ea36093385723c047171cbf3ec01e0581,nfl-sf-sea-2024-10-10,2024-10-11T00:15:00Z,774,184991.430641,100835.15,352064,1,
0xfa23230e360f8272411b201f88e0cc8dd2eeda197bba8ce3b13a7a3335864b79,nfl-jax-chi-2024-10-13,2024-10-13T13:30:00Z,907,157157.660885,79113.59,221138,1,
0xfcdd8e4f36a1b58c2cec363bfb3446285aea63e8df18e6dfca2171511a2eb6cf,nfl-ari-gb-2024-10-13,2024-10-13T17:00:00Z,205,21230.20619,12111.85,47864,1,
0xf9f96c6bce32326586e1f54ad59b177059e8a318c8d5150c2abb9756ef733b68,nfl-cle-phi-2024-10-13,2024-10-13T17:00:00Z,445,256104.443438,145201.93,285856,1,
0x1240b5ab786aef07bfcd213c37b39850fcd348fc36911dad09b0dd1ed2cfeea0,nfl-hou-ne-2024-10-13,2024-10-13T17:00:00Z,420,88918.508474,46402.18,103239,1,103238.744277
0x0e9810da2384deb579bd0ceaa58c2bca386bb1ead6c316efed25783c888217c6,nfl-ind-ten-2024-10-13,2024-10-13T17:00:00Z,263,54999.370273,26217.85,99216,1,
0xf948de37d9852fda726e5e8fbc5953cd02c4ee9dccdca83d31a5ce1a4d446b28,nfl-tb-no-2024-10-13,2024-10-13T17:00:00Z,242,20856.436596,11123.7,57105,1,
0x6e19b38352a70f0cf9d0d920fbc46d42d7cb572e096c7170045c271062dbe1e9,nfl-wsh-bal-2024-10-13,2024-10-13T17:00:00Z,409,103969.319694,44282.92,134953,1,
0x174737c2e4303c514ce6da0af0f3bc666145994280ce3f7d60e9b4ed9288a53a,nfl-lac-den-2024-10-13,2024-10-13T20:05:00Z,195,31254.37163,16229.3,49245,1,
0xe0ad079ea21568e02bcf0c1f9cfec5f077185d60571b3978a84f333a99b2c555,nfl-pit-las-2024-10-13,2024-10-13T20:05:00Z,197,18744.504821,10692.92,88345,1,
0xe1fe6683c9f6862b954ba7fa6f9afcb5b563d83da597b006c2885fe4c7ac0008,nfl-atl-car-2024-10-13,2024-10-13T20:25:00Z,251,20720.718501,11495.35,53647,1,
0x63f171abdfa0a5a71f1dda78a204f9a35941bc6104808a602eb124bcac32f9f4,nfl-det-dal-2024-10-13,2024-10-13T20:25:00Z,265,81773.574674,40195.44,107232,1,
0x6cd1022d3357b3538d1426de168ea8ccd1442e3fd7ea8fe5741cdd05bd0114a0,nfl-cin-nyg-2024-10-13,2024-10-14T00:20:00Z,327,129745.541124,67266.47,241743,1,
0x9e9adb89078e4cd2270c3f21c147bc60327468b1ae5676cdb165dbd49c6c0f4f,nfl-buf-nyj-2024-10-14,2024-10-15T00:15:00Z,839,445443.163971,218954.75,713813,1,
0x6b1ee500ba852149a777ff04707299dd25724babd538c6c92e3d90dcb2003824,nfl-den-no-2024-10-17,2024-10-18T00:15:00Z,888,151987.495542,77411.18,228592,1,
0x8b4740e68bae2e344ad9cac74ce00fb4b8cb5894c00294b6923c6365ffb94f47,nfl-ne-jax-2024-10-20,2024-10-20T13:30:00Z,699,115533.615234,63573.95,157876,1,
0x996f60d23be3e04dd77603aa1f455b6aba19a54ac7520d9f4d815a709a4543cd,nfl-cin-cle-2024-10-20,2024-10-20T17:00:00Z,444,34965.000229,16703.5,51389,1,
0x97d28f2968e4d99c0c11d5b89ce7bb39bdef18b813f72ccde4e997a37297a5c8,nfl-det-min-2024-10-20,2024-10-20T17:00:00Z,393,73100.798894,36449.57,151693,1,
0xdb7fc8bc231dc119faf8478fcdba3fe249263a4a0ced763e9a954c5a0026bb5b,nfl-hou-gb-2024-10-20,2024-10-20T17:00:00Z,551,160512.213884,82993.48,220646,1,
0x02b0a30d5cc093254ea4b9e634c1d52b98e0eeeb7858d0bc30ec4db2badfe54f,nfl-mia-ind-2024-10-20,2024-10-20T17:00:00Z,391,31877.202278,16293.85,48921,1,
0x620a94bf149e06ba81d5de597c52314b060fc28cdeabc53d450704198209bea6,nfl-phi-nyg-2024-10-20,2024-10-20T17:00:00Z,311,68707.731632,36465.47,74618,1,
0x8a7bea6ab6dba51fd3c06f6e95fcddef87843a3eca3578be85133d518a160d11,nfl-sea-atl-2024-10-20,2024-10-20T17:00:00Z,305,39485.292354,20706.1,53963,1,
0x26668f54e787a218722a85b72455aaf643c6e9fb02ccfdb80edef4dfcededa85,nfl-ten-buf-2024-10-20,2024-10-20T17:00:00Z,455,51635.041388,37519.21,100947,1,
0x7939dc7f5e05e8fdaedaf71a135966525ca9979528bec082fd4f8cb8a11c621c,nfl-car-wsh-2024-10-20,2024-10-20T20:05:00Z,385,67346.304672,46957.11,88466,1,
0x81c1385835cfb34226197babc2c7acd129f2969f3933c6f56778eeb3f327dd95,nfl-las-lar-2024-10-20,2024-10-20T20:05:00Z,282,123804.620224,82684.32,187697,1,
0xe5a63ef2d9be07869ff68202359534d4b781879c32347c7e3c397a0471177fc8,nfl-kc-sf-2024-10-20,2024-10-20T20:25:00Z,581,300083.58532,142359.11,442558,1,
0x5d8e839de0121279cd52daf25cadececcbbbd78aa67e2bf581a3425405a4f3df,nfl-nyj-pit-2024-10-20,2024-10-21T00:20:00Z,565,135824.602681,72990.87,415999,1,
0x8fab7cbf5ddf29016fef1875f4ba90446ed6f8f4a7ac36ea3881b133da0c35dc,nfl-bal-tb-2024-10-21,2024-10-22T00:15:00Z,1166,444680.62357,221736.79,647816,2,
0x9860936522f10295900b487d0349294f372506d070bb7bab6d417e735d3022a1,nfl-lac-ari-2024-10-21,2024-10-22T01:00:00Z,846,199183.854445,102626.98,296015,1,
0x1140c36e29a3625d7558b361a9b87a3b878dc73bcbfa7785416e59e179176a54,nfl-min-lar-2024-10-24,2024-10-25T00:15:00Z,1220,211512.924028,116943.94,372451,2,
0x9318f1ba3d826acf2952f02e3ab02190d3ce30cc7afa2b7b97b1424cdffade51,nfl-ari-mia-2024-10-27,2024-10-27T17:00:00Z,391,45107.760414,21346.9,83886,1,
0x2d23ff7e66d5be5c5182a0fc00283919b270c8ae4261e63edabfe0a76034c737,nfl-atl-tb-2024-10-27,2024-10-27T17:00:00Z,504,58927.61195,30469.1,92643,1,
0x9470f003aac554ecea57f31b433911c026f38898ffb645611bb012800c752981,nfl-bal-cle-2024-10-27,2024-10-27T17:00:00Z,484,92701.131631,46039.97,184425,1,
0xd06f4abec1e4a460f46e7d5862df10a119f31f2d2980ddf0194777ffcca46572,nfl-gb-jax-2024-10-27,2024-10-27T17:00:00Z,504,89410.220132,47781.87,123296,1,
0x7ae59a2bc6a82fb4a2b6c9b053571c62036caaef5c58d2559ccdd25060e33958,nfl-ind-hou-2024-10-27,2024-10-27T17:00:00Z,567,31663.546222,15816.95,55824,1,
0x8c265812e2962833b6e0c4d9b10d57fe78ac744f9cabd7bbc0ef823dbb8282b3,nfl-nyj-ne-2024-10-27,2024-10-27T17:00:00Z,378,91236.276702,34181.76,155129,1,
0x332d385232969673d98e30d95a20b1c5dc2c7fd3bbca1dd918ed9799c24e42fe,nfl-phi-cin-2024-10-27,2024-10-27T17:00:00Z,500,106923.086938,55976.28,156610,1,
0xa683d3e9a19d4fafd3f7139d6a8dcef4ffc91a50b2d2e25df9b834978d983560,nfl-ten-det-2024-10-27,2024-10-27T17:00:00Z,804,59734.75252,41437.4,89027,1,
0xd53f2bcdd69d3ff313209951c446171a73cef9382d350e7454006d70648d362a,nfl-buf-sea-2024-10-27,2024-10-27T20:05:00Z,427,36735.383531,18400.93,86095,1,
0x9bfe2bf9237386a2b9e8ccb5453ce596ad0c1d2f75d969af4b9f8e6eae0c9795,nfl-no-lac-2024-10-27,2024-10-27T20:05:00Z,341,28830.418182,18596.44,100591,1,
0x6d0c7be442d4ea86711485eccf392ae9bd1cc7597dc01e5b25360f2eef437149,nfl-car-den-2024-10-27,2024-10-27T20:25:00Z,357,71712.078005,54556.03,159163,1,
0xba3b6c254c1099a2e1d11ac0801b17afe440d5f3dc4f2dd5b4a47bccf627991b,nfl-chi-was-2024-10-27,2024-10-27T20:25:00Z,467,116690.013212,59735.78,244384,1,
0xdbe658c8255e05fc9fdd1ae1889a01a48b511b4f5ffd291858a1ecd8b514afea,nfl-kc-lv-2024-10-27,2024-10-27T20:25:00Z,464,74018.51786,49757.28,161361,1,
0x6ada539b7e9db729a41fe5b4d17bbc9e0793289f101917e6b623ed7c103beca6,nfl-dal-sf-2024-10-27,2024-10-28T00:20:00Z,426,170523.532251,87895.1,387936,1,
0x023c558016e6e3fedcd538b4995aa38daf10e6545755f7726bf55c912213507a,nfl-nyg-pit-2024-10-28,2024-10-29T00:15:00Z,888,237300.301832,116693.11,447828,1,
0xcd04add0c79c55d183366c2d6e717b561b7e9aed12f8091516efe6e60b12c389,nfl-hou-nyj-2024-10-31,2024-11-01T00:15:00Z,3041,326995.771612,166540.5,514651,4,
0x5a23b8f93c1812d528aff714c73d28877384662aba86e2e88c69ef2b848eb78d,nfl-dal-atl-2024-11-03,2024-11-03T18:00:00Z,561,75483.831875,37507.17,109429,1,
0x88ceb60ec5d99c63bc202afcdf31571e9d52b72aa35a9b517c87826523c8ea1d,nfl-den-bal-2024-11-03,2024-11-03T18:00:00Z,615,84052.614856,44134.49,144737,1,
0xbb0eca3e0381100707fea124fc9bfebdd32288361ee875e139347a225cc403f5,nfl-lac-cle-2024-11-03,2024-11-03T18:00:00Z,885,79834.62811,41407.25,102458,1,
0x7e045d6b980f9dd616ee5683685fc323cdfb20f24899628075e40e332951f504,nfl-lv-cin-2024-11-03,2024-11-03T18:00:00Z,445,21809.88442,14242.94,47548,1,
0x22e400b00b8cf1f3d46d39c1754a07803891e654863f7279df519df515ff2d1b,nfl-mia-buf-2024-11-03,2024-11-03T18:00:00Z,671,53512.607952,29603.68,114768,1,
0x45fc777937f3b36150bdcac509ce74006ebf0b26916dc4a525d4ec83896f0ab5,nfl-ne-ten-2024-11-03,2024-11-03T18:00:00Z,669,40236.050202,19336.21,78473,1,
0x98e59eebc6b4cd0f0af69b5b133543c261e25ba6512ad5470c92e5e1abc667e6,nfl-no-car-2024-11-03,2024-11-03T18:00:00Z,851,51987.870324,26346.2,88784,1,
0xeb326064d1cfe8957e91c68fc7dbfdc809d161f2dd5427cf5c2ad7055ac83e42,nfl-was-nyg-2024-11-03,2024-11-03T18:00:00Z,1076,244086.878972,103727.32,335474,2,
0x70df323efebb5d90937b2d607fdc7960852fcd96e6d384b6ebeac62064ae1768,nfl-chi-ari-2024-11-03,2024-11-03T21:05:00Z,612,96400.822116,49163.67,152055,1,
0x054947d94706b4fdc222c8451d937f181f4ec9683e02963130aca4b247178cd7,nfl-jax-phi-2024-11-03,2024-11-03T21:05:00Z,433,48805.338952,28852.05,111413,1,
0x09705a1441948a996cc2a053033f39ff13a921f2080b2c10a213748fff54e8be,nfl-det-gb-2024-11-03,2024-11-03T21:25:00Z,899,174779.411986,81983.27,320517,1,
0x777046f79b63687b1d027eedc430e5174f1a814fb9d70d8cbc14c2d07006c0b8,nfl-la-sea-2024-11-03,2024-11-03T21:25:00Z,596,77979.492479,39222.94,274443,1,
0x869e83a48153e35b1e1a7c2219a578b336fd63ca69570b0c51507697a2841a59,nfl-ind-min-2024-11-03,2024-11-04T01:20:00Z,793,304024.274044,165462.97,504799,1,
0x92275edfcb1642365f642b81c893c410014cc40a68205face4d41c21e474aa1d,nfl-tb-kc-2024-11-04,2024-11-05T01:15:00Z,1104,174221.910887,98545.81,385753,2,
0x23de4d05e7fc57c732947965cf57b8557d3bf54de7b5b1cecff75a6c174f6b26,nfl-cin-bal-2024-11-07,2024-11-08T01:15:00Z,1253,197574.876384,101364.36,782246,2,
0x98a7dce7267cafac68ec6aa64056cf8ce687336059c0b345f09b6f6c1fbc65f6,nfl-nyg-car-2024-11-10,2024-11-10T14:30:00Z,1322,111778.370882,60680.63,536577,2,
0x2bce0ebc62138aa701bc496c8f7a8b5a76c4ded1008949ddb7ef0c30a18e7c8d,nfl-atl-no-2024-11-10,2024-11-10T18:00:00Z,724,60783.999461,32329.96,121008,1,
0x8b2dd47a5037334b15b5e7ffaef7e5368397930c64229d7359369c262588708c,nfl-buf-ind-2024-11-10,2024-11-10T18:00:00Z,679,55377.560453,28981.06,97299,1,
0xa11d53e4ec744bc1d510f5d3efe3bb440e5d3099a683a6230b769fce932302d9,nfl-den-kc-2024-11-10,2024-11-10T18:00:00Z,1259,210966.052658,117274.65,438310,2,
0xfbd16cef492d69666158e004b232570784251368bb3a8c7f068f9e2edb20d95b,nfl-min-jax-2024-11-10,2024-11-10T18:00:00Z,886,107610.134806,58491.03,175214,1,
0xfdc1f1403dc0a15a9197a5f3d3a1818569584a6198db4e6e059d9dee3eb026f8,nfl-ne-chi-2024-11-10,2024-11-10T18:00:00Z,831,46779.189556,25943.85,65582,1,
0xe2ddbeb9474b0a95eeae44f270a968b7ab635f8fd759cae2db3df84d60c4cd0d,nfl-pit-was-2024-11-10,2024-11-10T18:00:00Z,799,156729.683089,79758.76,339471,1,
0x2e4858365f76ae581bd73f90cc48480a7e119856548e903554baebcd860e02de,nfl-sf-tb-2024-11-10,2024-11-10T18:00:00Z,984,78417.423855,37176.69,142990,1,
0x516f348befef713462d2360ab14bb8c7af925c1c65a005afebdb0e382a0b702a,nfl-ten-lac-2024-11-10,2024-11-10T21:05:00Z,641,35957.055974,21533.1,196608,1,
0x125174db5a13ddf665c5844be06a2ef614a99b1a457a15826bf42614e4e03958,nfl-nyj-ari-2024-11-10,2024-11-10T21:25:00Z,1369,109431.57819,55726.39,198519,2,
0xd3fcbed8959cf9c2ad8cac10037f2bb4aef164dc8809d15572d316bb4fe3278d,nfl-phi-dal-2024-11-10,2024-11-10T21:25:00Z,854,111999.736363,56121.97,307737,1,
0x7ffab92345d13dc3d2e8f4f0e4eab536bb5b4e944e9a5affe85e97d12e0198ab,nfl-det-hou-2024-11-10,2024-11-11T01:20:00Z,961,241823.622578,116907.15,693297,1,
0xf7b2d8c99218457a9a57e3539264e2e8b7cb1b940a846c44b3fcd3010994f905,nfl-mia-la-2024-11-11,2024-11-12T01:15:00Z,2177,306837.62525,154724.59,669798,3,
0x93d5d31e4b893d879f723d70623cf791fd19d38b61b8f8a74df04bd41bc96270,nfl-was-phi-2024-11-14,2024-11-15T01:15:00Z,2681,519345.96606,268329.6,1118191,3,
0x3c46eff5ba4360c0a376488421ca2bc39ceb3272e6c7b6042d593390eedbdcc3,nfl-bal-pit-2024-11-17,2024-11-17T18:00:00Z,1258,379443.24783,193067.7,701919,2,
0xc523009a8be7653b8de7dcd763ed91811c5dbb33a5986372a530b60fe3ee33ac,nfl-cle-no-2024-11-17,2024-11-17T18:00:00Z,1486,298389.582888,150481.32,394525,2,
0xc4eeb9c54d28bc7975e309a299fbefc4b189ef5ed242ee66853032e109a5caec,nfl-gb-chi-2024-11-17,2024-11-17T18:00:00Z,2135,575632.179668,299005.13,838888,3,
0x86ca735bc0349d71b3ad8a4f6c5e3521564e3e81be26faa6936e809219341d14,nfl-ind-nyj-2024-11-17,2024-11-17T18:00:00Z,861,341459.766638,171522.97,568220,1,
0x2b04e4d381c0b83d92146f6a0a98e5e0ba4d6f6e1d43e00b49723882bc6bf9e1,nfl-jax-det-2024-11-17,2024-11-17T18:00:00Z,1013,523615.493385,283818.67,629862,2,
0x16f3b71a2602dd9b06d1f56ae6670247156f9cb2ab2bca30bea65f6739c2e78d,nfl-la-ne-2024-11-17,2024-11-17T18:00:00Z,1494,419689.937645,210377.34,559285,2,
0x1fb636344f277c0e84eb9e4f458e72184dea2677049dfd4b3d321a05f5f063b8,nfl-lv-mia-2024-11-17,2024-11-17T18:00:00Z,692,286078.625483,146942.65,346655,1,
0x1e5cee25c95af992c8991ca2ca905119c64481807965ac32cdb16a319699ac21,nfl-min-ten-2024-11-17,2024-11-17T18:00:00Z,2004,289955.245759,162215.34,410236,3,
0xcf988770b8949b89dd531fce2c6acc52ab9852849a71598aae4889ad3742787d,nfl-atl-den-2024-11-17,2024-11-17T21:05:00Z,790,278757.941702,136643.46,412870,1,
0x4429f390f5f9966902ad345f37b3219887a19a6cf127f04d53bb73d7f4b754e7,nfl-sea-sf-2024-11-17,2024-11-17T21:05:00Z,1108,454126.686476,227153.12,731022,2,
0xa21e5fbbbe049e3337ba9b4a4dd5aa15e6b6ed8e7c71344c776364a73e81586a,nfl-kc-buf-2024-11-17,2024-11-17T21:25:00Z,1804,710992.998738,355166.71,1416259,2,
0x64db493b471c6f7a3260b4ec9838233248bc45297b291890316dde8c29b63413,nfl-cin-lac-2024-11-17,2024-11-18T01:20:00Z,3201,858319.385013,429798.68,1661663,4,
0x6f307cf8972d1e394215940fb2d676624af4de33a1b654a71f28451e3044967c,nfl-hou-dal-2024-11-18,2024-11-19T01:15:00Z,1373,458176.896229,228490.76,932163,2,
0x6703ac3d097bd4cb15111822de5fa6eef39b1781333c749c466802d8d61aee48,nfl-pit-cle-2024-11-21,2024-11-22T01:15:00Z,2011,514994.121681,272931.11,1086753,3,
0xb236355fe71fe311449678ea87cf5258846ce0f1f624b941554347d8ba016db7,nfl-dal-was-2024-11-24,2024-11-24T18:00:00Z,637,81504.165009,41698.25,306815,1,
0x8ca4d7a63640411b61740360a140cebbd38da5db6088e7970558668c9e51f1b1,nfl-det-ind-2024-11-24,2024-11-24T18:00:00Z,1132,100206.444007,48261.29,257450,2,
0xc5ec4e44e865f2954b85552f961e709858e687ac0eb4bfc5c4b71fb86782a7a7,nfl-kc-car-2024-11-24,2024-11-24T18:00:00Z,1644,169821.344166,104648.61,335615,2,
0xa72afb51b2d8bc99b7462b5dca3598ea5e9c7d7f425548590331c7c165c997f9,nfl-min-chi-2024-11-24,2024-11-24T18:00:00Z,1001,132521.565677,64076.19,563558,2,
0xc07162cfd56c10b3803e7dc3d1b41e3d78dc2e22f172a374921c2d3870b42e4f,nfl-ne-mia-2024-11-24,2024-11-24T18:00:00Z,766,35283.963051,19335.5,69708,1,
0x9b5444cc5c87e08fbf5a3f44aaf4596e92e664f88966b37e4a8d87e890a12603,nfl-tb-nyg-2024-11-24,2024-11-24T18:00:00Z,1271,101768.187163,49691.89,179527,2,
0x45b593176961ea8f9792b373cc723b0f664938f8c0e985c110517ab26689966b,nfl-ten-hou-2024-11-24,2024-11-24T18:00:00Z,983,105007.716405,46695.45,315454,1,
0xe7e522976bf7a26b5dedc69e6ddfc6b82412b7ea7743f154dc339ae97957b238,nfl-den-lv-2024-11-24,2024-11-24T21:05:00Z,577,39128.24187,18733.11,282359,1,
0xc8ea9a0cc7d4f014df9943e95559501ae398131a9dc5bdb113513a20a9825374,nfl-ari-sea-2024-11-24,2024-11-24T21:25:00Z,3673,358964.527042,185337.44,478782,4,
0x5f00c7fc8b8c2d2d1a9c5154b393e86081e45ae1f09ad499a6ff661d0f7de7ee,nfl-sf-gb-2024-11-24,2024-11-24T21:25:00Z,788,110777.60056,55636.53,326694,1,
0x5e9feab7d59252bb6b0ea7d58cef6fb05d4c7385bd186e855827e1cda41e8cbe,nfl-phi-la-2024-11-24,2024-11-25T01:20:00Z,780,183423.267511,100680.96,722661,1,
0x9e0273e66a75f2093622cc94329c4c0f6f66c99b4b09668b0f22c50740582b7b,nfl-bal-lac-2024-11-25,2024-11-26T01:15:00Z,1329,388625.693852,191514.75,851292,2,
0x5b8289a8c04610e8f7e0cbb03578418176d02b63ba97d9e93d49e230ea670889,nfl-chi-det-2024-11-28,2024-11-28T17:30:00Z,1170,393569.441124,203093.3,1513670,2,
0x49dc7682d5a147bec5965098d6f5575c5dc142d9e80f7179ae50e9685c50235e,nfl-nyg-dal-2024-11-28,2024-11-28T21:30:00Z,1777,234602.202614,122360.42,912134,2,
0x68c4077d998a674d04edbcbb185ec5173188a54dfa99401decb2aaa3e0f130fa,nfl-mia-gb-2024-11-28,2024-11-29T01:20:00Z,1729,242566.494157,133402.99,797410,2,
0xcfc11a81f866efef752fd6a3d49f7f8282ba6bb15b254a9451ec39c6ed466b21,nfl-lv-kc-2024-11-29,2024-11-29T20:00:00Z,913,185785.777202,125371.15,692540,1,
0x07632cc8d0c6ae7ef9da2f34ba39471a38b8f123f4c54a5e46d7fbe806fbd3c3,nfl-ari-min-2024-12-01,2024-12-01T18:00:00Z,1309,195647.714066,110329.12,457220,2,
0xa1545abe49521bf3d476db0fe7a3c2227a54b36f904e27aca14f95759c39eb94,nfl-hou-jax-2024-12-01,2024-12-01T18:00:00Z,970,131439.193234,69028.83,318802,1,
0xdbf84cb61acd00222a5b1192377b73785f8864f4066d9b2669e1f98b21af01d9,nfl-ind-ne-2024-12-01,2024-12-01T18:00:00Z,665,92732.933621,45711.88,240849,1,
0x233139629fe27474858b1f9669f54dad3a57d8d21dc4c129b1188271a0c51daf,nfl-lac-atl-2024-12-01,2024-12-01T18:00:00Z,859,165736.274222,84795.18,230005,1,
0x3a59784d74e1f1b88a36d37483eddf07054668e65a4424487cb479cc523a342b,nfl-pit-cin-2024-12-01,2024-12-01T18:00:00Z,847,140581.20793,67941.2,439547,1,
0xfe5541745b12c896c8fefb0ef3e1b945d9d20d44aa188d9c1a4be1415a47842c,nfl-sea-nyj-2024-12-01,2024-12-01T18:00:00Z,1985,213399.144297,108558.68,396109,2,
0x38a4046f4eff4feea1fc0e506b2768081c0cbcba2dae53cba1a3c8781d3d0607,nfl-ten-was-2024-12-01,2024-12-01T18:00:00Z,840,70048.524649,38440.64,179221,1,
0xdf96d87da77190e34bc4fc288f4298f66d37d77dc7c16d37ae3afd63a92afc6c,nfl-la-no-2024-12-01,2024-12-01T21:05:00Z,588,85173.952058,46912.36,198736,1,
0xdf3af4005d85cc83172125226b8bc29752b0049852952c0f47fc7d3b89f99072,nfl-tb-car-2024-12-01,2024-12-01T21:05:00Z,804,82305.986132,46958.23,837938,1,
0x442c54385cccab383fe456bbad588660089f663a8b54a330bdb65bfd2e691491,nfl-phi-bal-2024-12-01,2024-12-01T21:25:00Z,762,112655.814893,56905.7,472647,1,
0x49574126072ac7bc2bf2f07ee9775e6567e6a64bc80d7eceefe9ece15e4fbd7e,nfl-sf-buf-2024-12-01,2024-12-02T01:20:00Z,1369,331425.904167,182899.67,874975,2,
0x19ceeab155ce6a2400b874388d155f6533df7906eaa64f7148d04123453656dc,nfl-cle-den-2024-12-02,2024-12-03T01:15:00Z,1773,230282.8069,124882.87,960515,2,
0xbfc1f48d2ef89dd19566ee0b9d9db74b919f3416982689ed1a0b38eadafe41f9,nfl-gb-det-2024-12-05,2024-12-06T01:15:00Z,3118,431772.317811,219865.29,1076824,4,
0x386b414a9dc3961bab017a652a935669b4b1c956211dedc0fb6cae9483cc8877,nfl-atl-min-2024-12-08,2024-12-08T18:00:00Z,1271,121195.921676,70760.39,382927,2,
0x95ab5756b943bf8146f588e462877ccf03e5364ac564a9601470760234b5bff2,nfl-car-phi-2024-12-08,2024-12-08T18:00:00Z,669,142275.70102,95177.38,336494,1,
0x6b4968a4e7fcaf7179b825d87c108683cc3086eecaebaefd7d7bc47b9ec7ebf7,nfl-cle-pit-2024-12-08,2024-12-08T18:00:00Z,1429,102101.597528,61561.0,235328,2,
0x658b81d6d123ab39ea02d78b1dc386d2ced267f75a793c8e86d32a1d78a45022,nfl-jax-ten-2024-12-08,2024-12-08T18:00:00Z,947,54648.475749,25959.34,154690,1,
0x8f23054af6638c20f0ec5a2fe58e2103de5dcb4aa9098b866e92bdfd54a07e84,nfl-lv-tb-2024-12-08,2024-12-08T18:00:00Z,1566,84508.150416,52876.95,155578,2,
0x0e2277d8c413e8d2e4457ebf1d848e662081b85af190b176c8ac5c5c4ec0c426,nfl-no-nyg-2024-12-08,2024-12-08T18:00:00Z,1671,98039.999516,45472.22,278295,2,
0x41c84034f8e5f053905f6dbe87d0d923792839aecc2d18d872a872e1dc96b46b,nfl-nyj-mia-2024-12-08,2024-12-08T18:00:00Z,784,106415.379958,64696.14,348576,1,
0xe043f9e47330c68a74b44ff60d7b89416538458999343c9c0a5ee619cee93689,nfl-sea-ari-2024-12-08,2024-12-08T21:05:00Z,1262,143595.002056,72834.61,436695,2,
0x8a5856973c75efb73d8d07ca46cb50f10f6e66b7f859a28c5e51616d4697f708,nfl-buf-la-2024-12-08,2024-12-08T21:25:00Z,924,212615.527462,120590.21,899128,1,
0x298412f28ed641a772a9b920ad3f6095f3baf5a67b3d0b4e30776aeb00eb6478,nfl-chi-sf-2024-12-08,2024-12-08T21:25:00Z,1083,125945.867962,59860.07,221601,2,
0x84759b103d45357f27592b16e25462167ca1e3aefb80aa29a39cab4429320fd9,nfl-lac-kc-2024-12-08,2024-12-09T01:20:00Z,950,212719.704952,116697.41,777863,1,
0x119564ff5d0d25478f67c591615d1141ae49268c213f2b195eaae0686e91def0,nfl-cin-dal-2024-12-09,2024-12-10T01:15:00Z,2243,289019.4391,133795.68,1080722,3,
0x5132d0a92ad461ef662bd28c099337f1cc8b54242931d1c074a6bb5b9530a122,nfl-la-sf-2024-12-12,2024-12-13T01:15:00Z,1911,349493.092999,176544.81,1037420,2,
0xfc6699592037ab55a67630c5a68b0f8bb85718d1518bafa5a758a00a0a760e84,nfl-bal-nyg-2024-12-15,2024-12-15T18:00:00Z,460,81175.012878,53084.24,131053,1,
0x536e68a1aebc38b85058962eee12a7323fdab96ad6c1d2a3d8c60bee8130db26,nfl-cin-ten-2024-12-15,2024-12-15T18:00:00Z,2997,440661.191098,240868.26,1109583,3,
0x9d3dd3240db46be9558d856f5d82e45b9e86125c3d9fdb507d752e3c447cf779,nfl-dal-car-2024-12-15,2024-12-15T18:00:00Z,1276,84116.083913,41780.19,166302,2,
0x5b286601fcf583ebe194ac9c57e746e2c3319b8dd6893daf0cfeea085e07a798,nfl-kc-cle-2024-12-15,2024-12-15T18:00:00Z,3404,499710.022124,294206.29,760720,4,
0x8e49c8fef05cbbe9252d9be561ace534e9b4e7254e9e1f2cf7ee5a909c201ea8,nfl-mia-hou-2024-12-15,2024-12-15T18:00:00Z,1338,212598.665521,109835.48,353956,2,
0x74525549564755570c9de287e5a045a89c19c821545b3cd5dfdf6407cf6fc692,nfl-nyj-jax-2024-12-15,2024-12-15T18:00:00Z,1040,55046.568647,27821.54,449384,2,
0x942e6592252e11bf733f08652a1177ac1b5f0c1e9c960d4cd370d3aeeaca164a,nfl-was-no-2024-12-15,2024-12-15T18:00:00Z,705,67202.068722,41579.06,124815,1,
0xed846b6294cce35e19f661e4251a4e12882d2f55504a11720d6f672bafb48c27,nfl-buf-det-2024-12-15,2024-12-15T21:25:00Z,1089,257746.39206,131430.11,1041607,2,
0x3d06d7f914dc48f3d95953bd37190638e2db523e7cf1383bef69431dda710c92,nfl-ind-den-2024-12-15,2024-12-15T21:25:00Z,763,70602.794261,40523.2,226180,1,
0x9e0cefadce1614c50f3bf79ae5e8dc346268fb649229372b0c4732c2ebaae233,nfl-ne-ari-2024-12-15,2024-12-15T21:25:00Z,716,56662.317156,31942.25,119503,1,
0x300b2aba414e34ab494165e4baa2c06b9476e1c61b0b2b397a3f1671bb23a259,nfl-pit-phi-2024-12-15,2024-12-15T21:25:00Z,857,77155.472318,37300.84,212048,1,
0xa38c158c1084e994f2fe8081dd400d2ab51ab94b814658c69c374de421baf497,nfl-tb-lac-2024-12-15,2024-12-15T21:25:00Z,484,74966.946321,39894.21,181508,1,
0x40960294fd0d6416655f24ee138a4bdae0426efe3fbbf7217c7d6395b560131b,nfl-gb-sea-2024-12-15,2024-12-16T01:20:00Z,865,290721.945384,155139.44,936665,1,
0x0363d3a3a07ece8576d94b82928a17dd85e522fa3802c93fb2ade2eb74e79d16,nfl-chi-min-2024-12-16,2024-12-17T01:00:00Z,1352,626657.559775,354829.6,967005,2,
0xbd89d6ed8eef40a72238766a85634e22e205e164d12bb2754089e5a3b3799e08,nfl-atl-lv-2024-12-16,2024-12-17T01:30:00Z,2103,507459.890498,310167.94,1210105,3,
0x575768d67dda782f6045d9dc31c5c5f97927758b5cba938fc1142fff50553334,nfl-den-lac-2024-12-19,2024-12-20T01:15:00Z,2509,336513.374972,171938.28,701263,3,
0xf6ea0a571a43a122471e1c7604d6bd8c267082a39758bdd8162dbfae0cd8d137,nfl-hou-kc-2024-12-21,2024-12-21T18:00:00Z,2671,518391.089662,280671.96,1234470,3,
0x737a9a9e45137b18259d0753deb060ff8c58c8b10932c72f69eb85ffe00cb1ee,nfl-pit-bal-2024-12-21,2024-12-21T21:30:00Z,1366,177488.837222,95096.6,493831,2,
0x1e0c69bf84fb76fd9cd2a0a78f1db98b3883d6aeb2db2ff0fbd6aa46b2d42670,nfl-ari-car-2024-12-22,2024-12-22T18:00:00Z,1608,102724.087912,60385.41,311711,2,
0x64ab3c8589a3100296c5f60f6215761ba45de5f8930f7767559ba1226eaca6ed,nfl-cle-cin-2024-12-22,2024-12-22T18:00:00Z,1390,94930.522117,47989.86,171808,2,
0x920344cfde22aa05d6d68ed914485b2964cc1bbba7b0b4b636f5dcea96caf47b,nfl-det-chi-2024-12-22,2024-12-22T18:00:00Z,2207,512773.644853,291999.61,714905,3,
0xf9e4d261c38d76ad8b7e4b96ae69ffc26b1b0ac87571ac4f4bf2919e6f984a13,nfl-la-nyj-2024-12-22,2024-12-22T18:00:00Z,1960,253115.25228,141067.28,554231,2,
0xc296b2cec8da6884e4c6ff1355ad17ef60eccc6df63b79e7772d4bc92e1dcd3c,nfl-ne-buf-2024-12-22,2024-12-22T18:00:00Z,631,100344.172907,73823.52,736379,1,
0x541244e7cc1b628e6c937a7290bbc7ed178d309900ce863c9c9cdb36fc76348e,nfl-nyg-atl-2024-12-22,2024-12-22T18:00:00Z,1239,71715.413867,40108.24,195700,2,
0x4f61244a916622ca1dcae38c162cebccfa2124f533e9bd3740196183afc20eca,nfl-phi-was-2024-12-22,2024-12-22T18:00:00Z,1861,456052.661399,240395.25,1009043,2,
0x976664c5dd93bf33bfb54755c3196fe8ad7668fbb8eabbacc36f435eda38c2cd,nfl-ten-ind-2024-12-22,2024-12-22T18:00:00Z,1162,74420.308657,40511.9,169440,2,
0xcec87ce0f17fd9f682e8e1ffbf16c7b4770524cd601665722d9520912d567624,nfl-min-sea-2024-12-22,2024-12-22T21:05:00Z,1690,220398.722447,113660.16,570735,2,
0x1620358251a2c9802faafd655dfd2d3bb889350f31bc9a04d8effd6b4275f806,nfl-jax-lv-2024-12-22,2024-12-22T21:25:00Z,1026,71353.105463,35977.81,136733,2,
0xb77c2f3caadad837e5f5d1a5f8cda62e955a04fb3111ef97c02395df04106ff0,nfl-sf-mia-2024-12-22,2024-12-22T21:25:00Z,1210,102030.888102,52400.75,210113,2,
0x28225d6921d524a1a7dd08d639a664b043a94508829b7591f2d511434178f445,nfl-tb-dal-2024-12-22,2024-12-23T01:20:00Z,713,371749.105803,226228.05,1298840,1,
0x646f58e9fb7a05559146d5f76c79ebd106acb5ea1320ff379f2715f601b695cc,nfl-no-gb-2024-12-23,2024-12-24T01:15:00Z,502,251189.979207,115253.3,369648,1,
0xada51bc42a264394ace58997a347b60351622d555a6c2a86ded3a78615e388ad,nfl-kc-pit-2024-12-25,2024-12-25T18:00:00Z,2913,777923.120286,408232.1,2186450,3,
0x523cdec10b279dc56c247e5f4bd18112e248cedb6787be16efb6fe38f35d8447,nfl-bal-hou-2024-12-25,2024-12-25T21:30:00Z,2321,466580.344741,252723.41,2290681,3,
0xd2987f9e8a627829c72a28aa65f5ced151f3e696139b528469c11890addf5204,nfl-sea-chi-2024-12-26,2024-12-27T01:15:00Z,2079,561730.674424,321041.29,1598228,3,
0xc8fb957619c3ad8c9f29419f83373663867bf377688cdc17b1d1d49f0beec9f7,nfl-lac-ne-2024-12-28,2024-12-28T18:00:00Z,2972,597303.715821,345358.67,1619796,3,
0xc55c68bf3a087e4d72b4d9821994685aa29e241ce2ccdd270503f29c85552f91,nfl-den-cin-2024-12-28,2024-12-28T21:30:00Z,2373,522978.941767,267248.65,2002575,3,
0xd514cd59ba0dad2c4ed2ab3ab96fb6c479565eb2ebe7fdda553116cc1258da19,nfl-ari-la-2024-12-28,2024-12-29T01:00:00Z,1591,167306.997355,100267.48,2313350,2,
0xb2ee812431adf7a99db4a94e5a043c4a4c33d218af399690f0831c05c9b5c155,nfl-car-tb-2024-12-29,2024-12-29T18:00:00Z,1556,298790.12482,176700.53,503624,2,
0x9f1261e40c8cd913c986d68c890427a88da66d4a21e5f40f792ea7bc53faad09,nfl-gb-min-2024-12-29,2024-12-29T18:00:00Z,2407,318729.817277,160393.63,2526932,3,
0x174b42d7a8f351ffd49b95215bf684ef9a735b10d3bf394f25e6f7ffae290a35,nfl-ind-nyg-2024-12-29,2024-12-29T18:00:00Z,1295,143657.317778,83882.82,795451,2,
0xc287b749c1c6eee77bdc3c15a9931ec40324f0d4e5321149675a5c59987482cc,nfl-lv-no-2024-12-29,2024-12-29T18:00:00Z,1499,104302.105457,53703.11,281415,2,
0x5f18896851d6fabcaacbf03d8e6b3a04cf07a809ece78a1d86cd59c84cf6f9f2,nfl-nyj-buf-2024-12-29,2024-12-29T18:00:00Z,1845,539731.203991,367758.14,934948,2,
0x958f6a47a6ca6ecfca2834f82dda7d7b1cea3f077b48662ab8f325532fd48509,nfl-ten-jax-2024-12-29,2024-12-29T18:00:00Z,1510,94025.144821,47176.7,303259,2,
0x25ff35efdb88220f324547dd2f2f5a5e2ebd9dec555c4ac03c5fd798ffcebb12,nfl-mia-cle-2024-12-29,2024-12-29T21:05:00Z,1057,99282.245555,47942.11,638865,2,
0xe6219942af0dd2bef69f8d4037f737691b7dbb0ab51ab3e6e95f6f8d6e4a0802,nfl-dal-phi-2024-12-29,2024-12-29T18:00:00Z,1653,86915.912915,42292.15,406110,2,
0xe4c4ecd60c6383a04e7319c2539af61492667c745d1e1108416b1b961c5d2e1b,nfl-atl-was-2024-12-29,2024-12-30T01:20:00Z,1377,570825.734672,310604.0,2713723,2,
0xce908f140145b3d28abe31e0ad189be3031248aec1ceb057266f6f5c143be097,nfl-det-sf-2024-12-30,2024-12-31T01:15:00Z,3810,1697356.251226,938862.26,4036535,4,
0xdd7a0b09d817e3fce98b1f3b95a1ec4514f635cb202ef12af73d365411470299,nfl-cle-bal-2025-01-04,2025-01-04T21:30:00Z,663,397299.46861,215013.78,2042661,1,
0xa3ff09b5ebab7398acc7686bc967141b980d6aeb61f15995268002e67be07c33,nfl-cin-pit-2025-01-04,2025-01-05T01:00:00Z,1353,294842.763311,153478.84,2302889,2,
0x989df6a334b7eec20398a0ca8cd22841683b637092d4cb769257907db45cd542,nfl-buf-ne-2025-01-05,2025-01-05T05:00:00Z,3052,513882.871899,209935.84,1331518,4,
0x16e565c875d39b2b78e3060061df742d339ca0da5d6937727e56fcf9e39f2510,nfl-car-atl-2025-01-05,2025-01-05T05:00:00Z,676,28509.820512,16721.46,700283,1,
0x75dbcd792829abade7338e3b2293f465c97a678ba9d3120c78dcfaad2d552a35,nfl-chi-gb-2025-01-05,2025-01-05T05:00:00Z,700,64106.0348,44738.29,462530,1,
0x007d96e86168e3eba267690f04492b5a3a0250970746dbbb17266a26e8f84ddb,nfl-hou-ten-2025-01-05,2025-01-05T05:00:00Z,1970,165999.260864,78416.57,806239,2,
0x51fdf908692ac89ae6879c5b31195868aefffaca59ef553bf81e91a6b0019cdb,nfl-jax-ind-2025-01-05,2025-01-05T05:00:00Z,964,38133.49848,17472.84,102435,1,102435.256525
0x77b3382851ae13cb9e5326ead7c237460a7be86b663bac0d06c4d543e9952531,nfl-kc-den-2025-01-05,2025-01-05T05:00:00Z,2097,236947.987856,117377.54,558552,3,
0x60c3a523f15715d732413ded5b3ea5281f5ae8ec099403f3580889bc4faae475,nfl-lac-lv-2025-01-05,2025-01-05T05:00:00Z,931,79365.94544,49133.56,1236824,1,
0xa3f9c7e8b330890372abe97704984fcea1a8f99baf862ca130d50df49a9dd081,nfl-mia-nyj-2025-01-05,2025-01-05T05:00:00Z,1292,49069.57315,24543.31,988493,2,
0x41c0ac27c997157304bba97588f5db90c72004203777b097f46471d9988f7c04,nfl-min-det-2025-01-05,2025-01-05T05:00:00Z,1113,100662.145914,50130.94,2607119,2,
0xae607acf602a42774a156ce8c2beb6a9a6a2c698f56d8d3ada4f7d4b1f308496,nfl-no-tb-2025-01-05,2025-01-05T05:00:00Z,414,49153.871088,38280.54,491620,1,
0xa86c081244ef4d4ee4d9e7eb618f2b1b36e9856f34a4f33ac277e867e5d1ced3,nfl-nyg-phi-2025-01-05,2025-01-05T05:00:00Z,2415,308815.54957,164390.24,535590,3,
0x2c9bb2329884bc00aa54dda8453dd316a66ec91efda7c63b6a3f3135d10c5347,nfl-sea-la-2025-01-05,2025-01-05T05:00:00Z,1330,55652.446932,30918.12,420732,2,
0x165f860cf83d9c90be39bb987d7765ae17622bc8465ef760ea909d77fdd0a95f,nfl-sf-ari-2025-01-05,2025-01-05T05:00:00Z,877,20287.240272,10774.84,213060,1,
0x0d5846dad0606fd9aab89dae51db8848aa5d43a8169c58665e2853572bb0840c,nfl-was-dal-2025-01-05,2025-01-05T05:00:00Z,837,53006.659825,30671.54,732201,1,
0x145ed5c15e030117f5ea8053a9c5dd0731f889c87284f710b53ab1660a9dd473,nfl-lac-hou-2025-01-11,2025-01-11T21:30:00Z,2360,1060308.22388,535334.14,3161796,3,
0x91b83325a6f0a239908e39ea2f30c41f11a8e6fcaf2802599b65bdf952f072c5,nfl-pit-bal-2025-01-11,2025-01-12T01:00:00Z,1574,574786.695118,314535.96,1313824,2,
0xa4da4790dd4968377ddc10386b5d0c71779633d221ba2be9258738d4523c58e9,nfl-den-buf-2025-01-12,2025-01-12T18:00:00Z,1606,513140.993619,282955.78,2103431,2,
0x12496995954c4d3fac97d6bf5345b5f16acbdb137b67a9a0699fa2b6cdde1143,nfl-gb-phi-2025-01-12,2025-01-12T21:30:00Z,2126,1039118.476718,501668.54,3234591,3,
0x7c9a59e9f309273ab4338fc5f2c7f1d424875143751d2fcea08f5e605b411f81,nfl-was-tb-2025-01-12,2025-01-13T01:00:00Z,1718,518510.153953,250138.46,2031295,2,
0x4467c216585673854a8f397900e08dea1b913b3f70e762a55252cbbb89319dde,nfl-min-la-2025-01-13,2025-01-14T01:00:00Z,3776,828037.514162,408194.16,3542431,4,
0x065ac10ba499267ee96cb559a099f4ced08bbd145d4c156df87206ad26906757,nfl-hou-kc-2025-01-18,2025-01-18T21:30:00Z,1738,1106906.806057,653102.9,3538113,2,
0xc61d58d10dd07c779f61a961e9ecc3c3ed298c23e2503dc8145b6a44fc5abb53,nfl-was-det-2025-01-18,2025-01-19T01:00:00Z,1434,920425.144595,575342.02,4503717,2,
0xdffe14ea0bbbd0dc31f21e250af8474595ea207c40beed560d401eed8698a717,nfl-la-phi-2025-01-19,2025-01-19T20:00:00Z,1782,569462.60609,324933.38,2682823,2,
0x7fbc372d5574c3b0fd007f292df7855a76948768149f2a2574e065c4798bb753,nfl-bal-buf-2025-01-19,2025-01-19T23:30:00Z,3060,1171253.805071,592809.84,3346564,4,
0xa201b01415901949c29cecc61ac217b9f4e0e8e750b9a7310bca0255376feba8,nfl-was-phi-2025-01-26,2025-01-26T20:00:00Z,2155,1461959.053984,764545.67,3601971,3,
0xbdb10ccc5a7f29407bcc40cb5b5811cfaefb9448c87ee68fd31fb222e4d8100c,nfl-buf-kc-2025-01-26,2025-01-26T23:30:00Z,4193,2073531.570139,1039140.82,5261146,5,
0x25dad1fbfe1c7249d6e32c079349de4f6b49d7f0bd608a31dd52694cb3df825d,nfl-lac-det-2025-07-31,2025-08-01T00:00:00Z,75,22111.933078,11392.65,65828,1,
0x85c5f44aa8f5bc1f4588dc0825eb266b31b245c2db6d7e594d95ff4920c204a0,nfl-pit-jax-2025-08-09,2025-08-09T23:00:00Z,106,28265.581548,17792.32,43064,1,
0x7c08246ad2b94e88e822b6e8bf465dd5298fd09cc25ab6212fce8aa5f8fb32d7,nfl-ten-tb-2025-08-09,2025-08-09T23:30:00Z,87,7329.330974,3459.9,10714,1,
0x7c73d1274e9ecdae9ed86bcb6678fb8072e994e911b2871300e7a7ec1bc425df,nfl-kc-ari-2025-08-09,2025-08-10T00:00:00Z,93,7166.873214,3591.04,49231,1,49231.467252
0x6d3b1677cd523cc3cacd84cbaad9d68f17bb342477f6629fad4cb30d261f5142,nfl-den-sf-2025-08-09,2025-08-10T00:30:00Z,98,6877.170057,2989.65,14244,1,
0xe3c5aa64ffdafee3f68e0d01281fdbac5e01645ab6828adad9161d356911a38d,nfl-no-lac-2025-08-10,2025-08-10T20:00:00Z,224,185262.092558,88836.09,298270,1,
0xd8351bfb84fed610a6f091fc41dc74c3424466ab9e6e3280eb4d524579e36548,nfl-dal-la-2025-08-09,2025-08-09T23:00:00Z,84,53122.463793,27669.88,79138,1,
0x52c3ce109fbe7a0d20a0b501405757f614c14e2a23d64f30ab4d8b85445ccb11,nfl-gb-ind-2025-08-16,2025-08-16T17:00:00Z,89,15875.453643,9723.58,32340,1,32340.07166
0x61e342bcfc71db78b7e72a0065694521ef913c008b53cc78c62835487a3577fd,nfl-sf-lv-2025-08-16,2025-08-16T20:00:00Z,102,16290.922599,7696.25,45880,1,
0x19ab407b7256e656ca3012eedafbe618da94b64af62bb78ef03001e37e3da041,nfl-ari-den-2025-08-16,2025-08-17T01:30:00Z,118,31026.590275,14419.88,46603,1,
0xedce788bd21ca477b39df352425d0f446b75c4d39e5286ea42c6d6f6e0e8e616,nfl-pit-car-2025-08-21,2025-08-21T23:00:00Z,149,36933.174369,24543.65,71760,1,
0x8e3e86945f8b40c18803e12a12083cc872d2dfc62a01fc49479ed084f5ce8bfc,nfl-ne-nyg-2025-08-21,2025-08-22T00:00:00Z,205,34453.925013,13291.42,49403,1,
0x45609b4fe121a675bda7bebd0f9a192ea5a756633a50cb254f57e954fa144add,nfl-buf-tb-2025-08-23,2025-08-23T23:30:00Z,95,30178.463729,15145.5,51220,1,
0x5d431b964aa4221c3cdb2285146671879c4a78018077ebb6bd682ef06e627b2a,nfl-dal-phi-2025-09-04,2025-09-05T00:20:00Z,1560,2614738.226006,1099259.29,3880647,2,
0x800439094b33b59a2906cc90043818d4e35d1df87ae4995ac5f7d7b00a8494b0,nfl-kc-lac-2025-09-05,2025-09-06T00:00:00Z,1047,1195610.204574,635696.28,2820076,2,
0x35299ef93cb05afc0591faa883c29ece317b78e9d42da9ec88b65b1af6da51cb,nfl-ari-no-2025-09-07,2025-09-07T17:00:00Z,379,778118.89692,372133.02,1176703,1,
0xa9e327c25e8812a25eef1a5148bea64a9220a5648ea7146bda09fdb3d860651d,nfl-car-jax-2025-09-07,2025-09-07T17:00:00Z,452,155632.431176,77125.81,312805,1,
0x3346ce8dea0d6aa3d64696e0c997db6888e52c492117c8c9bab750937baeab20,nfl-cin-cle-2025-09-07,2025-09-07T17:00:00Z,611,1021560.066845,567769.41,1491655,1,
0x7c7b30d19854739d735ae8a582730c3b78bdd81f9f25fb89abb3769dc8dfb987,nfl-lv-ne-2025-09-07,2025-09-07T17:00:00Z,414,155638.497291,81851.25,572839,1,
0xb056305ae1515cfc9d3b990f736de52dae0589804afff219501f28c41d10e6fd,nfl-mia-ind-2025-09-07,2025-09-07T17:00:00Z,568,635215.339999,315988.48,993684,1,
0x08b487097d32f349beecfbd3f7bc00ef4a59d3c166e5f7c0cbf1e21db5f17af1,nfl-nyg-was-2025-09-07,2025-09-07T17:00:00Z,492,395081.758267,191423.27,579061,1,
0xb465ac540cc8d3ba2a467a26c164698214dcd7e4d838e74758ae560710702559,nfl-pit-nyj-2025-09-07,2025-09-07T17:00:00Z,513,610110.891098,335263.01,1041401,1,
0x9b3edfe78e9d604ffd30b34d025c93316e89eb970fbec373094aa02e87e3363e,nfl-tb-atl-2025-09-07,2025-09-07T17:00:00Z,518,815628.526127,410165.89,1238682,1,
0xa7a09dde2f28c54eb6b2e3e2134c0423b1709f54cbfb57141cc319366820b753,nfl-sf-sea-2025-09-07,2025-09-07T20:05:00Z,753,578185.48014,292678.16,1005035,1,
0x1a8631f0ed4bfd974a9b68a5a6984fdac27226b508b84ff6715305193fb1d157,nfl-ten-den-2025-09-07,2025-09-07T20:05:00Z,576,764837.703961,314505.18,1052090,1,
0xf7efe36a5a30d3189f50bd33c8248d5601604eb6301af6c55a7e8098852e8c89,nfl-det-gb-2025-09-07,2025-09-07T20:25:00Z,798,723882.214555,358835.63,1362458,1,
0xcd044c77e586536eef7ab9e37e67631347a573be58cd6711a27103e454b385bb,nfl-hou-la-2025-09-07,2025-09-07T20:25:00Z,373,1649709.736081,871420.17,1907524,1,
0x7f2e645fd40487882cc9e7a05d240f5b1c2220a361fbb345b21f921070411409,nfl-bal-buf-2025-09-07,2025-09-08T00:20:00Z,848,1959770.149127,998911.78,3651319,1,
0xd4cf0aec58a81982ef375d7a3112468d245dae62eec65ce074ad59f3c9d194ec,nfl-min-chi-2025-09-08,2025-09-09T00:15:00Z,1391,1896991.958554,954311.32,3649421,2,
0x5de0620798bee8e21ca383161d2c22f04d8d5a1bb0699d086791a0facc3a9837,cfb-ncst-wake-2025-09-11,2025-09-11T23:30:00Z,323,49132.950866,18379.24,187660,1,
0x868a479c6edc7a88a30961664c00a81e5006a5259a80294133c735c6b21f4569,nfl-was-gb-2025-09-11,2025-09-12T00:15:00Z,1513,2118690.512823,1045297.07,3048366,2,
0xf1b72e9bb00bd6a519b17f51c14c4211b2983b0f10f5d9aee6dcc3b8a700ff04,cfb-col-hou-2025-09-12,2025-09-12T23:30:00Z,605,302950.746669,135365.59,462718,1,
0x9a2c2ffe8b7d60010b225f98377754d863fff5a2ea830f8b8558177fac2f0af1,cfb-ksu-ariz-2025-09-12,2025-09-13T01:00:00Z,413,240061.432934,119954.6,394540,1,
0xef962d69bb9b48628ed81f0c41e401fa6f99e8a16e05e20651586d009fdc17bf,cfb-unm-ucla-2025-09-12,2025-09-13T02:00:00Z,303,75354.297389,28449.1,212946,1,
0x3e3e0ade855d6f9bcfd83f174acc0492bb34f473cfa3dd372c5d558d97d3f37d,cfb-buf-kent-2025-09-13,2025-09-13T16:00:00Z,79,15533.5146,11203.69,28822,1,
0x8cb9e4da52c62f1a8ab04ce8deecd98cfc1953ef1f669d5a4d63c7adced3eb02,cfb-clem-gt-2025-09-13,2025-09-13T16:00:00Z,362,178800.743297,89261.21,458517,1,
0xc2c4838ebe520355361bd69a9a81ee88f1383ae3aff4acb0ed70388a4f4fba14,cfb-cmu-mich-2025-09-13,2025-09-13T16:00:00Z,132,39494.644476,10736.01,41993,1,
0x21ed1849725e328ad0d7f83a858df5ef2487eab5530c6669739405be6d993cdc,cfb-mem-troy-2025-09-13,2025-09-13T16:00:00Z,125,9110.594077,4599.62,54908,1,
0x22d4a4f67983a4dddc118b0791bc5f2019f847719d1ff1461679ed3579e7e3d2,cfb-okla-tem-2025-09-13,2025-09-13T16:00:00Z,59,9231.829331,4974.58,10749,1,
0xc1713d44821cfe9325e9ec5c728aafb842857e0d83e88fe70d7817153db44dbe,cfb-oreg-nwest-2025-09-13,2025-09-13T16:00:00Z,67,10099.844414,4886.15,11619,1,
0x589a832eace43d246cdd4508088cc2807286e995e72437a17990e76b8c63c878,cfb-wis-bama-2025-09-13,2025-09-13T16:00:00Z,222,108823.823588,43237.59,163895,1,
0xc836e19aeaf4c86df770509ae9778f7d22055d31e7df375e691202d6316af6dc,cfb-sbama-aub-2025-09-13,2025-09-13T16:45:00Z,47,6329.271752,2571.04,8251,1,
0x42c89ea1e269d01d4649ccd9c7cb8298e1b16d90dd2d1c0dd3f2f1d09e6743e4,cfb-orst-ttu-2025-09-13,2025-09-13T19:30:00Z,74,14507.850472,6671.91,19769,1,
0x65f7bb9082a6c283ef8facf64a6befee0b033249cb3f1920724f41bf956b4b38,cfb-pitt-wvu-2025-09-13,2025-09-13T19:30:00Z,135,38625.951422,25204.81,101730,1,
0xdfc6409d7a2ada81f66c4c0f5750acdc7b7fca8967cbf7c94291c0a9f4e4c259,cfb-uga-tenn-2025-09-13,2025-09-13T19:30:00Z,250,81244.689296,44221.02,476875,1,
0xfa7ed6fbf869842736bce0b13878f5add5249c2ebf3c39f4e324457c9d4912ad,cfb-usc-purd-2025-09-13,2025-09-13T19:30:00Z,108,41014.434315,14174.6,69943,1,
0xc9fba0042f7f793fb896167ac96457637f616d243de5b2086324510300fc33a0,cfb-wsu-unt-2025-09-13,2025-09-13T19:30:00Z,127,88786.124897,50079.45,92750,1,
0x681017130b6ebd5f1ed595be515d7d649356336fa013a3ff9bf4e141d239990f,cfb-isu-arst-2025-09-13,2025-09-13T20:00:00Z,58,15435.594027,7442.81,29568,1,
0xb2b47e105e637e6d61ca7788ce57f5b40bb9fac2874ffb9a09cc41afcf12dd58,cfb-ull-mizz-2025-09-13,2025-09-13T17:00:00Z,23,2010.114648,263.35,47864,1,47864.115617
0xb9313af5407d88e184a596b97b563018a06a0a413fdea2d4b248178553943d64,cfb-utep-tex-2025-09-13,2025-09-13T20:15:00Z,30,4682.501053,1075.52,14520,1,
0x37a1e6c1123e23cc6693c6ad647e3a15d5032b0a82a8117492886590cf45c211,cfb-usf-miami-2025-09-13,2025-09-13T20:30:00Z,159,66670.293304,27068.12,100240,1,
0x35478b10d63322ce3942a62597fd93a48c0c00ae87e93c5b53de31c57c9393c5,cfb-lib-bgsu-2025-09-13,2025-09-13T21:00:00Z,56,4576.553359,2536.03,14495,1,
0x4d3c0ee8f018b42a2613e8397e8ac36dcbde15469f4d78548fa1848015f4a88f,cfb-mtsu-nev-2025-09-13,2025-09-13T21:00:00Z,42,854.660208,484.2,7104,1,
0x2aebb5759a8b910377bf7b7cea49a220a706f9d9cffa0d07ec3ff399ac1e3c87,cfb-fau-fiu-2025-09-13,2025-09-13T22:00:00Z,81,32512.873793,16481.15,34757,1,
0x896862dd2236de83cb55b3b73faa7e60a73a483299a7516f83be87809357df89,cfb-app-usm-2025-09-13,2025-09-13T23:00:00Z,125,12146.711672,6327.51,23686,1,
0xc355b3042288584c781d6a888107cd014422aae9ebf2534029168c8b5e3e6dd4,cfb-ark-miss-2025-09-13,2025-09-13T23:00:00Z,103,70222.721813,27346.83,104298,1,
0x2b5e5a3d8c979c2287e5c6d03f80325832ecd3bacf34e61687e49cc5c7c0c65d,cfb-jvst-gaso-2025-09-13,2025-09-13T23:00:00Z,51,10620.973552,5163.62,17416,1,
0xa896f7e0e82e26e7850aae45025419bcdacb2dc2a3cf1ac2a16f3fb7d37df01a,cfb-odu-vt-2025-09-13,2025-09-13T23:00:00Z,98,10455.436295,4806.36,15709,1,
0xd6d075c8b5a584f7a09d36d8926feabe7e3a611c45e5a5d653e320ac8fc21e71,cfb-ohio-osu-2025-09-13,2025-09-13T23:00:00Z,50,22739.669005,15032.22,29119,1,
0x39a342f5346bb5a079f6f03882b235a83710aedd3897249d0296b4117aaf3fba,cfb-wmu-ill-2025-09-13,2025-09-13T23:00:00Z,37,5575.470635,523.32,5615,1,
0x1768ebd8d83949563db1daf94452668e5a30c459e35cfb213e4826b8a4807e28,cfb-ecu-ccar-2025-09-13,2025-09-13T23:30:00Z,56,8796.59641,4096.47,9927,1,
0x8fcf34736e8cd7fa3c8b285ff3c102b8e9a988492697c309dbdf52bc529c4a89,cfb-emu-uk-2025-09-13,2025-09-13T23:30:00Z,42,7645.5535,4984.09,12959,1,
0x7732b6bbe0db5d3e931aedb6814614a196a778da3ec13542051676dd154f911b,cfb-nmst-lt-2025-09-13,2025-09-13T23:30:00Z,31,1862.164033,1195.03,3840,1,
0xbc5606b54063444d85678e1cdb6840ad24ed7dd5bdaa4f70ad268fb244753194,cfb-txam-nd-2025-09-13,2025-09-13T23:30:00Z,207,30744.428971,13497.5,394361,1,
0xadba1e2198bf38d497b94031b863f5fe6105c938b3916bb6bd91e673b28e3f69,cfb-uf-lsu-2025-09-13,2025-09-13T23:30:00Z,154,63655.402326,40477.01,278524,1,
0xd735da2c726d3c3a941ddb66caa666b0f1fa7ef690d06f994cea333e789c4071,cfb-umass-iowa-2025-09-13,2025-09-13T23:30:00Z,25,4756.720361,922.02,6431,1,
0xdcb60596f330221286f1afdc73d2ae5ff80780a62701e0b842252740e56834c3,cfb-vand-scar-2025-09-13,2025-09-13T23:45:00Z,170,24860.343094,14232.61,95256,1,
0x15a6075c56250acec5ec5d610e721bbcfd9fffacec078a1297880e044b52b237,cfb-duke-tuln-2025-09-13,2025-09-14T00:00:00Z,86,84690.154997,41161.98,107571,1,
0xa7b921829bfbb7f4bdd7be76428003f84c57387fae71be968b798a7a53396c57,cfb-navy-tlsa-2025-09-13,2025-09-14T00:00:00Z,26,8725.714467,2856.97,15306,1,
0x410e02710998661628538d3abc53c1ecc733f23dea474dd805b4a631a291ad72,cfb-utah-wyo-2025-09-13,2025-09-14T00:00:00Z,34,9118.2456,6620.64,19830,1,
0x58582630f7bb64f056fe4b06d92d97c7cf4c6757858d4972d3c124cd5e7d4c46,cfb-akrn-uab-2025-09-13,2025-09-14T00:30:00Z,27,1812.625867,1006.12,5642,1,
0xb7997461d7391ced67fb5abfe08409586c9ccec0d6a729250cc3517c333fe118,cfb-af-utst-2025-09-13,2025-09-14T01:45:00Z,39,12872.473149,7438.77,51773,1,
0x8af7481b3a52afb5131e252b633ffe21d63160d4c5027ed6ec07e35aa67b39e3,cfb-bc-stan-2025-09-13,2025-09-14T02:30:00Z,67,27013.096146,16414.85,62083,1,
0xf24ec3bc26f79f51b6f29adc1c77a9e3baca8adcdc6c144662306201eb9a55e3,cfb-minn-cal-2025-09-13,2025-09-14T02:30:00Z,117,51030.333782,27141.64,286547,1,
0x3734f860f2ab22a25283b38808c14c8c9957cc218cfd281ef70535b6f9d6808e,cfb-txst-azst-2025-09-13,2025-09-14T02:30:00Z,108,28754.495194,23032.52,77983,1,
0x1444251b3dafb9a59d8d2cea3c6455850c1d36003f03dfbc2e094da2ab2dd161,nfl-buf-nyj-2025-09-14,2025-09-14T17:00:00Z,741,1570514.854006,826208.53,2291424,1,
0x0eb549ada746e7e1f32d33d3bcb7f4c38130fae33a27fd01d39d5d88fa155524,nfl-chi-det-2025-09-14,2025-09-14T17:00:00Z,517,311044.624395,147529.72,558697,1,
0x4e557959c5f78255856b860a97a3e72b34a263ffceced545dc2f98a206ebe61f,nfl-cle-bal-2025-09-14,2025-09-14T17:00:00Z,598,471842.611969,248259.35,623847,1,
0x6041cb78d3398ec805169b3ff7ba94b9c2e5ad1b31097989ae05d366ba7955de,nfl-jax-cin-2025-09-14,2025-09-14T17:00:00Z,394,739670.193804,426118.09,1171955,1,
0x9e7c130fb42833e3a72b4fbb013a5119ed7d6fc06c986a19cb3f016e276ae622,nfl-la-ten-2025-09-14,2025-09-14T17:00:00Z,360,688746.314691,354386.01,890905,1,
0xd41dee54378dbc6371cd731879e20dab13f48ce686fef20a14e2010004c69bde,nfl-ne-mia-2025-09-14,2025-09-14T17:00:00Z,468,233081.45016,118152.31,558403,1,
0xf3ded5c94e43f3b2ed2b00880fb4dd571124e839b31c7499f567d29e2e978aec,nfl-nyg-dal-2025-09-14,2025-09-14T17:00:00Z,681,297783.432289,165741.47,1122564,1,
0x3255139811b2eed367c3329581059bd34a37047fd414308c75d7100e7101283b,nfl-sea-pit-2025-09-14,2025-09-14T17:00:00Z,576,1056838.156692,607357.71,1311718,1,
0x2209d272f45481a4815f9311d94067c2cb2b932546298368f2a3322275169fc6,nfl-sf-no-2025-09-14,2025-09-14T17:00:00Z,751,1481176.904654,690644.05,1708561,1,
0x573aba90ae041b95e9b835f073bfe7eaaa04511d73ed7dc2e5cddce06ff77ba5,nfl-car-ari-2025-09-14,2025-09-14T20:05:00Z,291,890244.361194,653066.24,1155397,1,
0xddf98fc07d7824086f2bb238ff0a7c86268f9bd1e9c23c3f92470fe2a658c7d3,nfl-den-ind-2025-09-14,2025-09-14T20:05:00Z,548,1930372.394079,967322.25,2444427,1,
0xbaeed5f2c31695be7bfbed65abe9b1e1abd30090b0837fc4dc1f238c41c99c23,nfl-phi-kc-2025-09-14,2025-09-14T20:25:00Z,1039,856617.72512,433959.52,1635710,2,
0xe2f107836a6236398720178a48a51f0745260d5bf508d2422104c00eca2d6890,nfl-atl-min-2025-09-14,2025-09-15T00:20:00Z,738,767208.898433,364768.06,1601225,1,
0x542f347e86af3c848754daee52f296a9f2244db0f62c1e713b9ace8e5dcd7677,nfl-tb-hou-2025-09-15,2025-09-15T23:00:00Z,1329,793705.94773,412805.67,1871934,2,
0x269c676c69555c6f9609178c0c1b2c7469d413e7e22cd0f340c87390a4f6e766,nfl-lac-lv-2025-09-15,2025-09-16T02:00:00Z,1162,2906463.631901,1510164.41,4286153,2,
0x34e17ce3dfbc04915a1a94b1bd7c43cae7247d13423ac4df9fca6205797806e4,cfb-rice-char-2025-09-18,2025-09-18T23:30:00Z,417,75528.670845,37732.82,132521,1,
0xe0a4a160343d3f6f12f3518ac336deee778f9c922c3a8cebc22e4e9bb90947d9,nfl-mia-buf-2025-09-18,2025-09-19T00:15:00Z,1283,1625998.393604,778118.6,3020631,2,
0xf2ee332a87953159001b2ef6077207a054cae6ac5c86c312fbed034ac6a61cce,cfb-tlsa-okst-2025-09-19,2025-09-19T23:30:00Z,377,118981.126263,49574.36,306707,1,
0xcb48a4793e9c7b9a638447ecdbbeaa39584ccb8cff323847a3d25c61fd7fdfdb,cfb-iowa-rutg-2025-09-19,2025-09-20T00:00:00Z,564,1113161.378234,566562.62,1574042,1,
0xe671e803cfb5f3febf9e37f91c9b186dbe22fca81952636ddfd17f892bc6177a,cfb-ark-mem-2025-09-20,2025-09-20T16:00:00Z,219,88558.714116,37465.07,254991,1,
0x02960034e4e6e1825b0232e9a85c4b532db2fec36ad8faba6e1a9b8c14558706,cfb-bgsu-lou-2025-09-20,2025-09-20T16:00:00Z,216,76059.668571,14098.56,87583,1,
0x3f9ce029d4e77986b7204bf74c6fd31f11bfae9a0b11b40368e05409bc674b68,cfb-mary-wis-2025-09-20,2025-09-20T16:00:00Z,118,18773.24534,8515.17,71537,1,
0x0bb8cc3e94a64e15402deecc9efacda23e63325f657ee1d630ccfcdc50683df9,cfb-smu-tcu-2025-09-20,2025-09-20T16:00:00Z,164,102173.957626,47082.99,156319,1,
0xbe48dca9ed91dcf5d2e176821388fae58b40c15d34714ab477e1fdc9683ae242,cfb-syr-clem-2025-09-20,2025-09-20T16:00:00Z,182,69847.376953,15022.39,485634,1,
0xee4bfb0db500e2d4ce48311f4a67721f8986ba1a79f40cb5f8226f924b1b65fc,cfb-ttu-utah-2025-09-20,2025-09-20T16:00:00Z,386,124685.462811,57720.34,286363,1,
0x32594e91901c9e11a5940b2090f5fc4654c419737de7df35a8d1a74f835d6996,cfb-unlv-moh-2025-09-20,2025-09-20T16:00:00Z,200,51330.737683,24959.58,73312,1,
0x41a06b56c418abc793e2045292b6707533aefd49c979bb75142f56204840b735,cfb-unt-army-2025-09-20,2025-09-20T16:00:00Z,106,63621.056511,34535.43,93625,1,
0xbec99f642e104a6a9023d2d2fffa1859c8c6ee6f2d8bd7f4dd15cbb5491cf72a,cfb-uab-tenn-2025-09-20,2025-09-20T16:45:00Z,79,25695.718231,6440.47,39054,1,
0xbcc44acb3ca67f8c9d989b431ee364629e03a2e668cbc67cd5bbfc724b131ece,cfb-orst-oreg-2025-09-20,2025-09-20T19:00:00Z,98,53371.682871,20031.24,80741,1,
0xc5dbdb24fa06832401d5ab845fb55a1e8f885fdcf4b24537c91b9c0ff20058f5,cfb-aub-okla-2025-09-20,2025-09-20T19:30:00Z,140,26251.611366,16051.45,195077,1,
0x64bc6723e94678f6f6e725f7f746874d4ca3eaa613e7c6681369bf44ab9178ec,cfb-ball-conn-2025-09-20,2025-09-20T19:30:00Z,36,2831.559411,1689.21,26630,1,
0xcc6b61212319fa5f2faaaf0115026ae36615c543b9da899987bc2ed6eaebc42d,cfb-jmu-lib-2025-09-20,2025-09-20T19:30:00Z,69,15068.34862,4722.45,22820,1,
0xcad5ff55e440eb956b7044418c2d5431a2432a06a9f967340f71668a8886dad0,cfb-kent-fsu-2025-09-20,2025-09-20T19:30:00Z,46,39941.23212,4664.53,62403,1,
0x8ee322293f4ed5459114fc50ea6a918b128e82e43c57fce563e12c802ef44a93,cfb-mich-neb-2025-09-20,2025-09-20T19:30:00Z,425,366660.183002,181819.22,1037832,1,
0x6a7b6e8e995810d4521a92ab5050c4fc5b0529fd3dc6b3515ca9e880816a1edf,cfb-nc-ucf-2025-09-20,2025-09-20T19:30:00Z,113,40193.88095,15294.12,56528,1,
0xd127eb7c290289506f73892c93f4a0fd75fa3f6e7ff82603eddbbdaa687c5681,cfb-purd-nd-2025-09-20,2025-09-20T19:30:00Z,110,55068.505317,21464.33,128220,1,
0x4c03b4c8715ff94a27f3f40db38d65f34f3dfca3ea9d30e4e88eee23baadb87e,cfb-tol-wmu-2025-09-20,2025-09-20T19:30:00Z,33,3651.795665,1316.66,12667,1,
0x0affe85c6f20ceb60db89578d2096f49b1133146f4538c06e9bdd2454da9a992,cfb-troy-buf-2025-09-20,2025-09-20T19:30:00Z,65,6465.872347,2919.56,11430,1,
0xc331db2f14d42ec977c0ab00341dd3a755ffa3a1b1155fb1a31fd5e954324805,cfb-tuln-miss-2025-09-20,2025-09-20T19:30:00Z,106,45347.584096,21861.86,71146,1,
0x2189659f22fa034b530d872d84ad2048488ba99014a8ac06d6096b4963df9178,cfb-ull-emu-2025-09-20,2025-09-20T19:30:00Z,114,11326.304726,5849.25,19474,1,
0x8127ae4ce00d83f7850d1179259ccd366d0daa091f59b501148033d90cf9322f,cfb-ncst-duke-2025-09-20,2025-09-20T20:00:00Z,93,22032.725335,12599.58,92635,1,92634.533854
0xbfc628b3580038b533d1f2573b2912305b5ff64012ed3c6ff4921767619d64eb,cfb-niu-msst-2025-09-20,2025-09-20T20:15:00Z,34,8716.587196,4559.51,18174,1,
0x7d2b49c703ac3ce89b75d2b9829b6279b4760ee794fbc17a7372daa0d0993972,cfb-tem-gt-2025-09-20,2025-09-20T20:30:00Z,44,26580.042535,14145.93,34702,1,
0x4d877d9eb1c5eeb29426957435880dfa59b7cc78923a7693d4bbe34038339e26,cfb-arst-kenn-2025-09-20,2025-09-20T22:00:00Z,61,18535.693038,10920.09,35067,1,
0xa5fff44c364796c0294f7c44249114a508d89c5ad36d90046fc4141753aaf119,cfb-wvu-ku-2025-09-20,2025-09-20T22:00:00Z,92,35204.361756,19718.57,42806,1,
0x5b81b85be5b5533df6241d41c06e1a46b03ab4b8a300f969e14213da8e72c6c4,cfb-boise-af-2025-09-20,2025-09-20T23:00:00Z,61,8571.60472,3819.84,22708,1,
0x29b6c77f591eedaea30cff14c586b3ae5e62e20a8dc1d49c8875cffce6689bb1,cfb-ccar-sbama-2025-09-20,2025-09-20T23:00:00Z,32,10892.978054,3481.8,19301,1,
0xc32432948a652d1293565a104e000279100e87a037fc4ff04dfbe218cd555c9e,cfb-mrsh-mtsu-2025-09-20,2025-09-20T23:00:00Z,44,11789.492793,6368.91,39877,1,
0xaa5a8c83e5dd1b2587a5adaaa0da7bff71d418e299ca711cd63a84b1046acbcd,cfb-nev-wku-2025-09-20,2025-09-20T23:00:00Z,45,1994.306292,1059.65,15608,1,
0x086988fc4429f0d166bb42192f2fc11eef2b2440936a15d07d31d97e90312cfb,cfb-scar-mizz-2025-09-20,2025-09-20T23:00:00Z,311,163638.836682,72460.51,291435,1,
0x5330e997dd88a34e1ea810eb44174d7680c630b941e1e80fefd36613dca8e9c5,cfb-azst-bay-2025-09-20,2025-09-20T23:30:00Z,121,152102.028405,80071.08,335436,1,
0xb1c8a9859346e5fd092402a72ceb5d1192a2c7f9983aa88239459adf211c9569,cfb-byu-ecu-2025-09-20,2025-09-20T23:30:00Z,62,7465.426051,4577.43,29647,1,
0x33482be407bc706f8271bdca200a95a7f897bac800492069df0a3cc9ac9e56a9,cfb-gast-vand-2025-09-20,2025-09-20T23:30:00Z,42,8966.309068,2549.61,18197,1,
0x166dc50db4bd8ff277a1873b179e5ab33a2f1b0b150530fc2288de32bf604c96,cfb-ill-ind-2025-09-20,2025-09-20T23:30:00Z,490,408422.885156,151560.41,519717,1,
0x4393391f09c8bfe64c4977acee40ad297d8b014a912e8a2d2ded39be157867ac,cfb-stan-uva-2025-09-20,2025-09-20T23:30:00Z,38,3610.368151,952.77,8635,1,
0xa3a94e179dba0c4bd35b95dc4f968a120150a8ea0d35946ca35dad0b5c228448,cfb-uf-miami-2025-09-20,2025-09-20T23:30:00Z,155,238708.869046,126186.55,381755,1,
0xcbddd3eaee53b47fae67fd7b883cab67fc1ba7c591bb9cb2ce08e73d9510219a,cfb-usm-lt-2025-09-20,2025-09-20T23:30:00Z,28,2544.496926,1305.08,6373,1,
0x43dd2f5977079419dea8521fa5b60aa4d53981a361ca30fcc02dbee6008abe79,cfb-wash-wsu-2025-09-20,2025-09-20T23:30:00Z,42,5522.257072,1259.58,9551,1,
0xbe64ac0083b7fcab0b99e0867713d9ef70fef961a8da0ecbce9b1d425fab5b42,cfb-shsu-tex-2025-09-20,2025-09-21T00:00:00Z,54,21264.807889,9279.79,27260,1,
0x4fdf54ae35e6aa90a0d67d12ef4c69f41ff2e43ef3d4a5b7d155abc806384135,cfb-ulm-utep-2025-09-20,2025-09-21T01:00:00Z,35,4932.888867,2370.67,47677,1,
0x87b63a319b1b59e5799e8c957dc3189e6b0ea72cdbb956812f4953ffe458f4c8,cfb-utsa-csu-2025-09-20,2025-09-21T01:30:00Z,34,28189.202189,18375.11,55360,1,
0x312b9c5c1e712fb150a557fbad12fbb69e84f5e036572aff3bdfbc2be245d98d,cfb-wyo-col-2025-09-20,2025-09-21T02:15:00Z,166,45381.473007,12632.63,114734,1,
0xfe2b39eaf8209a7d0ce6c35ddc78e39069f70f9eb68270b1b9ef2c8de1ba2be4,cfb-cal-sdsu-2025-09-20,2025-09-21T02:30:00Z,28,3324.486893,1826.7,118075,1,
0xc2e7cab4e3111d25914456053a685fa3ad942f0a23de3c2cf5ea90f4ca48e896,cfb-msu-usc-2025-09-20,2025-09-21T03:00:00Z,114,67764.362676,36936.77,235491,1,
0x74526b967dffc08c39297cd6d383633887757192c6fc85fac7bef3b2fd075157,cfb-frsno-haw-2025-09-20,2025-09-21T03:59:00Z,214,89212.223709,49820.22,184084,1,
0x98dde15f19b750936526d438b9920e325aece9d3e4144b71e276e96f557c1c49,nfl-atl-car-2025-09-21,2025-09-21T17:00:00Z,677,221481.156779,123211.49,518801,1,
0x00cfb1fe371a24b3a9d81f1bb9ba5a037a53f70cf5f2741f3e8d24ca0eb46591,nfl-cin-min-2025-09-21,2025-09-21T17:00:00Z,1010,1838580.780456,1094813.99,2063397,2,
0xfeb438246bc849b858cb0136ec42903babf3921f634cf1733ab833349b65e6dd,nfl-gb-cle-2025-09-21,2025-09-21T17:00:00Z,1306,794074.947703,446317.71,1215658,2,
0xcab669c074f8f790546d99e92a5864b14f46d98de451f35e26ea63c0089a7173,nfl-hou-jax-2025-09-21,2025-09-21T17:00:00Z,839,1250776.210038,622201.48,1698883,1,
0x0a72c4de1ae9224eaf23d19ed8710a9b569bcc18b872e5b0812d4e931e36b837,nfl-ind-ten-2025-09-21,2025-09-21T17:00:00Z,630,1501754.801416,734680.57,1610982,1,
0xbaef857e53f69249525c725e35c4dafb4c9df13c915738351bf2d5ab9fef01b9,nfl-la-phi-2025-09-21,2025-09-21T17:00:00Z,859,290758.899173,164592.91,1024432,1,
0xb68114f91bebbdf4db3b833187ffa59aa3b9a727cbc3070f232e2fbc8efa530d,nfl-lv-was-2025-09-21,2025-09-21T17:00:00Z,696,1354351.903959,753844.95,1534442,1,
0x44d172447f68fcc304a574af3439776f798155fee1ea6ade6861ea62d269a856,nfl-nyj-tb-2025-09-21,2025-09-21T17:00:00Z,593,652971.86663,308371.6,1145476,1,
0x8610f5115132a1dbb5d9db6d2514880bffd355a08d4e7e7c4a4b8a176ed9baa7,nfl-pit-ne-2025-09-21,2025-09-21T17:00:00Z,806,627563.882505,321113.56,1003692,1,
0x63c2b29f776882f6a873ab08f9233b5ce81878f08901b356cefbfeefed9a7256,nfl-den-lac-2025-09-21,2025-09-21T20:05:00Z,778,1118333.107223,535295.39,1993928,1,
0x027debee6533019ad89f0c725cd371e7743741993ba7299ffb6fd00fa2113bfa,nfl-no-sea-2025-09-21,2025-09-21T20:05:00Z,432,255637.496016,143363.66,347823,1,
0x86114dd0c8cb0620543ac867b2c1c38715f6c71e62d2f6580c51c5223e6f3c3e,nfl-ari-sf-2025-09-21,2025-09-21T20:25:00Z,583,1726446.014179,844635.03,2381553,1,
0xfa1e8f3b1d376187570365ccc2b0a75b75c6bac5e09af54cbb2f136dcfc15312,nfl-dal-chi-2025-09-21,2025-09-21T20:25:00Z,1351,760835.576156,393153.42,1808243,2,
0x86f7bdfbb5d28ce8a9c455600e0252b016becf26a3868ac5ca6b85a65ac5b785,nfl-kc-nyg-2025-09-21,2025-09-22T00:20:00Z,1132,1915456.200334,919450.95,3267791,2,
0x9bb75ad1d36ca556770aa2e1e12d1a6cc4a96039664434a33d4d7221504fa28c,nfl-det-bal-2025-09-22,2025-09-23T00:15:00Z,1570,2030136.072275,1232085.61,4037205,2,
0x465bb7c09fd6dd71b1dce092970aa5dbe0754bd04754d90580e32205c744d55d,cfb-army-ecar-2025-09-25,2025-09-25T23:30:00Z,65,50429.678576,22869.06,82678,1,
0x2a749fa0cb0d3a9950eb54d6bc2800de73297906857b6093bcc1a9573c17fd05,nfl-sea-ari-2025-09-25,2025-09-26T00:15:00Z,2555,3882330.256753,1977238.06,5112503,3,
0x802b26249e03ba6b92f73e1019f69f0688f9b59d2ea9ed8ec9f04cdeaed1dd24,cfb-flst-vir-2025-09-26,2025-09-26T23:00:00Z,363,383590.351469,212014.92,872108,1,
0x8f6538c2a347994680ebe60d986f5d6887d0b50f476ee48ecb93878a197dd1f6,cfb-bowlgr-ohio-2025-09-27,2025-09-27T16:00:00Z,13,1635.478387,509.23,4063,1,4063.096403
0x60d542b301f0455b36adbf5de1cec2a8c5e85b40aaa88752826c715bc17e7f26,cfb-cin-kan-2025-09-27,2025-09-27T16:00:00Z,21,23342.017498,11898.43,104336,1,
0xf44c6f6a6deb2a2a769d163c8ba1c9bd73eb0465b49d6f5b1bc22b228856db60,cfb-duke-syra-2025-09-27,2025-09-27T16:00:00Z,154,112479.075904,52181.79,157316,1,
0x040bc569d4a7e31ac6a71fef318ae22b7dc9b9562925a8e67732a2b99dd9ff5d,cfb-gtech-wake-2025-09-27,2025-09-27T16:00:00Z,102,23366.775293,11589.65,322102,1,
0xcc6425f01129e2a7b7bf1ff218f5b9cead63459442fe1538f7261b4ff056c21c,cfb-lou-pitt-2025-09-27,2025-09-27T16:00:00Z,77,15036.352734,7011.99,73609,1,
0xd2943049935e7eb0df6027b7141113a6fe91a5bf288906751fdf9bec4344cf81,cfb-nd-ark-2025-09-27,2025-09-27T16:00:00Z,150,73328.143702,38060.08,126233,1,126232.917489
0xf88ca0f086c6e7d3dbee06092112e6772e2e981f5d23e94efea8f1ae69c8f6f9,cfb-rutger-minnst-2025-09-27,2025-09-27T16:00:00Z,57,40552.056931,17529.19,93958,1,
0x9a5e6b7e96aaa8166ce6cd132a982b88669c01bae23cd59c0aefa5b982402fe8,cfb-sala-ntx-2025-09-27,2025-09-27T16:00:00Z,24,4398.333603,1815.96,15732,1,
0xe00b8cd962038ff422aa9dc0948283959850ffc264c23e67a96124d1a86b2d3a,cfb-ucf-kanst-2025-09-27,2025-09-27T16:00:00Z,64,50486.886224,28322.05,99716,1,
0xd9f4f79cf81ed6b33a86383242d9ca0688a7708e48df2a3afa9b5af4f1a8a489,cfb-usc-ill-2025-09-27,2025-09-27T16:00:00Z,70,13834.840134,8689.65,155028,1,
0xe1eb6ee66a0df54697f1c6054e7158233a05826ef27e84987da6dbe57e211b17,cfb-utahst-vand-2025-09-27,2025-09-27T16:45:00Z,66,38460.117844,9630.76,76216,1,
0x60e38e0bbebb7728077f96ae311178736ce9fb8a886cd8dfb26b1c32f379c7da,cfb-emich-cmich-2025-09-27,2025-09-27T17:00:00Z,28,3793.187832,1687.78,17077,1,
0x62304de442494d50be99f801851b53173c47a3d5dfed2ab732f59f681df0d123,cfb-gas-jmad-2025-09-27,2025-09-27T17:30:00Z,15,1966.801279,936.41,9773,1,
0x9d69b7a53151394a2a14f1cabcb853c04e1765fe80f12dfecad07e21cf8b2223,cfb-arkst-lamon-2025-09-27,2025-09-27T19:00:00Z,13,601.972458,305.27,7442,1,
0x929c40f5a0ef9d82ecf36c4b8a819600f55c7ca46f81e7d9198d7521ddfbde64,cfb-akron-toledo-2025-09-27,2025-09-27T19:30:00Z,15,2082.433615,1473.69,2601,1,2601.371812
0xa96fff91ed4f2a9fff6b45e7646461ed84244eb698fbfb9ab24f01262a5981d8,cfb-aubrn-txam-2025-09-27,2025-09-27T19:30:00Z,77,18494.03913,10686.62,75693,1,
0x8b46e0df4f83d9c44ad06bb20b59f7a956dba453d32b7614f1ce6593f57c4fbb,cfb-bayl-okst-2025-09-27,2025-09-27T19:30:00Z,39,8658.90388,1830.16,62307,1,
0xb36b6bedf24f602fe1a1bfe666b16ab5e4e7c4ebc8eac271e4a63d7b6c98587a,cfb-cah-boscol-2025-09-27,2025-09-27T19:30:00Z,29,3026.092675,1224.08,51846,1,
0x4cdfbf7d0bf6d6f0bea480e210289d4842825834b5ef193387661b6fec3db64d,cfb-ind-iowa-2025-09-27,2025-09-27T19:30:00Z,41,5124.948325,2889.73,40221,1,
0xb1eb994bd536d02d4d773d6b17c11ab3ebbe25face9c6861d4bfeb7049deee88,cfb-lsu-miss-2025-09-27,2025-09-27T19:30:00Z,233,111995.321995,55392.41,444768,1,
0x84cbf4d230de080d09f74afa3845307f051344db46e2d5f7127a399250d639e8,cfb-ohiost-wash-2025-09-27,2025-09-27T19:30:00Z,103,157809.758289,74739.12,232338,1,
0x62339a9ab2bc7188dfac5cf2e740e95d6871c71b74eb44b77797dc4b498be47e,cfb-rice-navy-2025-09-27,2025-09-27T19:30:00Z,26,3151.929347,1005.27,5105,1,
0x30f0ffc61f0760056aba069a0d2b014f115c32c8316965997748ca6eab24a5d7,cfb-sdst-nill-2025-09-27,2025-09-27T19:30:00Z,33,25680.746397,12444.45,28459,1,
0x225140ed25261b1a2e8f6c007ec44d40629a38dc8b8eef5d70df536bf9d3b5ac,cfb-ucla-nw-2025-09-27,2025-09-27T19:30:00Z,28,7365.277083,4604.38,40919,1,
0x1c4b405a41b317d0e30bbc5c54f8c15514e7818b0c9beb755788a774bfdf9d18,cfb-uconn-buf-2025-09-27,2025-09-27T19:30:00Z,27,11027.60721,6166.47,14699,1,
0xcb72bef8df7a106fc87f4acf814992893a3607cf169b76a8ed4bf6c15bcd3c72,cfb-utah-wvir-2025-09-27,2025-09-27T19:30:00Z,45,5891.775282,3005.77,14073,1,
0xbda39417c17e7ef780eee52a41a51c883672ce626fed190d83d57d83120ef4d1,cfb-nmxst-nmx-2025-09-27,2025-09-27T20:00:00Z,26,4995.509982,3262.48,6293,1,
0x92dfcd4e774d7ec01498f30b9a92f2f73dae4aff0fc91574f64e5761d7b2b201,cfb-tulane-tulsa-2025-09-27,2025-09-27T20:00:00Z,23,2711.605677,821.43,9860,1,
0x25ac36d8bad5da418bad8134bf70a2461b145f8673f329c34ac991bcd1827ff5,cfb-hawaii-airf-2025-09-27,2025-09-27T20:00:00Z,21,2404.631139,1415.62,24380,1,
0x7aa6788e40168d0087f978a0caab2f2a0934d43a2194989e4f940f81ee7fca9f,cfb-tenn-mspst-2025-09-27,2025-09-27T20:15:00Z,76,17000.303862,10524.66,132063,1,
0xc42e6c5feac01a06c8fd83780b71b4db2042f397662d2bbe0793f9842eff96c7,cfb-librty-old-2025-09-27,2025-09-27T22:00:00Z,17,7128.502314,3867.39,15927,1,
0xff409e1cee0eb6ea0a7ab0740baed14b22c2395fe16228a2e8534a5bda0b7274,cfb-mtnst-kenest-2025-09-27,2025-09-27T22:00:00Z,21,2720.465899,1191.21,6530,1,
0x5da0465202f625a1147bbb789e288310e90bbb020a776330bd3d333b37e55f90,cfb-ri-wmich-2025-09-27,2025-09-27T22:30:00Z,21,2652.160459,1016.18,5577,1,
0x885033b344ce021418674d35a253fbc7f265b06fd1ee92b8e9a0d36a3cd980fe,cfb-arz-iowast-2025-09-27,2025-09-27T23:00:00Z,40,6523.101602,2752.26,31303,1,
0xd3ecad982219eaa8452a7cfb9e864bcff37c966c8b3aa140e257a9d70f18acda,cfb-jaxst-soumis-2025-09-27,2025-09-27T23:00:00Z,19,3814.099274,2152.0,7796,1,
0x72544317201b15fc25948cd22228983362125986eaf24826a4876788888872eb,cfb-mphs-flatl-2025-09-27,2025-09-27T23:00:00Z,58,20588.344064,8409.11,27901,1,
0x9f382d62f4757a8832f637f239904fb39c8d495e33c0726e914beb830c7e7e35,cfb-vtech-ncst-2025-09-27,2025-09-27T23:00:00Z,50,22555.406194,9708.43,58768,1,
0x6d59bd171d8b909e3af44c2b0c52bd6a690480805e7d380f0241fa3c0e7cbdf2,cfb-wkent-msrst-2025-09-27,2025-09-27T23:00:00Z,17,5169.794272,2264.31,8392,1,
0x78ba21fd7871d3fe5eb50b3834a18eabc98dca241e1dd842623b0c0bd65dc041,cfb-ala-ga-2025-09-27,2025-09-27T23:30:00Z,325,286654.288189,141037.08,804709,1,
0xbf137621a4f5ba06d83dec7c62cb38efa5dc819723e8acc6aed4251318ffc0d3,cfb-applst-boise-2025-09-27,2025-09-27T23:30:00Z,22,22112.507669,3787.73,27007,1,
0xfb41ad72ca45f94f335a6eef84daf6a761262a87cc581ebf9711a4bd44599bc3,cfb-ore-pennst-2025-09-27,2025-09-27T23:30:00Z,263,265604.572268,121402.86,509251,1,
0x93cd8e4b8a9f6ecbccbc95257e388dec771bb599408d441b98946e5d4af60f02,cfb-sjst-stan-2025-09-27,2025-09-27T23:30:00Z,41,21020.497191,11217.47,75073,1,
0x42570e2cefd9d65d17206a2074a1af70dca4df8730a16c7419aa29604633a37f,cfb-umass-missr-2025-09-27,2025-09-27T23:30:00Z,51,16401.817046,4772.67,21847,1,
0xa23a6d89738fc76a3d62807428b2495f70d23518730314613405ed151146c6bb,cfb-washst-colst-2025-09-27,2025-09-27T23:30:00Z,19,1702.176464,675.27,16932,1,16932.107467
0x0dfee592c5e92a3582a666314f3941d608074be8db7aaef6533dbf0e4a549fcc,cfb-uk-sc-2025-09-27,2025-09-27T23:45:00Z,40,11409.568093,5432.63,41260,1,
0xfcc46ecb6f54bc116ef2eae38921499f53eb0b669d5719a6f7a07c414d4456b8,cfb-loutch-utep-2025-09-27,2025-09-28T01:00:00Z,13,1143.28499,651.56,3318,1,
0xd5b1f3e75194ffd48ab28b219cbb38f656d07af3ddc1619c5b5bced8bfa6124a,cfb-byu-col-2025-09-27,2025-09-28T02:15:00Z,48,38956.223482,17977.36,178332,1,
0xf6ac37db6b9296effc601fd758968a519a81bd918fc958f28279ba32cf532f77,nfl-min-pit-2025-09-28,2025-09-28T13:30:00Z,1338,1323090.39952,638904.66,2300156,2,
0x2517c2e7563984d2149ac4b2bfb5d4994c36a9360929d195cd91278925629813,nfl-car-ne-2025-09-28,2025-09-28T17:00:00Z,541,454618.269828,181368.05,607663,1,
0xba5f25a50cb42b8187b1c341801f9a8e5a5aee19d74382ddbba563da5cdc01b7,nfl-cle-det-2025-09-28,2025-09-28T17:00:00Z,418,394786.001748,250838.31,689788,1,
0x79adec37b2f1ad53e17b80bb9c911c205300dbad84b55bb7ebaee8d8858d6ef2,nfl-lac-nyg-2025-09-28,2025-09-28T17:00:00Z,881,755773.157142,395940.01,1508466,1,
0x0b05c52720172eaa168e62e9e91702f48ef69210888880d2e9b74a0e210066e3,nfl-no-buf-2025-09-28,2025-09-28T17:00:00Z,702,962730.94118,479458.89,1245553,1,
0xccc244fc8e622c7a3768672661e64b7e9bb53bbb4f1e53a3aa36bd0d33428548,nfl-phi-tb-2025-09-28,2025-09-28T17:00:00Z,1014,939701.121323,442873.56,1404557,2,
0xf58eb28bb922427619e371903feb61299d311f36e11dd1ea650a4832df6fc1d3,nfl-ten-hou-2025-09-28,2025-09-28T17:00:00Z,346,101672.118583,44387.51,217335,1,
0xf4f1401bb1d74968dc3284b2c5c2319f5d135ce80b6025c89cf0b50b20da610c,nfl-was-atl-2025-09-28,2025-09-28T17:00:00Z,1312,2647252.776635,1333112.58,3103373,2,
0x8176209c7972bd1b9c1f0ce07120361b34930978d225ae007461edb03aefd3b0,nfl-ind-la-2025-09-28,2025-09-28T20:05:00Z,824,538773.291238,263523.25,1085383,1,
0x7ae4c85cc2ee3fe4ea7eb2545b05aee25ffd4f83367c371006942a5553566655,nfl-jax-sf-2025-09-28,2025-09-28T20:05:00Z,583,968786.723287,479934.69,1622501,1,
0xa84414bb974f9f7a1ce7d4f70c293ae5aed95b54224447d11d48fb46712808fc,nfl-bal-kc-2025-09-28,2025-09-28T20:25:00Z,960,2203227.5746,1136824.27,3277896,1,
0x4b5eb32c4b800bb96ec906a69507af92b567141e7dd6b023f6f0647ca3d840b3,nfl-chi-lv-2025-09-28,2025-09-28T20:25:00Z,1039,1427164.236404,714383.24,2055241,2,
0xdbc4fe4cf3464fccac0a3d1ec518d25047c7fed46ba942026d792b67ce4dbb5a,nfl-nyj-mia-2025-09-29,2025-09-29T23:15:00Z,1795,1273819.57,667999.36,2800466,2,
0x664ac906ce2e9579824b9eee8b42f937f3d01b3c5c670ba32e8433f95d3a4cd2,nfl-cin-den-2025-09-29,2025-09-30T00:15:00Z,1546,1760559.11759,631884.06,2501691,2,
0xe182afe6d9001281d12b6ea68b70364ac926965a3bfcff48476edfbb4e621287,nfl-sf-la-2025-10-02,2025-10-03T00:15:00Z,2628,1841789.859306,811874.31,4641710,3,
0x844a4bcd0aae636be5e4f6af9c020c57f2568686b1bbfd946cbfee59abd00bf1,cfb-charlt-sfl-2025-10-03,2025-10-03T23:00:00Z,31,3663.541682,1953.03,8244,1,8243.530432
0xd36210cbdf0916c16755737ce5abe7aaf2a8665f9804e60eec95ed4135551698,cfb-wkent-del-2025-10-03,2025-10-03T23:00:00Z,272,162193.390099,84069.45,322733,1,
0x4eebaea9a5ed80e51b453c0a93ce93ef80c2c028e2f7b2db2d86f7d325b3f0a4,cfb-nmx-sjst-2025-10-04,2025-10-04T02:00:00Z,65,67455.93482,34468.17,225035,1,
0x7d22b9d27a5c32038ba7a963a80390ffb92f0e0a5c8b5e078bf6fc41f9d0e12c,cfb-colst-sdst-2025-10-04,2025-10-04T02:30:00Z,74,86040.274817,51962.5,158149,1,
0xe5822e85ff1703ef17218fc4e8464c83dc4d15a792563b322d83742a7413bd59,cfb-wvir-byu-2025-10-04,2025-10-04T02:30:00Z,70,196348.108401,78748.57,258873,1,
0xb98cabc80f5c2381b01e5b17d18b8f690fdd3ab091831e341344e1365dd93eb5,cfb-airf-navy-2025-10-04,2025-10-04T16:00:00Z,34,16177.552628,8091.35,47361,1,
0x238801f9d467f62344ebe723143a46c7b5504e5d77eecfdc266f5f684492d0e5,cfb-army-uab-2025-10-04,2025-10-04T16:00:00Z,28,34971.761657,15136.71,43046,1,
0xf0f3818b81479dd3dfe2a506f88ed8a8b0125d03fb92c83e2fa379486c6734eb,cfb-boscol-pitt-2025-10-04,2025-10-04T16:00:00Z,92,21556.539943,12561.72,40244,1,
0x3ecf9f1e48968669440028cd0a33d77882731989505546e0870fbb257eda6679,cfb-clmsn-ncar-2025-10-04,2025-10-04T16:00:00Z,178,56344.782,14481.45,77093,1,77093.309464
0x1e166f211ad1fc8a53a686278a70d06616fa6d8c2d7e32df5206ac0aa10563b5,cfb-ill-pur-2025-10-04,2025-10-04T16:00:00Z,58,87277.346449,28862.8,195844,1,
0x6bee39915f4ed1160ee6898b2425c74930e8f858e467c96ae76f6b6fb914a978,cfb-iowast-cin-2025-10-04,2025-10-04T16:00:00Z,414,228600.437631,113717.28,419661,1,
0x107eb797eb91aa6dc6b583c020e7c50ed9aa4e1f4a3bd3060fe425cbd97cdf49,cfb-kanst-bayl-2025-10-04,2025-10-04T16:00:00Z,68,21195.442916,11581.61,191004,1,
0xd64f8f05070c562066f67f17cee8d2044ce2709506025f661f6c3b838726fb81,cfb-ohio-ballst-2025-10-04,2025-10-04T16:00:00Z,28,2360.849424,1237.17,12413,1,
0x492255ca5b0fa2993470c09423573bd3275c4bcc0d9b9d4cd8a34626026af510,cfb-uk-ga-2025-10-04,2025-10-04T16:00:00Z,151,154153.439997,60579.81,217287,1,
0x13254d6506bf47bbf8d437e4703f2eced97d7c6476dcb61e278d478c46146aa2,cfb-wisc-mich-2025-10-04,2025-10-04T16:00:00Z,50,19249.129704,14541.4,64387,1,
0xa2819e7e4faaed67e50185131d330e25912e04ad913bcb0513c778b3214ec0e5,cfb-utsa-templ-2025-10-04,2025-10-04T17:00:00Z,23,3505.849866,1690.36,12595,1,
0x5f721b1f8518a108ec68536c14a0478a771a269e89b94f871e0d09534aca01bb,cfb-wake-vtech-2025-10-04,2025-10-04T17:00:00Z,60,16784.725372,8140.27,70603,1,
0xc1988ad3365ba880aa83374aeac37b84062b0df3db8aa73e4e41f3227d485d2e,cfb-camp-ncst-2025-10-04,2025-10-04T18:00:00Z,8,57.7704,19.35,4131,1,
0x4cb2150fe2ae7effe23f82e263b2d8649b0c3c35b3a2d317e8d6c270b00f8ac6,cfb-wmich-umass-2025-10-04,2025-10-04T18:30:00Z,15,1086.635895,465.83,7426,1,
0x6c5222a50b8bc5ef0b2995a433a80506f5498918b0bf1e53042d8737de87db79,cfb-okst-arz-2025-10-04,2025-10-04T19:00:00Z,98,34916.052614,13624.91,44492,1,
0x6dfe254bd732af60b4a5d2f65971c1629bfaedede84df37818bff81891df4913,cfb-boise-nd-2025-10-04,2025-10-04T19:30:00Z,75,32957.470052,13396.66,103030,1,
0x0b2d4c0e59b20102db24730a2414cb18d219125e2447166bd4729af3e5c9ba70,cfb-cmich-akron-2025-10-04,2025-10-04T19:30:00Z,24,6443.192866,2769.78,11056,1,
0x3f99fd3637b746073d804678fdbb5e79ba00010d2509d2d5fb11bb97258aae9c,cfb-emich-buf-2025-10-04,2025-10-04T19:30:00Z,24,11945.317156,3446.02,23320,1,
0x2c3b61b33371f06b545e7623134ee868799c33053ebf09623dd5ed85120b50d0,cfb-flint-uconn-2025-10-04,2025-10-04T19:30:00Z,21,1585.251195,1002.61,22280,1,
0x06604e1e0eafd49a92e534aee315c2d6b7965ebd71251d1220c355aa1560bd4e,cfb-jmad-gast-2025-10-04,2025-10-04T19:30:00Z,27,25946.171381,4395.05,38782,1,
0x9730e1c5d711715bb4b2c137d51df0ec3d6cf1bab29adda9a62bc882164f978d,cfb-lamon-nw-2025-10-04,2025-10-04T19:30:00Z,27,10468.676298,8029.07,38716,1,
0xcd0bb9d05f0282c211af6cf7ff079d4ff4a5a39300431c0860698f5f46b8a9ab,cfb-miaoh-nill-2025-10-04,2025-10-04T19:30:00Z,18,1210.796491,724.22,4322,1,
0x9895be5251c19fafd1e67e27620c7b0c0b91809719be34a3d07ca1cb55e5d114,cfb-oregst-applst-2025-10-04,2025-10-04T19:30:00Z,67,35283.646583,17884.51,95579,1,
0x7a894ea9ddd51fa8604391cb4d95693e8585b77c4ca0a1f316026f8716e41735,cfb-pennst-ucla-2025-10-04,2025-10-04T19:30:00Z,91,17359.612601,5025.53,240777,1,
0xceda07483a0c67c346843411fce9ac9cfe97ac9e99f49a6384beb3fc27db4dd7,cfb-syra-smu-2025-10-04,2025-10-04T19:30:00Z,29,3367.997864,1136.09,9133,1,
0xded0d84993483d436bf35d866a49d71787ccc294998f63896aefd09e13447b15,cfb-tx-fl-2025-10-04,2025-10-04T19:30:00Z,149,177225.221286,108274.04,375697,1,
0xa920598c26cd3f29d25066e1521002a4f51abf936876445ced3af75396dc8890,cfb-vand-ala-2025-10-04,2025-10-04T19:30:00Z,835,307187.502771,95918.71,535222,1,
0x4d99a508b8a16cb8261dfee26b00dea8b733c19c10f5cb78417444a8f6230240,cfb-vir-lou-2025-10-04,2025-10-04T19:30:00Z,74,30956.727724,17372.8,101694,1,
0xb0fc8f79b5b2cdce8cf293d03bf90ad96d7a6b0e9eed3db4be770529434fb593,cfb-wash-mary-2025-10-04,2025-10-04T19:30:00Z,78,13075.732591,5199.02,58689,1,
0xcbe984f18316f2bde6fe6f6ea9843551d4073739e1f948f10406ad7b3be31641,cfb-kentst-okl-2025-10-04,2025-10-04T20:00:00Z,26,7222.727852,762.14,10112,1,
0x021e759d0b24f9450d8dd0b94f9a53c0c4288db6b9e7b7152d0fa5a63a53d2a0,cfb-mst-nebr-2025-10-04,2025-10-04T20:00:00Z,35,5419.688798,3725.84,48197,1,
0x45cdd92c6254cf73ea0c71c762571feb4552b5149e99930e31ff0006816d4edf,cfb-txst-arkst-2025-10-04,2025-10-04T20:00:00Z,16,10924.938718,7667.96,23574,1,
0x5bbb08bfd0c96f5ba1de6f91ce9a7fae2af3293aeed622f4955c15b76e41b733,cfb-coast-old-2025-10-04,2025-10-04T22:00:00Z,24,3457.15383,1412.56,6184,1,
0xb517592632f0a0ee181c06fbc3d18d2f64edab3cf6a984092e2fdb22b86ebc43,cfb-flatl-rice-2025-10-04,2025-10-04T23:00:00Z,23,6789.514709,2643.63,26015,1,
0x71a0427409b85bf7d2c1311347422719c9ff20133ac0931975bd273471526632,cfb-sala-troy-2025-10-04,2025-10-04T23:00:00Z,58,52170.968215,25680.6,65862,1,
0x6b6a6973620a2a247534a148fc77b0b7c79f361536ce7442934906ac2b5b9c48,cfb-txtech-hou-2025-10-04,2025-10-04T23:00:00Z,52,57782.372081,42631.19,101989,1,
0xc2e5ebb70226dbb029bdbee2c9c7d22e0454867ec81b0e7cce62a75e8f0ba4b5,cfb-unlv-wyom-2025-10-04,2025-10-04T23:00:00Z,37,19348.924812,11498.57,52627,1,52626.58697
0x4aaf5f5971a69963bd59251bad3e63e785285d5714a14eca3b642cfc946ff8a7,cfb-col-tcu-2025-10-04,2025-10-04T23:30:00Z,62,28723.423977,11364.53,120885,1,120885.242044
0xd908540a029fd0b5111cf84713ac6c73a6af185ab6438e873191bb621d2fd15f,cfb-kan-ucf-2025-10-04,2025-10-04T23:30:00Z,65,15637.548327,9344.64,105478,1,
0x916de3d41158298778e360dd27a476f6023905ceefae4ec5d6f3681a96f4f6c3,cfb-mia-flst-2025-10-04,2025-10-04T23:30:00Z,414,215094.935071,113967.14,403843,1,
0x939cf06765200142a620468106b7abb10bb6d81aecc063be657fd4e20fd126fb,cfb-minnst-ohiost-2025-10-04,2025-10-04T23:30:00Z,160,116174.462995,50191.33,260311,1,
0xb3c0ccace5fc968e9721ffb390de1a5fd4556d04a305d03168a0ca1c49968133,cfb-mspst-txam-2025-10-04,2025-10-04T23:30:00Z,232,98823.479583,26971.23,206951,1,
0x30fd7073772b450b07575e9cc98e59406e00394b5ecbb3b2d294b3e7585dde69,cfb-tulsa-mphs-2025-10-05,2025-10-05T00:00:00Z,17,15634.681674,1397.06,21476,1,21476.158413
0x392ca792952868de2a187845da375a52699d67fff1b460bc6345336a2417251b,cfb-duke-cah-2025-10-05,2025-10-05T02:30:00Z,124,79081.077162,38212.54,318829,1,
0xfe0440e642c5091975b5a5ed690e9f764666744c65663d51a6895526dd6d122a,cfb-nevada-frest-2025-10-05,2025-10-05T02:30:00Z,22,10336.767308,3159.41,35657,1,
0x5be2baa4127624bb749feb333d2e65f32ee7a70c98d866d3064453bdccf5b29e,nfl-min-cle-2025-10-05,2025-10-05T13:30:00Z,1452,1884576.431514,1141248.89,4260464,2,
0x875d3aa94828ef083e6829128be74a4fa37a0b64e71de05508577284233e3209,nfl-dal-nyj-2025-10-05,2025-10-05T17:00:00Z,2063,2593396.523965,1297826.64,3193943,3,
0x638fdef9e0d55331e641df9288311b9b5fb0aad79b38a21d1414374a59d88241,nfl-den-phi-2025-10-05,2025-10-05T17:00:00Z,1090,1326768.514253,770103.46,2180163,2,
0x7c794eac9eaebdc9e63d0510d51f12e53ebd3955dbb30d3c5e57c527252d12ab,nfl-hou-bal-2025-10-05,2025-10-05T17:00:00Z,2825,1183609.938375,581126.44,1426595,3,
0x9a5d7b0cea3d284ce6338ee10ce34b0fc59c7d4422e0a52d575892916c057911,nfl-lv-ind-2025-10-05,2025-10-05T17:00:00Z,642,357271.099449,170169.81,581524,1,
0xf89aacad8a05b20e273c2d591942d025b28a82044d8f3dfba8ccd4fac03b7bdf,nfl-mia-car-2025-10-05,2025-10-05T17:00:00Z,1179,1189055.529072,613977.08,1525104,2,
0xc46ec5775f978679e1d1c2fcddab06fd46e88d538933bef7f71c33798894a3f6,nfl-nyg-no-2025-10-05,2025-10-05T17:00:00Z,1861,1941939.910704,944720.48,2461002,2,
0xfbe97b6bfa6877222679a910731fea12e5baadcb9c7292c0f8801f3598f5b9a5,nfl-tb-sea-2025-10-05,2025-10-05T20:05:00Z,1083,1693089.253667,771763.32,3182843,2,
0x8747b866727b5514b52bccdc7afe208de01d42ae25055ee2f4de1ab4711abba7,nfl-ten-ari-2025-10-05,2025-10-05T20:05:00Z,589,629629.214623,291465.17,919480,1,
0xd4023055ab3eca1b87706cb8caa9f65c9b6257cd5a06a2b5332993c85764a874,nfl-det-cin-2025-10-05,2025-10-05T20:25:00Z,965,2169480.197553,896465.86,2552239,1,
0xfa87c912f0aa2042bdb6ea11a2ef4d4cd44e51f35d3c0caecb3410a554ca3d57,nfl-was-lac-2025-10-05,2025-10-05T20:25:00Z,743,232432.251829,128440.44,822866,1,
0xc099825fab4693445d89784cc269a53d65dd045cea38e4bff3b3e2b0355303bf,nfl-ne-buf-2025-10-05,2025-10-06T00:20:00Z,1504,1876629.324605,764459.97,3263598,2,
0x59d4803810920f86bcc24ab5ec8d83fe7255c351d1c229fe0cf9b652283aac0a,nfl-kc-jax-2025-10-06,2025-10-07T00:15:00Z,2281,2244103.381036,1123456.69,4382402,3,
0x372e53acccc8e0a8a6e10bf6ac7e646914ca5c6d954e572df52d1a397eccf687,cfb-msrst-mtnst-2025-10-08,2025-10-08T23:30:00Z,444,781650.622782,422793.3,859234,1,
0x3c63a0bf9fd63814aa5e58c35a3f8ed8da44609822d91db1d93cb7e6b4526861,cfb-librty-utep-2025-10-09,2025-10-09T00:00:00Z,249,137694.681646,68501.31,178294,1,
0x76779f1ea78bdd607e90406656e4b7a05f64ae1572485a30775ca9562fd9d33a,cfb-loutch-kenest-2025-10-09,2025-10-09T23:00:00Z,371,1039091.83778,671557.9,1280843,1,
0x4f4a62b501cc2e1ed5449c529dce6f1c381bb0ab66f31835ddfadab73616bd8a,cfb-ecar-tulane-2025-10-09,2025-10-09T23:30:00Z,243,87278.077772,43968.14,228652,1,
0x9f914192d82a50cd521b55b74c7352d1bb3d0505dcc134b5d1b04f52acb02f27,cfb-jaxst-smho-2025-10-10,2025-10-10T00:00:00Z,160,18434.3879,7556.41,68794,1,
0xb801c5a6e4083cbd18ea457a9ac06a4e1b3f9bf11d96f59efbfab7a4690d5afa,cfb-soumis-gas-2025-10-10,2025-10-10T00:00:00Z,211,388538.075649,170997.0,426903,1,
0x08c4b6f69ddda7c59f11327c81ac741855ee9572cc7669845adb1e2c51b95214,nfl-phi-nyg-2025-10-09,2025-10-10T00:15:00Z,1810,2609549.371792,1384919.38,4367363,2,
0x47b90160638982fb285748d3eff33d0481a87d3a7eb3818b15c517818cc2ee4d,cfb-sfl-ntx-2025-10-10,2025-10-10T23:30:00Z,772,429279.171842,218410.95,649868,1,
0x6ce7d972374196440b8700dd3244663f6f3aa2274aca26d5ff7f9ab3c24722c7,cfb-frest-colst-2025-10-11,2025-10-11T01:00:00Z,233,57475.977259,32819.33,237786,1,
0xf612fd84d3330cb6e608e725d5380a543f64c30f1e3be4808a2e7a7e1350e449,cfb-rutger-wash-2025-10-11,2025-10-11T01:00:00Z,346,96685.552281,38949.62,272913,1,
0x8e3d6beb2529699bda2a20c0ad3191f5680724d3a902f3e5cdab4da2eb90f1a2,cfb-ala-missr-2025-10-11,2025-10-11T16:00:00Z,668,407730.061413,223909.99,875809,1,
0xe6a50f50555fa96e2d82c50be59456fcb3b99d8047a3451ca34c4b979bff6508,cfb-charlt-army-2025-10-11,2025-10-11T16:00:00Z,59,36250.020553,10777.91,57835,1,
0x3e5de8d0d99447b3da478be5d595ebfd2264c85a42d02da4732d0ba65865e739,cfb-hou-okst-2025-10-11,2025-10-11T16:00:00Z,126,44778.789837,23455.49,85658,1,
0x483595a86731c32b9d4920c8482c92a79ab5eec0573b78ab1f423ea4d460998a,cfb-loulaf-jmad-2025-10-11,2025-10-11T16:00:00Z,55,13036.38516,2601.53,37851,1,
0x7d79728668e9e1a6850edcd208df20c8bea30aece8084c04bb157648d2113b48,cfb-miaoh-akron-2025-10-11,2025-10-11T16:00:00Z,70,247399.917962,61281.78,253049,1,
0x55bde6a5f8925a3addd421e4ed2f774c276f47079c50fbab1ff70a36c8727f07,cfb-ohiost-ill-2025-10-11,2025-10-11T16:00:00Z,421,285678.596142,167764.8,402620,1,
0x0a19f6be7f95d72d52d67f427dc3ae521b53e0343a31f1a86b6f6c8618b99f6b,cfb-pitt-flst-2025-10-11,2025-10-11T16:00:00Z,350,511851.851736,317295.95,634936,1,
0xd861e274ef1ae6bb12545cff2daf014b30772aa5c6c6de5faf8563524a5d38d9,cfb-stan-smu-2025-10-11,2025-10-11T16:00:00Z,215,82565.981407,30478.44,97945,1,
0xf9d2bcf4e214f257505cc94dfdef5b8c50f5e2bd3b0b9e3c0bbc1890d17fb8e9,cfb-toledo-bowlgr-2025-10-11,2025-10-11T16:00:00Z,54,28819.945891,16521.33,52157,1,
0x6587f1af929fcc54d7a475f48ff60ec9b9cd7c74d16654ddda0255cd0f7673fb,cfb-ucf-cin-2025-10-11,2025-10-11T16:00:00Z,108,46357.983075,21605.57,63712,1,
0x8497acf1f17fc16cadb91d45f2216d4e6fb2e44daa54016374feea666a41ea0e,cfb-ucla-mst-2025-10-11,2025-10-11T16:00:00Z,306,357284.120118,226461.18,421188,1,
0x57e80f89d05d7717c0a31f97352b20f53566eced20ddc221f34591f2af1d2749,cfb-washst-miss-2025-10-11,2025-10-11T16:45:00Z,77,18652.942145,14274.07,46337,1,
0xee9da0c3f1ddefd65cfe50f148c95b4aa7bf271e2da10388df80eb8968c691c5,cfb-nill-emich-2025-10-11,2025-10-11T17:00:00Z,108,18949.258049,9574.78,29089,1,
0xbe12be5fe5426fec1b49f44333b0fc4c976dfb6c53e45a439ef421055652ea0e,cfb-umass-kentst-2025-10-11,2025-10-11T18:30:00Z,100,73047.19364,36749.63,85559,1,
0x46b9686f2228dc3ffb132c301d72eed4db80d48ec52155b41b0b1d4112d37065,cfb-airf-unlv-2025-10-11,2025-10-11T19:30:00Z,76,23054.399605,11795.54,51146,1,
0xbdb2684ceb47d184f89d728bf910c92348a6f9f698994e63e11815e6a3f9a79b,cfb-applst-gast-2025-10-11,2025-10-11T19:30:00Z,199,48546.132499,23715.77,62717,1,
0x6a47f1097ff0524deeb2229f5dee6849b3a53feb335e909bb728f1dc230d1898,cfb-ballst-wmich-2025-10-11,2025-10-11T19:30:00Z,53,53683.492814,30219.74,58893,1,
0x7d166f471f82ab55fd3f5569571db2524f0970d5d458f35fca3f0b0812fdc6e5,cfb-ind-ore-2025-10-11,2025-10-11T19:30:00Z,203,85000.800002,36584.25,472046,1,
0x769a1fc3af411ac5e2b115bd6c7d36f6c6b3b58b2159c21d68ecb1fb5bd7b77f,cfb-iowast-col-2025-10-11,2025-10-11T19:30:00Z,290,854114.289217,477861.1,995691,1,
0x8e54a13a891056a4a0b92a88b2e44dff7a33b49c738907d0a7e7ba728cf89ed4,cfb-ncst-nd-2025-10-11,2025-10-11T19:30:00Z,190,141898.134614,51332.08,213718,1,
0x17eff8f479de10966428c7518a61f184314abb874538fac88bbe2bb7af6522a1,cfb-nebr-mary-2025-10-11,2025-10-11T19:30:00Z,113,503621.647186,208198.51,537482,1,
0x5ae3d21a469f4c1c8f0e5d5bfeeeaefd485805542f70920ec0b044bbd7d1b085,cfb-nw-pennst-2025-10-11,2025-10-11T19:30:00Z,80,30366.186968,9932.25,81216,1,81216.062904
0xb36991336fa973aca12aaf523ca8425e98ebfa6c5521b3f723e8d487adfe9f09,cfb-okl-tx-2025-10-11,2025-10-11T19:30:00Z,878,1733925.154935,927319.9,2181224,1,
0x573152581ae29e46071ddba0fbfff00fc74c6ef41ed50df47f79e4da1bf4c22a,cfb-tcu-kanst-2025-10-11,2025-10-11T19:30:00Z,91,97567.518554,53522.51,176051,1,
0x4407151037d1a184fe30adb566d9c48d07122d911ef145c33d02409aea0e8350,cfb-vtech-gtech-2025-10-11,2025-10-11T19:30:00Z,90,690025.640515,461992.67,842496,1,
0x9c0d68aabb8b85a996847deb66f793ecd87a08bd85a36904a47f960a456ccd6b,cfb-wake-oregst-2025-10-11,2025-10-11T19:30:00Z,73,82279.086915,42363.32,110626,1,
0x7753b3d0127f5ca296f3f208dd01a6355d972f5ab596b744b57c462548f0fbe2,cfb-navy-templ-2025-10-11,2025-10-11T20:00:00Z,32,11470.711108,5383.18,119002,1,
0x19af2e12fa5dbcf8c33ddad1418167e9dd889a248d93f973e76cb2fb59bde4cf,cfb-ark-tenn-2025-10-11,2025-10-11T20:15:00Z,453,350705.716409,148674.63,461606,1,
0xc89fe435557de06592fa97b01163fd4daced84b91a225cca0c574ea3c4851648,cfb-uab-flatl-2025-10-11,2025-10-11T22:00:00Z,61,23026.28167,8897.34,38971,1,
0x709edc33bc2cbf1d9fcc0de9f50272c7565d45695fdc3c83bc5fce1183155dfa,cfb-fl-txam-2025-10-11,2025-10-11T23:00:00Z,147,53355.825604,22840.68,261831,1,
0x31bcf1cfd72d9d8509cef33dcadbe50cb7e56e2ebbb6d66df44fe3bd4b3c5a80,cfb-iowa-wisc-2025-10-11,2025-10-11T23:00:00Z,128,124447.212726,56599.93,148457,1,148456.724029
0x86a2dcc2168d7e2b6ab07aa59b9f60eebfc4fe9dccbc0c6d3ef37f50ed5d5d4d,cfb-lamon-coast-2025-10-11,2025-10-11T23:00:00Z,71,288420.521354,145170.86,300945,1,
0xeb5251c53f60e6b843489424e56ddf214160d928afd3a4d42d3c01bdbe53dca3,cfb-sjst-wyom-2025-10-11,2025-10-11T23:00:00Z,131,55765.879103,29022.83,75858,1,
0x2bb25ac1d259b01fb7bea11e2504340f2c4ac58bcced4c6c27e9893a8210897a,cfb-clmsn-boscol-2025-10-11,2025-10-11T23:30:00Z,52,9817.602334,3593.93,36867,1,
0xaba61ca5b2f03bb34d371d41d54e7d168e8e5c9816b77d3f850eb20ed0bdeeb8,cfb-ga-aubrn-2025-10-11,2025-10-11T23:30:00Z,211,331652.553778,188053.15,780769,1,
0x7d926c048c014b5c463e4ccd8b9e7c7cb94f918c1796c77a8f99a8fe27f05350,cfb-kan-txtech-2025-10-11,2025-10-11T23:30:00Z,75,84812.315074,32257.57,139353,1,
0xe61d462118545d67ccd238687ae812866045d4083a5aedce03b9877f2e5079b3,cfb-mich-usc-2025-10-11,2025-10-11T23:30:00Z,266,148944.470844,78810.91,266490,1,
0xa14736aef00e2f4b2fd57ff962f810a12f756981b34afa8cdae3a0f2604b242d,cfb-pur-minnst-2025-10-11,2025-10-11T23:30:00Z,83,290048.492498,101960.27,420264,1,
0xa5fbf5338861db830044456ae3bdbab3b9b46d7c4781348fd0672f2d49865247,cfb-rice-utsa-2025-10-11,2025-10-11T23:30:00Z,24,9191.624074,2248.64,15376,1,
0xe9d68eb754044004f4ad0f5ed64cdb4e6b28291f1467930f95ea25e4be1c274f,cfb-sc-lsu-2025-10-11,2025-10-11T23:45:00Z,92,265854.907894,83442.06,438675,1,
0x1152b361960c9f3a9a177254ba594012e1458b94dd720cfe258d7176f3bf9a38,cfb-byu-arz-2025-10-12,2025-10-12T00:00:00Z,141,637723.133548,334030.38,1150161,1,
0x9ec01d3e5f28c6e546857ded64fda6609eca8f7d74f2cf24c7f0d2d5bc062457,cfb-troy-txst-2025-10-12,2025-10-12T00:00:00Z,29,25110.657753,10658.27,36301,1,
0x5db8dae04ae9f18cef92388144b5cfad0c76d501b48f403fb22f01a5645caccc,cfb-nmx-boise-2025-10-12,2025-10-12T01:45:00Z,86,39458.403877,13229.74,159527,1,
0xd8446b11ddcb2707ea46676c009f2166bd0303b310d5077cce47c9d443ef77bf,cfb-arzst-utah-2025-10-12,2025-10-12T02:15:00Z,194,1356728.681189,444898.11,1509148,1,
0x52addc8c0fa7c4d58cda74b63751c49152e29e180550724d25e35a5d5167c5b0,cfb-sdst-nevada-2025-10-12,2025-10-12T02:30:00Z,61,62627.586835,39918.18,78313,1,78313.167908
0xabdde1057bd5f62a06f15417908c6e601b3532d67723eebd35776fdb080b368f,cfb-utahst-hawaii-2025-10-12,2025-10-12T03:59:00Z,134,232374.924426,117704.24,576014,1,
0xc5ddf8c0ccb9504289c7d12ae3995e262f71b91f9eacfaf1e6d270ede932ef33,nfl-den-nyj-2025-10-12,2025-10-12T13:30:00Z,3446,1636907.822252,657648.27,2349914,4,
0xf961917c7d316845721908d47e21edc7ca4296b8f2a3854139e5f85d745d6e2a,nfl-ari-ind-2025-10-12,2025-10-12T17:00:00Z,1188,2133959.551393,809137.04,2646755,2,
0x9b90495b8c6a3e710e2033792670def04c93193851b1335d322201974e5ecd14,nfl-cle-pit-2025-10-12,2025-10-12T17:00:00Z,857,585859.409811,272860.52,767243,1,
0x1c7d31524691352afd11fd2883d11e43f328fee25c4a5978b4e42040e3f96abc,nfl-dal-car-2025-10-12,2025-10-12T17:00:00Z,1276,1114439.449857,561246.43,1706970,2,
0x1b064e069647019e202bf9f76574a6f540a6a0ace4af94119e1bfabb20dba2c4,nfl-la-bal-2025-10-12,2025-10-12T17:00:00Z,1388,2463186.777245,1403239.66,3012129,2,
0xce2671dbf70a19b648b0e32aa55be99c70503bc9455a42a68829cc5186492c38,nfl-lac-mia-2025-10-12,2025-10-12T17:00:00Z,750,367760.76534,170148.27,911545,1,
0x956062ff723cf609b3085fcbd85ccbd771ab28b1c0cf557b224afb2e824d1faa,nfl-ne-no-2025-10-12,2025-10-12T17:00:00Z,663,1282975.108052,651984.33,1776522,1,
0x102c98f54c6d5be80d8380ce55a93ae10bc4fd285729b3aa33a6712484c9375a,nfl-sea-jax-2025-10-12,2025-10-12T17:00:00Z,1553,633121.488204,318734.0,997021,2,
0xc845fc87d66cc35e650fda42835faa687a08569d04d1ecbccb8faeb67369c0a0,nfl-ten-lv-2025-10-12,2025-10-12T20:05:00Z,688,400908.557542,189527.49,832914,1,
0xc480ad202a02700a20346a1d8f63c2a15a6aae5858ef62d21f2043347d0129e8,nfl-cin-gb-2025-10-12,2025-10-12T20:25:00Z,2361,1545978.630159,423088.82,2157869,3,
0xd55353d086e0d5d62383e0ff538c721eab4969a426d6404e2134f59a374894f4,nfl-sf-tb-2025-10-12,2025-10-12T20:25:00Z,956,1884622.918387,1102251.04,2675890,1,
0xa7aeaaae036e316c1e7e0542fa31595117dee8735ef88b3d9ceda85b1b3d1534,nfl-det-kc-2025-10-12,2025-10-13T00:20:00Z,2376,2836590.80016,1321723.55,4280276,3,
0x626a49d9b82acaa9e86760c0cddad6a71aceefbef72f4f1c154ff8e358ae88c1,nfl-buf-atl-2025-10-13,2025-10-13T23:15:00Z,1852,2340403.298254,1185066.31,3643549,2,
0xb4bba8acb4a85c9f4ccd0eec6393e746c0176d271c2d0e52792968a05dd64b0c,nfl-chi-was-2025-10-13,2025-10-14T00:15:00Z,1927,1778759.214844,910729.19,3291519,2,
0x9623bd7c2077f30b780f01d35b78c2fe61c976b05986bda4e266743d1086f9e6,cfb-nmxst-librty-2025-10-14,2025-10-14T23:00:00Z,566,582972.756077,292837.36,846951,1,
0xb49ba8a448c29afde79ac0f9c9c37ef14706b39e1fd85a3f6e5d80aca8afc407,cfb-arkst-sala-2025-10-14,2025-10-14T23:30:00Z,309,305739.537616,164598.1,951326,1,
0xbf52f05ba929b040e7e77ad6db3c87811ed9acf546d6bb59d67928a650422439,cfb-flint-wkent-2025-10-15,2025-10-15T00:00:00Z,500,1612495.266009,737385.33,2042466,1,
0x2b7f43e3ff9059b3bcd113bd69e6f1931da90217ad88ea9934cddf26d790ce02,cfb-del-jaxst-2025-10-15,2025-10-15T23:00:00Z,369,748674.99903,398404.92,963898,1,
0x460759c70798ed4b340db36d9819bd747b385a46348ae67e8e8f9cb9f2c604c2,cfb-utep-smho-2025-10-15,2025-10-15T23:00:00Z,380,318348.447462,163204.86,600863,1,
0xf8724e142a756330a6b0fa515c5a511ddd189af34910441d8bbf8192052d296f,cfb-tulsa-ecar-2025-10-16,2025-10-16T23:30:00Z,532,1017485.533922,621779.81,1154172,1,
0xa13312b2cc64532aed2a446b66e5a2d8d8b440b24d7213d33b6dae6a58c33223,nfl-pit-cin-2025-10-16,2025-10-17T00:15:00Z,5749,4450602.848958,2277705.78,6753084,6,
0x49afdc2072ba5ddea5f41258aae271afec1f5ccef877f2d1a2f5e8e0f5c3adb8,cfb-lou-mia-2025-10-17,2025-10-17T23:00:00Z,916,1738464.432675,666557.08,3339537,1,
0x56aa6bcf43ee201a210c15a26f7db769d58f8c6f5146a36ee26b63ac0934a05c,cfb-nebr-minnst-2025-10-18,2025-10-18T00:00:00Z,550,529375.459655,248445.6,951597,1,
0xbc59df2b8bdfdb7b458bb5fedace2235bc4f2a0b47a75c7970b2bfbc6afcec9e,cfb-sjst-utahst-2025-10-18,2025-10-18T01:00:00Z,259,133678.050308,68735.66,391996,1,
0x88148270c5ae326052a398b7de301996fc776ba1aec0e3df7f63570b3e5f86c3,cfb-ncar-cah-2025-10-18,2025-10-18T02:30:00Z,350,204552.172267,92189.71,918901,1,
0x80c72088ae739f69c953653573ac8da194ad7737a8aef4ca1cd9e59b33e1de4a,cfb-army-tulane-2025-10-18,2025-10-18T16:00:00Z,114,19567.278342,6619.66,38931,1,
0xb888989167c4b0b162837b29a1cc1b74d617d6ff0bb49a62d62affaf7195f11e,cfb-arz-hou-2025-10-18,2025-10-18T16:00:00Z,313,550056.072963,283625.88,868824,1,
0x7bf0b70fa1c20c28eb5e2e97f9c87c630db70042072124caee2653e22fd24c42,cfb-bayl-tcu-2025-10-18,2025-10-18T16:00:00Z,136,108612.950725,55373.59,213202,1,
0x8b39e14d81a3e92f240cf3432a098bf98bc412d20f5e5a6be0396f5dfe08f813,cfb-cmich-bowlgr-2025-10-18,2025-10-18T16:00:00Z,152,418548.467484,234634.13,432163,1,
0xe1497de045ecc80d456d6545a49973b1099cf9f1b3d13fcafbd17e8d3631e3db,cfb-emich-miaoh-2025-10-18,2025-10-18T16:00:00Z,114,89214.340455,24153.12,102743,1,
0xf36470c61659bddfa6d0e487004630551069717b9a1de412caf7d49e92fce76d,cfb-gtech-duke-2025-10-18,2025-10-18T16:00:00Z,1166,1532305.028701,743470.18,2159567,2,
0xc89d563cf0f773ca00205d78f850d4ad2f9f93911c62bad2aae6e408e081a965,cfb-lsu-vand-2025-10-18,2025-10-18T16:00:00Z,1600,1160505.345151,548356.84,1562280,2,
0x00064042b5bcc5de2d98e555474e912c0e64598cfe4cef02adda9ab3204bcc46,cfb-uconn-boscol-2025-10-18,2025-10-18T16:00:00Z,109,108213.462987,55097.43,164195,1,
0xde36397d08bf0a52ab241adb8b9aada7fd731c149d824ed4518b72993f0467ee,cfb-wash-mich-2025-10-18,2025-10-18T16:00:00Z,330,95320.212171,39815.52,220734,1,
0xad5e7845b2034156ca7740d2bec97cfe89696099a78ea1355ff3a6756526217b,cfb-okl-sc-2025-10-18,2025-10-18T16:45:00Z,290,386318.263531,234381.3,442786,1,
0x7813e6097cf65db51ce647fe499b490e187ebc967770c72f28c273b47eeec390,cfb-wvir-ucf-2025-10-18,2025-10-18T17:00:00Z,109,55341.547847,24558.82,74728,1,
0x09cb176c5afcefc0a57dd5882be94c0ee2016ec8ef9e8a3fc923a85b41125d05,cfb-kentst-toledo-2025-10-18,2025-10-18T18:00:00Z,108,23969.757795,14525.83,43309,1,
0xa478906f21e0532d104c6a63148dceb7b89e130bc1d253093ee225180adefecd,cfb-buf-umass-2025-10-18,2025-10-18T18:30:00Z,111,942979.398637,728723.91,1368206,1,
0x0b88fbcf849649014bd4160626ff7af902216fc948ce9e16d534777ff0e61386,cfb-pur-nw-2025-10-18,2025-10-18T19:00:00Z,120,50077.015209,24364.05,134360,1,
0x47556ad5e6605f9ec65230972a34be8dd4e1517e903c14317a7ec21530bf94c8,cfb-troy-lamon-2025-10-18,2025-10-18T19:00:00Z,84,65310.737939,31937.97,74497,1,
0xc9e28802c9d2563f429488742f274388f14a463bccc982854e1aff688a1f722b,cfb-akron-ballst-2025-10-18,2025-10-18T19:30:00Z,83,518724.971619,255908.67,559655,1,
0x6637192aaf2abc141ab7492498192f8775cbcfd4d154b4d0c0513f54ef254eb9,cfb-coast-applst-2025-10-18,2025-10-18T19:30:00Z,62,304707.086444,73938.01,327549,1,
0x887b1200fecd796282459024b596d80d521740e526a7697fd51052ddc9a9f480,cfb-miss-ga-2025-10-18,2025-10-18T19:30:00Z,532,252847.235364,125035.45,969159,1,
0x5d49f2fde894e7af670723ca4f363e2aa05ab273140ae51f88f8ddcd781fb28a,cfb-mst-ind-2025-10-18,2025-10-18T19:30:00Z,158,79285.851232,17668.59,116396,1,
0x35ddfb9d5e99c78aa34e4ae5247b32ff4b4f20870ca17e47d097e48cfcd61f0c,cfb-nill-ohio-2025-10-18,2025-10-18T19:30:00Z,58,570024.750898,396493.42,726944,1,
0x2206ae8673f2233ff9419dc0b0d12e67c044e260e78a71856fa05aebdee007bf,cfb-ohiost-wisc-2025-10-18,2025-10-18T19:30:00Z,253,442399.845862,206314.9,610125,1,
0xa967686486b0ab1f91ca56a92fbd957f602b4aea77f8df21fbdd24b5177cb0e4,cfb-old-jmad-2025-10-18,2025-10-18T19:30:00Z,69,73900.045494,41212.75,99403,1,
0xdda0a9cff834a4b16e1ef08392037eb2502045583394b4cf8145a4553ce3c595,cfb-smu-clmsn-2025-10-18,2025-10-18T19:30:00Z,376,558734.976323,307003.41,795614,1,
0x2c9f290631c0fa80b5fca280a12748ae0af6daa5eb8216753b689dc01764d167,cfb-templ-charlt-2025-10-18,2025-10-18T19:30:00Z,139,57850.05919,20520.23,115954,1,
0xa5afaeaf978d059f8d80bc25d0f4fa4019d364a110baa23465485e10a35a0ec1,cfb-txam-ark-2025-10-18,2025-10-18T19:30:00Z,109,56045.680841,30841.99,287065,1,
0x944a1885353e162a3f9190bc0e0e6cc4bfd13f6db06d351c2c6787088ff3ef07,cfb-txst-marsh-2025-10-18,2025-10-18T19:30:00Z,47,66914.724232,37308.47,70527,1,
0x8d43abb6b70d953ea166ba4e078de6d00f1dde0a394a061eea7659c40094b95a,cfb-unlv-boise-2025-10-18,2025-10-18T19:30:00Z,125,293845.102972,131492.87,348427,1,
0x6159fa8860f3deb06fb9f5ba55e125dc141da3ea1736636c8507ada89866f1ad,cfb-utsa-ntx-2025-10-18,2025-10-18T19:30:00Z,61,59795.228527,33002.78,72633,1,
0xe88b33bf66809bc0496db398e1d4ee86a3351afdd169825bec1fe216dc18dc38,cfb-wyom-airf-2025-10-18,2025-10-18T19:30:00Z,55,22043.761377,8534.93,30699,1,
0x6bf8154a29afafc320b8461dc245a4b1e9ffbe80de2995380efc00bf10a0e63a,cfb-mphs-uab-2025-10-18,2025-10-18T20:00:00Z,119,659520.057693,300284.8,848678,1,
0x648e53a036c4f968a6a5d5055d3b7e597ed308feafc056deee009e3b2838eb72,cfb-txtech-arzst-2025-10-18,2025-10-18T20:00:00Z,144,517735.959379,328116.88,860192,1,
0x30c689699fce22e7d9f0c0f3831fb272c7f51c77fc2ff2b781dd2a79c4232443,cfb-mspst-fl-2025-10-18,2025-10-18T20:15:00Z,220,126105.733863,51087.18,219481,1,
0x40dae1bc8b513e3de1cfa749516768996334f87279ef4617fc5f248aab8158c2,cfb-soumis-loulaf-2025-10-18,2025-10-18T21:00:00Z,146,378959.528807,220573.02,388227,1,
0x68e4fbd2d3748530449776fc98cd47651ee57dd4c3deb665252417b3533b15f0,cfb-ore-rutger-2025-10-18,2025-10-18T22:30:00Z,145,100995.398975,67533.06,127344,1,
0x1f07a83f6e6043cc5b707feeea9aab9324b747767a6ecb7de85d806f11222804,cfb-washst-vir-2025-10-18,2025-10-18T22:30:00Z,98,82970.433945,35236.19,194344,1,
0xea064a4c1695560ec93c257d93b55d74a3461334a889a8709630803fc286f9c9,cfb-gast-gas-2025-10-18,2025-10-18T23:00:00Z,31,19619.712586,10619.09,29061,1,
0x5dfcdf468a0b58d36e86d1792556bf9cf2bee165cdc6c31769a2b2b668bff469,cfb-hawaii-colst-2025-10-18,2025-10-18T23:00:00Z,46,9414.946832,4997.93,79747,1,
0xabccef2b7b5ac15e35054678bcc0c0fc89532f16b5bb30f72579b6d9a0b9f94b,cfb-mary-ucla-2025-10-18,2025-10-18T23:00:00Z,262,426199.037086,220914.37,597727,1,
0x61ce5ffd4576defef3f90c2e8a7fb88e2a3fb5e0c410ae32c7fcf26d56b152c1,cfb-pennst-iowa-2025-10-18,2025-10-18T23:00:00Z,369,336180.758939,179676.5,425642,1,
0x4d155680becc2876cc794cfa8276264a58be9fb8c2fc09d6bc193e7b583f7834,cfb-tx-uk-2025-10-18,2025-10-18T23:00:00Z,167,440777.634347,261496.57,793417,1,
0x23b286182b530de5f6f7be3314c2266ca67c83529f4f1fb9b4b2b37250764595,cfb-flatl-sfl-2025-10-18,2025-10-18T23:30:00Z,70,16740.164204,3210.41,28237,1,
0x6ced26a14ea0b5928495e709bf6d5e0abe87184754100db6c0042c58b662119b,cfb-pitt-syra-2025-10-18,2025-10-18T23:30:00Z,112,86622.486143,32442.55,101747,1,
0x54bbccdae11d914e78345ab3bcfd3a668de9a15e4fcb961443cbdd1276bbf2ef,cfb-tenn-ala-2025-10-18,2025-10-18T23:30:00Z,293,153702.274184,65794.34,351662,1,
0xf66c9b22421710de79589fe69b5125369763ede935a6818834315656eec0bd0f,cfb-usc-nd-2025-10-18,2025-10-18T23:30:00Z,833,395405.359542,134813.45,890708,1,
0x093cd3510ed145accfe5c4553b2c14326c3018a0802fea9aa10a8b88a5c728ba,cfb-missr-aubrn-2025-10-18,2025-10-18T23:45:00Z,254,197507.923212,97754.46,502523,1,
0xb0df4ed55295fd749381ab21c6862adf10e9038ea083527bf366cba8fb1092f2,cfb-cin-okst-2025-10-19,2025-10-19T00:00:00Z,148,96304.852987,46340.95,115393,1,
0xf4bcf5c7ebf00579f4f4e707401721e008c6e177432df16f65e9d46e2dded8b7,cfb-utah-byu-2025-10-19,2025-10-19T00:00:00Z,353,676740.736033,324937.5,1066833,1,
0x88c2adecb25d45442151b5094c01f6e87102537e6a2a1c8cbf528f16a1fc5520,cfb-nevada-nmx-2025-10-19,2025-10-19T01:45:00Z,45,35501.912895,16491.66,92692,1,
0x4ae44bf9a939a22afb703ad18f7fdf92d57ac33260c808cccfe3025a87010465,cfb-lafay-oregst-2025-10-19,2025-10-19T02:00:00Z,67,119445.492726,17586.98,162786,1,
0x3f3acfb4a75f7b8db894bc089126f370ac291b3bd1bb5dc5acbd795dda764276,cfb-flst-stan-2025-10-19,2025-10-19T02:30:00Z,233,72711.855367,21595.49,1026614,1,
0xe8f18e0474b83d54ca5fa8f8689e4b8af580d8c61dbb8037729af690250ceda7,nfl-la-jax-2025-10-19,2025-10-19T13:30:00Z,2650,1258262.79852,617555.82,2373729,3,
0x16216b8132f88c07a0e6d86bd869f6bb1253925aa21ca43ea00d2a66bb29e587,nfl-car-nyj-2025-10-19,2025-10-19T17:00:00Z,2297,2149339.652994,1080129.1,2662480,3,
0x175d2d3a8a5f2e97517a4197b1e7fba3d498022683bdb0f06dec63611bda746a,nfl-lv-kc-2025-10-19,2025-10-19T17:00:00Z,1520,3221377.395856,1149618.26,3685622,2,
0x5d73d1ea65978ed06a55aaf4553827880dcc7cab5cba334de3341518fe8e4514,nfl-mia-cle-2025-10-19,2025-10-19T17:00:00Z,2039,1464391.314522,682417.75,2327629,3,
0xd502aa7d6ec28b1ba3ca4645e5c7add9ef71fdedf5d634c57c30de7a86d700db,nfl-ne-ten-2025-10-19,2025-10-19T17:00:00Z,1652,1821877.050574,982225.42,2240435,2,
0xf962703012a033d57382d976ecc3d8b6a9a7991083be770e43464b3ea8683fde,nfl-no-chi-2025-10-19,2025-10-19T17:00:00Z,706,505990.225744,242346.24,920413,1,
0xed55f36cdf45379cfe16421d2e3d62c643e1926bdadcac06cce174e1c3bbecc3,nfl-phi-min-2025-10-19,2025-10-19T17:00:00Z,1494,1623339.249983,876683.04,2339358,2,
0xc931a0aee25adf6f2eee087df23d417f7be2ebec4fe65a4f8b2dde16ba077416,nfl-ind-lac-2025-10-19,2025-10-19T20:05:00Z,1888,2257553.844129,1069573.34,3224127,2,
0xdff0b3538e08b1f3fd036250b7bb1500ccd1fc4ee026477d0932bff20c8fbc31,nfl-nyg-den-2025-10-19,2025-10-19T20:05:00Z,2210,1335553.697372,661682.8,3171107,3,
0xb8e221de6ebe56c959225f7acb6bc160e6ee4728c2311944acffbd647997a786,nfl-gb-ari-2025-10-19,2025-10-19T20:25:00Z,1264,1768810.074582,830384.64,2693914,2,
0xe0d9de962e0a53a2276c8ac5b192fd97e1d2ec74a386d2d7022b83ae86464489,nfl-was-dal-2025-10-19,2025-10-19T20:25:00Z,2123,1676812.676369,851225.52,2507703,3,
0x3af49f39f61c7e4505aecf6f49c06d41db4e030ceaaf322f10db1dd9c940eae0,nfl-atl-sf-2025-10-19,2025-10-20T00:20:00Z,3241,3783852.254631,1882454.95,5648469,4,
0xf6ae726ba56c07c2cc7ec8fafcd9c41ab992c59406d82888e0940b280c81aefa,nfl-tb-det-2025-10-20,2025-10-20T23:00:00Z,6376,4840519.648995,2373614.49,7448884,7,
0xcc9d529e735c24bf33e33403d10a70484b44281db5e42a625440a1e16271629e,nfl-hou-sea-2025-10-20,2025-10-21T02:00:00Z,1779,1908662.602191,1077032.69,3809847,2,
0x7c1c6960a544f4ed51a84f51893d1bdb2f51bad16d91bc2cc3276ec2d6c74b12,cfb-kenest-flint-2025-10-21,2025-10-21T23:00:00Z,397,608025.06341,319277.87,829721,1,
0x2debc34a164a646aad0d0c82f75e879d9fa1576ee82dd7531b5100163c752401,cfb-wkent-loutch-2025-10-21,2025-10-21T23:30:00Z,676,341566.223877,168343.03,877873,1,
0xdea09ec5b803d985c07113f61125f6b4f3cb639aa0914f137bab430ca8927362,cfb-mtnst-del-2025-10-22,2025-10-22T23:30:00Z,335,144172.351555,84201.72,315655,1,
0xffe6b8d161ad28bf07be743acacf682a1b05db8ef279890a2285829d1be70a59,cfb-msrst-nmxst-2025-10-23,2025-10-23T01:00:00Z,276,472993.918706,244850.19,961268,1,
0x19279bc8f418fd9a6fd5093042dc870817f0abdc6b0e846e46b55578acb246a5,cfb-sala-gast-2025-10-23,2025-10-23T23:30:00Z,290,417642.674377,184405.67,685493,1,
0xc0c0941e8774b0d0df1fd8f84ab7b83076a1675a1feb214e426579beb3046aec,nfl-min-lac-2025-10-23,2025-10-24T00:15:00Z,2786,2360260.768191,1222547.93,3781473,3,
0x7dfc60333344a94a3082e0ca2cb29c4281cd5ae4677d3622a9f4645288648d19,cfb-ntx-charlt-2025-10-24,2025-10-24T23:00:00Z,370,278395.056747,138203.59,571145,1,
0x2cf1be28fe36433b67f5c8c7ac045aa58c8365a9b269f86abc302e2e1105e256,cfb-cah-vtech-2025-10-24,2025-10-24T23:30:00Z,730,1350822.790316,560010.14,1941289,1,
0xba0e50d43a2e4d127f2cf93053ac8b1beb7d9bbd6666c750a4636071dabc53d2,cfb-boise-nevada-2025-10-25,2025-10-25T02:00:00Z,326,680859.774709,452723.75,782794,1,
0xe1ce6d7f33e74fcba8ff45b777a6b18e21fa238184fb5c466c7c1f24fe2e7a8f,cfb-applst-old-2025-10-25,2025-10-25T16:00:00Z,148,99902.811763,30764.87,126271,1,
0xdd8e4c160a91351bfd4131417bcebd45c9ef3e3d7e26463b5c2611c893c2fdef,cfb-bowlgr-kentst-2025-10-25,2025-10-25T16:00:00Z,91,40287.905176,19250.25,47523,1,
0x4524430629f43974323adf8f7b870475f1cb4854b0ce8f617799cba9e26752ab,cfb-kanst-kan-2025-10-25,2025-10-25T16:00:00Z,170,234620.659913,122372.81,310265,1,
0xd12418fcf4edb01c19102aaac5cecc4b1c7cf1245e6b273fa6599f508c2dbbe0,cfb-miss-okl-2025-10-25,2025-10-25T16:00:00Z,725,538276.426639,253045.65,1315262,1,
0xb3dcb12bdc77892fa409a29fa82d25a6d30b8ca6b7abcbcd43b6ec7a92f8b3d8,cfb-nw-nebr-2025-10-25,2025-10-25T16:00:00Z,175,325658.558485,164765.5,475177,1,
0x9665598c6306afca65f500a9d2e8397c3a49ad0edc79a9eec0969f941f0f851d,cfb-ohio-emich-2025-10-25,2025-10-25T16:00:00Z,131,383232.198419,251275.96,406519,1,
0x3a39350b952cd1484411dfef5c7df76b2ca5320c38abce7e54e3eefd14da38b8,cfb-rutger-pur-2025-10-25,2025-10-25T16:00:00Z,535,1459429.020391,745332.44,1924333,1,
0xa9690a1173a4db35fa05b1a9066585fe0f356654a8f23667af7e087125de0b0d,cfb-sfl-mphs-2025-10-25,2025-10-25T16:00:00Z,297,115584.768925,64125.32,242401,1,
0xd31c222f353f563e6bbe4384ce3b063ed4b4ce82343bf912ea5a888ced8e2ea8,cfb-smu-wake-2025-10-25,2025-10-25T16:00:00Z,344,373019.153302,194580.42,457826,1,
0x8ccac1703d0da8f6542cc40ebb689e4904773b5ffbc0fef234f02c245a40b4a3,cfb-syra-gtech-2025-10-25,2025-10-25T16:00:00Z,221,173599.539164,106293.8,213419,1,
0x871ecfa66efa3697691aeb456f76e2484d04e02acceabc0a57e6d37ed45b8dc3,cfb-ucla-ind-2025-10-25,2025-10-25T16:00:00Z,961,626011.819963,228684.9,905083,1,
0x961faee7b7ab6cae6bdc3095f1e14124267f0518e24e5a54e0a2f5830ea4cd10,cfb-vir-ncar-2025-10-25,2025-10-25T16:00:00Z,234,91594.17032,56881.36,209249,1,
0xc3cb9d9255726e1d187b3053354233f600c870d3d4d403b9d8be769a3a3cac50,cfb-aubrn-ark-2025-10-25,2025-10-25T16:45:00Z,260,74276.3717,36587.79,150578,1,
0x37f0e6a2912a88c8409e4942b4cc4d8cb1d43dd5103a0310fef6bea73034de39,cfb-akron-buf-2025-10-25,2025-10-25T17:00:00Z,184,1605179.113309,1002914.82,1686368,1,
0x5bd48caf23839388af76607535d738d871a87ee5abc3273c7661d27fa1e4e0ee,cfb-uconn-rice-2025-10-25,2025-10-25T19:00:00Z,74,5851.621352,2044.9,89324,1,
0x5877a0f46eca1a309d8ed8f0bd2a033b9ac41130ee4b2212ba783d45be4fe900,cfb-utahst-nmx-2025-10-25,2025-10-25T19:00:00Z,68,51662.029989,27581.77,63195,1,
0x0f90d8c1f4bafa2cc38fa92441097a32116189cae5baf326ac8ab64f06853819,cfb-ala-sc-2025-10-25,2025-10-25T19:30:00Z,479,275619.845626,186378.82,730780,1,
0xfb93644dc931465ae96ea59adfc5eab3aaa66274e95392f59760d4d0e1761b45,cfb-ballst-nill-2025-10-25,2025-10-25T19:30:00Z,44,7390.569147,4107.47,25570,1,
0x93760290aa15d109966695d64b4dfc6a479fcaf23f8898d0d000e439ab6227df,cfb-byu-iowast-2025-10-25,2025-10-25T19:30:00Z,518,205254.489138,97275.19,530654,1,
0x8710077346789efa49bf5a80435977ebfee99921a0b66d3d6cb13d2a5c5964ad,cfb-flatl-navy-2025-10-25,2025-10-25T19:30:00Z,115,70633.516128,35500.76,78624,1,
0xdaa9f6c65e5c6f4ce08dc579306b9063c7dc85b2e5817074c67b56bec3be9b49,cfb-ill-wash-2025-10-25,2025-10-25T19:30:00Z,201,258113.608415,134061.54,335633,1,
0x8114889d5e418494f0b54188256d2f16ba28de9ea42039284bd99f0734e65483,cfb-lamon-soumis-2025-10-25,2025-10-25T19:30:00Z,115,284258.24242,131762.21,309679,1,
0x2d1c71db216f7abf4cf672b4f1bbf7d31d9efa8ac6f5093c5c4d409dc26f36f0,cfb-minnst-iowa-2025-10-25,2025-10-25T19:30:00Z,157,78962.887248,47754.53,105433,1,
0x47ea4178e11b8177fbaecfb1cc19d5a7ed3f109cd195fc67a00b4c2fe1fb6764,cfb-missr-vand-2025-10-25,2025-10-25T19:30:00Z,282,1877907.017049,901738.26,2315402,1,
0x395b93b3d7a61de8960be73ac47c89ee2e1008f3b962b1a1fc089f96e791c43e,cfb-ncst-pitt-2025-10-25,2025-10-25T19:30:00Z,73,19311.566766,7598.97,44766,1,
0xf163e0b472e2971dcb784532bffd9c8ac31a7453b8c43a0a251e7189f639fef8,cfb-sdst-frest-2025-10-25,2025-10-25T19:30:00Z,85,39292.959617,20887.91,60269,1,
0x40de32bd9e228ba18fa637bc4a707cd8ab82855ded8bad999025ab6539618945,cfb-templ-tulsa-2025-10-25,2025-10-25T19:30:00Z,40,12281.841267,6032.34,74557,1,
0xc12ec05ee424fba7ce58417c68598eb46112050ab589e4ab72eabf04541f604f,cfb-toledo-washst-2025-10-25,2025-10-25T19:30:00Z,149,81279.169776,40736.81,118664,1,
0x2775a012d1e8a94bb81ce04781a1c3ad65c3a5caad3812dceeb679ba1e01f9ac,cfb-umass-cmich-2025-10-25,2025-10-25T19:30:00Z,71,30460.744537,18348.31,44001,1,
0x2714aaa079fe7b8b870926c262d5f5e66c54a2ad38a78a2e79c93619e26e448f,cfb-wmich-miaoh-2025-10-25,2025-10-25T19:30:00Z,177,634352.658544,318920.6,658206,1,
0x13358f5918dce2db9d9a22d879a3491deff00c332a3134b3c5162e33e91c7e7c,cfb-bayl-cin-2025-10-25,2025-10-25T20:00:00Z,169,124756.435908,65051.26,192080,1,
0x80333df5a9ab53514bed013781771a729d830e597249964c7d2c51027726a076,cfb-okst-txtech-2025-10-25,2025-10-25T20:00:00Z,105,30457.40805,17181.39,53659,1,53658.533289
0xb28d4daab310cd612470b7f9febd4236e746eecc345cebfaac97e2dbe2538950,cfb-tx-mspst-2025-10-25,2025-10-25T20:15:00Z,227,85483.630163,39764.61,367361,1,
0x41b0f2ec21f02fdc2b879bcdbbed2e51aa04a1c18ea4308ae47a08c5dac81338,cfb-tcu-wvir-2025-10-25,2025-10-25T22:00:00Z,147,56645.214192,30076.5,93666,1,
0x682925d765fc616fe4ea3e7155687e289e9496402bbe10ddf5cb94b78d5180a5,cfb-gas-arkst-2025-10-25,2025-10-25T23:00:00Z,104,41293.647562,20569.27,51266,1,
0xd386ecfb2adfa21960ebdeea1832d75f18a92375bc6c62270206b75452c6e64e,cfb-loulaf-troy-2025-10-25,2025-10-25T23:00:00Z,42,6329.541634,3268.42,18950,1,
0xca5650708e4ea4ed519211a3872948c8cae71d344ea0ac74977f97b3204be791,cfb-stan-mia-2025-10-25,2025-10-25T23:00:00Z,74,16159.657257,8632.5,181782,1,
0x8b9dc08ffda69a195b4d726d8a9f3bb9b16a2981b325a7e98d44d6a731156da6,cfb-wisc-ore-2025-10-25,2025-10-25T23:00:00Z,139,38267.269786,14911.34,113436,1,
0x65d269ce203b6fb12e50155183ed39eaf4fe91d3a8f328a1f14ea11bafe029c3,cfb-boscol-lou-2025-10-25,2025-10-25T23:30:00Z,122,65115.570593,31512.72,132880,1,
0x6cc0abf65cd0737fbf5387816fcfcde3e86829bcae564e3778a2da2ddd9472ec,cfb-colst-wyom-2025-10-25,2025-10-25T23:30:00Z,50,41869.595037,22480.43,51673,1,
0xdb84e6d815c991d017e19c834153b03d037cd77f020426f8c8506daa6dd35d51,cfb-mich-mst-2025-10-25,2025-10-25T23:30:00Z,173,17637.289026,9289.17,66599,1,
0x434f2686307cacbfe3fe1ede62ec6fb4d8106ec0d1e848fa198d51603127bced,cfb-txam-lsu-2025-10-25,2025-10-25T23:30:00Z,744,902580.55007,443306.44,1264956,1,
0xd6519ae06bc49c4a292668e3ec5d752d671271b7dcd5a1ec46aec097fac70e49,cfb-tenn-uk-2025-10-25,2025-10-25T23:45:00Z,179,1022915.181088,699642.89,1057955,1,
0x3254a0cf8812d3f1c98c352de420347523ca6e94978f52d5d206f051be3707c9,cfb-hou-arzst-2025-10-26,2025-10-26T00:00:00Z,103,39738.60467,19858.94,187389,1,187389.133994
0x3588ea741839f0bd7a08986e1b9791fa4de31fb38fe14b336a699b115973748e,cfb-col-utah-2025-10-26,2025-10-26T02:15:00Z,228,183816.825646,63455.44,267333,1,
0x0aee7dfa491c87f0678eafdf10d4b54c628c3b72a7596afbf06a0bce85c71ed4,nfl-buf-car-2025-10-26,2025-10-26T17:00:00Z,944,1083875.302022,644266.17,1243945,1,
0x79458e54226bf73452522bae8ca7469ef433bf3a9dc1d6c614b3ddb689d33042,nfl-chi-bal-2025-10-26,2025-10-26T17:00:00Z,4603,3357746.848699,1582940.75,4475684,5,
0xcfcbaa9a402806aa70910ddc64179d29af5bdbac676ec79ac600912f0db26c1b,nfl-cle-ne-2025-10-26,2025-10-26T17:00:00Z,813,628851.189759,311423.94,935155,1,
0x8e2641a2ffe18d761d91429e3d0f7f5907e3f966f4de57b74970f61da7ccb0fc,nfl-mia-atl-2025-10-26,2025-10-26T17:00:00Z,921,1206087.670682,596452.79,2017391,1,
0xf6c12a522923b5143fb52aec4641e46cc29765af358009fac2cb65bb3e7c6531,nfl-nyg-phi-2025-10-26,2025-10-26T17:00:00Z,1795,973753.40215,536327.47,1474525,2,
0x983948ed0de118d2567507ce97f3275ffd04edb1b94a427e7520e6b1161a23a1,nfl-nyj-cin-2025-10-26,2025-10-26T17:00:00Z,1351,2778077.921546,1430950.53,3421947,2,
0x71dd4bb30879f07523f31b899294862a0ac4c3b521c8f7d4c216344ebc5765e7,nfl-sf-hou-2025-10-26,2025-10-26T17:00:00Z,4413,2195157.673497,1095624.21,3067900,5,
0x4fa06c938ab2d52a2c0bc36bd1a1130434567b597d2ce6df3b49b15731fd5e11,nfl-tb-no-2025-10-26,2025-10-26T20:05:00Z,1330,1259793.515599,545494.6,1847493,2,
0x5c1d90605fe7f4cbab6864091215a4108f79dc5609a06dd90ab552c88e52450e,nfl-dal-den-2025-10-26,2025-10-26T20:25:00Z,2594,2381636.965637,1146084.09,3235875,3,
0x4f8995adb4a80b8ac257cef4970167584a4219245263c887df019ee6ed6e0f7d,nfl-ten-ind-2025-10-26,2025-10-26T20:25:00Z,1124,1546851.202287,798727.44,2006595,2,
0x8df270e2aa2ded8dee066bcd4ed3506954809479cbe756c6ecf5af6b0ef584c3,nfl-gb-pit-2025-10-26,2025-10-27T00:20:00Z,1884,2512272.084741,1234133.38,4007871,2,
0xeea11838031898568d1cf6be17f07bbaf33df76dfc0d1ea206d4bd817aaa2785,nfl-was-kc-2025-10-27,2025-10-28T00:15:00Z,2146,2654766.850909,1463971.9,3672678,3,
0xafd143b571ca0cd7b638ad4de379aa564854e0e0c0235f879795ac982cc1920f,cfb-jmad-txst-2025-10-29,2025-10-29T00:00:00Z,337,98875.23555,60682.98,211938,1,
0x996de747be90b8fa425d2c35d91ff184fb9d116e20a4b836fc8d26c0b19ccf96,cfb-utep-kenest-2025-10-29,2025-10-29T00:00:00Z,466,782284.042041,568537.04,970770,1,
0x5b3ada0fd6ba1214de19367d1503ef13b8a372e8f379bddc595fc70b3795be97,cfb-jaxst-mtnst-2025-10-29,2025-10-29T23:30:00Z,1099,486255.791336,262251.19,630681,2,
0xcb2c87b28ba30a37f1c3f8a82f2838cf73ce29b277f848c41ac4b069eee18144,cfb-flint-msrst-2025-10-30,2025-10-30T00:00:00Z,520,384085.590246,167257.67,475296,1,
0xd002f3a9668ce4c897129e4a647622e071d5b716644f2a8679a21341b06c5173,cfb-marsh-coast-2025-10-30,2025-10-30T23:30:00Z,303,187725.947789,98451.75,377523,1,
0x18e742ba266673ca2f1fd1ef0f010b373fdf3516d488bc365ac03d56a091db04,cfb-tulane-utsa-2025-10-30,2025-10-30T23:30:00Z,522,313413.04634,169350.91,554227,1,
0xa9202d1a3f497869d45ec1b122216de7ba542b2920d7becc64f0f9c2969a297f,nfl-bal-mia-2025-10-30,2025-10-31T00:15:00Z,3236,2547548.354184,1285386.3,4250359,4,
0x46c4c4c17f8ff510e2becf59d61edebfc017c8ba8ba70cdd1726f8d2948770fd,cfb-mphs-rice-2025-10-31,2025-10-31T23:00:00Z,399,322834.544109,212351.22,451462,1,
0x4841b309a14de1972ea872b169405cccc5fdf3ad456ca90604aed1a6603c0b35,cfb-ncar-syra-2025-10-31,2025-10-31T23:30:00Z,389,1175969.42423,603681.61,1348324,1,
0x3e620f1fc28d5678806f851a559ccc576efad05cb692bcc16b9f6b34d5df1d1d,cfb-smho-loutch-2025-11-01,2025-11-01T00:00:00Z,317,467695.509269,309611.17,565574,1,
0x7ff7c66a825e0c1d773db9666f4f45ef550c7f851c53cb5d1303d697a51c74c6,cfb-army-airf-2025-11-01,2025-11-01T16:00:00Z,732,1231576.419474,640949.1,1633284,1,
0x6e24cc3e501afcf8d09a77fe79c139fa32b4b4e54e7dcea7a0d464697c41519f,cfb-buf-bowlgr-2025-11-01,2025-11-01T16:00:00Z,134,82014.380083,42125.65,93810,1,
0x1fdbf90e8a974f37fe13b24730e68bc07837cc468ea19b4b33d216f85f67a89b,cfb-duke-clmsn-2025-11-01,2025-11-01T16:00:00Z,663,574619.085768,330902.02,1203319,1,
0xdc03507b39ea46ce6f7dc4e4d81f758a0eea60c0c3fcb880ba6c0e54b8faba86,cfb-mia-smu-2025-11-01,2025-11-01T16:00:00Z,315,107352.600393,66313.87,442003,1,
0x78381a57483de13999f7f7deb63ae8d68bd25f76bc4c1095ad33d59a1b49d7b8,cfb-navy-ntx-2025-11-01,2025-11-01T16:00:00Z,281,68602.229603,34601.29,110385,1,
0x28732831536168814302633aadd15c76d38d154faf03a09b15389643766dcda0,cfb-pennst-ohiost-2025-11-01,2025-11-01T16:00:00Z,509,536885.87247,384326.81,796372,1,
0x784d49077cd4ff3af9d41c19f6c15f1f0a30f8cde91fe509298cc06ca24a795c,cfb-rutger-ill-2025-11-01,2025-11-01T16:00:00Z,172,50993.657838,28782.44,76196,1,
0x8b29c0e793df39a48cbe5be8747ec7eca40350e4a029b8fa760413803b5f272b,cfb-uab-uconn-2025-11-01,2025-11-01T16:00:00Z,218,491294.449851,179145.58,946822,1,
0x4891d40f8dff2ba9f067518d2c3277eb7fd90e22e3e4ed12047913e7e14f01c7,cfb-ucf-bayl-2025-11-01,2025-11-01T16:00:00Z,205,903393.002147,420666.32,1287031,1,
0x030cc35b6f00ffec1082ae0429c4c2061c7cde28c1aeeae217fa23c0adf6f13d,cfb-vand-tx-2025-11-01,2025-11-01T16:00:00Z,1132,1131650.53947,607734.73,1651979,2,
0x0132440785f3b1020559ced58c53874f06f892d2305e39837f16beb4b074db56,cfb-wvir-hou-2025-11-01,2025-11-01T16:00:00Z,315,390918.971548,173212.77,659043,1,
0x0775444f301d576c286308f74019b2615a5468280c388dd489141bed2d79b8b1,cfb-arzst-iowast-2025-11-01,2025-11-01T17:00:00Z,312,511629.301663,249765.3,1044375,1,
0xa28b751213bb53b9d21ce21d7db08cee4c6259fb80697c7a2bb606a40c5bd045,cfb-ecar-templ-2025-11-01,2025-11-01T18:00:00Z,180,132096.088885,79485.87,337924,1,
0x1a01b32c085bcc830737c0e462cf45d9efd08f1e7cd0faf9c6105411855dfb14,cfb-lou-vtech-2025-11-01,2025-11-01T19:00:00Z,249,812373.303455,371379.37,1020931,1,
0x8daa3d18e812e727bf56f811579e7f04db6863d5afe67f61677229c2019d5070,cfb-nmx-unlv-2025-11-01,2025-11-01T19:00:00Z,135,101968.3739,52807.49,149558,1,
0x148711de2a5028e43e63c6479c2b04241e38ca6b617e8b12f66cbac16e59caff,cfb-del-librty-2025-11-01,2025-11-01T19:30:00Z,61,18822.514573,9429.6,63908,1,
0x88172c17a0809c8a584493c1d468a7db50453fedc739339e807bbd15c7b0b8e5,cfb-frest-boise-2025-11-01,2025-11-01T19:30:00Z,72,106308.967104,92106.4,187507,1,
0x62ed377ba140386b8c8d052c0dfe8efaa148ac8d999b2c06c01d8d7594bf4e92,cfb-ga-fl-2025-11-01,2025-11-01T19:30:00Z,453,274184.280707,177753.22,1035987,1,
0x625b7ac27fd13e0fa5405948a3cb67dcaf8a62c7bbbbd65f0adbbc6208bf955c,cfb-ind-mary-2025-11-01,2025-11-01T19:30:00Z,272,292918.307037,189356.3,350266,1,
0xaafc26353b26f9c7e99ff2447b205a3c7c65493418044c3adf602f5c0d2692a3,cfb-loulaf-sala-2025-11-01,2025-11-01T19:30:00Z,18,942.588392,563.96,13794,1,
0xd6346198402f4aa2277fca213c82b620a8a51f5b740d02304ab8085ad4de267d,cfb-mst-minnst-2025-11-01,2025-11-01T19:30:00Z,133,266080.760334,154896.52,384820,1,
0xf1608b787fa59feb413698c866c6f68d47cffdd41033c07e16a9dd77b9c364fc,cfb-nd-boscol-2025-11-01,2025-11-01T19:30:00Z,105,72912.514513,55844.38,148039,1,
0xecc9f7cc297d8e03fcb42a6db1f26916e9ecf6ee3c7e01b9537cbd6db46a3e66,cfb-nmxst-wkent-2025-11-01,2025-11-01T19:30:00Z,82,248675.849574,176606.62,272562,1,
0x13883fb25286542f11dc01cfeea921da9fbb693a1dd8b553c047daa485e2dafd,cfb-old-lamon-2025-11-01,2025-11-01T19:30:00Z,48,9290.041506,5946.94,11140,1,
0x593c9e6b1f8047b61b0d1001ca8b9b3764885c8003b35f41785343a21c1d981f,cfb-pitt-stan-2025-11-01,2025-11-01T19:30:00Z,85,27061.036203,17405.11,86916,1,
0x2cd3771e5583ae40322343482b46794d6cd7e50c20b4a6aa24245a41951ae6a8,cfb-txtech-kanst-2025-11-01,2025-11-01T19:30:00Z,144,75578.488157,48079.02,283733,1,
0xc15e433933730271382e8b117bfc057a54fdbbca94fe8806f5e6e3577ccd9040,cfb-vir-cah-2025-11-01,2025-11-01T19:45:00Z,144,41956.312063,21818.46,178245,1,
0x9c2be07068fbac9aa04e54c9d8478e67c5794ce7353df8ef16e5edafb2ae9587,cfb-cmich-wmich-2025-11-01,2025-11-01T20:00:00Z,111,560300.3375,236174.37,676021,1,
0xd8258d4a887422d021f0424d4bd0b0824b292d9be815f605a2225c8cc8df636a,cfb-mspst-ark-2025-11-01,2025-11-01T20:00:00Z,342,43143.636441,17819.53,206055,1,
0x1a47ba4eb70d4028bae03cf21c27931114c567df3be233cf3f4e4417ef98be46,cfb-okst-kan-2025-11-01,2025-11-01T20:00:00Z,94,16162.698674,8783.91,78838,1,
0x8026264314846f0c809f3e71e14a8c2d97fddf11a95e5751bc78211d3f8c52c6,cfb-arz-col-2025-11-01,2025-11-01T23:00:00Z,122,58906.883053,29961.33,127810,1,
0xf3e463ca6132d3150e20046af128636e2bd621951d9989e461479ae07e50cf8e,cfb-pur-mich-2025-11-01,2025-11-01T23:00:00Z,99,71064.516564,48394.79,193383,1,
0xe07cb2ac8aed8aef4f5f3f4f7902d1503f2babc0cd1456933fa10337cb9d1920,cfb-sc-miss-2025-11-01,2025-11-01T23:00:00Z,221,670385.058374,519119.03,840892,1,
0x530c70511da29dc426b623e64f27bd0c59b77c5f96ed5a75f2ba0cf4785e5965,cfb-wyom-sdst-2025-11-01,2025-11-01T23:00:00Z,75,59452.55071,32437.96,79905,1,
0x413b340b2f0119c4614f7ebe1ba33f08ce7d730434cc626d1d68002480cb19a4,cfb-gtech-ncst-2025-11-01,2025-11-01T23:30:00Z,425,235711.810763,132221.1,425447,1,
0x9e3a313bd06125130ec7350f032a59e8b9d809714c22018ecbab567d112e22cb,cfb-okl-tenn-2025-11-01,2025-11-01T23:30:00Z,793,350127.331984,177932.78,809227,1,
0x3d9094fea97bbc83de4aa218b94de5e492b608dcf16b38589dc1fc4fd77247bd,cfb-uk-aubrn-2025-11-01,2025-11-01T23:30:00Z,84,71220.23486,40838.89,119565,1,
0xe151823dd0c8549de666de2d9c7a145fa32820f5bf97d91df80161f62cb023c7,cfb-usc-nebr-2025-11-01,2025-11-01T23:30:00Z,623,990045.60633,565369.52,1137848,1,
0xf823d211cd8f166bc2a35162bd182a5da0a4eeaec233b7334d1d69ef714c0da3,cfb-wake-flst-2025-11-01,2025-11-01T23:30:00Z,159,71153.43425,41873.05,151993,1,
0xbe8c14870df5a43d75b0e4d8e56101127d7009bf023353ef7c4c870676781f14,cfb-washst-oregst-2025-11-01,2025-11-01T23:30:00Z,139,278256.758428,148789.16,328632,1,
0x2268daa116f5e14501509421c80e5e5445bd098849f8a74cede33152ab40e23c,cfb-arkst-troy-2025-11-02,2025-11-02T00:00:00Z,67,26201.923822,14577.33,112035,1,
0x85437b85f8a378fdc58e38a5088af809c632adf0104a2166a9ee92606148b35b,cfb-cin-utah-2025-11-02,2025-11-02T02:15:00Z,304,70404.413297,22768.74,355732,1,
0xe731604671dcc6a26992bcb54b4853b341cb69efb007394a9dbcb6312e43f37b,cfb-hawaii-sjst-2025-11-02,2025-11-02T02:30:00Z,150,55982.409506,29902.34,265299,1,
0xaa50a5666e3223fce4e8ce2bd3f3f3205c4e7b25e7d8ed6178c8722504f0f702,nfl-atl-ne-2025-11-02,2025-11-02T18:00:00Z,970,781645.588904,390769.23,1115443,1,
0x93343cc685ff2875ca60eb9dbd8215187fbd3d6ec0f869003b57ab623b6aff0f,nfl-car-gb-2025-11-02,2025-11-02T18:00:00Z,1151,840088.651277,330913.52,1264602,2,
0xb6059f90055603d5d41cddec29021d91614ac5398cb1a0aa4d6c641189578744,nfl-chi-cin-2025-11-02,2025-11-02T18:00:00Z,1641,892142.177235,437611.82,1704392,2,
0x5e4a22239a3d12c37069332763de04bdffd90d25a17a71e0b825833803124798,nfl-den-hou-2025-11-02,2025-11-02T18:00:00Z,4231,1965045.323803,943684.57,3063729,5,
0x87794de55b58fdeb94b4ac5151b962fe73afc1aad6b44fc780b30ce79fcc4c96,nfl-ind-pit-2025-11-02,2025-11-02T18:00:00Z,1794,1958034.806962,899285.84,3912071,2,
0x91209264fa90ffbbfd07ec93d7f6acb790fa48f95ee6f37715f1b8e9c9cc29ea,nfl-lac-ten-2025-11-02,2025-11-02T18:00:00Z,1080,1842977.912521,743659.2,2278719,2,
0x09293493eebe2dba65aee40b96a37af9e0e925791dc0356b324e8015bf0d6196,nfl-min-det-2025-11-02,2025-11-02T18:00:00Z,1383,2491213.630073,1358962.85,3425120,2,
0x024532fcd25a91e86704e39fb04d3550a344e0502aef7af5f25185ba45c4f0ff,nfl-sf-nyg-2025-11-02,2025-11-02T18:00:00Z,1488,1121857.650054,585894.59,1523794,2,
0x6ff4ba970cc7120f2933344a7e4c424b73d32efbd47b04eb5fcb82662484b074,nfl-jax-lv-2025-11-02,2025-11-02T21:05:00Z,1007,568885.453861,279708.44,1496296,2,
0x60f05f2f7b8c87a17429dd7d14b11fc80ce3af796dcb571ddf322db4f382b2eb,nfl-no-la-2025-11-02,2025-11-02T21:05:00Z,817,879359.257862,320616.7,1300883,1,
0xb68c5e1dd36093e8c6a84cd74cc594a554c14de105a864e52e15b30c9070d34a,nfl-kc-buf-2025-11-02,2025-11-02T21:25:00Z,1356,3246394.05677,1533740.92,5334383,2,
0xb8fec9331f5256027b2f44476dcaae997e5ca0578b14162065b967627ab1248f,nfl-sea-was-2025-11-02,2025-11-03T01:20:00Z,1815,3955817.110959,2064763.83,5237187,2,
0x92c868889653f6236d249420b9dec718d9403d7464874e8abac7709c5ed6d7e7,nfl-ari-dal-2025-11-03,2025-11-04T01:15:00Z,3375,3725643.934594,2169503.73,6769027,4,
0x743c6b56b49386bc24d213a0f61546049dd5cb78461bdf70459b10fbd9124bde,cfb-miaoh-ohio-2025-11-04,2025-11-05T00:00:00Z,243,371299.029286,175120.77,485776,1,
0xa05efc908f08620038bc9678fabf336379f03216f0efdaa341f0e5751c974e4c,cfb-umass-akron-2025-11-04,2025-11-05T00:00:00Z,257,294417.125579,147535.84,402852,1,
0x52e2360daa4478c6a90fd5a45513c5d4aefaf16b97ad03c0a41ab781604fbe23,cfb-kentst-ballst-2025-11-05,2025-11-06T00:00:00Z,595,500315.800944,232963.47,636514,1,
0x7237d92b0a13a5bfd6f0a501484db802214387f21ffc6df3bb3bfd538e4ee45f,cfb-nill-toledo-2025-11-05,2025-11-06T00:00:00Z,144,104708.281007,69523.9,139491,1,
0x476f9652f67184f3d154bdd236931265ef436d7be42114e7a5a5a3ec001e871d,cfb-gas-applst-2025-11-06,2025-11-07T00:30:00Z,294,162465.904218,85020.39,495069,1,
0x9cacf0726b065d6a19eecf9633bbfc2668de79636ff5f6d635e02bca88e006fd,cfb-utsa-sfl-2025-11-06,2025-11-07T00:30:00Z,328,165975.318749,96233.58,351139,1,
0x2a073dba2d819e790bac00f78b3bcc8cf0d408ca9ca7a6430ff4ec3669753c70,nfl-lv-den-2025-11-06,2025-11-07T01:15:00Z,2465,2950516.686318,1360087.89,4186332,3,
0xc0e3bf1060861398acff99adcbfac97773a6afa505099b36b186ddf41f2079f4,cfb-hou-ucf-2025-11-07,2025-11-08T01:00:00Z,1571,3292542.668668,1634441.93,3591881,2,
0x351993b29579e287a779127d94d83b7f5cffe5b715f74e2c58c12ff19c0ad018,cfb-nw-usc-2025-11-07,2025-11-08T02:00:00Z,663,1485413.007631,842053.55,1707928,1,
0x739cde5cde44dce210592320515c25bf8be40080f1d11a91c96dc6ea9e9270cf,cfb-tulane-mphs-2025-11-07,2025-11-08T02:00:00Z,590,1119118.737289,598511.15,1622427,1,
0x9749a58a12438412025f32a33358e858919ec8b8d2536ef1f4afa00352357ac0,cfb-byu-txtech-2025-11-08,2025-11-08T17:00:00Z,867,968204.635732,540347.27,1186702,1,
0x94df2b8560165de3da3a968998e0b44ab19a7a5304ce88264825ac43cde628e6,cfb-col-wvir-2025-11-08,2025-11-08T17:00:00Z,163,79860.019414,49582.12,225531,1,
0x549ee495c1c59c38479143cf55b0c98aedff0c4baa8b89f893265ad8628d118b,cfb-ga-mspst-2025-11-08,2025-11-08T17:00:00Z,635,356642.621601,179691.31,532413,1,
0x9259aa629f3aa7c4217e17465f40fb1090f363f912d28d03e8977e4fec5cf122,cfb-ind-pennst-2025-11-08,2025-11-08T17:00:00Z,586,415029.086731,250218.3,827223,1,
0xaccfb4314ef6b71771ec5f3ba4817935bb830511ff4f26ef546e0ac69d7eedef,cfb-jmad-marsh-2025-11-08,2025-11-08T17:00:00Z,236,735517.71471,570424.08,1167069,1,
0x26925b9fbfa9c316ff1d421b74e8f7ad191134f49775354c312c2ab4bb56d888,cfb-smu-boscol-2025-11-08,2025-11-08T17:00:00Z,267,553200.324167,342373.92,1037443,1,
0x80a3f960cafb3f58ac3c60aa2f10a52f3d2128789ace4ca20de54ec6fd21d116,cfb-soumis-arkst-2025-11-08,2025-11-08T17:00:00Z,335,158912.620631,87830.6,238235,1,
0x60540acabfb049cd3651c8c4217fbde1ec0d47cb46398f266634fbb6ac8bfa49,cfb-templ-army-2025-11-08,2025-11-08T17:00:00Z,277,288513.989347,192843.14,337744,1,
0xa2b426fa30119018dd50be8e33abee8af25995c2a410b8cad1061686d8d2ac83,cfb-bowlgr-emich-2025-11-08,2025-11-08T18:00:00Z,303,547475.651648,270160.86,661366,1,
0x73f722cc488975874b91508e2e9ee16baf584b2b894cfff3f5e26fdc9a23f50e,cfb-cita-miss-2025-11-08,2025-11-08T18:00:00Z,273,215836.353853,131681.27,227830,1,
0xecc0e46c02ffe861e0380b9bbdc30be67f69a3a66e03d55f503be580a9bbc707,cfb-msrst-librty-2025-11-08,2025-11-08T18:00:00Z,85,18286.072526,7115.02,63114,1,
0x910cb1b7d9b9c03fdc207d1c23b1ca481520ca2e4146947e3c5a6cd15cc33086,cfb-ohiost-pur-2025-11-08,2025-11-08T18:00:00Z,189,67490.045893,32889.89,116321,1,
0xf177528a5b2636c16088d1ca3d9bcac87146d2403b78bcf1897211174c509fa2,cfb-uab-rice-2025-11-08,2025-11-08T19:00:00Z,372,1179490.884493,614693.17,1365999,1,
0x85f732fedf0432e94b2d6534c3f9a473ef30f84786a84a396cf4f87796989f20,cfb-mary-rutger-2025-11-08,2025-11-08T19:30:00Z,612,806497.377329,414419.03,1863390,1,
0xc4cff169c8158c76f2166b9be8a4a51ba81a3bb48e986ae3deb27fe75dc566d3,cfb-charlt-ecar-2025-11-08,2025-11-08T20:00:00Z,88,8949.613246,4919.6,44883,1,
0x5264a2df1ba24249defb2c2924f887d38e5b0202e6379b4f4e34761cea8139ca,cfb-flint-mtnst-2025-11-08,2025-11-08T20:00:00Z,380,52352.519055,26242.25,101464,1,
0x6b06659854e6ea4d3bb81c7fc58c677e3869f228ba48a79b16bfb0bdd3e5f9c7,cfb-jaxst-utep-2025-11-08,2025-11-08T20:00:00Z,270,107368.006939,53985.12,224334,1,
0x47e69ddd66c1b395d0bee81f61eb3568c80ab2cd6167242e4b8a5e879dafaa6b,cfb-loutch-del-2025-11-08,2025-11-08T20:00:00Z,92,45383.493192,26025.36,125478,1,
0xcd32719cbb8a92759da2fae490fe0252bbeb2f4172b05fb05a0af5d61e6b1f8d,cfb-tulsa-flatl-2025-11-08,2025-11-08T20:00:00Z,103,33505.580053,14396.51,72389,1,
0x6687e2d381f60e4243a1df71449c4490373453cd7187b1c8106595f8c563c4b6,cfb-duke-uconn-2025-11-08,2025-11-08T20:30:00Z,206,265201.849945,171794.15,344266,1,
0x16e4cf046a2c79b9c87303f7d210ff19bce251d0843501cdb1dac8d29f4e50c1,cfb-iowast-tcu-2025-11-08,2025-11-08T20:30:00Z,156,47677.641873,21494.87,240570,1,
0x8039ed66624e0fddc415626a9c42a10111e67e96e62fd4f62edb68a024ed0d46,cfb-kan-arz-2025-11-08,2025-11-08T20:30:00Z,185,53131.199514,30614.74,147495,1,
0xf61cffd9e22acd9f2a6b393aaf1eb1add291576257bbf59cd7a4375e27a8bc2e,cfb-ore-iowa-2025-11-08,2025-11-08T20:30:00Z,449,250560.180944,151962.65,594621,1,
0x2364b09800b0319775ba9bbedff350844cd68e44dfa7dca5a6c7223bd19579c7,cfb-syra-mia-2025-11-08,2025-11-08T20:30:00Z,141,28915.35201,22527.88,88855,1,
0x8cf99ca4f24717c320987eef970cc668526f20d0effb816e00816accf9e60d77,cfb-txam-missr-2025-11-08,2025-11-08T20:30:00Z,320,136415.643505,81663.29,285688,1,
0x685300ffbd4b643773dfc605e80ed7e6dcd2caa8e3bebff5c9abc6dc27f6b08d,cfb-aubrn-vand-2025-11-08,2025-11-08T21:00:00Z,246,101904.9454,61517.91,340558,1,
0x5a18b3af626e6a7873ceb27f2360a3ace324ffb82a755fbe5fdcaaf97e4590ab,cfb-gast-coast-2025-11-08,2025-11-08T21:00:00Z,57,28069.380224,19670.63,107823,1,
0x88b2243953cb173956eb982981d982eb796cbaf7efa83625599a1d9a2865e000,cfb-kenest-nmxst-2025-11-08,2025-11-08T21:00:00Z,103,301780.719786,194872.25,313044,1,
0x76ab31ddb7a7a515eff35f5d2428e4e88f286aaaf5ff150325ad5b0b78f4f357,cfb-stan-ncar-2025-11-08,2025-11-08T21:30:00Z,138,60693.059188,35726.99,140967,1,
0x1e64b6bbc8e7ec46db72f29caa899ba7beae553d0ccf14b936ac74c326b3d61b,cfb-wash-wisc-2025-11-08,2025-11-08T21:30:00Z,124,303814.253707,176066.46,500343,1,
0x69968f6c545afe581c4474f4986681a122d986ccde53874c94c0de2846a0804b,cfb-txst-loulaf-2025-11-08,2025-11-08T22:00:00Z,275,1205349.811103,666093.98,1366051,1,
0x1ee490ec8273bd15b9c3b50eb14dce5e5a7b90087a5038a80dfe00ff611a3237,cfb-airf-sjst-2025-11-08,2025-11-08T23:00:00Z,173,511348.362491,226292.61,665464,1,
0x7d20aa03c9d5d29611d2232e78f9f68a6003ef8168ffcae2470bb85e33d344b9,cfb-cah-lou-2025-11-08,2025-11-09T00:00:00Z,175,114393.940934,42974.33,220259,1,
0x7b45e5e3e4818038b00cf1f409aa47ef7ddb47662a794e34547374a1e5451819,cfb-flst-clmsn-2025-11-08,2025-11-09T00:00:00Z,338,937373.572258,467886.93,1014960,1,
0xe28bffa5c24fee13ceb933dceac2560f8cca04bab836e258736c7cc2041f2a6d,cfb-wake-vir-2025-11-08,2025-11-09T00:00:00Z,433,199429.203987,94710.68,343842,1,
0x7f45b689c6b306e12fd71ffe1f9d5b5d83a8822531f98351dcdbca9097e826db,cfb-fl-uk-2025-11-08,2025-11-09T00:30:00Z,143,133638.501082,82143.4,168250,1,
0x17881dff1bf0161ddf3f69411ca6c02d6452a5483261a51ad012c7417c9a7ae7,cfb-lsu-ala-2025-11-08,2025-11-09T00:30:00Z,290,138068.808127,83700.27,300392,1,
0x39e1a6a0eaad4b9dc238fee00375b62a308e47488d337697cece456fa7399dcf,cfb-navy-nd-2025-11-08,2025-11-09T00:30:00Z,189,65204.657881,32384.15,136537,1,
0xb5d91ace7ecb4a1eefb53285cf8a01d0d4e9f9c3e3b07b4aa8ace70d1e5d47ba,cfb-nevada-utahst-2025-11-08,2025-11-09T00:30:00Z,55,27787.896336,15561.58,36992,1,
0xbab295156ff40ebf4039e2579619bf76eec8125aed4b2e83559c4114bc0582e6,cfb-nebr-ucla-2025-11-08,2025-11-09T02:00:00Z,464,173174.738782,86510.67,415848,1,
0x13ca0b430af395f01c3c5595fb573bc4abca5c18edd97c9103f34129642a6bae,cfb-unlv-colst-2025-11-08,2025-11-09T02:30:00Z,160,82179.03206,44370.34,252660,1,
0xbb2df697a112bd178ce19032f382f43aaa827ca38444c3b5d002af71bce9ab05,cfb-smho-oregst-2025-11-08,2025-11-09T03:00:00Z,163,78558.247711,64209.44,209138,1,
0x2c608fd7cd6f8e7a91b6aaf3cecad4116b2e64c49281b86c2bb05679f68e92fa,cfb-sdst-hawaii-2025-11-08,2025-11-09T04:00:00Z,132,45198.401526,28099.8,109622,1,
0x56348e19c5c507f80cd46336db6278b85dc75d6511f10ca2d8a85abe356a5b3b,nfl-atl-ind-2025-11-09,2025-11-09T14:30:00Z,1040,498165.999257,273642.69,1474135,2,
0x71232d3f845304bf6ecc7561f91087557b459029f270a81224be5bb465efecd3,nfl-bal-min-2025-11-09,2025-11-09T18:00:00Z,1492,807578.67802,426813.01,1328700,2,
0xa5fd5cc8be03c69e838c826fe318429f79dab68be1c368236f34397ea330822a,nfl-buf-mia-2025-11-09,2025-11-09T18:00:00Z,1403,1500946.660519,898307.06,2581860,2,
0xa93c32946452fe866431e24afc033814ecf381db22e41a130666388d5026ded2,nfl-cle-nyj-2025-11-09,2025-11-09T18:00:00Z,1770,763368.594021,391814.4,1122370,2,
0xf1afc8d6d150bb942af398a2e615ddfadf83517234e32ba67adc47feda90d803,nfl-jax-hou-2025-11-09,2025-11-09T18:00:00Z,2852,1974117.31814,978563.83,2822511,3,
0x6e863c5e698e33778fcb3ea9b59a91b9421432a682d895f20e9478aee97818ce,nfl-ne-tb-2025-11-09,2025-11-09T18:00:00Z,911,341377.851738,171437.02,795645,1,
0x5daf50568fe856ab892be624de6c38b371fa50c49c9d96163e698d197b95f2ac,nfl-no-car-2025-11-09,2025-11-09T18:00:00Z,1302,792157.371246,434821.65,995234,2,
0xa2feccb3b04ee9c6eb24a909471c527f7ab5773b010676a1a41b214d64e6be04,nfl-nyg-chi-2025-11-09,2025-11-09T18:00:00Z,902,1025421.312267,525352.87,1396321,1,
0x1c7a4b51e4b97122dd86e78d6b1d36fee5b60afead5b1cbd7223c1d60adc7a12,nfl-ari-sea-2025-11-09,2025-11-09T21:05:00Z,1101,1538818.940081,1018233.26,2238465,2,
0x4cfa84050fb82289dacb391f804dd20ec9dbec8b72ac1fd8759679759b2683b0,nfl-det-was-2025-11-09,2025-11-09T21:25:00Z,1324,2724519.393973,1289658.06,3224531,2,
0x7a7865fa7da880d2b08c07be3a6903c16fe8366e367b57c2a8406fe501be89ec,nfl-la-sf-2025-11-09,2025-11-09T21:25:00Z,1086,663787.226642,323552.38,1402786,2,
0x9b2f0aab735a59c6dd0d11d419f755f9ab1f011800dd65ddf22548475390e7b8,nfl-pit-lac-2025-11-09,2025-11-10T01:20:00Z,1381,1676703.562744,914136.32,3746703,2,
0x23e6e6f8a327a41bad1282fdc34e846f52e73e390d44b004ac92a329766e2848,nfl-phi-gb-2025-11-10,2025-11-11T01:15:00Z,5239,5119065.809283,2569675.65,8138887,6,
0x328a3a60f900117191ce2c7642a4e13c078cc79eb7ff79c29b7e6ee873b2f5a0,cfb-kentst-akron-2025-11-11,2025-11-12T00:30:00Z,823,879251.008932,488057.62,1239634,1,
0x5907554a7142584ce4e6c6113b1c17a60fe56607dbf203d5d6334f2bed55ec80,cfb-ohio-wmich-2025-11-11,2025-11-12T01:00:00Z,1090,1149068.506463,579725.94,1274780,2,
0x7849d8f545da990d5aecb91d0d44ab7c772772c659a101292a907b7ee68c11b9,cfb-buf-cmich-2025-11-12,2025-11-13T00:00:00Z,1447,2017786.634706,1038675.15,2404628,2,
0x36a601abdf106450f7f03a6db0456938f08ab0dcfd41e2eb153786ae71d14092,cfb-nill-umass-2025-11-12,2025-11-13T00:00:00Z,480,498098.155993,252309.91,604786,1,
0x568ea3fa9a8ddfd810c4751faf5f0b169b8601a9e4536dedfb4479f7729a6a43,cfb-toledo-miaoh-2025-11-12,2025-11-13T00:00:00Z,712,277759.642099,148515.68,328113,1,
0x23f8ddd2aa26d3d5df141200bd9379dea48682c0c113d76533b29a7c134bb4cb,cfb-troy-old-2025-11-13,2025-11-14T00:30:00Z,477,129470.899079,64692.97,245141,1,
0x40085cf91807e22a4a6bf725b6d0e4c3cc90bd588703e73bf4e486733a046400,nfl-nyj-ne-2025-11-13,2025-11-14T01:15:00Z,2634,4065319.952619,1856019.62,5163531,3,
0x472af24d3628d8203e277af805620da5f593365c9ffcdff1d0b9bd453dd7f351,cfb-clmsn-lou-2025-11-14,2025-11-15T00:30:00Z,2459,3780891.796632,1958585.12,4686157,3,
0x62727e21199372f6f812a414aabdf705013fec1b74749f84e6dd64755941937c,cfb-minnst-ore-2025-11-14,2025-11-15T02:00:00Z,368,266182.689529,186475.74,323441,1,
0x0daaeddd7771d63034680967a89ea1ddbf29e644e0177acae0ec99f3b39b35a6,cfb-airf-uconn-2025-11-15,2025-11-15T17:00:00Z,202,123101.120892,73332.2,153905,1,
0xba14696e017c01ecc53a49d1011e6a5fe6410e387c3282357660f939a25d7e90,cfb-arz-cin-2025-11-15,2025-11-15T17:00:00Z,251,122319.620356,72744.05,279214,1,
0x5afc272a5c2b9d6c9cc3806ead3881a53acab988903a2cbdc66f40c0793a61db,cfb-emich-ballst-2025-11-15,2025-11-15T17:00:00Z,436,159824.37232,87685.5,289378,1,
0x5bcb742f288b21ccf2c82da6765fdf99bd505b2d00455a29dec5b9bc5387ce2e,cfb-kanst-okst-2025-11-15,2025-11-15T17:00:00Z,167,36825.565924,24154.32,105105,1,
0xa7d0b371cc1c4c6e13f38d6c0f1b36563f877e95fb1f27d7003b428df84684f5,cfb-mich-nw-2025-11-15,2025-11-15T17:00:00Z,326,392009.56457,261910.77,913921,1,
0x7ac2ed68cf70a7fa32dd6d9912dfee90cb7cc22aa8fbed92dc5ec278b641ce49,cfb-nd-pitt-2025-11-15,2025-11-15T17:00:00Z,399,197361.818342,98283.91,282886,1,
0x6c8908bab512d1af0925e4c19ac675f4c835ab2eabc2d091ef7ffadd126fc62c,cfb-sc-txam-2025-11-15,2025-11-15T17:00:00Z,827,488082.963803,222060.98,1781468,1,
0xf626735a5abaae5551063c01a316677a729471ac7f35fc169ce0ee8ed0d25335,cfb-sfl-navy-2025-11-15,2025-11-15T17:00:00Z,207,25203.498245,13740.2,97724,1,
0x30487872863114f0b88675984b5d8082c5f125a5b913b8a5ecd9582d8a14625c,cfb-utsa-charlt-2025-11-15,2025-11-15T17:00:00Z,287,161644.890066,96695.05,200350,1,
0x1e9b6a14d19857d5b3a12b27f262ec5864016c410a4e939325106e94cb1fd7fd,cfb-wisc-ind-2025-11-15,2025-11-15T17:00:00Z,133,20108.033306,10252.62,98586,1,
0x89897818dffa520ecc0cab08fa4a32d0805c3ecfded2c39145187c590e11c2d2,cfb-ark-lsu-2025-11-15,2025-11-15T17:45:00Z,418,645874.024517,374590.82,892365,1,
0x18e6256e103dfd176d96335763c9f70917d3255629c09c8a40cf180beb7f2686,cfb-oregst-tulsa-2025-11-15,2025-11-15T18:00:00Z,287,150537.812932,74278.07,167966,1,
0xf6b592db4525f113c1052817586af7d8f66d6182fc616973ab7fa424e4264d54,cfb-wvir-arzst-2025-11-15,2025-11-15T18:00:00Z,186,96823.289809,53121.34,127925,1,
0x45e49962a38510b07ea8e8cf7d4814dc053fa58f7c35846700b9bd8dc9d31d9a,cfb-tentch-uk-2025-11-15,2025-11-15T18:30:00Z,277,108311.033672,56782.88,116539,1,116538.695495
0x418617f0783a35170880814987c66e87ec329f4a200a2cccad2ff2212c801f7d,cfb-marsh-gast-2025-11-15,2025-11-15T19:00:00Z,180,91639.820558,52621.29,129501,1,
0x74ae6a1dc4e5415f8fca922b8836c66542536ad92e1ed1f4511fbae9034d136a,cfb-ntx-uab-2025-11-15,2025-11-15T19:00:00Z,130,115555.79069,74017.57,126082,1,
0x5ed341f529392368507b5b5e4af4ad47eeb9be31e304762d8b1e949da99150d2,cfb-colst-nmx-2025-11-15,2025-11-15T20:00:00Z,164,90692.657375,66230.26,134908,1,
0xb6b11981462c6c155fc4d799bbcacde334bae07e70e2da0e29f39e1c123aa773,cfb-utep-msrst-2025-11-15,2025-11-15T20:00:00Z,448,619060.191983,351304.58,675682,1,
0x9caa6972422907524a938e02cd38ab1470da317c34f0d591e004245308719062,cfb-applst-jmad-2025-11-15,2025-11-15T20:30:00Z,172,33295.840115,18558.24,47500,1,
0xed9fc9f855e57e79a7b37597dc75a7149d6e923e8977bcfae5a7674ba9bf49bd,cfb-gtech-boscol-2025-11-15,2025-11-15T20:30:00Z,311,190570.074782,108317.0,427739,1,
0xef81ee514454c50f5ca8a8f2c83fecce374e5ac79c58ccd3bedaf811c694bf14,cfb-iowa-usc-2025-11-15,2025-11-15T20:30:00Z,315,32285.257583,14091.18,246117,1,
0xd1ac5df062393884c3b609397701b1c8ed16d0845effaeff9128100138dd0df2,cfb-mary-ill-2025-11-15,2025-11-15T20:30:00Z,104,14940.573229,9812.19,22079,1,
0xcef99543cb240fc0957f8ddfb9726f056b5e0f497019c74f3e4dda58880b8e8d,cfb-mtnst-wkent-2025-11-15,2025-11-15T20:30:00Z,85,37725.363534,28920.48,56337,1,
0x546d8216a286578ff88ae9552043f6ab1c8426c6bb50a88f286de8ba0b00388b,cfb-ncst-mia-2025-11-15,2025-11-15T20:30:00Z,146,38419.714849,23941.08,75141,1,
0xab6bae7ad851e57cae299081d460721fe7f7923f1c6ac33a396e707e10cfd57f,cfb-okl-ala-2025-11-15,2025-11-15T20:30:00Z,697,281522.719642,154724.67,882610,1,
0xb68c2eb0f8810dd22e3633ea2aea7ab616b6b370ad6d4aff065adb90be6e304b,cfb-pennst-mst-2025-11-15,2025-11-15T20:30:00Z,123,54836.060919,30103.13,80764,1,
0xbba45f82a91df7e0a8f8d811cd697edd0898dae767e861d604ed4aba6004b5eb,cfb-sala-lamon-2025-11-15,2025-11-15T20:30:00Z,151,29269.661217,15800.21,35694,1,
0x58b382b0b0e08befa070fdf545eb66f64bbd37c7cbb701c4a28a5c495cfddab3,cfb-sjst-nevada-2025-11-15,2025-11-15T20:30:00Z,115,31909.070036,17038.98,48450,1,
0x61128a17dcc76c7afa1fb58daccc3f456a4a9e9c5aeb359b140160a9ddc56746,cfb-txst-soumis-2025-11-15,2025-11-15T20:30:00Z,1389,3059005.106392,1697209.64,3316582,2,
0x6eb35470a3bfc6d66d8b3f9dc5614bc1b931c6501e3ce014e3493d5c99b1bcaa,cfb-ucf-txtech-2025-11-15,2025-11-15T20:30:00Z,114,59373.15209,39214.21,68919,1,
0xd6411dbf13f09e5da67bf4469728e9d68059ecc3841528347325222a1e68e982,cfb-vir-duke-2025-11-15,2025-11-15T20:30:00Z,788,154234.13522,69357.43,214214,1,
0x3038afbc6c1383acac0549984a31eec887a7e3435380ef9aea66ba3249c74d8b,cfb-flatl-tulane-2025-11-15,2025-11-15T21:00:00Z,105,43078.087466,35873.98,54569,1,
0x6f40076225fc8a27daa560298e8496aeec674f1bd6fbc8e98defefd65787bffb,cfb-mphs-ecar-2025-11-15,2025-11-15T21:00:00Z,787,169554.244872,75609.22,271666,1,
0x956cfb1f416f3079ad57f6f1748c9780bee84a849820108c7b772663efe331a7,cfb-nmxst-tenn-2025-11-15,2025-11-15T21:15:00Z,97,23157.937165,18744.53,32462,1,32461.901477
0x8227f4b14e4c8a0cac550e3c8acbe350b2c33a25fdb7d62037105be7089d3351,cfb-ncar-wake-2025-11-15,2025-11-15T21:30:00Z,172,53777.135005,24908.63,89852,1,
0xa8e2f581225501730cfbc8faabe1b50753ea90de49cd9937e6c2243bc54eb8e0,cfb-librty-flint-2025-11-15,2025-11-15T22:00:00Z,132,23614.327516,10947.06,85785,1,
0x6c957c1974da0f0ef81af0a17b93103da157507bd36fe9fb1c1de4587c06a678,cfb-coast-gas-2025-11-15,2025-11-15T23:00:00Z,171,32365.510476,15746.87,62306,1,
0x7df99e6c3a7d622a8895ecc061f6427640613b54ba8e46854412b0440e424978,cfb-del-smho-2025-11-15,2025-11-16T00:00:00Z,111,66028.672784,47069.09,103077,1,
0xf2e6b4f9a332368ad3da13e16d950df9b08479d02c337e6281f1e19dece22055,cfb-fl-miss-2025-11-15,2025-11-16T00:00:00Z,216,493510.572405,278391.31,1181156,1,
0x75ef29e9e86689c93c7c4c8bf2d7bf60efc4749a76b66feb846aab0e1767a5ed,cfb-pur-wash-2025-11-15,2025-11-16T00:00:00Z,158,110990.36951,62100.05,128322,1,
0x7771596ef4783e2347db728c3fe97a7d8f187449196a98aa6175e63fc74a5e80,cfb-utah-bayl-2025-11-15,2025-11-16T00:00:00Z,145,33395.721183,20070.89,81337,1,
0x3f771ac6c670f333e5f669df7068a7bc7bd8e2b99e83171ca0af4e471fb0ce3f,cfb-utahst-unlv-2025-11-15,2025-11-16T00:00:00Z,90,33387.173781,14254.69,78271,1,
0xee719995d96c993942c12ef373de646ae811ed9b62990cd4ee5939a98dff8b32,cfb-tx-ga-2025-11-15,2025-11-16T00:30:00Z,1024,254461.191747,133415.47,501495,2,
0xe0db847f07dd2f6267a9e7ffbde316b6c6626b148205fed4ea0d3052b75f0c44,cfb-ucla-ohiost-2025-11-15,2025-11-16T00:30:00Z,119,99106.457368,68480.24,144051,1,
0x886a321fe050290b3ade6aac7d40baaa08bf45cd5b99613b7c34abf4777289b6,cfb-vtech-flst-2025-11-15,2025-11-16T00:30:00Z,134,33101.887869,16951.87,48354,1,
0x8fa60bf6aef9f4811d430a4592b35830f3fd5cfd449848896835ef9d7a68bbe5,cfb-mspst-missr-2025-11-15,2025-11-16T00:45:00Z,108,31160.748171,15393.84,55931,1,
0x5daab417b450784c581ae1ebb63eb5441cec0c65ec637084fcf428c4451604de,cfb-kenest-jaxst-2025-11-15,2025-11-16T01:00:00Z,160,310058.912937,159139.76,431046,1,
0x9969d68a1a36697fb6e640f77cfca218607b59d1f7c93a030acbfc788bb45f93,cfb-loutch-washst-2025-11-15,2025-11-16T03:00:00Z,132,76065.483665,51426.64,108282,1,
0xe629a51aa12d0ce202d802e36cfffe28bfcd58e2be6f9b3e371b9dda121261f3,cfb-tcu-byu-2025-11-15,2025-11-16T03:15:00Z,770,195124.501266,106368.67,400919,1,
0x4f2e96b067ca3950bc1ab9b5dcff1abc952e75173cf678705708bfea1de03a4d,cfb-boise-sdst-2025-11-15,2025-11-16T03:30:00Z,300,77961.25458,39136.08,148857,1,
0x01d69fde1aa990be1f3af751c5b90ab14cc3fc4e6895d48c6dce852dcc525c19,cfb-wyom-frest-2025-11-15,2025-11-16T03:30:00Z,238,1350388.401514,770343.87,1517293,1,
0x2782940243313a63441048fad0f4e03a10357a6ce580696e94089ae65e0fa5ec,nfl-was-mia-2025-11-16,2025-11-16T14:30:00Z,1823,2010381.533973,961869.73,3509343,2,
0xdbc1d30bf0a5c14034423e2244805d815abec953989ed1be10f512c68c1514be,nfl-car-atl-2025-11-16,2025-11-16T18:00:00Z,725,449440.761697,254164.3,1367562,1,
0xb68436b387dd1c8206dea4cc8c4e9ccf5867b2c1816a73f4ffdee3ad0281f1c2,nfl-chi-min-2025-11-16,2025-11-16T18:00:00Z,1397,935063.861344,467461.97,1928827,2,
0xeb209ab26945337f7025190361b0dff0d52ee3c715b153fc226053ef4499c090,nfl-cin-pit-2025-11-16,2025-11-16T18:00:00Z,501,112298.924896,62448.61,335652,1,
0xd6aa2b6c119726990e3fbb3280f8f48cbc92de17c71d93e9eb86019596b6ec2f,nfl-gb-nyg-2025-11-16,2025-11-16T18:00:00Z,1297,711982.539745,367372.19,1953619,2,
0x69526953f4c55bd0ccf4624b573440a0c10f958a831d6460439d346a06220d61,nfl-hou-ten-2025-11-16,2025-11-16T18:00:00Z,1050,2823063.334606,1893309.65,3915882,2,
0x363759df1577076ee1b9c17c90c578bc4fbe62af1723a79e0d2a3af0f145a6b8,nfl-lac-jax-2025-11-16,2025-11-16T18:00:00Z,1445,920017.241222,469323.68,1376720,2,
0x3547f3c3a0a399892de7d6cf83d64a3de3a0a90dcc469438f2dad6aee4e346a7,nfl-tb-buf-2025-11-16,2025-11-16T18:00:00Z,931,734776.841884,419398.53,1251820,1,
0x67ffe6f3e5e0c33f7572db00e445fe6b953830287bbabcf7462174351237b8b5,nfl-sea-la-2025-11-16,2025-11-16T21:05:00Z,956,424973.372987,222066.25,1254580,1,
0xe1cf3458c0fab5246dbe7fa4b90a660db64e44907193ab102b7a53c2d87864ba,nfl-sf-ari-2025-11-16,2025-11-16T21:05:00Z,1010,736272.328091,400594.48,1199218,2,
0x470ebb02b8768c834e8303a9ad95029efb9f500e55ab4689e44bdceb81860568,nfl-bal-cle-2025-11-16,2025-11-16T21:25:00Z,779,745249.328967,228154.99,1245203,1,
0x0cf56ceb8cc0adfb2d6ad5a111d5beb650e5a8a1941760840c6ac5114f9348bf,nfl-kc-den-2025-11-16,2025-11-16T21:25:00Z,1778,1161329.69503,573467.58,2178265,2,
0x0945d0c320ccac0fb873093d259812fc05906b53fbc36768a97210a5c7a786ce,nfl-det-phi-2025-11-16,2025-11-17T01:20:00Z,1476,1329214.847328,671767.37,3422585,2,
0xa0b22e218e9d820e26e0e7820b191e123a27ba4e522f4bf253c2ea4733076f17,nfl-dal-lv-2025-11-17,2025-11-18T01:15:00Z,2540,2540070.704392,1289135.19,3582071,3,
0x3159b0e9bc2c4b1de5462a146536d5d51b15ac64e29bfb585336180d347518fb,cfb-akron-bowlgr-2025-11-18,2025-11-19T00:00:00Z,506,219120.505968,100057.38,316213,1,
0x61927ecc2b18e0121b68877a966675a8460aff3ee1d68aee675fba66d9a84c35,cfb-umass-ohio-2025-11-18,2025-11-19T00:00:00Z,144,28486.805951,13165.82,75010,1,
0x6a07999086bee2b560330ac74096533d8752b950671b73ce88d58b3cbe61113d,cfb-wmich-nill-2025-11-18,2025-11-19T00:00:00Z,472,131898.172404,62629.39,218567,1,
0x06c7fc641b52a4fea9f1ce85fb20bdbbc43c2e92d48a8fcd756a3c3884a57b61,cfb-cmich-kentst-2025-11-19,2025-11-20T00:00:00Z,791,229716.024007,115468.78,296834,1,
0x7986c63ed57f780cb3a6edd174ae9e764cd34b08f5d3350b36d12950fb13f803,cfb-miaoh-buf-2025-11-19,2025-11-20T00:00:00Z,973,1205896.1949,584711.51,1441399,1,
0x4ea6e6106e6df2470c30119b8d5994bd4b5593beb7cae7afd180e77fc39f472c,cfb-loulaf-arkst-2025-11-20,2025-11-21T00:30:00Z,696,164862.660191,87709.28,410213,1,
0xeb9947a1c0f8d2ae1f1396510f2bf3832cb7d7156c017e772fea99d17c69aa5d,nfl-buf-hou-2025-11-20,2025-11-21T01:15:00Z,2966,2098948.801963,1016249.88,4908500,3,
0x0c8973af00743f38e34a70c0c6751e79993d28f5efde2d1d2c926b2974cf3555,cfb-flst-ncst-2025-11-21,2025-11-22T01:00:00Z,433,182834.287135,109739.3,612021,1,
0x3e2a784c1dfd51474a0fde2a39ad0c11e869183a26ce79206ab3e453fc30db16,cfb-hawaii-unlv-2025-11-21,2025-11-22T03:30:00Z,452,1078996.895121,592812.7,1305734,1,
0x37458f6f9d9019cf91feb5ef27616c240a1295834c2cb88f4ff66bb8b5862c1b,cfb-del-wake-2025-11-22,2025-11-22T17:00:00Z,215,82756.973326,65435.67,105877,1,
0x668e947785286a422edfa0a3c9dee0c9920ef5840bcaaddb99064b57613ab02e,cfb-kan-iowast-2025-11-22,2025-11-22T17:00:00Z,201,37030.189675,16185.7,78696,1,
0x8da32bf7a21c9a1339042573ba4d82f62396191247e88b6f22b8d7ceff980601,cfb-lou-smu-2025-11-22,2025-11-22T17:00:00Z,421,92437.851059,51399.46,224285,1,
0xfe90d90473aaea81dbc1073cd7067e830f1115e8c445917d59a87756e66e8e79,cfb-mia-vtech-2025-11-22,2025-11-22T17:00:00Z,3020,178257.794149,120496.19,279020,4,
0x7488565717f0267d28858beb3d0f1d9c7769e26a58c96c67cd7fa2fa1096728f,cfb-minnst-nw-2025-11-22,2025-11-22T17:00:00Z,406,65017.010973,39968.96,376559,1,
0x3b292e9b57d64a36df92b0c8e9ba1f0c8acb7693922126ef78ab948d7907015f,cfb-missr-okl-2025-11-22,2025-11-22T17:00:00Z,1033,1523559.284584,999559.29,2860808,2,
0x7995dd343659102b89d0a8926f9411b0667860530fe29ade833198b394e8a5b0,cfb-rutger-ohiost-2025-11-22,2025-11-22T17:00:00Z,253,44495.059943,21691.94,75191,1,
0x464eab4e4362925ff05b8af239137ec471c98cd89f29746b7fcf489953c2c417,cfb-samf-txam-2025-11-22,2025-11-22T17:00:00Z,121,88267.04467,69811.13,90587,1,
0x8b8fc4a0fe5395e59535dbb6862bc43d6df32f3fd6045f3ae29c82243cced5ef,cfb-tulsa-army-2025-11-22,2025-11-22T17:00:00Z,342,59515.177428,36663.11,93962,1,
0x4a67c4bd51e6a8bfad0907f1c24743a774844db29291c0979cc9b7a8536f3756,cfb-charlt-ga-2025-11-22,2025-11-22T17:45:00Z,172,57650.610728,18257.3,67913,1,
0xad5cfa3d856f1f1d1af4601a7b5df5bc9fe1890b31d9778fcaa0e687b0bf3d71,cfb-bayl-arz-2025-11-22,2025-11-22T18:00:00Z,189,51977.90015,33979.81,193091,1,
0x37ade3239f3bb32664eaf692288f979b137bb6cfb9fbbb363f271031e4dad019,cfb-old-gas-2025-11-22,2025-11-22T18:00:00Z,175,69311.871021,38883.16,83653,1,
0x5e6a4a6d3e1f97a58dfc1c69ea5d2dd42b7ea3525870302c8e9c3514b7c77c86,cfb-washst-jmad-2025-11-22,2025-11-22T18:00:00Z,220,155023.564432,122257.08,259063,1,
0x6cea856d531afa530e7d2bfcf5a0377a66f5bdf72c746a45aded29488bef76fd,cfb-ballst-toledo-2025-11-22,2025-11-22T19:00:00Z,92,23027.656085,12878.71,38317,1,
0xde515724ae02a89b50839c691388f4c7ecaa1f9fa9d91465ba5531e0a68fd48e,cfb-eill-ala-2025-11-22,2025-11-22T19:00:00Z,93,34109.186488,18764.94,46560,1,
0x28f61e041e652c82784cdd12f5f9d8acd8c451e130e6c5ad393d9261d4c56aa0,cfb-merc-aubrn-2025-11-22,2025-11-22T19:00:00Z,175,41690.984919,7418.77,73881,1,
0x129fb1051f9970f0f6b1648b6e63229fc996e37558b0c1bd1bc72250935656aa,cfb-msrst-kenest-2025-11-22,2025-11-22T19:00:00Z,353,49511.392617,31075.56,87987,1,
0xe892cab0054bc539a6b6e0da97fbdda770edacc4b7a692453e33b4b94252a7c1,cfb-nevada-wyom-2025-11-22,2025-11-22T19:00:00Z,238,85075.548078,42912.27,126913,1,
0x48e313b4d59d5d2ef01a2f6e89b0ff92f8e7921b01607f2a24bce51d6a91e641,cfb-marsh-applst-2025-11-22,2025-11-22T19:30:00Z,267,48615.43783,30481.44,65299,1,
0x63123f73482c371a78e5cb0df3e2f764c27498c05b7cbb8cf1085b61b0b02773,cfb-librty-loutch-2025-11-22,2025-11-22T20:00:00Z,524,75838.678755,38035.41,110202,1,
0x9bbaac5a0429aeb50164eba5d85e6f57c07e0b10511c136bbe8da223f4b503fe,cfb-nmxst-utep-2025-11-22,2025-11-22T20:00:00Z,248,28881.612219,15431.38,82597,1,
0x8f240aa001501a9b48f2714cb5560e9bfcbc70642a1086c739c492dd2757073e,cfb-sfl-uab-2025-11-22,2025-11-22T20:00:00Z,118,59758.751539,51728.17,86372,1,
0x30f8923c66db7a22408357f63018dc62ccfe3462caca3b4c3bae136dcc935503,cfb-smho-mtnst-2025-11-22,2025-11-22T20:00:00Z,87,12195.662116,5679.49,16258,1,
0x809cd1d9a25d389d99a887f82dcc0ca995b874dbe5bac0934411ebf5506df877,cfb-uconn-flatl-2025-11-22,2025-11-22T20:00:00Z,365,50320.511362,32745.39,110610,1,
0x56aa7c9cd3adea70592c3491ac5b150de01564504caf54fa311538e22eda9054,cfb-ark-tx-2025-11-22,2025-11-22T20:30:00Z,536,108084.630128,56368.77,209458,1,
0x5071b06f4937d310af0674d3b181d517f04133154530c51e8c5f33aeeef1ef6f,cfb-duke-ncar-2025-11-22,2025-11-22T20:30:00Z,117,8458.240167,3682.9,51931,1,
0x99180e075ef8770ceeafea3a4ba8449da89e11278ebf22a9039f9e8acd82137a,cfb-ecar-utsa-2025-11-22,2025-11-22T20:30:00Z,495,191249.776342,94466.77,217504,1,
0x5d4e92571468dc7613275ff23aaf2b746218995a29cb49cf02ea5dc4ec6dfe62,cfb-jaxst-flint-2025-11-22,2025-11-22T20:30:00Z,110,64191.479875,31318.76,108248,1,
0x5b36e389b4abdc0dcadbe73409d32c3c54de842496645083134fbf2cf5e1ce6c,cfb-mst-iowa-2025-11-22,2025-11-22T20:30:00Z,203,22508.180424,14771.79,123063,1,
0xc0c731f09cb92730e89f9d2831357fe9f15125b10999efa8218fcf5797a5aac2,cfb-soumis-sala-2025-11-22,2025-11-22T20:30:00Z,197,173342.867431,88076.59,212170,1,
0xfdb68b47f28575c36c82fcb241522e204ef275cb6df59107ac35f414cc8af64a,cfb-syra-nd-2025-11-22,2025-11-22T20:30:00Z,104,26875.093077,10487.22,29511,1,
0xe71c2707df77f413e3250b328cd7a2d416b01c6dc4249426c02bab2a611ee617,cfb-uk-vand-2025-11-22,2025-11-22T20:30:00Z,179,91463.48272,56388.78,166170,1,
0x9dbba955db4b0f562c5d2c4a3ff9c6bb5f7692bc3a2f56d81d6e1ba507a523de,cfb-usc-ore-2025-11-22,2025-11-22T20:30:00Z,254,72396.656535,35596.53,216750,1,
0x04e71a8fed18b2ac8dab9d5df7005e610b2a1dc05d8e3212bb49909cc1c0b9d0,cfb-tulane-templ-2025-11-22,2025-11-22T20:45:00Z,488,660211.094491,323511.5,708337,1,
0x6f2835b5e341b5d068af66ac532d950b6d05e00e7d9cfd89c068d19882a89546,cfb-gast-troy-2025-11-22,2025-11-22T21:00:00Z,128,49857.573413,31696.32,98320,1,
0xe0dd148d0f47b7913518047862af442d9ed0b32ff1fce95340d8e317981c3121,cfb-kanst-utah-2025-11-22,2025-11-22T21:00:00Z,129,56990.556701,41024.6,252851,1,
0xc9c5b3fcd64b2795abd56debe51752865c4e13e3ed25c36438db3214aec45e5d,cfb-mich-mary-2025-11-22,2025-11-22T21:00:00Z,139,19467.538904,13076.0,36559,1,
0xd9137aa83298c4c2062f27f0e0992f197b70f200017040ae8031f06eeee8972e,cfb-okst-ucf-2025-11-22,2025-11-22T21:00:00Z,68,3369.689164,2558.91,34975,1,
0xd3adab65cce33953d8837df0c16143df2beb74b4c4a5f36b69cde96b1dd7e99f,cfb-tcu-hou-2025-11-22,2025-11-22T21:00:00Z,296,100913.934719,51567.23,221354,1,
0x36d06933a7554d06dc86806255f59e95c9e266149014fc7e3dfe638c05717389,cfb-coast-sc-2025-11-22,2025-11-22T21:15:00Z,124,14097.336722,2343.27,27799,1,
0x96698bf075d58a224a3d6e68f556eb2e4e7a72eed63e6fb5ba7fc2a1017b8595,cfb-furman-clmsn-2025-11-22,2025-11-22T21:30:00Z,33,8535.57878,3574.94,9499,1,
0x7729b5a2780e8009d88e341a0c0e38273b05789c2c9218d20ed5c62abf06f28d,cfb-lamon-txst-2025-11-22,2025-11-22T22:00:00Z,99,36668.951521,29630.17,125079,1,
0xa68d83aff4688d6771e78d33a9637af1fd4252d224264d5f72697332fbb961cb,cfb-colst-boise-2025-11-22,2025-11-23T00:00:00Z,143,80739.568648,60958.08,112715,1,
0x90d4e269b0d505c897d9f3db46df707284a5871cf3ee7f4fde1c9d5caa244a65,cfb-nebr-pennst-2025-11-22,2025-11-23T00:00:00Z,135,75523.326917,25304.16,160497,1,
0x19874ba4fa0cbf8ac2f4a40fabdcbc5d7ec646f51803ae4dc18d38af35dc8c32,cfb-nmx-airf-2025-11-22,2025-11-23T00:00:00Z,416,71522.94094,34205.25,82597,1,
0x331cdf179601a079b1c173219f63d5b945f7935168ebddffad85d6e671f85d0f,cfb-pitt-gtech-2025-11-22,2025-11-23T00:00:00Z,563,342685.513557,180544.65,935842,1,
0x7a33b9d72477239fa9d2429ef2e6a250068381bb1298d703434b5898b72a60b5,cfb-cah-stan-2025-11-22,2025-11-23T00:30:00Z,307,66711.249974,32039.16,189131,1,
0x6b035637c230942345b20c2951cee7327acb5fb091c1fc013ebe7b98bd203ac4,cfb-ill-wisc-2025-11-22,2025-11-23T00:30:00Z,133,9940.599251,5611.55,100568,1,
0x524ec02da556d8832bae0da963269e58baeafce32ec59ee86e004012f074298d,cfb-ntx-rice-2025-11-22,2025-11-23T00:30:00Z,213,205750.520325,116723.36,239265,1,
0xb9627a191907d65478dcd9c8ddf78f905491d6b0b0187f83208d846adf5e03c7,cfb-tenn-fl-2025-11-22,2025-11-23T00:30:00Z,493,210618.119747,117321.38,272309,1,
0x7abdd9d79a10a69c44978998a86cc7527a5c2ac37fcb7822c358bedde901c40d,cfb-wkent-lsu-2025-11-22,2025-11-23T00:45:00Z,128,29977.337873,11609.6,93711,1,
0x106beb65198faec170f6de234abf2cf0f9a823b560d1e4ecd2cf99f8b887f5e0,cfb-arzst-col-2025-11-22,2025-11-23T01:00:00Z,152,91868.823967,47130.83,248160,1,
0x10a22dd9d4f7798efe7ebec94934a35e8531bf20090b8361cd8016c210d71184,cfb-byu-cin-2025-11-22,2025-11-23T01:00:00Z,604,120814.703256,68322.23,385635,1,
0xed4ada0f7e339f3d5dd8e65e4e4e04c495f64ded960e13d382675e166b399313,cfb-sjst-sdst-2025-11-22,2025-11-23T03:30:00Z,157,113366.222201,66183.61,130347,1,
0x713e497584739df7c461addeb01cbb09066ad484c8f2f5147807b1a0c9344301,cfb-utahst-frest-2025-11-22,2025-11-23T03:30:00Z,310,1463887.255137,798708.08,1816471,1,
0x7d638e52282fe4c88b25576977f0a5137f4c19c4e839ddfff73f1c924be41e9c,cfb-wash-ucla-2025-11-22,2025-11-23T03:30:00Z,254,84272.719095,50817.77,114412,1,
0x2b870064f3994875a3d680056bf9d3cdfd3f3e1785eb43e1bbe22d0021398f93,nfl-ind-kc-2025-11-23,2025-11-23T18:00:00Z,2549,5189331.349826,2885536.9,7811078,3,
0x3b7f17c460fb1aa8e1389081469979b2bf623e97aa8a939a501567a4f18b92a6,nfl-min-gb-2025-11-23,2025-11-23T18:00:00Z,826,595630.393929,278306.64,883374,1,
0xa4741df4f013ac2a7c5c44667074b0b76d1e600291a6d39ac6888428c9b07c02,nfl-ne-cin-2025-11-23,2025-11-23T18:00:00Z,2373,2373775.337531,1115237.53,2824983,3,
0x904797b19e0b02e674d50135d92e70380ea137081e39b91b384263dc05732cda,nfl-nyg-det-2025-11-23,2025-11-23T18:00:00Z,1166,1077661.896528,541272.56,2103864,2,
0xf9cf38849cbf6513c9ddda9c09ddefa8670f481f3a17740fcf5ad8f211ae4b28,nfl-nyj-bal-2025-11-23,2025-11-23T18:00:00Z,813,780512.969383,322978.66,969356,1,
0x57a745edc831f0f7df9321ca4d11f680d66d6c1d370821ef1cb2cc74211b4ae6,nfl-pit-chi-2025-11-23,2025-11-23T18:00:00Z,1837,833313.732506,407690.43,1277545,2,
0x62eaa7c72adcdc168a9e5aeeb934e80f440646dc4bb2e036b9af8f28127c8397,nfl-sea-ten-2025-11-23,2025-11-23T18:00:00Z,923,774518.618102,288435.05,1144543,1,
0xa52ec10f2737597c9df1b413108ab1310eb3011d907c2f11fae5ed6920deb41a,nfl-cle-lv-2025-11-23,2025-11-23T21:05:00Z,1022,436465.470732,190070.06,1869401,2,
0xa49b8d57250beb9cc0caed55fd4a5e426384575cd7088e62d7968c3f0f61cfc3,nfl-jax-ari-2025-11-23,2025-11-23T21:05:00Z,1073,695551.580997,348616.03,1115118,2,
0x1464e1fe9b739dd84a41212e1e58d7c7c2b376a3f7f91ac8cf5342c5c0bfc947,nfl-atl-no-2025-11-23,2025-11-23T21:25:00Z,1509,2132340.373448,1085278.71,3090478,2,
0x1cfcf352fdf74b2cd586c1017976f0427020e4c488671af9700cc86282bb3cd9,nfl-phi-dal-2025-11-23,2025-11-23T21:25:00Z,1743,1617901.123421,777506.09,5683239,2,
0x370d8460a2ef6df30226225629d939194b3c5ad7f534af4edae0caded973aff5,nfl-tb-la-2025-11-23,2025-11-24T01:20:00Z,2748,3799570.615405,2068041.04,4694911,3,
0x1ef509d0d50702dc74e6c7d5d4c42cb863ad3cc70cac4ecd61eee7afbeb5aa0d,nfl-car-sf-2025-11-24,2025-11-25T01:15:00Z,5848,4010237.28874,2148382.45,5035206,6,
0x07dd4ce460991bd9c250b4dd85bbc0197703b9aa8e73a66831bbec9bb277e4d1,cfb-bowlgr-umass-2025-11-25,2025-11-25T21:30:00Z,769,495946.316422,263265.49,612227,1,
0xae2cbcebda72d062f6f393edc803a777ca5cf86c1fb4b5fbcf83b32064792f3e,cfb-wmich-emich-2025-11-25,2025-11-26T00:30:00Z,4012,309694.648795,152536.32,403805,5,
0xe77c389d59082205bc4f8881a21902aaecbde16521f6182f6a7782ce710905bd,nfl-gb-det-2025-11-27,2025-11-27T18:00:00Z,2568,3593507.619974,1808029.69,6675686,3,
0x83b32407eb2c89ac34e400dc41dc80dd26d60d3fea823054a972738d16d10ed8,nfl-kc-dal-2025-11-27,2025-11-27T21:30:00Z,4472,3473716.916605,1730440.55,7233875,5,
0xd0f3ae8ef22fbeac970daa3fc816a91c1e92e093c809ede433137d9c7993a3e9,cfb-navy-mphs-2025-11-27,2025-11-28T00:30:00Z,906,162997.188411,86179.62,313111,1,
0x53c099f2ed67769769fa4de350f85bc4108aa8d0f682e28a2aeb4759a7d08f6d,nfl-cin-bal-2025-11-27,2025-11-28T01:20:00Z,5451,4067751.143372,1464200.88,8888622,6,
0x17b0e355e32755a82fd0d7f2537187f0d3b6032f1e45653a21b13a0ab67b19f3,cfb-iowa-nebr-2025-11-28,2025-11-28T17:00:00Z,506,186509.766855,84842.52,543757,1,
0x1bcbe1d6d3c90bef5614ec211ed808af3fe4dac20b945b4176f9510fc2e32d77,cfb-kentst-nill-2025-11-28,2025-11-28T17:00:00Z,305,79773.353785,42476.29,177037,1,
0xc1c9131de561179b3186d746557b3c3023ff52c263f699e50f399cc8b6c0aa73,cfb-miss-mspst-2025-11-28,2025-11-28T17:00:00Z,1294,1041645.480374,731494.94,1245273,2,
0x5d0733969a9e6d5aa564de2f896f7364dcfbba87b6aa30c6002ef377496ef8b9,cfb-ohio-buf-2025-11-28,2025-11-28T17:00:00Z,330,75087.151897,47968.38,103423,1,
0xba1614e25af4a8f40ae2007385e14ab38065f119de74b5645b7e36465be82667,cfb-utah-kan-2025-11-28,2025-11-28T17:00:00Z,525,173092.215618,96551.41,816336,1,
0x997c7b7f8ade41083a481516e0ff18c909d239db1c08d3aeb16337f6006a02ee,cfb-airf-colst-2025-11-28,2025-11-28T20:00:00Z,431,99597.715266,55382.16,170585,1,
0x34f46b40cef32be892a2620f2aada017e0a763db6e0eb36709af3738f755effa,nfl-chi-phi-2025-11-28,2025-11-28T20:00:00Z,1996,2093675.767017,1112751.61,5543687,2,
0x761728693de17f74edc25ff96ca7dc00ce3e7906b0282287c544b83b2d7fe9ee,cfb-ga-gtech-2025-11-28,2025-11-28T20:30:00Z,559,333013.938805,182351.49,796443,1,
0xb48e8b1abdccd2baabf519286b5a4b83caf7619ba9290d3d5f37e1f08b145e5f,cfb-sdst-nmx-2025-11-28,2025-11-28T20:30:00Z,331,137521.779522,69529.91,359326,1,
0xfd517f443205d3b10fa8a79a5b2651e141f31be010ae7255f6be31f308d0683d,cfb-templ-ntx-2025-11-28,2025-11-28T20:30:00Z,309,160221.729192,36085.81,196577,1,
0xb23d4f76b4769913b3b3474a8dd86e82383100d4b7d6b743951d687e78f2d45e,cfb-boise-utahst-2025-11-28,2025-11-28T21:00:00Z,484,187718.757009,88995.16,615495,1,
0x70eed15a2cf06351e1b88c674ac4df63e994e1b4eee3fb8323fb6dde1e80c5b6,cfb-ind-pur-2025-11-28,2025-11-29T00:30:00Z,212,79842.347304,30362.18,119652,1,
0xb5d145ef9e616b9233f65dfdac548baafe169fe89b3b56f8b0c127ef696c1191,cfb-txam-tx-2025-11-28,2025-11-29T00:30:00Z,1694,1549522.173911,744464.11,3215260,2,
0x8072542b4d1a312932fe8a7400fae055d0a130be4562fa419a7457ac34c250d4,cfb-arz-arzst-2025-11-28,2025-11-29T02:00:00Z,479,253226.491386,127903.42,456486,1,
0x1eda1012b4e229012a3cd82d9c5f687d01a4f36db32647505451324f55237e19,cfb-cin-tcu-2025-11-29,2025-11-29T05:00:00Z,70,5913.353362,2649.53,117117,1,
0xca7a1b764f14ef57078a9bbc2b81f4714513aa52472dc7e21e364598990f431a,cfb-col-kanst-2025-11-29,2025-11-29T05:00:00Z,99,5530.476709,2370.84,158099,1,
0xbb377aaf57b1bd185f5aebb8c175267286c46ddec9f24fce5245d9724faa23df,cfb-hou-bayl-2025-11-29,2025-11-29T05:00:00Z,73,1299.267313,614.46,356937,1,
0x1bb2cb3c0cdcf2d83b7b130e1354fbc1fa172a441a66312eff06020e8b650b99,cfb-ore-wash-2025-11-29,2025-11-29T05:00:00Z,216,19687.779967,11847.2,3109026,1,
0xfceab0c05f923badf18e9e4b5b674b979f53b1b07a0378a4961072ddbe23bb62,cfb-ballst-miaoh-2025-11-29,2025-11-29T17:00:00Z,345,105663.972392,56825.82,153560,1,
0x5ba74cc2aaf3edaf77c4ad4b9c7da6e1b870e4457a90222ba39ec4c26c97f55c,cfb-clmsn-sc-2025-11-29,2025-11-29T17:00:00Z,438,305689.294128,151395.79,448052,1,
0x7b2df290031569617aa19c68d665e406477ecfa25b8bb4a9e6f31e1c36248228,cfb-ecar-flatl-2025-11-29,2025-11-29T17:00:00Z,209,112726.959791,52660.81,115348,1,
0xe336192e9ab5314804ae847ad4b10eb1e0660a7cba9a28381146644062345323,cfb-iowast-okst-2025-11-29,2025-11-29T17:00:00Z,380,162406.712214,103811.92,242601,1,
0x0d4c0489198723ec4c97cc7af96dd872a4a59a7890126e3648594955e1049111,cfb-mia-pitt-2025-11-29,2025-11-29T17:00:00Z,523,164367.60528,89583.34,220271,1,
0xf79803e089556e98118d94423e1a254b7d6ad6516f7116b103ad7eadc520d60e,cfb-ohiost-mich-2025-11-29,2025-11-29T17:00:00Z,835,845427.693481,535861.21,1631370,1,
0xbb0d5340d30833c7340b481c80b86b79c081cc9d108582ca7f50fcda32b03f2a,cfb-toledo-cmich-2025-11-29,2025-11-29T17:00:00Z,137,46614.28535,31813.22,69180,1,69180.217224
0xb6af306e58b8f56a6e1af9d67593e390adf6140a649d1fe8a12afee806ffb4a8,cfb-txtech-wvir-2025-11-29,2025-11-29T17:00:00Z,258,71074.829277,56384.31,91287,1,
0xc3a67fb84d6b650f456a168766ddc33ea3f1c59c6191279efbff74ce7de3fee7,cfb-uk-lou-2025-11-29,2025-11-29T17:00:00Z,392,236401.571771,117792.57,311858,1,
0xc25e481a349f95a3499770eeabf6b0e94b82e21f2fb9cb43eef812c11578b8db,cfb-flint-smho-2025-11-29,2025-11-29T18:00:00Z,192,70450.448664,40157.67,73504,1,
0x0c6fe5e3549a61946fb9216ca8b4f4c6fd5e6e37429d45cc24d4f40202bf0405,cfb-ucf-byu-2025-11-29,2025-11-29T18:00:00Z,185,64516.750737,14341.58,121541,1,
0x6d59c66d9079e38a1d3d60f3e1de1a3418c2668027afd786e8846ce5439918ba,cfb-utep-del-2025-11-29,2025-11-29T18:00:00Z,167,102677.213107,54388.15,110062,1,
0x3cf5a62e3d606f3b9bf8f165e796773d6fe3daff59d5feb00fbc85facf880328,cfb-gas-marsh-2025-11-29,2025-11-29T18:30:00Z,139,83207.773314,40352.53,224823,1,
0x281eb4b2e3500a9f083bec7f2d0f24a7e523ed0663e82976ed4eeb4bbec06022,cfb-gast-old-2025-11-29,2025-11-29T19:00:00Z,213,16988.961275,9795.19,90876,1,
0x38186f1990e5c7d26d7394a1a44e78d3339098f8ad6ceb077a4d569027d80dcb,cfb-loutch-msrst-2025-11-29,2025-11-29T19:00:00Z,117,86625.774009,48862.03,185894,1,
0x21051594fd933686aa6d5cd0a81395fa0225caa95f38051863ce0da05cce3253,cfb-wkent-jaxst-2025-11-29,2025-11-29T19:00:00Z,265,47839.131233,24402.27,105658,1,
0x6d88ad7978d1c74e4483d95db9f4f0715dd616d66e3f6728eb478790b58bd73d,cfb-arkst-applst-2025-11-29,2025-11-29T19:30:00Z,169,45521.001515,22776.82,93282,1,
0xef366d1f06f3f219992e030e930b8d9cba4e020dabbeb213f3531956acf4b419,cfb-boscol-syra-2025-11-29,2025-11-29T20:00:00Z,135,36338.867786,18349.47,67710,1,
0x6261817571f9918d52956c944dc561ef6e62574d56784fcb9105548e4f13dec3,cfb-lamon-loulaf-2025-11-29,2025-11-29T20:00:00Z,87,28980.47057,10059.41,73955,1,
0x45a1c1b76371e550f78f37884d4c86b614589a7649a1044b365871d99ab29d83,cfb-mtnst-nmxst-2025-11-29,2025-11-29T20:00:00Z,129,74580.946806,41725.93,135568,1,
0xdb66f329fcc0534d5e1929da790acba3ead70d6dc1d0c6a267c593e358f20267,cfb-sala-txst-2025-11-29,2025-11-29T20:00:00Z,85,49608.759704,16279.6,52263,1,
0xa2c0aebb8eb3ea2afc3a8fba0f2eca31658757780167e69e0016bffb2a86566f,cfb-uab-tulsa-2025-11-29,2025-11-29T20:00:00Z,124,87511.023395,39579.78,99640,1,
0x1a441e8e4377eeb5dff6a1b42b7f66bb91743ea943bec0659f8c77078a71184b,cfb-army-utsa-2025-11-29,2025-11-29T20:30:00Z,64,51582.72333,32846.33,70899,1,
0x78b4da9286088678d5b91a9423361d07ec2961818c7e344a58676a076a328d57,cfb-kenest-librty-2025-11-29,2025-11-29T20:30:00Z,200,148678.03555,78290.27,170815,1,
0xfa41ff0d57b21e2b0cbfe3a26438c8d658fd12d8598f2a1f836f1debd943ab22,cfb-lsu-okl-2025-11-29,2025-11-29T20:30:00Z,158,109080.036747,66456.43,419521,1,
0xe035aefa892cd52dbca7b82cef638232ff5123d540924808fe7f617c585f868e,cfb-missr-ark-2025-11-29,2025-11-29T20:30:00Z,266,72772.332529,43710.27,148122,1,
0xbe45219ba4adb9b41d9cbab5a43c82f3b61de55f67af8e6add656dfa2d6c7a0b,cfb-pennst-rutger-2025-11-29,2025-11-29T20:30:00Z,182,116999.363777,84357.56,286587,1,
0xb6590854adb3e3ee1cae6a1a182cac9e7691f2d0e5f2c720bb9c6b43cdd26144,cfb-troy-soumis-2025-11-29,2025-11-29T20:30:00Z,248,60817.989109,34103.8,70182,1,
0xdf585752b5519a2f1653bbff271f1ab6d7ff19af1d2943ca87b2ef795ea9fc0c,cfb-vand-tenn-2025-11-29,2025-11-29T20:30:00Z,284,99763.063191,53859.28,871148,1,
0x909d5a606e1f799894e32d1a8415d8b7a27cf499a2f0e8eb4f21547621063abc,cfb-wake-duke-2025-11-29,2025-11-29T20:30:00Z,295,55992.991478,27805.12,79247,1,
0xe9a7f5869adc9a139aff61ed3d744b51fd5491d395c153f05b412cd242501447,cfb-wisc-minnst-2025-11-29,2025-11-29T20:30:00Z,284,54157.665255,28452.56,85962,1,
0xa41ba3c3c4dba087f53d13e3d215808a2faeddca731ad2eb02e507387855e9ba,cfb-jmad-coast-2025-11-29,2025-11-29T20:45:00Z,449,23587.268491,8503.68,34777,1,
0xe101f6338501c3c4106ab55803e7115783d946f61a1334b477d7ffb3ee42eeed,cfb-flst-fl-2025-11-29,2025-11-29T21:30:00Z,231,125608.282921,64802.13,224198,1,
0x24ca6fc47acb329451782eb0afb4512dad95a6a9912f9eafdc60a052fa3c61a9,cfb-ucla-usc-2025-11-29,2025-11-29T21:30:00Z,113,31936.997223,15761.08,221775,1,
0x38630596701364dc8327503d548f43ca4518c62deacca69a0e202f461e6f283b,cfb-oregst-washst-2025-11-29,2025-11-29T23:30:00Z,594,81351.498509,54848.32,95937,1,
0x84b077fee9104c8eab2e6538f934bf9c4173e15fb1fa0c20d2975d2d6ce778ef,cfb-mary-mst-2025-11-29,2025-11-30T00:00:00Z,90,22528.282459,12923.83,122102,1,
0x27e1f1c04d858f24d8835d04ac8a6328589807292cd8acdb593811310efd4ec2,cfb-rice-sfl-2025-11-29,2025-11-30T00:00:00Z,165,35212.9696,11802.12,43590,1,
0x13c668066efa422b541c58eb37085229b2d5bae54c943461ef242220c8f3f39a,cfb-vtech-vir-2025-11-29,2025-11-30T00:00:00Z,141,56613.621955,35597.35,86261,1,
0xb1724dc7a1283aa1e504b470f97f3c8c783e7a438b6356f91da0e0c822063cd6,cfb-ala-aubrn-2025-11-29,2025-11-30T00:30:00Z,739,838558.826676,403700.66,1456510,1,
0x030670484e015147374759184314a1b79d249377f5f624bec6b1472ace22da17,cfb-charlt-tulane-2025-11-29,2025-11-30T00:30:00Z,101,12824.815653,3178.57,24859,1,
0xef9c51bece8b8a8d4916a159783ea84998e55a9b38a380d7216d4c1d649d6bd1,cfb-ncar-ncst-2025-11-29,2025-11-30T00:30:00Z,135,68535.453525,36847.67,77176,1,
0xc179673c456295034e1ebd5126e91d0a79b294631ffc1e5d619bdabff31135e8,cfb-nw-ill-2025-11-29,2025-11-30T00:30:00Z,148,139385.184801,72765.99,250434,1,
0xf30a0c6f656bd836157f04bd0f939c3b8401f5b5c1a2479cedd3e273564aff81,cfb-smu-cah-2025-11-29,2025-11-30T01:00:00Z,215,137599.856035,74118.89,425521,1,
0xee47eefb7677e47379e4ce44a74dd0022c967ad2414a4595f18b4840f73141f7,cfb-unlv-nevada-2025-11-29,2025-11-30T02:00:00Z,195,95227.688865,54637.64,112766,1,
0xaa049e24ea03705e4fc417772a330befd72c31969bfd89d1adf09d5433affdf1,cfb-frest-sjst-2025-11-29,2025-11-30T03:30:00Z,348,97624.724388,50926.8,173640,1,
0xfa7475e7579827dbea6b7b0825b72632f7264bfa675e006343fc3c5380ae065a,cfb-nd-stan-2025-11-29,2025-11-30T03:30:00Z,164,82241.952937,19701.79,115472,1,
0x2aa7238a1780723f6eb1a4e4bb1af709fdb7a190c1c0124f27bed140f25e3802,cfb-wyom-hawaii-2025-11-29,2025-11-30T04:00:00Z,295,68096.850597,39117.32,147574,1,
0xf7742406d5edcdaf4449833f64f2d9ec32da27cb0a0f05ce057447dcbd5f85d3,nfl-ari-tb-2025-11-30,2025-11-30T18:00:00Z,1313,1074767.385403,509861.29,1475933,2,
0x3ca2c3633c85a89015385adb51e3d22312649c27bd1cbd61b21f5bd004540f16,nfl-atl-nyj-2025-11-30,2025-11-30T18:00:00Z,954,471056.23068,228342.17,1137199,1,
0xa61c9b599232d07888c755c0ad7e47295d8562f4aaba9767999127e085e72325,nfl-hou-ind-2025-11-30,2025-11-30T18:00:00Z,1707,998430.452209,497683.51,2345869,2,
0xc8803b04ffbdd97046dc85c2c0581bf5f28807facd7bfdad690d782234b48b92,nfl-jax-ten-2025-11-30,2025-11-30T18:00:00Z,907,672666.385165,412509.78,911977,1,
0xb2857e4c6452956ad523b97218299259d66c7c79b45022d9287e18e31331902b,nfl-la-car-2025-11-30,2025-11-30T18:00:00Z,825,3024990.886244,1098529.78,4295920,1,
0x04f68fed65c7436d84cd952dd334c5fe543e54a32b0d7f148d494e1eb8301a13,nfl-no-mia-2025-11-30,2025-11-30T18:00:00Z,917,335934.178302,200131.49,748849,1,
0x9277b62d650c0cb5af272217c5fee25b81c757a98dcb645b677c2f42b247d868,nfl-sf-cle-2025-11-30,2025-11-30T18:00:00Z,2289,1027581.993188,447169.33,1938396,3,
0xc8fac6008bd93871d0e948f30f3cc172f9fb2786fe3beac0937af2073ba76bf5,nfl-min-sea-2025-11-30,2025-11-30T21:05:00Z,1397,3289923.691952,1081927.82,3856252,2,
0xd8e19473a9885cf6f5493723433806197b80d78154858120d770e6be0c67bd88,nfl-buf-pit-2025-11-30,2025-11-30T21:25:00Z,2238,1880313.88453,909011.72,4602859,3,
0xd7aaa38fddf1d03f45d67f0bed8c7b2b95bb3bfab6c2010f2d1bd8ef853fa0b1,nfl-lv-lac-2025-11-30,2025-11-30T21:25:00Z,868,487520.812315,221284.79,945349,1,
0x302bb4d901c8fe550edede68f63e113cc83ae0d910258516080e8c56c79a44ea,nfl-den-was-2025-11-30,2025-12-01T01:20:00Z,1394,1691589.436768,979144.39,4612484,2,
0x8d5ec7deb35689142a556ef4bad22c3347bc4cd0da1a2839c7bc616d4de2f842,nfl-nyg-ne-2025-12-01,2025-12-02T01:15:00Z,2670,5388713.774421,2245538.98,6982079,3,
0xe6f492eb15583ae324d43e987e3ad1b7bd1a86690b3b62a2843162278ff7af0e,nfl-dal-det-2025-12-04,2025-12-05T01:15:00Z,4756,8696752.905976,4651694.56,10677885,5,
0x5fcebdb312a214a6df068ee876c944ce449e95f6caf2fe50334528cab165bd87,cfb-kenest-jaxst-2025-12-05,2025-12-06T00:00:00Z,510,119525.414581,66018.84,239195,1,
0x4ee0244cd80af0ba47adcdec380abc18c62e5606570bd5a43043bebebfe505c8,cfb-troy-jmad-2025-12-05,2025-12-06T00:00:00Z,451,435113.043472,351868.17,951806,1,
0x890583532a17ef17c9d196005c78168bc8399aa525059ace154574b7e0b0577d,cfb-ntx-tulane-2025-12-05,2025-12-06T01:00:00Z,1125,1314529.430177,702802.5,1851846,2,
0xa5d3e2f41f8ef87d857f06900b8ba2bbce63058eb2328d72583a84dd985e111c,cfb-unlv-boise-2025-12-05,2025-12-06T01:00:00Z,407,107419.996235,66228.54,291893,1,
0x011aa7fab520552ff042b0198761e3eb9661f2438c2d982f251f5878d7270e21,cfb-byu-txtech-2025-12-06,2025-12-06T17:00:00Z,731,439223.950321,218129.27,1488332,1,
0x9c442cce0b9194db8ddab9a6059aacc290213a741c0ba156be53924a80b46ba8,cfb-miaoh-wmich-2025-12-06,2025-12-06T17:00:00Z,446,200124.856908,100674.83,360338,1,
0x9e6cd6af14268c1cb64014fb861a92795699d95c1d9a6ab54b9da66749c9069f,cfb-ga-ala-2025-12-06,2025-12-06T21:00:00Z,991,1061143.038792,536528.89,2968835,1,
0xbcb4a58ebaa239ab6dc2a86ab1b9a11b8dbf27b15e911d6686893168a1bdbe63,cfb-duke-vir-2025-12-06,2025-12-07T01:00:00Z,1101,498281.050685,283833.52,1457330,2,
0x99c6571e36ee889a598ed57dc0cd7c72934e13ccafc739b81ef462536a1bbda8,cfb-ohiost-ind-2025-12-06,2025-12-07T01:00:00Z,937,1351728.049916,698194.19,3286142,1,
0xde17506a2d490c50bc61120c0ea01b2d354d46deaee64951c78ab7c9d844ce15,nfl-cin-buf-2025-12-07,2025-12-07T18:00:00Z,1273,205459.371209,94454.76,1277597,2,
0x70e64fbc50b7ae33b9b409d5302a5a920f2a39eca2d1c582970c75b58556884d,nfl-ind-jax-2025-12-07,2025-12-07T18:00:00Z,2861,1886008.502859,981709.98,2516639,3,
0x8a3b6a72cb67360355ae39548c2c6315c621e5365ec5db313affbe67d5a9a658,nfl-mia-nyj-2025-12-07,2025-12-07T18:00:00Z,1367,851943.69306,428717.24,1165185,2,
0x2d862d0ae6e7abce0adb9c116e769e2e9c6af7050f48adcccf45c9a8b4c182a0,nfl-no-tb-2025-12-07,2025-12-07T18:00:00Z,960,427523.404692,249828.15,1122529,1,
0xa6306a4dc9e38a6a670a0f6806eb60414cb6a34ac75122a46470d21e91d5b1c9,nfl-pit-bal-2025-12-07,2025-12-07T18:00:00Z,1374,1122130.787362,533560.19,1899598,2,
0x07fdb434a81996e35e05aeb4d7e8d9f79866a6ed435282489b50c9a781c0734a,nfl-sea-atl-2025-12-07,2025-12-07T18:00:00Z,2394,2310247.202673,967261.24,3611162,3,
0xc70dd85fb84ff5a7fabb683ae186c627984cdf84dab19eeabaaf4cad0798ac25,nfl-ten-cle-2025-12-07,2025-12-07T18:00:00Z,1007,516034.508675,227375.19,941667,2,
0xf3cf254d616431b7610c0829d5b26c06cd33b3123dbfd59e75c98072b5c6be74,nfl-was-min-2025-12-07,2025-12-07T18:00:00Z,1379,1145067.404517,574801.51,2131389,2,
0xd25640cf4d4cdf40fc7f6588730a80ff19b1902f58902a76514219748842c65a,nfl-den-lv-2025-12-07,2025-12-07T21:05:00Z,1223,1001187.634705,564255.93,1679379,2,
0xe7aa655c5b36c563c2388a1ad2aee7e82c096a4ebe6ce0faa5389516593efb17,nfl-chi-gb-2025-12-07,2025-12-07T21:25:00Z,2380,1374071.134669,679871.54,3618054,3,
0xf32f35850e555afdb655a8af329946a2dc04de3290999b0c14bbf7cb4123a160,nfl-la-ari-2025-12-07,2025-12-07T21:25:00Z,937,874552.500359,575115.09,2068989,1,
0x61cf5315ec6aa4c6563e58a4736bdf89633ec2b5c9f2e2a6977cc7544cd6b916,nfl-hou-kc-2025-12-07,2025-12-08T01:20:00Z,2162,3470968.360112,1448319.97,5386960,3,
0x973a05cb855049840adb639aa0c927d4d0f5ee7cc383269a24256b39ec4cd2d9,nfl-phi-lac-2025-12-08,2025-12-08T20:15:00Z,2097,543318.998466,280648.66,7920406,3,
0x5afe56d5f7af27a3f41304325e8419244aff3852125f3af57702c67a203ee889,nfl-atl-tb-2025-12-11,2025-12-12T01:15:00Z,2150,1090565.925026,592969.27,2992845,3,
0x47adc138a89d04c275543a8f97ea676ad69c0837e0442a5e9c9c9a9c466f000e,cfb-army-navy-2025-12-13,2025-12-13T20:00:00Z,533,373039.640768,210628.3,877325,1,
0x2c87c6a3d81494b907167f6d59f366fb3d7119db7d2b815b0b22061cb2ed426c,cfb-boise-wash-2025-12-13,2025-12-14T01:00:00Z,697,520381.656451,215739.9,632179,1,
0xa3cb3268c89acf56e5efbe7c2a0a63b01cc5e0e4c0805a7106327a1d9fd4b0e4,nfl-ari-hou-2025-12-14,2025-12-14T18:00:00Z,694,669601.571229,339645.17,895920,1,
0x6afc1778ee583775cf4b05499ce4cc34b4b4a3a7d7e351941a4c90c8e330014f,nfl-bal-cin-2025-12-14,2025-12-14T18:00:00Z,1148,436709.700381,221186.93,831961,2,
0xa3e1a124a8fcb85e220a60e52049d1ebd2afb87fc8034ceaeb6567c8b968239e,nfl-buf-ne-2025-12-14,2025-12-14T18:00:00Z,2131,3098572.815027,1509372.19,5199074,3,
0x622e7c2e3e246364be3d4790364d91fa1cffdbacf988a06509ed708b6d1f28d0,nfl-cle-chi-2025-12-14,2025-12-14T18:00:00Z,1077,1398464.033946,533204.91,1684675,2,
0x1a3679091be1ff7d8a7f5d550155b5d893741c5e1afe00e52ded96510408ce5f,nfl-lac-kc-2025-12-14,2025-12-14T18:00:00Z,1964,929666.852642,437686.82,1800204,2,
0xdd3b4e4caebb1e2db713d4d78c04b2531e1997d410dd6336463bb2e6328b9c62,nfl-lv-phi-2025-12-14,2025-12-14T18:00:00Z,1203,634360.6636,392530.01,972648,2,
0x92299e316996773f93a97e601499297d9d2e20fa841499f1cf32977b1a834a65,nfl-nyj-jax-2025-12-14,2025-12-14T18:00:00Z,1000,1083659.365288,555889.09,1385208,2,
0xf8b52d9991c5c5359412582c94a475d592168dd37ae6a8ec9a6b9e5bff0194cf,nfl-was-nyg-2025-12-14,2025-12-14T18:00:00Z,1230,1162441.830527,528070.95,1780612,2,
0xc486ecc53d9484cf29da644ec1855776ca93abde10c3f4a3fc8f13f22cbba24d,nfl-car-no-2025-12-14,2025-12-14T21:25:00Z,1782,808976.21038,431514.21,1184186,2,
0x4896995cdcc973bba4ebe182f928324d168830308ff68eaedd9735a99ea963c0,nfl-det-la-2025-12-14,2025-12-14T21:25:00Z,902,545563.326995,277770.94,1183848,1,
0x339b3403a13323a31c6004569650cfaa3300989345279df9b9a6fe1ce060caa6,nfl-gb-den-2025-12-14,2025-12-14T21:25:00Z,1623,3675058.34575,1802812.68,4873128,2,
0x01c17682836c4df18653f18cb83b894592b1c7a883fb0ebb6878ec1bb48ea7d4,nfl-ind-sea-2025-12-14,2025-12-14T21:25:00Z,2012,1695266.363604,763998.4,2847251,3,
0x72f3c89aee1abc48cb220a951325afc84b97c96dc25b583a1061a17ba0230fa2,nfl-ten-sf-2025-12-14,2025-12-14T21:25:00Z,506,396716.132752,194004.37,840519,1,
0x707bb157a2ea43d2da72c850141a668af164491e3b63e81cc2da10cda89e3dbf,nfl-min-dal-2025-12-14,2025-12-15T01:20:00Z,1082,1382355.406643,747814.06,2760709,2,
0x1f1ccfe2166c17a3b89a339b847e2e12966463a8631318aa54ad754646507381,nfl-mia-pit-2025-12-15,2025-12-16T01:15:00Z,2417,2453708.211703,1320747.81,4113384,3,
0x067ce84d419e3269ef1055e1c396cfae0bc9bc41a9f7f5db37eacdd8bddf71cd,cfb-troy-jaxst-2025-12-16,2025-12-17T02:00:00Z,970,475075.105146,245537.69,1227916,1,
0x6c4e44a1693702ad439d301b5002fee2f321326bf164b544bb1e1247677bbda9,cfb-old-sfl-2025-12-17,2025-12-17T22:00:00Z,847,288656.312926,145387.86,2026450,1,
0x1408ded2189ff09b8800a85fa916d2716656243689539767ae690010f3189283,cfb-loulaf-del-2025-12-17,2025-12-18T01:30:00Z,578,605769.232536,302614.38,1923599,1,
0x6749b632cb9df8883a4958aa5493e50f9bc71dd6597dcefaeb7ee401c2c790ae,nfl-la-sea-2025-12-18,2025-12-19T01:15:00Z,2817,4215506.712176,2111003.99,6758686,3,
0x4d350356f2b012c16642e69d89eca120ea9cf11c8e15e258928a2505e1e8944f,cfb-msrst-arkst-2025-12-18,2025-12-19T02:00:00Z,527,456951.145782,226530.47,531811,1,
0xe3691ef0c2b54ba1da0b6359cdd6eb4f51e5e32ac6f56cc770d53a782ffa3130,cfb-kenest-wmich-2025-12-19,2025-12-19T16:00:00Z,417,607383.648678,307134.71,635056,1,
0x13c1fbba9d91114340592de7ff94c4865d6d2011e5558d4afb1d4771a7c40c04,cfb-mphs-ncst-2025-12-19,2025-12-19T19:30:00Z,400,114807.059888,58657.95,295647,1,
0x94b10c0bfeda43011714c678f959b6c2429adf6bef06d4e1f7703a2b137d6ff0,cfb-ala-okl-2025-12-19,2025-12-20T01:00:00Z,2107,3663014.419421,1921494.0,4714635,3,
0xdf52833e285b6f8d3d341ca08aeee99b267fdff24b930eecf0290fa630886298,cfb-mia-txam-2025-12-20,2025-12-20T17:00:00Z,967,943423.999452,465065.47,2041317,1,
0x55de3b9daf2ccf4015016323cf8c5c0cc126c8bf8b6b501c702968c81ed0c2b8,cfb-tulane-miss-2025-12-20,2025-12-20T20:30:00Z,693,456638.806093,295139.42,1378519,1,
0x483b9ff3369a7871e88de7c0d6cb10cadb334fb6dcad766f439b9cb69e14e827,nfl-phi-was-2025-12-20,2025-12-20T22:00:00Z,2685,3151011.238346,1534195.05,5396603,3,
0x919ad580715a7667477e1e9ad6c6933b4ae2c3f84d6b3486d0ac10bd2404d704,cfb-jmad-ore-2025-12-20,2025-12-21T00:30:00Z,518,1031472.165563,846832.62,1438775,1,
0xdc944e324af1531c6eb13636e109cae5f87268da1763f17f97f4f84be0356f99,nfl-gb-chi-2025-12-20,2025-12-21T01:20:00Z,2909,3328611.406187,1681917.29,6327887,3,
0x88a1edad9dc7b77efb8fb0b9ffc09aa6f112342cad5dfe3a6475eb99599c30ed,nfl-buf-cle-2025-12-21,2025-12-21T18:00:00Z,1652,1267262.730181,760620.33,2691056,2,
0xd2e6ebae147d31c1e593ee1898e9aed2c72a618ea87e9fab79c09d112a5b49de,nfl-cin-mia-2025-12-21,2025-12-21T18:00:00Z,1410,1605528.109318,702119.88,1924274,2,
0x5beabbe6b27dc3778f3030fa8e263117deca467ca2bd598745f2c52077ed6367,nfl-kc-ten-2025-12-21,2025-12-21T18:00:00Z,1984,717997.072767,382269.51,1292394,2,
0x795106b05c543e7aaf06c998e07cc42a07287a6b234ee793cfe43b28200163c2,nfl-lac-dal-2025-12-21,2025-12-21T18:00:00Z,3041,4290590.454956,2109713.81,5545403,4,
0x27541f1ebf40749d3a0ad7a381161ca5ae514fcea25ea7e632dc5140dcc39a03,nfl-min-nyg-2025-12-21,2025-12-21T18:00:00Z,1423,633528.125737,344819.9,1437731,2,
0x59f8a6393b65feb7ec1c94376f1be0fa1b733c8b6962a085211dad05fa12f994,nfl-nyj-no-2025-12-21,2025-12-21T18:00:00Z,1323,885988.232713,494283.93,1048038,2,
0x0870868fef14ce6d9519b705688095782265b7fd6c4ed8d659ec4a2818b370ab,nfl-tb-car-2025-12-21,2025-12-21T18:00:00Z,1059,291080.312432,157672.69,602578,2,
0x276f0a3a9032afa889f8e1b1dd67278cf74ed1e050c79b9af705f946467ab646,nfl-atl-ari-2025-12-21,2025-12-21T21:05:00Z,4563,2452797.813496,1213547.5,3062236,5,
0x1297411bd6fc4c348beb7c40bb539c9c0ead7e52e2dd590dacc4c32cfd518697,nfl-jax-den-2025-12-21,2025-12-21T21:05:00Z,2780,926895.912888,478200.28,1800826,3,
0x0e4ccd69c581deb1aad6f587083a4800d458d6a12f3d202418a53e0c40b18c5a,nfl-lv-hou-2025-12-21,2025-12-21T21:25:00Z,1628,1880166.469203,1009418.3,2605538,2,
0x913b67f7c8b370247f1370cde82e3fd661a5449f2573ba271bce95d47c442784,nfl-pit-det-2025-12-21,2025-12-21T21:25:00Z,1537,1962787.739911,827122.28,3668936,2,
0x780408b161c548a5c66166ceda66e0d287ef60c2725c36acaeb0cb2bee1b3720,nfl-ne-bal-2025-12-21,2025-12-22T01:20:00Z,5329,5685309.892207,2882187.7,8711562,6,
0x31eafc75bdaa2f9f476774c9e87d05ca8f019a48c5e27b432e58b7271aba0270,cfb-washst-utahst-2025-12-22,2025-12-22T19:00:00Z,810,1476146.809312,763950.28,3188700,1,
0xfb54ac8652e65ab1312a33cf96a45204c56b879e20e9f24a09f0309eacf52950,nfl-sf-ind-2025-12-22,2025-12-23T01:15:00Z,2404,1898127.068845,1033595.2,3796994,3,
0x02e61f7e9053341e4df6e33118cfa145d116667e74989dec40df01c7394b3e8f,cfb-toledo-lou-2025-12-23,2025-12-23T19:00:00Z,834,837411.655244,380058.3,1300671,1,
0xa1b2eccd54a266227099d0e8effa9659eeb6b34faf6594aca9ec9a1ed9e2150f,cfb-wkent-soumis-2025-12-23,2025-12-23T22:30:00Z,1160,622151.52211,311054.42,1094366,2,
0x6d9e08485267bea7350b8f7b30bcd40a27fcfcbaa9b3654aab14dc67d2b8e0ef,cfb-unlv-ohio-2025-12-23,2025-12-24T02:00:00Z,221,163785.964442,101280.39,468655,1,
0xb46c7b524db0113c19a52cc55dae1a2bba8642c2dfca4ce56087f08abd8ac2bf,cfb-cah-hawaii-2025-12-24,2025-12-25T01:00:00Z,2310,2035047.101456,1034214.84,3143049,3,
0xb00dcbf2f2cee0af2aa925570566a05abec4870bc6eee7bd14ff7c25eb541459,nfl-det-min-2025-12-25,2025-12-25T16:30:00Z,1817,402086.572643,244614.06,4201638,2,
0xe40c7aeec6181070cdd9bef07355ff33fa21292998a18d8420a16f909920f7f3,nfl-dal-was-2025-12-25,2025-12-25T18:00:00Z,3167,2319452.799221,1264407.63,4344508,4,
0x946cb298dd24916efed1569a452d37722b79fdfc85e0dd860066f2056f977c33,nfl-den-kc-2025-12-25,2025-12-25T20:15:00Z,2089,1294742.161955,386716.89,5430345,3,
0xa088eec31efd7ee8c7726ed4099f7f18081b909aac17c048061fa4f3ec1e247d,cfb-cmich-nw-2025-12-26,2025-12-26T18:00:00Z,629,229434.646838,86395.13,561001,1,
0xa3a4c9ed251610a458c1c65a207688705e4d54f92a2568477cb978e92fa3243f,cfb-nmx-minnst-2025-12-26,2025-12-26T21:30:00Z,1030,1251958.995441,627465.69,2583823,2,
0x5e8b77936c0d0b5626d9894da08f3aaf17a63cf6cc41d4342c16c560146d800c,cfb-flint-utsa-2025-12-26,2025-12-27T01:00:00Z,4691,124972.79631,66849.22,748586,5,
0xdd433eb665a94d9e44eb6c7669ce222fbfe21a526cdddc299d2531824ea583d5,cfb-pitt-ecar-2025-12-27,2025-12-27T16:00:00Z,1186,416974.640815,200180.26,1125938,2,
0xee0a9008bc7cd8ca9cbb779dfedf1c7c3a818c0a8974edc9c667108d5942bbe3,cfb-pennst-clmsn-2025-12-27,2025-12-27T17:00:00Z,474,246593.376484,127179.51,997842,1,
0x1b787318f1b1e314c126db6f6634a55982d777ac2a3ee5fe9418171bfda09d0b,cfb-uconn-army-2025-12-27,2025-12-27T19:15:00Z,214,106375.640165,52907.64,538750,1,
0xae1bca95347afdb43c4f34f860b3e5b305abe6ae00451be7b9ccb946de297cb5,cfb-gtech-byu-2025-12-27,2025-12-27T20:30:00Z,829,147716.324725,74003.61,653648,1,
0xca476f0b362bfbf3b86d7a65be09d20b71f341dad57f95bc1bec4626f18a0dee,cfb-miaoh-frest-2025-12-27,2025-12-27T21:30:00Z,363,103722.455172,59748.9,239064,1,
0x6a84be0c820e4eafcfd2227894c239cb600a4e8a0073e77cf67903ae015cc71e,nfl-hou-lac-2025-12-27,2025-12-27T21:30:00Z,2570,2695229.383205,1320285.75,4637464,3,
0xdc492332092cfbf34abcd6b1ba105296b7dde36792ab9620409435027a40fb0f,cfb-ntx-sdst-2025-12-27,2025-12-27T22:45:00Z,531,618422.269678,255244.04,805154,1,
0x0b9db1c7b693e2a477880af02ffe984180775dd3807c04102c7cc175dd35b5e1,cfb-vir-missr-2025-12-27,2025-12-28T00:30:00Z,244,403682.916328,170839.37,589502,1,
0x6afffb701b4227dbd4c399523a0ea7b9169614ad168ba852dd832afc8caeee86,nfl-bal-gb-2025-12-27,2025-12-28T01:00:00Z,2590,1091767.438078,544462.92,3068822,3,
0xb028f44a46be5e396af42aef8a281179ca8157bd7d73af6fe5f8435188554d65,cfb-lsu-hou-2025-12-27,2025-12-28T02:15:00Z,780,293674.85816,147939.93,1256897,1,
0x2bbe918f885f7c4f36bdf7c2e12617c6b9412739411f2079d451cd3c76bfcc0f,nfl-ari-cin-2025-12-28,2025-12-28T18:00:00Z,916,560353.036966,241883.89,790268,1,
0x7ff4d6d22663bf8a2b1bcc8ff8755e5cbe02853401770a41d94cfa8933e7cd05,nfl-jax-ind-2025-12-28,2025-12-28T18:00:00Z,1699,1177724.48322,608943.68,2162124,2,
0xa604f00e480c14d84558fdd0cde53d074b7088ad3906f3293de47bac4e84ca03,nfl-ne-nyj-2025-12-28,2025-12-28T18:00:00Z,1204,734565.820801,474763.47,1223813,2,
0x91857a9b110571a0671bfe7eecd0fe2fad6f9a72f19a186ee194e8d79a7d0e2d,nfl-no-ten-2025-12-28,2025-12-28T18:00:00Z,1188,566681.752535,284362.45,1098272,2,
0xc8573c0ad6b68fad53be3155a6b7d9ec9feb73ead2e687d6608e21db31fac060,nfl-pit-cle-2025-12-28,2025-12-28T18:00:00Z,2570,1328396.931609,777670.16,2103508,3,
0x54b2ed0354ae7892a806190d68601310f5d0e72dc30a256619a30d298bbd04bc,nfl-sea-car-2025-12-28,2025-12-28T18:00:00Z,2255,1073321.882098,540117.86,2036482,3,
0xe6453a6b4d324dbf466b2b487a8cae605efe1bb306781d6e20137a06e1d05629,nfl-tb-mia-2025-12-28,2025-12-28T18:00:00Z,691,281541.237321,152130.25,628242,1,
0x8cb5903900be71bd747a87c038ba97f250900813035f19cbf71da366fac6c280,nfl-nyg-lv-2025-12-28,2025-12-28T21:05:00Z,1536,1169776.351199,523867.37,1812199,2,
0x1892e09a862f12c9b3488e14b3f4f87f3eb7fc92d2d8a6c4191337fb45c2d884,nfl-phi-buf-2025-12-28,2025-12-28T21:25:00Z,2624,1933973.944124,938492.36,4623888,3,
0x5543372edec0f4bd2a6d191a495b25dc69ed24f9c9d7018f73349e6683286ac9,nfl-chi-sf-2025-12-28,2025-12-29T01:20:00Z,2130,2355724.800469,1072226.97,5384268,3,
0x3fe771c902edd6bd1e2c05415c49903ec107a5b553c9d8208be6182ee4f3c045,cfb-gas-applst-2025-12-29,2025-12-29T19:00:00Z,639,157125.786743,83948.34,404671,1,
0x7261b06fc5515452b81b4831e158fd45730cfb56b650518af48a0393a99bbfae,nfl-la-atl-2025-12-29,2025-12-30T01:15:00Z,2329,1885408.42182,909377.94,4889343,3,
0x174d29a135ce164ab0721ca4ea0bad870caa202d12a0ae8358b398cf8bcb1e60,cfb-coast-loutch-2025-12-30,2025-12-30T19:00:00Z,593,123086.844859,57500.15,628251,1,
0xb2fb7b609d963c87ca1cecefc28b6815fef48f9ba5f54715c6c36be21352a42d,cfb-tenn-ill-2025-12-30,2025-12-30T22:30:00Z,951,510856.930449,253745.88,1264209,1,
0xeffb4b076374698234b50e8625eaac98c91d1540b83c7e889e99528ca71f03d6,cfb-usc-tcu-2025-12-30,2025-12-31T02:00:00Z,875,135312.013287,58172.42,1894395,1,
0xd80d22805ec22f65da9774cb2cfeb93f7ade41257532c63b0dae91d863579d3e,cfb-iowa-vand-2025-12-31,2025-12-31T17:00:00Z,685,529170.834012,248858.19,1536765,1,
0x332d4c3d646e2f4972192e63f8ff48501b170d47448143053f350cc59cbff0a5,cfb-arzst-duke-2025-12-31,2025-12-31T19:00:00Z,611,562173.643803,316543.94,1040123,1,
0xfcee59fe269cc903807e9f7c8634129e3fcbb5e247ba5248b4308ae888e46377,cfb-mich-tx-2025-12-31,2025-12-31T20:00:00Z,859,1537088.962533,601029.66,2521394,1,
0x6c443d4699d763c363902f525149dd03f4730c39cd15e59e11b56005dff2cc97,cfb-nebr-utah-2025-12-31,2025-12-31T20:30:00Z,256,126454.971517,31879.19,256834,1,
0xbd3a3e46de3aab7d3180e1981269041dac35dc338029568e3d503d9ed51bf446,cfb-mia-ohiost-2025-12-31,2026-01-01T00:30:00Z,945,1658853.845534,719011.75,3287216,1,
0x68730687766f5294a9840b6d3b7b57b8040d082dd69cffbcff899610decb8e17,cfb-ore-txtech-2026-01-01,2026-01-01T17:00:00Z,1521,3006200.817142,1515960.02,4896712,2,
0x404fd3f6a231ab1dc3e949c4c544b94d911e0597d3a4eef5b581ff9336601b34,cfb-ala-ind-2026-01-01,2026-01-01T21:00:00Z,1512,1574444.469336,739162.06,3171332,2,
0x269b70d13789a587fde5b6482688ae5bb18c8de7e357ec5903c32948454ea849,cfb-miss-ga-2026-01-01,2026-01-02T01:00:00Z,1027,1647508.089606,665331.17,3912414,2,
0x3c382a44091aa95f4611a73cd251d6edac0b3d98899a5aa4c5492749967c29f0,cfb-rice-txst-2026-01-02,2026-01-02T18:00:00Z,573,538440.495385,260931.11,962989,1,
0x719f5d496d9dde30d3a386da3a4ec565fb4f89228d50beb8775a3541f07b70e5,cfb-navy-cin-2026-01-02,2026-01-02T21:30:00Z,627,399035.944174,172300.47,1265702,1,
0x33dedb90825583bcd0630d4e75764a455e77ebad0f5a1cb1c90cfe4bf06d4024,cfb-arz-smu-2026-01-02,2026-01-03T01:00:00Z,876,1021795.510481,526390.49,1507470,1,
0x36bf36e1f4f51efa58b32c1a361357ac1eb675c8106e036029340e833cfb91d2,cfb-wake-mspst-2026-01-02,2026-01-03T01:00:00Z,585,574362.252019,300995.01,1382459,1,
0xa6535047a0fef371d1d1b44693508960eef82c53db3e311df0ad5c6b650d810f,nfl-car-tb-2026-01-04,2026-01-03T21:30:00Z,1794,2456812.397558,1327356.53,4166736,2,
0x386c70eb5b79e8d6b05bc371033387f0b9a5d93180429dfc6f13fc25dd526adb,nfl-sea-sf-2026-01-04,2026-01-04T01:00:00Z,6055,4737428.701436,2293865.58,7083057,7,
0xa85e6384d70d6c4554933012b3706dc6be564da7457e86d6257a6dbff55de47a,nfl-cle-cin-2026-01-04,2026-01-04T18:00:00Z,772,323755.898021,189324.31,961514,1,
0x1f2b0f9708a817126007ad267eaa626116a0187c4ae50ea99883e7d4ef7b7249,nfl-dal-nyg-2026-01-04,2026-01-04T18:00:00Z,1461,1239144.555835,654474.69,2036518,2,
0x26a2a6bda3dcda2750a7b022cb63350b23f1813c6da6ee1ef8f086539b5380b2,nfl-gb-min-2026-01-04,2026-01-04T18:00:00Z,1997,1545588.533987,559265.11,2183200,2,
0xd9882cb6645c3817dc4a7101661558d56e36d101433d8db8fac85730e01333e2,nfl-ind-hou-2026-01-04,2026-01-04T18:00:00Z,2011,332522.275203,201543.29,1602836,3,
0xee5a2f40b80ea982b65d885d29176075c665ce2764b059b5cdcb7f5022d99f78,nfl-no-atl-2026-01-04,2026-01-04T18:00:00Z,1007,528765.677109,300942.73,1043292,2,
0x74d786eb72f4de44cb39da160a401bcd1a7c390ae03963c1dc13565cc337b9f5,nfl-ten-jax-2026-01-04,2026-01-04T18:00:00Z,1596,735963.833021,470737.34,1198600,2,
0xdaa4c05704bd2a091d3f68da5de24f4525e766a862084d33599c4a7a9cabff9d,nfl-ari-la-2026-01-04,2026-01-04T21:25:00Z,1771,481149.414975,305682.53,755048,2,
0x4f1d9ad2092d7a2feb4f10509f3c5800298f071e9272e87c41a5a672d3b0ba82,nfl-det-chi-2026-01-04,2026-01-04T21:25:00Z,1442,865961.708069,433715.77,1519110,2,
0x7b718a0402aa0bb771e441d60402fef788a965c3a4b79d2de5fc053dc705cf45,nfl-kc-lv-2026-01-04,2026-01-04T21:25:00Z,799,746112.021717,337556.93,1325582,1,
0xa71983d3fd60496758d0da08c790b8720bf3eb4d5612b6f2df5d7f2ebb7a32f8,nfl-lac-den-2026-01-04,2026-01-04T21:25:00Z,2213,2119607.195173,1254137.25,2728316,3,
0x5a6e1c5925817f6cf7b5fe1d0eda853afe80a345cd5ab54319d8c73c591f829d,nfl-mia-ne-2026-01-04,2026-01-04T21:25:00Z,1135,566119.015761,318922.08,897448,2,
0x51ce2667ff49e6ccbba8a60880073fbfcbef8596995ad7c4143d264d0393fd2b,nfl-nyj-buf-2026-01-04,2026-01-04T21:25:00Z,1656,493243.846186,319131.92,823526,2,
0x2c29b992f98bcfdb687312da18fbcfb76eec05886c9cb037043f480269a9a129,nfl-was-phi-2026-01-04,2026-01-04T21:25:00Z,1828,1064795.603666,515785.65,2025688,2,
0x6fe48420bd2c25a2594d158487b08fbc12edd080ff8c3823566bc49fdc2e5b5c,nfl-bal-pit-2026-01-04,2026-01-05T01:20:00Z,3939,3572555.474963,1667042.59,6103668,4,
0x803ac6b12e576f42a2a6f531988a85bb0495f8d5f38eca633e091c4ee6e2f54a,cfb-mia-miss-2026-01-08,2026-01-09T00:30:00Z,1998,3301457.029243,1732331.16,4932954,2,
0x99cc3bbbe311e157297c096850255c688c60c3b30eeeb9d673c67cfc0b49ed24,cfb-ore-ind-2026-01-09,2026-01-10T00:30:00Z,3066,3270976.378263,1428712.8,4663153,4,
0x32102e4ab8969621cab85949c3c571b5008a4aa30d31022fa659d0ed287686a9,nfl-la-car-2026-01-10,2026-01-10T21:30:00Z,3172,3034947.085897,1572628.35,6224876,4,
0x889771fe1ffdfa067c4493ae89a11e1d2cb2699b0bb048e00ce8ba10d27dad84,nfl-gb-chi-2026-01-10,2026-01-11T01:00:00Z,4517,4533088.737565,2340685.54,9202019,5,
0x50d6d3fde46f4d141a22712e2a6f356edf8cdddff04242922e806a55ba97c2a8,nfl-buf-jax-2026-01-11,2026-01-11T18:00:00Z,5253,7140026.029339,3650259.99,10668681,6,
0xfc15a3210a81303405a1f9b21c73f27dc647364a7e08bace4778e652b813a4de,nfl-sf-phi-2026-01-11,2026-01-11T21:30:00Z,4803,2679259.052782,1280089.89,6540367,5,
0xbbfeecdfdc7feeba06e18f21d13b250d0307bc34606796a8d47442618a19f4be,nfl-lac-ne-2026-01-11,2026-01-12T01:00:00Z,2845,996839.208756,491136.41,4161656,3,
0xbfa2065aca0ad40d731bb8d249e14bbffd54a57fe5bbeb6b438f714bf7a564eb,nfl-hou-pit-2026-01-12,2026-01-13T01:15:00Z,5609,3146801.693079,1595636.2,6167901,6,
0x746f66fb1859ce9f795b0bbe0b4fede7666bfe4de95b2aa280296b25f763deee,nfl-buf-den-2026-01-17,2026-01-17T21:30:00Z,7366,6683413.421217,3339645.42,12391201,8,
0x0328fd8fc790c29ec43d59eebd58067431a901a92451c001b9b55f4377779da3,nfl-sf-sea-2026-01-17,2026-01-18T01:00:00Z,14859,5084047.736185,2069619.18,9511185,15,
0x4195016305dc0e1b849be8f3a39721c57c9a2c9717b9a050abfd10014de03078,nfl-hou-ne-2026-01-18,2026-01-18T20:00:00Z,10346,6363867.206728,2917744.22,10271203,11,
0xd08c51ab1dd3c9ea3ddaae80b06cc2aedf67f2609c52148a3465345bb1d6e49e,nfl-la-chi-2026-01-18,2026-01-18T23:30:00Z,10041,6512673.39563,3524114.53,12527242,11,
0x15d93d47ffd15f0283d73fe25fc61964035250382647c7fcd40cc92bad2cf8d5,cfb-mia-ind-2026-01-19,2026-01-20T00:30:00Z,5383,5637803.743659,3042901.68,8545588,6,
0x393557eaf4c3ec53cf4a341d12263914944220359b6f02b703109ce220257641,nfl-ne-den-2026-01-25,2026-01-25T20:00:00Z,7969,6169555.043616,3048926.99,12245929,8,
0x0074ba8b521e1cb18ef3befdfa5e586a3d9c3b0aefae2eb2d80f99b1e594f7a1,nfl-la-sea-2026-01-25,2026-01-25T23:30:00Z,5985,5490097.64868,2656660.13,13597731,6,
0x204d24f3a0f5dd5fca825292bdeab6a97af3978b2caa2b21bb37e610eddfff5d,nfl-sea-ne-2026-02-08,2026-02-08T23:30:00Z,37288,24973774.444197,11642902.96,36281748,38,
0xd0733676277270d804b2c93701d476d85d62e1d0444369e62e9e38687fc8864f,nfl-car-ari-2026-08-07,2026-08-07T00:00:00Z,256,77369.490534,40599.42,294563,1,
0xa7a6ac07563a4e9f54379001a717a5a86d3ce12f1cd6932b1ea29c1f4a79d24b,nfl-det-cin-2026-08-13,2026-08-13T23:00:00Z,181,19213.271631,7629.44,167850,1,
0x11f7a7f4b47f3f1af8518b3632451503b2f6fa2fb2540dc6b576589ae6726b72,nfl-gb-pit-2026-08-13,2026-08-13T23:00:00Z,195,24692.632709,12969.17,204393,1,
0x46f6c75e9f8c7e1fc82f23de712875820c12feda2e9e8033f67fa083f16237b6,nfl-ari-lv-2026-08-14,2026-08-14T00:00:00Z,228,107385.826221,58988.1,191640,1,
0x23564459d47cb1ba3293d2815e21836c01e97185b16932b38ff1694361f3f109,nfl-lac-hou-2026-08-14,2026-08-14T00:00:00Z,165,90322.381026,44370.32,147102,1,
0x59bc53c46bcc5b0e2726fb2c430d79ace93549881df1753362655f30edf184d9,nfl-ten-sf-2026-08-14,2026-08-14T01:00:00Z,175,172997.62439,84643.19,439651,1,
0xfa981819b8e94c472dd1afd1bce5a7329d37088b7bd14d731c8e5b40a923595f,nfl-den-atl-2026-08-14,2026-08-14T23:00:00Z,275,44216.975726,21835.89,99826,1,
0xc237f89d8e90d39f2706465db1778ea29b8fe02264df5e1d37c5aff4ae8ff5ba,nfl-mia-was-2026-08-14,2026-08-14T23:00:00Z,69,71724.387802,27393.93,128572,1,
0x3732724749dcdb9f1966f406a3e859f67833f5e4ae3ff37b73b52c68286301a9,nfl-tb-nyj-2026-08-14,2026-08-14T23:00:00Z,143,40757.417737,17837.32,285260,1,
0x40a6fcffaee663da4502aee6eb18210124fab8973916731d5f18aa4aa47dc453,nfl-car-buf-2026-08-15,2026-08-15T17:00:00Z,135,59154.242555,26432.28,128034,1,
0xf0699bfe01583f8ff081c9210b058be9e9c18e31e1c605f633e5503eb0fe7cb7,nfl-cle-chi-2026-08-15,2026-08-15T17:00:00Z,226,168038.266841,81228.85,532241,1,
0xac7ee13217e8e0c5db83311a95c2e1dd405a56a4fb5d19fdf8821a1931f5e55b,nfl-min-nyg-2026-08-15,2026-08-15T17:00:00Z,145,58820.75268,28879.6,236270,1,
0xec612df8afc54826a076791f804ca823f0f5d7b9f83875429b949f92b213baf0,nfl-jax-no-2026-08-15,2026-08-15T20:00:00Z,120,21534.060328,9982.11,178057,1,
0x27194867945586a2bc6c0f4206762c93dcb4db4cc43cefa783082d7ba1b13dd7,nfl-la-kc-2026-08-15,2026-08-15T20:00:00Z,59,18623.22522,8817.18,303870,1,
0xedf1408b852696f5d9c8b6d053532cc9bae26a3b3497bbb0479c1ea23355e31b,nfl-phi-bal-2026-08-15,2026-08-15T23:00:00Z,140,32787.219971,13240.43,113596,1,
0x63aebfdc48252f554e97210d9768b04c7930a18559364f60b1d8ad41349add67,nfl-dal-sea-2026-08-16,2026-08-16T00:00:00Z,138,53320.919527,25194.83,210843,1,
0x275041c00bde19ef86a3dc1036c204d1c9b8731d24228472966cd9006942fd4f,nfl-sea-dal-2026-08-16,2026-08-16T00:00:00Z,10,221.363118,125.96,221,1,
0xc016166a92698c0a45b9d7c7e97260cc9422b6ef806218e218134e45219c3728,nfl-lv-hou-2026-08-21,2026-08-21T00:00:00Z,550,148018.072293,77101.25,570245,1,
0x19709c1bd74678c16a74a7037dd395335c0deec8ccde02986d0b07d13dfb0add,nfl-sf-lac-2026-08-21,2026-08-21T02:00:00Z,879,285864.793395,145605.17,941065,1,
0xff0c4d0020c57e30cbeb782ec71046b7b4407814d2a8ae4a0fe01686e0475efb,nfl-nyj-pit-2026-08-21,2026-08-21T23:00:00Z,831,162578.211561,80964.78,470420,1,
0x9e7305a1f44489eef9e70149dfd664891c5a9b68f6bef49bd8a446cdeffded1d,nfl-car-jax-2026-08-21,2026-08-21T23:30:00Z,442,121661.066563,63003.53,204450,1,
0x648e60b83ef5700f1601d29dcaa1a1963e3884c26e54a842c01a9ffb510b174b,nfl-gb-den-2026-08-22,2026-08-22T01:00:00Z,207,16141.965577,9103.15,108879,1,
0xbf43c995769602717931615ca5c1934213432e89ddc7c2546b28b9c360228a40,nfl-was-det-2026-08-22,2026-08-22T16:00:00Z,247,97535.148559,48779.67,726097,1,
0x61ae4aca98fef666809e6455dba9ab82274bd983154604dded40178d2d4bed74,nfl-atl-ind-2026-08-22,2026-08-22T17:00:00Z,74,15444.100174,6169.16,30303,1,
0x1a4b520d1036ecbcfcb00fe3a53e89b8b0b2701efdaa97ce4db5cf7d4ef85188,nfl-bal-min-2026-08-22,2026-08-22T17:00:00Z,334,90677.097544,39149.3,251162,1,
0xb976e960280af803c08fc12778795bdebbe917d746ecc3a1b2c30d943a04db7c,nfl-buf-cle-2026-08-22,2026-08-22T17:00:00Z,272,85649.480244,40334.76,194031,1,
0x09e3976edc0e8ed4f1bfeb54069cab9e86c326ac314763fbcb9f30027b6f0842,nfl-no-la-2026-08-22,2026-08-22T20:00:00Z,265,44850.511807,23114.54,320047,1,
0x57d7dafb476afbfdb611fb322e89920ccf881ed5781dcefceb0f940b86577046,nfl-nyg-mia-2026-08-22,2026-08-22T20:00:00Z,97,41528.673571,20957.6,66214,1,
0xb9df2fa1de09a39e05cd1f40acc99fc369c260bbbc8de5ab1859268bad4bb3a0,nfl-chi-cin-2026-08-22,2026-08-22T23:00:00Z,211,77995.030129,39882.5,155763,1,
0x0721f8701f61a1b563634b4e0af8baaabd1ff8993dcd8edaaffc3e211dfad50a,nfl-phi-ne-2026-08-22,2026-08-22T23:00:00Z,135,74375.869707,38351.04,667180,1,
0x6ab2df9faee704e976f5a4fa473d7cfb7556375b5b368bc7f4d3adfe3d668c6c,nfl-kc-tb-2026-08-22,2026-08-22T23:30:00Z,290,37204.549012,15684.3,129015,1,
0xac3d2326e387c2306d63c323535f2a593dca0389c04d9f920e517c9accc5f081,nfl-dal-ari-2026-08-23,2026-08-23T02:00:00Z,260,47192.057177,24219.21,185323,1,
0x7c83e1f889ddaf02b9e41091d1902f20a5f1f93cac9e04ad8f8451a889278aa3,nfl-sea-ten-2026-08-24,2026-08-24T00:00:00Z,681,518401.932564,262062.34,1124686,1,
0x58256c6383f76a48477f5f4d9a07303edc5c34e17c7d3766253a728c1f42ffb3,cfb-maine-tows-2026-08-27,2026-08-27T22:00:00Z,34,3474.062992,1617.0,14944,1,
0xe0f73e78b19bd6ba971513327f0f3ae3839cd8d920b108301917d5928c5048b9,cfb-mhud34ce7-yngst-2026-08-27,2026-08-27T22:00:00Z,3,36.657565,15.54,5259,1,
0xf34fddb0643c4f8bcfe2fdc83ac9ece1dc9946689ba06a4f805a666ae30c9033,cfb-ohdu-more-2026-08-27,2026-08-27T22:00:00Z,1,1.190475,1.0,1520,1,
0x789148ad1d0b4eb72de71d7686e08633713dfdba0babcba7a4de2e6f91121f0b,cfb-stbr-delst-2026-08-27,2026-08-27T22:00:00Z,4,127.928011,50.8,3186,1,
0xfce9e19e7b86f3c0f7d53ee55a7ef77de78302f01695e1b298fbcd35b02505fb,cfb-ausc-furman-2026-08-27,2026-08-27T23:00:00Z,0,0,0,430,1,
0x1937a2d084a1f51bcbce57a3b26181ed5785011c78de5b73fe5de40bb81a3e8b,cfb-chat-uwg-2026-08-27,2026-08-27T23:00:00Z,5,339.393441,199.86,4275,1,4274.710849
0xfc31ba621bcdd7aea6be1b8807c81bd3d663ce06473d3fe177c31c743dae62d6,cfb-chsou-jac-2026-08-27,2026-08-27T23:00:00Z,10,288.31844,103.12,3011,1,
0xbb9a38660f520c5f50f738e19c39f06be22923c8e7c9c528c37d1c3b4c2a060d,cfb-cuwv-dav-2026-08-27,2026-08-27T23:00:00Z,0,0,0,94,1,
0xfa38c8c0e7404aec156c197e3573867877cdc0028de8afc51a031a875ea502a4,cfb-eill-murst-2026-08-27,2026-08-27T23:00:00Z,7,2051.056442,1302.3,4103,1,
0xd50fd48352236429c41d8ab85b979f0cb6a949763e2cd5cdbebf3e38bb89114c,cfb-gardwb-ausp-2026-08-27,2026-08-27T23:00:00Z,5,591.221681,477.96,1342,1,
0x7ad89ec701327b96d99323c9c44df60caa723c51914713f638da0e6ee04ea947,cfb-gsc-elon-2026-08-27,2026-08-27T23:00:00Z,1,364.32,349.56,1078,1,
0xbbee10408705c6ff81ffa87ab47689487d3405b051cea355289d2992612681b4,cfb-houbap-selou-2026-08-27,2026-08-27T23:00:00Z,19,1385.501334,148.66,10407,1,
0x5b4521f4a1c6db102f7da2b61ea01cc6c9b2320f3675c62ef7b9f9498acd97e7,cfb-msvlst-nichls-2026-08-27,2026-08-27T23:00:00Z,6,37.52,27.72,908,1,
0xad98e103ad937e1e42f9844b612cca38834d0f27b8463de66bb3a9670a4b1624,cfb-nwia-will-2026-08-27,2026-08-27T23:00:00Z,0,0,0,355,1,
0x810193bbf727270c73ca608e0b88c798adcde72bf48cdafb020a4d560a374d9b,cfb-sill-uwfl-2026-08-27,2026-08-27T23:00:00Z,4,35.616877,7.85,3898,1,
0x16135065fbfddf31cb77a33f55efa5d5a7f50e4182f077559543e165b0911797,cfb-uvaw-presb-2026-08-27,2026-08-27T23:00:00Z,2,25.65625,24.52,485,1,
0xae8e260cbdac4020f57fee150b938275e5252475a04a59bc68309383153f393b,cfb-wsuf2ef8b-stmn-2026-08-27,2026-08-27T23:00:00Z,1,49.14736,46.69,662,1,
0xa87886110df3cfa99b3ced07da5424a5115e4100461e70580e0d4721ab4bf21e,nfl-pit-buf-2026-08-27,2026-08-27T23:00:00Z,521,102544.983904,50836.1,273523,1,
0xe7ded3a548df1ff231804ce33df9df6fe38fa679c4c76b4fda347db63d914f66,cfb-cark-tmrt-2026-08-27,2026-08-27T23:30:00Z,0,0,0,2059,1,
0x244d6de821ca01bc821cbf1a8b52ae63536aa3ce8273c454ddd94fcad89f795c,cfb-sdsmt-drake-2026-08-27,2026-08-27T23:30:00Z,0,0,0,946,1,
0xb518b01f51fb5bc26e3bf632860e8ec950f7c3b74f5483012d9230ade2d5c04f,cfb-lcdbfc25-nwst-2026-08-27,2026-08-28T00:00:00Z,1,10.0,9.2,188,1,
0x4f7f6d362d24de5ab99c444a4246983d2b3443234f8a254ccc8e553c9e9289bb,cfb-liub-ndak-2026-08-27,2026-08-28T00:00:00Z,2,52.0,50.53,357,1,
0x0bfee8a6270c5c25495312b2aede11f3bcb5657647c562739ca097ae20132c54,nfl-ne-cle-2026-08-28,2026-08-28T00:00:00Z,76,10851.53151,5935.14,77345,1,
0xc2c2b58b5c2f091aa57cb802990c0fea28c137a16c2eea768c03148f4e5edc76,nfl-sf-lv-2026-08-28,2026-08-28T00:00:00Z,272,115771.269189,65563.59,2243393,1,
0x1a7a1c64e0252b17f609aa98cbb29be849e3e49cdd58092fe9b07194356451ea,nfl-la-lac-2026-08-28,2026-08-28T02:00:00Z,572,78631.282905,32611.59,1077983,1,
0x1e2a5cc3461827ff8edee933aab230dcfe4c0c886cb48d158b8bb9056b02a6a6,cfb-colg-fordm-2026-08-28,2026-08-28T22:00:00Z,5,109.933194,55.42,2547,1,
0x67aa457052e19625c0a1a372d4135681b0496931ad1f23bd7ca65eab54cd9a22,cfb-mrst-nhc-2026-08-28,2026-08-28T22:00:00Z,14,271.68555,136.32,8231,1,
0xa75441ebd5dfcdfde3a9e5ab98c85f4d083d1950de3f1cc814b31ba4ab352bbb,cfb-ri-merri-2026-08-28,2026-08-28T22:00:00Z,14,1046.263553,339.71,3861,1,
0x792efc5daac9b395959a1cb23bf741bbc85b7a4fa706fb3bd339dad517464bfa,cfb-wm-vill-2026-08-28,2026-08-28T22:00:00Z,12,780.18851,466.67,5267,1,
0xc8fb0816df52cc0dd7918874a919459a75c0e321d1c169d8cc47462e55b37c08,nfl-was-bal-2026-08-28,2026-08-28T22:00:00Z,274,180280.429487,96254.09,268609,1,
0x33f43e00d2fc7e2ba3fc08ce9f233507a19f6ac6b2752a4937985048e6e71bb8,cfb-nhamp-albny-2026-08-28,2026-08-28T23:00:00Z,9,249.589478,146.83,2648,1,
0x03332a73f83bbe3df7a22c467227043bc12fbdc3c24eeb7f8b84b55f39c2dfa3,nfl-atl-mia-2026-08-28,2026-08-28T23:00:00Z,218,46483.136178,27323.58,109439,1,
0x15186857a3f0a6147cc47568e6ae353c2d424111241433cb61e1756029bef617,nfl-hou-car-2026-08-28,2026-08-28T23:00:00Z,120,17618.055023,8679.63,195263,1,
0xe8ade7eb152483d3b4dd93be6b840e5abb34a95910a46c85b540480b798eef84,nfl-nyg-nyj-2026-08-28,2026-08-28T23:30:00Z,49,22353.830748,9874.85,152145,1,
0xbfb02fdf68291aa308e9a74c111022712a5dacffc6cf8e6a71eb5f2d5166b1e0,nfl-tb-jax-2026-08-28,2026-08-28T23:30:00Z,96,13735.030026,7672.36,99781,1,
0xb12bfb4775a93606b9c6898e10c0cddc29f95341f98638ffbe97daedd4968f63,nfl-ari-gb-2026-08-29,2026-08-29T00:00:00Z,93,44315.66954,22001.84,258106,1,
0x97dd6a3fe08f307653c7212990282baf4c0bff301f8651e223c3ab72895b095e,nfl-cin-phi-2026-08-29,2026-08-29T00:00:00Z,97,19985.109523,10578.87,97959,1,
0x39026367bd984abc985995b590665c4d6ba4f7e2f5af1b5ba094b0798bedd0c2,nfl-no-dal-2026-08-29,2026-08-29T00:00:00Z,244,116940.923348,60303.49,393266,1,
0x7b98833f2af6f13053026ae9edbcd89ce3dcb8f85dd24fb587b8056e8d637300,cfb-webst-ncol-2026-08-28,2026-08-29T01:00:00Z,8,157.917559,77.25,4047,1,
0x64473c1b05bbb70d08e16dca0ed9a805e22de9579b4e07927637bc5b320afb1f,nfl-min-den-2026-08-29,2026-08-29T01:00:00Z,128,18586.714041,11188.54,38256,1,
0x1c011b6c49a65da45de1e81c2eab13ef3543351e19b507db339a577b16267264,cfb-idaho-calpol-2026-08-28,2026-08-29T02:00:00Z,10,538.754052,311.28,25922,1,
0x3f1fbb6e9ad564f9536bcb87d54c8be2fb14f9250950a423637ca1616cd97883,cfb-fairs-day-2026-08-29,2026-08-29T16:00:00Z,0,0,0,417,1,
0xa560f49e1916d628364008ee3d4969fec3527dc86b79183b1dbe1e34dbda23d9,cfb-ncar-tcu-2026-08-29,2026-08-29T16:00:00Z,97,39183.140581,14441.05,502686,1,
0x49832260717bb76cbc9f931de8518e2529a51756df18ccf38cf8b5d2619ff444,cfb-robms-wag-2026-08-29,2026-08-29T16:00:00Z,11,263.153359,100.26,24224,1,
0x300d072fffe1cd71cb111563697cab910dc82065547b7a1eafdada48a391db0b,cfb-gcba4009-but-2026-08-29,2026-08-29T17:00:00Z,5,88.0,17.65,1100,1,
0x54b25daf6d485412067bbc6961dc9173e6ef6cc15bb54cb0d9a8a97f106162e2,cfb-roos-chs-2026-08-29,2026-08-29T17:00:00Z,0,0,0,942,1,
0xe4b46d681cddef8680477c4ce373b4348d6b38aefbedfccd0c427d03c817d176,nfl-det-ind-2026-08-29,2026-08-29T17:00:00Z,486,69246.135702,30029.65,335122,1,
0x48def4c9536126e362accc03220a43050540581cba3a0691c32b579aa6fa1f5d,cfb-cencon-sdak-2026-08-29,2026-08-29T18:00:00Z,13,499.186762,274.74,1384,1,
0x8a70cce2146603914bb4b6216e6f62e9b5b1d4585916d996e78e7241abeed5ae,cfb-lawt-valp-2026-08-29,2026-08-29T18:00:00Z,8,432.061424,30.65,1154,1,
0x1d8cb82afa530a577e4d00508baeefc8e228c201b4de5910eedb05d3a6f9ffdc,cfb-sjst-usc-2026-08-29,2026-08-29T19:00:00Z,32,12756.748613,9829.22,17446,1,
0x6e4b55143095a34d5e798af410fe80db1c04326ddb532ab43510ee5a39d7ab4e,cfb-south-alast-2026-08-29,2026-08-29T19:00:00Z,9,98.6333,68.77,7442,1,
0x57b57be43cbf63fc66c5c202d8d7bcc42c1c4a32ddc7c2f6291bb4a4b29c3d17,cfb-ucdv-portst-2026-08-29,2026-08-29T19:00:00Z,11,1331.52706,1145.92,20049,1,
0x06d8b4f8a0410eb11dc53fa7e44f6850b82d6eb37ec787291e7019ecda6bd038,cfb-lehi-holy-2026-08-29,2026-08-29T19:30:00Z,3,21.176466,3.8,2620,1,
0x3dfdff95840af493565cc3301a4cc624fa6e77468758352c917c8837cded4357,cfb-ncst-vir-2026-08-29,2026-08-29T19:30:00Z,79,37590.980412,20722.56,216887,1,
0x484e2c0378eb7981a76d3f1706b46d2753afd953cddb243e2f52ce97d6dd2b7e,cfb-ewash-narz-2026-08-29,2026-08-29T21:00:00Z,10,195.143347,118.84,2511,1,
0xeb2a52611167f8300de0f7796927d012a1e2615d9f2e01c475f78c5571307e5f,cfb-camp-etnst-2026-08-29,2026-08-29T21:30:00Z,17,513.700597,241.45,6163,1,
0x78d124d8107ee388a951364e9844e9456f8f090ec7208044670e069e5e85ec4c,cfb-jaxst-ndkst-2026-08-29,2026-08-29T21:30:00Z,75,20863.969506,7207.67,110569,1,110569.31341
0x5362338de35192b86b9392ce6eddc66c80ef527c498e94e4a12732355b06d4e6,cfb-bryant-stnh-2026-08-29,2026-08-29T22:00:00Z,4,111.5873,43.26,8032,1,
0xd1d7bfc454cb6281c5383aff6d053e6ddb1e71a8f6f8d402ca689e667366a467,cfb-buck-rich-2026-08-29,2026-08-29T22:00:00Z,6,215.647057,54.5,840,1,
0x2e3adf71ffcc196e80f70eaf61187ab8b5296382ad7b0117cc062db97106e187,cfb-cita-woff-2026-08-29,2026-08-29T22:00:00Z,2,535.0,137.55,1228,1,
0x1ba19015ba49e96cff5a3ab37b068c890ae88abad959e25c816e7b537fcbf8e3,cfb-morgst-ncat-2026-08-29,2026-08-29T22:00:00Z,7,326.00846,114.92,1248,1,
0xf6425ba3d033dc9c8f9be32a35a5fd692e1c3076c8e29f855609eee8e17da9e6,cfb-savst-scarst-2026-08-29,2026-08-29T22:00:00Z,14,443.196801,248.72,1853,1,
0x6aeee661a762644b0bc5f680a07f7ad52c0179e36198f4cc001de9bcede9ab98,cfb-semst-indst-2026-08-29,2026-08-29T22:00:00Z,12,587.0,319.59,3163,1,
0x44a725af330242180a68974b7cd7442c520b3adeb6b85dc5bcf7161f9d9cae01,cfb-vamil-idhst-2026-08-29,2026-08-29T22:00:00Z,14,413.104401,190.6,2767,1,
0xdd1b568fb8bf150afc608fc4d1e4c9f1662ab32e9860b613457a6ffb57dbc346,cfb-vlb-hamp-2026-08-29,2026-08-29T22:00:00Z,10,256.465586,199.34,661,1,
0xf0e5f1f0d8a19ab0267ceb85a2e4a03e212f4c206fb79b9982ec81631f2f91cf,cfb-wssu-norfst-2026-08-29,2026-08-29T22:00:00Z,0,0,0,316,1,
0xa24b55990354cbcd185050d5f8c2086c84632315fff70e09f4351a1b1771b6fd,nfl-chi-ten-2026-08-29,2026-08-29T22:00:00Z,280,79259.635869,37716.64,132299,1,
0x7cf4c47aabdf3dadf9d9ce1ca3177616bc3e1c09429832e41c2eada908ec4a39,cfb-sacst-emich-2026-08-29,2026-08-29T22:30:00Z,22,1736.924969,614.15,238211,1,
0x1a1e4ed4e22979b93739e05a3f45b3ebde3169955a51d69d4e9d6f13c8a21042,cfb-abchr-lamar-2026-08-29,2026-08-29T23:00:00Z,5,234.125,76.24,1062,1,
0xfed29421e14bc33c765712abe571d02d25d4b8d8a32a21d200bebdc7b073a794,cfb-alsu-flam-2026-08-29,2026-08-29T23:00:00Z,0,0,0,412,1,
0x8827eb316260225495158449f9300db259d0e5f3afa063d5d79d0a1df99776ab,cfb-cau-grmbst-2026-08-29,2026-08-29T23:00:00Z,1,52.302075,50.21,464,1,
0x29b513b2f8c60c0ea887348ba7e73e484ffa31c9cf2347b94011df54626c0d23,cfb-ekent-wcar-2026-08-29,2026-08-29T23:00:00Z,5,202.0,120.88,1091,1,
0xc5938dc2da17f93c25159c8e1a45499f4ec64d26e98e981acf384b37e598c53e,cfb-hawaii-stan-2026-08-29,2026-08-29T23:00:00Z,54,32685.670844,18868.45,206205,1,
0x54063f477cd834697dd8035709c589ef77bb4582369561a021904eab6c835800,cfb-mc-arpb-2026-08-29,2026-08-29T23:00:00Z,2,15.298506,10.1,456,1,
0x5240d63dd2b2c5e9988630d51ddb32da3f0890374d5abdab2f326a443c31e1d4,cfb-miles-alcst-2026-08-29,2026-08-29T23:00:00Z,0,0,0,1424,1,
0xadd220d9db553155abae78ea93bc7b3b111edc9ab909a0b4daa125c141fefb9e,cfb-monm-tentch-2026-08-29,2026-08-29T23:00:00Z,3,76.369862,21.35,900,1,
0x9d7608c26db1c8c0eaab0702c9dfd07962128a0c9cbc2cb73db0c24dfee9153b,cfb-ncc-txs-2026-08-29,2026-08-29T23:00:00Z,6,114.584997,24.98,3870,1,
0x284a560ef43e39a7af9a8b8cd5016d8dd6ad7c3248c6febccd654428bc645882,cfb-nmxst-flst-2026-08-29,2026-08-29T23:00:00Z,353,71621.543041,6731.7,111549,1,
0xc87221eeb843e43224d7e7193739f72aabbb8dcd54fbef2496ae76291b6e0554,cfb-opsu-incar-2026-08-29,2026-08-29T23:00:00Z,11,445.524,432.3,776,1,
0x91a8d505b4a5004f786ed78f1c1d8aca2c77524d3565b208ecac9c0d4bd32d01,cfb-samf-nal-2026-08-29,2026-08-29T23:00:00Z,6,299.701279,81.46,742,1,
0xfd8e4eeb0c2f588017ac4be6761eeb76788f210c4021802f0a354a13d3cc39f0,cfb-sfaus-mcnst-2026-08-29,2026-08-29T23:00:00Z,6,207.729435,40.31,2088,1,
0xce0ff41edb034be49514405ad5647a8fe178b775bae0e33ed511dcf61e5dfe10,cfb-sfil-illst-2026-08-29,2026-08-29T23:00:00Z,10,441.464899,434.09,846,1,846.464899
0xbf2cb2a500b1be93c6c8fa5bb3aab64202ff4208732bcd276ffb12af07988159,cfb-stet-sdkst-2026-08-29,2026-08-29T23:00:00Z,15,21822.71222,16456.09,22228,1,
0xf992e6a4264617b57c3017bc1b1ea6c99981407cc2333333c0557984b651bf41,cfb-txamc-merc-2026-08-29,2026-08-29T23:00:00Z,13,298.81614,267.24,1081,1,
0xa90e3b5b3424babbb4d7c5292eb5dfe2387a18eb886d85ca2693b3f5cf2b7730,cfb-alaam-howrd-2026-08-29,2026-08-29T23:30:00Z,3,215.785713,120.44,4824,1,
0x8d8abba239ebc298b68a2c8eb822da56f4b05489c64f0ca4ad2aedb934175850,cfb-utpb-utrgv-2026-08-29,2026-08-30T00:00:00Z,2,95.929522,19.2,576,1,
0xfb78af6bf4324e4d509ebd84f3682a4dcb1cc775463417ef63faf4f6b3ab83a7,cfb-jackst-tenst-2026-08-29,2026-08-30T00:30:00Z,21,636.453256,260.29,3278,1,
0x7be65ddc93496dc47531dee8f5ded9b6bd2dd2b5a157fbdfad0e462cd817086b,cfb-pvam-tarl-2026-08-29,2026-08-30T01:00:00Z,15,758.970165,533.05,3590,1,
0xc325db38d11ffb7bbaf30fc169af17c19db5ed3c79fe4964497d75cd55ea92a3,cfb-sutah-mont-2026-08-29,2026-08-30T01:00:00Z,25,1034.825393,784.97,5654,1,
0xfe5bf072dc8ecfb9a7370b9d3a0397d2cbd27f4d7c2a40099fa7f1919707ebb3,cfb-monst-dxst-2026-08-29,2026-08-30T02:00:00Z,42,4150.365286,1233.13,5687,1,
0x648372009a7dd9f7507ebe098d8c4e940234da0db606d3a351eb9abd4fd4e386,cfb-mphs-unlv-2026-08-30,2026-08-30T02:00:00Z,62,29134.800837,16413.39,436795,1,
0x2594e2e10c128e4a1ec9b9228a08add90802179cfbc073cbf84723b92b30f46b,cfb-kcu-more-2026-09-03,2026-09-03T22:00:00Z,81,1392.791236,801.15,1603,1,
0x07092beb773851490b17af757e8ff22aa324b6b83d65e77ca0b41ace47e2b4fc,cfb-umass-rutger-2026-09-03,2026-09-03T22:00:00Z,43,27454.068771,10068.35,120477,1,
0x793d4b5332c10108ff6222fb7ed5a94e6180cfcb792b38f2e3ed366418f00bbd,cfb-akron-wake-2026-09-03,2026-09-03T23:00:00Z,46,29416.265664,17402.9,36508,1,
0xf6e7fb50006d4790e111a0d55987334ff4d670f81c29d4a3dfdcb6b680169a1b,cfb-albny-buf-2026-09-03,2026-09-03T23:00:00Z,22,1487.812627,733.26,27927,1,
0x0b85ed078846626f6a1b2e2f5f0fa38324aa1721fea279904ff9f3db511a3c04,cfb-bcook-ucf-2026-09-03,2026-09-03T23:00:00Z,22,6673.42951,147.12,7407,1,
0xd60daabb51b67b5c64ffaa3fe6c6af353f667a8747e90f0a7420e0cbdb37e5b8,cfb-jac-stbr-2026-09-03,2026-09-03T23:00:00Z,8,150.478013,78.74,6263,1,
0xfcf27dc794ee6b7e5da9227220cfd773bc913e1b882fb845e8abb6e3c04b9e4b,cfb-merri-del-2026-09-03,2026-09-03T23:00:00Z,21,766.745085,148.26,2536,1,
0xafa6358e7b2a9c9625f610daa98d30388334084bd64f7d0637e3ddd536d33b6e,cfb-sill-samf-2026-09-03,2026-09-03T23:00:00Z,55,3151.55846,547.8,4692,1,
0x694f4d90281df503fe848ba192bac3c8eff9e0da0bb7aad0e9467f8b9785024b,cfb-uwg-kenest-2026-09-03,2026-09-03T23:00:00Z,46,4089.372426,2244.62,4906,1,
0xb2bfad1e151ba25cc136fe6a9e49f867a11a0c8551179477ed97f8352ab6b5b7,cfb-arpb-missr-2026-09-03,2026-09-04T00:00:00Z,28,28640.625055,182.85,28696,1,
0xb841e986cd07605588527c5410edfffa9b6fec3f420798607054ac1a075e3e4d,cfb-col-gtech-2026-09-03,2026-09-04T00:00:00Z,275,114767.554662,53650.05,534299,1,
0x5a0070ce6a12d3ba69aec69cf10da69ba18c4e17b3b274fb1955bbb6d7f7b371,cfb-eill-minnst-2026-09-03,2026-09-04T00:00:00Z,16,3982.727916,414.04,4734,1,
0x0a2913f89ced6d535ff73a47ae22833ffd2c0c66bd44748a3b126a24648c8f1f,cfb-idaho-utah-2026-09-03,2026-09-04T01:00:00Z,13,6707.774257,762.49,9596,1,
0xaf75e95cb4c9adfa90fe7818d8a6b7edf96a549ce87df55f595522618cf3d19c,cfb-uab-ill-2026-09-03,2026-09-04T01:00:00Z,51,39664.088253,30170.82,47425,1,
0x41c12c0285f45cdac97324739f29ba5f8918b9b73fe853a0d1d9efd6f991eec1,cfb-sjst-emich-2026-09-04,2026-09-04T22:30:00Z,245,511149.357506,257522.15,1206181,1,
0x2c26b7e5cfff2ab6db5a2fa52ee4f84d3d179d109dc984ec42fa0982f76e36a5,cfb-fpu-mrst-2026-09-04,2026-09-04T23:00:00Z,11,139.276784,50.47,241,1,
0x6c364ce4d6120c492421ec39b4a9c4308bbe274bf48084f0932005b6fba698c3,cfb-indst-pur-2026-09-04,2026-09-04T23:00:00Z,81,17902.211523,6037.28,60821,1,
0xb75e4c44478716f54a1709ad7312bc94838439782072f4a27620b8bdb1c08430,cfb-ncat-gast-2026-09-04,2026-09-04T23:00:00Z,213,41684.091414,13988.94,42437,1,
0xc4a141908579c3e6ac27e1c6ff7bcdba55ac0c0bcc6d5fb6623c6ae32ba20b48,cfb-liub-kan-2026-09-04,2026-09-05T00:00:00Z,74,32168.29182,383.55,32324,1,
0x3c0c0fa752368746b6d751bcd692084d3bab92e721647f0090705856fd5f3b0b,cfb-toledo-mst-2026-09-04,2026-09-05T00:00:00Z,146,136868.205793,91736.52,474219,1,
0x46a67ce12aefa7ccad89c2d7ce8aad88c2770f388a3b11482318b9d73988ee2b,cfb-utep-okl-2026-09-04,2026-09-05T00:00:00Z,114,64672.764177,1317.15,66372,1,
0x92bb5b9f46751bba79f98e08537692ca916eaa3075e8a6090d4b8d9ed970609c,cfb-frest-usc-2026-09-04,2026-09-05T01:00:00Z,60,74062.392391,56101.66,80162,1,
0xe450d927136867720209e02b4d6ea3ea470eeacc8ab75bf59d352eaab7d47cdf,cfb-mia-stan-2026-09-04,2026-09-05T01:00:00Z,55,33065.168791,25140.15,49971,1,
0x3f15a618bcb29346f608c878b94005e1c965a4111bc84223e6a43b77475df030,cfb-webc8a2e4-stet-2026-09-05,2026-09-05T15:00:00Z,16,185.086786,93.19,6199,1,
0xf84205553f8daf9c17070465d1359375ea00a0cf7b439f7acfcc7a8ecee43772,cfb-bryant-army-2026-09-05,2026-09-05T16:00:00Z,32,2090.551674,668.19,2496,1,
0x3b3d6ae6b3611b8cae912d876bc2b4f640d944e0710cf082180ef4de838703ad,cfb-coast-wvir-2026-09-05,2026-09-05T16:00:00Z,38,17925.079057,16031.29,18830,1,
0x95d416323203af51993c1944d832a5aa012bca67683efc838df2744e61025d2f,cfb-ecar-ala-2026-09-05,2026-09-05T16:00:00Z,66,164137.480535,25952.18,267907,1,
0x690008ab896bad3163ce3d028a2241c196848ae1186281572e18742632ba42d2,cfb-lafay-uconn-2026-09-05,2026-09-05T16:00:00Z,13,531.632988,175.25,1987,1,
0x54054accf9c51a0afee972fe3f6218ed650c5e1e2fc1c57ebc15fe3a79a2a9ec,cfb-librty-jmad-2026-09-05,2026-09-05T16:00:00Z,61,11990.808406,5134.9,140962,1,
0x36c13a40adc7d6f31ada14b224533be0fa73826aa0be9ba27723688d24fb974e,cfb-nhamp-syra-2026-09-05,2026-09-05T16:00:00Z,27,1657.006749,435.24,1953,1,
0xfb8f878a6081b48e22c8a23255dccf1c0a1b40adda7b3ac129aae833f59f3aa9,cfb-ntx-ind-2026-09-05,2026-09-05T16:00:00Z,51,13647.066389,614.11,116578,1,116578.438925
0x77dfd142d449298d9969541da0ae69bca326e1c2008c9fb216a5ce83ca6baf39,cfb-ohio-nebr-2026-09-05,2026-09-05T16:00:00Z,24,5485.326927,1580.9,32319,1,
0xf3ae0d8233f41d83ff292dbf87e6a38b8fdd36f314143ba215c66b7852e5fb12,cfb-oregst-hou-2026-09-05,2026-09-05T16:00:00Z,30,33791.460844,28773.26,54266,1,
0x55d7373fd84aa8b57cb670155dc17f56c279dd119e79bc19f2e8b8b85985a75d,cfb-scsu-wag-2026-09-05,2026-09-05T16:00:00Z,1,3.0,1.35,36,1,
0xf24611f3b3d886eaaef9811205707556f1db5704312666f16e4650266ef9a000,cfb-stnh-nhc-2026-09-05,2026-09-05T16:00:00Z,7,217.919434,116.51,1829,1,
0xdee93da44281738d72e4ce95db8df9db7bbde67ae3001c785fb78bdfdd88a6b2,cfb-tarl-bowlgr-2026-09-05,2026-09-05T16:00:00Z,34,5142.207016,2426.1,16204,1,
0xffeab06acf4a99bf720e7242be83e066f420429300e490ee546ccc571e38a223,cfb-ballst-ohiost-2026-09-05,2026-09-05T16:30:00Z,38,92732.658925,1502.69,97529,1,
0x4c75a3be2d235cef0b3b0d13c40e56864938747dd437f43db9c9fd7d56d99488,cfb-lehi-gtwn-2026-09-05,2026-09-05T16:30:00Z,16,1275.355159,839.0,2176,1,
0x08b6e0ecd9abf751f17ca3e750e2698b8fa2d005ee0bc910ab7bc8d4e90f8a58,cfb-miaoh-pitt-2026-09-05,2026-09-05T16:30:00Z,9,206.135184,63.94,8546,1,
0x23b643be125ed610f75185127cf551a61b66e1ec99fbb645fcdbf83cadbd3ef6,cfb-kentst-sc-2026-09-05,2026-09-05T16:45:00Z,14,1087.548681,217.34,1132,1,
0xf8050fbf032839f8e4fa025a791b329cdfabc6b8c0faa8f9194198866fd36bf7,cfb-duq-airf-2026-09-05,2026-09-05T17:00:00Z,16,736.311884,105.49,827,1,
0xa236dc72ce0fe9815e839ebbed73533c01e5c54ff2baf3e9187b0bea57043829,cfb-holy-colg-2026-09-05,2026-09-05T17:00:00Z,18,1186.537651,495.35,2243,1,
0xf54c2c13d095d5be9a94b0de62348872a0a54d0a8750d660e8fdb476806e3301,cfb-semst-iowast-2026-09-05,2026-09-05T17:00:00Z,57,4710.644567,2854.91,4967,1,
0xf2d6ccf1993aa855643a1aad8180c38e479b9a7c0e799fb2b44d5a6dbf561734,cfb-yngst-uk-2026-09-05,2026-09-05T17:00:00Z,14,2435.017774,2215.14,2912,1,
0xe7587bc78bb70ce3939e9774b280feb4e22f8aa6ef8f68386345fc002ff77bf8,cfb-gardwb-woff-2026-09-05,2026-09-05T17:30:00Z,9,71.616721,49.14,457,1,
0xf953005c7f45ea41134ea3d44e6187469672d17c41501010a961a670827fca39,cfb-ri-templ-2026-09-05,2026-09-05T18:00:00Z,25,47617.150461,28051.92,49679,1,
0x2d37b03f6e5d804ea0754a29f089e8c843375616f0c9e9d3b9302f9e18f67d0d,cfb-sacred-monm-2026-09-05,2026-09-05T18:00:00Z,40,12557.577921,9801.84,15969,1,
0x8fd63e280732583090e248d78833ee151e1e1343ab07e481cb89829974c3ba1f,cfb-drake-mont-2026-09-05,2026-09-05T19:00:00Z,22,3764.456249,410.53,4827,1,
0xc421b5eecf1136a69995e4e27e48444aaa3ccc6bf8134eeb9922118593c273b9,cfb-tenst-ga-2026-09-05,2026-09-05T19:00:00Z,61,14330.795852,282.63,22480,1,22479.525852
0xd46d00efd8c768ca800367653f34538a00864c8193dfb5be4c3e162c8ed7ff16,cfb-bayl-aubrn-2026-09-05,2026-09-05T19:30:00Z,68,34484.00625,15971.7,453132,1,
0x61f6a4fe40ecd58ff3dcf96ff4ef362ea69d2e7c0ba1a059aa8c6c0f95fc6189,cfb-boise-ore-2026-09-05,2026-09-05T19:30:00Z,38,38690.312069,35780.59,380735,1,
0xc9ee827b2664d9c0027c65302ca13080914fcf59af1df1b4577262f9f1822eb3,cfb-boscol-cin-2026-09-05,2026-09-05T19:30:00Z,29,15110.155521,4373.11,30159,1,
0x586196b76131938c1b3ba22921e9bd9ea0232f89cfb52e2ac96dfce1c1b27824,cfb-cita-charlt-2026-09-05,2026-09-05T19:30:00Z,16,10292.33087,7491.39,55071,1,
0x4772952176f1159688ca0e6d72f432325b52a8b328d252f3791ed73e5e128fc5,cfb-fordm-ndkst-2026-09-05,2026-09-05T19:30:00Z,21,1046.697702,197.2,1817,1,
0x8518966f638c3b188817cacf8d5d4768ae0ff2890f6d459a2574a177cc4e3c44,cfb-furman-tenn-2026-09-05,2026-09-05T19:30:00Z,59,32429.006201,397.29,33007,1,
0xe66c174ade389137273b5289e6cadebd751c6b27f4a4d77f1128a94e15575541,cfb-maine-applst-2026-09-05,2026-09-05T19:30:00Z,6,173.29,22.02,489,1,
0x7bc89f2bd78365606d8e439b30b8c162643b210f7ff55b7a61ae8c71cc3c8ca5,cfb-marsh-pennst-2026-09-05,2026-09-05T19:30:00Z,33,7242.59507,5550.88,8094,1,
0x0fb8621a0bec7c573dd30f1ee1d094194fb072948dfe4dd829ae3715d2a168bd,cfb-tows-navy-2026-09-05,2026-09-05T19:30:00Z,12,460.234616,170.78,1117,1,
0xefabaceecde105644a40f338c79d4b5fcaa5c2903b4a37120f7bfe97c7089e89,cfb-tulane-duke-2026-09-05,2026-09-05T19:30:00Z,132,377953.521718,224067.84,440409,1,
0x169ca0dfe41922eb72409445258233cd63c9cda6fcd220aae74f1fa7775e02f7,cfb-txst-tx-2026-09-05,2026-09-05T19:30:00Z,38,13879.413476,3470.77,34361,1,
0xea45af48a52e1ddff7fd0a1a3dbc7280ec90618b105a3698b4fb06d351cf70a7,cfb-utrgv-utsa-2026-09-05,2026-09-05T19:30:00Z,58,4904.709891,1779.38,8739,1,
0xae6f5845a8e8cfe8792f6dbcceb846b46e17a2c3e2d87eaedd933a928c12b567,cfb-okst-tulsa-2026-09-05,2026-09-05T19:45:00Z,22,41411.334477,33630.89,154739,1,
0xbfcce67a76c2eacfe792957f0b5229f4d727496ca5e6750b3533e4750283a813,cfb-stmn-ndak-2026-09-05,2026-09-05T20:00:00Z,25,1436.824699,385.81,1887,1,
0x00683fdbd0831bbac41ebb848bbcdd825c64180e0b6d393f2765eef821a6b3d3,cfb-nal-ark-2026-09-05,2026-09-05T20:15:00Z,30,5827.972734,533.55,6431,1,
0x198d8267be0199a493aa40c533362d3d7507698a96fe4c849a6f38ffac57da94,cfb-nill-iowa-2026-09-05,2026-09-05T20:15:00Z,22,3115.179206,1408.98,9664,1,
0x47e8125d3c9338051050db62cce3e1aeea27b81200e3eb9f86dc249b07f8cddf,cfb-alcst-soumis-2026-09-05,2026-09-05T21:00:00Z,19,559.968417,221.14,1059,1,
0x28be4f67f0c1b883fe69dad7691181a4844d0952ce058997871f6b4b97ecbfb9,cfb-tusc-etnst-2026-09-05,2026-09-05T21:30:00Z,4,408.34,88.0,466,1,
0x3a2a970641f906c5c8c5f8660f38a0082bfa820110ea8ad8aec7041a6b2f6f33,cfb-delst-wm-2026-09-05,2026-09-05T22:00:00Z,6,319.403677,232.63,626,1,
0x09d2808722c6c1800a728abe8c3385d02c4e5d982e9d49017f51fc5fc2a3a01a,cfb-ecsu-ncc-2026-09-05,2026-09-05T22:00:00Z,9,513.333332,192.42,546,1,
0x96b1966d385b55ab71a3e514039bfe6a0b79c103fb0f75a5121653c51e436d7d,cfb-elon-dav-2026-09-05,2026-09-05T22:00:00Z,14,1578.649911,1049.64,1614,1,
0x4285a9b8ba5d7bde63e28c5e3bd327965549b9caf9c5daa2c074ef95216080a2,cfb-lc7d9922-alast-2026-09-05,2026-09-05T22:00:00Z,8,412.900898,168.2,486,1,
0x141118b53772c7fdc87fa10ea5a4af80e3bac417d676df8e196b64777dbd6f52,cfb-norfst-old-2026-09-05,2026-09-05T22:00:00Z,11,1129.367374,397.38,1308,1,
0x517a276e3e6372197507a16ecf00f87cd1d1672aa9ac5011f7351ebea432ee1f,cfb-presb-merc-2026-09-05,2026-09-05T22:00:00Z,13,214.85095,58.3,267,1,
0x8260c0ac9e7723b16bdfd9745ca90dc2b60ea0e97316e0c5b8a3537d994b3f2b,cfb-rich-howrd-2026-09-05,2026-09-05T22:00:00Z,11,612.856226,104.39,946,1,
0x31388c3d6a470a0e3d2d39e733d12d0309d638420d89ec3881a21d339cf6c44a,cfb-tentch-chat-2026-09-05,2026-09-05T22:00:00Z,10,361.032983,267.75,409,1,
0xc909f3ea88c572a10dbbd53425524579d5a8b670c5c9786b72ca2f7c4eba8a92,cfb-vill-buck-2026-09-05,2026-09-05T22:00:00Z,9,309.42636,97.95,816,1,
0x2f70a5d68f34b8c0d4becb31d725e28ad39baf3ca552485fc6054705ef1c4ae6,cfb-wvsu-robms-2026-09-05,2026-09-05T22:00:00Z,2,34.482755,6.0,131,1,
0xa4dcfb736c8ba769afd3441787d60bc5c790e95be8ba0fefe66fba85e840180e,cfb-wyom-colst-2026-09-05,2026-09-05T22:00:00Z,38,17984.384473,7804.73,110924,1,
0x6661479eeb7e386d3324dd2e84c96ccfe7f701289541a70cfa1c19b3ac64797e,cfb-abchr-txtech-2026-09-05,2026-09-05T23:00:00Z,8,1024.075754,34.58,1058,1,
0xe3e5801a5ae5e2d9449f04e4287d374652b3d0f5a0a5e0f8a869209436e06448,cfb-arkst-mphs-2026-09-05,2026-09-05T23:00:00Z,8,5265.326834,1195.18,32233,1,
0xbfd500efd156bd2a36a235db641151d1be2046fd7ca5c87fe78b325c6b9d0745,cfb-ausp-vand-2026-09-05,2026-09-05T23:00:00Z,4,339.22222,19.1,3526,1,
0xcc2e13dee359497c1405b58bc5a51d4f1b6fffb3fc57012eb2610a00f6d12d18,cfb-chs-tmrt-2026-09-05,2026-09-05T23:00:00Z,46,5692.128749,4616.32,9918,1,
0x9361bacd5a67c833b705c9a5941c047e598c415e3c7da5825ae6b4d1058038a6,cfb-chsou-gas-2026-09-05,2026-09-05T23:00:00Z,14,1208.711139,717.05,1288,1,
0xf5625875649dda954953293839df8683e9e02af0bad4348655dcc616f9b40b9a,cfb-csuece6b3-grmbst-2026-09-05,2026-09-05T23:00:00Z,7,136.0,47.31,166,1,
0xc376addfc4755b7b5498656fc36c1b700a9136625dcd9b5eba40008d9eb4b27a,cfb-ekent-jaxst-2026-09-05,2026-09-05T23:00:00Z,13,1705.963795,1203.45,1879,1,
0x03291383192eaa792673fe12264243bd55c59c57e2a3b099acbee08ddbee0e75,cfb-ewc-jackst-2026-09-05,2026-09-05T23:00:00Z,4,3447.0,3124.98,3510,1,
0x6e28d9b480ddff0eb381c486d0439ae8c4e2db561576a4c0f1f2a92d983b6895,cfb-flint-sfl-2026-09-05,2026-09-05T23:00:00Z,9,220.027932,116.78,10458,1,
0x9fd876062bae3527e887756c6e159101ac63752cfb2367d6849880f9bd2eb184,cfb-houbap-rice-2026-09-05,2026-09-05T23:00:00Z,9,661.288926,104.28,745,1,
0x4c825dfe2ce260fc250cecc1d3fec39c5f179e7d54273876c7724ab21af95f4b,cfb-idhst-utahst-2026-09-05,2026-09-05T23:00:00Z,14,2048.638645,1648.84,12484,1,
0x701cb794c69be63398273f7cdd530b917be4f8abd27b83977940fcbca8b3940e,cfb-ksu67f319-south-2026-09-05,2026-09-05T23:00:00Z,13,3045.645284,1542.85,3311,1,
0x4d27a4722518b0944b84a44f1c6eed8b0a0fd9fa1fbd67de2bf6d6c2ad02a1ba,cfb-miles-alaam-2026-09-05,2026-09-05T23:00:00Z,3,39.333332,8.57,426,1,
0xfe579449209b8a7a10c139a29c5c03e35b25c22d78d58e32320ea3de044b26e3,cfb-msrst-txam-2026-09-05,2026-09-05T23:00:00Z,16,2924.298529,71.42,3149,1,
0xede30a2fd7f3793c20e9842f12e3213eba9cd2afb3fdf471b95fbf9a98622c39,cfb-murst-mtnst-2026-09-05,2026-09-05T23:00:00Z,3,128.06,19.2,671,1,
0xf582574d76abb55c223a25ea29621c8754460337c7d11cbf735db99005a1917c,cfb-nichls-kanst-2026-09-05,2026-09-05T23:00:00Z,5,688.373244,50.61,688,1,
0x63fbec5273bcde8cd3566a846ed6a7d54addbc44305e28e87be32c9590ba94a0,cfb-niowa-ewash-2026-09-05,2026-09-05T23:00:00Z,4,36.027375,12.58,206,1,
0xf3ddf21479aadcf7f2f759eb1e51d378fae42f6f33e96460758255dda622f2ea,cfb-selou-sala-2026-09-05,2026-09-05T23:00:00Z,20,32222.684088,26690.34,32927,1,
0x268aefa66cacaf5b5caeca74aa86f753b26d08cf70bb8713918259b184bda22b,cfb-smho-troy-2026-09-05,2026-09-05T23:00:00Z,11,6429.311956,890.93,16135,1,
0x333754cd007571a9f77bc40493a14dfc0792588f22e15bf4fdde9f2b0afb57d4,cfb-twu-mcnst-2026-09-05,2026-09-05T23:00:00Z,5,301.615,156.31,363,1,
0x21c3e66cb78b4d6694517e3fa0bdcb53a31ef6947c640c546ce61db66afdc573,cfb-uwfl-cark-2026-09-05,2026-09-05T23:00:00Z,13,292.533511,89.26,556,1,
0xe9c0521021d390e8a62639b0b2d1a335c8269074ef645ad3c990870df4ff9737,cfb-lamon-mspst-2026-09-05,2026-09-05T23:30:00Z,3,441.1875,14.78,544,1,
0x8370a686af76a7ed85dec2ac3439d2cbbbf800db5bd62204d2e00f822c5bc60c,cfb-nwst-loutch-2026-09-05,2026-09-05T23:30:00Z,37,34141.907423,20618.07,35399,1,
0x7967842cc5b8802b3579e60526282bb24b456ecb6a34e30e91169a7704c12b7e,cfb-vamil-vtech-2026-09-05,2026-09-05T23:30:00Z,16,42161.28,201.65,42166,1,
0x7a8fab2b45f5a6861a5e5515c140f23d1213f000c32a2a2a5acdf289023a6976,cfb-wmich-mich-2026-09-05,2026-09-05T23:30:00Z,36,12897.914939,8699.59,287369,1,
0x75c299f01c70de865c78849a339ea624b1d124b0e12e515e9317a695dba78cb9,cfb-flatl-fl-2026-09-05,2026-09-05T23:45:00Z,7,360.0,18.6,1558,1,
0x4af449abbf3c81cab634f59f8a224e774401fc632f3abc58c15b138420053fd4,cfb-cwu-calpol-2026-09-05,2026-09-06T00:00:00Z,3,36.742415,8.0,104,1,
0x339d090c75d31625acdf314705bc2459cfad318584a605f90ff577342474d49d,cfb-dxst-byu-2026-09-05,2026-09-06T00:00:00Z,21,31278.454357,731.74,31852,1,
0xdc9d5b3b8d5e9a5bfef2f7ce2da6f2640c9b2e052cbc3cdeeef662b684b169b6,cfb-hamp-mary-2026-09-05,2026-09-06T00:00:00Z,17,1325.374641,78.13,1370,1,
0x5875a302d59d435e18d1f8e403ab6a08b0dab5eebe52c3b9de54c32cdfbe4347,cfb-illst-will-2026-09-05,2026-09-06T00:00:00Z,17,605.560885,349.55,661,1,
0xe39f23505e4fe83f535b0df0f497f3d94abe9b52a40d7151555d75fcc1016f5f,cfb-lamar-loulaf-2026-09-05,2026-09-06T00:00:00Z,8,2467.105165,2113.45,5405,1,5404.905315
0xe559a9d596076c0bcce48adbf54ef93915d4780aafff38ce5016ce93a694a37f,cfb-sdak-ncol-2026-09-05,2026-09-06T00:00:00Z,9,262.172334,125.47,508,1,
0xa1011d0cb2ad56dd8bd5a6cffa7ecaacb754bcf144e4df240f05b036f01955d0,cfb-sdkst-nw-2026-09-05,2026-09-06T00:00:00Z,90,38980.137272,24172.46,142884,1,
0x428fb8c22e2756e2739d1d63918470f7d0310d22ef46ea48d90743cfdb836e8e,cfb-txamc-sfaus-2026-09-05,2026-09-06T00:00:00Z,8,183.585683,41.2,234,1,
0x67bfd39319ff78c26bc019a82732843a3bb54e8f47efa892ea37d0c39c0e1b43,cfb-webst-sutah-2026-09-05,2026-09-06T00:00:00Z,2,324.031003,255.0,1683,1,
0x45aa94cd103323adb0c69a3f691505f97fc646f429addd9e7db4c234b15e2837,cfb-but-monst-2026-09-05,2026-09-06T00:30:00Z,8,1260.175861,632.79,1296,1,
0x9ebf4f5c95a1c795ce9525a400b59e46e91fae853130dc94cee83d7d3276a325,cfb-mhud34ce7-nmxst-2026-09-05,2026-09-06T01:00:00Z,18,456.86,142.72,3679,1,
0xd8353c8b9a81ffe5e63f318da17ab10610f2851c67b31b19f250d13cb3b0a40c,cfb-narz-arz-2026-09-05,2026-09-06T01:30:00Z,18,4362.289832,1066.33,6044,1,
0xd91961555d4e7656efcd81724defeff7d3eb9e658762632ff09eb75e4a92488d,cfb-portst-sdst-2026-09-05,2026-09-06T01:30:00Z,9,780.670398,210.96,1135,1,
0x74ce546002223185879af518d89fc7a6b2d5268cda2057bbd7f0e3e8043c3386,cfb-clmsn-lsu-2026-09-05,2026-09-06T01:40:00Z,184,86420.95456,62578.69,272727,1,
0x31dfe5c64296b4c89bc5ad80650a0974fd4d63812b90cc7f82a9cb6bd311e849,cfb-cmich-nmx-2026-09-05,2026-09-06T02:00:00Z,6,1763.740253,1232.24,5990,1,
0x1ac4282f4e259041cf83220bd559a725e673b8e9044f224d23cdb2052bd5d711,cfb-morgst-arzst-2026-09-05,2026-09-06T02:00:00Z,8,1426.7,419.6,1514,1,
0xedbd883fabef750175f183b669671252cc8ced231c48d3534b4363a2eb5369a2,cfb-msvlst-sacst-2026-09-05,2026-09-06T02:00:00Z,80,216645.923985,55796.92,229744,1,
0x1d5b557248822c4f56429bcae2b3b6d7846d699f1405e8f1a600f1d9ce161c8f,cfb-ucdv-usd-2026-09-05,2026-09-06T02:00:00Z,12,608.395764,382.2,811,1,
0x5d55e68611d18120ef41e8100ac2a3ca5aaac1f8ceb969c6c5514fccb9eb8198,cfb-unlv-hawaii-2026-09-05,2026-09-06T02:00:00Z,183,465599.274691,213157.73,619922,1,
0xcc97c9f63cf9fb515d257d2e899df0dc3b09fc9d71f122483766f78b18c4e813,cfb-ucla-cah-2026-09-05,2026-09-06T02:30:00Z,68,39168.262843,21960.61,440522,1,
0xd33028ce8f3a162adb2fdd4f0b5d8b352090a3f85df10cb6706f0cd4b2cd5a03,cfb-wkent-nevada-2026-09-05,2026-09-06T02:30:00Z,195,327454.225666,161786.68,369850,1,
0xef0f0f0f883f101e452512c33291cd56de971612680c8a7ce80cdb11d857b68c,cfb-wcar-camp-2026-09-05,2026-09-06T15:00:00Z,69,2477.987492,1417.87,20720,1,
0xb61680f13d3fc5f6cb062fa694ed64fd8ea47c7afdb5c71f916631151c84d3b5,cfb-txs-pvam-2026-09-06,2026-09-06T16:00:00Z,88,25137.663078,6724.92,28438,1,
0xf470e5e804c004d7b6bf7bd4870481e504c0b0574430530045dd4c6bdbd86f68,cfb-scarst-flam-2026-09-06,2026-09-06T19:00:00Z,27,1717.262083,758.64,18621,1,
0x76c35ffec5a65d850b744488fa329b4234c9136cfbddf6503ad13d3af9c44fc2,cfb-washst-wash-2026-09-06,2026-09-06T20:00:00Z,170,98495.108719,42667.69,387506,1,
0xc6b60c03e825b4c742de66d3b391940713f32b65df7d62cb74d729e6d6f566a2,cfb-lou-miss-2026-09-06,2026-09-06T23:30:00Z,425,190453.833237,63587.9,1577644,1,
0xe866803ef92ddc1eb54eca0656dbc5fac6df556b4d439e2900a283bd594de0be,cfb-wisc-nd-2026-09-06,2026-09-06T23:30:00Z,441,97542.315225,37495.03,327308,1,
0x4bbce9178be76fb323c1ccc4f81abfc2ce8b78f3cb553ba96b024e0b8782a5d9,cfb-smu-flst-2026-09-07,2026-09-07T23:30:00Z,325,354552.609445,194042.41,1321819,1,
0x11892972368e8691e53c5f1506ab9f374f54fb662e0a2ce2f1849e2e44679072,nfl-ne-sea-2026-09-10,2026-09-10T00:20:00Z,1713,410824.072705,195660.51,2485968,2,
0x717096488997afa5671ff6dbaeeaf2a0b162a9f888fd91536723354de2257267,cfb-flam-mia-2026-09-10,2026-09-11T00:00:00Z,95,730622.547727,10124.39,736365,1,
0x5010f84522ade23439a6e7b173896fdcdeea448d9a538127b2f697fcb28a3dfc,nfl-sf-la-2026-09-11,2026-09-11T00:35:00Z,1134,1031345.569894,583392.13,3566395,2,
0x425730856843bb4194de8ee17449a9db11e6eaeee62825caeff7b915032142e1,cfb-norfst-vir-2026-09-11,2026-09-11T23:00:00Z,268,164280.735389,8708.11,165402,1,
0x612ec9f1604474293ea73cb29e45461f797502352c89f4b9143624475ac22a23,cfb-rich-ncst-2026-09-11,2026-09-11T23:00:00Z,278,153529.532444,10601.85,158037,1,
0x2f9f701d5a6d5d5ff37b0532eeceb507d39c7a094bade2520cddabc45326026f,cfb-vill-lou-2026-09-11,2026-09-11T23:00:00Z,41,9065.748555,2900.05,20686,1,
0xdcf4f27a48a9dd1b9778b1e3b073e282e49b3f1ec61fccc5242ee3de127db92f,cfb-rutger-boscol-2026-09-11,2026-09-11T23:30:00Z,183,103915.704632,43388.58,518709,1,
0x79d09090e26b320ef2f94b313d3a6d5e3438303579daec53f5f414827a87909d,cfb-missr-kan-2026-09-11,2026-09-12T00:00:00Z,196,63312.982876,29042.98,306626,1,
0x88f64b6b0aefd2c6e94ac5dba35f4a41cb5aa74cbef3736d3dfe6956072eaa8b,cfb-albny-liub-2026-09-12,2026-09-12T16:00:00Z,54,24303.640302,11061.53,26352,1,
0x989dc4aebe7b9fd0d28d885370beeb2316d8018b08cd37ba5e262b013a406f6e,cfb-applst-ecar-2026-09-12,2026-09-12T16:00:00Z,82,31624.991183,10060.8,61506,1,
0x9e44556256721d77e5208593e46632cf4d9f771ba0d3bc4e91c1aa41cf1ce16b,cfb-arzst-txam-2026-09-12,2026-09-12T16:00:00Z,94,11702.86955,7605.84,280445,1,
0xd50151d822d5b518d5d866aa39c9a9c5c80bf1b682265aa6287ff5a3af126938,cfb-dkc-dav-2026-09-12,2026-09-12T16:00:00Z,2,36.8,18.4,57,1,
0x488f04727708e760778b7a60f8259eed1b1089349beeb872d5d441d4610072f3,cfb-elon-ri-2026-09-12,2026-09-12T16:00:00Z,31,1297.05231,718.4,1906,1,
0x17025d6abf9a5acb286a113d93283aca8653b96aa831a21ef24af3714e03f14f,cfb-etnst-ncar-2026-09-12,2026-09-12T16:00:00Z,32,37311.648152,35570.01,38352,1,
0xb760fc4f5f3696ccd6a8a04d6c84eede12ca79510f387fcd66b523da47d786cf,cfb-gardwb-librty-2026-09-12,2026-09-12T16:00:00Z,5,1084.85,216.87,44316,1,
0x6429e797ca7fb35ca40ca2a70004de7ac87a3dadc41e931d56eadb29bc183e47,cfb-howrd-ind-2026-09-12,2026-09-12T16:00:00Z,112,349469.817355,8158.7,349504,1,
0x9da916101a3d3b51829130f44aea6f8b1ee4ccba855036ee45c8787da0f31919,cfb-ncat-ncc-2026-09-12,2026-09-12T16:00:00Z,5,417.33,336.47,888,1,888.41375
0xe55b365b4e7304f5141cedd755fc5548fafce0cb09848d6337737e93ab85fe44,cfb-okl-mich-2026-09-12,2026-09-12T16:00:00Z,501,325964.919251,146449.41,1437340,1,
0xf38ff5009c4d2e5f92ad388a2aa409c1498e9ab3ea998a7253a3cc5043f950ab,cfb-old-vtech-2026-09-12,2026-09-12T16:00:00Z,38,157720.68763,118001.08,161501,1,
0x1a537311915440521edf724bc217b60d25af2814863b9ca59d97a0e943592b43,cfb-ore-okst-2026-09-12,2026-09-12T16:00:00Z,533,270646.869768,134946.12,632798,1,
0x4ad8726b352f444cd37d84b12e797b10ecd747a45de1ac98058bd4476d5ed9b5,cfb-pennst-templ-2026-09-12,2026-09-12T16:00:00Z,39,21738.124547,20351.0,41845,1,
0xebca87309d6dbb3691c46f582ddb4e3567407a49f816763947bd9ad3c292d0d3,cfb-sfl-army-2026-09-12,2026-09-12T16:00:00Z,20,22755.58844,12996.04,140502,1,
0x8292d372e2aa2a9e180e1593a7e90260a34fba20c155d2238eccf4c4b9a0f11f,cfb-tmc-day-2026-09-12,2026-09-12T16:00:00Z,9,634.578763,531.34,655,1,
0x6591819ccb3f7a3654c5bca90567026c5e4eb220f371dee18e51d7e51f8390a5,cfb-wag-jmad-2026-09-12,2026-09-12T16:00:00Z,270,33509.018103,4097.35,34566,1,
0x87d596c92ef0e0835cd091408d30146c8a0e789301b47210a8d767f271f55bb1,cfb-wake-pur-2026-09-12,2026-09-12T16:00:00Z,109,113896.502426,49053.13,385554,1,
0x721476938cb2192eacfb39b4d142f6ee478e0febb589a57ed17b2ef9d67200f2,cfb-washst-kanst-2026-09-12,2026-09-12T16:00:00Z,58,15453.324927,2007.49,30496,1,
0x202acf25061f786cf1912b01f4130f62bd9ba7df71d04f181a00401855aaa8e0,cfb-woff-kentst-2026-09-12,2026-09-12T16:00:00Z,34,2198.104585,519.67,28946,1,28946.247483
0x930012537c0689b626805acf75b5289d637af3b3ad1a42fdbc581e4d4ffce82e,cfb-buck-vamil-2026-09-12,2026-09-12T16:30:00Z,23,19950.032923,7508.16,173154,1,
0xe317355782172fd1ef607bd4efa1cffe359cebf00173b272be054d7d88cfa1fb,cfb-mrst-lafay-2026-09-12,2026-09-12T16:30:00Z,28,9662.680072,7452.76,10933,1,
0x3f816b5383a6d8f58fa96bbdc33d98784eb89edc2c7a63c275f17652df0651c5,cfb-wkent-ga-2026-09-12,2026-09-12T16:45:00Z,60,18638.542006,932.32,18639,1,
0x8ce8f35b68ba0b6ab5b44f8b144c041cf7f547e1d8b2fc93733277ddb67e7780,cfb-colg-cmich-2026-09-12,2026-09-12T17:00:00Z,33,41541.171568,13393.28,112533,1,
0xa09cba732d077dbc0ce9baf8ed110fbfff2aa190d9d0eb41e94008d66c6cddec,cfb-holy-miaoh-2026-09-12,2026-09-12T17:00:00Z,9,689.714106,172.12,864,1,
0xfc5145464efb8ce3e72fccc2419ee967fcf6b032cec621e6153ec1ed56c421e7,cfb-kcu-chs-2026-09-12,2026-09-12T17:00:00Z,0,0,0,20,1,
0x9310e6306e18789297cb3e8fdadba64085240c1b04bbb4955e45aa35e2e5d27a,cfb-tmrt-wvir-2026-09-12,2026-09-12T17:00:00Z,126,14548.378805,6545.18,14763,1,
0xca1f0a971cda19ab6bab65c6a337bc108c1fd4b0f2155451d7feefcd1d3ab52d,cfb-drake-niowa-2026-09-12,2026-09-12T18:00:00Z,10,366.57,149.68,393,1,
0x00e2565cbe98c25f9d512d1f243ce5bbdaf8895dff266b7d87ab8e2d816cfb39,cfb-duq-yngst-2026-09-12,2026-09-12T18:00:00Z,4,123.18888,106.59,172,1,
0xdd46f4a14e8b90688e171afcd6593e66660ecab307a01cd76616878dfc8b8a27,cfb-ewash-sdak-2026-09-12,2026-09-12T18:00:00Z,3,64.0,48.1,84,1,
0x9b7c17bcbc8fc352c8de87f10a994c6055c2b62625422b361beb11c76e6f4e7f,cfb-nmu-stmn-2026-09-12,2026-09-12T18:00:00Z,0,0,0,20,1,
0x94416a441419e5bc7eb1a5e71edef0b50c9069c6601e59103efa955bbc3d217d,cfb-stbr-ballst-2026-09-12,2026-09-12T18:00:00Z,10,1300.787725,335.71,5873,1,
0xf5430b9db37121a0b70fd7228fe46e23ac0d9f36bfa92c5635c26f3957609b33,cfb-wm-lehi-2026-09-12,2026-09-12T18:00:00Z,16,1228.8325,892.77,1249,1,
0x3d94ffdf34414985cd2f69f0b8511414adb1d7e15a031fd100396327772cf12f,cfb-bwst-delst-2026-09-12,2026-09-12T19:00:00Z,0,0,0,20,1,
0x4f9e6f2d34815b4b77d3fcd6881b74b8f4be0abcfe0c218a9a58b3ab6f46ad77,cfb-dxst-mont-2026-09-12,2026-09-12T19:00:00Z,12,1461.801112,28.06,1676,1,
0x089089349eab28967cdb7b96462d5a55b9a57ad27de5422a25041f8b92b1594c,cfb-ala-uk-2026-09-12,2026-09-12T19:30:00Z,65,6476.545831,2743.24,818356,1,
0x96affbea360ccd5a22613073cc9b1bea0ae617a38ccd5cdcb84dcb95dc68a4d1,cfb-arz-byu-2026-09-12,2026-09-12T19:30:00Z,31,18039.293,5114.95,80293,1,
0xe5b4853f41084d13fcc89869e26ed9c1f45cd4a96837a4b9b097ad4617cb8c4d,cfb-cah-syra-2026-09-12,2026-09-12T19:30:00Z,50,137399.636373,86340.22,338312,1,
0xd04f5a4bca68d868cc3eb294038f5f993bdce26d50cc12e8c4df4a7910635dc6,cfb-cencon-toledo-2026-09-12,2026-09-12T19:30:00Z,13,102686.215865,99595.01,103123,1,
0x205ea709d281fbb1078afe771bb401828303213aa46f8ec10c074b23df0218a7,cfb-duke-ill-2026-09-12,2026-09-12T19:30:00Z,15,18019.444963,12229.19,113138,1,113137.741298
0xc55b9d7785b32d9474035dc0bdf6bc1750f66ce28f1e2c6370e301f218bf6181,cfb-emich-mst-2026-09-12,2026-09-12T19:30:00Z,19,7606.608409,1876.12,14474,1,
0xafa08bc4321ec1e719c99fe12d2a3646b2267a34b286c5509a35be03b1ba7f7c,cfb-lamon-uab-2026-09-12,2026-09-12T19:30:00Z,18,24311.51957,5840.17,77460,1,
0x889c46478bb44faa3b3e41ec17fe37378ca56623644f3c40dca714cd6bf067d7,cfb-mary-uconn-2026-09-12,2026-09-12T19:30:00Z,8,1530.015423,1192.8,27048,1,
0x947de29ac16ca1d535d9f9aff43f7b893467824d5bc13f99676293440553828e,cfb-mspst-minnst-2026-09-12,2026-09-12T19:30:00Z,58,8790.972766,4393.53,65872,1,65871.908827
0x8c5aa42135cca162904ec3278e924a811dae52695a3b4c5778063d3e9a7d2333,cfb-rice-nd-2026-09-12,2026-09-12T19:30:00Z,113,129577.500797,5541.28,129884,1,
0x61f3dba22e3bcc45e065a38ea231253f7cb34baeb5f913c254e16892ecdca743,cfb-robms-akron-2026-09-12,2026-09-12T19:30:00Z,24,3609.923944,1599.8,6936,1,
0x794e4c0def4d2889fe61665dbe3bcf336223da679a723b8b414163cb4b650052,cfb-sacred-umass-2026-09-12,2026-09-12T19:30:00Z,16,10397.825715,4596.65,11908,1,
0x000748407760f9ec08bdba35494fcc6053b0b8d57527861ab1553850ac285ca4,cfb-ucf-pitt-2026-09-12,2026-09-12T19:30:00Z,11,749.466516,470.9,83697,1,
0x3ee54a8d72c34142ff34af9d03ec4df20f02218e232af90ade8995022514e44e,cfb-utahst-wash-2026-09-12,2026-09-12T19:30:00Z,81,39691.099496,12789.44,244368,1,
0x3463e4f8d977830146b8db5ddef78dfb735a142d93970a434c1129913fbd49f1,cfb-utsa-txst-2026-09-12,2026-09-12T19:30:00Z,50,39419.128157,19089.31,87030,1,
0x9f831119a60d1ff1479b0ba93a8fa44f9907de52838f23e38ca91f71896c4daa,cfb-webst-col-2026-09-12,2026-09-12T19:30:00Z,7,3631.088118,2712.26,3651,1,
0xa0fb414251ec09a469b98a8f181e020ffa4ee5b27ba07079ea808ed35f1e0e84,cfb-unlv-ntx-2026-09-12,2026-09-12T19:45:00Z,101,185271.415892,83124.02,317809,1,
0xf4a37afa0111272ba11e2bcfd350a80063dc2be1a1f0ee3469d223f4d87050a7,cfb-alast-troy-2026-09-12,2026-09-12T20:00:00Z,11,832.31,603.27,1226,1,
0x50f1c36bb36c70acea9e3f012eb664a4ebcfc802a3f488447681532ffccdfb3f,cfb-lamar-idaho-2026-09-12,2026-09-12T20:00:00Z,28,9512.181837,5552.43,10602,1,
0x3487274817dc2dd5a4709317938944e511a92f1673eaefbe55b872febe9e763f,cfb-linc-msvlst-2026-09-12,2026-09-12T20:00:00Z,0,0,0,20,1,
0x5c8b2811eda28b61b67d7be7c46a43573ef727365ea1e965dad5bfce343194a6,cfb-mhud34ce7-nmx-2026-09-12,2026-09-12T20:00:00Z,6,231.043685,71.44,251,1,
0xf9aa260b39ae8e6d99636ed8b27c5ffa4f4a9d2f25c0ac51e375959d8145320a,cfb-ncol-wyom-2026-09-12,2026-09-12T20:00:00Z,5,228.665715,25.71,24234,1,
0xaed95257bcc973b425a904a63cf72d67445c4bdc1c7e99b241f4a2df4bcad5bb,cfb-stet-bcook-2026-09-12,2026-09-12T20:00:00Z,12,387.96,257.97,925,1,
0xbfb75afbca8ae4625e491f7a645798f0886a66621b622907458227b378bcf60a,cfb-ucdv-smu-2026-09-12,2026-09-12T20:00:00Z,53,3172.571702,1562.87,3354,1,
0xef8ce9cac53f62771b0950e395ebc6acd5f0f5e83b80c4dc7393f78566ac7b7b,cfb-del-vand-2026-09-12,2026-09-12T20:15:00Z,34,23729.56449,4421.32,32393,1,
0x92342bf1c486e741b8c5d5b13ae4e3a67a793e6195c3da40d96e4261f497a9e8,cfb-incar-narz-2026-09-12,2026-09-12T21:00:00Z,13,350.042456,174.42,4800,1,
0x00a1f300d7b5bf0cf9e3ef3687996123ad6db65063825b04959cbb8469a51e57,cfb-merri-maine-2026-09-12,2026-09-12T21:00:00Z,13,845.69,301.3,3121,1,3120.682728
0xba64b46095c40093249fe805f2c0bbe143947f9738e1a36c2db1e8f8ba5d721d,cfb-more-ausp-2026-09-12,2026-09-12T21:00:00Z,8,762.80915,32.62,1268,1,
0xdb60ce19f9eca8c890cb319b28fad9e42e74c231c02858a70dffca6b21058bf4,cfb-camp-fl-2026-09-12,2026-09-12T21:30:00Z,94,11380.59508,5477.72,13222,1,
0xf682ec5e256eb6502c7cbe096827d19b7d00e44a532932602abbe39cd0147e9c,cfb-bryant-hamp-2026-09-12,2026-09-12T22:00:00Z,1,25.17,15.61,906,1,
0x68dfdaf37abeb8b5bedbfdc25ea7b05a8e707b98fa1a5a101725123996dedd90,cfb-buf-flint-2026-09-12,2026-09-12T22:00:00Z,18,1376.642587,445.41,48288,1,
0x2b368091f2aee40032a6526faa1b40db5907d873eccdb1ab810ff896d1be68c5,cfb-chat-ekent-2026-09-12,2026-09-12T22:00:00Z,2,45.21,23.98,947,1,
0x57ce820525bf4ebd8581e350c286e3f705fb3b90d5c9ed2bdf90786e8a6b1fba,cfb-chsou-cita-2026-09-12,2026-09-12T22:00:00Z,20,1202.123077,612.92,12007,1,
0x38e029af041b42dfd2174dc346a72d0ac971e5604edd38be02ed403e9cefc047,cfb-frnk-but-2026-09-12,2026-09-12T22:00:00Z,0,0,0,500,1,
0x24c544599cd2369d668bce2dd6f3709968ff9592c63121fd9d9ec2f850249fe9,cfb-furman-merc-2026-09-12,2026-09-12T22:00:00Z,3,51.16,8.59,2600,1,
0x615391de372bab7ebfa0a38150c1d79a0b7b2e5b3d103ba3b07a4633c11b6e00,cfb-jaxst-ohio-2026-09-12,2026-09-12T22:00:00Z,44,10071.970002,4858.79,105534,1,
0xa942958e17013bb01c0c4f72defd1678311eb4fe028f1338be68396400bf61b1,cfb-mphs-boise-2026-09-12,2026-09-12T22:00:00Z,53,11325.398397,7114.3,175687,1,
0x87c7e6c986145ac5cfa5b816d5bb56db008aaedbdc7c21e91e7b152d0c468e0a,cfb-stnh-nhamp-2026-09-12,2026-09-12T22:00:00Z,6,3927.85,3255.28,4584,1,
0xca32ca0f42e90b3301010287e9fcca4f5a61e55ca5e31f0d079cb6c4950091d6,cfb-usd-idhst-2026-09-12,2026-09-12T22:00:00Z,9,1567.003334,1335.27,2377,1,
0xe6cb41a2db32bb5cf9d88779d06f5984721de78b9f6f539a6e123a578ded9da2,cfb-vlb-morgst-2026-09-12,2026-09-12T22:00:00Z,1,68.479451,49.99,138,1,
0x862b3d77b9108f5ff2a11d1c61cf8ab919a771d30fec4bc6c767c946b0108139,cfb-vsu206eca-scarst-2026-09-12,2026-09-12T22:00:00Z,3,9.0404,6.75,129,1,
0x7bea15108844974bc74268a78677a36aba156d8a7df17400a07085d1b02424f1,cfb-monm-wmich-2026-09-12,2026-09-12T22:30:00Z,6,1048.83353,782.27,1317,1,
0x1600d6e59a4889e9a688cbf4cd40e17b6b965dc9d5f60f561fb671483a2dc637,cfb-abc-houbap-2026-09-12,2026-09-12T23:00:00Z,6,387.15,294.44,457,1,
0x7726082246338e588e660b62ce42b69c46d92a65424cc06808ecec97ec2a1a91,cfb-arpb-alcst-2026-09-12,2026-09-12T23:00:00Z,2,692.55,490.49,3064,1,
0x2addf84cd15ebd13bced8b6cadee990c37b2d85aabe27f75ecb8d4ced4f76d09,cfb-bowlgr-nebr-2026-09-12,2026-09-12T23:00:00Z,23,2264.033269,1389.4,2804,1,
0x55c28d2e4a40b0a2cf65fd741e9f17b3c4cf57fb00118334aaaed0d70dbb7de7,cfb-gast-kenest-2026-09-12,2026-09-12T23:00:00Z,12,761.629351,214.12,24356,1,
0xc1ab6a5f3254eba30a20afe8b285b94d0af5af16609bff1678fa40e34da73c49,cfb-illst-nill-2026-09-12,2026-09-12T23:00:00Z,34,14198.143525,6058.75,21807,1,
0xa60733f00d0cc645e3181e86ac32fb5053742df3f84b15f80e74cbf538d63431,cfb-indst-eill-2026-09-12,2026-09-12T23:00:00Z,51,23715.346123,11990.73,24231,1,
0x235e3aead03a675da6447330357794c457223ff18e6b2e57067cf314fedc4022,cfb-jac-msrst-2026-09-12,2026-09-12T23:00:00Z,11,1886.767273,351.84,2413,1,
0xd8c207c04bb6367c3c8214c038e00b37510a9cf51b6ef6a8919761dafe348ba2,cfb-mtnst-marsh-2026-09-12,2026-09-12T23:00:00Z,57,132794.927587,30752.52,232463,1,
0x46c5bd9931d6068ecd9d9705caec1e1b9efd1f732c7d26a3206b8667f4e73b31,cfb-nal-selou-2026-09-12,2026-09-12T23:00:00Z,5,90.1,40.63,343,1,
0x0de937e35a7865affb6dd354e3a986654bb7c3bfb3fb8777f802ace58b553465,cfb-nhc-sdkst-2026-09-12,2026-09-12T23:00:00Z,6,316.235556,106.15,321,1,
0x62c04f2bd55753501f5d66e65f682f914a435e907d9bce20d72eb434b2e9fb46,cfb-nwst-txamc-2026-09-12,2026-09-12T23:00:00Z,19,9917.148572,1869.43,10474,1,
0xbd3da965ca018e4f0f8cf54933d384e7307b117c248ade49c1fa4cfe7d0216f9,cfb-sala-tulane-2026-09-12,2026-09-12T23:00:00Z,7,2348.07623,634.43,108494,1,
0x3264293d9ea17bb4cfe8fa5b51b59c93a1d7b76b455896e72ac6dbbc3a95d5bc,cfb-samf-tentch-2026-09-12,2026-09-12T23:00:00Z,2,267.51,18.42,318,1,
0x7bfe15afe501d23ff942cbfc5a7b6e2957647e84739c528b43f0c056572b706b,cfb-semst-sill-2026-09-12,2026-09-12T23:00:00Z,1,23.13,6.01,102,1,
0x8551a11431b182f6e7a3f8539a618f90273ec9ac8b87df02360053aa44836069,cfb-south-hou-2026-09-12,2026-09-12T23:00:00Z,29,12753.210002,140.29,13055,1,
0x531206e6331b3db0ed6414363e8dfde766475407de0822c7e2ee689b7b435fb8,cfb-sutah-colst-2026-09-12,2026-09-12T23:00:00Z,4,8739.164833,7952.64,9709,1,
0xf85b3dc914ed12c09273a0a140706dc7cce918b870f62910a442048e10055f97,cfb-tarl-mcnst-2026-09-12,2026-09-12T23:00:00Z,7,215.16,153.44,674,1,673.843092
0x4b1fea9184701a277b20f4a7b451b6c0fd2a50840b49980e6d47fd348147b689,cfb-tenn-gtech-2026-09-12,2026-09-12T23:00:00Z,58,4264.17989,1259.42,101074,1,
0x81182b92018b68be46e77c7614c954d2fa732f1fcf7980aa5436911133c45e11,cfb-tenst-alaam-2026-09-12,2026-09-12T23:00:00Z,58,2520.115958,1414.27,2577,1,
0x3febd7ae04b39fbbdb2d447a1cef131ffead92a623ec3402a3c9b026b0e7c73d,cfb-tows-sc-2026-09-12,2026-09-12T23:00:00Z,13,603.5483,68.99,777,1,
0x6ab4b4b6eb44b91e11c2720742f92e196f9c21bc886a11fb34ade058c982cd73,cfb-tulsa-smho-2026-09-12,2026-09-12T23:00:00Z,3,902.363411,738.34,15328,1,
0x7706368edeac401df9700089a0324b803293ff3b2381de5b1176672341b02b20,cfb-ucok-cark-2026-09-12,2026-09-12T23:00:00Z,0,0,0,70,1,
0xba122a9f2b66b0d09d21451c152efc6d4b7a04f5188caeebace1418a60bac27d,cfb-utrgv-nichls-2026-09-12,2026-09-12T23:00:00Z,9,425.35,280.73,665,1,
0x48c785c6c857b0479ca2c7bb3a780bdc8debc5b39799fe854171df87e48a9fa2,cfb-uwg-arkst-2026-09-12,2026-09-12T23:00:00Z,14,3558.175857,2620.21,4140,1,
0x52715db352438ba9373f78695a47839c28e74d348a197f64b2569a9b058ecf67,cfb-valp-murst-2026-09-12,2026-09-12T23:00:00Z,10,318.987805,124.16,423,1,
0x3d7027eaeb2c5da355f5917870c750bfc502e2f66f9a338d611d59c200858b4c,cfb-wcar-cin-2026-09-12,2026-09-12T23:00:00Z,209,70398.732383,57505.45,76495,1,
0x6d55fc2728d07de69c49e6c0ea8b187600dcaa2363c357e730ecee83f5612b87,cfb-sdst-ucla-2026-09-12,2026-09-12T23:15:00Z,13,14043.286821,11317.09,150646,1,
0x36f5a5d3725e78425acb3cb08c5ae6b842f57677089ee193f25027f0e7d0296c,cfb-will-wisc-2026-09-12,2026-09-12T23:15:00Z,17,770.332578,40.35,790,1,
0xf4b0e6ee9e742edc72699fbdcb2f5c8a2b35dd20fbf1d9e226e99f440ef7a26f,cfb-fordm-coast-2026-09-12,2026-09-12T23:30:00Z,10,1377.630358,428.18,1928,1,
0xb7c40cd00226b7bbca125d3d2458df898eefb8e165beb389ef031fb88b307124,cfb-gas-clmsn-2026-09-12,2026-09-12T23:30:00Z,74,7277.651628,1696.66,23188,1,
0x2d5f2bc71b86769d689db5be2ca5ae537f3337a243f8f298e3c00a06a146b8c3,cfb-iowast-iowa-2026-09-12,2026-09-12T23:30:00Z,42,16023.778637,8152.76,170355,1,
0x07909c0f375dc096ad927f82a783ef240cc4ce1f3b4b744f9a4d0d69111c2a0d,cfb-loutch-lsu-2026-09-12,2026-09-12T23:30:00Z,13,2014.412583,1298.3,9729,1,
0x6ecb8400937e46e5227a4950baf732776b7bc7398988e9fd0ceb5304f229310c,cfb-navy-flatl-2026-09-12,2026-09-12T23:30:00Z,41,4555.889457,2909.51,14864,1,
0x8bbef2e02646724981fb9847906c7e549975ce502277754e16a0c4b8cc1eaa18,cfb-ohiost-tx-2026-09-12,2026-09-12T23:30:00Z,811,220774.150891,116518.04,1659243,1,
0xa25c5b2192764caa290cf1431c1ac7f2fe9c9a08cc212d418690f38b70b98ff7,cfb-txtech-oregst-2026-09-12,2026-09-12T23:30:00Z,28,13598.354957,9631.64,94991,1,
0x4caada26c63ed4f8176e84744ff6cabc32397f01655acf1ee5f7b88a0737d735,cfb-charlt-miss-2026-09-12,2026-09-12T23:45:00Z,109,82775.122,7216.65,82900,1,
0xd118ac731ac4ef6fab688756d8860ed6ba932358d9375be626adb626db418812,cfb-soumis-aubrn-2026-09-12,2026-09-12T23:45:00Z,25,4210.438868,1399.55,6450,1,
0xe7a7815dc1bfbbfeadd6b7b7c6dd550f910ba2055e3cb3c3a97db52a1b8c4a58,cfb-grmbst-tcu-2026-09-12,2026-09-13T00:00:00Z,48,137627.819154,8376.87,138958,1,
0xf4d895be89482726507fe32c5b29880892af4603fae7d9d2621659e6e8ba7b8f,cfb-pvam-bayl-2026-09-12,2026-09-13T00:00:00Z,14,1395.929775,42.29,1471,1,
0xe96311b8ba660c80c035ac5841c7ac6e561a159f9f92b0d7954140bba6a477e1,cfb-sfaus-abchr-2026-09-12,2026-09-13T00:00:00Z,18,1387.314446,737.62,1519,1,
0x95c0a1e4fba2aac7e6b2d6428259acfb9f5615fc42adbe9a74e8043ea22fd67a,cfb-calpol-sjst-2026-09-12,2026-09-13T01:00:00Z,6,180.804544,16.55,70666,1,
0xec4fd955aae69626d9e23fd6ac0568f577ebce95ede5c51688b8419a59776991,cfb-txs-utep-2026-09-12,2026-09-13T01:00:00Z,37,3691.444244,2784.77,13545,1,
0xa01954bba41357eea031c19c63550209ad1985dd69efbe762815af1436fee030,cfb-ndak-portst-2026-09-12,2026-09-13T02:00:00Z,9,582.930328,338.78,1163,1,
0x0c8fe9d18387c60f3f47b738f6bad5d967150fea770217391b4fd848dd9cccd0,cfb-ndkst-airf-2026-09-12,2026-09-13T02:00:00Z,52,24382.815992,11643.11,197304,1,
0x70e4db596762849b01b5fe04ff1a7945a1fb96d1dd75d0566fea7d14b1d79846,cfb-ark-utah-2026-09-12,2026-09-13T02:15:00Z,59,36534.711477,22434.69,101725,1,
0x1236cac78c4c7d0425542449efe31730157ca4ea3e79b58f717da1b999ec76e6,cfb-monst-nevada-2026-09-12,2026-09-13T02:30:00Z,172,102827.630485,52578.65,163909,1,
0x6f44b72109e03f37a1c12562b3f20d7b7bc992812fdf17eedfe541fae889c4e3,cfb-sacst-frest-2026-09-12,2026-09-13T02:30:00Z,5,5491.336667,612.25,12979,1,
0xe9597f276a4ee812bdf943451ecc610627b43d9bfa77fa42c27bcefb463dafb9,cfb-loulaf-usc-2026-09-12,2026-09-13T03:00:00Z,81,7257.362531,2360.7,12744,1,
