condition_id,event_slug,league,away,home,game_start_utc,winning_outcome,final_candidates,espn_id,espn_start_utc,hours_from_start,season_type,neutral_site,away_score,home_score,away_is_away,winner_agrees
0xc350c67905c6c3b294f7d0296a27af3b221f2f53ace61817281ef9bd2f7ae059,nfl-mia-atl-2024-08-09,nfl,Dolphins,Falcons,2024-08-08T23:00:00Z,0,1,401671915,2024-08-09T23:00Z,24.0,1,0,20,13,0,1
0x2c9e06b6e56eb626beea2493361a7eed6d6f5225ae11f1039a441bdb38ddbcb9,nfl-ne-car-2024-08-08,nfl,Patriots,Panthers,2024-08-08T23:00:00Z,0,1,401671918,2024-08-08T23:00Z,0.0,1,0,17,3,0,1
0x1e4cc8b71d164b61c11a01e20050cc89a4a614a24c1091c14aa9adc05896b05c,nfl-nyg-det-2024-08-08,nfl,Giants,Lions,2024-08-08T23:00:00Z,0,1,401673457,2024-08-08T23:00Z,0.0,1,0,14,3,0,1
0x1e0e3376d6e50157035c946bbc714815af44b9f017a454f91c2df93e7221bfe8,nfl-pit-hou-2024-08-09,nfl,Steelers,Texans,2024-08-08T23:00:00Z,1,1,401671905,2024-08-09T23:00Z,24.0,1,0,12,20,0,1
0x7613667579785d4f6e981e78d81099bb48af4c8a37f3f54aafaabd629691511c,nfl-bal-phi-2024-08-09,nfl,Ravens,Eagles,2024-08-08T23:30:00Z,1,1,401671897,2024-08-09T23:30Z,24.0,1,0,13,16,0,1
0xd46869ee4d90141f2fab3a40738a0edb33fe94e2d355d08aa4de978247f5aab4,nfl-nyj-wsh-2024-08-10,nfl,Jets,Commanders,2024-08-10T16:00:00Z,0,1,401673171,2024-08-10T16:00Z,0.0,1,0,20,17,0,1
0x41c0924d37aeb35920ca4d1678f54adf62091ef2cdf4ecd0b5b14ab8a94a4cb4,nfl-buf-chi-2024-08-10,nfl,Bills,Bears,2024-08-10T17:00:00Z,1,1,401671615,2024-08-10T17:00Z,0.0,1,0,6,33,0,1
0x0d8cbc863ef16e86b99663877df5b7c636a76168ee3eb042a9a66967c4de150f,nfl-min-las-2024-08-10,nfl,Vikings,Raiders,2024-08-10T20:00:00Z,0,1,401672005,2024-08-10T20:00Z,0.0,1,0,24,23,0,1
0x990dde5becba8babe20283331f3bdaccc711022f5c578bfd1c03af958dec40a4,nfl-cle-gb-2024-08-10,nfl,Browns,Packers,2024-08-10T20:25:00Z,1,1,401671902,2024-08-10T20:25Z,0.0,1,0,10,23,0,1
0x3e3a32ceb5076f7659a8a66b4ed8324fbf9f80c2439bbe53ccb16b30fed1e0a0,nfl-cin-tb-2024-08-10,nfl,Bengals,Buccaneers,2024-08-10T23:00:00Z,1,1,401671900,2024-08-10T23:00Z,0.0,1,0,14,17,0,1
0xba8ef02cc8e9819d8d46954f568d98abd1d43cc5d4647eb916020a79a5a5d20f,nfl-jax-kc-2024-08-10,nfl,Jaguars,Chiefs,2024-08-10T23:00:00Z,0,1,401671910,2024-08-10T23:00Z,0.0,1,0,26,13,0,1
0x0ad68cef63e0d6fc1700ca4ea272a70c409e1a52ce93a6cc6373f711dba7f1d5,nfl-ten-sf-2024-08-10,nfl,Titans,49ers,2024-08-10T23:00:00Z,0,1,401673472,2024-08-10T23:00Z,0.0,1,0,17,13,0,1
0xa50376835907c3e8a4a5c71920b3603933cf9e4e52607c751dae5142cf670c40,nfl-lac-sea-2024-08-10,nfl,Chargers,Seahawks,2024-08-10T23:05:00Z,1,1,401671907,2024-08-10T23:05Z,0.0,1,0,3,16,0,1
0xf560a49cec303d35f21cbfe9e15f854fb5a4438d374f4835213042b7ce4b8b83,nfl-ari-no-2024-08-10,nfl,Cardinals,Saints,2024-08-11T00:00:00Z,1,1,401673456,2024-08-11T00:00Z,0.0,1,0,14,16,0,1
0x4767200a3408052dbd2a28f00b4eab336eb8fab551093529d7314e9d4604a3f0,nfl-ind-den-2024-08-11,nfl,Colts,Broncos,2024-08-11T17:00:00Z,1,1,401671920,2024-08-11T17:00Z,0.0,1,0,30,34,0,1
0x50b55c2f36de0c195b944b569824f1e6239d8a16905c8e85dee272a7514e96ac,nfl-lar-dal-2024-08-11,nfl,Rams,Cowboys,2024-08-11T20:30:00Z,0,1,401671913,2024-08-11T20:30Z,0.0,1,0,13,12,0,1
0xdcc5d1482abf4ed554b1efdfce19a82bd04edc346d4afb79051d943c6959dde5,nfl-ne-phi-2024-08-15,nfl,Patriots,Eagles,2024-08-15T23:00:00Z,1,1,401671919,2024-08-15T23:00Z,0.0,1,0,13,14,0,1
0x5f1043f4ce5bf0fe03ad5e4735850301126fb2d1216ad7b7573195a290b62865,nfl-bal-atl-2024-08-17,nfl,Ravens,Falcons,2024-08-17T16:00:00Z,0,1,401671898,2024-08-17T16:00Z,0.0,1,0,13,12,0,1
0x57d1dfc8ca922ecfe16667986df35fc388a97f049d348c194f625ab13ed0154d,nfl-chi-cin-2024-08-17,nfl,Bears,Bengals,2024-08-17T17:00:00Z,0,1,401671901,2024-08-17T17:00Z,0.0,1,0,27,3,0,1
0x9701113c83ca981a88f6ccec69bf84663e4fa7f01d10afd868525f83869f063e,nfl-hou-nyg-2024-08-17,nfl,Texans,Giants,2024-08-17T17:00:00Z,0,1,401671924,2024-08-17T17:00Z,0.0,1,0,28,10,0,1
0xd065c173a6bffdc34729032db34910d0672b834bb2ebee10e835896f2d434342,nfl-kc-det-2024-08-17,nfl,Chiefs,Lions,2024-08-17T20:00:00Z,1,1,401671911,2024-08-17T20:00Z,0.0,1,0,23,24,0,1
0xec6411ce19f9d29c5b4a7465a848b22a1fd638a8a8fe496f30ff10b6d0811248,nfl-lac-lar-2024-08-17,nfl,Chargers,Rams,2024-08-17T20:05:00Z,1,1,401671908,2024-08-17T23:05Z,3.0,1,0,9,13,0,1
0x72518793d4b046de4d936caa9da59d4e69cd47ee0bbf985b1a4ee6a76efcdd5a,nfl-cle-min-2024-08-17,nfl,Browns,Vikings,2024-08-17T20:25:00Z,1,1,401671903,2024-08-17T20:25Z,0.0,1,0,12,27,0,1
0x7fda23e1a1c7476ece931a79f4a92fa2a4a41f8536c16e5abb02bd0fd317e622,nfl-car-nyj-2024-08-17,nfl,Panthers,Jets,2024-08-17T23:00:00Z,1,1,401676591,2024-08-17T23:00Z,0.0,1,0,12,15,0,1
0xf2bcd3865b1fba3de43071a0b4dd3d44291e1f16369a1f268c791b75af4caeeb,nfl-ind-ari-2024-08-17,nfl,Colts,Cardinals,2024-08-17T23:00:00Z,0,1,401671936,2024-08-17T23:00Z,0.0,1,0,21,13,0,1
0xd8539357e014b7d3c37786f1a2262c0f898643ba4b1043dfef2764e65a4bd773,nfl-mia-wsh-2024-08-17,nfl,Dolphins,Commanders,2024-08-17T23:00:00Z,0,1,401671916,2024-08-17T23:00Z,0.0,1,0,13,6,0,1
0xb6c45df45afa17cc21abd3af127d0540c4c51204342ae69eac432f0d178ae0cf,nfl-pit-buf-2024-08-17,nfl,Steelers,Bills,2024-08-17T23:00:00Z,1,1,401671906,2024-08-17T23:00Z,0.0,1,0,3,9,0,1
0x3e5d40fcb2c79f084acc7e176ec5ce529c2a388530ad488e4778be3610f79c5f,nfl-ten-sea-2024-08-17,nfl,Titans,Seahawks,2024-08-17T23:00:00Z,0,1,401673562,2024-08-17T23:00Z,0.0,1,0,16,15,0,1
0xbf2ecb2b64da976757a8a3bf62475fb1d912f7b3a097b3ec3c92694d5710e60e,nfl-jax-tb-2024-08-17,nfl,Jaguars,Buccaneers,2024-08-17T23:30:00Z,0,1,401671925,2024-08-17T23:30Z,0.0,1,0,20,7,0,1
0x970d0ca607116afdcca224523c90ce658702d8e2e49239503845e1e6099cda95,nfl-las-dal-2024-08-17,nfl,Raiders,Cowboys,2024-08-18T02:00:00Z,1,1,401672897,2024-08-18T02:00Z,0.0,1,0,12,27,0,1
0x884c5de214280e76b56291f82d5aecc193a95b71e893478074950bdb0a9f5b00,nfl-den-gb-2024-08-18,nfl,Broncos,Packers,2024-08-19T00:00:00Z,0,1,401671921,2024-08-19T00:00Z,0.0,1,0,27,2,0,1
0x2ed1602eb5bf33927d77bdde59f90de9b4ee2752d6de714b3a4b8abbeed450bf,nfl-sf-no-2024-08-18,nfl,49ers,Saints,2024-08-19T00:00:00Z,0,1,401671611,2024-08-19T00:00Z,0.0,1,0,16,10,0,1
0xe2da54b2f6d553085bf7091ac0b6739bce0fc0c5c44648f77395e4b58e5aa93c,nfl-cin-ind-2024-08-22,nfl,Bengals,Colts,2024-08-23T00:00:00Z,1,1,401671612,2024-08-23T00:00Z,0.0,1,0,14,27,0,1
0x76e42239de73b10966339de8272649e336f2a0357f669b61234252fcc644dea7,nfl-kc-chi-2024-08-22,nfl,Chiefs,Bears,2024-08-23T00:20:00Z,1,1,401671912,2024-08-23T00:20Z,0.0,1,0,21,34,0,1
0x43b923284854c7a6b56dd88b855363155c228b6442d1faea064f6daa58c287df,nfl-atl-jax-2024-08-23,nfl,Falcons,Jaguars,2024-08-23T23:00:00Z,1,1,401671922,2024-08-23T23:00Z,0.0,1,0,0,31,0,1
0xb0151072ad9cb68b4f13b9a5ab8aac12767551f1c85a9f254f8cf5a8314e9e9c,nfl-tb-mia-2024-08-23,nfl,Buccaneers,Dolphins,2024-08-23T23:30:00Z,0,1,401671917,2024-08-23T23:30Z,0.0,1,0,24,14,0,1
0x1044aa08aff25e27c01d9faa26e007abd463efdfa85c176e007dae2db6658af7,nfl-las-sf-2024-08-23,nfl,Raiders,49ers,2024-08-24T02:00:00Z,0,1,401672898,2024-08-24T02:00Z,0.0,1,0,24,24,0,0
0x7a2f53799cb7bc9535aec3ee7b582040c830507196c6ecd773102f08e21e3493,nfl-buf-car-2024-08-24,nfl,Bills,Panthers,2024-08-24T17:00:00Z,1,1,401671896,2024-08-24T17:00Z,0.0,1,0,26,31,0,1
0x8aa01c2023dec214914bb4b80d48ab4a0c48cdc2d99e055f566936423f16b999,nfl-det-pit-2024-08-24,nfl,Lions,Steelers,2024-08-24T17:00:00Z,0,1,401673458,2024-08-24T17:00Z,0.0,1,0,24,17,0,1
0x6bfc0bc891c69a2bdb32cbd9712df1a3401b63e30f3d689013606248b88308bf,nfl-gb-bal-2024-08-24,nfl,Packers,Ravens,2024-08-24T17:00:00Z,0,1,401671899,2024-08-24T17:00Z,0.0,1,0,30,7,0,1
0xd22e5e61d706d872b0227f7bf2c6f16a1b04a99cee1a645995e2d935d5d719c0,nfl-hou-lar-2024-08-24,nfl,Texans,Rams,2024-08-24T17:00:00Z,0,1,401671914,2024-08-24T17:00Z,0.0,1,0,17,15,0,1
0xd7d0a90ed9ce9a2dc531dda0b0dc2686370bf75de3a6cc48a64548e4fabb2d64,nfl-phi-min-2024-08-24,nfl,Eagles,Vikings,2024-08-24T17:00:00Z,1,1,401672006,2024-08-24T17:00Z,0.0,1,0,3,26,0,1
0xe990f0940fba8098df9da1199572ba8bb303c8bd9d91a61db86b9e041377f477,nfl-dal-lac-2024-08-24,nfl,Cowboys,Chargers,2024-08-24T20:00:00Z,1,1,401671909,2024-08-24T20:00Z,0.0,1,0,19,26,0,1
0x89ec43443f68e7c9272dc64350883bf164522e50bb83784399bc899388cb656d,nfl-nyj-nyg-2024-08-24,nfl,Jets,Giants,2024-08-24T23:30:00Z,0,1,401673172,2024-08-24T23:30Z,0.0,1,0,10,6,0,1
0xc2e3c69f9509b28c8b1fa36914541acc372dbbd9be23ad943db18b5d51b0e57d,nfl-sea-cle-2024-08-24,nfl,Seahawks,Browns,2024-08-25T02:00:00Z,0,1,401671904,2024-08-25T02:00Z,0.0,1,0,37,33,0,1
0xc206473e788a1d8f149e1f382284b9a15d8ad3c321598eb44a2d8f5c1b37cac6,nfl-no-ten-2024-08-25,nfl,Saints,Titans,2024-08-25T18:00:00Z,1,1,401673561,2024-08-25T18:00Z,0.0,1,0,27,30,0,1
0x638f8aed0408872de787a6a43ceba228077f0f7e30293e851698f7c41513799c,nfl-den-ari-2024-08-25,nfl,Broncos,Cardinals,2024-08-25T20:30:00Z,0,1,401671613,2024-08-25T20:30Z,0.0,1,0,38,12,0,1
0x79d3128ebb405b12f275bfaca69eee3c0670bb314e9460fb1c0547ec9a356e21,nfl-wsh-ne-2024-08-25,nfl,Commanders,Patriots,2024-08-26T00:00:00Z,0,1,401671614,2024-08-26T00:00Z,0.0,1,0,20,10,0,1
0x67fa536f0656849558b515fc5ea695dddb24a3677315c00517b25390ada9531d,nfl-kc-bal-2024-09-05,nfl,Chiefs,Ravens,2024-09-06T00:20:00Z,0,1,401671789,2024-09-06T00:40Z,0.33,2,0,27,20,0,1
0xabb102227925a54804e3bf05e074e8065251bd34d23ded396252118b891216aa,nfl-phi-gb-2024-09-06,nfl,Eagles,Packers,2024-09-07T00:15:00Z,0,1,401671805,2024-09-07T00:15Z,0.0,2,1,34,29,0,1
0xbf9e9ec65dde46de974233c8521c11900ed79c5d5a7efa7f5e057a799e6ac075,nfl-atl-pit-2024-09-08,nfl,Falcons,Steelers,2024-09-08T17:00:00Z,1,1,401671744,2024-09-08T17:00Z,0.0,2,0,10,18,0,1
0xf3a8040acb7eaad81bb683dce8abb999921114c8a20003b745db93a8b8c23e3e,nfl-buf-ari-2024-09-08,nfl,Bills,Cardinals,2024-09-08T17:00:00Z,0,1,401671617,2024-09-08T17:00Z,0.0,2,0,34,28,0,1
0xe9f3b8c276c31b82fafc0664892ec1418973a8a2b42804bd9533571288cff543,nfl-chi-ten-2024-09-08,nfl,Bears,Titans,2024-09-08T17:00:00Z,0,1,401671719,2024-09-08T17:00Z,0.0,2,0,24,17,0,1
0xb660bc7638057be462e8a0a5d902e4a4067165ecc478128e2722aa430c29dc4d,nfl-cin-ne-2024-09-08,nfl,Bengals,Patriots,2024-09-08T17:00:00Z,1,1,401671628,2024-09-08T17:00Z,0.0,2,0,10,16,0,1
0x216c3740661ac7f68a60c329fb7ee648553b995b04efa865d7e1c1388c46acb8,nfl-ind-hou-2024-09-08,nfl,Colts,Texans,2024-09-08T17:00:00Z,1,1,401671861,2024-09-08T17:00Z,0.0,2,0,27,29,0,1
0xc56a15f5807c6b385c4455ae939f0c4eaa188cb3864dc42431227d64520cea04,nfl-mia-jax-2024-09-08,nfl,Dolphins,Jaguars,2024-09-08T17:00:00Z,0,1,401671849,2024-09-08T17:00Z,0.0,2,0,20,17,0,1
0x33b9d78c22e386934619b56f364add2575bd52ee65efce66d81cb2b9ce02d176,nfl-no-car-2024-09-08,nfl,Saints,Panthers,2024-09-08T17:00:00Z,0,1,401671734,2024-09-08T17:00Z,0.0,2,0,47,10,0,1
0x9cbf74b70ecf4fa8b5012f32a51eaac13dff8375b953d28168cbf6d5f7147ea4,nfl-nyg-min-2024-09-08,nfl,Giants,Vikings,2024-09-08T17:00:00Z,1,1,401671712,2024-09-08T17:00Z,0.0,2,0,6,28,0,1
0xffc57722ef27e8bd300466527140b98650feb700f47e25b0242a4e8e2f55ded1,nfl-lac-las-2024-09-08,nfl,Chargers,Raiders,2024-09-08T20:05:00Z,0,1,401671659,2024-09-08T20:05Z,0.0,2,0,22,10,0,1
0x8a01543e2814dce9a9ea5a01af633656db4c799058c5c61e3b66fb6a51749e2c,nfl-sea-den-2024-09-08,nfl,Seahawks,Broncos,2024-09-08T20:05:00Z,0,1,401671664,2024-09-08T20:05Z,0.0,2,0,26,20,0,1
0xbb7f1a9cc64c8a6a2716984b7bc476f2187eac544bc761322cb25466c3411af1,nfl-cle-dal-2024-09-08,nfl,Browns,Cowboys,2024-09-08T20:25:00Z,1,1,401671761,2024-09-08T20:25Z,0.0,2,0,17,33,0,1
0x4184b911bde81c5dec5a972626640ebcd522eb2e47f5dccbf2d77f229d4f6ed9,nfl-tb-wsh-2024-09-08,nfl,Buccaneers,Commanders,2024-09-08T20:25:00Z,0,1,401671770,2024-09-08T20:25Z,0.0,2,0,37,20,0,1
0x1d517b0f8156207d3cdbd6a8691de86f2b013b3812c216100203c91f75ff08bb,nfl-det-lar-2024-09-08,nfl,Lions,Rams,2024-09-09T00:20:00Z,0,1,401671792,2024-09-09T00:20Z,0.0,2,0,26,20,0,1
0x5906417c5adbafee37c4ecbb89a5ec860930a135d42a9f18ad1163ed7b08539a,nfl-sf-nyj-2024-09-09,nfl,49ers,Jets,2024-09-10T00:20:00Z,0,1,401671696,2024-09-10T00:15Z,0.08,2,0,32,19,0,1
0xca4898518746987457d80d96f7531b918414f8b1b9d361e6d011461d07201be4,nfl-mia-buf-2024-09-12,nfl,Dolphins,Bills,2024-09-13T00:15:00Z,1,1,401671807,2024-09-13T00:15Z,0.0,2,0,10,31,0,1
0xfec0062eb32622dd29fd82d3e6e90e4907021e166636b915880d3085c0a7751d,nfl-bal-las-2024-09-15,nfl,Ravens,Raiders,2024-09-15T17:00:00Z,1,1,401671624,2024-09-15T17:00Z,0.0,2,0,23,26,0,1
0x99e65b09100575db283ecae76910312cbd66c1d4fe9e2459a22135bb51a7077e,nfl-car-lac-2024-09-15,nfl,Panthers,Chargers,2024-09-15T17:00:00Z,1,1,401671652,2024-09-15T17:00Z,0.0,2,0,3,26,0,1
0x017df324230a7e4f2792536319803e995afac1e3d8b2da946612d5a5233f7d41,nfl-dal-no-2024-09-15,nfl,Cowboys,Saints,2024-09-15T17:00:00Z,1,1,401671709,2024-09-15T17:00Z,0.0,2,0,19,44,0,1
0xb8af154cab512b8323367dba0620040f1c39281b2f66e36f4f3559814dd015c4,nfl-det-tb-2024-09-15,nfl,Lions,Buccaneers,2024-09-15T17:00:00Z,1,1,401671721,2024-09-15T17:00Z,0.0,2,0,16,20,0,1
0x62a027ebe52693150b0bf6fffe69ed065ef269ae392418576abcd8df3fe521a3,nfl-gb-ind-2024-09-15,nfl,Packers,Colts,2024-09-15T17:00:00Z,0,1,401671723,2024-09-15T17:00Z,0.0,2,0,16,10,0,1
0xc72e7716ef254edc034a6c25ab6d8791ee9f858394851c6de00e24cf774d6024,nfl-jax-cle-2024-09-15,nfl,Jaguars,Browns,2024-09-15T17:00:00Z,1,1,401671635,2024-09-15T17:00Z,0.0,2,0,13,18,0,1
0xa84e39e7407fe99b0bd40044ebb384bca68b74bc0ddc47a771e9feeb0b262c02,nfl-min-sf-2024-09-15,nfl,Vikings,49ers,2024-09-15T17:00:00Z,0,1,401671645,2024-09-15T17:00Z,0.0,2,0,23,17,0,1
0xe65e20750773b7d1d006b90697b0affc8946cbc673c4f921b08f14f8fc70ad3e,nfl-ne-sea-2024-09-15,nfl,Patriots,Seahawks,2024-09-15T17:00:00Z,1,1,401671702,2024-09-15T17:00Z,0.0,2,0,20,23,0,1
0xf77eb0eefbb6f4f3160b1a7bae3da902f1297786be7cb74797c2788f3c1dd444,nfl-ten-nyj-2024-09-15,nfl,Titans,Jets,2024-09-15T17:00:00Z,1,1,401671636,2024-09-15T17:00Z,0.0,2,0,17,24,0,1
0x1de298f909a4d4b4b42c2f428c5d028dbc0c8c606cfd692aa116c69a4ab63346,nfl-wsh-nyg-2024-09-15,nfl,Commanders,Giants,2024-09-15T17:00:00Z,0,1,401671716,2024-09-15T17:00Z,0.0,2,0,21,18,0,1
0x31233564f67d76c00bd9fe2bf0d4fd9490d0988d2633bb5303088ac86a9782b1,nfl-ari-lar-2024-09-15,nfl,Cardinals,Rams,2024-09-15T20:05:00Z,0,1,401671754,2024-09-15T20:05Z,0.0,2,0,41,10,0,1
0x4ba4df57f1b400a5eeb1ac62f2e684bca2f3bc5843b9f2f07125334f4f7747dc,nfl-den-pit-2024-09-15,nfl,Broncos,Steelers,2024-09-15T20:25:00Z,1,1,401671668,2024-09-15T20:25Z,0.0,2,0,6,13,0,1
0x0f57082a94f7dc3c3bd2bea1dc5f55c7b3f4b1886254027ba1ac314d40bf201f,nfl-kc-cin-2024-09-15,nfl,Chiefs,Bengals,2024-09-15T20:25:00Z,0,1,401671670,2024-09-15T20:25Z,0.0,2,0,26,25,0,1
0x83c0226137dd64d6bfc583aebd16950e4d16ddc6a6da785dcd5c3805dff2d0e6,nfl-hou-chi-2024-09-15,nfl,Texans,Bears,2024-09-16T00:20:00Z,0,1,401671786,2024-09-16T00:20Z,0.0,2,0,19,13,0,1
0x54eff4c60c8b11048ba974f9bb96234b682c2c565b645b4edecc6234c5ae5cda,nfl-phi-atl-2024-09-16,nfl,Eagles,Falcons,2024-09-17T00:15:00Z,1,1,401671691,2024-09-17T00:15Z,0.0,2,0,21,22,0,1
0x5bb5af1799c00bb0457265306e8d86853e502497923a0eb4e6704d3b296b8d96,nfl-nyj-ne-2024-09-19,nfl,Jets,Patriots,2024-09-20T00:15:00Z,0,1,401671808,2024-09-20T00:15Z,0.0,2,0,24,3,0,1
0x073c48ea05aad528c3e0fa72629550c7256a54b9b5646adbc259627535a752ba,nfl-cle-nyg-2024-09-22,nfl,Browns,Giants,2024-09-22T17:00:00Z,1,1,401671855,2024-09-22T17:00Z,0.0,2,0,15,21,0,1
0x18eaf2284aac18152bef60a8d60bc67baa806e9f13676b395f7922bd70b4589d,nfl-ind-chi-2024-09-22,nfl,Colts,Bears,2024-09-22T17:00:00Z,0,1,401671865,2024-09-22T17:00Z,0.0,2,0,21,16,0,1
0xdf1b68ea6212c051591e189caee9545d1ce132aa9384f41d5b4116222b94d2b3,nfl-min-hou-2024-09-22,nfl,Vikings,Texans,2024-09-22T17:00:00Z,0,1,401671646,2024-09-22T17:00Z,0.0,2,0,34,7,0,1
0x105d010dd18eefdfa9a45230586dc7a436b90130c1482f61e118789d38e794cf,nfl-no-phi-2024-09-22,nfl,Saints,Eagles,2024-09-22T17:00:00Z,1,1,401671736,2024-09-22T17:00Z,0.0,2,0,12,15,0,1
0x15642633c4a040c162082a2a0ef533aa98fd1e36703b29522002676a646243d4,nfl-pit-lac-2024-09-22,nfl,Steelers,Chargers,2024-09-22T17:00:00Z,0,1,401671632,2024-09-22T17:00Z,0.0,2,0,20,10,0,1
0x103fa51edb3629ddfa0454dfd2521b9dd595c13f0f48434ab5325f897c36a5cf,nfl-tb-den-2024-09-22,nfl,Buccaneers,Broncos,2024-09-22T17:00:00Z,1,1,401671741,2024-09-22T17:00Z,0.0,2,0,7,26,0,1
0x34e342f2f3c299d78c0728b9f72ebbcb0eee597345f98e163c3b673b9308a39d,nfl-ten-gb-2024-09-22,nfl,Titans,Packers,2024-09-22T17:00:00Z,1,1,401671823,2024-09-22T17:00Z,0.0,2,0,14,30,0,1
0x8abe25bd661e0c22c57c64be6c7dfb86ca9f35ba7c9cd48b828b4b03d45ea057,nfl-las-car-2024-09-22,nfl,Raiders,Panthers,2024-09-22T20:05:00Z,1,1,401671658,2024-09-22T20:05Z,0.0,2,0,22,36,0,1
0x884bff7c5d6501c00b5172fbd314f404f6016033005a9a5f14daa57731e37022,nfl-sea-mia-2024-09-22,nfl,Seahawks,Dolphins,2024-09-22T20:05:00Z,0,1,401671662,2024-09-22T20:05Z,0.0,2,0,24,3,0,1
0x7c8ebb1e419333ac91793baf21b277d9d7c06f402340c0047d3ac092742d8aad,nfl-ari-det-2024-09-22,nfl,Cardinals,Lions,2024-09-22T20:25:00Z,1,1,401671771,2024-09-22T20:25Z,0.0,2,0,13,20,0,1
0x37c117260de106df94b971e3fe99ffde3d3cb58a693aa36fdb881602c942f850,nfl-dal-bal-2024-09-22,nfl,Cowboys,Ravens,2024-09-22T20:25:00Z,1,1,401671763,2024-09-22T20:25Z,0.0,2,0,25,28,0,1
0x2857c3220d39c5027597520757d2656eeb76bb400fcc02c18065745935df81a2,nfl-lar-sf-2024-09-22,nfl,Rams,49ers,2024-09-22T20:25:00Z,0,1,401671772,2024-09-22T20:25Z,0.0,2,0,27,24,0,1
0x05d4740cce1eca97cd4729f8195793bbb086420feddb68b24df1a43fc8d93a2b,nfl-atl-kc-2024-09-22,nfl,Falcons,Chiefs,2024-09-23T00:20:00Z,1,1,401671793,2024-09-23T00:20Z,0.0,2,0,17,22,0,1
0xdf8ee7efcddc952e3b2f0ad127bf368b6f5866041ed448b9478b46cf407a37ee,nfl-buf-jax-2024-09-23,nfl,Bills,Jaguars,2024-09-23T23:30:00Z,0,1,401671682,2024-09-23T23:30Z,0.0,2,0,47,10,0,1
0x0acb9c9e2267f849236855b919dbf4be7ab44bfa8ac30a813580404cdee8c459,nfl-cin-wsh-2024-09-23,nfl,Bengals,Commanders,2024-09-24T00:15:00Z,1,1,401671490,2024-09-24T00:15Z,0.0,2,0,33,38,0,1
0x652913133a6f632326d2e7c5e60527a9a669bc71f44a1eeec3c31b6db7d5cda7,nfl-nyg-dal-2024-09-26,nfl,Giants,Cowboys,2024-09-27T00:15:00Z,1,1,401671812,2024-09-27T00:15Z,0.0,2,0,15,20,0,1
0xcbe2d0aac9664d45eb36a19f54225eeb579ecd62937b253a6bb096395a443c8a,nfl-atl-no-2024-09-29,nfl,Falcons,Saints,2024-09-29T17:00:00Z,0,1,401671727,2024-09-29T17:00Z,0.0,2,0,26,24,0,1
0xa4a7aa6dd85b4d4fab1e1f2ba4a4eccf506526db0c8a4433f0e6f225092c0010,nfl-car-cin-2024-09-29,nfl,Panthers,Bengals,2024-09-29T17:00:00Z,1,1,401671745,2024-09-29T17:00Z,0.0,2,0,24,34,0,1
0x272f7df2f13caf5ace7d4f17dd137cd44b496487aa8540dd7620ec520baa0b26,nfl-chi-lar-2024-09-29,nfl,Bears,Rams,2024-09-29T17:00:00Z,0,1,401671871,2024-09-29T17:00Z,0.0,2,0,24,18,0,1
0x9f8142a1fa632341d611b5f3ee1403d358150e4b598c972232f721bde5edfa0d,nfl-gb-min-2024-09-29,nfl,Packers,Vikings,2024-09-29T17:00:00Z,1,1,401671643,2024-09-29T17:00Z,0.0,2,0,29,31,0,1
0xfa7290587067f8d1ceb9ceae72efeb6fb6f4c10d93d73f4634f2e74310b3628e,nfl-hou-jax-2024-09-29,nfl,Texans,Jaguars,2024-09-29T17:00:00Z,0,1,401671857,2024-09-29T17:00Z,0.0,2,0,24,20,0,1
0x1e26117dc82f914260700a10b5e022cc1d570848b515158e625d0930945afe67,nfl-ind-pit-2024-09-29,nfl,Colts,Steelers,2024-09-29T17:00:00Z,0,1,401671867,2024-09-29T17:00Z,0.0,2,0,27,24,0,1
0x5b2339d72e8f02392b5a74693e02934150353feb901c5196e921a40d0a4367dc,nfl-nyj-den-2024-09-29,nfl,Jets,Broncos,2024-09-29T17:00:00Z,1,1,401671622,2024-09-29T17:00Z,0.0,2,0,9,10,0,1
0xebff4b1708c508716258e6303b0a05ea43f4ed62a1dfe430831e83d5c2386dcd,nfl-tb-phi-2024-09-29,nfl,Buccaneers,Eagles,2024-09-29T17:00:00Z,0,1,401671740,2024-09-29T17:00Z,0.0,2,0,33,16,0,1
0xf480adf1c942b5e4aa5ff9e51db8be777a8da7faefb80dd6da1085c3ba59ba0e,nfl-ari-wsh-2024-09-29,nfl,Cardinals,Commanders,2024-09-29T20:05:00Z,1,1,401671755,2024-09-29T20:05Z,0.0,2,0,14,42,0,1
0x667965f785612624876538361c301d384cbee1a5ce89dc544619e01560403a72,nfl-sf-ne-2024-09-29,nfl,49ers,Patriots,2024-09-29T20:05:00Z,0,1,401671758,2024-09-29T20:05Z,0.0,2,0,30,13,0,1
0x0a5311b34d89ffccce641ae149eab72b5b74b057d1e11bd95d028813a38907dc,nfl-lac-kc-2024-09-29,nfl,Chargers,Chiefs,2024-09-29T20:25:00Z,1,1,401671674,2024-09-29T20:25Z,0.0,2,0,10,17,0,1
0x7fa31e54b19d2d046dfa6c673453678ef944e624b6ebd1162111e9e1d5f62fdc,nfl-las-cle-2024-09-29,nfl,Raiders,Browns,2024-09-29T20:25:00Z,0,1,401671672,2024-09-29T20:25Z,0.0,2,0,20,16,0,1
0xf2a81980abbc8cd3d287ecc144cf2a362f0a882f0fb6e106879907d194f678f3,nfl-bal-buf-2024-09-29,nfl,Ravens,Bills,2024-09-30T00:20:00Z,0,1,401671783,2024-09-30T00:20Z,0.0,2,0,35,10,0,1
0x6f278af04fa068bb6e63159a2751a9cff9f094e54e0c916cb4b980fe949378dc,nfl-ten-mia-2024-09-30,nfl,Titans,Dolphins,2024-09-30T23:30:00Z,0,1,401671683,2024-09-30T23:30Z,0.0,2,0,31,12,1,1
0xdbe900186aaef649b672e407d4a8901e7a5f4da166cdb92d06ff583811c37c82,nfl-sea-det-2024-09-30,nfl,Seahawks,Lions,2024-10-01T00:15:00Z,1,1,401671491,2024-10-01T00:15Z,0.0,2,0,29,42,1,1
0xa6d683bafb25ddcef6bd522d3224b781ee5a12f00ea7235246ebf052926304ba,nfl-tb-atl-2024-10-03,nfl,Buccaneers,Falcons,2024-10-04T00:15:00Z,1,1,401671815,2024-10-04T00:15Z,0.0,2,0,30,36,1,1
0x827178bf213dfd8a2455e02e8051d625a8800f6a27f30a2273f71b75ba072776,nfl-nyj-min-2024-10-06,nfl,Jets,Vikings,2024-10-06T13:30:00Z,1,1,401671804,2024-10-06T13:30Z,0.0,2,1,17,23,1,1
0x5b1ab931423c81a7c11b9d177fa91cb807950af379acaebed48f04cbb7437ade,nfl-bal-cin-2024-10-06,nfl,Ravens,Bengals,2024-10-06T17:00:00Z,0,1,401671626,2024-10-06T17:00Z,0.0,2,0,41,38,1,1
0xb1cd505a867ae9e24c1157781d042a792ef8403971c278b5325b394aa0fca0b9,nfl-buf-hou-2024-10-06,nfl,Bills,Texans,2024-10-06T17:00:00Z,1,1,401671859,2024-10-06T17:00Z,0.0,2,0,20,23,1,1
0x350ec8e72d395546f9659ca24d0268b2af2773515886e14643df6c7041788572,nfl-car-chi-2024-10-06,nfl,Panthers,Bears,2024-10-06T17:00:00Z,1,1,401671872,2024-10-06T17:00Z,0.0,2,0,10,36,1,1
0xeaef908665e72fae2032305f89a3e243a5dbccf61a83e759452a77a85d84e078,nfl-cle-wsh-2024-10-06,nfl,Browns,Commanders,2024-10-06T17:00:00Z,1,1,401671718,2024-10-06T17:00Z,0.0,2,0,13,34,1,1
0x5996331b3e590b911eeb06462c0f2136c9b045f571d6993c2fbbaff6e4327924,nfl-ind-jax-2024-10-06,nfl,Colts,Jaguars,2024-10-06T17:00:00Z,1,1,401671633,2024-10-06T17:00Z,0.0,2,0,34,37,1,1
0xc8c3142d66974bf4e5ca9c2f7d94dcdcf02e224ba7cd6605e46c84f0645edc18,nfl-mia-ne-2024-10-06,nfl,Dolphins,Patriots,2024-10-06T17:00:00Z,0,1,401671700,2024-10-06T17:00Z,0.0,2,0,15,10,1,1
0x20438a23054ddd3ad183fbd5ff39adb591542166e9d26834b7388d596b12169c,nfl-ari-sf-2024-10-06,nfl,Cardinals,49ers,2024-10-06T20:05:00Z,0,1,401671756,2024-10-06T20:05Z,0.0,2,0,24,23,1,1
0x7213669db30a8d7bff707924a3eca707e8b322591fd36f7d5b144d325eaf4be6,nfl-las-den-2024-10-06,nfl,Raiders,Broncos,2024-10-06T20:05:00Z,1,1,401671747,2024-10-06T20:05Z,0.0,2,0,18,34,1,1
0xa318825526391723e6fd92aa410ed4b5003c94078640ddd1424eacdaeef3d782,nfl-gb-lar-2024-10-06,nfl,Packers,Rams,2024-10-06T20:25:00Z,0,1,401671679,2024-10-06T20:25Z,0.0,2,0,24,19,1,1
0x66830748471f3878af5e49e473243738e08da96510c6a4562d577b3ec73cd90b,nfl-nyg-sea-2024-10-06,nfl,Giants,Seahawks,2024-10-06T20:25:00Z,0,1,401671680,2024-10-06T20:25Z,0.0,2,0,29,20,1,1
0xc61afd46c5ffa9188ea7ad2ef8693515599cf478005f1645f9871d9753d963b4,nfl-dal-pit-2024-10-06,nfl,Cowboys,Steelers,2024-10-07T00:20:00Z,0,1,401671784,2024-10-07T01:45Z,1.42,2,0,20,17,1,1
0xf0b8bc70ec24f2cf4ba963ed41c39720a9b1252fc94bd718ecaace148b4fad2d,nfl-no-kc-2024-10-07,nfl,Saints,Chiefs,2024-10-08T00:15:00Z,1,1,401671687,2024-10-08T00:15Z,0.0,2,0,13,26,1,1
0x2400bad21aba16b8df50cc547dd7456ea36093385723c047171cbf3ec01e0581,nfl-sf-sea-2024-10-10,nfl,49ers,Seahawks,2024-10-11T00:15:00Z,0,1,401671819,2024-10-11T00:15Z,0.0,2,0,36,24,1,1
0xfa23230e360f8272411b201f88e0cc8dd2eeda197bba8ce3b13a7a3335864b79,nfl-jax-chi-2024-10-13,nfl,Jaguars,Bears,2024-10-13T13:30:00Z,1,1,401671802,2024-10-13T13:30Z,0.0,2,1,16,35,1,1
0xfcdd8e4f36a1b58c2cec363bfb3446285aea63e8df18e6dfca2171511a2eb6cf,nfl-ari-gb-2024-10-13,nfl,Cardinals,Packers,2024-10-13T17:00:00Z,1,1,401671722,2024-10-13T17:00Z,0.0,2,0,13,34,1,1
0xf9f96c6bce32326586e1f54ad59b177059e8a318c8d5150c2abb9756ef733b68,nfl-cle-phi-2024-10-13,nfl,Browns,Eagles,2024-10-13T17:00:00Z,1,1,401671714,2024-10-13T17:00Z,0.0,2,0,16,20,1,1
0x1240b5ab786aef07bfcd213c37b39850fcd348fc36911dad09b0dd1ed2cfeea0,nfl-hou-ne-2024-10-13,nfl,Texans,Patriots,2024-10-13T17:00:00Z,0,1,401671619,2024-10-13T17:00Z,0.0,2,0,41,21,1,1
0x0e9810da2384deb579bd0ceaa58c2bca386bb1ead6c316efed25783c888217c6,nfl-ind-ten-2024-10-13,nfl,Colts,Titans,2024-10-13T17:00:00Z,0,1,401671820,2024-10-13T17:00Z,0.0,2,0,20,17,1,1
0xf948de37d9852fda726e5e8fbc5953cd02c4ee9dccdca83d31a5ce1a4d446b28,nfl-tb-no-2024-10-13,nfl,Buccaneers,Saints,2024-10-13T17:00:00Z,0,1,401671735,2024-10-13T17:00Z,0.0,2,0,51,27,1,1
0x6e19b38352a70f0cf9d0d920fbc46d42d7cb572e096c7170045c271062dbe1e9,nfl-wsh-bal-2024-10-13,nfl,Commanders,Ravens,2024-10-13T17:00:00Z,1,1,401671625,2024-10-13T17:00Z,0.0,2,0,23,30,1,1
0x174737c2e4303c514ce6da0af0f3bc666145994280ce3f7d60e9b4ed9288a53a,nfl-lac-den-2024-10-13,nfl,Chargers,Broncos,2024-10-13T20:05:00Z,0,1,401671655,2024-10-13T20:05Z,0.0,2,0,23,16,1,1
0xe0ad079ea21568e02bcf0c1f9cfec5f077185d60571b3978a84f333a99b2c555,nfl-pit-las-2024-10-13,nfl,Steelers,Raiders,2024-10-13T20:05:00Z,0,1,401671657,2024-10-13T20:05Z,0.0,2,0,32,13,1,1
0xe1fe6683c9f6862b954ba7fa6f9afcb5b563d83da597b006c2885fe4c7ac0008,nfl-atl-car-2024-10-13,nfl,Falcons,Panthers,2024-10-13T20:25:00Z,0,1,401671769,2024-10-13T20:25Z,0.0,2,0,38,20,1,1
0x63f171abdfa0a5a71f1dda78a204f9a35941bc6104808a602eb124bcac32f9f4,nfl-det-dal-2024-10-13,nfl,Lions,Cowboys,2024-10-13T20:25:00Z,0,1,401671764,2024-10-13T20:25Z,0.0,2,0,47,9,1,1
0x6cd1022d3357b3538d1426de168ea8ccd1442e3fd7ea8fe5741cdd05bd0114a0,nfl-cin-nyg-2024-10-13,nfl,Bengals,Giants,2024-10-14T00:20:00Z,0,1,401671791,2024-10-14T00:20Z,0.0,2,0,17,7,1,1
0x9e9adb89078e4cd2270c3f21c147bc60327468b1ae5676cdb165dbd49c6c0f4f,nfl-buf-nyj-2024-10-14,nfl,Bills,Jets,2024-10-15T00:15:00Z,0,1,401671684,2024-10-15T00:15Z,0.0,2,0,23,20,1,1
0x6b1ee500ba852149a777ff04707299dd25724babd538c6c92e3d90dcb2003824,nfl-den-no-2024-10-17,nfl,Broncos,Saints,2024-10-18T00:15:00Z,0,1,401671816,2024-10-18T00:15Z,0.0,2,0,33,10,1,1
0x8b4740e68bae2e344ad9cac74ce00fb4b8cb5894c00294b6923c6365ffb94f47,nfl-ne-jax-2024-10-20,nfl,Patriots,Jaguars,2024-10-20T13:30:00Z,1,1,401671801,2024-10-20T13:30Z,0.0,2,1,16,32,1,1
0x996f60d23be3e04dd77603aa1f455b6aba19a54ac7520d9f4d815a709a4543cd,nfl-cin-cle-2024-10-20,nfl,Bengals,Browns,2024-10-20T17:00:00Z,0,1,401671853,2024-10-20T17:00Z,0.0,2,0,21,14,1,1
0x97d28f2968e4d99c0c11d5b89ce7bb39bdef18b813f72ccde4e997a37297a5c8,nfl-det-min-2024-10-20,nfl,Lions,Vikings,2024-10-20T17:00:00Z,0,1,401671724,2024-10-20T17:00Z,0.0,2,0,31,29,1,1
0xdb7fc8bc231dc119faf8478fcdba3fe249263a4a0ced763e9a954c5a0026bb5b,nfl-hou-gb-2024-10-20,nfl,Texans,Packers,2024-10-20T17:00:00Z,1,1,401671644,2024-10-20T17:00Z,0.0,2,0,22,24,1,1
0x02b0a30d5cc093254ea4b9e634c1d52b98e0eeeb7858d0bc30ec4db2badfe54f,nfl-mia-ind-2024-10-20,nfl,Dolphins,Colts,2024-10-20T17:00:00Z,1,1,401671864,2024-10-20T17:00Z,0.0,2,0,10,16,1,1
0x620a94bf149e06ba81d5de597c52314b060fc28cdeabc53d450704198209bea6,nfl-phi-nyg-2024-10-20,nfl,Eagles,Giants,2024-10-20T17:00:00Z,0,1,401671710,2024-10-20T17:00Z,0.0,2,0,28,3,1,1
0x8a7bea6ab6dba51fd3c06f6e95fcddef87843a3eca3578be85133d518a160d11,nfl-sea-atl-2024-10-20,nfl,Seahawks,Falcons,2024-10-20T17:00:00Z,0,1,401671730,2024-10-20T17:00Z,0.0,2,0,34,14,1,1
0x26668f54e787a218722a85b72455aaf643c6e9fb02ccfdb80edef4dfcededa85,nfl-ten-buf-2024-10-20,nfl,Titans,Bills,2024-10-20T17:00:00Z,1,1,401671616,2024-10-20T17:00Z,0.0,2,0,10,34,1,1
0x7939dc7f5e05e8fdaedaf71a135966525ca9979528bec082fd4f8cb8a11c621c,nfl-car-wsh-2024-10-20,nfl,Panthers,Commanders,2024-10-20T20:05:00Z,1,1,401671640,2024-10-20T20:05Z,0.0,2,0,7,40,1,1
0x81c1385835cfb34226197babc2c7acd129f2969f3933c6f56778eeb3f327dd95,nfl-las-lar-2024-10-20,nfl,Raiders,Rams,2024-10-20T20:05:00Z,1,1,401671663,2024-10-20T20:05Z,0.0,2,0,15,20,1,1
0xe5a63ef2d9be07869ff68202359534d4b781879c32347c7e3c397a0471177fc8,nfl-kc-sf-2024-10-20,nfl,Chiefs,49ers,2024-10-20T20:25:00Z,0,1,401671777,2024-10-20T20:25Z,0.0,2,0,28,18,1,1
0x5d8e839de0121279cd52daf25cadececcbbbd78aa67e2bf581a3425405a4f3df,nfl-nyj-pit-2024-10-20,nfl,Jets,Steelers,2024-10-21T00:20:00Z,1,1,401671785,2024-10-21T00:20Z,0.0,2,0,15,37,1,1
0x8fab7cbf5ddf29016fef1875f4ba90446ed6f8f4a7ac36ea3881b133da0c35dc,nfl-bal-tb-2024-10-21,nfl,Ravens,Buccaneers,2024-10-22T00:15:00Z,0,1,401671695,2024-10-22T00:15Z,0.0,2,0,41,31,1,1
0x9860936522f10295900b487d0349294f372506d070bb7bab6d417e735d3022a1,nfl-lac-ari-2024-10-21,nfl,Chargers,Cardinals,2024-10-22T01:00:00Z,1,1,401671699,2024-10-22T01:00Z,0.0,2,0,15,17,1,1
0x1140c36e29a3625d7558b361a9b87a3b878dc73bcbfa7785416e59e179176a54,nfl-min-lar-2024-10-24,nfl,Vikings,Rams,2024-10-25T00:15:00Z,1,1,401671817,2024-10-25T00:15Z,0.0,2,0,20,30,1,1
0x9318f1ba3d826acf2952f02e3ab02190d3ce30cc7afa2b7b97b1424cdffade51,nfl-ari-mia-2024-10-27,nfl,Cardinals,Dolphins,2024-10-27T17:00:00Z,0,1,401671850,2024-10-27T17:00Z,0.0,2,0,28,27,1,1
0x2d23ff7e66d5be5c5182a0fc00283919b270c8ae4261e63edabfe0a76034c737,nfl-atl-tb-2024-10-27,nfl,Falcons,Buccaneers,2024-10-27T17:00:00Z,0,1,401671739,2024-10-27T17:00Z,0.0,2,0,31,26,1,1
0x9470f003aac554ecea57f31b433911c026f38898ffb645611bb012800c752981,nfl-bal-cle-2024-10-27,nfl,Ravens,Browns,2024-10-27T17:00:00Z,1,1,401671852,2024-10-27T17:00Z,0.0,2,0,24,29,1,1
0xd06f4abec1e4a460f46e7d5862df10a119f31f2d2980ddf0194777ffcca46572,nfl-gb-jax-2024-10-27,nfl,Packers,Jaguars,2024-10-27T17:00:00Z,0,1,401671707,2024-10-27T17:00Z,0.0,2,0,30,27,1,1
0x7ae59a2bc6a82fb4a2b6c9b053571c62036caaef5c58d2559ccdd25060e33958,nfl-ind-hou-2024-10-27,nfl,Colts,Texans,2024-10-27T17:00:00Z,1,1,401671856,2024-10-27T17:00Z,0.0,2,0,20,23,1,1
0x8c265812e2962833b6e0c4d9b10d57fe78ac744f9cabd7bbc0ef823dbb8282b3,nfl-nyj-ne-2024-10-27,nfl,Jets,Patriots,2024-10-27T17:00:00Z,1,1,401671618,2024-10-27T17:00Z,0.0,2,0,22,25,1,1
0x332d385232969673d98e30d95a20b1c5dc2c7fd3bbca1dd918ed9799c24e42fe,nfl-phi-cin-2024-10-27,nfl,Eagles,Bengals,2024-10-27T17:00:00Z,0,1,401671667,2024-10-27T17:00Z,0.0,2,0,37,17,1,1
0xa683d3e9a19d4fafd3f7139d6a8dcef4ffc91a50b2d2e25df9b834978d983560,nfl-ten-det-2024-10-27,nfl,Titans,Lions,2024-10-27T17:00:00Z,1,1,401671720,2024-10-27T17:00Z,0.0,2,0,14,52,1,1
0xd53f2bcdd69d3ff313209951c446171a73cef9382d350e7454006d70648d362a,nfl-buf-sea-2024-10-27,nfl,Bills,Seahawks,2024-10-27T20:05:00Z,0,1,401671760,2024-10-27T20:05Z,0.0,2,0,31,10,1,1
0x9bfe2bf9237386a2b9e8ccb5453ce596ad0c1d2f75d969af4b9f8e6eae0c9795,nfl-no-lac-2024-10-27,nfl,Saints,Chargers,2024-10-27T20:05:00Z,1,1,401671750,2024-10-27T20:05Z,0.0,2,0,8,26,1,1
0x6d0c7be442d4ea86711485eccf392ae9bd1cc7597dc01e5b25360f2eef437149,nfl-car-den-2024-10-27,nfl,Panthers,Broncos,2024-10-27T20:25:00Z,1,1,401671600,2024-10-27T20:25Z,0.0,2,0,14,28,1,1
0xba3b6c254c1099a2e1d11ac0801b17afe440d5f3dc4f2dd5b4a47bccf627991b,nfl-chi-was-2024-10-27,nfl,Bears,Commanders,2024-10-27T20:25:00Z,1,1,401671599,2024-10-27T20:25Z,0.0,2,0,15,18,1,1
0xdbe658c8255e05fc9fdd1ae1889a01a48b511b4f5ffd291858a1ecd8b514afea,nfl-kc-lv-2024-10-27,nfl,Chiefs,Raiders,2024-10-27T20:25:00Z,0,1,401671671,2024-10-27T20:25Z,0.0,2,0,27,20,1,1
0x6ada539b7e9db729a41fe5b4d17bbc9e0793289f101917e6b623ed7c103beca6,nfl-dal-sf-2024-10-27,nfl,Cowboys,49ers,2024-10-28T00:20:00Z,1,1,401671795,2024-10-28T00:20Z,0.0,2,0,24,30,1,1
0x023c558016e6e3fedcd538b4995aa38daf10e6545755f7726bf55c912213507a,nfl-nyg-pit-2024-10-28,nfl,Giants,Steelers,2024-10-29T00:15:00Z,1,1,401671685,2024-10-29T00:15Z,0.0,2,0,18,26,1,1
0xcd04add0c79c55d183366c2d6e717b561b7e9aed12f8091516efe6e60b12c389,nfl-hou-nyj-2024-10-31,nfl,Texans,Jets,2024-11-01T00:15:00Z,1,1,401671809,2024-11-01T00:15Z,0.0,2,0,13,21,1,1
0x5a23b8f93c1812d528aff714c73d28877384662aba86e2e88c69ef2b848eb78d,nfl-dal-atl-2024-11-03,nfl,Cowboys,Falcons,2024-11-03T18:00:00Z,1,1,401671728,2024-11-03T18:00Z,0.0,2,0,21,27,1,1
0x88ceb60ec5d99c63bc202afcdf31571e9d52b72aa35a9b517c87826523c8ea1d,nfl-den-bal-2024-11-03,nfl,Broncos,Ravens,2024-11-03T18:00:00Z,1,1,401671623,2024-11-03T18:00Z,0.0,2,0,10,41,1,1
0xbb0eca3e0381100707fea124fc9bfebdd32288361ee875e139347a225cc403f5,nfl-lac-cle-2024-11-03,nfl,Chargers,Browns,2024-11-03T18:00:00Z,0,1,401671629,2024-11-03T18:00Z,0.0,2,0,27,10,1,1
0x7e045d6b980f9dd616ee5683685fc323cdfb20f24899628075e40e332951f504,nfl-lv-cin-2024-11-03,nfl,Raiders,Bengals,2024-11-03T18:00:00Z,1,1,401671704,2024-11-03T18:00Z,0.0,2,0,24,41,1,1
0x22e400b00b8cf1f3d46d39c1754a07803891e654863f7279df519df515ff2d1b,nfl-mia-buf-2024-11-03,nfl,Dolphins,Bills,2024-11-03T18:00:00Z,1,1,401671493,2024-11-03T18:00Z,0.0,2,0,27,30,1,1
0x45fc777937f3b36150bdcac509ce74006ebf0b26916dc4a525d4ec83896f0ab5,nfl-ne-ten-2024-11-03,nfl,Patriots,Titans,2024-11-03T18:00:00Z,1,1,401671822,2024-11-03T18:00Z,0.0,2,0,17,20,1,1
0x98e59eebc6b4cd0f0af69b5b133543c261e25ba6512ad5470c92e5e1abc667e6,nfl-no-car-2024-11-03,nfl,Saints,Panthers,2024-11-03T18:00:00Z,1,1,401671650,2024-11-03T18:00Z,0.0,2,0,22,23,1,1
0xeb326064d1cfe8957e91c68fc7dbfdc809d161f2dd5427cf5c2ad7055ac83e42,nfl-was-nyg-2024-11-03,nfl,Commanders,Giants,2024-11-03T18:00:00Z,0,1,401671711,2024-11-03T18:00Z,0.0,2,0,27,22,1,1
0x70df323efebb5d90937b2d607fdc7960852fcd96e6d384b6ebeac62064ae1768,nfl-chi-ari-2024-11-03,nfl,Bears,Cardinals,2024-11-03T21:05:00Z,1,1,401671661,2024-11-03T21:05Z,0.0,2,0,9,29,1,1
0x054947d94706b4fdc222c8451d937f181f4ec9683e02963130aca4b247178cd7,nfl-jax-phi-2024-11-03,nfl,Jaguars,Eagles,2024-11-03T21:05:00Z,1,1,401671797,2024-11-03T21:05Z,0.0,2,0,23,28,1,1
0x09705a1441948a996cc2a053033f39ff13a921f2080b2c10a213748fff54e8be,nfl-det-gb-2024-11-03,nfl,Lions,Packers,2024-11-03T21:25:00Z,0,1,401671767,2024-11-03T21:25Z,0.0,2,0,24,14,1,1
0x777046f79b63687b1d027eedc430e5174f1a814fb9d70d8cbc14c2d07006c0b8,nfl-la-sea-2024-11-03,nfl,Rams,Seahawks,2024-11-03T21:25:00Z,0,1,401671776,2024-11-03T21:25Z,0.0,2,0,26,20,1,1
0x869e83a48153e35b1e1a7c2219a578b336fd63ca69570b0c51507697a2841a59,nfl-ind-min-2024-11-03,nfl,Colts,Vikings,2024-11-04T01:20:00Z,1,1,401671647,2024-11-04T01:20Z,0.0,2,0,13,21,1,1
0x92275edfcb1642365f642b81c893c410014cc40a68205face4d41c21e474aa1d,nfl-tb-kc-2024-11-04,nfl,Buccaneers,Chiefs,2024-11-05T01:15:00Z,1,1,401671688,2024-11-05T01:15Z,0.0,2,0,24,30,1,1
0x23de4d05e7fc57c732947965cf57b8557d3bf54de7b5b1cecff75a6c174f6b26,nfl-cin-bal-2024-11-07,nfl,Bengals,Ravens,2024-11-08T01:15:00Z,1,1,401671810,2024-11-08T01:15Z,0.0,2,0,34,35,1,1
0x98a7dce7267cafac68ec6aa64056cf8ce687336059c0b345f09b6f6c1fbc65f6,nfl-nyg-car-2024-11-10,nfl,Giants,Panthers,2024-11-10T14:30:00Z,1,1,401671803,2024-11-10T14:30Z,0.0,2,1,17,20,1,1
0x2bce0ebc62138aa701bc496c8f7a8b5a76c4ded1008949ddb7ef0c30a18e7c8d,nfl-atl-no-2024-11-10,nfl,Falcons,Saints,2024-11-10T18:00:00Z,1,1,401671733,2024-11-10T18:00Z,0.0,2,0,17,20,1,1
0x8b2dd47a5037334b15b5e7ffaef7e5368397930c64229d7359369c262588708c,nfl-buf-ind-2024-11-10,nfl,Bills,Colts,2024-11-10T18:00:00Z,0,1,401671863,2024-11-10T18:00Z,0.0,2,0,30,20,1,1
0xa11d53e4ec744bc1d510f5d3efe3bb440e5d3099a683a6230b769fce932302d9,nfl-den-kc-2024-11-10,nfl,Broncos,Chiefs,2024-11-10T18:00:00Z,1,1,401671637,2024-11-10T18:00Z,0.0,2,0,14,16,1,1
0xfbd16cef492d69666158e004b232570784251368bb3a8c7f068f9e2edb20d95b,nfl-min-jax-2024-11-10,nfl,Vikings,Jaguars,2024-11-10T18:00:00Z,0,1,401671708,2024-11-10T18:00Z,0.0,2,0,12,7,1,1
0xfdc1f1403dc0a15a9197a5f3d3a1818569584a6198db4e6e059d9dee3eb026f8,nfl-ne-chi-2024-11-10,nfl,Patriots,Bears,2024-11-10T18:00:00Z,0,1,401671873,2024-11-10T18:00Z,0.0,2,0,19,3,1,1
0xe2ddbeb9474b0a95eeae44f270a968b7ab635f8fd759cae2db3df84d60c4cd0d,nfl-pit-was-2024-11-10,nfl,Steelers,Commanders,2024-11-10T18:00:00Z,0,1,401671641,2024-11-10T18:00Z,0.0,2,0,28,27,1,1
0x2e4858365f76ae581bd73f90cc48480a7e119856548e903554baebcd860e02de,nfl-sf-tb-2024-11-10,nfl,49ers,Buccaneers,2024-11-10T18:00:00Z,0,1,401671742,2024-11-10T18:00Z,0.0,2,0,23,20,1,1
0x516f348befef713462d2360ab14bb8c7af925c1c65a005afebdb0e382a0b702a,nfl-ten-lac-2024-11-10,nfl,Titans,Chargers,2024-11-10T21:05:00Z,1,1,401671751,2024-11-10T21:05Z,0.0,2,0,17,27,1,1
0x125174db5a13ddf665c5844be06a2ef614a99b1a457a15826bf42614e4e03958,nfl-nyj-ari-2024-11-10,nfl,Jets,Cardinals,2024-11-10T21:25:00Z,1,1,401671678,2024-11-10T21:25Z,0.0,2,0,6,31,1,1
0xd3fcbed8959cf9c2ad8cac10037f2bb4aef164dc8809d15572d316bb4fe3278d,nfl-phi-dal-2024-11-10,nfl,Eagles,Cowboys,2024-11-10T21:25:00Z,0,1,401671676,2024-11-10T21:25Z,0.0,2,0,34,6,1,1
0x7ffab92345d13dc3d2e8f4f0e4eab536bb5b4e944e9a5affe85e97d12e0198ab,nfl-det-hou-2024-11-10,nfl,Lions,Texans,2024-11-11T01:20:00Z,0,1,401671787,2024-11-11T01:20Z,0.0,2,0,26,23,1,1
0xf7b2d8c99218457a9a57e3539264e2e8b7cb1b940a846c44b3fcd3010994f905,nfl-mia-la-2024-11-11,nfl,Dolphins,Rams,2024-11-12T01:15:00Z,0,1,401671693,2024-11-12T01:15Z,0.0,2,0,23,15,1,1
0x93d5d31e4b893d879f723d70623cf791fd19d38b61b8f8a74df04bd41bc96270,nfl-was-phi-2024-11-14,nfl,Commanders,Eagles,2024-11-15T01:15:00Z,1,1,401671813,2024-11-15T01:15Z,0.0,2,0,18,26,1,1
0x3c46eff5ba4360c0a376488421ca2bc39ceb3272e6c7b6042d593390eedbdcc3,nfl-bal-pit-2024-11-17,nfl,Ravens,Steelers,2024-11-17T18:00:00Z,1,1,401671630,2024-11-17T18:00Z,0.0,2,0,16,18,1,1
0xc523009a8be7653b8de7dcd763ed91811c5dbb33a5986372a530b60fe3ee33ac,nfl-cle-no-2024-11-17,nfl,Browns,Saints,2024-11-17T18:00:00Z,1,1,401671746,2024-11-17T18:00Z,0.0,2,0,14,35,1,1
0xc4eeb9c54d28bc7975e309a299fbefc4b189ef5ed242ee66853032e109a5caec,nfl-gb-chi-2024-11-17,nfl,Packers,Bears,2024-11-17T18:00:00Z,0,1,401671869,2024-11-17T18:00Z,0.0,2,0,20,19,1,1
0x86ca735bc0349d71b3ad8a4f6c5e3521564e3e81be26faa6936e809219341d14,nfl-ind-nyj-2024-11-17,nfl,Colts,Jets,2024-11-17T18:00:00Z,0,1,401671782,2024-11-17T18:00Z,0.0,2,0,28,27,1,1
0x2b04e4d381c0b83d92146f6a0a98e5e0ba4d6f6e1d43e00b49723882bc6bf9e1,nfl-jax-det-2024-11-17,nfl,Jaguars,Lions,2024-11-17T18:00:00Z,1,1,401671642,2024-11-17T18:00Z,0.0,2,0,6,52,1,1
0x16f3b71a2602dd9b06d1f56ae6670247156f9cb2ab2bca30bea65f6739c2e78d,nfl-la-ne-2024-11-17,nfl,Rams,Patriots,2024-11-17T18:00:00Z,0,1,401671701,2024-11-17T18:00Z,0.0,2,0,28,22,1,1
0x1fb636344f277c0e84eb9e4f458e72184dea2677049dfd4b3d321a05f5f063b8,nfl-lv-mia-2024-11-17,nfl,Raiders,Dolphins,2024-11-17T18:00:00Z,1,1,401671851,2024-11-17T18:00Z,0.0,2,0,19,34,1,1
0x1e5cee25c95af992c8991ca2ca905119c64481807965ac32cdb16a319699ac21,nfl-min-ten-2024-11-17,nfl,Vikings,Titans,2024-11-17T18:00:00Z,0,1,401671824,2024-11-17T18:00Z,0.0,2,0,23,13,1,1
0xcf988770b8949b89dd531fce2c6acc52ab9852849a71598aae4889ad3742787d,nfl-atl-den-2024-11-17,nfl,Falcons,Broncos,2024-11-17T21:05:00Z,1,1,401671748,2024-11-17T21:05Z,0.0,2,0,6,38,1,1
0x4429f390f5f9966902ad345f37b3219887a19a6cf127f04d53bb73d7f4b754e7,nfl-sea-sf-2024-11-17,nfl,Seahawks,49ers,2024-11-17T21:05:00Z,0,1,401671757,2024-11-17T21:05Z,0.0,2,0,20,17,1,1
0xa21e5fbbbe049e3337ba9b4a4dd5aa15e6b6ed8e7c71344c776364a73e81586a,nfl-kc-buf-2024-11-17,nfl,Chiefs,Bills,2024-11-17T21:25:00Z,1,1,401671665,2024-11-17T21:25Z,0.0,2,0,21,30,1,1
0x64db493b471c6f7a3260b4ec9838233248bc45297b291890316dde8c29b63413,nfl-cin-lac-2024-11-17,nfl,Bengals,Chargers,2024-11-18T01:20:00Z,1,1,401671675,2024-11-18T01:20Z,0.0,2,0,27,34,1,1
0x6f307cf8972d1e394215940fb2d676624af4de33a1b654a71f28451e3044967c,nfl-hou-dal-2024-11-18,nfl,Texans,Cowboys,2024-11-19T01:15:00Z,0,1,401671694,2024-11-19T01:15Z,0.0,2,0,34,10,1,1
0x6703ac3d097bd4cb15111822de5fa6eef39b1781333c749c466802d8d61aee48,nfl-pit-cle-2024-11-21,nfl,Steelers,Browns,2024-11-22T01:15:00Z,1,1,401671875,2024-11-22T01:15Z,0.0,2,0,19,24,1,1
0xb236355fe71fe311449678ea87cf5258846ce0f1f624b941554347d8ba016db7,nfl-dal-was-2024-11-24,nfl,Cowboys,Commanders,2024-11-24T18:00:00Z,0,1,401671715,2024-11-24T18:00Z,0.0,2,0,34,26,1,1
0x8ca4d7a63640411b61740360a140cebbd38da5db6088e7970558668c9e51f1b1,nfl-det-ind-2024-11-24,nfl,Lions,Colts,2024-11-24T18:00:00Z,0,1,401671866,2024-11-24T18:00Z,0.0,2,0,24,6,1,1
0xc5ec4e44e865f2954b85552f961e709858e687ac0eb4bfc5c4b71fb86782a7a7,nfl-kc-car-2024-11-24,nfl,Chiefs,Panthers,2024-11-24T18:00:00Z,0,1,401671651,2024-11-24T18:00Z,0.0,2,0,30,27,1,1
0xa72afb51b2d8bc99b7462b5dca3598ea5e9c7d7f425548590331c7c165c997f9,nfl-min-chi-2024-11-24,nfl,Vikings,Bears,2024-11-24T18:00:00Z,0,1,401671870,2024-11-24T18:00Z,0.0,2,0,30,27,1,1
0xc07162cfd56c10b3803e7dc3d1b41e3d78dc2e22f172a374921c2d3870b42e4f,nfl-ne-mia-2024-11-24,nfl,Patriots,Dolphins,2024-11-24T18:00:00Z,1,1,401671847,2024-11-24T18:00Z,0.0,2,0,15,34,1,1
0x9b5444cc5c87e08fbf5a3f44aaf4596e92e664f88966b37e4a8d87e890a12603,nfl-tb-nyg-2024-11-24,nfl,Buccaneers,Giants,2024-11-24T18:00:00Z,0,1,401671638,2024-11-24T18:00Z,0.0,2,0,30,7,1,1
0x45b593176961ea8f9792b373cc723b0f664938f8c0e985c110517ab26689966b,nfl-ten-hou-2024-11-24,nfl,Titans,Texans,2024-11-24T18:00:00Z,0,1,401671858,2024-11-24T18:00Z,0.0,2,0,32,27,1,1
0xe7e522976bf7a26b5dedc69e6ddfc6b82412b7ea7743f154dc339ae97957b238,nfl-den-lv-2024-11-24,nfl,Broncos,Raiders,2024-11-24T21:05:00Z,0,1,401671656,2024-11-24T21:05Z,0.0,2,0,29,19,1,1
0xc8ea9a0cc7d4f014df9943e95559501ae398131a9dc5bdb113513a20a9825374,nfl-ari-sea-2024-11-24,nfl,Cardinals,Seahawks,2024-11-24T21:25:00Z,1,1,401671775,2024-11-24T21:25Z,0.0,2,0,6,16,1,1
0x5f00c7fc8b8c2d2d1a9c5154b393e86081e45ae1f09ad499a6ff661d0f7de7ee,nfl-sf-gb-2024-11-24,nfl,49ers,Packers,2024-11-24T21:25:00Z,1,1,401671768,2024-11-24T21:25Z,0.0,2,0,10,38,1,1
0x5e9feab7d59252bb6b0ea7d58cef6fb05d4c7385bd186e855827e1cda41e8cbe,nfl-phi-la-2024-11-24,nfl,Eagles,Rams,2024-11-25T01:20:00Z,0,1,401671794,2024-11-25T01:20Z,0.0,2,0,37,20,1,1
0x9e0273e66a75f2093622cc94329c4c0f6f66c99b4b09668b0f22c50740582b7b,nfl-bal-lac-2024-11-25,nfl,Ravens,Chargers,2024-11-26T01:15:00Z,0,1,401671689,2024-11-26T01:15Z,0.0,2,0,30,23,1,1
0x5b8289a8c04610e8f7e0cbb03578418176d02b63ba97d9e93d49e230ea670889,nfl-chi-det-2024-11-28,nfl,Bears,Lions,2024-11-28T17:30:00Z,1,1,401671492,2024-11-28T17:30Z,0.0,2,0,20,23,1,1
0x49dc7682d5a147bec5965098d6f5575c5dc142d9e80f7179ae50e9685c50235e,nfl-nyg-dal-2024-11-28,nfl,Giants,Cowboys,2024-11-28T21:30:00Z,1,1,401671779,2024-11-28T21:30Z,0.0,2,0,20,27,1,1
0x68c4077d998a674d04edbcbb185ec5173188a54dfa99401decb2aaa3e0f130fa,nfl-mia-gb-2024-11-28,nfl,Dolphins,Packers,2024-11-29T01:20:00Z,1,1,401671798,2024-11-29T01:20Z,0.0,2,0,17,30,1,1
0xcfc11a81f866efef752fd6a3d49f7f8282ba6bb15b254a9451ec39c6ed466b21,nfl-lv-kc-2024-11-29,nfl,Raiders,Chiefs,2024-11-29T20:00:00Z,1,1,401671806,2024-11-29T20:00Z,0.0,2,0,17,19,1,1
0x07632cc8d0c6ae7ef9da2f34ba39471a38b8f123f4c54a5e46d7fbe806fbd3c3,nfl-ari-min-2024-12-01,nfl,Cardinals,Vikings,2024-12-01T18:00:00Z,1,1,401671726,2024-12-01T18:00Z,0.0,2,0,22,23,1,1
0xa1545abe49521bf3d476db0fe7a3c2227a54b36f904e27aca14f95759c39eb94,nfl-hou-jax-2024-12-01,nfl,Texans,Jaguars,2024-12-01T18:00:00Z,0,1,401671705,2024-12-01T18:00Z,0.0,2,0,23,20,1,1
0xdbf84cb61acd00222a5b1192377b73785f8864f4066d9b2669e1f98b21af01d9,nfl-ind-ne-2024-12-01,nfl,Colts,Patriots,2024-12-01T18:00:00Z,0,1,401671620,2024-12-01T18:00Z,0.0,2,0,25,24,1,1
0x233139629fe27474858b1f9669f54dad3a57d8d21dc4c129b1188271a0c51daf,nfl-lac-atl-2024-12-01,nfl,Chargers,Falcons,2024-12-01T18:00:00Z,0,1,401671649,2024-12-01T18:00Z,0.0,2,0,17,13,1,1
0x3a59784d74e1f1b88a36d37483eddf07054668e65a4424487cb479cc523a342b,nfl-pit-cin-2024-12-01,nfl,Steelers,Bengals,2024-12-01T18:00:00Z,0,1,401671627,2024-12-01T18:00Z,0.0,2,0,44,38,1,1
0xfe5541745b12c896c8fefb0ef3e1b945d9d20d44aa188d9c1a4be1415a47842c,nfl-sea-nyj-2024-12-01,nfl,Seahawks,Jets,2024-12-01T18:00:00Z,0,1,401671703,2024-12-01T18:00Z,0.0,2,0,26,21,1,1
0x38a4046f4eff4feea1fc0e506b2768081c0cbcba2dae53cba1a3c8781d3d0607,nfl-ten-was-2024-12-01,nfl,Titans,Commanders,2024-12-01T18:00:00Z,1,1,401671743,2024-12-01T18:00Z,0.0,2,0,19,42,1,1
0xdf96d87da77190e34bc4fc288f4298f66d37d77dc7c16d37ae3afd63a92afc6c,nfl-la-no-2024-12-01,nfl,Rams,Saints,2024-12-01T21:05:00Z,0,1,401671753,2024-12-01T21:05Z,0.0,2,0,21,14,1,1
0xdf3af4005d85cc83172125226b8bc29752b0049852952c0f47fc7d3b89f99072,nfl-tb-car-2024-12-01,nfl,Buccaneers,Panthers,2024-12-01T21:05:00Z,0,1,401671752,2024-12-01T21:05Z,0.0,2,0,26,23,1,1
0x442c54385cccab383fe456bbad588660089f663a8b54a330bdb65bfd2e691491,nfl-phi-bal-2024-12-01,nfl,Eagles,Ravens,2024-12-01T21:25:00Z,0,1,401671666,2024-12-01T21:25Z,0.0,2,0,24,19,1,1
0x49574126072ac7bc2bf2f07ee9775e6567e6a64bc80d7eceefe9ece15e4fbd7e,nfl-sf-buf-2024-12-01,nfl,49ers,Bills,2024-12-02T01:20:00Z,1,1,401671781,2024-12-02T01:20Z,0.0,2,0,10,35,1,1
0x19ceeab155ce6a2400b874388d155f6533df7906eaa64f7148d04123453656dc,nfl-cle-den-2024-12-02,nfl,Browns,Broncos,2024-12-03T01:15:00Z,1,1,401671686,2024-12-03T01:15Z,0.0,2,0,32,41,1,1
0xbfc1f48d2ef89dd19566ee0b9d9db74b919f3416982689ed1a0b38eadafe41f9,nfl-gb-det-2024-12-05,nfl,Packers,Lions,2024-12-06T01:15:00Z,1,1,401671814,2024-12-06T01:15Z,0.0,2,0,31,34,1,1
0x386b414a9dc3961bab017a652a935669b4b1c956211dedc0fb6cae9483cc8877,nfl-atl-min-2024-12-08,nfl,Falcons,Vikings,2024-12-08T18:00:00Z,1,1,401671648,2024-12-08T18:00Z,0.0,2,0,21,42,1,1
0x95ab5756b943bf8146f588e462877ccf03e5364ac564a9601470760234b5bff2,nfl-car-phi-2024-12-08,nfl,Panthers,Eagles,2024-12-08T18:00:00Z,1,1,401671713,2024-12-08T18:00Z,0.0,2,0,16,22,1,1
0x6b4968a4e7fcaf7179b825d87c108683cc3086eecaebaefd7d7bc47b9ec7ebf7,nfl-cle-pit-2024-12-08,nfl,Browns,Steelers,2024-12-08T18:00:00Z,1,1,401671631,2024-12-08T18:00Z,0.0,2,0,14,27,1,1
0x658b81d6d123ab39ea02d78b1dc386d2ced267f75a793c8e86d32a1d78a45022,nfl-jax-ten-2024-12-08,nfl,Jaguars,Titans,2024-12-08T18:00:00Z,0,1,401671821,2024-12-08T18:00Z,0.0,2,0,10,6,1,1
0x8f23054af6638c20f0ec5a2fe58e2103de5dcb4aa9098b866e92bdfd54a07e84,nfl-lv-tb-2024-12-08,nfl,Raiders,Buccaneers,2024-12-08T18:00:00Z,1,1,401671654,2024-12-08T18:00Z,0.0,2,0,13,28,1,1
0x0e2277d8c413e8d2e4457ebf1d848e662081b85af190b176c8ac5c5c4ec0c426,nfl-no-nyg-2024-12-08,nfl,Saints,Giants,2024-12-08T18:00:00Z,0,1,401671601,2024-12-08T18:00Z,0.0,2,0,14,11,1,1
0x41c84034f8e5f053905f6dbe87d0d923792839aecc2d18d872a872e1dc96b46b,nfl-nyj-mia-2024-12-08,nfl,Jets,Dolphins,2024-12-08T18:00:00Z,1,1,401671848,2024-12-08T18:00Z,0.0,2,0,26,32,1,1
0xe043f9e47330c68a74b44ff60d7b89416538458999343c9c0a5ee619cee93689,nfl-sea-ari-2024-12-08,nfl,Seahawks,Cardinals,2024-12-08T21:05:00Z,0,1,401671660,2024-12-08T21:05Z,0.0,2,0,30,18,1,1
0x8a5856973c75efb73d8d07ca46cb50f10f6e66b7f859a28c5e51616d4697f708,nfl-buf-la-2024-12-08,nfl,Bills,Rams,2024-12-08T21:25:00Z,1,1,401671773,2024-12-08T21:25Z,0.0,2,0,42,44,1,1
0x298412f28ed641a772a9b920ad3f6095f3baf5a67b3d0b4e30776aeb00eb6478,nfl-chi-sf-2024-12-08,nfl,Bears,49ers,2024-12-08T21:25:00Z,1,1,401671774,2024-12-08T21:25Z,0.0,2,0,13,38,1,1
0x84759b103d45357f27592b16e25462167ca1e3aefb80aa29a39cab4429320fd9,nfl-lac-kc-2024-12-08,nfl,Chargers,Chiefs,2024-12-09T01:20:00Z,1,1,401671788,2024-12-09T01:20Z,0.0,2,0,17,19,1,1
0x119564ff5d0d25478f67c591615d1141ae49268c213f2b195eaae0686e91def0,nfl-cin-dal-2024-12-09,nfl,Bengals,Cowboys,2024-12-10T01:15:00Z,0,1,401671690,2024-12-10T01:15Z,0.0,2,0,27,20,1,1
0x5132d0a92ad461ef662bd28c099337f1cc8b54242931d1c074a6bb5b9530a122,nfl-la-sf-2024-12-12,nfl,Rams,49ers,2024-12-13T01:15:00Z,0,1,401671818,2024-12-13T01:15Z,0.0,2,0,12,6,1,1
0xfc6699592037ab55a67630c5a68b0f8bb85718d1518bafa5a758a00a0a760e84,nfl-bal-nyg-2024-12-15,nfl,Ravens,Giants,2024-12-15T18:00:00Z,0,1,401671639,2024-12-15T18:00Z,0.0,2,0,35,14,1,1
0x536e68a1aebc38b85058962eee12a7323fdab96ad6c1d2a3d8c60bee8130db26,nfl-cin-ten-2024-12-15,nfl,Bengals,Titans,2024-12-15T18:00:00Z,0,1,401671825,2024-12-15T18:00Z,0.0,2,0,37,27,1,1
0x9d3dd3240db46be9558d856f5d82e45b9e86125c3d9fdb507d752e3c447cf779,nfl-dal-car-2024-12-15,nfl,Cowboys,Panthers,2024-12-15T18:00:00Z,0,1,401671731,2024-12-15T18:00Z,0.0,2,0,30,14,1,1
0x5b286601fcf583ebe194ac9c57e746e2c3319b8dd6893daf0cfeea085e07a798,nfl-kc-cle-2024-12-15,nfl,Chiefs,Browns,2024-12-15T18:00:00Z,0,1,401671854,2024-12-15T18:00Z,0.0,2,0,21,7,1,1
0x8e49c8fef05cbbe9252d9be561ace534e9b4e7254e9e1f2cf7ee5a909c201ea8,nfl-mia-hou-2024-12-15,nfl,Dolphins,Texans,2024-12-15T18:00:00Z,1,1,401671860,2024-12-15T18:00Z,0.0,2,0,12,20,1,1
0x74525549564755570c9de287e5a045a89c19c821545b3cd5dfdf6407cf6fc692,nfl-nyj-jax-2024-12-15,nfl,Jets,Jaguars,2024-12-15T18:00:00Z,0,1,401671706,2024-12-15T18:00Z,0.0,2,0,32,25,1,1
0x942e6592252e11bf733f08652a1177ac1b5f0c1e9c960d4cd370d3aeeaca164a,nfl-was-no-2024-12-15,nfl,Commanders,Saints,2024-12-15T18:00:00Z,0,1,401671737,2024-12-15T18:00Z,0.0,2,0,20,19,1,1
0xed846b6294cce35e19f661e4251a4e12882d2f55504a11720d6f672bafb48c27,nfl-buf-det-2024-12-15,nfl,Bills,Lions,2024-12-15T21:25:00Z,0,1,401671681,2024-12-15T21:25Z,0.0,2,0,48,42,1,1
0x3d06d7f914dc48f3d95953bd37190638e2db523e7cf1383bef69431dda710c92,nfl-ind-den-2024-12-15,nfl,Colts,Broncos,2024-12-15T21:25:00Z,1,1,401671669,2024-12-15T21:25Z,0.0,2,0,13,31,1,1
0x9e0cefadce1614c50f3bf79ae5e8dc346268fb649229372b0c4732c2ebaae233,nfl-ne-ari-2024-12-15,nfl,Patriots,Cardinals,2024-12-15T21:25:00Z,1,1,401671677,2024-12-15T21:25Z,0.0,2,0,17,30,1,1
0x300b2aba414e34ab494165e4baa2c06b9476e1c61b0b2b397a3f1671bb23a259,nfl-pit-phi-2024-12-15,nfl,Steelers,Eagles,2024-12-15T21:25:00Z,1,1,401671766,2024-12-15T21:25Z,0.0,2,0,13,27,1,1
0xa38c158c1084e994f2fe8081dd400d2ab51ab94b814658c69c374de421baf497,nfl-tb-lac-2024-12-15,nfl,Buccaneers,Chargers,2024-12-15T21:25:00Z,0,1,401671762,2024-12-15T21:25Z,0.0,2,0,40,17,1,1
0x40960294fd0d6416655f24ee138a4bdae0426efe3fbbf7217c7d6395b560131b,nfl-gb-sea-2024-12-15,nfl,Packers,Seahawks,2024-12-16T01:20:00Z,0,1,401671796,2024-12-16T01:20Z,0.0,2,0,30,13,1,1
0x0363d3a3a07ece8576d94b82928a17dd85e522fa3802c93fb2ade2eb74e79d16,nfl-chi-min-2024-12-16,nfl,Bears,Vikings,2024-12-17T01:00:00Z,1,1,401671489,2024-12-17T01:00Z,0.0,2,0,12,30,1,1
0xbd89d6ed8eef40a72238766a85634e22e205e164d12bb2754089e5a3b3799e08,nfl-atl-lv-2024-12-16,nfl,Falcons,Raiders,2024-12-17T01:30:00Z,0,1,401671697,2024-12-17T01:30Z,0.0,2,0,15,9,1,1
0x575768d67dda782f6045d9dc31c5c5f97927758b5cba938fc1142fff50553334,nfl-den-lac-2024-12-19,nfl,Broncos,Chargers,2024-12-20T01:15:00Z,1,1,401671749,2024-12-20T01:15Z,0.0,2,0,27,34,1,1
0xf6ea0a571a43a122471e1c7604d6bd8c267082a39758bdd8162dbfae0cd8d137,nfl-hou-kc-2024-12-21,nfl,Texans,Chiefs,2024-12-21T18:00:00Z,1,1,401671780,2024-12-21T18:00Z,0.0,2,0,19,27,1,1
0x737a9a9e45137b18259d0753deb060ff8c58c8b10932c72f69eb85ffe00cb1ee,nfl-pit-bal-2024-12-21,nfl,Steelers,Ravens,2024-12-21T21:30:00Z,1,1,401671778,2024-12-21T21:30Z,0.0,2,0,17,34,1,1
0x1e0c69bf84fb76fd9cd2a0a78f1db98b3883d6aeb2db2ff0fbd6aa46b2d42670,nfl-ari-car-2024-12-22,nfl,Cardinals,Panthers,2024-12-22T18:00:00Z,1,1,401671732,2024-12-22T18:00Z,0.0,2,0,30,36,1,1
0x64ab3c8589a3100296c5f60f6215761ba45de5f8930f7767559ba1226eaca6ed,nfl-cle-cin-2024-12-22,nfl,Browns,Bengals,2024-12-22T18:00:00Z,1,1,401671811,2024-12-22T18:00Z,0.0,2,0,6,24,1,1
0x920344cfde22aa05d6d68ed914485b2964cc1bbba7b0b4b636f5dcea96caf47b,nfl-det-chi-2024-12-22,nfl,Lions,Bears,2024-12-22T18:00:00Z,0,1,401671868,2024-12-22T18:00Z,0.0,2,0,34,17,1,1
0xf9e4d261c38d76ad8b7e4b96ae69ffc26b1b0ac87571ac4f4bf2919e6f984a13,nfl-la-nyj-2024-12-22,nfl,Rams,Jets,2024-12-22T18:00:00Z,0,1,401671621,2024-12-22T18:00Z,0.0,2,0,19,9,1,1
0xc296b2cec8da6884e4c6ff1355ad17ef60eccc6df63b79e7772d4bc92e1dcd3c,nfl-ne-buf-2024-12-22,nfl,Patriots,Bills,2024-12-22T18:00:00Z,1,1,401671494,2024-12-22T21:25Z,3.42,2,0,21,24,1,1
0x541244e7cc1b628e6c937a7290bbc7ed178d309900ce863c9c9cdb36fc76348e,nfl-nyg-atl-2024-12-22,nfl,Giants,Falcons,2024-12-22T18:00:00Z,1,1,401671729,2024-12-22T18:00Z,0.0,2,0,7,34,1,1
0x4f61244a916622ca1dcae38c162cebccfa2124f533e9bd3740196183afc20eca,nfl-phi-was-2024-12-22,nfl,Eagles,Commanders,2024-12-22T18:00:00Z,1,1,401671717,2024-12-22T18:00Z,0.0,2,0,33,36,1,1
0x976664c5dd93bf33bfb54755c3196fe8ad7668fbb8eabbacc36f435eda38c2cd,nfl-ten-ind-2024-12-22,nfl,Titans,Colts,2024-12-22T18:00:00Z,1,1,401671862,2024-12-22T18:00Z,0.0,2,0,30,38,1,1
0xcec87ce0f17fd9f682e8e1ffbf16c7b4770524cd601665722d9520912d567624,nfl-min-sea-2024-12-22,nfl,Vikings,Seahawks,2024-12-22T21:05:00Z,0,1,401671759,2024-12-22T21:05Z,0.0,2,0,27,24,1,1
0x1620358251a2c9802faafd655dfd2d3bb889350f31bc9a04d8effd6b4275f806,nfl-jax-lv-2024-12-22,nfl,Jaguars,Raiders,2024-12-22T21:25:00Z,1,1,401671673,2024-12-22T21:25Z,0.0,2,0,14,19,1,1
0xb77c2f3caadad837e5f5d1a5f8cda62e955a04fb3111ef97c02395df04106ff0,nfl-sf-mia-2024-12-22,nfl,49ers,Dolphins,2024-12-22T21:25:00Z,1,1,401671874,2024-12-22T21:25Z,0.0,2,0,17,29,1,1
0x28225d6921d524a1a7dd08d639a664b043a94508829b7591f2d511434178f445,nfl-tb-dal-2024-12-22,nfl,Buccaneers,Cowboys,2024-12-23T01:20:00Z,1,1,401671790,2024-12-23T01:20Z,0.0,2,0,24,26,1,1
0x646f58e9fb7a05559146d5f76c79ebd106acb5ea1320ff379f2715f601b695cc,nfl-no-gb-2024-12-23,nfl,Saints,Packers,2024-12-24T01:15:00Z,1,1,401671692,2024-12-24T01:15Z,0.0,2,0,0,34,1,1
0xada51bc42a264394ace58997a347b60351622d555a6c2a86ded3a78615e388ad,nfl-kc-pit-2024-12-25,nfl,Chiefs,Steelers,2024-12-25T18:00:00Z,0,1,401671799,2024-12-25T18:00Z,0.0,2,0,29,10,1,1
0x523cdec10b279dc56c247e5f4bd18112e248cedb6787be16efb6fe38f35d8447,nfl-bal-hou-2024-12-25,nfl,Ravens,Texans,2024-12-25T21:30:00Z,0,1,401671800,2024-12-25T21:30Z,0.0,2,0,31,2,1,1
0xd2987f9e8a627829c72a28aa65f5ced151f3e696139b528469c11890addf5204,nfl-sea-chi-2024-12-26,nfl,Seahawks,Bears,2024-12-27T01:15:00Z,0,1,401671876,2024-12-27T01:15Z,0.0,2,0,6,3,1,1
0xc8fb957619c3ad8c9f29419f83373663867bf377688cdc17b1d1d49f0beec9f7,nfl-lac-ne-2024-12-28,nfl,Chargers,Patriots,2024-12-28T18:00:00Z,0,1,401671832,2024-12-28T18:00Z,0.0,2,0,40,7,1,1
0xc55c68bf3a087e4d72b4d9821994685aa29e241ce2ccdd270503f29c85552f91,nfl-den-cin-2024-12-28,nfl,Broncos,Bengals,2024-12-28T21:30:00Z,1,1,401671835,2024-12-28T21:30Z,0.0,2,0,24,30,1,1
0xd514cd59ba0dad2c4ed2ab3ab96fb6c479565eb2ebe7fdda553116cc1258da19,nfl-ari-la-2024-12-28,nfl,Cardinals,Rams,2024-12-29T01:00:00Z,1,1,401671829,2024-12-29T01:00Z,0.0,2,0,9,13,1,1
0xb2ee812431adf7a99db4a94e5a043c4a4c33d218af399690f0831c05c9b5c155,nfl-car-tb-2024-12-29,nfl,Panthers,Buccaneers,2024-12-29T18:00:00Z,1,1,401671653,2024-12-29T18:00Z,0.0,2,0,14,48,1,1
0x9f1261e40c8cd913c986d68c890427a88da66d4a21e5f40f792ea7bc53faad09,nfl-gb-min-2024-12-29,nfl,Packers,Vikings,2024-12-29T18:00:00Z,1,1,401671725,2024-12-29T21:25Z,3.42,2,0,25,27,1,1
0x174b42d7a8f351ffd49b95215bf684ef9a735b10d3bf394f25e6f7ffae290a35,nfl-ind-nyg-2024-12-29,nfl,Colts,Giants,2024-12-29T18:00:00Z,1,1,401671846,2024-12-29T18:00Z,0.0,2,0,33,45,1,1
0xc287b749c1c6eee77bdc3c15a9931ec40324f0d4e5321149675a5c59987482cc,nfl-lv-no-2024-12-29,nfl,Raiders,Saints,2024-12-29T18:00:00Z,0,1,401671738,2024-12-29T18:00Z,0.0,2,0,25,10,1,1
0x5f18896851d6fabcaacbf03d8e6b3a04cf07a809ece78a1d86cd59c84cf6f9f2,nfl-nyj-buf-2024-12-29,nfl,Jets,Bills,2024-12-29T18:00:00Z,1,1,401671495,2024-12-29T18:00Z,0.0,2,0,14,40,1,1
0x958f6a47a6ca6ecfca2834f82dda7d7b1cea3f077b48662ab8f325532fd48509,nfl-ten-jax-2024-12-29,nfl,Titans,Jaguars,2024-12-29T18:00:00Z,1,1,401671634,2024-12-29T18:00Z,0.0,2,0,13,20,1,1
0x25ff35efdb88220f324547dd2f2f5a5e2ebd9dec555c4ac03c5fd798ffcebb12,nfl-mia-cle-2024-12-29,nfl,Dolphins,Browns,2024-12-29T21:05:00Z,0,1,401671877,2024-12-29T21:05Z,0.0,2,0,20,3,1,1
0xe6219942af0dd2bef69f8d4037f737691b7dbb0ab51ab3e6e95f6f8d6e4a0802,nfl-dal-phi-2024-12-29,nfl,Cowboys,Eagles,2024-12-29T21:25:00Z,1,1,401671765,2024-12-29T18:00Z,3.42,2,0,7,41,1,1
0xe4c4ecd60c6383a04e7319c2539af61492667c745d1e1108416b1b961c5d2e1b,nfl-atl-was-2024-12-29,nfl,Falcons,Commanders,2024-12-30T01:20:00Z,1,1,401671842,2024-12-30T01:20Z,0.0,2,0,24,30,1,1
0xce908f140145b3d28abe31e0ad189be3031248aec1ceb057266f6f5c143be097,nfl-det-sf-2024-12-30,nfl,Lions,49ers,2024-12-31T01:15:00Z,0,1,401671698,2024-12-31T01:15Z,0.0,2,0,40,34,1,1
0xdd7a0b09d817e3fce98b1f3b95a1ec4514f635cb202ef12af73d365411470299,nfl-cle-bal-2025-01-04,nfl,Browns,Ravens,2025-01-04T21:30:00Z,1,1,401671834,2025-01-04T21:30Z,0.0,2,0,10,35,1,1
0xa3ff09b5ebab7398acc7686bc967141b980d6aeb61f15995268002e67be07c33,nfl-cin-pit-2025-01-04,nfl,Bengals,Steelers,2025-01-05T01:00:00Z,0,1,401671836,2025-01-05T01:00Z,0.0,2,0,19,17,1,1
0x989df6a334b7eec20398a0ca8cd22841683b637092d4cb769257907db45cd542,nfl-buf-ne-2025-01-05,nfl,Bills,Patriots,2025-01-05T05:00:00Z,1,1,401671831,2025-01-05T18:00Z,13.0,2,0,16,23,1,1
0x16e565c875d39b2b78e3060061df742d339ca0da5d6937727e56fcf9e39f2510,nfl-car-atl-2025-01-05,nfl,Panthers,Falcons,2025-01-05T05:00:00Z,0,1,401671827,2025-01-05T18:00Z,13.0,2,0,44,38,1,1
0x75dbcd792829abade7338e3b2293f465c97a678ba9d3120c78dcfaad2d552a35,nfl-chi-gb-2025-01-05,nfl,Bears,Packers,2025-01-05T05:00:00Z,0,1,401671844,2025-01-05T18:00Z,13.0,2,0,24,22,1,1
0x007d96e86168e3eba267690f04492b5a3a0250970746dbbb17266a26e8f84ddb,nfl-hou-ten-2025-01-05,nfl,Texans,Titans,2025-01-05T05:00:00Z,0,1,401671826,2025-01-05T18:00Z,13.0,2,0,23,14,1,1
0x51fdf908692ac89ae6879c5b31195868aefffaca59ef553bf81e91a6b0019cdb,nfl-jax-ind-2025-01-05,nfl,Jaguars,Colts,2025-01-05T05:00:00Z,1,1,401671837,2025-01-05T18:00Z,13.0,2,0,23,26,1,1
0x77b3382851ae13cb9e5326ead7c237460a7be86b663bac0d06c4d543e9952531,nfl-kc-den-2025-01-05,nfl,Chiefs,Broncos,2025-01-05T05:00:00Z,1,1,401671838,2025-01-05T21:25Z,16.42,2,0,0,38,1,1
0x60c3a523f15715d732413ded5b3ea5281f5ae8ec099403f3580889bc4faae475,nfl-lac-lv-2025-01-05,nfl,Chargers,Raiders,2025-01-05T05:00:00Z,0,1,401671839,2025-01-05T21:25Z,16.42,2,0,34,20,1,1
0xa3f9c7e8b330890372abe97704984fcea1a8f99baf862ca130d50df49a9dd081,nfl-mia-nyj-2025-01-05,nfl,Dolphins,Jets,2025-01-05T05:00:00Z,1,1,401671833,2025-01-05T21:25Z,16.42,2,0,20,32,1,1
0x41c0ac27c997157304bba97588f5db90c72004203777b097f46471d9988f7c04,nfl-min-det-2025-01-05,nfl,Vikings,Lions,2025-01-05T05:00:00Z,1,1,401671843,2025-01-06T01:20Z,20.33,2,0,9,31,1,1
0xae607acf602a42774a156ce8c2beb6a9a6a2c698f56d8d3ada4f7d4b1f308496,nfl-no-tb-2025-01-05,nfl,Saints,Buccaneers,2025-01-05T05:00:00Z,1,1,401671828,2025-01-05T18:00Z,13.0,2,0,19,27,1,1
0xa86c081244ef4d4ee4d9e7eb618f2b1b36e9856f34a4f33ac277e867e5d1ced3,nfl-nyg-phi-2025-01-05,nfl,Giants,Eagles,2025-01-05T05:00:00Z,1,1,401671841,2025-01-05T18:00Z,13.0,2,0,13,20,1,1
0x2c9bb2329884bc00aa54dda8453dd316a66ec91efda7c63b6a3f3135d10c5347,nfl-sea-la-2025-01-05,nfl,Seahawks,Rams,2025-01-05T05:00:00Z,0,1,401671830,2025-01-05T21:25Z,16.42,2,0,30,25,1,1
0x165f860cf83d9c90be39bb987d7765ae17622bc8465ef760ea909d77fdd0a95f,nfl-sf-ari-2025-01-05,nfl,49ers,Cardinals,2025-01-05T05:00:00Z,1,1,401671845,2025-01-05T21:25Z,16.42,2,0,24,47,1,1
0x0d5846dad0606fd9aab89dae51db8848aa5d43a8169c58665e2853572bb0840c,nfl-was-dal-2025-01-05,nfl,Commanders,Cowboys,2025-01-05T05:00:00Z,0,1,401671840,2025-01-05T18:00Z,13.0,2,0,23,19,1,1
0x145ed5c15e030117f5ea8053a9c5dd0731f889c87284f710b53ab1660a9dd473,nfl-lac-hou-2025-01-11,nfl,Chargers,Texans,2025-01-11T21:30:00Z,1,1,401671878,2025-01-11T21:30Z,0.0,3,0,12,32,1,1
0x91b83325a6f0a239908e39ea2f30c41f11a8e6fcaf2802599b65bdf952f072c5,nfl-pit-bal-2025-01-11,nfl,Steelers,Ravens,2025-01-12T01:00:00Z,1,1,401671879,2025-01-12T01:00Z,0.0,3,0,14,28,1,1
0xa4da4790dd4968377ddc10386b5d0c71779633d221ba2be9258738d4523c58e9,nfl-den-buf-2025-01-12,nfl,Broncos,Bills,2025-01-12T18:00:00Z,1,1,401671881,2025-01-12T18:00Z,0.0,3,0,7,31,1,1
0x12496995954c4d3fac97d6bf5345b5f16acbdb137b67a9a0699fa2b6cdde1143,nfl-gb-phi-2025-01-12,nfl,Packers,Eagles,2025-01-12T21:30:00Z,1,1,401671880,2025-01-12T21:30Z,0.0,3,0,10,22,1,1
0x7c9a59e9f309273ab4338fc5f2c7f1d424875143751d2fcea08f5e605b411f81,nfl-was-tb-2025-01-12,nfl,Commanders,Buccaneers,2025-01-13T01:00:00Z,0,1,401671883,2025-01-13T01:00Z,0.0,3,0,23,20,1,1
0x4467c216585673854a8f397900e08dea1b913b3f70e762a55252cbbb89319dde,nfl-min-la-2025-01-13,nfl,Vikings,Rams,2025-01-14T01:00:00Z,1,1,401671882,2025-01-14T01:00Z,0.0,3,0,9,27,1,1
0x065ac10ba499267ee96cb559a099f4ced08bbd145d4c156df87206ad26906757,nfl-hou-kc-2025-01-18,nfl,Texans,Chiefs,2025-01-18T21:30:00Z,1,1,401671884,2025-01-18T21:30Z,0.0,3,0,14,23,1,1
0xc61d58d10dd07c779f61a961e9ecc3c3ed298c23e2503dc8145b6a44fc5abb53,nfl-was-det-2025-01-18,nfl,Commanders,Lions,2025-01-19T01:00:00Z,0,1,401671885,2025-01-19T01:00Z,0.0,3,0,45,31,1,1
0xdffe14ea0bbbd0dc31f21e250af8474595ea207c40beed560d401eed8698a717,nfl-la-phi-2025-01-19,nfl,Rams,Eagles,2025-01-19T20:00:00Z,1,1,401671937,2025-01-19T20:00Z,0.0,3,0,22,28,1,1
0x7fbc372d5574c3b0fd007f292df7855a76948768149f2a2574e065c4798bb753,nfl-bal-buf-2025-01-19,nfl,Ravens,Bills,2025-01-19T23:30:00Z,1,1,401671886,2025-01-19T23:30Z,0.0,3,0,25,27,1,1
0xa201b01415901949c29cecc61ac217b9f4e0e8e750b9a7310bca0255376feba8,nfl-was-phi-2025-01-26,nfl,Commanders,Eagles,2025-01-26T20:00:00Z,1,1,401671888,2025-01-26T20:00Z,0.0,3,0,23,55,1,1
0xbdb10ccc5a7f29407bcc40cb5b5811cfaefb9448c87ee68fd31fb222e4d8100c,nfl-buf-kc-2025-01-26,nfl,Bills,Chiefs,2025-01-26T23:30:00Z,1,1,401671887,2025-01-26T23:30Z,0.0,3,0,29,32,1,1
0x25dad1fbfe1c7249d6e32c079349de4f6b49d7f0bd608a31dd52694cb3df825d,nfl-lac-det-2025-07-31,nfl,Chargers,Lions,2025-08-01T00:00:00Z,0,1,401772971,2025-08-01T00:00Z,0.0,1,1,34,7,1,1
0x85c5f44aa8f5bc1f4588dc0825eb266b31b245c2db6d7e594d95ff4920c204a0,nfl-pit-jax-2025-08-09,nfl,Steelers,Jaguars,2025-08-09T23:00:00Z,0,1,401773002,2025-08-09T23:00Z,0.0,1,0,31,25,1,1
0x7c08246ad2b94e88e822b6e8bf465dd5298fd09cc25ab6212fce8aa5f8fb32d7,nfl-ten-tb-2025-08-09,nfl,Titans,Buccaneers,2025-08-09T23:30:00Z,1,1,401774029,2025-08-09T23:30Z,0.0,1,0,7,29,1,1
0x7c73d1274e9ecdae9ed86bcb6678fb8072e994e911b2871300e7a7ec1bc425df,nfl-kc-ari-2025-08-09,nfl,Chiefs,Cardinals,2025-08-10T00:00:00Z,1,1,401774636,2025-08-10T00:00Z,0.0,1,0,17,20,1,1
0x6d3b1677cd523cc3cacd84cbaad9d68f17bb342477f6629fad4cb30d261f5142,nfl-den-sf-2025-08-09,nfl,Broncos,49ers,2025-08-10T00:30:00Z,0,1,401776566,2025-08-10T00:30Z,0.0,1,0,30,9,1,1
0xe3c5aa64ffdafee3f68e0d01281fdbac5e01645ab6828adad9161d356911a38d,nfl-no-lac-2025-08-10,nfl,Saints,Chargers,2025-08-10T20:00:00Z,1,1,401773026,2025-08-10T20:00Z,0.0,1,0,13,27,1,1
0xd8351bfb84fed610a6f091fc41dc74c3424466ab9e6e3280eb4d524579e36548,nfl-dal-la-2025-08-09,nfl,Cowboys,Rams,2025-08-10T23:00:00Z,1,1,401773020,2025-08-09T23:00Z,24.0,1,0,21,31,1,1
0x52c3ce109fbe7a0d20a0b501405757f614c14e2a23d64f30ab4d8b85445ccb11,nfl-gb-ind-2025-08-16,nfl,Packers,Colts ,2025-08-16T17:00:00Z,0,1,401773003,2025-08-16T17:00Z,0.0,1,0,23,19,1,1
0x61e342bcfc71db78b7e72a0065694521ef913c008b53cc78c62835487a3577fd,nfl-sf-lv-2025-08-16,nfl,49ers,Raiders ,2025-08-16T20:00:00Z,0,1,401774569,2025-08-16T20:05Z,0.08,1,0,22,19,1,1
0x19ab407b7256e656ca3012eedafbe618da94b64af62bb78ef03001e37e3da041,nfl-ari-den-2025-08-16,nfl,Cardinals,Broncos,2025-08-17T01:30:00Z,1,1,401774637,2025-08-17T01:30Z,0.0,1,0,7,27,1,1
0xedce788bd21ca477b39df352425d0f446b75c4d39e5286ea42c6d6f6e0e8e616,nfl-pit-car-2025-08-21,nfl,Steelers,Panthers,2025-08-21T23:00:00Z,0,1,401773019,2025-08-21T23:00Z,0.0,1,0,19,10,1,1
0x8e3e86945f8b40c18803e12a12083cc872d2dfc62a01fc49479ed084f5ce8bfc,nfl-ne-nyg-2025-08-21,nfl,Patriots,Giants,2025-08-22T00:00:00Z,1,1,401772974,2025-08-22T00:00Z,0.0,1,0,10,42,1,1
0x45609b4fe121a675bda7bebd0f9a192ea5a756633a50cb254f57e954fa144add,nfl-buf-tb-2025-08-23,nfl,Bills,Buccaneers,2025-08-23T23:30:00Z,0,1,401774030,2025-08-23T23:30Z,0.0,1,0,23,19,1,1
0x5d431b964aa4221c3cdb2285146671879c4a78018077ebb6bd682ef06e627b2a,nfl-dal-phi-2025-09-04,nfl,Cowboys,Eagles,2025-09-05T00:20:00Z,1,1,401772510,2025-09-05T00:20Z,0.0,2,0,20,24,1,1
0x800439094b33b59a2906cc90043818d4e35d1df87ae4995ac5f7d7b00a8494b0,nfl-kc-lac-2025-09-05,nfl,Chiefs,Chargers,2025-09-06T00:00:00Z,1,1,401772714,2025-09-06T00:00Z,0.0,2,1,21,27,1,1
0x35299ef93cb05afc0591faa883c29ece317b78e9d42da9ec88b65b1af6da51cb,nfl-ari-no-2025-09-07,nfl,Cardinals,Saints,2025-09-07T17:00:00Z,0,1,401772718,2025-09-07T17:00Z,0.0,2,0,20,13,1,1
0xa9e327c25e8812a25eef1a5148bea64a9220a5648ea7146bda09fdb3d860651d,nfl-car-jax-2025-09-07,nfl,Panthers,Jaguars,2025-09-07T17:00:00Z,1,1,401772828,2025-09-07T17:00Z,0.0,2,0,10,26,1,1
0x3346ce8dea0d6aa3d64696e0c997db6888e52c492117c8c9bab750937baeab20,nfl-cin-cle-2025-09-07,nfl,Bengals,Browns,2025-09-07T17:00:00Z,0,1,401772829,2025-09-07T17:00Z,0.0,2,0,17,16,1,1
0x7c7b30d19854739d735ae8a582730c3b78bdd81f9f25fb89abb3769dc8dfb987,nfl-lv-ne-2025-09-07,nfl,Raiders,Patriots,2025-09-07T17:00:00Z,0,1,401772720,2025-09-07T17:00Z,0.0,2,0,20,13,1,1
0xb056305ae1515cfc9d3b990f736de52dae0589804afff219501f28c41d10e6fd,nfl-mia-ind-2025-09-07,nfl,Dolphins,Colts,2025-09-07T17:00:00Z,1,1,401772719,2025-09-07T17:00Z,0.0,2,0,8,33,1,1
0x08b487097d32f349beecfbd3f7bc00ef4a59d3c166e5f7c0cbf1e21db5f17af1,nfl-nyg-was-2025-09-07,nfl,Giants,Commanders,2025-09-07T17:00:00Z,1,1,401772827,2025-09-07T17:00Z,0.0,2,0,6,21,1,1
0xb465ac540cc8d3ba2a467a26c164698214dcd7e4d838e74758ae560710702559,nfl-pit-nyj-2025-09-07,nfl,Steelers,Jets,2025-09-07T17:00:00Z,0,1,401772721,2025-09-07T17:00Z,0.0,2,0,34,32,1,1
0x9b3edfe78e9d604ffd30b34d025c93316e89eb970fbec373094aa02e87e3363e,nfl-tb-atl-2025-09-07,nfl,Buccaneers,Falcons,2025-09-07T17:00:00Z,0,1,401772830,2025-09-07T17:00Z,0.0,2,0,23,20,1,1
0xa7a09dde2f28c54eb6b2e3e2134c0423b1709f54cbfb57141cc319366820b753,nfl-sf-sea-2025-09-07,nfl,49ers,Seahawks,2025-09-07T20:05:00Z,0,1,401772831,2025-09-07T20:05Z,0.0,2,0,17,13,1,1
0x1a8631f0ed4bfd974a9b68a5a6984fdac27226b508b84ff6715305193fb1d157,nfl-ten-den-2025-09-07,nfl,Titans,Broncos,2025-09-07T20:05:00Z,1,1,401772832,2025-09-07T20:05Z,0.0,2,0,12,20,1,1
0xf7efe36a5a30d3189f50bd33c8248d5601604eb6301af6c55a7e8098852e8c89,nfl-det-gb-2025-09-07,nfl,Lions,Packers,2025-09-07T20:25:00Z,1,1,401772722,2025-09-07T20:25Z,0.0,2,0,13,27,1,1
0xcd044c77e586536eef7ab9e37e67631347a573be58cd6711a27103e454b385bb,nfl-hou-la-2025-09-07,nfl,Texans,Rams,2025-09-07T20:25:00Z,1,1,401772723,2025-09-07T20:25Z,0.0,2,0,9,14,1,1
0x7f2e645fd40487882cc9e7a05d240f5b1c2220a361fbb345b21f921070411409,nfl-bal-buf-2025-09-07,nfl,Ravens,Bills,2025-09-08T00:20:00Z,1,1,401772918,2025-09-08T00:20Z,0.0,2,0,40,41,1,1
0xd4cf0aec58a81982ef375d7a3112468d245dae62eec65ce074ad59f3c9d194ec,nfl-min-chi-2025-09-08,nfl,Vikings,Bears,2025-09-09T00:15:00Z,0,1,401772810,2025-09-09T00:15Z,0.0,2,0,27,24,1,1
0x5de0620798bee8e21ca383161d2c22f04d8d5a1bb0699d086791a0facc3a9837,cfb-ncst-wake-2025-09-11,cfb,North Carolina State,Wake Forest,2025-09-11T23:30:00Z,0,1,401754531,2025-09-11T23:30Z,0.0,2,0,34,24,1,1
0x868a479c6edc7a88a30961664c00a81e5006a5259a80294133c735c6b21f4569,nfl-was-gb-2025-09-11,nfl,Commanders,Packers,2025-09-12T00:15:00Z,1,1,401772936,2025-09-12T00:15Z,0.0,2,0,18,27,1,1
0xf1b72e9bb00bd6a519b17f51c14c4211b2983b0f10f5d9aee6dcc3b8a700ff04,cfb-col-hou-2025-09-12,cfb,Colorado,Houston,2025-09-12T23:30:00Z,1,1,401756893,2025-09-12T23:30Z,0.0,2,0,20,36,1,1
0x9a2c2ffe8b7d60010b225f98377754d863fff5a2ea830f8b8558177fac2f0af1,cfb-ksu-ariz-2025-09-12,cfb,Kansas State,Arizona,2025-09-13T01:00:00Z,1,1,401756888,2025-09-13T01:00Z,0.0,2,0,17,23,1,1
0xef962d69bb9b48628ed81f0c41e401fa6f99e8a16e05e20651586d009fdc17bf,cfb-unm-ucla-2025-09-12,cfb,New Mexico,UCLA,2025-09-13T02:00:00Z,0,1,401752837,2025-09-13T02:00Z,0.0,2,0,35,10,1,1
0x3e3e0ade855d6f9bcfd83f174acc0492bb34f473cfa3dd372c5d558d97d3f37d,cfb-buf-kent-2025-09-13,cfb,Buffalo,Kent State,2025-09-13T16:00:00Z,0,1,401762817,2025-09-13T16:00Z,0.0,2,0,31,28,1,1
0x8cb9e4da52c62f1a8ab04ce8deecd98cfc1953ef1f669d5a4d63c7adced3eb02,cfb-clem-gt-2025-09-13,cfb,Clemson,Georgia Tech,2025-09-13T16:00:00Z,1,1,401754623,2025-09-13T16:00Z,0.0,2,0,21,24,1,1
0xc2c4838ebe520355361bd69a9a81ee88f1383ae3aff4acb0ed70388a4f4fba14,cfb-cmu-mich-2025-09-13,cfb,Central Michigan,Michigan,2025-09-13T16:00:00Z,1,1,401752839,2025-09-13T16:00Z,0.0,2,0,3,63,1,1
0x21ed1849725e328ad0d7f83a858df5ef2487eab5530c6669739405be6d993cdc,cfb-mem-troy-2025-09-13,cfb,Memphis,Troy,2025-09-13T16:00:00Z,0,1,401761608,2025-09-13T16:00Z,0.0,2,0,28,7,1,1
0x22d4a4f67983a4dddc118b0791bc5f2019f847719d1ff1461679ed3579e7e3d2,cfb-okla-tem-2025-09-13,cfb,Oklahoma,Temple,2025-09-13T16:00:00Z,0,1,401752703,2025-09-13T16:00Z,0.0,2,0,42,3,1,1
0xc1713d44821cfe9325e9ec5c728aafb842857e0d83e88fe70d7817153db44dbe,cfb-oreg-nwest-2025-09-13,cfb,Oregon,Northwestern,2025-09-13T16:00:00Z,0,1,401752831,2025-09-13T16:00Z,0.0,2,0,34,14,1,1
0x589a832eace43d246cdd4508088cc2807286e995e72437a17990e76b8c63c878,cfb-wis-bama-2025-09-13,cfb,Wisconsin,Alabama,2025-09-13T16:00:00Z,1,1,401752696,2025-09-13T16:00Z,0.0,2,0,14,38,1,1
0xc836e19aeaf4c86df770509ae9778f7d22055d31e7df375e691202d6316af6dc,cfb-sbama-aub-2025-09-13,cfb,South Alabama,Auburn,2025-09-13T16:45:00Z,1,1,401752697,2025-09-13T16:45Z,0.0,2,0,15,31,1,1
0x42c89ea1e269d01d4649ccd9c7cb8298e1b16d90dd2d1c0dd3f2f1d09e6743e4,cfb-orst-ttu-2025-09-13,cfb,Oregon State,Texas Tech,2025-09-13T19:30:00Z,1,1,401752938,2025-09-13T19:30Z,0.0,2,0,14,45,1,1
0x65f7bb9082a6c283ef8facf64a6befee0b033249cb3f1920724f41bf956b4b38,cfb-pitt-wvu-2025-09-13,cfb,Pittsburgh,West Virginia,2025-09-13T19:30:00Z,1,1,401754638,2025-09-13T19:30Z,0.0,2,0,24,31,1,1
0xdfc6409d7a2ada81f66c4c0f5750acdc7b7fca8967cbf7c94291c0a9f4e4c259,cfb-uga-tenn-2025-09-13,cfb,Georgia,Tennessee,2025-09-13T19:30:00Z,0,1,401752705,2025-09-13T19:30Z,0.0,2,0,44,41,1,1
0xfa7ed6fbf869842736bce0b13878f5add5249c2ebf3c39f4e324457c9d4912ad,cfb-usc-purd-2025-09-13,cfb,USC,Purdue,2025-09-13T19:30:00Z,0,1,401752832,2025-09-13T22:45Z,3.25,2,0,33,17,1,1
0xc9fba0042f7f793fb896167ac96457637f616d243de5b2086324510300fc33a0,cfb-wsu-unt-2025-09-13,cfb,Washington State,North Texas,2025-09-13T19:30:00Z,1,1,401752949,2025-09-13T19:30Z,0.0,2,0,10,59,1,1
0x681017130b6ebd5f1ed595be515d7d649356336fa013a3ff9bf4e141d239990f,cfb-isu-arst-2025-09-13,cfb,Iowa State,Arkansas State,2025-09-13T20:00:00Z,0,1,401756890,2025-09-13T20:00Z,0.0,2,0,24,16,1,1
0xb2b47e105e637e6d61ca7788ce57f5b40bb9fac2874ffb9a09cc41afcf12dd58,cfb-ull-mizz-2025-09-13,cfb,Louisiana,Missouri,2025-09-13T20:00:00Z,1,1,401752702,2025-09-13T17:00Z,3.0,2,0,10,52,1,1
0xb9313af5407d88e184a596b97b563018a06a0a413fdea2d4b248178553943d64,cfb-utep-tex-2025-09-13,cfb,UTEP,Texas,2025-09-13T20:15:00Z,1,1,401752706,2025-09-13T20:15Z,0.0,2,0,10,27,1,1
0x37a1e6c1123e23cc6693c6ad647e3a15d5032b0a82a8117492886590cf45c211,cfb-usf-miami-2025-09-13,cfb,South Florida,Miami,2025-09-13T20:30:00Z,1,1,401754535,2025-09-13T20:30Z,0.0,2,0,12,49,1,1
0x35478b10d63322ce3942a62597fd93a48c0c00ae87e93c5b53de31c57c9393c5,cfb-lib-bgsu-2025-09-13,cfb,Liberty,Bowling Green,2025-09-13T21:00:00Z,1,1,401757256,2025-09-13T21:00Z,0.0,2,0,13,23,1,1
0x4d3c0ee8f018b42a2613e8397e8ac36dcbde15469f4d78548fa1848015f4a88f,cfb-mtsu-nev-2025-09-13,cfb,Middle Tennessee,Nevada,2025-09-13T21:00:00Z,0,1,401757258,2025-09-13T21:00Z,0.0,2,0,14,13,1,1
0x2aebb5759a8b910377bf7b7cea49a220a706f9d9cffa0d07ec3ff399ac1e3c87,cfb-fau-fiu-2025-09-13,cfb,Florida Atlantic,Florida International,2025-09-13T22:00:00Z,1,1,401757233,2025-09-14T00:30Z,2.5,2,0,28,38,1,1
0x896862dd2236de83cb55b3b73faa7e60a73a483299a7516f83be87809357df89,cfb-app-usm-2025-09-13,cfb,Appalachian State,Southern Mississippi,2025-09-13T23:00:00Z,1,1,401761607,2025-09-13T23:00Z,0.0,2,0,22,38,1,1
0xc355b3042288584c781d6a888107cd014422aae9ebf2534029168c8b5e3e6dd4,cfb-ark-miss-2025-09-13,cfb,Arkansas,Ole Miss,2025-09-13T23:00:00Z,1,1,401752700,2025-09-13T23:00Z,0.0,2,0,35,41,1,1
0x2b5e5a3d8c979c2287e5c6d03f80325832ecd3bacf34e61687e49cc5c7c0c65d,cfb-jvst-gaso-2025-09-13,cfb,Jacksonville State,Georgia Southern,2025-09-13T23:00:00Z,1,1,401757234,2025-09-13T23:00Z,0.0,2,0,34,41,1,1
0xa896f7e0e82e26e7850aae45025419bcdacb2dc2a3cf1ac2a16f3fb7d37df01a,cfb-odu-vt-2025-09-13,cfb,Old Dominion,Virginia Tech,2025-09-13T23:00:00Z,0,1,401754536,2025-09-13T23:00Z,0.0,2,0,45,26,1,1
0xd6d075c8b5a584f7a09d36d8926feabe7e3a611c45e5a5d653e320ac8fc21e71,cfb-ohio-osu-2025-09-13,cfb,Ohio,Ohio State,2025-09-13T23:00:00Z,1,1,401752827,2025-09-13T23:00Z,0.0,2,0,9,37,1,1
0x39a342f5346bb5a079f6f03882b235a83710aedd3897249d0296b4117aaf3fba,cfb-wmu-ill-2025-09-13,cfb,Western Michigan,Illinois,2025-09-13T23:00:00Z,1,1,401752829,2025-09-13T23:00Z,0.0,2,0,0,38,1,1
0x1768ebd8d83949563db1daf94452668e5a30c459e35cfb213e4826b8a4807e28,cfb-ecu-ccar-2025-09-13,cfb,East Carolina,Coastal Carolina,2025-09-13T23:30:00Z,0,1,401761604,2025-09-13T23:30Z,0.0,2,0,38,0,1,1
0x8fcf34736e8cd7fa3c8b285ff3c102b8e9a988492697c309dbdf52bc529c4a89,cfb-emu-uk-2025-09-13,cfb,Eastern Michigan,Kentucky,2025-09-13T23:30:00Z,1,1,401752698,2025-09-13T23:30Z,0.0,2,0,23,48,1,1
0x7732b6bbe0db5d3e931aedb6814614a196a778da3ec13542051676dd154f911b,cfb-nmst-lt-2025-09-13,cfb,New Mexico State,Louisiana Tech,2025-09-13T23:30:00Z,1,1,401757257,2025-09-13T23:30Z,0.0,2,0,14,49,1,1
0xbc5606b54063444d85678e1cdb6840ad24ed7dd5bdaa4f70ad268fb244753194,cfb-txam-nd-2025-09-13,cfb,Texas A&M,Notre Dame,2025-09-13T23:30:00Z,0,1,401752707,2025-09-13T23:30Z,0.0,2,0,41,40,1,1
0xadba1e2198bf38d497b94031b863f5fe6105c938b3916bb6bd91e673b28e3f69,cfb-uf-lsu-2025-09-13,cfb,Florida,LSU,2025-09-13T23:30:00Z,1,1,401752699,2025-09-13T23:30Z,0.0,2,0,10,20,1,1
0xd735da2c726d3c3a941ddb66caa666b0f1fa7ef690d06f994cea333e789c4071,cfb-umass-iowa-2025-09-13,cfb,UMass,Iowa,2025-09-13T23:30:00Z,1,1,401752830,2025-09-13T23:30Z,0.0,2,0,7,47,1,1
0xdcb60596f330221286f1afdc73d2ae5ff80780a62701e0b842252740e56834c3,cfb-vand-scar-2025-09-13,cfb,Vanderbilt,South Carolina,2025-09-13T23:45:00Z,0,1,401752704,2025-09-13T23:45Z,0.0,2,0,31,7,1,1
0x15a6075c56250acec5ec5d610e721bbcfd9fffacec078a1297880e044b52b237,cfb-duke-tuln-2025-09-13,cfb,Duke,Tulane,2025-09-14T00:00:00Z,1,1,401754534,2025-09-14T00:00Z,0.0,2,0,27,34,1,1
0xa7b921829bfbb7f4bdd7be76428003f84c57387fae71be968b798a7a53396c57,cfb-navy-tlsa-2025-09-13,cfb,Navy,Tulsa,2025-09-14T00:00:00Z,0,1,401762465,2025-09-14T00:00Z,0.0,2,0,42,23,1,1
0x410e02710998661628538d3abc53c1ecc733f23dea474dd805b4a631a291ad72,cfb-utah-wyo-2025-09-13,cfb,Utah,Wyoming,2025-09-14T00:00:00Z,0,1,401756895,2025-09-14T00:00Z,0.0,2,0,31,6,1,1
0x58582630f7bb64f056fe4b06d92d97c7cf4c6757858d4972d3c124cd5e7d4c46,cfb-akrn-uab-2025-09-13,cfb,Akron,UAB,2025-09-14T00:30:00Z,1,1,401762463,2025-09-14T00:30Z,0.0,2,0,28,31,1,1
0xb7997461d7391ced67fb5abfe08409586c9ccec0d6a729250cc3517c333fe118,cfb-af-utst-2025-09-13,cfb,Air Force,Utah State,2025-09-14T01:45:00Z,1,1,401760368,2025-09-14T01:45Z,0.0,2,0,30,49,1,1
0x8af7481b3a52afb5131e252b633ffe21d63160d4c5027ed6ec07e35aa67b39e3,cfb-bc-stan-2025-09-13,cfb,Boston College,Stanford,2025-09-14T02:30:00Z,1,1,401754533,2025-09-14T02:30Z,0.0,2,0,20,30,1,1
0xf24ec3bc26f79f51b6f29adc1c77a9e3baca8adcdc6c144662306201eb9a55e3,cfb-minn-cal-2025-09-13,cfb,Minnesota,California,2025-09-14T02:30:00Z,1,1,401752840,2025-09-14T02:30Z,0.0,2,0,14,27,1,1
0x3734f860f2ab22a25283b38808c14c8c9957cc218cfd281ef70535b6f9d6808e,cfb-txst-azst-2025-09-13,cfb,Texas State,Arizona State,2025-09-14T02:30:00Z,1,1,401756889,2025-09-14T02:30Z,0.0,2,0,15,34,1,1
0x1444251b3dafb9a59d8d2cea3c6455850c1d36003f03dfbc2e094da2ab2dd161,nfl-buf-nyj-2025-09-14,nfl,Bills,Jets,2025-09-14T17:00:00Z,0,1,401772727,2025-09-14T17:00Z,0.0,2,0,30,10,1,1
0x0eb549ada746e7e1f32d33d3bcb7f4c38130fae33a27fd01d39d5d88fa155524,nfl-chi-det-2025-09-14,nfl,Bears,Lions,2025-09-14T17:00:00Z,1,1,401772835,2025-09-14T17:00Z,0.0,2,0,21,52,1,1
0x4e557959c5f78255856b860a97a3e72b34a263ffceced545dc2f98a206ebe61f,nfl-cle-bal-2025-09-14,nfl,Browns,Ravens,2025-09-14T17:00:00Z,1,1,401772726,2025-09-14T17:00Z,0.0,2,0,17,41,1,1
0x6041cb78d3398ec805169b3ff7ba94b9c2e5ad1b31097989ae05d366ba7955de,nfl-jax-cin-2025-09-14,nfl,Jaguars,Bengals,2025-09-14T17:00:00Z,1,1,401772725,2025-09-14T17:00Z,0.0,2,0,27,31,1,1
0x9e7c130fb42833e3a72b4fbb013a5119ed7d6fc06c986a19cb3f016e276ae622,nfl-la-ten-2025-09-14,nfl,Rams,Titans,2025-09-14T17:00:00Z,0,1,401772724,2025-09-14T17:00Z,0.0,2,0,33,19,1,1
0xd41dee54378dbc6371cd731879e20dab13f48ce686fef20a14e2010004c69bde,nfl-ne-mia-2025-09-14,nfl,Patriots,Dolphins,2025-09-14T17:00:00Z,0,1,401772728,2025-09-14T17:00Z,0.0,2,0,33,27,1,1
0xf3ded5c94e43f3b2ed2b00880fb4dd571124e839b31c7499f567d29e2e978aec,nfl-nyg-dal-2025-09-14,nfl,Giants,Cowboys,2025-09-14T17:00:00Z,1,1,401772834,2025-09-14T17:00Z,0.0,2,0,37,40,1,1
0x3255139811b2eed367c3329581059bd34a37047fd414308c75d7100e7101283b,nfl-sea-pit-2025-09-14,nfl,Seahawks,Steelers,2025-09-14T17:00:00Z,0,1,401772836,2025-09-14T17:00Z,0.0,2,0,31,17,1,1
0x2209d272f45481a4815f9311d94067c2cb2b932546298368f2a3322275169fc6,nfl-sf-no-2025-09-14,nfl,49ers,Saints,2025-09-14T17:00:00Z,0,1,401772833,2025-09-14T17:00Z,0.0,2,0,26,21,1,1
0x573aba90ae041b95e9b835f073bfe7eaaa04511d73ed7dc2e5cddce06ff77ba5,nfl-car-ari-2025-09-14,nfl,Panthers,Cardinals,2025-09-14T20:05:00Z,1,1,401772730,2025-09-14T20:05Z,0.0,2,0,22,27,1,1
0xddf98fc07d7824086f2bb238ff0a7c86268f9bd1e9c23c3f92470fe2a658c7d3,nfl-den-ind-2025-09-14,nfl,Broncos,Colts,2025-09-14T20:05:00Z,1,1,401772729,2025-09-14T20:05Z,0.0,2,0,28,29,1,1
0xbaeed5f2c31695be7bfbed65abe9b1e1abd30090b0837fc4dc1f238c41c99c23,nfl-phi-kc-2025-09-14,nfl,Eagles,Chiefs,2025-09-14T20:25:00Z,0,1,401772837,2025-09-14T20:25Z,0.0,2,0,20,17,1,1
0xe2f107836a6236398720178a48a51f0745260d5bf508d2422104c00eca2d6890,nfl-atl-min-2025-09-14,nfl,Falcons,Vikings,2025-09-15T00:20:00Z,0,1,401772919,2025-09-15T00:20Z,0.0,2,0,22,6,1,1
0x542f347e86af3c848754daee52f296a9f2244db0f62c1e713b9ace8e5dcd7677,nfl-tb-hou-2025-09-15,nfl,Buccaneers,Texans,2025-09-15T23:00:00Z,0,1,401772715,2025-09-15T23:00Z,0.0,2,0,20,19,1,1
0x269c676c69555c6f9609178c0c1b2c7469d413e7e22cd0f340c87390a4f6e766,nfl-lac-lv-2025-09-15,nfl,Chargers,Raiders,2025-09-16T02:00:00Z,0,1,401772811,2025-09-16T02:00Z,0.0,2,0,20,9,1,1
0x34e17ce3dfbc04915a1a94b1bd7c43cae7247d13423ac4df9fca6205797806e4,cfb-rice-char-2025-09-18,cfb,Rice,Charlotte,2025-09-18T23:30:00Z,0,1,401762468,2025-09-18T23:30Z,0.0,2,0,28,17,1,1
0xe0a4a160343d3f6f12f3518ac336deee778f9c922c3a8cebc22e4e9bb90947d9,nfl-mia-buf-2025-09-18,nfl,Dolphins,Bills,2025-09-19T00:15:00Z,1,1,401772937,2025-09-19T00:15Z,0.0,2,0,21,31,1,1
0xf2ee332a87953159001b2ef6077207a054cae6ac5c86c312fbed034ac6a61cce,cfb-tlsa-okst-2025-09-19,cfb,Tulsa,Oklahoma State,2025-09-19T23:30:00Z,0,1,401756900,2025-09-19T23:30Z,0.0,2,0,19,12,1,1
0xcb48a4793e9c7b9a638447ecdbbeaa39584ccb8cff323847a3d25c61fd7fdfdb,cfb-iowa-rutg-2025-09-19,cfb,Iowa,Rutgers,2025-09-20T00:00:00Z,0,1,401752844,2025-09-20T00:00Z,0.0,2,0,38,28,1,1
0xe671e803cfb5f3febf9e37f91c9b186dbe22fca81952636ddfd17f892bc6177a,cfb-ark-mem-2025-09-20,cfb,Arkansas,Memphis,2025-09-20T16:00:00Z,1,1,401752708,2025-09-20T16:00Z,0.0,2,0,31,32,1,1
0x02960034e4e6e1825b0232e9a85c4b532db2fec36ad8faba6e1a9b8c14558706,cfb-bgsu-lou-2025-09-20,cfb,Bowling Green,Louisville,2025-09-20T16:00:00Z,1,1,401754642,2025-09-20T16:00Z,0.0,2,0,17,40,1,1
0x3f9ce029d4e77986b7204bf74c6fd31f11bfae9a0b11b40368e05409bc674b68,cfb-mary-wis-2025-09-20,cfb,Maryland,Wisconsin,2025-09-20T16:00:00Z,0,1,401752845,2025-09-20T16:00Z,0.0,2,0,27,10,1,1
0x0bb8cc3e94a64e15402deecc9efacda23e63325f657ee1d630ccfcdc50683df9,cfb-smu-tcu-2025-09-20,cfb,SMU,TCU,2025-09-20T16:00:00Z,1,1,401754636,2025-09-20T16:00Z,0.0,2,0,24,35,1,1
0xbe48dca9ed91dcf5d2e176821388fae58b40c15d34714ab477e1fdc9683ae242,cfb-syr-clem-2025-09-20,cfb,Syracuse,Clemson,2025-09-20T16:00:00Z,0,1,401754537,2025-09-20T16:00Z,0.0,2,0,34,21,1,1
0xee4bfb0db500e2d4ce48311f4a67721f8986ba1a79f40cb5f8226f924b1b65fc,cfb-ttu-utah-2025-09-20,cfb,Texas Tech,Utah,2025-09-20T16:00:00Z,0,1,401756901,2025-09-20T16:00Z,0.0,2,0,34,10,1,1
0x32594e91901c9e11a5940b2090f5fc4654c419737de7df35a8d1a74f835d6996,cfb-unlv-moh-2025-09-20,cfb,UNLV,Miami (OH),2025-09-20T16:00:00Z,0,1,401760376,2025-09-20T16:00Z,0.0,2,0,41,38,1,1
0x41a06b56c418abc793e2045292b6707533aefd49c979bb75142f56204840b735,cfb-unt-army-2025-09-20,cfb,North Texas,Army,2025-09-20T16:00:00Z,0,1,401762469,2025-09-20T16:00Z,0.0,2,0,45,38,1,1
0xbec99f642e104a6a9023d2d2fffa1859c8c6ee6f2d8bd7f4dd15cbb5491cf72a,cfb-uab-tenn-2025-09-20,cfb,UAB,Tennessee,2025-09-20T16:45:00Z,1,1,401752715,2025-09-20T16:45Z,0.0,2,0,24,56,1,1
0xbcc44acb3ca67f8c9d989b431ee364629e03a2e668cbc67cd5bbfc724b131ece,cfb-orst-oreg-2025-09-20,cfb,Oregon State,Oregon,2025-09-20T19:00:00Z,1,1,401752841,2025-09-20T19:00Z,0.0,2,0,7,41,1,1
0xc5dbdb24fa06832401d5ab845fb55a1e8f885fdcf4b24537c91b9c0ff20058f5,cfb-aub-okla-2025-09-20,cfb,Auburn,Oklahoma,2025-09-20T19:30:00Z,1,1,401752714,2025-09-20T19:30Z,0.0,2,0,17,24,1,1
0x64bc6723e94678f6f6e725f7f746874d4ca3eaa613e7c6681369bf44ab9178ec,cfb-ball-conn-2025-09-20,cfb,Ball State,UConn,2025-09-20T19:30:00Z,1,1,401757169,2025-09-20T19:30Z,0.0,2,0,25,31,1,1
0xcc6b61212319fa5f2faaaf0115026ae36615c543b9da899987bc2ed6eaebc42d,cfb-jmu-lib-2025-09-20,cfb,James Madison,Liberty,2025-09-20T19:30:00Z,0,1,401757262,2025-09-20T19:30Z,0.0,2,0,31,13,1,1
0xcad5ff55e440eb956b7044418c2d5431a2432a06a9f967340f71668a8886dad0,cfb-kent-fsu-2025-09-20,cfb,Kent State,Florida State,2025-09-20T19:30:00Z,1,1,401754541,2025-09-20T19:30Z,0.0,2,0,10,66,1,1
0x8ee322293f4ed5459114fc50ea6a918b128e82e43c57fce563e12c802ef44a93,cfb-mich-neb-2025-09-20,cfb,Michigan,Nebraska,2025-09-20T19:30:00Z,0,1,401752846,2025-09-20T19:30Z,0.0,2,0,30,27,1,1
0x6a7b6e8e995810d4521a92ab5050c4fc5b0529fd3dc6b3515ca9e880816a1edf,cfb-nc-ucf-2025-09-20,cfb,North Carolina,UCF,2025-09-20T19:30:00Z,1,1,401754640,2025-09-20T19:30Z,0.0,2,0,9,34,1,1
0xd127eb7c290289506f73892c93f4a0fd75fa3f6e7ff82603eddbbdaa687c5681,cfb-purd-nd-2025-09-20,cfb,Purdue,Notre Dame,2025-09-20T19:30:00Z,1,1,401752848,2025-09-20T19:30Z,0.0,2,0,30,56,1,1
0x4c03b4c8715ff94a27f3f40db38d65f34f3dfca3ea9d30e4e88eee23baadb87e,cfb-tol-wmu-2025-09-20,cfb,Toledo,Western Michigan,2025-09-20T19:30:00Z,1,1,401762820,2025-09-20T19:30Z,0.0,2,0,13,14,1,1
0x0affe85c6f20ceb60db89578d2096f49b1133146f4538c06e9bdd2454da9a992,cfb-troy-buf-2025-09-20,cfb,Troy,Buffalo,2025-09-20T19:30:00Z,0,1,401761613,2025-09-20T19:30Z,0.0,2,0,21,17,1,1
0xc331db2f14d42ec977c0ab00341dd3a755ffa3a1b1155fb1a31fd5e954324805,cfb-tuln-miss-2025-09-20,cfb,Tulane,Ole Miss,2025-09-20T19:30:00Z,1,1,401752711,2025-09-20T19:30Z,0.0,2,0,10,45,1,1
0x2189659f22fa034b530d872d84ad2048488ba99014a8ac06d6096b4963df9178,cfb-ull-emu-2025-09-20,cfb,Louisiana,Eastern Michigan,2025-09-20T19:30:00Z,1,1,401761610,2025-09-20T19:30Z,0.0,2,0,31,34,1,1
0x8127ae4ce00d83f7850d1179259ccd366d0daa091f59b501148033d90cf9322f,cfb-ncst-duke-2025-09-20,cfb,North Carolina State,Duke,2025-09-20T20:00:00Z,1,1,401754538,2025-09-20T20:00Z,0.0,2,0,33,45,1,1
0xbfc628b3580038b533d1f2573b2912305b5ff64012ed3c6ff4921767619d64eb,cfb-niu-msst-2025-09-20,cfb,Northern Illinois,Mississippi State,2025-09-20T20:15:00Z,1,1,401752712,2025-09-20T20:15Z,0.0,2,0,10,38,1,1
0x7d2b49c703ac3ce89b75d2b9829b6279b4760ee794fbc17a7372daa0d0993972,cfb-tem-gt-2025-09-20,cfb,Temple,Georgia Tech,2025-09-20T20:30:00Z,1,1,401754542,2025-09-20T21:05Z,0.58,2,0,24,45,1,1
0x4d877d9eb1c5eeb29426957435880dfa59b7cc78923a7693d4bbe34038339e26,cfb-arst-kenn-2025-09-20,cfb,Arkansas State,Kennesaw State,2025-09-20T22:00:00Z,1,1,401757261,2025-09-20T22:00Z,0.0,2,0,21,28,1,1
0xa5fff44c364796c0294f7c44249114a508d89c5ad36d90046fc4141753aaf119,cfb-wvu-ku-2025-09-20,cfb,West Virginia,Kansas,2025-09-20T22:00:00Z,1,1,401756899,2025-09-20T22:00Z,0.0,2,0,10,41,1,1
0x5b81b85be5b5533df6241d41c06e1a46b03ab4b8a300f969e14213da8e72c6c4,cfb-boise-af-2025-09-20,cfb,Boise State,Air Force,2025-09-20T23:00:00Z,0,1,401760372,2025-09-20T23:00Z,0.0,2,0,49,37,1,1
0x29b6c77f591eedaea30cff14c586b3ae5e62e20a8dc1d49c8875cffce6689bb1,cfb-ccar-sbama-2025-09-20,cfb,Coastal Carolina,South Alabama,2025-09-20T23:00:00Z,0,1,401761611,2025-09-20T23:00Z,0.0,2,0,38,20,1,1
0xc32432948a652d1293565a104e000279100e87a037fc4ff04dfbe218cd555c9e,cfb-mrsh-mtsu-2025-09-20,cfb,Marshall,Middle Tennessee,2025-09-20T23:00:00Z,0,1,401757264,2025-09-20T23:00Z,0.0,2,0,42,28,1,1
0xaa5a8c83e5dd1b2587a5adaaa0da7bff71d418e299ca711cd63a84b1046acbcd,cfb-nev-wku-2025-09-20,cfb,Nevada,Western Kentucky,2025-09-20T23:00:00Z,1,1,401757268,2025-09-20T23:00Z,0.0,2,0,16,31,1,1
0x086988fc4429f0d166bb42192f2fc11eef2b2440936a15d07d31d97e90312cfb,cfb-scar-mizz-2025-09-20,cfb,South Carolina,Missouri,2025-09-20T23:00:00Z,1,1,401752713,2025-09-20T23:00Z,0.0,2,0,20,29,1,1
0x5330e997dd88a34e1ea810eb44174d7680c630b941e1e80fefd36613dca8e9c5,cfb-azst-bay-2025-09-20,cfb,Arizona State,Baylor,2025-09-20T23:30:00Z,0,1,401756896,2025-09-20T23:30Z,0.0,2,0,27,24,1,1
0xb1c8a9859346e5fd092402a72ceb5d1192a2c7f9983aa88239459adf211c9569,cfb-byu-ecu-2025-09-20,cfb,BYU,East Carolina,2025-09-20T23:30:00Z,0,1,401756898,2025-09-20T23:30Z,0.0,2,0,34,13,1,1
0x33482be407bc706f8271bdca200a95a7f897bac800492069df0a3cc9ac9e56a9,cfb-gast-vand-2025-09-20,cfb,Georgia State,Vanderbilt,2025-09-20T23:30:00Z,1,1,401752716,2025-09-20T23:30Z,0.0,2,0,21,70,1,1
0x166dc50db4bd8ff277a1873b179e5ab33a2f1b0b150530fc2288de32bf604c96,cfb-ill-ind-2025-09-20,cfb,Illinois,Indiana,2025-09-20T23:30:00Z,1,1,401752843,2025-09-20T23:30Z,0.0,2,0,10,63,1,1
0x4393391f09c8bfe64c4977acee40ad297d8b014a912e8a2d2ded39be157867ac,cfb-stan-uva-2025-09-20,cfb,Stanford,Virginia,2025-09-20T23:30:00Z,1,1,401754539,2025-09-20T23:30Z,0.0,2,0,20,48,1,1
0xa3a94e179dba0c4bd35b95dc4f968a120150a8ea0d35946ca35dad0b5c228448,cfb-uf-miami-2025-09-20,cfb,Florida,Miami,2025-09-20T23:30:00Z,1,1,401752709,2025-09-20T23:30Z,0.0,2,0,7,26,1,1
0xcbddd3eaee53b47fae67fd7b883cab67fc1ba7c591bb9cb2ce08e73d9510219a,cfb-usm-lt-2025-09-20,cfb,Southern Mississippi,Louisiana Tech,2025-09-20T23:30:00Z,1,1,401757263,2025-09-20T23:30Z,0.0,2,0,20,30,1,1
0x43dd2f5977079419dea8521fa5b60aa4d53981a361ca30fcc02dbee6008abe79,cfb-wash-wsu-2025-09-20,cfb,Washington,Washington State,2025-09-20T23:30:00Z,0,1,401752842,2025-09-20T23:30Z,0.0,2,0,59,24,1,1
0xbe64ac0083b7fcab0b99e0867713d9ef70fef961a8da0ecbce9b1d425fab5b42,cfb-shsu-tex-2025-09-20,cfb,Sam Houston,Texas,2025-09-21T00:00:00Z,1,1,401752723,2025-09-21T00:00Z,0.0,2,0,0,55,1,1
0x4fdf54ae35e6aa90a0d67d12ef4c69f41ff2e43ef3d4a5b7d155abc806384135,cfb-ulm-utep-2025-09-20,cfb,UL Monroe,UTEP,2025-09-21T01:00:00Z,0,1,401757267,2025-09-21T01:00Z,0.0,2,0,31,25,1,1
0x87b63a319b1b59e5799e8c957dc3189e6b0ea72cdbb956812f4953ffe458f4c8,cfb-utsa-csu-2025-09-20,cfb,UTSA,Colorado State,2025-09-21T01:30:00Z,0,1,401760373,2025-09-21T01:30Z,0.0,2,0,17,16,1,1
0x312b9c5c1e712fb150a557fbad12fbb69e84f5e036572aff3bdfbc2be245d98d,cfb-wyo-col-2025-09-20,cfb,Wyoming,Colorado,2025-09-21T02:15:00Z,1,1,401756897,2025-09-21T02:25Z,0.17,2,0,20,37,1,1
0xfe2b39eaf8209a7d0ce6c35ddc78e39069f70f9eb68270b1b9ef2c8de1ba2be4,cfb-cal-sdsu-2025-09-20,cfb,California,San Diego State,2025-09-21T02:30:00Z,1,1,401754540,2025-09-21T02:30Z,0.0,2,0,0,34,1,1
0xc2e7cab4e3111d25914456053a685fa3ad942f0a23de3c2cf5ea90f4ca48e896,cfb-msu-usc-2025-09-20,cfb,Michigan State,USC,2025-09-21T03:00:00Z,1,1,401752847,2025-09-21T03:00Z,0.0,2,0,31,45,1,1
0x74526b967dffc08c39297cd6d383633887757192c6fc85fac7bef3b2fd075157,cfb-frsno-haw-2025-09-20,cfb,Fresno State,Hawai'i,2025-09-21T03:59:00Z,0,1,401760374,2025-09-21T03:59Z,0.0,2,0,23,21,1,1
0x98dde15f19b750936526d438b9920e325aece9d3e4144b71e276e96f557c1c49,nfl-atl-car-2025-09-21,nfl,Falcons,Panthers,2025-09-21T17:00:00Z,1,1,401772838,2025-09-21T17:00Z,0.0,2,0,0,30,1,1
0x00cfb1fe371a24b3a9d81f1bb9ba5a037a53f70cf5f2741f3e8d24ca0eb46591,nfl-cin-min-2025-09-21,nfl,Bengals,Vikings,2025-09-21T17:00:00Z,1,1,401772731,2025-09-21T17:00Z,0.0,2,0,10,48,1,1
0xfeb438246bc849b858cb0136ec42903babf3921f634cf1733ab833349b65e6dd,nfl-gb-cle-2025-09-21,nfl,Packers,Browns,2025-09-21T17:00:00Z,1,1,401772842,2025-09-21T17:00Z,0.0,2,0,10,13,1,1
0xcab669c074f8f790546d99e92a5864b14f46d98de451f35e26ea63c0089a7173,nfl-hou-jax-2025-09-21,nfl,Texans,Jaguars,2025-09-21T17:00:00Z,1,1,401772734,2025-09-21T17:00Z,0.0,2,0,10,17,1,1
0x0a72c4de1ae9224eaf23d19ed8710a9b569bcc18b872e5b0812d4e931e36b837,nfl-ind-ten-2025-09-21,nfl,Colts,Titans,2025-09-21T17:00:00Z,0,1,401772733,2025-09-21T17:00Z,0.0,2,0,41,20,1,1
0xbaef857e53f69249525c725e35c4dafb4c9df13c915738351bf2d5ab9fef01b9,nfl-la-phi-2025-09-21,nfl,Rams,Eagles,2025-09-21T17:00:00Z,1,1,401772839,2025-09-21T17:00Z,0.0,2,0,26,33,1,1
0xb68114f91bebbdf4db3b833187ffa59aa3b9a727cbc3070f232e2fbc8efa530d,nfl-lv-was-2025-09-21,nfl,Raiders,Commanders,2025-09-21T17:00:00Z,1,1,401772841,2025-09-21T17:00Z,0.0,2,0,24,41,1,1
0x44d172447f68fcc304a574af3439776f798155fee1ea6ade6861ea62d269a856,nfl-nyj-tb-2025-09-21,nfl,Jets,Buccaneers,2025-09-21T17:00:00Z,1,1,401772840,2025-09-21T17:00Z,0.0,2,0,27,29,1,1
0x8610f5115132a1dbb5d9db6d2514880bffd355a08d4e7e7c4a4b8a176ed9baa7,nfl-pit-ne-2025-09-21,nfl,Steelers,Patriots,2025-09-21T17:00:00Z,0,1,401772732,2025-09-21T17:00Z,0.0,2,0,21,14,1,1
0x63c2b29f776882f6a873ab08f9233b5ce81878f08901b356cefbfeefed9a7256,nfl-den-lac-2025-09-21,nfl,Broncos,Chargers,2025-09-21T20:05:00Z,1,1,401772735,2025-09-21T20:05Z,0.0,2,0,20,23,1,1
0x027debee6533019ad89f0c725cd371e7743741993ba7299ffb6fd00fa2113bfa,nfl-no-sea-2025-09-21,nfl,Saints,Seahawks,2025-09-21T20:05:00Z,1,1,401772736,2025-09-21T20:05Z,0.0,2,0,13,44,1,1
0x86114dd0c8cb0620543ac867b2c1c38715f6c71e62d2f6580c51c5223e6f3c3e,nfl-ari-sf-2025-09-21,nfl,Cardinals,49ers,2025-09-21T20:25:00Z,1,1,401772843,2025-09-21T20:25Z,0.0,2,0,15,16,1,1
0xfa1e8f3b1d376187570365ccc2b0a75b75c6bac5e09af54cbb2f136dcfc15312,nfl-dal-chi-2025-09-21,nfl,Cowboys,Bears,2025-09-21T20:25:00Z,1,1,401772844,2025-09-21T20:25Z,0.0,2,0,14,31,1,1
0x86f7bdfbb5d28ce8a9c455600e0252b016becf26a3868ac5ca6b85a65ac5b785,nfl-kc-nyg-2025-09-21,nfl,Chiefs,Giants,2025-09-22T00:20:00Z,0,1,401772920,2025-09-22T00:20Z,0.0,2,0,22,9,1,1
0x9bb75ad1d36ca556770aa2e1e12d1a6cc4a96039664434a33d4d7221504fa28c,nfl-det-bal-2025-09-22,nfl,Lions,Ravens,2025-09-23T00:15:00Z,0,1,401772812,2025-09-23T00:15Z,0.0,2,0,38,30,1,1
0x465bb7c09fd6dd71b1dce092970aa5dbe0754bd04754d90580e32205c744d55d,cfb-army-ecar-2025-09-25,cfb,Army,East Carolina,2025-09-25T23:30:00Z,1,1,401762471,2025-09-25T23:30Z,0.0,2,0,6,28,1,1
0x2a749fa0cb0d3a9950eb54d6bc2800de73297906857b6093bcc1a9573c17fd05,nfl-sea-ari-2025-09-25,nfl,Seahawks,Cardinals,2025-09-26T00:15:00Z,0,1,401772938,2025-09-26T00:15Z,0.0,2,0,23,20,1,1
0x802b26249e03ba6b92f73e1019f69f0688f9b59d2ea9ed8ec9f04cdeaed1dd24,cfb-flst-vir-2025-09-26,cfb,Florida State,Virginia,2025-09-26T23:00:00Z,1,1,401754543,2025-09-26T23:00Z,0.0,2,0,38,46,1,1
0x8f6538c2a347994680ebe60d986f5d6887d0b50f476ee48ecb93878a197dd1f6,cfb-bowlgr-ohio-2025-09-27,cfb,Bowling,Ohio,2025-09-27T16:00:00Z,1,1,401762825,2025-09-27T16:00Z,0.0,2,0,20,35,1,1
0x60d542b301f0455b36adbf5de1cec2a8c5e85b40aaa88752826c715bc17e7f26,cfb-cin-kan-2025-09-27,cfb,Cincinnati,Kansas,2025-09-27T16:00:00Z,0,1,401756905,2025-09-27T16:00Z,0.0,2,0,37,34,1,1
0xf44c6f6a6deb2a2a769d163c8ba1c9bd73eb0465b49d6f5b1bc22b228856db60,cfb-duke-syra-2025-09-27,cfb,Duke,Syracuse,2025-09-27T16:00:00Z,0,1,401754545,2025-09-27T16:00Z,0.0,2,0,38,3,1,1
0x040bc569d4a7e31ac6a71fef318ae22b7dc9b9562925a8e67732a2b99dd9ff5d,cfb-gtech-wake-2025-09-27,cfb,Georgia Tech,Wake Forest,2025-09-27T16:00:00Z,0,1,401754546,2025-09-27T16:00Z,0.0,2,0,30,29,1,1
0xcc6425f01129e2a7b7bf1ff218f5b9cead63459442fe1538f7261b4ff056c21c,cfb-lou-pitt-2025-09-27,cfb,Louisville,Pittsburgh,2025-09-27T16:00:00Z,0,1,401754547,2025-09-27T16:00Z,0.0,2,0,34,27,1,1
0xd2943049935e7eb0df6027b7141113a6fe91a5bf288906751fdf9bec4344cf81,cfb-nd-ark-2025-09-27,cfb,Notre Dame,Arkansas,2025-09-27T16:00:00Z,0,1,401752717,2025-09-27T16:00Z,0.0,2,0,56,13,1,1
0xf88ca0f086c6e7d3dbee06092112e6772e2e981f5d23e94efea8f1ae69c8f6f9,cfb-rutger-minnst-2025-09-27,cfb,Rutgers,Minnesota,2025-09-27T16:00:00Z,1,1,401752849,2025-09-27T16:00Z,0.0,2,0,28,31,1,1
0x9a5e6b7e96aaa8166ce6cd132a982b88669c01bae23cd59c0aefa5b982402fe8,cfb-sala-ntx-2025-09-27,cfb,South Alabama,North Texas,2025-09-27T16:00:00Z,1,1,401761617,2025-09-27T16:00Z,0.0,2,0,22,36,1,1
0xe00b8cd962038ff422aa9dc0948283959850ffc264c23e67a96124d1a86b2d3a,cfb-ucf-kanst-2025-09-27,cfb,UCF,Kansas State,2025-09-27T16:00:00Z,1,1,401756906,2025-09-27T16:00Z,0.0,2,0,20,34,1,1
0xd9f4f79cf81ed6b33a86383242d9ca0688a7708e48df2a3afa9b5af4f1a8a489,cfb-usc-ill-2025-09-27,cfb,USC,Illinois,2025-09-27T16:00:00Z,1,1,401752850,2025-09-27T16:00Z,0.0,2,0,32,34,1,1
0xe1eb6ee66a0df54697f1c6054e7158233a05826ef27e84987da6dbe57e211b17,cfb-utahst-vand-2025-09-27,cfb,Utah State,Vanderbilt,2025-09-27T16:45:00Z,1,1,401752725,2025-09-27T16:45Z,0.0,2,0,35,55,1,1
0x60e38e0bbebb7728077f96ae311178736ce9fb8a886cd8dfb26b1c32f379c7da,cfb-emich-cmich-2025-09-27,cfb,Eastern Michigan,Central Michigan,2025-09-27T17:00:00Z,1,1,401762826,2025-09-27T17:00Z,0.0,2,0,13,24,1,1
0x62304de442494d50be99f801851b53173c47a3d5dfed2ab732f59f681df0d123,cfb-gas-jmad-2025-09-27,cfb,Georgia Southern,James Madison,2025-09-27T17:30:00Z,1,1,401761614,2025-09-27T17:30Z,0.0,2,0,10,35,1,1
0x9d69b7a53151394a2a14f1cabcb853c04e1765fe80f12dfecad07e21cf8b2223,cfb-arkst-lamon-2025-09-27,cfb,Arkansas State,UL Monroe,2025-09-27T19:00:00Z,1,1,401761616,2025-09-27T19:00Z,0.0,2,0,16,28,1,1
0x929c40f5a0ef9d82ecf36c4b8a819600f55c7ca46f81e7d9198d7521ddfbde64,cfb-akron-toledo-2025-09-27,cfb,Akron,Toledo,2025-09-27T19:30:00Z,1,1,401762824,2025-09-27T19:30Z,0.0,2,0,3,45,1,1
0xa96fff91ed4f2a9fff6b45e7646461ed84244eb698fbfb9ab24f01262a5981d8,cfb-aubrn-txam-2025-09-27,cfb,Auburn,Texas A&M,2025-09-27T19:30:00Z,1,1,401752724,2025-09-27T19:30Z,0.0,2,0,10,16,1,1
0x8b46e0df4f83d9c44ad06bb20b59f7a956dba453d32b7614f1ce6593f57c4fbb,cfb-bayl-okst-2025-09-27,cfb,Baylor,Oklahoma State,2025-09-27T19:30:00Z,0,1,401756907,2025-09-27T19:30Z,0.0,2,0,45,27,1,1
0xb36b6bedf24f602fe1a1bfe666b16ab5e4e7c4ebc8eac271e4a63d7b6c98587a,cfb-cah-boscol-2025-09-27,cfb,California,Boston College,2025-09-27T19:30:00Z,0,1,401754544,2025-09-27T19:30Z,0.0,2,0,28,24,1,1
0x4cdfbf7d0bf6d6f0bea480e210289d4842825834b5ef193387661b6fec3db64d,cfb-ind-iowa-2025-09-27,cfb,Indiana,Iowa,2025-09-27T19:30:00Z,0,1,401752853,2025-09-27T19:30Z,0.0,2,0,20,15,1,1
0xb1eb994bd536d02d4d773d6b17c11ab3ebbe25face9c6861d4bfeb7049deee88,cfb-lsu-miss-2025-09-27,cfb,LSU,Ole Miss,2025-09-27T19:30:00Z,1,1,401752719,2025-09-27T19:30Z,0.0,2,0,19,24,1,1
0x84cbf4d230de080d09f74afa3845307f051344db46e2d5f7127a399250d639e8,cfb-ohiost-wash-2025-09-27,cfb,Ohio State,Washington,2025-09-27T19:30:00Z,0,1,401752852,2025-09-27T19:30Z,0.0,2,0,24,6,1,1
0x62339a9ab2bc7188dfac5cf2e740e95d6871c71b74eb44b77797dc4b498be47e,cfb-rice-navy-2025-09-27,cfb,Rice,Navy,2025-09-27T19:30:00Z,1,1,401762473,2025-09-27T19:30Z,0.0,2,0,13,21,1,1
0x30f0ffc61f0760056aba069a0d2b014f115c32c8316965997748ca6eab24a5d7,cfb-sdst-nill-2025-09-27,cfb,San Diego State,Northern Illinois,2025-09-27T19:30:00Z,0,1,401760380,2025-09-27T19:30Z,0.0,2,0,6,3,1,1
0x225140ed25261b1a2e8f6c007ec44d40629a38dc8b8eef5d70df536bf9d3b5ac,cfb-ucla-nw-2025-09-27,cfb,UCLA,Northwestern,2025-09-27T19:30:00Z,1,1,401752851,2025-09-27T19:30Z,0.0,2,0,14,17,1,1
0x1c4b405a41b317d0e30bbc5c54f8c15514e7818b0c9beb755788a774bfdf9d18,cfb-uconn-buf-2025-09-27,cfb,UConn,Buffalo,2025-09-27T19:30:00Z,0,1,401757170,2025-09-27T19:30Z,0.0,2,0,20,17,1,1
0xcb72bef8df7a106fc87f4acf814992893a3607cf169b76a8ed4bf6c15bcd3c72,cfb-utah-wvir-2025-09-27,cfb,Utah,West Virginia,2025-09-27T19:30:00Z,0,1,401756908,2025-09-27T19:30Z,0.0,2,0,48,14,1,1
0xbda39417c17e7ef780eee52a41a51c883672ce626fed190d83d57d83120ef4d1,cfb-nmxst-nmx-2025-09-27,cfb,New Mexico State,New Mexico,2025-09-27T20:00:00Z,1,1,401757274,2025-09-27T20:00Z,0.0,2,0,20,38,1,1
0x92dfcd4e774d7ec01498f30b9a92f2f73dae4aff0fc91574f64e5761d7b2b201,cfb-tulane-tulsa-2025-09-27,cfb,Tulane,Tulsa,2025-09-27T20:00:00Z,0,1,401762474,2025-09-27T20:00Z,0.0,2,0,31,14,1,1
0x25ac36d8bad5da418bad8134bf70a2461b145f8673f329c34ac991bcd1827ff5,cfb-hawaii-airf-2025-09-27,cfb,Hawaii,Air Force,2025-09-27T20:10:00Z,0,1,401760378,2025-09-27T20:00Z,0.17,2,0,44,35,1,1
0x7aa6788e40168d0087f978a0caab2f2a0934d43a2194989e4f940f81ee7fca9f,cfb-tenn-mspst-2025-09-27,cfb,Tennessee,Mississippi State,2025-09-27T20:15:00Z,0,1,401752720,2025-09-27T20:15Z,0.0,2,0,41,34,1,1
0xc42e6c5feac01a06c8fd83780b71b4db2042f397662d2bbe0793f9842eff96c7,cfb-librty-old-2025-09-27,cfb,Liberty,Old Dominion,2025-09-27T22:00:00Z,1,1,401757271,2025-09-27T22:00Z,0.0,2,0,7,21,1,1
0xff409e1cee0eb6ea0a7ab0740baed14b22c2395fe16228a2e8534a5bda0b7274,cfb-mtnst-kenest-2025-09-27,cfb,Middle Tennessee,Kennesaw State,2025-09-27T22:00:00Z,1,1,401757270,2025-09-27T22:00Z,0.0,2,0,16,24,1,1
0x5da0465202f625a1147bbb789e288310e90bbb020a776330bd3d333b37e55f90,cfb-ri-wmich-2025-09-27,cfb,Rhode Island,Western Michigan,2025-09-27T22:30:00Z,1,1,401762828,2025-09-27T22:30Z,0.0,2,0,14,47,1,1
0x885033b344ce021418674d35a253fbc7f265b06fd1ee92b8e9a0d36a3cd980fe,cfb-arz-iowast-2025-09-27,cfb,Arizona,Iowa State,2025-09-27T23:00:00Z,1,1,401756904,2025-09-27T23:00Z,0.0,2,0,14,39,1,1
0xd3ecad982219eaa8452a7cfb9e864bcff37c966c8b3aa140e257a9d70f18acda,cfb-jaxst-soumis-2025-09-27,cfb,Jacksonville State,Southern Miss,2025-09-27T23:00:00Z,1,1,401757269,2025-09-27T23:00Z,0.0,2,0,25,42,1,1
0x72544317201b15fc25948cd22228983362125986eaf24826a4876788888872eb,cfb-mphs-flatl-2025-09-27,cfb,Memphis,Florida Atlantic,2025-09-27T23:00:00Z,0,1,401762472,2025-09-27T23:00Z,0.0,2,0,55,26,1,1
0x9f382d62f4757a8832f637f239904fb39c8d495e33c0726e914beb830c7e7e35,cfb-vtech-ncst-2025-09-27,cfb,Virginia Tech,NC State,2025-09-27T23:00:00Z,0,1,401754548,2025-09-27T23:00Z,0.0,2,0,23,21,1,1
0x6d59bd171d8b909e3af44c2b0c52bd6a690480805e7d380f0241fa3c0e7cbdf2,cfb-wkent-msrst-2025-09-27,cfb,Western Kentucky,Missouri State,2025-09-27T23:00:00Z,0,1,401757273,2025-09-27T23:00Z,0.0,2,0,27,22,1,1
0x78ba21fd7871d3fe5eb50b3834a18eabc98dca241e1dd842623b0c0bd65dc041,cfb-ala-ga-2025-09-27,cfb,Alabama,Georgia,2025-09-27T23:30:00Z,0,1,401752718,2025-09-27T23:30Z,0.0,2,0,24,21,1,1
0xbf137621a4f5ba06d83dec7c62cb38efa5dc819723e8acc6aed4251318ffc0d3,cfb-applst-boise-2025-09-27,cfb,Appalachian State,Boise State,2025-09-27T23:30:00Z,1,1,401760379,2025-09-27T23:30Z,0.0,2,0,14,47,1,1
0xfb41ad72ca45f94f335a6eef84daf6a761262a87cc581ebf9711a4bd44599bc3,cfb-ore-pennst-2025-09-27,cfb,Oregon,Penn State,2025-09-27T23:30:00Z,0,1,401752854,2025-09-27T23:30Z,0.0,2,0,30,24,1,1
0x93cd8e4b8a9f6ecbccbc95257e388dec771bb599408d441b98946e5d4af60f02,cfb-sjst-stan-2025-09-27,cfb,San Jose State,Stanford,2025-09-27T23:30:00Z,1,1,401754549,2025-09-27T23:30Z,0.0,2,0,29,30,1,1
0x42570e2cefd9d65d17206a2074a1af70dca4df8730a16c7419aa29604633a37f,cfb-umass-missr-2025-09-27,cfb,UMass,Missouri,2025-09-27T23:30:00Z,1,1,401752721,2025-09-27T23:30Z,0.0,2,0,6,42,1,1
0xa23a6d89738fc76a3d62807428b2495f70d23518730314613405ed151146c6bb,cfb-washst-colst-2025-09-27,cfb,Washington State,Colorado State,2025-09-27T23:30:00Z,0,1,401752950,2025-09-27T23:30Z,0.0,2,0,20,3,1,1
0x0dfee592c5e92a3582a666314f3941d608074be8db7aaef6533dbf0e4a549fcc,cfb-uk-sc-2025-09-27,cfb,Kentucky,South Carolina,2025-09-27T23:45:00Z,1,1,401752722,2025-09-27T23:45Z,0.0,2,0,13,35,1,1
0xfcc46ecb6f54bc116ef2eae38921499f53eb0b669d5719a6f7a07c414d4456b8,cfb-loutch-utep-2025-09-27,cfb,Louisiana Tech,UTEP,2025-09-28T01:00:00Z,0,1,401757272,2025-09-28T01:00Z,0.0,2,0,30,11,1,1
0xd5b1f3e75194ffd48ab28b219cbb38f656d07af3ddc1619c5b5bced8bfa6124a,cfb-byu-col-2025-09-27,cfb,BYU,Colorado,2025-09-28T02:15:00Z,0,1,401756903,2025-09-28T02:15Z,0.0,2,0,24,21,1,1
0xf6ac37db6b9296effc601fd758968a519a81bd918fc958f28279ba32cf532f77,nfl-min-pit-2025-09-28,nfl,Vikings,Steelers,2025-09-28T13:30:00Z,1,1,401772632,2025-09-28T13:30Z,0.0,2,1,21,24,1,1
0x2517c2e7563984d2149ac4b2bfb5d4994c36a9360929d195cd91278925629813,nfl-car-ne-2025-09-28,nfl,Panthers,Patriots,2025-09-28T17:00:00Z,1,1,401772847,2025-09-28T17:00Z,0.0,2,0,13,42,1,1
0xba5f25a50cb42b8187b1c341801f9a8e5a5aee19d74382ddbba563da5cdc01b7,nfl-cle-det-2025-09-28,nfl,Browns,Lions,2025-09-28T17:00:00Z,1,1,401772846,2025-09-28T17:00Z,0.0,2,0,10,34,1,1
0x79adec37b2f1ad53e17b80bb9c911c205300dbad84b55bb7ebaee8d8858d6ef2,nfl-lac-nyg-2025-09-28,nfl,Chargers,Giants,2025-09-28T17:00:00Z,1,1,401772737,2025-09-28T17:00Z,0.0,2,0,18,21,1,1
0x0b05c52720172eaa168e62e9e91702f48ef69210888880d2e9b74a0e210066e3,nfl-no-buf-2025-09-28,nfl,Saints,Bills,2025-09-28T17:00:00Z,1,1,401772740,2025-09-28T17:00Z,0.0,2,0,19,31,1,1
0xccc244fc8e622c7a3768672661e64b7e9bb53bbb4f1e53a3aa36bd0d33428548,nfl-phi-tb-2025-09-28,nfl,Eagles,Buccaneers,2025-09-28T17:00:00Z,0,1,401772845,2025-09-28T17:00Z,0.0,2,0,31,25,1,1
0xf58eb28bb922427619e371903feb61299d311f36e11dd1ea650a4832df6fc1d3,nfl-ten-hou-2025-09-28,nfl,Titans,Texans,2025-09-28T17:00:00Z,1,1,401772738,2025-09-28T17:00Z,0.0,2,0,0,26,1,1
0xf4f1401bb1d74968dc3284b2c5c2319f5d135ce80b6025c89cf0b50b20da610c,nfl-was-atl-2025-09-28,nfl,Commanders,Falcons,2025-09-28T17:00:00Z,1,1,401772739,2025-09-28T17:00Z,0.0,2,0,27,34,1,1
0x8176209c7972bd1b9c1f0ce07120361b34930978d225ae007461edb03aefd3b0,nfl-ind-la-2025-09-28,nfl,Colts,Rams,2025-09-28T20:05:00Z,1,1,401772849,2025-09-28T20:05Z,0.0,2,0,20,27,1,1
0x7ae4c85cc2ee3fe4ea7eb2545b05aee25ffd4f83367c371006942a5553566655,nfl-jax-sf-2025-09-28,nfl,Jaguars,49ers,2025-09-28T20:05:00Z,0,1,401772848,2025-09-28T20:05Z,0.0,2,0,26,21,1,1
0xa84414bb974f9f7a1ce7d4f70c293ae5aed95b54224447d11d48fb46712808fc,nfl-bal-kc-2025-09-28,nfl,Ravens,Chiefs,2025-09-28T20:25:00Z,1,1,401772741,2025-09-28T20:25Z,0.0,2,0,20,37,1,1
0x4b5eb32c4b800bb96ec906a69507af92b567141e7dd6b023f6f0647ca3d840b3,nfl-chi-lv-2025-09-28,nfl,Bears,Raiders,2025-09-28T20:25:00Z,0,1,401772742,2025-09-28T20:25Z,0.0,2,0,25,24,1,1
0xdbc4fe4cf3464fccac0a3d1ec518d25047c7fed46ba942026d792b67ce4dbb5a,nfl-nyj-mia-2025-09-29,nfl,Jets,Dolphins,2025-09-29T23:15:00Z,1,1,401772813,2025-09-29T23:15Z,0.0,2,0,21,27,1,1
0x664ac906ce2e9579824b9eee8b42f937f3d01b3c5c670ba32e8433f95d3a4cd2,nfl-cin-den-2025-09-29,nfl,Bengals,Broncos,2025-09-30T00:15:00Z,1,1,401772716,2025-09-30T00:15Z,0.0,2,0,3,28,1,1
0xe182afe6d9001281d12b6ea68b70364ac926965a3bfcff48476edfbb4e621287,nfl-sf-la-2025-10-02,nfl,49ers,Rams,2025-10-03T00:15:00Z,0,1,401772939,2025-10-03T00:15Z,0.0,2,0,26,23,1,1
0x844a4bcd0aae636be5e4f6af9c020c57f2568686b1bbfd946cbfee59abd00bf1,cfb-charlt-sfl-2025-10-03,cfb,Charlotte 49ers,South Florida,2025-10-03T23:00:00Z,1,1,401762475,2025-10-03T23:00Z,0.0,2,0,26,54,1,1
0xd36210cbdf0916c16755737ce5abe7aaf2a8665f9804e60eec95ed4135551698,cfb-wkent-del-2025-10-03,cfb,Western Kentucky,Delaware Blue Hens,2025-10-03T23:00:00Z,0,1,401757276,2025-10-03T23:00Z,0.0,2,0,27,24,1,1
0x4eebaea9a5ed80e51b453c0a93ce93ef80c2c028e2f7b2db2d86f7d325b3f0a4,cfb-nmx-sjst-2025-10-04,cfb,New Mexico,San Jose State,2025-10-04T02:00:00Z,1,1,401760384,2025-10-04T02:00Z,0.0,2,0,28,35,1,1
0x7d22b9d27a5c32038ba7a963a80390ffb92f0e0a5c8b5e078bf6fc41f9d0e12c,cfb-colst-sdst-2025-10-04,cfb,Colorado State,San Diego State,2025-10-04T02:30:00Z,1,1,401760382,2025-10-04T02:30Z,0.0,2,0,24,45,1,1
0xe5822e85ff1703ef17218fc4e8464c83dc4d15a792563b322d83742a7413bd59,cfb-wvir-byu-2025-10-04,cfb,West Virginia,BYU,2025-10-04T02:30:00Z,1,1,401756909,2025-10-04T02:30Z,0.0,2,0,24,38,1,1
0xb98cabc80f5c2381b01e5b17d18b8f690fdd3ab091831e341344e1365dd93eb5,cfb-airf-navy-2025-10-04,cfb,Air Force,Navy,2025-10-04T16:00:00Z,1,1,401760381,2025-10-04T16:00Z,0.0,2,0,31,34,1,1
0x238801f9d467f62344ebe723143a46c7b5504e5d77eecfdc266f5f684492d0e5,cfb-army-uab-2025-10-04,cfb,Army,UAB Blazers,2025-10-04T16:00:00Z,0,1,401762476,2025-10-04T16:00Z,0.0,2,0,31,13,1,1
0xf0f3818b81479dd3dfe2a506f88ed8a8b0125d03fb92c83e2fa379486c6734eb,cfb-boscol-pitt-2025-10-04,cfb,Boston College,Pittsburgh,2025-10-04T16:00:00Z,1,1,401754550,2025-10-04T16:00Z,0.0,2,0,7,48,1,1
0x3ecf9f1e48968669440028cd0a33d77882731989505546e0870fbb257eda6679,cfb-clmsn-ncar-2025-10-04,cfb,Clemson,North Carolina,2025-10-04T16:00:00Z,0,1,401754552,2025-10-04T16:00Z,0.0,2,0,38,10,1,1
0x1e166f211ad1fc8a53a686278a70d06616fa6d8c2d7e32df5206ac0aa10563b5,cfb-ill-pur-2025-10-04,cfb,Illinois,Purdue Boilermakers,2025-10-04T16:00:00Z,0,1,401752861,2025-10-04T16:00Z,0.0,2,0,43,27,1,1
0x6bee39915f4ed1160ee6898b2425c74930e8f858e467c96ae76f6b6fb914a978,cfb-iowast-cin-2025-10-04,cfb,Iowa State,Cincinnati,2025-10-04T16:00:00Z,1,1,401756912,2025-10-04T16:00Z,0.0,2,0,30,38,1,1
0x107eb797eb91aa6dc6b583c020e7c50ed9aa4e1f4a3bd3060fe425cbd97cdf49,cfb-kanst-bayl-2025-10-04,cfb,Kansas State,Baylor,2025-10-04T16:00:00Z,1,1,401756911,2025-10-04T16:00Z,0.0,2,0,34,35,1,1
0xd64f8f05070c562066f67f17cee8d2044ce2709506025f661f6c3b838726fb81,cfb-ohio-ballst-2025-10-04,cfb,Ohio,Ball State,2025-10-04T16:00:00Z,1,1,401762830,2025-10-04T16:00Z,0.0,2,0,14,20,1,1
0x492255ca5b0fa2993470c09423573bd3275c4bcc0d9b9d4cd8a34626026af510,cfb-uk-ga-2025-10-04,cfb,Kentucky,Georgia,2025-10-04T16:00:00Z,1,1,401752728,2025-10-04T16:00Z,0.0,2,0,14,35,1,1
0x13254d6506bf47bbf8d437e4703f2eced97d7c6476dcb61e278d478c46146aa2,cfb-wisc-mich-2025-10-04,cfb,Wisconsin Badgers,Michigan,2025-10-04T16:00:00Z,1,1,401752856,2025-10-04T16:00Z,0.0,2,0,10,24,1,1
0xa2819e7e4faaed67e50185131d330e25912e04ad913bcb0513c778b3214ec0e5,cfb-utsa-templ-2025-10-04,cfb,UTSA Roadrunners,Temple,2025-10-04T17:00:00Z,1,1,401762479,2025-10-04T17:00Z,0.0,2,0,21,27,1,1
0x5f721b1f8518a108ec68536c14a0478a771a269e89b94f871e0d09534aca01bb,cfb-wake-vtech-2025-10-04,cfb,Wake Forest,Virginia Tech,2025-10-04T17:00:00Z,0,1,401754556,2025-10-04T17:00Z,0.0,2,0,30,23,1,1
0xc1988ad3365ba880aa83374aeac37b84062b0df3db8aa73e4e41f3227d485d2e,cfb-camp-ncst-2025-10-04,cfb,Campbell Fighting Camels,NC State,2025-10-04T18:00:00Z,1,1,401754557,2025-10-04T18:00Z,0.0,2,0,10,56,1,1
0x4cb2150fe2ae7effe23f82e263b2d8649b0c3c35b3a2d317e8d6c270b00f8ac6,cfb-wmich-umass-2025-10-04,cfb,Western Michigan,UMass,2025-10-04T18:30:00Z,0,1,401762832,2025-10-04T18:30Z,0.0,2,0,21,3,1,1
0x6c5222a50b8bc5ef0b2995a433a80506f5498918b0bf1e53042d8737de87db79,cfb-okst-arz-2025-10-04,cfb,Oklahoma State,Arizona,2025-10-04T19:00:00Z,1,1,401756910,2025-10-04T19:00Z,0.0,2,0,13,41,1,1
0x6dfe254bd732af60b4a5d2f65971c1629bfaedede84df37818bff81891df4913,cfb-boise-nd-2025-10-04,cfb,Boise State,Notre Dame,2025-10-04T19:30:00Z,1,1,401757165,2025-10-04T19:30Z,0.0,2,0,7,28,1,1
0x0b2d4c0e59b20102db24730a2414cb18d219125e2447166bd4729af3e5c9ba70,cfb-cmich-akron-2025-10-04,cfb,Central Michigan,Akron,2025-10-04T19:30:00Z,1,1,401762829,2025-10-04T19:30Z,0.0,2,0,22,28,1,1
0x3f99fd3637b746073d804678fdbb5e79ba00010d2509d2d5fb11bb97258aae9c,cfb-emich-buf-2025-10-04,cfb,Eastern Michigan,Buffalo,2025-10-04T19:30:00Z,1,1,401762831,2025-10-04T19:30Z,0.0,2,0,30,31,1,1
0x2c3b61b33371f06b545e7623134ee868799c33053ebf09623dd5ed85120b50d0,cfb-flint-uconn-2025-10-04,cfb,Florida International,UConn,2025-10-04T19:30:00Z,1,1,401757171,2025-10-04T19:30Z,0.0,2,0,10,51,1,1
0x06604e1e0eafd49a92e534aee315c2d6b7965ebd71251d1220c355aa1560bd4e,cfb-jmad-gast-2025-10-04,cfb,James Madison,Georgia State,2025-10-04T19:30:00Z,0,1,401761618,2025-10-04T19:30Z,0.0,2,0,14,7,1,1
0x9730e1c5d711715bb4b2c137d51df0ec3d6cf1bab29adda9a62bc882164f978d,cfb-lamon-nw-2025-10-04,cfb,UL Monroe,Northwestern,2025-10-04T19:30:00Z,1,1,401752858,2025-10-04T19:30Z,0.0,2,0,7,42,1,1
0xcd0bb9d05f0282c211af6cf7ff079d4ff4a5a39300431c0860698f5f46b8a9ab,cfb-miaoh-nill-2025-10-04,cfb,Miami (OH),Northern Illinois,2025-10-04T19:30:00Z,0,1,401762873,2025-10-04T19:30Z,0.0,2,0,25,14,1,1
0x9895be5251c19fafd1e67e27620c7b0c0b91809719be34a3d07ca1cb55e5d114,cfb-oregst-applst-2025-10-04,cfb,Oregon State,Appalachian State,2025-10-04T19:30:00Z,1,1,401752940,2025-10-04T19:30Z,0.0,2,0,23,27,1,1
0x7a894ea9ddd51fa8604391cb4d95693e8585b77c4ca0a1f316026f8716e41735,cfb-pennst-ucla-2025-10-04,cfb,Penn State,UCLA,2025-10-04T19:30:00Z,1,1,401752855,2025-10-04T19:30Z,0.0,2,0,37,42,1,1
0xceda07483a0c67c346843411fce9ac9cfe97ac9e99f49a6384beb3fc27db4dd7,cfb-syra-smu-2025-10-04,cfb,Syracuse,SMU Mustangs,2025-10-04T19:30:00Z,1,1,401754555,2025-10-04T19:30Z,0.0,2,0,18,31,1,1
0xded0d84993483d436bf35d866a49d71787ccc294998f63896aefd09e13447b15,cfb-tx-fl-2025-10-04,cfb,Texas,Florida Gators,2025-10-04T19:30:00Z,1,1,401752727,2025-10-04T19:30Z,0.0,2,0,21,29,1,1
0xa920598c26cd3f29d25066e1521002a4f51abf936876445ced3af75396dc8890,cfb-vand-ala-2025-10-04,cfb,Vanderbilt,Alabama,2025-10-04T19:30:00Z,1,1,401752726,2025-10-04T19:30Z,0.0,2,0,14,30,1,1
0x4d99a508b8a16cb8261dfee26b00dea8b733c19c10f5cb78417444a8f6230240,cfb-vir-lou-2025-10-04,cfb,Virginia,Louisville,2025-10-04T19:30:00Z,0,1,401754554,2025-10-04T19:30Z,0.0,2,0,30,27,1,1
0xb0fc8f79b5b2cdce8cf293d03bf90ad96d7a6b0e9eed3db4be770529434fb593,cfb-wash-mary-2025-10-04,cfb,Washington,Maryland Terrapins,2025-10-04T19:30:00Z,0,1,401752857,2025-10-04T19:30Z,0.0,2,0,24,20,1,1
0xcbe984f18316f2bde6fe6f6ea9843551d4073739e1f948f10406ad7b3be31641,cfb-kentst-okl-2025-10-04,cfb,Kent State Golden Flashes,Oklahoma,2025-10-04T20:00:00Z,1,1,401752729,2025-10-04T20:00Z,0.0,2,0,0,44,1,1
0x021e759d0b24f9450d8dd0b94f9a53c0c4288db6b9e7b7152d0fa5a63a53d2a0,cfb-mst-nebr-2025-10-04,cfb,Michigan State,Nebraska Cornhuskers,2025-10-04T20:00:00Z,1,1,401752860,2025-10-04T20:00Z,0.0,2,0,27,38,1,1
0x45cdd92c6254cf73ea0c71c762571feb4552b5149e99930e31ff0006816d4edf,cfb-txst-arkst-2025-10-04,cfb,Texas State,Arkansas State,2025-10-04T20:00:00Z,1,1,401761620,2025-10-04T20:00Z,0.0,2,0,30,31,1,1
0x5bbb08bfd0c96f5ba1de6f91ce9a7fae2af3293aeed622f4955c15b76e41b733,cfb-coast-old-2025-10-04,cfb,Coastal Carolina Chanticleers,Old Dominion,2025-10-04T22:00:00Z,1,1,401761619,2025-10-04T22:00Z,0.0,2,0,7,47,1,1
0xb517592632f0a0ee181c06fbc3d18d2f64edab3cf6a984092e2fdb22b86ebc43,cfb-flatl-rice-2025-10-04,cfb,Florida Atlantic,Rice,2025-10-04T23:00:00Z,0,1,401762477,2025-10-04T23:00Z,0.0,2,0,27,21,1,1
0x71a0427409b85bf7d2c1311347422719c9ff20133ac0931975bd273471526632,cfb-sala-troy-2025-10-04,cfb,South Alabama,Troy,2025-10-04T23:00:00Z,1,1,401761621,2025-10-04T23:00Z,0.0,2,0,24,31,1,1
0x6b6a6973620a2a247534a148fc77b0b7c79f361536ce7442934906ac2b5b9c48,cfb-txtech-hou-2025-10-04,cfb,Texas Tech Red Raiders,Houston,2025-10-04T23:00:00Z,0,1,401756913,2025-10-04T23:00Z,0.0,2,0,35,11,1,1
0xc2e5ebb70226dbb029bdbee2c9c7d22e0454867ec81b0e7cce62a75e8f0ba4b5,cfb-unlv-wyom-2025-10-04,cfb,UNLV,Wyoming,2025-10-04T23:00:00Z,0,1,401760385,2025-10-04T23:00Z,0.0,2,0,31,17,1,1
0x4aaf5f5971a69963bd59251bad3e63e785285d5714a14eca3b642cfc946ff8a7,cfb-col-tcu-2025-10-04,cfb,Colorado,TCU,2025-10-04T23:30:00Z,1,1,401756914,2025-10-04T23:30Z,0.0,2,0,21,35,1,1
0xd908540a029fd0b5111cf84713ac6c73a6af185ab6438e873191bb621d2fd15f,cfb-kan-ucf-2025-10-04,cfb,Kansas,UCF,2025-10-04T23:30:00Z,0,1,401756915,2025-10-04T23:30Z,0.0,2,0,27,20,1,1
0x916de3d41158298778e360dd27a476f6023905ceefae4ec5d6f3681a96f4f6c3,cfb-mia-flst-2025-10-04,cfb,Miami,Florida State,2025-10-04T23:30:00Z,0,1,401754553,2025-10-04T23:30Z,0.0,2,0,28,22,1,1
0x939cf06765200142a620468106b7abb10bb6d81aecc063be657fd4e20fd126fb,cfb-minnst-ohiost-2025-10-04,cfb,Minnesota,Ohio State,2025-10-04T23:30:00Z,1,1,401752859,2025-10-04T23:30Z,0.0,2,0,3,42,1,1
0xb3c0ccace5fc968e9721ffb390de1a5fd4556d04a305d03168a0ca1c49968133,cfb-mspst-txam-2025-10-04,cfb,Mississippi State,Texas A&M,2025-10-04T23:30:00Z,1,1,401752730,2025-10-04T23:30Z,0.0,2,0,9,31,1,1
0x30fd7073772b450b07575e9cc98e59406e00394b5ecbb3b2d294b3e7585dde69,cfb-tulsa-mphs-2025-10-05,cfb,Tulsa,Memphis,2025-10-05T00:00:00Z,1,1,401762478,2025-10-05T00:00Z,0.0,2,0,7,45,1,1
0x392ca792952868de2a187845da375a52699d67fff1b460bc6345336a2417251b,cfb-duke-cah-2025-10-05,cfb,Duke,California,2025-10-05T02:30:00Z,0,1,401754551,2025-10-05T02:30Z,0.0,2,0,45,21,1,1
0xfe0440e642c5091975b5a5ed690e9f764666744c65663d51a6895526dd6d122a,cfb-nevada-frest-2025-10-05,cfb,Nevada Wolf Pack,Fresno State,2025-10-05T02:30:00Z,1,1,401760383,2025-10-05T02:30Z,0.0,2,0,17,20,1,1
0x5be2baa4127624bb749feb333d2e65f32ee7a70c98d866d3064453bdccf5b29e,nfl-min-cle-2025-10-05,nfl,Vikings,Browns,2025-10-05T13:30:00Z,0,1,401772633,2025-10-05T13:30Z,0.0,2,1,21,17,1,1
0x875d3aa94828ef083e6829128be74a4fa37a0b64e71de05508577284233e3209,nfl-dal-nyj-2025-10-05,nfl,Cowboys,Jets,2025-10-05T17:00:00Z,0,1,401772850,2025-10-05T17:00Z,0.0,2,0,37,22,1,1
0x638fdef9e0d55331e641df9288311b9b5fb0aad79b38a21d1414374a59d88241,nfl-den-phi-2025-10-05,nfl,Broncos,Eagles,2025-10-05T17:00:00Z,0,1,401772745,2025-10-05T17:00Z,0.0,2,0,21,17,1,1
0x7c794eac9eaebdc9e63d0510d51f12e53ebd3955dbb30d3c5e57c527252d12ab,nfl-hou-bal-2025-10-05,nfl,Texans,Ravens,2025-10-05T17:00:00Z,0,1,401772743,2025-10-05T17:00Z,0.0,2,0,44,10,1,1
0x9a5d7b0cea3d284ce6338ee10ce34b0fc59c7d4422e0a52d575892916c057911,nfl-lv-ind-2025-10-05,nfl,Raiders,Colts,2025-10-05T17:00:00Z,1,1,401772851,2025-10-05T17:00Z,0.0,2,0,6,40,1,1
0xf89aacad8a05b20e273c2d591942d025b28a82044d8f3dfba8ccd4fac03b7bdf,nfl-mia-car-2025-10-05,nfl,Dolphins,Panthers,2025-10-05T17:00:00Z,1,1,401772852,2025-10-05T17:00Z,0.0,2,0,24,27,1,1
0xc46ec5775f978679e1d1c2fcddab06fd46e88d538933bef7f71c33798894a3f6,nfl-nyg-no-2025-10-05,nfl,Giants,Saints,2025-10-05T17:00:00Z,1,1,401772744,2025-10-05T17:00Z,0.0,2,0,14,26,1,1
0xfbe97b6bfa6877222679a910731fea12e5baadcb9c7292c0f8801f3598f5b9a5,nfl-tb-sea-2025-10-05,nfl,Buccaneers,Seahawks,2025-10-05T20:05:00Z,0,1,401772746,2025-10-05T20:05Z,0.0,2,0,38,35,1,1
0x8747b866727b5514b52bccdc7afe208de01d42ae25055ee2f4de1ab4711abba7,nfl-ten-ari-2025-10-05,nfl,Titans,Cardinals,2025-10-05T20:05:00Z,0,1,401772747,2025-10-05T20:05Z,0.0,2,0,22,21,1,1
0xd4023055ab3eca1b87706cb8caa9f65c9b6257cd5a06a2b5332993c85764a874,nfl-det-cin-2025-10-05,nfl,Lions,Bengals,2025-10-05T20:25:00Z,0,1,401772854,2025-10-05T20:25Z,0.0,2,0,37,24,1,1
0xfa87c912f0aa2042bdb6ea11a2ef4d4cd44e51f35d3c0caecb3410a554ca3d57,nfl-was-lac-2025-10-05,nfl,Commanders,Chargers,2025-10-05T20:25:00Z,0,1,401772853,2025-10-05T20:25Z,0.0,2,0,27,10,1,1
0xc099825fab4693445d89784cc269a53d65dd045cea38e4bff3b3e2b0355303bf,nfl-ne-buf-2025-10-05,nfl,Patriots,Bills,2025-10-06T00:20:00Z,0,1,401772922,2025-10-06T00:20Z,0.0,2,0,23,20,1,1
0x59d4803810920f86bcc24ab5ec8d83fe7255c351d1c229fe0cf9b652283aac0a,nfl-kc-jax-2025-10-06,nfl,Chiefs,Jaguars,2025-10-07T00:15:00Z,1,1,401772814,2025-10-07T00:15Z,0.0,2,0,28,31,1,1
0x372e53acccc8e0a8a6e10bf6ac7e646914ca5c6d954e572df52d1a397eccf687,cfb-msrst-mtnst-2025-10-08,cfb,Missouri State,Middle Tennessee,2025-10-08T23:30:00Z,0,1,401757278,2025-10-08T23:30Z,0.0,2,0,22,20,1,1
0x3c63a0bf9fd63814aa5e58c35a3f8ed8da44609822d91db1d93cb7e6b4526861,cfb-librty-utep-2025-10-09,cfb,Liberty,UTEP,2025-10-09T00:00:00Z,0,1,401757277,2025-10-09T00:00Z,0.0,2,0,19,8,1,1
0x76779f1ea78bdd607e90406656e4b7a05f64ae1572485a30775ca9562fd9d33a,cfb-loutch-kenest-2025-10-09,cfb,Louisiana Tech,Kennesaw State,2025-10-09T23:00:00Z,1,1,401757280,2025-10-09T23:00Z,0.0,2,0,7,35,1,1
0x4f4a62b501cc2e1ed5449c529dce6f1c381bb0ab66f31835ddfadab73616bd8a,cfb-ecar-tulane-2025-10-09,cfb,East Carolina,Tulane,2025-10-09T23:30:00Z,1,1,401762480,2025-10-09T23:30Z,0.0,2,0,19,26,1,1
0x9f914192d82a50cd521b55b74c7352d1bb3d0505dcc134b5d1b04f52acb02f27,cfb-jaxst-smho-2025-10-10,cfb,Jacksonville State,Sam Houston Bearkats,2025-10-10T00:00:00Z,0,1,401757279,2025-10-10T00:00Z,0.0,2,0,29,27,1,1
0xb801c5a6e4083cbd18ea457a9ac06a4e1b3f9bf11d96f59efbfab7a4690d5afa,cfb-soumis-gas-2025-10-10,cfb,Southern Miss,Georgia Southern,2025-10-10T00:00:00Z,0,1,401761622,2025-10-10T00:00Z,0.0,2,0,38,35,1,1
0x08c4b6f69ddda7c59f11327c81ac741855ee9572cc7669845adb1e2c51b95214,nfl-phi-nyg-2025-10-09,nfl,Eagles,Giants,2025-10-10T00:15:00Z,1,1,401772940,2025-10-10T00:15Z,0.0,2,0,17,34,1,1
0x47b90160638982fb285748d3eff33d0481a87d3a7eb3818b15c517818cc2ee4d,cfb-sfl-ntx-2025-10-10,cfb,South Florida,North Texas,2025-10-10T23:30:00Z,0,1,401762481,2025-10-10T23:30Z,0.0,2,0,63,36,1,1
0x6ce7d972374196440b8700dd3244663f6f3aa2274aca26d5ff7f9ab3c24722c7,cfb-frest-colst-2025-10-11,cfb,Fresno State,Colorado State,2025-10-11T01:00:00Z,1,1,401760388,2025-10-11T01:00Z,0.0,2,0,21,49,1,1
0xf612fd84d3330cb6e608e725d5380a543f64c30f1e3be4808a2e7a7e1350e449,cfb-rutger-wash-2025-10-11,cfb,Rutgers,Washington,2025-10-11T01:00:00Z,1,1,401752862,2025-10-11T01:00Z,0.0,2,0,19,38,1,1
0x8e3d6beb2529699bda2a20c0ad3191f5680724d3a902f3e5cdab4da2eb90f1a2,cfb-ala-missr-2025-10-11,cfb,Alabama,Missouri,2025-10-11T16:00:00Z,0,1,401752734,2025-10-11T16:00Z,0.0,2,0,27,24,1,1
0xe6a50f50555fa96e2d82c50be59456fcb3b99d8047a3451ca34c4b979bff6508,cfb-charlt-army-2025-10-11,cfb,Charlotte 49ers,Army,2025-10-11T16:00:00Z,1,1,401762483,2025-10-11T16:00Z,0.0,2,0,7,24,1,1
0x3e5de8d0d99447b3da478be5d595ebfd2264c85a42d02da4732d0ba65865e739,cfb-hou-okst-2025-10-11,cfb,Houston,Oklahoma State,2025-10-11T16:00:00Z,0,1,401756920,2025-10-11T16:00Z,0.0,2,0,39,17,1,1
0x483595a86731c32b9d4920c8482c92a79ab5eec0573b78ab1f423ea4d460998a,cfb-loulaf-jmad-2025-10-11,cfb,Louisiana,James Madison,2025-10-11T16:00:00Z,1,1,401761625,2025-10-11T16:00Z,0.0,2,0,14,24,1,1
0x7d79728668e9e1a6850edcd208df20c8bea30aece8084c04bb157648d2113b48,cfb-miaoh-akron-2025-10-11,cfb,Miami (OH),Akron,2025-10-11T16:00:00Z,0,1,401762833,2025-10-11T16:00Z,0.0,2,0,20,7,1,1
0x55bde6a5f8925a3addd421e4ed2f774c276f47079c50fbab1ff70a36c8727f07,cfb-ohiost-ill-2025-10-11,cfb,Ohio State,Illinois,2025-10-11T16:00:00Z,0,1,401752865,2025-10-11T16:00Z,0.0,2,0,34,16,1,1
0x0a19f6be7f95d72d52d67f427dc3ae521b53e0343a31f1a86b6f6c8618b99f6b,cfb-pitt-flst-2025-10-11,cfb,Pittsburgh,Florida State,2025-10-11T16:00:00Z,0,1,401754559,2025-10-11T16:00Z,0.0,2,0,34,31,1,1
0xd861e274ef1ae6bb12545cff2daf014b30772aa5c6c6de5faf8563524a5d38d9,cfb-stan-smu-2025-10-11,cfb,Stanford,SMU Mustangs,2025-10-11T16:00:00Z,1,1,401754561,2025-10-11T16:00Z,0.0,2,0,10,34,1,1
0xf9d2bcf4e214f257505cc94dfdef5b8c50f5e2bd3b0b9e3c0bbc1890d17fb8e9,cfb-toledo-bowlgr-2025-10-11,cfb,Toledo,Bowling,2025-10-11T16:00:00Z,1,1,401762835,2025-10-11T16:00Z,0.0,2,0,23,28,1,1
0x6587f1af929fcc54d7a475f48ff60ec9b9cd7c74d16654ddda0255cd0f7673fb,cfb-ucf-cin-2025-10-11,cfb,UCF,Cincinnati,2025-10-11T16:00:00Z,1,1,401756917,2025-10-11T16:00Z,0.0,2,0,11,20,1,1
0x8497acf1f17fc16cadb91d45f2216d4e6fb2e44daa54016374feea666a41ea0e,cfb-ucla-mst-2025-10-11,cfb,UCLA,Michigan State,2025-10-11T16:00:00Z,0,1,401752863,2025-10-11T16:00Z,0.0,2,0,38,13,1,1
0x57e80f89d05d7717c0a31f97352b20f53566eced20ddc221f34591f2af1d2749,cfb-washst-miss-2025-10-11,cfb,Washington State,Ole Miss,2025-10-11T16:45:00Z,1,1,401752733,2025-10-11T16:45Z,0.0,2,0,21,24,1,1
0xee9da0c3f1ddefd65cfe50f148c95b4aa7bf271e2da10388df80eb8968c691c5,cfb-nill-emich-2025-10-11,cfb,Northern Illinois,Eastern Michigan,2025-10-11T17:00:00Z,1,1,401762836,2025-10-11T17:00Z,0.0,2,0,10,16,1,1
0xbe12be5fe5426fec1b49f44333b0fc4c976dfb6c53e45a439ef421055652ea0e,cfb-umass-kentst-2025-10-11,cfb,UMass,Kent State Golden Flashes,2025-10-11T18:30:00Z,1,1,401762837,2025-10-11T18:30Z,0.0,2,0,6,42,1,1
0x46b9686f2228dc3ffb132c301d72eed4db80d48ec52155b41b0b1d4112d37065,cfb-airf-unlv-2025-10-11,cfb,Air Force,UNLV,2025-10-11T19:30:00Z,1,1,401760386,2025-10-11T19:30Z,0.0,2,0,48,51,1,1
0xbdb2684ceb47d184f89d728bf910c92348a6f9f698994e63e11815e6a3f9a79b,cfb-applst-gast-2025-10-11,cfb,Appalachian State,Georgia State,2025-10-11T19:30:00Z,0,1,401761624,2025-10-11T19:30Z,0.0,2,0,41,20,1,1
0x6a47f1097ff0524deeb2229f5dee6849b3a53feb335e909bb728f1dc230d1898,cfb-ballst-wmich-2025-10-11,cfb,Ball State,Western Michigan,2025-10-11T19:30:00Z,1,1,401762834,2025-10-11T19:30Z,0.0,2,0,0,42,1,1
0x7d166f471f82ab55fd3f5569571db2524f0970d5d458f35fca3f0b0812fdc6e5,cfb-ind-ore-2025-10-11,cfb,Indiana,Oregon,2025-10-11T19:30:00Z,0,1,401752870,2025-10-11T19:30Z,0.0,2,0,30,20,1,1
0x769a1fc3af411ac5e2b115bd6c7d36f6c6b3b58b2159c21d68ecb1fb5bd7b77f,cfb-iowast-col-2025-10-11,cfb,Iowa State,Colorado,2025-10-11T19:30:00Z,1,1,401756918,2025-10-11T19:30Z,0.0,2,0,17,24,1,1
0x8e54a13a891056a4a0b92a88b2e44dff7a33b49c738907d0a7e7ba728cf89ed4,cfb-ncst-nd-2025-10-11,cfb,NC State,Notre Dame,2025-10-11T19:30:00Z,1,1,401754562,2025-10-11T19:30Z,0.0,2,0,7,36,1,1
0x17eff8f479de10966428c7518a61f184314abb874538fac88bbe2bb7af6522a1,cfb-nebr-mary-2025-10-11,cfb,Nebraska Cornhuskers,Maryland Terrapins,2025-10-11T19:30:00Z,0,1,401752867,2025-10-11T19:30Z,0.0,2,0,34,31,1,1
0x5ae3d21a469f4c1c8f0e5d5bfeeeaefd485805542f70920ec0b044bbd7d1b085,cfb-nw-pennst-2025-10-11,cfb,Northwestern,Penn State,2025-10-11T19:30:00Z,0,1,401752866,2025-10-11T19:30Z,0.0,2,0,22,21,1,1
0xb36991336fa973aca12aaf523ca8425e98ebfa6c5521b3f723e8d487adfe9f09,cfb-okl-tx-2025-10-11,cfb,Oklahoma,Texas,2025-10-11T19:30:00Z,1,1,401752736,2025-10-11T19:30Z,0.0,2,1,6,23,1,1
0x573152581ae29e46071ddba0fbfff00fc74c6ef41ed50df47f79e4da1bf4c22a,cfb-tcu-kanst-2025-10-11,cfb,TCU,Kansas State,2025-10-11T19:30:00Z,1,1,401756919,2025-10-11T19:30Z,0.0,2,0,28,41,1,1
0x4407151037d1a184fe30adb566d9c48d07122d911ef145c33d02409aea0e8350,cfb-vtech-gtech-2025-10-11,cfb,Virginia Tech,Georgia Tech,2025-10-11T19:30:00Z,1,1,401754560,2025-10-11T19:30Z,0.0,2,0,20,35,1,1
0x9c0d68aabb8b85a996847deb66f793ecd87a08bd85a36904a47f960a456ccd6b,cfb-wake-oregst-2025-10-11,cfb,Wake Forest,Oregon State,2025-10-11T19:30:00Z,0,1,401754563,2025-10-11T19:30Z,0.0,2,0,39,14,1,1
0x7753b3d0127f5ca296f3f208dd01a6355d972f5ab596b744b57c462548f0fbe2,cfb-navy-templ-2025-10-11,cfb,Navy,Temple,2025-10-11T20:00:00Z,0,1,401762484,2025-10-11T20:00Z,0.0,2,0,32,31,1,1
0x19af2e12fa5dbcf8c33ddad1418167e9dd889a248d93f973e76cb2fb59bde4cf,cfb-ark-tenn-2025-10-11,cfb,Arkansas,Tennessee,2025-10-11T20:15:00Z,1,1,401752735,2025-10-11T20:15Z,0.0,2,0,31,34,1,1
0xc89fe435557de06592fa97b01163fd4daced84b91a225cca0c574ea3c4851648,cfb-uab-flatl-2025-10-11,cfb,UAB Blazers,Florida Atlantic,2025-10-11T22:00:00Z,1,1,401762482,2025-10-11T22:00Z,0.0,2,0,33,53,1,1
0x709edc33bc2cbf1d9fcc0de9f50272c7565d45695fdc3c83bc5fce1183155dfa,cfb-fl-txam-2025-10-11,cfb,Florida Gators,Texas A&M,2025-10-11T23:00:00Z,1,1,401752737,2025-10-11T23:00Z,0.0,2,0,17,34,1,1
0x31bcf1cfd72d9d8509cef33dcadbe50cb7e56e2ebbb6d66df44fe3bd4b3c5a80,cfb-iowa-wisc-2025-10-11,cfb,Iowa,Wisconsin Badgers,2025-10-11T23:00:00Z,0,1,401752869,2025-10-11T23:00Z,0.0,2,0,37,0,1,1
0x86a2dcc2168d7e2b6ab07aa59b9f60eebfc4fe9dccbc0c6d3ef37f50ed5d5d4d,cfb-lamon-coast-2025-10-11,cfb,UL Monroe,Coastal Carolina Chanticleers,2025-10-11T23:00:00Z,1,1,401761623,2025-10-11T23:00Z,0.0,2,0,8,23,1,1
0xeb5251c53f60e6b843489424e56ddf214160d928afd3a4d42d3c01bdbe53dca3,cfb-sjst-wyom-2025-10-11,cfb,San Jose State,Wyoming,2025-10-11T23:00:00Z,1,1,401760391,2025-10-11T23:00Z,0.0,2,0,28,35,1,1
0x2bb25ac1d259b01fb7bea11e2504340f2c4ac58bcced4c6c27e9893a8210897a,cfb-clmsn-boscol-2025-10-11,cfb,Clemson,Boston College,2025-10-11T23:30:00Z,0,1,401754558,2025-10-11T23:30Z,0.0,2,0,41,10,1,1
0xaba61ca5b2f03bb34d371d41d54e7d168e8e5c9816b77d3f850eb20ed0bdeeb8,cfb-ga-aubrn-2025-10-11,cfb,Georgia,Auburn,2025-10-11T23:30:00Z,0,1,401752731,2025-10-11T23:30Z,0.0,2,0,20,10,1,1
0x7d926c048c014b5c463e4ccd8b9e7c7cb94f918c1796c77a8f99a8fe27f05350,cfb-kan-txtech-2025-10-11,cfb,Kansas,Texas Tech Red Raiders,2025-10-11T23:30:00Z,1,1,401756921,2025-10-11T23:30Z,0.0,2,0,17,42,1,1
0xe61d462118545d67ccd238687ae812866045d4083a5aedce03b9877f2e5079b3,cfb-mich-usc-2025-10-11,cfb,Michigan,USC,2025-10-11T23:30:00Z,1,1,401752868,2025-10-11T23:30Z,0.0,2,0,13,31,1,1
0xa14736aef00e2f4b2fd57ff962f810a12f756981b34afa8cdae3a0f2604b242d,cfb-pur-minnst-2025-10-11,cfb,Purdue Boilermakers,Minnesota,2025-10-11T23:30:00Z,1,1,401752864,2025-10-11T23:30Z,0.0,2,0,20,27,1,1
0xa5fbf5338861db830044456ae3bdbab3b9b46d7c4781348fd0672f2d49865247,cfb-rice-utsa-2025-10-11,cfb,Rice,UTSA Roadrunners,2025-10-11T23:30:00Z,1,1,401762485,2025-10-11T23:30Z,0.0,2,0,13,61,1,1
0xe9d68eb754044004f4ad0f5ed64cdb4e6b28291f1467930f95ea25e4be1c274f,cfb-sc-lsu-2025-10-11,cfb,South Carolina,LSU,2025-10-11T23:45:00Z,1,1,401752732,2025-10-11T23:45Z,0.0,2,0,10,20,1,1
0x1152b361960c9f3a9a177254ba594012e1458b94dd720cfe258d7176f3bf9a38,cfb-byu-arz-2025-10-12,cfb,BYU,Arizona,2025-10-12T00:00:00Z,0,1,401756916,2025-10-12T00:00Z,0.0,2,0,33,27,1,1
0x9ec01d3e5f28c6e546857ded64fda6609eca8f7d74f2cf24c7f0d2d5bc062457,cfb-troy-txst-2025-10-12,cfb,Troy,Texas State,2025-10-12T00:00:00Z,0,1,401761627,2025-10-12T00:00Z,0.0,2,0,48,41,1,1
0x5db8dae04ae9f18cef92388144b5cfad0c76d501b48f403fb22f01a5645caccc,cfb-nmx-boise-2025-10-12,cfb,New Mexico,Boise State,2025-10-12T01:45:00Z,1,1,401760387,2025-10-12T01:45Z,0.0,2,0,25,41,1,1
0xd8446b11ddcb2707ea46676c009f2166bd0303b310d5077cce47c9d443ef77bf,cfb-arzst-utah-2025-10-12,cfb,Arizona State,Utah,2025-10-12T02:15:00Z,1,1,401756922,2025-10-12T02:25Z,0.17,2,0,10,42,1,1
0x52addc8c0fa7c4d58cda74b63751c49152e29e180550724d25e35a5d5167c5b0,cfb-sdst-nevada-2025-10-12,cfb,San Diego State,Nevada Wolf Pack,2025-10-12T02:30:00Z,0,1,401760390,2025-10-12T02:30Z,0.0,2,0,44,10,1,1
0xabdde1057bd5f62a06f15417908c6e601b3532d67723eebd35776fdb080b368f,cfb-utahst-hawaii-2025-10-12,cfb,Utah State,Hawaii,2025-10-12T03:59:00Z,1,1,401760389,2025-10-12T03:59Z,0.0,2,0,26,44,1,1
0xc5ddf8c0ccb9504289c7d12ae3995e262f71b91f9eacfaf1e6d270ede932ef33,nfl-den-nyj-2025-10-12,nfl,Broncos,Jets,2025-10-12T13:30:00Z,0,1,401772634,2025-10-12T13:30Z,0.0,2,1,13,11,1,1
0xf961917c7d316845721908d47e21edc7ca4296b8f2a3854139e5f85d745d6e2a,nfl-ari-ind-2025-10-12,nfl,Cardinals,Colts,2025-10-12T17:00:00Z,1,1,401772856,2025-10-12T17:00Z,0.0,2,0,27,31,1,1
0x9b90495b8c6a3e710e2033792670def04c93193851b1335d322201974e5ecd14,nfl-cle-pit-2025-10-12,nfl,Browns,Steelers,2025-10-12T17:00:00Z,1,1,401772748,2025-10-12T17:00Z,0.0,2,0,9,23,1,1
0x1c7d31524691352afd11fd2883d11e43f328fee25c4a5978b4e42040e3f96abc,nfl-dal-car-2025-10-12,nfl,Cowboys,Panthers,2025-10-12T17:00:00Z,1,1,401772858,2025-10-12T17:00Z,0.0,2,0,27,30,1,1
0x1b064e069647019e202bf9f76574a6f540a6a0ace4af94119e1bfabb20dba2c4,nfl-la-bal-2025-10-12,nfl,Rams,Ravens,2025-10-12T17:00:00Z,0,1,401772855,2025-10-12T17:00Z,0.0,2,0,17,3,1,1
0xce2671dbf70a19b648b0e32aa55be99c70503bc9455a42a68829cc5186492c38,nfl-lac-mia-2025-10-12,nfl,Chargers,Dolphins,2025-10-12T17:00:00Z,0,1,401772750,2025-10-12T17:00Z,0.0,2,0,29,27,1,1
0x956062ff723cf609b3085fcbd85ccbd771ab28b1c0cf557b224afb2e824d1faa,nfl-ne-no-2025-10-12,nfl,Patriots,Saints,2025-10-12T17:00:00Z,0,1,401772751,2025-10-12T17:00Z,0.0,2,0,25,19,1,1
0x102c98f54c6d5be80d8380ce55a93ae10bc4fd285729b3aa33a6712484c9375a,nfl-sea-jax-2025-10-12,nfl,Seahawks,Jaguars,2025-10-12T17:00:00Z,0,1,401772857,2025-10-12T17:00Z,0.0,2,0,20,12,1,1
0xc845fc87d66cc35e650fda42835faa687a08569d04d1ecbccb8faeb67369c0a0,nfl-ten-lv-2025-10-12,nfl,Titans,Raiders,2025-10-12T20:05:00Z,1,1,401772859,2025-10-12T20:05Z,0.0,2,0,10,20,1,1
0xc480ad202a02700a20346a1d8f63c2a15a6aae5858ef62d21f2043347d0129e8,nfl-cin-gb-2025-10-12,nfl,Bengals,Packers,2025-10-12T20:25:00Z,1,1,401772752,2025-10-12T20:25Z,0.0,2,0,18,27,1,1
0xd55353d086e0d5d62383e0ff538c721eab4969a426d6404e2134f59a374894f4,nfl-sf-tb-2025-10-12,nfl,49ers,Buccaneers,2025-10-12T20:25:00Z,1,1,401772749,2025-10-12T20:25Z,0.0,2,0,19,30,1,1
0xa7aeaaae036e316c1e7e0542fa31595117dee8735ef88b3d9ceda85b1b3d1534,nfl-det-kc-2025-10-12,nfl,Lions,Chiefs,2025-10-13T00:20:00Z,1,1,401772923,2025-10-13T00:20Z,0.0,2,0,17,30,1,1
0x626a49d9b82acaa9e86760c0cddad6a71aceefbef72f4f1c154ff8e358ae88c1,nfl-buf-atl-2025-10-13,nfl,Bills,Falcons,2025-10-13T23:15:00Z,1,1,401772815,2025-10-13T23:15Z,0.0,2,0,14,24,1,1
0xb4bba8acb4a85c9f4ccd0eec6393e746c0176d271c2d0e52792968a05dd64b0c,nfl-chi-was-2025-10-13,nfl,Bears,Commanders,2025-10-14T00:15:00Z,0,1,401772717,2025-10-14T00:15Z,0.0,2,0,25,24,1,1
0x9623bd7c2077f30b780f01d35b78c2fe61c976b05986bda4e266743d1086f9e6,cfb-nmxst-librty-2025-10-14,cfb,New Mexico State,Liberty,2025-10-14T23:00:00Z,1,1,401757282,2025-10-14T23:00Z,0.0,2,0,27,30,1,1
0xb49ba8a448c29afde79ac0f9c9c37ef14706b39e1fd85a3f6e5d80aca8afc407,cfb-arkst-sala-2025-10-14,cfb,Arkansas State,South Alabama,2025-10-14T23:30:00Z,0,1,401761628,2025-10-14T23:30Z,0.0,2,0,15,14,1,1
0xbf52f05ba929b040e7e77ad6db3c87811ed9acf546d6bb59d67928a650422439,cfb-flint-wkent-2025-10-15,cfb,Florida International,Western Kentucky,2025-10-15T00:00:00Z,0,1,401757281,2025-10-15T00:00Z,0.0,2,0,25,6,1,1
0x2b7f43e3ff9059b3bcd113bd69e6f1931da90217ad88ea9934cddf26d790ce02,cfb-del-jaxst-2025-10-15,cfb,Delaware Blue Hens,Jacksonville State,2025-10-15T23:00:00Z,1,1,401757283,2025-10-15T23:00Z,0.0,2,0,25,38,1,1
0x460759c70798ed4b340db36d9819bd747b385a46348ae67e8e8f9cb9f2c604c2,cfb-utep-smho-2025-10-15,cfb,UTEP,Sam Houston Bearkats,2025-10-15T23:00:00Z,0,1,401757284,2025-10-15T23:00Z,0.0,2,0,35,17,1,1
0xf8724e142a756330a6b0fa515c5a511ddd189af34910441d8bbf8192052d296f,cfb-tulsa-ecar-2025-10-16,cfb,Tulsa,East Carolina,2025-10-16T23:30:00Z,1,1,401762486,2025-10-16T23:30Z,0.0,2,0,27,41,1,1
0xa13312b2cc64532aed2a446b66e5a2d8d8b440b24d7213d33b6dae6a58c33223,nfl-pit-cin-2025-10-16,nfl,Steelers,Bengals,2025-10-17T00:15:00Z,1,1,401772941,2025-10-17T00:15Z,0.0,2,0,31,33,1,1
0x49afdc2072ba5ddea5f41258aae271afec1f5ccef877f2d1a2f5e8e0f5c3adb8,cfb-lou-mia-2025-10-17,cfb,Louisville,Miami,2025-10-17T23:00:00Z,0,1,401754564,2025-10-17T23:00Z,0.0,2,0,24,21,1,1
0x56aa6bcf43ee201a210c15a26f7db769d58f8c6f5146a36ee26b63ac0934a05c,cfb-nebr-minnst-2025-10-18,cfb,Nebraska Cornhuskers,Minnesota,2025-10-18T00:00:00Z,1,1,401752872,2025-10-18T00:00Z,0.0,2,0,6,24,1,1
0xbc59df2b8bdfdb7b458bb5fedace2235bc4f2a0b47a75c7970b2bfbc6afcec9e,cfb-sjst-utahst-2025-10-18,cfb,San Jose State,Utah State,2025-10-18T01:00:00Z,1,1,401760396,2025-10-18T01:00Z,0.0,2,0,25,30,1,1
0x88148270c5ae326052a398b7de301996fc776ba1aec0e3df7f63570b3e5f86c3,cfb-ncar-cah-2025-10-18,cfb,North Carolina,California,2025-10-18T02:30:00Z,1,1,401754371,2025-10-18T02:30Z,0.0,2,0,18,21,1,1
0x80c72088ae739f69c953653573ac8da194ad7737a8aef4ca1cd9e59b33e1de4a,cfb-army-tulane-2025-10-18,cfb,Army,Tulane,2025-10-18T16:00:00Z,1,1,401762488,2025-10-18T16:00Z,0.0,2,0,17,24,1,1
0xb888989167c4b0b162837b29a1cc1b74d617d6ff0bb49a62d62affaf7195f11e,cfb-arz-hou-2025-10-18,cfb,Arizona,Houston,2025-10-18T16:00:00Z,1,1,401756925,2025-10-18T16:00Z,0.0,2,0,28,31,1,1
0x7bf0b70fa1c20c28eb5e2e97f9c87c630db70042072124caee2653e22fd24c42,cfb-bayl-tcu-2025-10-18,cfb,Baylor,TCU,2025-10-18T16:00:00Z,1,1,401756927,2025-10-18T16:00Z,0.0,2,0,36,42,1,1
0x8b39e14d81a3e92f240cf3432a098bf98bc412d20f5e5a6be0396f5dfe08f813,cfb-cmich-bowlgr-2025-10-18,cfb,Central Michigan,Bowling,2025-10-18T16:00:00Z,0,1,401762839,2025-10-18T16:00Z,0.0,2,0,27,6,1,1
0xe1497de045ecc80d456d6545a49973b1099cf9f1b3d13fcafbd17e8d3631e3db,cfb-emich-miaoh-2025-10-18,cfb,Eastern Michigan,Miami (OH),2025-10-18T16:00:00Z,1,1,401762841,2025-10-18T16:00Z,0.0,2,0,30,44,1,1
0xf36470c61659bddfa6d0e487004630551069717b9a1de412caf7d49e92fce76d,cfb-gtech-duke-2025-10-18,cfb,Georgia Tech,Duke,2025-10-18T16:00:00Z,0,1,401754566,2025-10-18T16:00Z,0.0,2,0,27,18,1,1
0xc89d563cf0f773ca00205d78f850d4ad2f9f93911c62bad2aae6e408e081a965,cfb-lsu-vand-2025-10-18,cfb,LSU,Vanderbilt,2025-10-18T16:00:00Z,1,1,401752745,2025-10-18T16:00Z,0.0,2,0,24,31,1,1
0x00064042b5bcc5de2d98e555474e912c0e64598cfe4cef02adda9ab3204bcc46,cfb-uconn-boscol-2025-10-18,cfb,UConn,Boston College,2025-10-18T16:00:00Z,0,1,401754569,2025-10-18T16:00Z,0.0,2,0,38,23,1,1
0xde36397d08bf0a52ab241adb8b9aada7fd731c149d824ed4518b72993f0467ee,cfb-wash-mich-2025-10-18,cfb,Washington,Michigan,2025-10-18T16:00:00Z,1,1,401752873,2025-10-18T16:00Z,0.0,2,0,7,24,1,1
0xad5e7845b2034156ca7740d2bec97cfe89696099a78ea1355ff3a6756526217b,cfb-okl-sc-2025-10-18,cfb,Oklahoma,South Carolina,2025-10-18T16:45:00Z,0,1,401752744,2025-10-18T16:45Z,0.0,2,0,26,7,1,1
0x7813e6097cf65db51ce647fe499b490e187ebc967770c72f28c273b47eeec390,cfb-wvir-ucf-2025-10-18,cfb,West Virginia,UCF,2025-10-18T17:00:00Z,1,1,401756928,2025-10-18T17:00Z,0.0,2,0,13,45,1,1
0x09cb176c5afcefc0a57dd5882be94c0ee2016ec8ef9e8a3fc923a85b41125d05,cfb-kentst-toledo-2025-10-18,cfb,Kent State Golden Flashes,Toledo,2025-10-18T18:00:00Z,1,1,401762842,2025-10-18T18:00Z,0.0,2,0,10,45,1,1
0xa478906f21e0532d104c6a63148dceb7b89e130bc1d253093ee225180adefecd,cfb-buf-umass-2025-10-18,cfb,Buffalo,UMass,2025-10-18T18:30:00Z,0,1,401762840,2025-10-18T18:30Z,0.0,2,0,28,21,1,1
0x0b88fbcf849649014bd4160626ff7af902216fc948ce9e16d534777ff0e61386,cfb-pur-nw-2025-10-18,cfb,Purdue Boilermakers,Northwestern,2025-10-18T19:00:00Z,1,1,401752874,2025-10-18T19:00Z,0.0,2,0,0,19,1,1
0x47556ad5e6605f9ec65230972a34be8dd4e1517e903c14317a7ec21530bf94c8,cfb-troy-lamon-2025-10-18,cfb,Troy,UL Monroe,2025-10-18T19:00:00Z,0,1,401761633,2025-10-18T19:00Z,0.0,2,0,37,14,1,1
0xc9e28802c9d2563f429488742f274388f14a463bccc982854e1aff688a1f722b,cfb-akron-ballst-2025-10-18,cfb,Akron,Ball State,2025-10-18T19:30:00Z,1,1,401762838,2025-10-18T19:30Z,0.0,2,0,28,42,1,1
0x6637192aaf2abc141ab7492498192f8775cbcfd4d154b4d0c0513f54ef254eb9,cfb-coast-applst-2025-10-18,cfb,Coastal Carolina Chanticleers,Appalachian State,2025-10-18T19:30:00Z,0,1,401761629,2025-10-18T19:30Z,0.0,2,0,45,37,1,1
0x887b1200fecd796282459024b596d80d521740e526a7697fd51052ddc9a9f480,cfb-miss-ga-2025-10-18,cfb,Ole Miss,Georgia,2025-10-18T19:30:00Z,1,1,401752742,2025-10-18T19:30Z,0.0,2,0,35,43,1,1
0x5d49f2fde894e7af670723ca4f363e2aa05ab273140ae51f88f8ddcd781fb28a,cfb-mst-ind-2025-10-18,cfb,Michigan State,Indiana,2025-10-18T19:30:00Z,1,1,401752878,2025-10-18T19:30Z,0.0,2,0,13,38,1,1
0x35ddfb9d5e99c78aa34e4ae5247b32ff4b4f20870ca17e47d097e48cfcd61f0c,cfb-nill-ohio-2025-10-18,cfb,Northern Illinois,Ohio,2025-10-18T19:30:00Z,1,1,401762843,2025-10-18T19:30Z,0.0,2,0,21,48,1,1
0x2206ae8673f2233ff9419dc0b0d12e67c044e260e78a71856fa05aebdee007bf,cfb-ohiost-wisc-2025-10-18,cfb,Ohio State,Wisconsin Badgers,2025-10-18T19:30:00Z,0,1,401752877,2025-10-18T19:30Z,0.0,2,0,34,0,1,1
0xa967686486b0ab1f91ca56a92fbd957f602b4aea77f8df21fbdd24b5177cb0e4,cfb-old-jmad-2025-10-18,cfb,Old Dominion,James Madison,2025-10-18T19:30:00Z,1,1,401761631,2025-10-18T19:30Z,0.0,2,0,27,63,1,1
0xdda0a9cff834a4b16e1ef08392037eb2502045583394b4cf8145a4553ce3c595,cfb-smu-clmsn-2025-10-18,cfb,SMU Mustangs,Clemson,2025-10-18T19:30:00Z,0,1,401754565,2025-10-18T19:30Z,0.0,2,0,35,24,1,1
0x2c9f290631c0fa80b5fca280a12748ae0af6daa5eb8216753b689dc01764d167,cfb-templ-charlt-2025-10-18,cfb,Temple,Charlotte 49ers,2025-10-18T19:30:00Z,0,1,401762489,2025-10-18T19:30Z,0.0,2,0,49,14,1,1
0xa5afaeaf978d059f8d80bc25d0f4fa4019d364a110baa23465485e10a35a0ec1,cfb-txam-ark-2025-10-18,cfb,Texas A&M,Arkansas,2025-10-18T19:30:00Z,0,1,401752739,2025-10-18T21:30Z,2.0,2,0,45,42,1,1
0x944a1885353e162a3f9190bc0e0e6cc4bfd13f6db06d351c2c6787088ff3ef07,cfb-txst-marsh-2025-10-18,cfb,Texas State,Marshall,2025-10-18T19:30:00Z,1,1,401761632,2025-10-18T19:30Z,0.0,2,0,37,40,1,1
0x8d43abb6b70d953ea166ba4e078de6d00f1dde0a394a061eea7659c40094b95a,cfb-unlv-boise-2025-10-18,cfb,UNLV,Boise State,2025-10-18T19:30:00Z,1,1,401760393,2025-10-18T19:30Z,0.0,2,0,31,56,1,1
0x6159fa8860f3deb06fb9f5ba55e125dc141da3ea1736636c8507ada89866f1ad,cfb-utsa-ntx-2025-10-18,cfb,UTSA Roadrunners,North Texas,2025-10-18T19:30:00Z,1,1,401762491,2025-10-18T20:05Z,0.58,2,0,17,55,1,1
0xe88b33bf66809bc0496db398e1d4ee86a3351afdd169825bec1fe216dc18dc38,cfb-wyom-airf-2025-10-18,cfb,Wyoming,Air Force,2025-10-18T19:30:00Z,1,1,401760392,2025-10-18T19:30Z,0.0,2,0,21,24,1,1
0x6bf8154a29afafc320b8461dc245a4b1e9ffbe80de2995380efc00bf10a0e63a,cfb-mphs-uab-2025-10-18,cfb,Memphis,UAB Blazers,2025-10-18T20:00:00Z,1,1,401762487,2025-10-18T20:00Z,0.0,2,0,24,31,1,1
0x648e53a036c4f968a6a5d5055d3b7e597ed308feafc056deee009e3b2838eb72,cfb-txtech-arzst-2025-10-18,cfb,Texas Tech Red Raiders,Arizona State,2025-10-18T20:00:00Z,1,1,401756923,2025-10-18T20:00Z,0.0,2,0,22,26,1,1
0x30c689699fce22e7d9f0c0f3831fb272c7f51c77fc2ff2b781dd2a79c4232443,cfb-mspst-fl-2025-10-18,cfb,Mississippi State,Florida Gators,2025-10-18T20:15:00Z,1,1,401752741,2025-10-18T20:15Z,0.0,2,0,21,23,1,1
0x40dae1bc8b513e3de1cfa749516768996334f87279ef4617fc5f248aab8158c2,cfb-soumis-loulaf-2025-10-18,cfb,Southern Miss,Louisiana,2025-10-18T21:00:00Z,0,1,401761668,2025-10-18T21:00Z,0.0,2,0,22,10,1,1
0x68e4fbd2d3748530449776fc98cd47651ee57dd4c3deb665252417b3533b15f0,cfb-ore-rutger-2025-10-18,cfb,Oregon,Rutgers,2025-10-18T22:30:00Z,0,1,401752876,2025-10-18T22:30Z,0.0,2,0,56,10,1,1
0x1f07a83f6e6043cc5b707feeea9aab9324b747767a6ecb7de85d806f11222804,cfb-washst-vir-2025-10-18,cfb,Washington State,Virginia,2025-10-18T22:30:00Z,1,1,401752951,2025-10-18T22:30Z,0.0,2,0,20,22,1,1
0xea064a4c1695560ec93c257d93b55d74a3461334a889a8709630803fc286f9c9,cfb-gast-gas-2025-10-18,cfb,Georgia State,Georgia Southern,2025-10-18T23:00:00Z,1,1,401761630,2025-10-18T23:00Z,0.0,2,0,24,41,1,1
0x5dfcdf468a0b58d36e86d1792556bf9cf2bee165cdc6c31769a2b2b668bff469,cfb-hawaii-colst-2025-10-18,cfb,Hawaii,Colorado State,2025-10-18T23:00:00Z,0,1,401760394,2025-10-18T23:00Z,0.0,2,0,31,19,1,1
0xabccef2b7b5ac15e35054678bcc0c0fc89532f16b5bb30f72579b6d9a0b9f94b,cfb-mary-ucla-2025-10-18,cfb,Maryland Terrapins,UCLA,2025-10-18T23:00:00Z,1,1,401752879,2025-10-18T23:00Z,0.0,2,0,17,20,1,1
0x61ce5ffd4576defef3f90c2e8a7fb88e2a3fb5e0c410ae32c7fcf26d56b152c1,cfb-pennst-iowa-2025-10-18,cfb,Penn State,Iowa,2025-10-18T23:00:00Z,1,1,401752875,2025-10-18T23:00Z,0.0,2,0,24,25,1,1
0x4d155680becc2876cc794cfa8276264a58be9fb8c2fc09d6bc193e7b583f7834,cfb-tx-uk-2025-10-18,cfb,Texas,Kentucky,2025-10-18T23:00:00Z,0,1,401752743,2025-10-18T23:00Z,0.0,2,0,16,13,1,1
0x23b286182b530de5f6f7be3314c2266ca67c83529f4f1fb9b4b2b37250764595,cfb-flatl-sfl-2025-10-18,cfb,Florida Atlantic,South Florida,2025-10-18T23:30:00Z,1,1,401762490,2025-10-18T23:30Z,0.0,2,0,13,48,1,1
0x6ced26a14ea0b5928495e709bf6d5e0abe87184754100db6c0042c58b662119b,cfb-pitt-syra-2025-10-18,cfb,Pittsburgh,Syracuse,2025-10-18T23:30:00Z,0,1,401754568,2025-10-18T23:30Z,0.0,2,0,30,13,1,1
0x54bbccdae11d914e78345ab3bcfd3a668de9a15e4fcb961443cbdd1276bbf2ef,cfb-tenn-ala-2025-10-18,cfb,Tennessee,Alabama,2025-10-18T23:30:00Z,1,1,401752738,2025-10-18T23:30Z,0.0,2,0,20,37,1,1
0xf66c9b22421710de79589fe69b5125369763ede935a6818834315656eec0bd0f,cfb-usc-nd-2025-10-18,cfb,USC,Notre Dame,2025-10-18T23:30:00Z,1,1,401752871,2025-10-18T23:30Z,0.0,2,0,24,34,1,1
0x093cd3510ed145accfe5c4553b2c14326c3018a0802fea9aa10a8b88a5c728ba,cfb-missr-aubrn-2025-10-18,cfb,Missouri,Auburn,2025-10-18T23:45:00Z,0,1,401752740,2025-10-18T23:45Z,0.0,2,0,23,17,1,1
0xb0df4ed55295fd749381ab21c6862adf10e9038ea083527bf366cba8fb1092f2,cfb-cin-okst-2025-10-19,cfb,Cincinnati,Oklahoma State,2025-10-19T00:00:00Z,0,1,401756926,2025-10-19T00:00Z,0.0,2,0,49,17,1,1
0xf4bcf5c7ebf00579f4f4e707401721e008c6e177432df16f65e9d46e2dded8b7,cfb-utah-byu-2025-10-19,cfb,Utah,BYU,2025-10-19T00:00:00Z,1,1,401756924,2025-10-19T00:00Z,0.0,2,0,21,24,1,1
0x88c2adecb25d45442151b5094c01f6e87102537e6a2a1c8cbf528f16a1fc5520,cfb-nevada-nmx-2025-10-19,cfb,Nevada Wolf Pack,New Mexico,2025-10-19T01:45:00Z,1,1,401760395,2025-10-19T01:45Z,0.0,2,0,22,24,1,1
0x4ae44bf9a939a22afb703ad18f7fdf92d57ac33260c808cccfe3025a87010465,cfb-lafay-oregst-2025-10-19,cfb,Lafayette Leopards,Oregon State,2025-10-19T02:00:00Z,1,1,401752941,2025-10-19T02:00Z,0.0,2,0,13,45,1,1
0x3f3acfb4a75f7b8db894bc089126f370ac291b3bd1bb5dc5acbd795dda764276,cfb-flst-stan-2025-10-19,cfb,Florida State,Stanford,2025-10-19T02:30:00Z,1,1,401754567,2025-10-19T02:30Z,0.0,2,0,13,20,1,1
0xe8f18e0474b83d54ca5fa8f8689e4b8af580d8c61dbb8037729af690250ceda7,nfl-la-jax-2025-10-19,nfl,Rams,Jaguars,2025-10-19T13:30:00Z,0,1,401772635,2025-10-19T13:30Z,0.0,2,1,35,7,1,1
0x16216b8132f88c07a0e6d86bd869f6bb1253925aa21ca43ea00d2a66bb29e587,nfl-car-nyj-2025-10-19,nfl,Panthers,Jets,2025-10-19T17:00:00Z,0,1,401772860,2025-10-19T17:00Z,0.0,2,0,13,6,1,1
0x175d2d3a8a5f2e97517a4197b1e7fba3d498022683bdb0f06dec63611bda746a,nfl-lv-kc-2025-10-19,nfl,Raiders,Chiefs,2025-10-19T17:00:00Z,1,1,401772753,2025-10-19T17:00Z,0.0,2,0,0,31,1,1
0x5d73d1ea65978ed06a55aaf4553827880dcc7cab5cba334de3341518fe8e4514,nfl-mia-cle-2025-10-19,nfl,Dolphins,Browns,2025-10-19T17:00:00Z,1,1,401772754,2025-10-19T17:00Z,0.0,2,0,6,31,1,1
0xd502aa7d6ec28b1ba3ca4645e5c7add9ef71fdedf5d634c57c30de7a86d700db,nfl-ne-ten-2025-10-19,nfl,Patriots,Titans,2025-10-19T17:00:00Z,0,1,401772755,2025-10-19T17:00Z,0.0,2,0,31,13,1,1
0xf962703012a033d57382d976ecc3d8b6a9a7991083be770e43464b3ea8683fde,nfl-no-chi-2025-10-19,nfl,Saints,Bears,2025-10-19T17:00:00Z,1,1,401772861,2025-10-19T17:00Z,0.0,2,0,14,26,1,1
0xed55f36cdf45379cfe16421d2e3d62c643e1926bdadcac06cce174e1c3bbecc3,nfl-phi-min-2025-10-19,nfl,Eagles,Vikings,2025-10-19T17:00:00Z,0,1,401772862,2025-10-19T17:00Z,0.0,2,0,28,22,1,1
0xc931a0aee25adf6f2eee087df23d417f7be2ebec4fe65a4f8b2dde16ba077416,nfl-ind-lac-2025-10-19,nfl,Colts,Chargers,2025-10-19T20:05:00Z,0,1,401772756,2025-10-19T20:05Z,0.0,2,0,38,24,1,1
0xdff0b3538e08b1f3fd036250b7bb1500ccd1fc4ee026477d0932bff20c8fbc31,nfl-nyg-den-2025-10-19,nfl,Giants,Broncos,2025-10-19T20:05:00Z,1,1,401772757,2025-10-19T20:05Z,0.0,2,0,32,33,1,1
0xb8e221de6ebe56c959225f7acb6bc160e6ee4728c2311944acffbd647997a786,nfl-gb-ari-2025-10-19,nfl,Packers,Cardinals,2025-10-19T20:25:00Z,0,1,401772863,2025-10-19T20:25Z,0.0,2,0,27,23,1,1
0xe0d9de962e0a53a2276c8ac5b192fd97e1d2ec74a386d2d7022b83ae86464489,nfl-was-dal-2025-10-19,nfl,Commanders,Cowboys,2025-10-19T20:25:00Z,1,1,401772864,2025-10-19T20:25Z,0.0,2,0,22,44,1,1
0x3af49f39f61c7e4505aecf6f49c06d41db4e030ceaaf322f10db1dd9c940eae0,nfl-atl-sf-2025-10-19,nfl,Falcons,49ers,2025-10-20T00:20:00Z,1,1,401772924,2025-10-20T00:20Z,0.0,2,0,10,20,1,1
0xf6ae726ba56c07c2cc7ec8fafcd9c41ab992c59406d82888e0940b280c81aefa,nfl-tb-det-2025-10-20,nfl,Buccaneers,Lions,2025-10-20T23:00:00Z,1,1,401772816,2025-10-20T23:00Z,0.0,2,0,9,24,1,1
0xcc9d529e735c24bf33e33403d10a70484b44281db5e42a625440a1e16271629e,nfl-hou-sea-2025-10-20,nfl,Texans,Seahawks,2025-10-21T02:00:00Z,1,1,401772826,2025-10-21T02:00Z,0.0,2,0,19,27,1,1
0x7c1c6960a544f4ed51a84f51893d1bdb2f51bad16d91bc2cc3276ec2d6c74b12,cfb-kenest-flint-2025-10-21,cfb,Kennesaw State,Florida International,2025-10-21T23:00:00Z,0,1,401757285,2025-10-21T23:00Z,0.0,2,0,45,26,1,1
0x2debc34a164a646aad0d0c82f75e879d9fa1576ee82dd7531b5100163c752401,cfb-wkent-loutch-2025-10-21,cfb,Western Kentucky,Louisiana Tech,2025-10-21T23:30:00Z,0,1,401757286,2025-10-21T23:30Z,0.0,2,0,28,27,1,1
0xdea09ec5b803d985c07113f61125f6b4f3cb639aa0914f137bab430ca8927362,cfb-mtnst-del-2025-10-22,cfb,Middle Tennessee,Delaware Blue Hens,2025-10-22T23:30:00Z,1,1,401757287,2025-10-22T23:30Z,0.0,2,0,28,31,1,1
0xffe6b8d161ad28bf07be743acacf682a1b05db8ef279890a2285829d1be70a59,cfb-msrst-nmxst-2025-10-23,cfb,Missouri State,New Mexico State,2025-10-23T01:00:00Z,0,1,401757288,2025-10-23T01:00Z,0.0,2,0,24,17,1,1
0x19279bc8f418fd9a6fd5093042dc870817f0abdc6b0e846e46b55578acb246a5,cfb-sala-gast-2025-10-23,cfb,South Alabama,Georgia State,2025-10-23T23:30:00Z,0,1,401761634,2025-10-23T23:30Z,0.0,2,0,38,31,1,1
0xc0c0941e8774b0d0df1fd8f84ab7b83076a1675a1feb214e426579beb3046aec,nfl-min-lac-2025-10-23,nfl,Vikings,Chargers,2025-10-24T00:15:00Z,1,1,401772942,2025-10-24T00:15Z,0.0,2,0,10,37,1,1
0x7dfc60333344a94a3082e0ca2cb29c4281cd5ae4677d3622a9f4645288648d19,cfb-ntx-charlt-2025-10-24,cfb,North Texas,Charlotte 49ers,2025-10-24T23:00:00Z,0,1,401762492,2025-10-24T23:00Z,0.0,2,0,54,20,1,1
0x2cf1be28fe36433b67f5c8c7ac045aa58c8365a9b269f86abc302e2e1105e256,cfb-cah-vtech-2025-10-24,cfb,California,Virginia Tech,2025-10-24T23:30:00Z,1,1,401754372,2025-10-24T23:30Z,0.0,2,0,34,42,1,1
0xba0e50d43a2e4d127f2cf93053ac8b1beb7d9bbd6666c750a4636071dabc53d2,cfb-boise-nevada-2025-10-25,cfb,Boise State,Nevada Wolf Pack,2025-10-25T02:00:00Z,0,1,401760397,2025-10-25T02:00Z,0.0,2,0,24,3,1,1
0xe1ce6d7f33e74fcba8ff45b777a6b18e21fa238184fb5c466c7c1f24fe2e7a8f,cfb-applst-old-2025-10-25,cfb,Appalachian State,Old Dominion,2025-10-25T16:00:00Z,1,1,401761635,2025-10-25T16:00Z,0.0,2,0,21,24,1,1
0xdd8e4c160a91351bfd4131417bcebd45c9ef3e3d7e26463b5c2611c893c2fdef,cfb-bowlgr-kentst-2025-10-25,cfb,Bowling,Kent State Golden Flashes,2025-10-25T16:00:00Z,1,1,401762846,2025-10-25T16:00Z,0.0,2,0,21,24,1,1
0x4524430629f43974323adf8f7b870475f1cb4854b0ce8f617799cba9e26752ab,cfb-kanst-kan-2025-10-25,cfb,Kansas State,Kansas,2025-10-25T16:00:00Z,0,1,401756932,2025-10-25T16:00Z,0.0,2,0,42,17,1,1
0xd12418fcf4edb01c19102aaac5cecc4b1c7cf1245e6b273fa6599f508c2dbbe0,cfb-miss-okl-2025-10-25,cfb,Ole Miss,Oklahoma,2025-10-25T16:00:00Z,0,1,401752750,2025-10-25T16:00Z,0.0,2,0,34,26,1,1
0xb3dcb12bdc77892fa409a29fa82d25a6d30b8ca6b7abcbcd43b6ec7a92f8b3d8,cfb-nw-nebr-2025-10-25,cfb,Northwestern,Nebraska Cornhuskers,2025-10-25T16:00:00Z,1,1,401752883,2025-10-25T16:00Z,0.0,2,0,21,28,1,1
0x9665598c6306afca65f500a9d2e8397c3a49ad0edc79a9eec0969f941f0f851d,cfb-ohio-emich-2025-10-25,cfb,Ohio,Eastern Michigan,2025-10-25T16:00:00Z,0,1,401762848,2025-10-25T16:00Z,0.0,2,0,28,21,1,1
0x3a39350b952cd1484411dfef5c7df76b2ca5320c38abce7e54e3eefd14da38b8,cfb-rutger-pur-2025-10-25,cfb,Rutgers,Purdue Boilermakers,2025-10-25T16:00:00Z,0,1,401752884,2025-10-25T16:00Z,0.0,2,0,27,24,1,1
0xa9690a1173a4db35fa05b1a9066585fe0f356654a8f23667af7e087125de0b0d,cfb-sfl-mphs-2025-10-25,cfb,South Florida,Memphis,2025-10-25T16:00:00Z,1,1,401762494,2025-10-25T16:00Z,0.0,2,0,31,34,1,1
0xd31c222f353f563e6bbe4384ce3b063ed4b4ce82343bf912ea5a888ced8e2ea8,cfb-smu-wake-2025-10-25,cfb,SMU Mustangs,Wake Forest,2025-10-25T16:00:00Z,1,1,401752942,2025-10-25T16:00Z,0.0,2,0,12,13,1,1
0x8ccac1703d0da8f6542cc40ebb689e4904773b5ffbc0fef234f02c245a40b4a3,cfb-syra-gtech-2025-10-25,cfb,Syracuse,Georgia Tech,2025-10-25T16:00:00Z,1,1,401754571,2025-10-25T16:00Z,0.0,2,0,16,41,1,1
0x871ecfa66efa3697691aeb456f76e2484d04e02acceabc0a57e6d37ed45b8dc3,cfb-ucla-ind-2025-10-25,cfb,UCLA,Indiana,2025-10-25T16:00:00Z,1,1,401752885,2025-10-25T16:00Z,0.0,2,0,6,56,1,1
0x961faee7b7ab6cae6bdc3095f1e14124267f0518e24e5a54e0a2f5830ea4cd10,cfb-vir-ncar-2025-10-25,cfb,Virginia,North Carolina,2025-10-25T16:00:00Z,0,1,401754573,2025-10-25T16:00Z,0.0,2,0,17,16,1,1
0xc3cb9d9255726e1d187b3053354233f600c870d3d4d403b9d8be769a3a3cac50,cfb-aubrn-ark-2025-10-25,cfb,Auburn,Arkansas,2025-10-25T16:45:00Z,0,1,401752746,2025-10-25T16:45Z,0.0,2,0,33,24,1,1
0x37f0e6a2912a88c8409e4942b4cc4d8cb1d43dd5103a0310fef6bea73034de39,cfb-akron-buf-2025-10-25,cfb,Akron,Buffalo,2025-10-25T17:00:00Z,0,1,401762844,2025-10-25T17:00Z,0.0,2,0,24,16,1,1
0x5bd48caf23839388af76607535d738d871a87ee5abc3273c7661d27fa1e4e0ee,cfb-uconn-rice-2025-10-25,cfb,UConn,Rice,2025-10-25T19:00:00Z,1,1,401757172,2025-10-25T19:00Z,0.0,2,0,34,37,1,1
0x5877a0f46eca1a309d8ed8f0bd2a033b9ac41130ee4b2212ba783d45be4fe900,cfb-utahst-nmx-2025-10-25,cfb,Utah State,New Mexico,2025-10-25T19:00:00Z,1,1,401760400,2025-10-25T19:00Z,0.0,2,0,14,33,1,1
0x0f90d8c1f4bafa2cc38fa92441097a32116189cae5baf326ac8ab64f06853819,cfb-ala-sc-2025-10-25,cfb,Alabama,South Carolina,2025-10-25T19:30:00Z,0,1,401752751,2025-10-25T19:30Z,0.0,2,0,29,22,1,1
0xfb93644dc931465ae96ea59adfc5eab3aaa66274e95392f59760d4d0e1761b45,cfb-ballst-nill-2025-10-25,cfb,Ball State,Northern Illinois,2025-10-25T19:30:00Z,1,1,401762845,2025-10-25T19:30Z,0.0,2,0,7,21,1,1
0x93760290aa15d109966695d64b4dfc6a479fcaf23f8898d0d000e439ab6227df,cfb-byu-iowast-2025-10-25,cfb,BYU,Iowa State,2025-10-25T19:30:00Z,0,1,401756931,2025-10-25T19:30Z,0.0,2,0,41,27,1,1
0x8710077346789efa49bf5a80435977ebfee99921a0b66d3d6cb13d2a5c5964ad,cfb-flatl-navy-2025-10-25,cfb,Florida Atlantic,Navy,2025-10-25T19:30:00Z,1,1,401762493,2025-10-25T19:30Z,0.0,2,0,32,42,1,1
0xdaa9f6c65e5c6f4ce08dc579306b9063c7dc85b2e5817074c67b56bec3be9b49,cfb-ill-wash-2025-10-25,cfb,Illinois,Washington,2025-10-25T19:30:00Z,1,1,401752880,2025-10-25T19:30Z,0.0,2,0,25,42,1,1
0x8114889d5e418494f0b54188256d2f16ba28de9ea42039284bd99f0734e65483,cfb-lamon-soumis-2025-10-25,cfb,UL Monroe,Southern Miss,2025-10-25T19:30:00Z,1,1,401761637,2025-10-25T19:30Z,0.0,2,0,21,49,1,1
0x2d1c71db216f7abf4cf672b4f1bbf7d31d9efa8ac6f5093c5c4d409dc26f36f0,cfb-minnst-iowa-2025-10-25,cfb,Minnesota,Iowa,2025-10-25T19:30:00Z,1,1,401752882,2025-10-25T19:30Z,0.0,2,0,3,41,1,1
0x47ea4178e11b8177fbaecfb1cc19d5a7ed3f109cd195fc67a00b4c2fe1fb6764,cfb-missr-vand-2025-10-25,cfb,Missouri,Vanderbilt,2025-10-25T19:30:00Z,1,1,401752752,2025-10-25T19:30Z,0.0,2,0,10,17,1,1
0x395b93b3d7a61de8960be73ac47c89ee2e1008f3b962b1a1fc089f96e791c43e,cfb-ncst-pitt-2025-10-25,cfb,NC State,Pittsburgh,2025-10-25T19:30:00Z,1,1,401754574,2025-10-25T19:30Z,0.0,2,0,34,53,1,1
0xf163e0b472e2971dcb784532bffd9c8ac31a7453b8c43a0a251e7189f639fef8,cfb-sdst-frest-2025-10-25,cfb,San Diego State,Fresno State,2025-10-25T19:30:00Z,0,1,401760399,2025-10-25T19:30Z,0.0,2,0,23,0,1,1
0x40de32bd9e228ba18fa637bc4a707cd8ab82855ded8bad999025ab6539618945,cfb-templ-tulsa-2025-10-25,cfb,Temple,Tulsa,2025-10-25T19:30:00Z,0,1,401762495,2025-10-25T19:30Z,0.0,2,0,38,37,1,1
0xc12ec05ee424fba7ce58417c68598eb46112050ab589e4ab72eabf04541f604f,cfb-toledo-washst-2025-10-25,cfb,Toledo,Washington State,2025-10-25T19:30:00Z,1,1,401752952,2025-10-25T19:30Z,0.0,2,0,7,28,1,1
0x2775a012d1e8a94bb81ce04781a1c3ad65c3a5caad3812dceeb679ba1e01f9ac,cfb-umass-cmich-2025-10-25,cfb,UMass,Central Michigan,2025-10-25T19:30:00Z,1,1,401762847,2025-10-25T19:30Z,0.0,2,0,13,38,1,1
0x2714aaa079fe7b8b870926c262d5f5e66c54a2ad38a78a2e79c93619e26e448f,cfb-wmich-miaoh-2025-10-25,cfb,Western Michigan,Miami (OH),2025-10-25T19:30:00Z,1,1,401762874,2025-10-25T19:30Z,0.0,2,0,17,26,1,1
0x13358f5918dce2db9d9a22d879a3491deff00c332a3134b3c5162e33e91c7e7c,cfb-bayl-cin-2025-10-25,cfb,Baylor,Cincinnati,2025-10-25T20:00:00Z,1,1,401756930,2025-10-25T20:00Z,0.0,2,0,20,41,1,1
0x80333df5a9ab53514bed013781771a729d830e597249964c7d2c51027726a076,cfb-okst-txtech-2025-10-25,cfb,Oklahoma State,Texas Tech Red Raiders,2025-10-25T20:00:00Z,1,1,401756933,2025-10-25T20:00Z,0.0,2,0,0,42,1,1
0xb28d4daab310cd612470b7f9febd4236e746eecc345cebfaac97e2dbe2538950,cfb-tx-mspst-2025-10-25,cfb,Texas,Mississippi State,2025-10-25T20:15:00Z,0,1,401752749,2025-10-25T20:15Z,0.0,2,0,45,38,1,1
0x41b0f2ec21f02fdc2b879bcdbbed2e51aa04a1c18ea4308ae47a08c5dac81338,cfb-tcu-wvir-2025-10-25,cfb,TCU,West Virginia,2025-10-25T22:00:00Z,0,1,401756935,2025-10-25T22:00Z,0.0,2,0,23,17,1,1
0x682925d765fc616fe4ea3e7155687e289e9496402bbe10ddf5cb94b78d5180a5,cfb-gas-arkst-2025-10-25,cfb,Georgia Southern,Arkansas State,2025-10-25T23:00:00Z,1,1,401761636,2025-10-25T23:00Z,0.0,2,0,24,34,1,1
0xd386ecfb2adfa21960ebdeea1832d75f18a92375bc6c62270206b75452c6e64e,cfb-loulaf-troy-2025-10-25,cfb,Louisiana,Troy,2025-10-25T23:00:00Z,1,1,401761638,2025-10-25T23:00Z,0.0,2,0,23,35,1,1
0xca5650708e4ea4ed519211a3872948c8cae71d344ea0ac74977f97b3204be791,cfb-stan-mia-2025-10-25,cfb,Stanford,Miami,2025-10-25T23:00:00Z,1,1,401754572,2025-10-25T23:00Z,0.0,2,0,7,42,1,1
0x8b9dc08ffda69a195b4d726d8a9f3bb9b16a2981b325a7e98d44d6a731156da6,cfb-wisc-ore-2025-10-25,cfb,Wisconsin Badgers,Oregon,2025-10-25T23:00:00Z,1,1,401752886,2025-10-25T23:00Z,0.0,2,0,7,21,1,1
0x65d269ce203b6fb12e50155183ed39eaf4fe91d3a8f328a1f14ea11bafe029c3,cfb-boscol-lou-2025-10-25,cfb,Boston College,Louisville,2025-10-25T23:30:00Z,1,1,401754570,2025-10-25T23:30Z,0.0,2,0,24,38,1,1
0x6cc0abf65cd0737fbf5387816fcfcde3e86829bcae564e3778a2da2ddd9472ec,cfb-colst-wyom-2025-10-25,cfb,Colorado State,Wyoming,2025-10-25T23:30:00Z,1,1,401760398,2025-10-25T23:30Z,0.0,2,0,0,28,1,1
0xdb84e6d815c991d017e19c834153b03d037cd77f020426f8c8506daa6dd35d51,cfb-mich-mst-2025-10-25,cfb,Michigan,Michigan State,2025-10-25T23:30:00Z,0,1,401752881,2025-10-25T23:30Z,0.0,2,0,31,20,1,1
0x434f2686307cacbfe3fe1ede62ec6fb4d8106ec0d1e848fa198d51603127bced,cfb-txam-lsu-2025-10-25,cfb,Texas A&M,LSU,2025-10-25T23:30:00Z,0,1,401752748,2025-10-25T23:30Z,0.0,2,0,49,25,1,1
0xd6519ae06bc49c4a292668e3ec5d752d671271b7dcd5a1ec46aec097fac70e49,cfb-tenn-uk-2025-10-25,cfb,Tennessee,Kentucky,2025-10-25T23:45:00Z,0,1,401752747,2025-10-25T23:45Z,0.0,2,0,56,34,1,1
0x3254a0cf8812d3f1c98c352de420347523ca6e94978f52d5d206f051be3707c9,cfb-hou-arzst-2025-10-26,cfb,Houston,Arizona State,2025-10-26T00:00:00Z,0,1,401756929,2025-10-26T00:00Z,0.0,2,0,24,16,1,1
0x3588ea741839f0bd7a08986e1b9791fa4de31fb38fe14b336a699b115973748e,cfb-col-utah-2025-10-26,cfb,Colorado,Utah,2025-10-26T02:15:00Z,1,1,401756934,2025-10-26T02:25Z,0.17,2,0,7,53,1,1
0x0aee7dfa491c87f0678eafdf10d4b54c628c3b72a7596afbf06a0bce85c71ed4,nfl-buf-car-2025-10-26,nfl,Bills,Panthers,2025-10-26T17:00:00Z,0,1,401772865,2025-10-26T17:00Z,0.0,2,0,40,9,1,1
0x79458e54226bf73452522bae8ca7469ef433bf3a9dc1d6c614b3ddb689d33042,nfl-chi-bal-2025-10-26,nfl,Bears,Ravens,2025-10-26T17:00:00Z,1,1,401772759,2025-10-26T17:00Z,0.0,2,0,16,30,1,1
0xcfcbaa9a402806aa70910ddc64179d29af5bdbac676ec79ac600912f0db26c1b,nfl-cle-ne-2025-10-26,nfl,Browns,Patriots,2025-10-26T17:00:00Z,1,1,401772868,2025-10-26T17:00Z,0.0,2,0,13,32,1,1
0x8e2641a2ffe18d761d91429e3d0f7f5907e3f966f4de57b74970f61da7ccb0fc,nfl-mia-atl-2025-10-26,nfl,Dolphins,Falcons,2025-10-26T17:00:00Z,0,1,401772760,2025-10-26T17:00Z,0.0,2,0,34,10,1,1
0xf6c12a522923b5143fb52aec4641e46cc29765af358009fac2cb65bb3e7c6531,nfl-nyg-phi-2025-10-26,nfl,Giants,Eagles,2025-10-26T17:00:00Z,1,1,401772867,2025-10-26T17:00Z,0.0,2,0,20,38,1,1
0x983948ed0de118d2567507ce97f3275ffd04edb1b94a427e7520e6b1161a23a1,nfl-nyj-cin-2025-10-26,nfl,Jets,Bengals,2025-10-26T17:00:00Z,0,1,401772758,2025-10-26T17:00Z,0.0,2,0,39,38,1,1
0x71dd4bb30879f07523f31b899294862a0ac4c3b521c8f7d4c216344ebc5765e7,nfl-sf-hou-2025-10-26,nfl,49ers,Texans,2025-10-26T17:00:00Z,1,1,401772866,2025-10-26T17:00Z,0.0,2,0,15,26,1,1
0x4fa06c938ab2d52a2c0bc36bd1a1130434567b597d2ce6df3b49b15731fd5e11,nfl-tb-no-2025-10-26,nfl,Buccaneers,Saints,2025-10-26T20:05:00Z,0,1,401772869,2025-10-26T20:05Z,0.0,2,0,23,3,1,1
0x5c1d90605fe7f4cbab6864091215a4108f79dc5609a06dd90ab552c88e52450e,nfl-dal-den-2025-10-26,nfl,Cowboys,Broncos,2025-10-26T20:25:00Z,1,1,401772762,2025-10-26T20:25Z,0.0,2,0,24,44,1,1
0x4f8995adb4a80b8ac257cef4970167584a4219245263c887df019ee6ed6e0f7d,nfl-ten-ind-2025-10-26,nfl,Titans,Colts,2025-10-26T20:25:00Z,1,1,401772761,2025-10-26T20:25Z,0.0,2,0,14,38,1,1
0x8df270e2aa2ded8dee066bcd4ed3506954809479cbe756c6ecf5af6b0ef584c3,nfl-gb-pit-2025-10-26,nfl,Packers,Steelers,2025-10-27T00:20:00Z,0,1,401772925,2025-10-27T00:20Z,0.0,2,0,35,25,1,1
0xeea11838031898568d1cf6be17f07bbaf33df76dfc0d1ea206d4bd817aaa2785,nfl-was-kc-2025-10-27,nfl,Commanders,Chiefs,2025-10-28T00:15:00Z,1,1,401772817,2025-10-28T00:15Z,0.0,2,0,7,28,1,1
0xafd143b571ca0cd7b638ad4de379aa564854e0e0c0235f879795ac982cc1920f,cfb-jmad-txst-2025-10-29,cfb,James Madison,Texas State,2025-10-29T00:00:00Z,0,1,401761639,2025-10-29T00:00Z,0.0,2,0,52,20,1,1
0x996de747be90b8fa425d2c35d91ff184fb9d116e20a4b836fc8d26c0b19ccf96,cfb-utep-kenest-2025-10-29,cfb,UTEP,Kennesaw State,2025-10-29T00:00:00Z,1,1,401757289,2025-10-29T00:00Z,0.0,2,0,20,33,1,1
0x5b3ada0fd6ba1214de19367d1503ef13b8a372e8f379bddc595fc70b3795be97,cfb-jaxst-mtnst-2025-10-29,cfb,Jacksonville State,Middle Tennessee,2025-10-29T23:30:00Z,0,1,401757292,2025-10-29T23:30Z,0.0,2,0,24,21,1,1
0xcb2c87b28ba30a37f1c3f8a82f2838cf73ce29b277f848c41ac4b069eee18144,cfb-flint-msrst-2025-10-30,cfb,Florida International,Missouri State,2025-10-30T00:00:00Z,1,1,401757291,2025-10-30T00:00Z,0.0,2,0,21,28,1,1
0xd002f3a9668ce4c897129e4a647622e071d5b716644f2a8679a21341b06c5173,cfb-marsh-coast-2025-10-30,cfb,Marshall,Coastal Carolina Chanticleers,2025-10-30T23:30:00Z,1,1,401761640,2025-10-30T23:30Z,0.0,2,0,27,44,1,1
0x18e742ba266673ca2f1fd1ef0f010b373fdf3516d488bc365ac03d56a091db04,cfb-tulane-utsa-2025-10-30,cfb,Tulane,UTSA Roadrunners,2025-10-30T23:30:00Z,1,1,401762443,2025-10-30T23:30Z,0.0,2,0,26,48,1,1
0xa9202d1a3f497869d45ec1b122216de7ba542b2920d7becc64f0f9c2969a297f,nfl-bal-mia-2025-10-30,nfl,Ravens,Dolphins,2025-10-31T00:15:00Z,0,1,401772943,2025-10-31T00:15Z,0.0,2,0,28,6,1,1
0x46c4c4c17f8ff510e2becf59d61edebfc017c8ba8ba70cdd1726f8d2948770fd,cfb-mphs-rice-2025-10-31,cfb,Memphis,Rice,2025-10-31T23:00:00Z,0,1,401762497,2025-10-31T23:00Z,0.0,2,0,38,14,1,1
0x4841b309a14de1972ea872b169405cccc5fdf3ad456ca90604aed1a6603c0b35,cfb-ncar-syra-2025-10-31,cfb,North Carolina,Syracuse,2025-10-31T23:30:00Z,0,1,401754575,2025-10-31T23:30Z,0.0,2,0,27,10,1,1
0x3e620f1fc28d5678806f851a559ccc576efad05cb692bcc16b9f6b34d5df1d1d,cfb-smho-loutch-2025-11-01,cfb,Sam Houston Bearkats,Louisiana Tech,2025-11-01T00:00:00Z,1,1,401757290,2025-11-01T00:00Z,0.0,2,0,14,55,1,1
0x7ff7c66a825e0c1d773db9666f4f45ef550c7f851c53cb5d1303d697a51c74c6,cfb-army-airf-2025-11-01,cfb,Army,Air Force,2025-11-01T16:00:00Z,0,1,401760401,2025-11-01T16:00Z,0.0,2,0,20,17,1,1
0x6e24cc3e501afcf8d09a77fe79c139fa32b4b4e54e7dcea7a0d464697c41519f,cfb-buf-bowlgr-2025-11-01,cfb,Buffalo,Bowling,2025-11-01T16:00:00Z,0,1,401762849,2025-11-01T16:00Z,0.0,2,0,28,3,1,1
0x1fdbf90e8a974f37fe13b24730e68bc07837cc468ea19b4b33d216f85f67a89b,cfb-duke-clmsn-2025-11-01,cfb,Duke,Clemson,2025-11-01T16:00:00Z,0,1,401754577,2025-11-01T16:00Z,0.0,2,0,46,45,1,1
0xdc03507b39ea46ce6f7dc4e4d81f758a0eea60c0c3fcb880ba6c0e54b8faba86,cfb-mia-smu-2025-11-01,cfb,Miami,SMU Mustangs,2025-11-01T16:00:00Z,1,1,401754581,2025-11-01T16:00Z,0.0,2,0,20,26,1,1
0x78381a57483de13999f7f7deb63ae8d68bd25f76bc4c1095ad33d59a1b49d7b8,cfb-navy-ntx-2025-11-01,cfb,Navy,North Texas,2025-11-01T16:00:00Z,1,1,401762499,2025-11-01T16:00Z,0.0,2,0,17,31,1,1
0x28732831536168814302633aadd15c76d38d154faf03a09b15389643766dcda0,cfb-pennst-ohiost-2025-11-01,cfb,Penn State,Ohio State,2025-11-01T16:00:00Z,1,1,401752889,2025-11-01T16:00Z,0.0,2,0,14,38,1,1
0x784d49077cd4ff3af9d41c19f6c15f1f0a30f8cde91fe509298cc06ca24a795c,cfb-rutger-ill-2025-11-01,cfb,Rutgers,Illinois,2025-11-01T16:00:00Z,1,1,401752891,2025-11-01T16:00Z,0.0,2,0,13,35,1,1
0x8b29c0e793df39a48cbe5be8747ec7eca40350e4a029b8fa760413803b5f272b,cfb-uab-uconn-2025-11-01,cfb,UAB Blazers,UConn,2025-11-01T16:00:00Z,1,1,401757173,2025-11-01T16:00Z,0.0,2,0,19,38,1,1
0x4891d40f8dff2ba9f067518d2c3277eb7fd90e22e3e4ed12047913e7e14f01c7,cfb-ucf-bayl-2025-11-01,cfb,UCF,Baylor,2025-11-01T16:00:00Z,1,1,401756936,2025-11-01T16:00Z,0.0,2,0,3,30,1,1
0x030cc35b6f00ffec1082ae0429c4c2061c7cde28c1aeeae217fa23c0adf6f13d,cfb-vand-tx-2025-11-01,cfb,Vanderbilt,Texas,2025-11-01T16:00:00Z,1,1,401752758,2025-11-01T16:00Z,0.0,2,0,31,34,1,1
0x0132440785f3b1020559ced58c53874f06f892d2305e39837f16beb4b074db56,cfb-wvir-hou-2025-11-01,cfb,West Virginia,Houston,2025-11-01T16:00:00Z,0,1,401756938,2025-11-01T16:00Z,0.0,2,0,45,35,1,1
0x0775444f301d576c286308f74019b2615a5468280c388dd489141bed2d79b8b1,cfb-arzst-iowast-2025-11-01,cfb,Arizona State,Iowa State,2025-11-01T17:00:00Z,0,1,401756939,2025-11-01T17:00Z,0.0,2,0,24,19,1,1
0xa28b751213bb53b9d21ce21d7db08cee4c6259fb80697c7a2bb606a40c5bd045,cfb-ecar-templ-2025-11-01,cfb,East Carolina,Temple,2025-11-01T18:00:00Z,0,1,401762498,2025-11-01T18:00Z,0.0,2,0,45,14,1,1
0x1a01b32c085bcc830737c0e462cf45d9efd08f1e7cd0faf9c6105411855dfb14,cfb-lou-vtech-2025-11-01,cfb,Louisville,Virginia Tech,2025-11-01T19:00:00Z,0,1,401754580,2025-11-01T19:00Z,0.0,2,0,28,16,1,1
0x8daa3d18e812e727bf56f811579e7f04db6863d5afe67f61677229c2019d5070,cfb-nmx-unlv-2025-11-01,cfb,New Mexico,UNLV,2025-11-01T19:00:00Z,0,1,401760404,2025-11-01T19:00Z,0.0,2,0,40,35,1,1
0x148711de2a5028e43e63c6479c2b04241e38ca6b617e8b12f66cbac16e59caff,cfb-del-librty-2025-11-01,cfb,Delaware Blue Hens,Liberty,2025-11-01T19:30:00Z,1,1,401757293,2025-11-01T19:30Z,0.0,2,0,30,59,1,1
0x88172c17a0809c8a584493c1d468a7db50453fedc739339e807bbd15c7b0b8e5,cfb-frest-boise-2025-11-01,cfb,Fresno State,Boise State,2025-11-01T19:30:00Z,0,1,401760402,2025-11-01T19:30Z,0.0,2,0,30,7,1,1
0x62ed377ba140386b8c8d052c0dfe8efaa148ac8d999b2c06c01d8d7594bf4e92,cfb-ga-fl-2025-11-01,cfb,Georgia,Florida Gators,2025-11-01T19:30:00Z,0,1,401752755,2025-11-01T19:30Z,0.0,2,1,24,20,1,1
0x625b7ac27fd13e0fa5405948a3cb67dcaf8a62c7bbbbd65f0adbbc6208bf955c,cfb-ind-mary-2025-11-01,cfb,Indiana,Maryland Terrapins,2025-11-01T19:30:00Z,0,1,401752887,2025-11-01T19:30Z,0.0,2,0,55,10,1,1
0xaafc26353b26f9c7e99ff2447b205a3c7c65493418044c3adf602f5c0d2692a3,cfb-loulaf-sala-2025-11-01,cfb,Louisiana,South Alabama,2025-11-01T19:30:00Z,0,1,401761642,2025-11-01T19:30Z,0.0,2,0,31,22,1,1
0xd6346198402f4aa2277fca213c82b620a8a51f5b740d02304ab8085ad4de267d,cfb-mst-minnst-2025-11-01,cfb,Michigan State,Minnesota,2025-11-01T19:30:00Z,1,1,401752888,2025-11-01T19:30Z,0.0,2,0,20,23,1,1
0xf1608b787fa59feb413698c866c6f68d47cffdd41033c07e16a9dd77b9c364fc,cfb-nd-boscol-2025-11-01,cfb,Notre Dame,Boston College,2025-11-01T19:30:00Z,0,1,401754583,2025-11-01T19:30Z,0.0,2,0,25,10,1,1
0xecc9f7cc297d8e03fcb42a6db1f26916e9ecf6ee3c7e01b9537cbd6db46a3e66,cfb-nmxst-wkent-2025-11-01,cfb,New Mexico State,Western Kentucky,2025-11-01T19:30:00Z,1,1,401757294,2025-11-01T19:30Z,0.0,2,0,16,35,1,1
0x13883fb25286542f11dc01cfeea921da9fbb693a1dd8b553c047daa485e2dafd,cfb-old-lamon-2025-11-01,cfb,Old Dominion,UL Monroe,2025-11-01T19:30:00Z,0,1,401761641,2025-11-01T19:30Z,0.0,2,0,31,6,1,1
0x593c9e6b1f8047b61b0d1001ca8b9b3764885c8003b35f41785343a21c1d981f,cfb-pitt-stan-2025-11-01,cfb,Pittsburgh,Stanford,2025-11-01T19:30:00Z,0,1,401754582,2025-11-01T19:30Z,0.0,2,0,35,20,1,1
0x2cd3771e5583ae40322343482b46794d6cd7e50c20b4a6aa24245a41951ae6a8,cfb-txtech-kanst-2025-11-01,cfb,Texas Tech Red Raiders,Kansas State,2025-11-01T19:30:00Z,0,1,401756941,2025-11-01T19:30Z,0.0,2,0,43,20,1,1
0xc15e433933730271382e8b117bfc057a54fdbbca94fe8806f5e6e3577ccd9040,cfb-vir-cah-2025-11-01,cfb,Virginia,California,2025-11-01T19:45:00Z,0,1,401754576,2025-11-01T19:45Z,0.0,2,0,31,21,1,1
0x9c2be07068fbac9aa04e54c9d8478e67c5794ce7353df8ef16e5edafb2ae9587,cfb-cmich-wmich-2025-11-01,cfb,Central Michigan,Western Michigan,2025-11-01T20:00:00Z,1,1,401762850,2025-11-01T20:00Z,0.0,2,0,21,24,1,1
0xd8258d4a887422d021f0424d4bd0b0824b292d9be815f605a2225c8cc8df636a,cfb-mspst-ark-2025-11-01,cfb,Mississippi State,Arkansas,2025-11-01T20:00:00Z,0,1,401752753,2025-11-01T20:00Z,0.0,2,0,38,35,1,1
0x1a47ba4eb70d4028bae03cf21c27931114c567df3be233cf3f4e4417ef98be46,cfb-okst-kan-2025-11-01,cfb,Oklahoma State,Kansas,2025-11-01T20:00:00Z,1,1,401756940,2025-11-01T20:00Z,0.0,2,0,21,38,1,1
0x8026264314846f0c809f3e71e14a8c2d97fddf11a95e5751bc78211d3f8c52c6,cfb-arz-col-2025-11-01,cfb,Arizona,Colorado,2025-11-01T23:00:00Z,0,1,401756937,2025-11-01T23:00Z,0.0,2,0,52,17,1,1
0xf3e463ca6132d3150e20046af128636e2bd621951d9989e461479ae07e50cf8e,cfb-pur-mich-2025-11-01,cfb,Purdue Boilermakers,Michigan,2025-11-01T23:00:00Z,1,1,401752890,2025-11-01T23:00Z,0.0,2,0,16,21,1,1
0xe07cb2ac8aed8aef4f5f3f4f7902d1503f2babc0cd1456933fa10337cb9d1920,cfb-sc-miss-2025-11-01,cfb,South Carolina,Ole Miss,2025-11-01T23:00:00Z,1,1,401752756,2025-11-01T23:00Z,0.0,2,0,14,30,1,1
0x530c70511da29dc426b623e64f27bd0c59b77c5f96ed5a75f2ba0cf4785e5965,cfb-wyom-sdst-2025-11-01,cfb,Wyoming,San Diego State,2025-11-01T23:00:00Z,1,1,401760405,2025-11-01T23:00Z,0.0,2,0,7,24,1,1
0x413b340b2f0119c4614f7ebe1ba33f08ce7d730434cc626d1d68002480cb19a4,cfb-gtech-ncst-2025-11-01,cfb,Georgia Tech,NC State,2025-11-01T23:30:00Z,1,1,401754579,2025-11-01T23:30Z,0.0,2,0,36,48,1,1
0x9e3a313bd06125130ec7350f032a59e8b9d809714c22018ecbab567d112e22cb,cfb-okl-tenn-2025-11-01,cfb,Oklahoma,Tennessee,2025-11-01T23:30:00Z,0,1,401752757,2025-11-01T23:30Z,0.0,2,0,33,27,1,1
0x3d9094fea97bbc83de4aa218b94de5e492b608dcf16b38589dc1fc4fd77247bd,cfb-uk-aubrn-2025-11-01,cfb,Kentucky,Auburn,2025-11-01T23:30:00Z,0,1,401752754,2025-11-01T23:30Z,0.0,2,0,10,3,1,1
0xe151823dd0c8549de666de2d9c7a145fa32820f5bf97d91df80161f62cb023c7,cfb-usc-nebr-2025-11-01,cfb,USC,Nebraska Cornhuskers,2025-11-01T23:30:00Z,0,1,401752892,2025-11-01T23:30Z,0.0,2,0,21,17,1,1
0xf823d211cd8f166bc2a35162bd182a5da0a4eeaec233b7334d1d69ef714c0da3,cfb-wake-flst-2025-11-01,cfb,Wake Forest,Florida State,2025-11-01T23:30:00Z,1,1,401754578,2025-11-01T23:30Z,0.0,2,0,7,42,1,1
0xbe8c14870df5a43d75b0e4d8e56101127d7009bf023353ef7c4c870676781f14,cfb-washst-oregst-2025-11-01,cfb,Washington State,Oregon State,2025-11-01T23:30:00Z,1,1,401752943,2025-11-01T23:30Z,0.0,2,0,7,10,1,1
0x2268daa116f5e14501509421c80e5e5445bd098849f8a74cede33152ab40e23c,cfb-arkst-troy-2025-11-02,cfb,Arkansas State,Troy,2025-11-02T00:00:00Z,0,1,401761643,2025-11-02T00:00Z,0.0,2,0,23,10,1,1
0x85437b85f8a378fdc58e38a5088af809c632adf0104a2166a9ee92606148b35b,cfb-cin-utah-2025-11-02,cfb,Cincinnati,Utah,2025-11-02T02:15:00Z,1,1,401756942,2025-11-02T02:15Z,0.0,2,0,14,45,1,1
0xe731604671dcc6a26992bcb54b4853b341cb69efb007394a9dbcb6312e43f37b,cfb-hawaii-sjst-2025-11-02,cfb,Hawaii,San Jose State,2025-11-02T02:30:00Z,1,1,401760403,2025-11-02T02:30Z,0.0,2,0,38,45,1,1
0xaa50a5666e3223fce4e8ce2bd3f3f3205c4e7b25e7d8ed6178c8722504f0f702,nfl-atl-ne-2025-11-02,nfl,Falcons,Patriots,2025-11-02T18:00:00Z,1,1,401772763,2025-11-02T18:00Z,0.0,2,0,23,24,1,1
0x93343cc685ff2875ca60eb9dbd8215187fbd3d6ec0f869003b57ab623b6aff0f,nfl-car-gb-2025-11-02,nfl,Panthers,Packers,2025-11-02T18:00:00Z,0,1,401772872,2025-11-02T18:00Z,0.0,2,0,16,13,1,1
0xb6059f90055603d5d41cddec29021d91614ac5398cb1a0aa4d6c641189578744,nfl-chi-cin-2025-11-02,nfl,Bears,Bengals,2025-11-02T18:00:00Z,0,1,401772765,2025-11-02T18:00Z,0.0,2,0,47,42,1,1
0x5e4a22239a3d12c37069332763de04bdffd90d25a17a71e0b825833803124798,nfl-den-hou-2025-11-02,nfl,Broncos,Texans,2025-11-02T18:00:00Z,0,1,401772870,2025-11-02T18:00Z,0.0,2,0,18,15,1,1
0x87794de55b58fdeb94b4ac5151b962fe73afc1aad6b44fc780b30ce79fcc4c96,nfl-ind-pit-2025-11-02,nfl,Colts,Steelers,2025-11-02T18:00:00Z,1,1,401772766,2025-11-02T18:00Z,0.0,2,0,20,27,1,1
0x91209264fa90ffbbfd07ec93d7f6acb790fa48f95ee6f37715f1b8e9c9cc29ea,nfl-lac-ten-2025-11-02,nfl,Chargers,Titans,2025-11-02T18:00:00Z,0,1,401772764,2025-11-02T18:00Z,0.0,2,0,27,20,1,1
0x09293493eebe2dba65aee40b96a37af9e0e925791dc0356b324e8015bf0d6196,nfl-min-det-2025-11-02,nfl,Vikings,Lions,2025-11-02T18:00:00Z,0,1,401772871,2025-11-02T18:00Z,0.0,2,0,27,24,1,1
0x024532fcd25a91e86704e39fb04d3550a344e0502aef7af5f25185ba45c4f0ff,nfl-sf-nyg-2025-11-02,nfl,49ers,Giants,2025-11-02T18:00:00Z,0,1,401772767,2025-11-02T18:00Z,0.0,2,0,34,24,1,1
0x6ff4ba970cc7120f2933344a7e4c424b73d32efbd47b04eb5fcb82662484b074,nfl-jax-lv-2025-11-02,nfl,Jaguars,Raiders,2025-11-02T21:05:00Z,0,1,401772873,2025-11-02T21:05Z,0.0,2,0,30,29,1,1
0x60f05f2f7b8c87a17429dd7d14b11fc80ce3af796dcb571ddf322db4f382b2eb,nfl-no-la-2025-11-02,nfl,Saints,Rams,2025-11-02T21:05:00Z,1,1,401772874,2025-11-02T21:05Z,0.0,2,0,10,34,1,1
0xb68c5e1dd36093e8c6a84cd74cc594a554c14de105a864e52e15b30c9070d34a,nfl-kc-buf-2025-11-02,nfl,Chiefs,Bills,2025-11-02T21:25:00Z,1,1,401772768,2025-11-02T21:25Z,0.0,2,0,21,28,1,1
0xb8fec9331f5256027b2f44476dcaae997e5ca0578b14162065b967627ab1248f,nfl-sea-was-2025-11-02,nfl,Seahawks,Commanders,2025-11-03T01:20:00Z,0,1,401772926,2025-11-03T01:20Z,0.0,2,0,38,14,1,1
0x92c868889653f6236d249420b9dec718d9403d7464874e8abac7709c5ed6d7e7,nfl-ari-dal-2025-11-03,nfl,Cardinals,Cowboys,2025-11-04T01:15:00Z,0,1,401772818,2025-11-04T01:15Z,0.0,2,0,27,17,1,1
0x743c6b56b49386bc24d213a0f61546049dd5cb78461bdf70459b10fbd9124bde,cfb-miaoh-ohio-2025-11-04,cfb,Miami (OH),Ohio,2025-11-05T00:00:00Z,1,1,401762852,2025-11-05T00:00Z,0.0,2,0,20,24,1,1
0xa05efc908f08620038bc9678fabf336379f03216f0efdaa341f0e5751c974e4c,cfb-umass-akron-2025-11-04,cfb,UMass,Akron,2025-11-05T00:00:00Z,1,1,401762851,2025-11-05T00:00Z,0.0,2,0,10,44,1,1
0x52e2360daa4478c6a90fd5a45513c5d4aefaf16b97ad03c0a41ab781604fbe23,cfb-kentst-ballst-2025-11-05,cfb,Kent State Golden Flashes,Ball State,2025-11-06T00:00:00Z,1,1,401762853,2025-11-06T00:00Z,0.0,2,0,13,17,1,1
0x7237d92b0a13a5bfd6f0a501484db802214387f21ffc6df3bb3bfd538e4ee45f,cfb-nill-toledo-2025-11-05,cfb,Northern Illinois,Toledo,2025-11-06T00:00:00Z,1,1,401762854,2025-11-06T00:00Z,0.0,2,0,3,42,1,1
0x476f9652f67184f3d154bdd236931265ef436d7be42114e7a5a5a3ec001e871d,cfb-gas-applst-2025-11-06,cfb,Georgia Southern,Appalachian State,2025-11-07T00:30:00Z,0,1,401761644,2025-11-07T00:30Z,0.0,2,0,25,23,1,1
0x9cacf0726b065d6a19eecf9633bbfc2668de79636ff5f6d635e02bca88e006fd,cfb-utsa-sfl-2025-11-06,cfb,UTSA Roadrunners,South Florida,2025-11-07T00:30:00Z,1,1,401762500,2025-11-07T00:30Z,0.0,2,0,23,55,1,1
0x2a073dba2d819e790bac00f78b3bcc8cf0d408ca9ca7a6430ff4ec3669753c70,nfl-lv-den-2025-11-06,nfl,Raiders,Broncos,2025-11-07T01:15:00Z,1,1,401772944,2025-11-07T01:15Z,0.0,2,0,7,10,1,1
0xc0e3bf1060861398acff99adcbfac97773a6afa505099b36b186ddf41f2079f4,cfb-hou-ucf-2025-11-07,cfb,Houston,UCF,2025-11-08T01:00:00Z,0,1,401756946,2025-11-08T01:15Z,0.25,2,0,30,27,1,1
0x351993b29579e287a779127d94d83b7f5cffe5b715f74e2c58c12ff19c0ad018,cfb-nw-usc-2025-11-07,cfb,Northwestern,USC,2025-11-08T02:00:00Z,1,1,401752896,2025-11-08T02:00Z,0.0,2,0,17,38,1,1
0x739cde5cde44dce210592320515c25bf8be40080f1d11a91c96dc6ea9e9270cf,cfb-tulane-mphs-2025-11-07,cfb,Tulane,Memphis,2025-11-08T02:00:00Z,0,1,401762501,2025-11-08T02:10Z,0.17,2,0,38,32,1,1
0x9749a58a12438412025f32a33358e858919ec8b8d2536ef1f4afa00352357ac0,cfb-byu-txtech-2025-11-08,cfb,BYU,Texas Tech Red Raiders,2025-11-08T17:00:00Z,1,1,401756945,2025-11-08T17:00Z,0.0,2,0,7,29,1,1
0x94df2b8560165de3da3a968998e0b44ab19a7a5304ce88264825ac43cde628e6,cfb-col-wvir-2025-11-08,cfb,Colorado,West Virginia,2025-11-08T17:00:00Z,1,1,401756947,2025-11-08T17:00Z,0.0,2,0,22,29,1,1
0x549ee495c1c59c38479143cf55b0c98aedff0c4baa8b89f893265ad8628d118b,cfb-ga-mspst-2025-11-08,cfb,Georgia,Mississippi State,2025-11-08T17:00:00Z,0,1,401752762,2025-11-08T17:00Z,0.0,2,0,41,21,1,1
0x9259aa629f3aa7c4217e17465f40fb1090f363f912d28d03e8977e4fec5cf122,cfb-ind-pennst-2025-11-08,cfb,Indiana,Penn State,2025-11-08T17:00:00Z,0,1,401752893,2025-11-08T17:00Z,0.0,2,0,27,24,1,1
0xaccfb4314ef6b71771ec5f3ba4817935bb830511ff4f26ef546e0ac69d7eedef,cfb-jmad-marsh-2025-11-08,cfb,James Madison,Marshall,2025-11-08T17:00:00Z,0,1,401761646,2025-11-08T17:00Z,0.0,2,0,35,23,1,1
0x26925b9fbfa9c316ff1d421b74e8f7ad191134f49775354c312c2ab4bb56d888,cfb-smu-boscol-2025-11-08,cfb,SMU Mustangs,Boston College,2025-11-08T17:00:00Z,0,1,401754584,2025-11-08T17:00Z,0.0,2,0,45,13,1,1
0x80a3f960cafb3f58ac3c60aa2f10a52f3d2128789ace4ca20de54ec6fd21d116,cfb-soumis-arkst-2025-11-08,cfb,Southern Miss,Arkansas State,2025-11-08T17:00:00Z,0,1,401761647,2025-11-08T17:00Z,0.0,2,0,27,21,1,1
0x60540acabfb049cd3651c8c4217fbde1ec0d47cb46398f266634fbb6ac8bfa49,cfb-templ-army-2025-11-08,cfb,Temple,Army,2025-11-08T17:00:00Z,1,1,401762503,2025-11-08T17:00Z,0.0,2,0,13,14,1,1
0xa2b426fa30119018dd50be8e33abee8af25995c2a410b8cad1061686d8d2ac83,cfb-bowlgr-emich-2025-11-08,cfb,Bowling,Eastern Michigan,2025-11-08T18:00:00Z,1,1,401762855,2025-11-08T18:00Z,0.0,2,0,21,27,1,1
0x73f722cc488975874b91508e2e9ee16baf584b2b894cfff3f5e26fdc9a23f50e,cfb-cita-miss-2025-11-08,cfb,The Citadel,Ole Miss,2025-11-08T18:00:00Z,1,1,401752761,2025-11-08T18:00Z,0.0,2,0,0,49,1,1
0xecc0e46c02ffe861e0380b9bbdc30be67f69a3a66e03d55f503be580a9bbc707,cfb-msrst-librty-2025-11-08,cfb,Missouri State,Liberty,2025-11-08T18:00:00Z,0,1,401757299,2025-11-08T18:00Z,0.0,2,0,21,17,1,1
0x910cb1b7d9b9c03fdc207d1c23b1ca481520ca2e4146947e3c5a6cd15cc33086,cfb-ohiost-pur-2025-11-08,cfb,Ohio State,Purdue Boilermakers,2025-11-08T18:00:00Z,0,1,401752897,2025-11-08T18:00Z,0.0,2,0,34,10,1,1
0xf177528a5b2636c16088d1ca3d9bcac87146d2403b78bcf1897211174c509fa2,cfb-uab-rice-2025-11-08,cfb,UAB Blazers,Rice,2025-11-08T19:00:00Z,1,1,401762502,2025-11-08T19:00Z,0.0,2,0,17,24,1,1
0x85f732fedf0432e94b2d6534c3f9a473ef30f84786a84a396cf4f87796989f20,cfb-mary-rutger-2025-11-08,cfb,Maryland Terrapins,Rutgers,2025-11-08T19:30:00Z,1,1,401752894,2025-11-08T19:30Z,0.0,2,0,20,35,1,1
0xc4cff169c8158c76f2166b9be8a4a51ba81a3bb48e986ae3deb27fe75dc566d3,cfb-charlt-ecar-2025-11-08,cfb,Charlotte 49ers,East Carolina,2025-11-08T20:00:00Z,1,1,401762504,2025-11-08T20:00Z,0.0,2,0,22,48,1,1
0x5264a2df1ba24249defb2c2924f887d38e5b0202e6379b4f4e34761cea8139ca,cfb-flint-mtnst-2025-11-08,cfb,Florida International,Middle Tennessee,2025-11-08T20:00:00Z,0,1,401757296,2025-11-08T20:00Z,0.0,2,0,56,30,1,1
0x6b06659854e6ea4d3bb81c7fc58c677e3869f228ba48a79b16bfb0bdd3e5f9c7,cfb-jaxst-utep-2025-11-08,cfb,Jacksonville State,UTEP,2025-11-08T20:00:00Z,0,1,401757297,2025-11-08T20:00Z,0.0,2,0,30,27,1,1
0x47e69ddd66c1b395d0bee81f61eb3568c80ab2cd6167242e4b8a5e879dafaa6b,cfb-loutch-del-2025-11-08,cfb,Louisiana Tech,Delaware Blue Hens,2025-11-08T20:00:00Z,1,1,401757295,2025-11-08T20:00Z,0.0,2,0,24,25,1,1
0xcd32719cbb8a92759da2fae490fe0252bbeb2f4172b05fb05a0af5d61e6b1f8d,cfb-tulsa-flatl-2025-11-08,cfb,Tulsa,Florida Atlantic,2025-11-08T20:00:00Z,1,1,401762505,2025-11-08T20:00Z,0.0,2,0,21,40,1,1
0x6687e2d381f60e4243a1df71449c4490373453cd7187b1c8106595f8c563c4b6,cfb-duke-uconn-2025-11-08,cfb,Duke,UConn,2025-11-08T20:30:00Z,1,1,401754590,2025-11-08T20:30Z,0.0,2,0,34,37,1,1
0x16e4cf046a2c79b9c87303f7d210ff19bce251d0843501cdb1dac8d29f4e50c1,cfb-iowast-tcu-2025-11-08,cfb,Iowa State,TCU,2025-11-08T20:30:00Z,0,1,401756944,2025-11-08T20:30Z,0.0,2,0,20,17,1,1
0x8039ed66624e0fddc415626a9c42a10111e67e96e62fd4f62edb68a024ed0d46,cfb-kan-arz-2025-11-08,cfb,Kansas,Arizona,2025-11-08T20:30:00Z,1,1,401756943,2025-11-08T20:30Z,0.0,2,0,20,24,1,1
0xf61cffd9e22acd9f2a6b393aaf1eb1add291576257bbf59cd7a4375e27a8bc2e,cfb-ore-iowa-2025-11-08,cfb,Oregon,Iowa,2025-11-08T20:30:00Z,0,1,401752898,2025-11-08T20:30Z,0.0,2,0,18,16,1,1
0x2364b09800b0319775ba9bbedff350844cd68e44dfa7dca5a6c7223bd19579c7,cfb-syra-mia-2025-11-08,cfb,Syracuse,Miami,2025-11-08T20:30:00Z,1,1,401754587,2025-11-08T20:30Z,0.0,2,0,10,38,1,1
0x8cf99ca4f24717c320987eef970cc668526f20d0effb816e00816accf9e60d77,cfb-txam-missr-2025-11-08,cfb,Texas A&M,Missouri,2025-11-08T20:30:00Z,0,1,401752763,2025-11-08T20:30Z,0.0,2,0,38,17,1,1
0x685300ffbd4b643773dfc605e80ed7e6dcd2caa8e3bebff5c9abc6dc27f6b08d,cfb-aubrn-vand-2025-11-08,cfb,Auburn,Vanderbilt,2025-11-08T21:00:00Z,1,1,401752764,2025-11-08T21:00Z,0.0,2,0,38,45,1,1
0x5a18b3af626e6a7873ceb27f2360a3ace324ffb82a755fbe5fdcaaf97e4590ab,cfb-gast-coast-2025-11-08,cfb,Georgia State,Coastal Carolina Chanticleers,2025-11-08T21:00:00Z,1,1,401761645,2025-11-08T21:00Z,0.0,2,0,27,40,1,1
0x88b2243953cb173956eb982981d982eb796cbaf7efa83625599a1d9a2865e000,cfb-kenest-nmxst-2025-11-08,cfb,Kennesaw State,New Mexico State,2025-11-08T21:00:00Z,0,1,401757298,2025-11-08T21:00Z,0.0,2,0,24,21,1,1
0x76ab31ddb7a7a515eff35f5d2428e4e88f286aaaf5ff150325ad5b0b78f4f357,cfb-stan-ncar-2025-11-08,cfb,Stanford,North Carolina,2025-11-08T21:30:00Z,1,1,401754588,2025-11-08T21:30Z,0.0,2,0,15,20,1,1
0x1e64b6bbc8e7ec46db72f29caa899ba7beae553d0ccf14b936ac74c326b3d61b,cfb-wash-wisc-2025-11-08,cfb,Washington,Wisconsin Badgers,2025-11-08T21:30:00Z,1,1,401752899,2025-11-08T21:30Z,0.0,2,0,10,13,1,1
0x69968f6c545afe581c4474f4986681a122d986ccde53874c94c0de2846a0804b,cfb-txst-loulaf-2025-11-08,cfb,Texas State,Louisiana,2025-11-08T22:00:00Z,1,1,401761648,2025-11-08T22:00Z,0.0,2,0,39,42,1,1
0x1ee490ec8273bd15b9c3b50eb14dce5e5a7b90087a5038a80dfe00ff611a3237,cfb-airf-sjst-2025-11-08,cfb,Air Force,San Jose State,2025-11-08T23:00:00Z,0,1,401760406,2025-11-08T23:00Z,0.0,2,0,26,16,1,1
0x7d20aa03c9d5d29611d2232e78f9f68a6003ef8168ffcae2470bb85e33d344b9,cfb-cah-lou-2025-11-08,cfb,California,Louisville,2025-11-09T00:00:00Z,0,1,401754585,2025-11-09T00:00Z,0.0,2,0,29,26,1,1
0x7b45e5e3e4818038b00cf1f409aa47ef7ddb47662a794e34547374a1e5451819,cfb-flst-clmsn-2025-11-08,cfb,Florida State,Clemson,2025-11-09T00:00:00Z,1,1,401754586,2025-11-09T00:00Z,0.0,2,0,10,24,1,1
0xe28bffa5c24fee13ceb933dceac2560f8cca04bab836e258736c7cc2041f2a6d,cfb-wake-vir-2025-11-08,cfb,Wake Forest,Virginia,2025-11-09T00:00:00Z,0,1,401754589,2025-11-09T00:00Z,0.0,2,0,16,9,1,1
0x7f45b689c6b306e12fd71ffe1f9d5b5d83a8822531f98351dcdbca9097e826db,cfb-fl-uk-2025-11-08,cfb,Florida Gators,Kentucky,2025-11-09T00:30:00Z,1,1,401752760,2025-11-09T00:30Z,0.0,2,0,7,38,1,1
0x17881dff1bf0161ddf3f69411ca6c02d6452a5483261a51ad012c7417c9a7ae7,cfb-lsu-ala-2025-11-08,cfb,LSU,Alabama,2025-11-09T00:30:00Z,1,1,401752759,2025-11-09T00:30Z,0.0,2,0,9,20,1,1
0x39e1a6a0eaad4b9dc238fee00375b62a308e47488d337697cece456fa7399dcf,cfb-navy-nd-2025-11-08,cfb,Navy,Notre Dame,2025-11-09T00:30:00Z,1,1,401757166,2025-11-09T00:30Z,0.0,2,0,10,49,1,1
0xb5d91ace7ecb4a1eefb53285cf8a01d0d4e9f9c3e3b07b4aa8ace70d1e5d47ba,cfb-nevada-utahst-2025-11-08,cfb,Nevada Wolf Pack,Utah State,2025-11-09T00:30:00Z,1,1,401760409,2025-11-09T00:30Z,0.0,2,0,14,51,1,1
0xbab295156ff40ebf4039e2579619bf76eec8125aed4b2e83559c4114bc0582e6,cfb-nebr-ucla-2025-11-08,cfb,Nebraska Cornhuskers,UCLA,2025-11-09T02:00:00Z,0,1,401752895,2025-11-09T02:00Z,0.0,2,0,28,21,1,1
0x13ca0b430af395f01c3c5595fb573bc4abca5c18edd97c9103f34129642a6bae,cfb-unlv-colst-2025-11-08,cfb,UNLV,Colorado State,2025-11-09T02:30:00Z,0,1,401760407,2025-11-09T02:30Z,0.0,2,0,42,10,1,1
0xbb2df697a112bd178ce19032f382f43aaa827ca38444c3b5d002af71bce9ab05,cfb-smho-oregst-2025-11-08,cfb,Sam Houston Bearkats,Oregon State,2025-11-09T03:00:00Z,0,1,401752944,2025-11-09T03:00Z,0.0,2,0,21,17,1,1
0x2c608fd7cd6f8e7a91b6aaf3cecad4116b2e64c49281b86c2bb05679f68e92fa,cfb-sdst-hawaii-2025-11-08,cfb,San Diego State,Hawaii,2025-11-09T04:00:00Z,1,1,401760408,2025-11-09T04:00Z,0.0,2,0,6,38,1,1
0x56348e19c5c507f80cd46336db6278b85dc75d6511f10ca2d8a85abe356a5b3b,nfl-atl-ind-2025-11-09,nfl,Falcons,Colts,2025-11-09T14:30:00Z,1,1,401772636,2025-11-09T14:30Z,0.0,2,1,25,31,1,1
0x71232d3f845304bf6ecc7561f91087557b459029f270a81224be5bb465efecd3,nfl-bal-min-2025-11-09,nfl,Ravens,Vikings,2025-11-09T18:00:00Z,0,1,401772876,2025-11-09T18:00Z,0.0,2,0,27,19,1,1
0xa5fd5cc8be03c69e838c826fe318429f79dab68be1c368236f34397ea330822a,nfl-buf-mia-2025-11-09,nfl,Bills,Dolphins,2025-11-09T18:00:00Z,1,1,401772771,2025-11-09T18:00Z,0.0,2,0,13,30,1,1
0xa93c32946452fe866431e24afc033814ecf381db22e41a130666388d5026ded2,nfl-cle-nyj-2025-11-09,nfl,Browns,Jets,2025-11-09T18:00:00Z,1,1,401772769,2025-11-09T18:00Z,0.0,2,0,20,27,1,1
0xf1afc8d6d150bb942af398a2e615ddfadf83517234e32ba67adc47feda90d803,nfl-jax-hou-2025-11-09,nfl,Jaguars,Texans,2025-11-09T18:00:00Z,1,1,401772770,2025-11-09T18:00Z,0.0,2,0,29,36,1,1
0x6e863c5e698e33778fcb3ea9b59a91b9421432a682d895f20e9478aee97818ce,nfl-ne-tb-2025-11-09,nfl,Patriots,Buccaneers,2025-11-09T18:00:00Z,0,1,401772772,2025-11-09T18:00Z,0.0,2,0,28,23,1,1
0x5daf50568fe856ab892be624de6c38b371fa50c49c9d96163e698d197b95f2ac,nfl-no-car-2025-11-09,nfl,Saints,Panthers,2025-11-09T18:00:00Z,0,1,401772877,2025-11-09T18:00Z,0.0,2,0,17,7,1,1
0xa2feccb3b04ee9c6eb24a909471c527f7ab5773b010676a1a41b214d64e6be04,nfl-nyg-chi-2025-11-09,nfl,Giants,Bears,2025-11-09T18:00:00Z,1,1,401772875,2025-11-09T18:00Z,0.0,2,0,20,24,1,1
0x1c7a4b51e4b97122dd86e78d6b1d36fee5b60afead5b1cbd7223c1d60adc7a12,nfl-ari-sea-2025-11-09,nfl,Cardinals,Seahawks,2025-11-09T21:05:00Z,1,1,401772773,2025-11-09T21:05Z,0.0,2,0,22,44,1,1
0x4cfa84050fb82289dacb391f804dd20ec9dbec8b72ac1fd8759679759b2683b0,nfl-det-was-2025-11-09,nfl,Lions,Commanders,2025-11-09T21:25:00Z,0,1,401772878,2025-11-09T21:25Z,0.0,2,0,44,22,1,1
0x7a7865fa7da880d2b08c07be3a6903c16fe8366e367b57c2a8406fe501be89ec,nfl-la-sf-2025-11-09,nfl,Rams,49ers,2025-11-09T21:25:00Z,0,1,401772879,2025-11-09T21:25Z,0.0,2,0,42,26,1,1
0x9b2f0aab735a59c6dd0d11d419f755f9ab1f011800dd65ddf22548475390e7b8,nfl-pit-lac-2025-11-09,nfl,Steelers,Chargers,2025-11-10T01:20:00Z,1,1,401772927,2025-11-10T01:20Z,0.0,2,0,10,25,1,1
0x23e6e6f8a327a41bad1282fdc34e846f52e73e390d44b004ac92a329766e2848,nfl-phi-gb-2025-11-10,nfl,Eagles,Packers,2025-11-11T01:15:00Z,0,1,401772630,2025-11-11T01:15Z,0.0,2,0,10,7,1,1
0x328a3a60f900117191ce2c7642a4e13c078cc79eb7ff79c29b7e6ee873b2f5a0,cfb-kentst-akron-2025-11-11,cfb,Kent State Golden Flashes,Akron,2025-11-12T00:30:00Z,0,1,401762856,2025-11-12T00:30Z,0.0,2,0,42,35,1,1
0x5907554a7142584ce4e6c6113b1c17a60fe56607dbf203d5d6334f2bed55ec80,cfb-ohio-wmich-2025-11-11,cfb,Ohio,Western Michigan,2025-11-12T01:00:00Z,1,1,401762857,2025-11-12T01:00Z,0.0,2,0,13,17,1,1
0x7849d8f545da990d5aecb91d0d44ab7c772772c659a101292a907b7ee68c11b9,cfb-buf-cmich-2025-11-12,cfb,Buffalo,Central Michigan,2025-11-13T00:00:00Z,1,1,401762858,2025-11-13T00:00Z,0.0,2,0,19,38,1,1
0x36a601abdf106450f7f03a6db0456938f08ab0dcfd41e2eb153786ae71d14092,cfb-nill-umass-2025-11-12,cfb,Northern Illinois,UMass,2025-11-13T00:00:00Z,0,1,401762859,2025-11-13T00:00Z,0.0,2,0,45,3,1,1
0x568ea3fa9a8ddfd810c4751faf5f0b169b8601a9e4536dedfb4479f7729a6a43,cfb-toledo-miaoh-2025-11-12,cfb,Toledo,Miami (OH),2025-11-13T00:00:00Z,0,1,401762860,2025-11-13T00:00Z,0.0,2,0,24,3,1,1
0x23f8ddd2aa26d3d5df141200bd9379dea48682c0c113d76533b29a7c134bb4cb,cfb-troy-old-2025-11-13,cfb,Troy,Old Dominion,2025-11-14T00:30:00Z,1,1,401761649,2025-11-14T00:30Z,0.0,2,0,0,33,1,1
0x40085cf91807e22a4a6bf725b6d0e4c3cc90bd588703e73bf4e486733a046400,nfl-nyj-ne-2025-11-13,nfl,Jets,Patriots,2025-11-14T01:15:00Z,1,1,401772945,2025-11-14T01:15Z,0.0,2,0,14,27,1,1
0x472af24d3628d8203e277af805620da5f593365c9ffcdff1d0b9bd453dd7f351,cfb-clmsn-lou-2025-11-14,cfb,Clemson,Louisville,2025-11-15T00:30:00Z,0,1,401754591,2025-11-15T00:30Z,0.0,2,0,20,19,1,1
0x62727e21199372f6f812a414aabdf705013fec1b74749f84e6dd64755941937c,cfb-minnst-ore-2025-11-14,cfb,Minnesota,Oregon,2025-11-15T02:00:00Z,1,1,401752904,2025-11-15T02:00Z,0.0,2,0,13,42,1,1
0x0daaeddd7771d63034680967a89ea1ddbf29e644e0177acae0ec99f3b39b35a6,cfb-airf-uconn-2025-11-15,cfb,Air Force,UConn,2025-11-15T17:00:00Z,1,1,401757174,2025-11-15T17:00Z,0.0,2,0,16,26,1,1
0xba14696e017c01ecc53a49d1011e6a5fe6410e387c3282357660f939a25d7e90,cfb-arz-cin-2025-11-15,cfb,Arizona,Cincinnati,2025-11-15T17:00:00Z,0,1,401756951,2025-11-15T17:00Z,0.0,2,0,30,24,1,1
0x5afc272a5c2b9d6c9cc3806ead3881a53acab988903a2cbdc66f40c0793a61db,cfb-emich-ballst-2025-11-15,cfb,Eastern Michigan,Ball State,2025-11-15T17:00:00Z,0,1,401762861,2025-11-15T17:00Z,0.0,2,0,24,9,1,1
0x5bcb742f288b21ccf2c82da6765fdf99bd505b2d00455a29dec5b9bc5387ce2e,cfb-kanst-okst-2025-11-15,cfb,Kansas State,Oklahoma State,2025-11-15T17:00:00Z,0,1,401756952,2025-11-15T17:00Z,0.0,2,0,14,6,1,1
0xa7d0b371cc1c4c6e13f38d6c0f1b36563f877e95fb1f27d7003b428df84684f5,cfb-mich-nw-2025-11-15,cfb,Michigan,Northwestern,2025-11-15T17:00:00Z,0,1,401752905,2025-11-15T17:00Z,0.0,2,0,24,22,1,1
0x7ac2ed68cf70a7fa32dd6d9912dfee90cb7cc22aa8fbed92dc5ec278b641ce49,cfb-nd-pitt-2025-11-15,cfb,Notre Dame,Pittsburgh,2025-11-15T17:00:00Z,0,1,401754597,2025-11-15T17:00Z,0.0,2,0,37,15,1,1
0x6c8908bab512d1af0925e4c19ac675f4c835ab2eabc2d091ef7ffadd126fc62c,cfb-sc-txam-2025-11-15,cfb,South Carolina,Texas A&M,2025-11-15T17:00:00Z,1,1,401752772,2025-11-15T17:00Z,0.0,2,0,30,31,1,1
0xf626735a5abaae5551063c01a316677a729471ac7f35fc169ce0ee8ed0d25335,cfb-sfl-navy-2025-11-15,cfb,South Florida,Navy,2025-11-15T17:00:00Z,1,1,401762510,2025-11-15T17:00Z,0.0,2,0,38,41,1,1
0x30487872863114f0b88675984b5d8082c5f125a5b913b8a5ecd9582d8a14625c,cfb-utsa-charlt-2025-11-15,cfb,UTSA Roadrunners,Charlotte 49ers,2025-11-15T17:00:00Z,0,1,401762507,2025-11-15T17:00Z,0.0,2,0,28,7,1,1
0x1e9b6a14d19857d5b3a12b27f262ec5864016c410a4e939325106e94cb1fd7fd,cfb-wisc-ind-2025-11-15,cfb,Wisconsin Badgers,Indiana,2025-11-15T17:00:00Z,1,1,401752901,2025-11-15T17:00Z,0.0,2,0,7,31,1,1
0x89897818dffa520ecc0cab08fa4a32d0805c3ecfded2c39145187c590e11c2d2,cfb-ark-lsu-2025-11-15,cfb,Arkansas,LSU,2025-11-15T17:45:00Z,1,1,401752768,2025-11-15T17:45Z,0.0,2,0,22,23,1,1
0x18e6256e103dfd176d96335763c9f70917d3255629c09c8a40cf180beb7f2686,cfb-oregst-tulsa-2025-11-15,cfb,Oregon State,Tulsa,2025-11-15T18:00:00Z,1,1,401752945,2025-11-15T18:00Z,0.0,2,0,14,31,1,1
0xf6b592db4525f113c1052817586af7d8f66d6182fc616973ab7fa424e4264d54,cfb-wvir-arzst-2025-11-15,cfb,West Virginia,Arizona State,2025-11-15T18:00:00Z,1,1,401756948,2025-11-15T18:00Z,0.0,2,0,23,25,1,1
0x45e49962a38510b07ea8e8cf7d4814dc053fa58f7c35846700b9bd8dc9d31d9a,cfb-tentch-uk-2025-11-15,cfb,Tennessee Tech,Kentucky,2025-11-15T18:30:00Z,1,1,401752767,2025-11-15T18:30Z,0.0,2,0,10,42,1,1
0x418617f0783a35170880814987c66e87ec329f4a200a2cccad2ff2212c801f7d,cfb-marsh-gast-2025-11-15,cfb,Marshall,Georgia State,2025-11-15T19:00:00Z,0,1,401761651,2025-11-15T19:00Z,0.0,2,0,30,18,1,1
0x74ae6a1dc4e5415f8fca922b8836c66542536ad92e1ed1f4511fbae9034d136a,cfb-ntx-uab-2025-11-15,cfb,North Texas,UAB Blazers,2025-11-15T19:00:00Z,0,1,401762506,2025-11-15T19:00Z,0.0,2,0,53,24,1,1
0x5ed341f529392368507b5b5e4af4ad47eeb9be31e304762d8b1e949da99150d2,cfb-colst-nmx-2025-11-15,cfb,Colorado State,New Mexico,2025-11-15T20:00:00Z,1,1,401760411,2025-11-15T20:00Z,0.0,2,0,17,20,1,1
0xb6b11981462c6c155fc4d799bbcacde334bae07e70e2da0e29f39e1c123aa773,cfb-utep-msrst-2025-11-15,cfb,UTEP,Missouri State,2025-11-15T20:00:00Z,1,1,401757304,2025-11-15T20:00Z,0.0,2,0,24,38,1,1
0x9caa6972422907524a938e02cd38ab1470da317c34f0d591e004245308719062,cfb-applst-jmad-2025-11-15,cfb,Appalachian State,James Madison,2025-11-15T20:30:00Z,1,1,401761652,2025-11-15T20:30Z,0.0,2,0,10,58,1,1
0xed9fc9f855e57e79a7b37597dc75a7149d6e923e8977bcfae5a7674ba9bf49bd,cfb-gtech-boscol-2025-11-15,cfb,Georgia Tech,Boston College,2025-11-15T20:30:00Z,0,1,401754592,2025-11-15T20:30Z,0.0,2,0,36,34,1,1
0xef81ee514454c50f5ca8a8f2c83fecce374e5ac79c58ccd3bedaf811c694bf14,cfb-iowa-usc-2025-11-15,cfb,Iowa,USC,2025-11-15T20:30:00Z,1,1,401752907,2025-11-15T20:30Z,0.0,2,0,21,26,1,1
0xd1ac5df062393884c3b609397701b1c8ed16d0845effaeff9128100138dd0df2,cfb-mary-ill-2025-11-15,cfb,Maryland Terrapins,Illinois,2025-11-15T20:30:00Z,1,1,401752906,2025-11-15T20:30Z,0.0,2,0,6,24,1,1
0xcef99543cb240fc0957f8ddfb9726f056b5e0f497019c74f3e4dda58880b8e8d,cfb-mtnst-wkent-2025-11-15,cfb,Middle Tennessee,Western Kentucky,2025-11-15T20:30:00Z,1,1,401757303,2025-11-15T20:30Z,0.0,2,0,26,42,1,1
0x546d8216a286578ff88ae9552043f6ab1c8426c6bb50a88f286de8ba0b00388b,cfb-ncst-mia-2025-11-15,cfb,NC State,Miami,2025-11-15T20:30:00Z,1,1,401754595,2025-11-15T20:40Z,0.17,2,0,7,41,1,1
0xab6bae7ad851e57cae299081d460721fe7f7923f1c6ac33a396e707e10cfd57f,cfb-okl-ala-2025-11-15,cfb,Oklahoma,Alabama,2025-11-15T20:30:00Z,0,1,401752765,2025-11-15T20:30Z,0.0,2,0,23,21,1,1
0xb68c2eb0f8810dd22e3633ea2aea7ab616b6b370ad6d4aff065adb90be6e304b,cfb-pennst-mst-2025-11-15,cfb,Penn State,Michigan State,2025-11-15T20:30:00Z,0,1,401752903,2025-11-15T20:30Z,0.0,2,0,28,10,1,1
0xbba45f82a91df7e0a8f8d811cd697edd0898dae767e861d604ed4aba6004b5eb,cfb-sala-lamon-2025-11-15,cfb,South Alabama,UL Monroe,2025-11-15T20:30:00Z,0,1,401761653,2025-11-15T20:30Z,0.0,2,0,26,14,1,1
0x58b382b0b0e08befa070fdf545eb66f64bbd37c7cbb701c4a28a5c495cfddab3,cfb-sjst-nevada-2025-11-15,cfb,San Jose State,Nevada Wolf Pack,2025-11-15T20:30:00Z,1,1,401760413,2025-11-15T20:30Z,0.0,2,0,10,55,1,1
0x61128a17dcc76c7afa1fb58daccc3f456a4a9e9c5aeb359b140160a9ddc56746,cfb-txst-soumis-2025-11-15,cfb,Texas State,Southern Miss,2025-11-15T20:30:00Z,0,1,401761654,2025-11-15T20:30Z,0.0,2,0,41,14,1,1
0x6eb35470a3bfc6d66d8b3f9dc5614bc1b931c6501e3ce014e3493d5c99b1bcaa,cfb-ucf-txtech-2025-11-15,cfb,UCF,Texas Tech Red Raiders,2025-11-15T20:30:00Z,1,1,401756953,2025-11-15T20:30Z,0.0,2,0,9,48,1,1
0xd6411dbf13f09e5da67bf4469728e9d68059ecc3841528347325222a1e68e982,cfb-vir-duke-2025-11-15,cfb,Virginia,Duke,2025-11-15T20:30:00Z,0,1,401754593,2025-11-15T20:35Z,0.08,2,0,34,17,1,1
0x3038afbc6c1383acac0549984a31eec887a7e3435380ef9aea66ba3249c74d8b,cfb-flatl-tulane-2025-11-15,cfb,Florida Atlantic,Tulane,2025-11-15T21:00:00Z,1,1,401762509,2025-11-15T21:00Z,0.0,2,0,24,35,1,1
0x6f40076225fc8a27daa560298e8496aeec674f1bd6fbc8e98defefd65787bffb,cfb-mphs-ecar-2025-11-15,cfb,Memphis,East Carolina,2025-11-15T21:00:00Z,1,1,401762508,2025-11-15T21:00Z,0.0,2,0,27,31,1,1
0x956cfb1f416f3079ad57f6f1748c9780bee84a849820108c7b772663efe331a7,cfb-nmxst-tenn-2025-11-15,cfb,New Mexico State,Tennessee,2025-11-15T21:15:00Z,1,1,401752771,2025-11-15T21:15Z,0.0,2,0,9,42,1,1
0x8227f4b14e4c8a0cac550e3c8acbe350b2c33a25fdb7d62037105be7089d3351,cfb-ncar-wake-2025-11-15,cfb,North Carolina,Wake Forest,2025-11-15T21:30:00Z,1,1,401754596,2025-11-15T21:30Z,0.0,2,0,12,28,1,1
0xa8e2f581225501730cfbc8faabe1b50753ea90de49cd9937e6c2243bc54eb8e0,cfb-librty-flint-2025-11-15,cfb,Liberty,Florida International,2025-11-15T22:00:00Z,1,1,401757301,2025-11-15T22:00Z,0.0,2,0,27,34,1,1
0x6c957c1974da0f0ef81af0a17b93103da157507bd36fe9fb1c1de4587c06a678,cfb-coast-gas-2025-11-15,cfb,Coastal Carolina Chanticleers,Georgia Southern,2025-11-15T23:00:00Z,1,1,401761650,2025-11-15T23:00Z,0.0,2,0,40,45,1,1
0x7df99e6c3a7d622a8895ecc061f6427640613b54ba8e46854412b0440e424978,cfb-del-smho-2025-11-15,cfb,Delaware Blue Hens,Sam Houston Bearkats,2025-11-16T00:00:00Z,1,1,401757300,2025-11-16T00:00Z,0.0,2,0,23,26,1,1
0xf2e6b4f9a332368ad3da13e16d950df9b08479d02c337e6281f1e19dece22055,cfb-fl-miss-2025-11-15,cfb,Florida Gators,Ole Miss,2025-11-16T00:00:00Z,1,1,401752769,2025-11-16T00:00Z,0.0,2,0,24,34,1,1
0x75ef29e9e86689c93c7c4c8bf2d7bf60efc4749a76b66feb846aab0e1767a5ed,cfb-pur-wash-2025-11-15,cfb,Purdue Boilermakers,Washington,2025-11-16T00:00:00Z,1,1,401752902,2025-11-16T00:00Z,0.0,2,0,13,49,1,1
0x7771596ef4783e2347db728c3fe97a7d8f187449196a98aa6175e63fc74a5e80,cfb-utah-bayl-2025-11-15,cfb,Utah,Baylor,2025-11-16T00:00:00Z,0,1,401756949,2025-11-16T00:00Z,0.0,2,0,55,28,1,1
0x3f771ac6c670f333e5f669df7068a7bc7bd8e2b99e83171ca0af4e471fb0ce3f,cfb-utahst-unlv-2025-11-15,cfb,Utah State,UNLV,2025-11-16T00:00:00Z,1,1,401760414,2025-11-16T00:00Z,0.0,2,0,26,29,1,1
0xee719995d96c993942c12ef373de646ae811ed9b62990cd4ee5939a98dff8b32,cfb-tx-ga-2025-11-15,cfb,Texas,Georgia,2025-11-16T00:30:00Z,1,1,401752766,2025-11-16T00:30Z,0.0,2,0,10,35,1,1
0xe0db847f07dd2f6267a9e7ffbde316b6c6626b148205fed4ea0d3052b75f0c44,cfb-ucla-ohiost-2025-11-15,cfb,UCLA,Ohio State,2025-11-16T00:30:00Z,1,1,401752900,2025-11-16T00:30Z,0.0,2,0,10,48,1,1
0x886a321fe050290b3ade6aac7d40baaa08bf45cd5b99613b7c34abf4777289b6,cfb-vtech-flst-2025-11-15,cfb,Virginia Tech,Florida State,2025-11-16T00:30:00Z,1,1,401754594,2025-11-16T00:30Z,0.0,2,0,14,34,1,1
0x8fa60bf6aef9f4811d430a4592b35830f3fd5cfd449848896835ef9d7a68bbe5,cfb-mspst-missr-2025-11-15,cfb,Mississippi State,Missouri,2025-11-16T00:45:00Z,1,1,401752770,2025-11-16T00:45Z,0.0,2,0,27,49,1,1
0x5daab417b450784c581ae1ebb63eb5441cec0c65ec637084fcf428c4451604de,cfb-kenest-jaxst-2025-11-15,cfb,Kennesaw State,Jacksonville State,2025-11-16T01:00:00Z,1,1,401757302,2025-11-16T01:00Z,0.0,2,0,26,35,1,1
0x9969d68a1a36697fb6e640f77cfca218607b59d1f7c93a030acbfc788bb45f93,cfb-loutch-washst-2025-11-15,cfb,Louisiana Tech,Washington State,2025-11-16T03:00:00Z,1,1,401752953,2025-11-16T03:00Z,0.0,2,0,3,28,1,1
0xe629a51aa12d0ce202d802e36cfffe28bfcd58e2be6f9b3e371b9dda121261f3,cfb-tcu-byu-2025-11-15,cfb,TCU,BYU,2025-11-16T03:15:00Z,1,1,401756950,2025-11-16T03:15Z,0.0,2,0,13,44,1,1
0x4f2e96b067ca3950bc1ab9b5dcff1abc952e75173cf678705708bfea1de03a4d,cfb-boise-sdst-2025-11-15,cfb,Boise State,San Diego State,2025-11-16T03:30:00Z,1,1,401760410,2025-11-16T03:30Z,0.0,2,0,7,17,1,1
0x01d69fde1aa990be1f3af751c5b90ab14cc3fc4e6895d48c6dce852dcc525c19,cfb-wyom-frest-2025-11-15,cfb,Wyoming,Fresno State,2025-11-16T03:30:00Z,1,1,401760412,2025-11-16T03:30Z,0.0,2,0,3,24,1,1
0x2782940243313a63441048fad0f4e03a10357a6ce580696e94089ae65e0fa5ec,nfl-was-mia-2025-11-16,nfl,Commanders,Dolphins,2025-11-16T14:30:00Z,1,1,401772631,2025-11-16T14:30Z,0.0,2,1,13,16,1,1
0xdbc1d30bf0a5c14034423e2244805d815abec953989ed1be10f512c68c1514be,nfl-car-atl-2025-11-16,nfl,Panthers,Falcons,2025-11-16T18:00:00Z,0,1,401772882,2025-11-16T18:00Z,0.0,2,0,30,27,1,1
0xb68436b387dd1c8206dea4cc8c4e9ccf5867b2c1816a73f4ffdee3ad0281f1c2,nfl-chi-min-2025-11-16,nfl,Bears,Vikings,2025-11-16T18:00:00Z,0,1,401772880,2025-11-16T18:00Z,0.0,2,0,19,17,1,1
0xeb209ab26945337f7025190361b0dff0d52ee3c715b153fc226053ef4499c090,nfl-cin-pit-2025-11-16,nfl,Bengals,Steelers,2025-11-16T18:00:00Z,1,1,401772774,2025-11-16T18:00Z,0.0,2,0,12,34,1,1
0xd6aa2b6c119726990e3fbb3280f8f48cbc92de17c71d93e9eb86019596b6ec2f,nfl-gb-nyg-2025-11-16,nfl,Packers,Giants,2025-11-16T18:00:00Z,0,1,401772883,2025-11-16T18:00Z,0.0,2,0,27,20,1,1
0x69526953f4c55bd0ccf4624b573440a0c10f958a831d6460439d346a06220d61,nfl-hou-ten-2025-11-16,nfl,Texans,Titans,2025-11-16T18:00:00Z,0,1,401772881,2025-11-16T18:00Z,0.0,2,0,16,13,1,1
0x363759df1577076ee1b9c17c90c578bc4fbe62af1723a79e0d2a3af0f145a6b8,nfl-lac-jax-2025-11-16,nfl,Chargers,Jaguars,2025-11-16T18:00:00Z,1,1,401772775,2025-11-16T18:00Z,0.0,2,0,6,35,1,1
0x3547f3c3a0a399892de7d6cf83d64a3de3a0a90dcc469438f2dad6aee4e346a7,nfl-tb-buf-2025-11-16,nfl,Buccaneers,Bills,2025-11-16T18:00:00Z,1,1,401772776,2025-11-16T18:00Z,0.0,2,0,32,44,1,1
0x67ffe6f3e5e0c33f7572db00e445fe6b953830287bbabcf7462174351237b8b5,nfl-sea-la-2025-11-16,nfl,Seahawks,Rams,2025-11-16T21:05:00Z,1,1,401772884,2025-11-16T21:05Z,0.0,2,0,19,21,1,1
0xe1cf3458c0fab5246dbe7fa4b90a660db64e44907193ab102b7a53c2d87864ba,nfl-sf-ari-2025-11-16,nfl,49ers,Cardinals,2025-11-16T21:05:00Z,0,1,401772885,2025-11-16T21:05Z,0.0,2,0,41,22,1,1
0x470ebb02b8768c834e8303a9ad95029efb9f500e55ab4689e44bdceb81860568,nfl-bal-cle-2025-11-16,nfl,Ravens,Browns,2025-11-16T21:25:00Z,0,1,401772777,2025-11-16T21:25Z,0.0,2,0,23,16,1,1
0x0cf56ceb8cc0adfb2d6ad5a111d5beb650e5a8a1941760840c6ac5114f9348bf,nfl-kc-den-2025-11-16,nfl,Chiefs,Broncos,2025-11-16T21:25:00Z,1,1,401772778,2025-11-16T21:25Z,0.0,2,0,19,22,1,1
0x0945d0c320ccac0fb873093d259812fc05906b53fbc36768a97210a5c7a786ce,nfl-det-phi-2025-11-16,nfl,Lions,Eagles,2025-11-17T01:20:00Z,1,1,401772928,2025-11-17T01:20Z,0.0,2,0,9,16,1,1
0xa0b22e218e9d820e26e0e7820b191e123a27ba4e522f4bf253c2ea4733076f17,nfl-dal-lv-2025-11-17,nfl,Cowboys,Raiders,2025-11-18T01:15:00Z,0,1,401772819,2025-11-18T01:15Z,0.0,2,0,33,16,1,1
0x3159b0e9bc2c4b1de5462a146536d5d51b15ac64e29bfb585336180d347518fb,cfb-akron-bowlgr-2025-11-18,cfb,Akron,Bowling,2025-11-19T00:00:00Z,0,1,401762862,2025-11-19T00:00Z,0.0,2,0,19,16,1,1
0x61927ecc2b18e0121b68877a966675a8460aff3ee1d68aee675fba66d9a84c35,cfb-umass-ohio-2025-11-18,cfb,UMass,Ohio,2025-11-19T00:00:00Z,1,1,401762863,2025-11-19T00:15Z,0.25,2,0,14,42,1,1
0x6a07999086bee2b560330ac74096533d8752b950671b73ce88d58b3cbe61113d,cfb-wmich-nill-2025-11-18,cfb,Western Michigan,Northern Illinois,2025-11-19T00:00:00Z,0,1,401762864,2025-11-19T00:00Z,0.0,2,0,35,19,1,1
0x06c7fc641b52a4fea9f1ce85fb20bdbbc43c2e92d48a8fcd756a3c3884a57b61,cfb-cmich-kentst-2025-11-19,cfb,Central Michigan,Kent State Golden Flashes,2025-11-20T00:00:00Z,0,1,401762866,2025-11-20T00:00Z,0.0,2,0,28,16,1,1
0x7986c63ed57f780cb3a6edd174ae9e764cd34b08f5d3350b36d12950fb13f803,cfb-miaoh-buf-2025-11-19,cfb,Miami (OH),Buffalo,2025-11-20T00:00:00Z,0,1,401762865,2025-11-20T00:00Z,0.0,2,0,37,20,1,1
0x4ea6e6106e6df2470c30119b8d5994bd4b5593beb7cae7afd180e77fc39f472c,cfb-loulaf-arkst-2025-11-20,cfb,Louisiana,Arkansas State,2025-11-21T00:30:00Z,0,1,401761655,2025-11-21T00:30Z,0.0,2,0,34,30,1,1
0xeb9947a1c0f8d2ae1f1396510f2bf3832cb7d7156c017e772fea99d17c69aa5d,nfl-buf-hou-2025-11-20,nfl,Bills,Texans,2025-11-21T01:15:00Z,1,1,401772946,2025-11-21T01:15Z,0.0,2,0,19,23,1,1
0x0c8973af00743f38e34a70c0c6751e79993d28f5efde2d1d2c926b2974cf3555,cfb-flst-ncst-2025-11-21,cfb,Florida State,NC State,2025-11-22T01:00:00Z,1,1,401754598,2025-11-22T01:00Z,0.0,2,0,11,21,1,1
0x3e2a784c1dfd51474a0fde2a39ad0c11e869183a26ce79206ab3e453fc30db16,cfb-hawaii-unlv-2025-11-21,cfb,Hawaii,UNLV,2025-11-22T03:30:00Z,1,1,401760418,2025-11-22T03:30Z,0.0,2,0,10,38,1,1
0x37458f6f9d9019cf91feb5ef27616c240a1295834c2cb88f4ff66bb8b5862c1b,cfb-del-wake-2025-11-22,cfb,Delaware Blue Hens,Wake Forest,2025-11-22T17:00:00Z,1,1,401754606,2025-11-22T17:00Z,0.0,2,0,14,52,1,1
0x668e947785286a422edfa0a3c9dee0c9920ef5840bcaaddb99064b57613ab02e,cfb-kan-iowast-2025-11-22,cfb,Kansas,Iowa State,2025-11-22T17:00:00Z,1,1,401756958,2025-11-22T17:00Z,0.0,2,0,14,38,1,1
0x8da32bf7a21c9a1339042573ba4d82f62396191247e88b6f22b8d7ceff980601,cfb-lou-smu-2025-11-22,cfb,Louisville,SMU Mustangs,2025-11-22T17:00:00Z,1,1,401754602,2025-11-22T17:00Z,0.0,2,0,6,38,1,1
0xfe90d90473aaea81dbc1073cd7067e830f1115e8c445917d59a87756e66e8e79,cfb-mia-vtech-2025-11-22,cfb,Miami,Virginia Tech,2025-11-22T17:00:00Z,0,1,401754603,2025-11-22T17:00Z,0.0,2,0,34,17,1,1
0x7488565717f0267d28858beb3d0f1d9c7769e26a58c96c67cd7fa2fa1096728f,cfb-minnst-nw-2025-11-22,cfb,Minnesota,Northwestern,2025-11-22T17:00:00Z,1,1,401752909,2025-11-22T17:00Z,0.0,2,0,35,38,1,1
0x3b292e9b57d64a36df92b0c8e9ba1f0c8acb7693922126ef78ab948d7907015f,cfb-missr-okl-2025-11-22,cfb,Missouri,Oklahoma,2025-11-22T17:00:00Z,1,1,401752778,2025-11-22T17:00Z,0.0,2,0,6,17,1,1
0x7995dd343659102b89d0a8926f9411b0667860530fe29ade833198b394e8a5b0,cfb-rutger-ohiost-2025-11-22,cfb,Rutgers,Ohio State,2025-11-22T17:00:00Z,1,1,401752912,2025-11-22T17:00Z,0.0,2,0,9,42,1,1
0x464eab4e4362925ff05b8af239137ec471c98cd89f29746b7fcf489953c2c417,cfb-samf-txam-2025-11-22,cfb,Samford,Texas A&M,2025-11-22T17:00:00Z,1,1,401752781,2025-11-22T17:00Z,0.0,2,0,0,48,1,1
0x8b8fc4a0fe5395e59535dbb6862bc43d6df32f3fd6045f3ae29c82243cced5ef,cfb-tulsa-army-2025-11-22,cfb,Tulsa,Army,2025-11-22T17:00:00Z,0,1,401762512,2025-11-22T17:00Z,0.0,2,0,26,25,1,1
0x4a67c4bd51e6a8bfad0907f1c24743a774844db29291c0979cc9b7a8536f3756,cfb-charlt-ga-2025-11-22,cfb,Charlotte 49ers,Georgia,2025-11-22T17:45:00Z,1,1,401752776,2025-11-22T17:45Z,0.0,2,0,3,35,1,1
0xad5cfa3d856f1f1d1af4601a7b5df5bc9fe1890b31d9778fcaa0e687b0bf3d71,cfb-bayl-arz-2025-11-22,cfb,Baylor,Arizona,2025-11-22T18:00:00Z,1,1,401756954,2025-11-22T18:00Z,0.0,2,0,17,41,1,1
0x37ade3239f3bb32664eaf692288f979b137bb6cfb9fbbb363f271031e4dad019,cfb-old-gas-2025-11-22,cfb,Old Dominion,Georgia Southern,2025-11-22T18:00:00Z,0,1,401761657,2025-11-22T18:00Z,0.0,2,0,45,10,1,1
0x5e6a4a6d3e1f97a58dfc1c69ea5d2dd42b7ea3525870302c8e9c3514b7c77c86,cfb-washst-jmad-2025-11-22,cfb,Washington State,James Madison,2025-11-22T18:00:00Z,1,1,401752954,2025-11-22T18:00Z,0.0,2,0,20,24,1,1
0x6cea856d531afa530e7d2bfcf5a0377a66f5bdf72c746a45aded29488bef76fd,cfb-ballst-toledo-2025-11-22,cfb,Ball State,Toledo,2025-11-22T19:00:00Z,1,1,401762867,2025-11-22T19:00Z,0.0,2,0,9,38,1,1
0xde515724ae02a89b50839c691388f4c7ecaa1f9fa9d91465ba5531e0a68fd48e,cfb-eill-ala-2025-11-22,cfb,Eastern Illinois,Alabama,2025-11-22T19:00:00Z,1,1,401752773,2025-11-22T19:00Z,0.0,2,0,0,56,1,1
0x28f61e041e652c82784cdd12f5f9d8acd8c451e130e6c5ad393d9261d4c56aa0,cfb-merc-aubrn-2025-11-22,cfb,Mercer,Auburn,2025-11-22T19:00:00Z,1,1,401752774,2025-11-22T19:00Z,0.0,2,0,17,62,1,1
0x129fb1051f9970f0f6b1648b6e63229fc996e37558b0c1bd1bc72250935656aa,cfb-msrst-kenest-2025-11-22,cfb,Missouri State,Kennesaw State,2025-11-22T19:00:00Z,1,1,401757306,2025-11-22T19:00Z,0.0,2,0,34,41,1,1
0xe892cab0054bc539a6b6e0da97fbdda770edacc4b7a692453e33b4b94252a7c1,cfb-nevada-wyom-2025-11-22,cfb,Nevada Wolf Pack,Wyoming,2025-11-22T19:00:00Z,0,1,401760419,2025-11-22T19:00Z,0.0,2,0,13,7,1,1
0x48e313b4d59d5d2ef01a2f6e89b0ff92f8e7921b01607f2a24bce51d6a91e641,cfb-marsh-applst-2025-11-22,cfb,Marshall,Appalachian State,2025-11-22T19:30:00Z,1,1,401761656,2025-11-22T19:30Z,0.0,2,0,24,26,1,1
0x63123f73482c371a78e5cb0df3e2f764c27498c05b7cbb8cf1085b61b0b02773,cfb-librty-loutch-2025-11-22,cfb,Liberty,Louisiana Tech,2025-11-22T20:00:00Z,1,1,401757307,2025-11-22T20:00Z,0.0,2,0,28,34,1,1
0x9bbaac5a0429aeb50164eba5d85e6f57c07e0b10511c136bbe8da223f4b503fe,cfb-nmxst-utep-2025-11-22,cfb,New Mexico State,UTEP,2025-11-22T20:00:00Z,0,1,401757309,2025-11-22T20:00Z,0.0,2,0,34,31,1,1
0x8f240aa001501a9b48f2714cb5560e9bfcbc70642a1086c739c492dd2757073e,cfb-sfl-uab-2025-11-22,cfb,South Florida,UAB Blazers,2025-11-22T20:00:00Z,0,1,401762511,2025-11-22T20:00Z,0.0,2,0,48,18,1,1
0x30f8923c66db7a22408357f63018dc62ccfe3462caca3b4c3bae136dcc935503,cfb-smho-mtnst-2025-11-22,cfb,Sam Houston Bearkats,Middle Tennessee,2025-11-22T20:00:00Z,1,1,401757308,2025-11-22T20:00Z,0.0,2,0,17,31,1,1
0x809cd1d9a25d389d99a887f82dcc0ca995b874dbe5bac0934411ebf5506df877,cfb-uconn-flatl-2025-11-22,cfb,UConn,Florida Atlantic,2025-11-22T20:00:00Z,0,1,401757175,2025-11-22T20:00Z,0.0,2,0,48,45,1,1
0x56aa7c9cd3adea70592c3491ac5b150de01564504caf54fa311538e22eda9054,cfb-ark-tx-2025-11-22,cfb,Arkansas,Texas,2025-11-22T20:30:00Z,1,1,401752780,2025-11-22T20:30Z,0.0,2,0,37,52,1,1
0x5071b06f4937d310af0674d3b181d517f04133154530c51e8c5f33aeeef1ef6f,cfb-duke-ncar-2025-11-22,cfb,Duke,North Carolina,2025-11-22T20:30:00Z,0,1,401754600,2025-11-22T20:30Z,0.0,2,0,32,25,1,1
0x99180e075ef8770ceeafea3a4ba8449da89e11278ebf22a9039f9e8acd82137a,cfb-ecar-utsa-2025-11-22,cfb,East Carolina,UTSA Roadrunners,2025-11-22T20:30:00Z,1,1,401762513,2025-11-22T20:30Z,0.0,2,0,24,58,1,1
0x5d4e92571468dc7613275ff23aaf2b746218995a29cb49cf02ea5dc4ec6dfe62,cfb-jaxst-flint-2025-11-22,cfb,Jacksonville State,Florida International,2025-11-22T20:30:00Z,1,1,401757305,2025-11-22T20:30Z,0.0,2,0,21,27,1,1
0x5b36e389b4abdc0dcadbe73409d32c3c54de842496645083134fbf2cf5e1ce6c,cfb-mst-iowa-2025-11-22,cfb,Michigan State,Iowa,2025-11-22T20:30:00Z,1,1,401752913,2025-11-22T20:30Z,0.0,2,0,17,20,1,1
0xc0c731f09cb92730e89f9d2831357fe9f15125b10999efa8218fcf5797a5aac2,cfb-soumis-sala-2025-11-22,cfb,Southern Miss,South Alabama,2025-11-22T20:30:00Z,1,1,401761658,2025-11-22T20:30Z,0.0,2,0,35,42,1,1
0xfdb68b47f28575c36c82fcb241522e204ef275cb6df59107ac35f414cc8af64a,cfb-syra-nd-2025-11-22,cfb,Syracuse,Notre Dame,2025-11-22T20:30:00Z,1,1,401754604,2025-11-22T20:30Z,0.0,2,0,7,70,1,1
0xe71c2707df77f413e3250b328cd7a2d416b01c6dc4249426c02bab2a611ee617,cfb-uk-vand-2025-11-22,cfb,Kentucky,Vanderbilt,2025-11-22T20:30:00Z,1,1,401752782,2025-11-22T20:30Z,0.0,2,0,17,45,1,1
0x9dbba955db4b0f562c5d2c4a3ff9c6bb5f7692bc3a2f56d81d6e1ba507a523de,cfb-usc-ore-2025-11-22,cfb,USC,Oregon,2025-11-22T20:30:00Z,1,1,401752911,2025-11-22T20:30Z,0.0,2,0,27,42,1,1
0x04e71a8fed18b2ac8dab9d5df7005e610b2a1dc05d8e3212bb49909cc1c0b9d0,cfb-tulane-templ-2025-11-22,cfb,Tulane,Temple,2025-11-22T20:45:00Z,0,1,401762515,2025-11-22T20:45Z,0.0,2,0,37,13,1,1
0x6f2835b5e341b5d068af66ac532d950b6d05e00e7d9cfd89c068d19882a89546,cfb-gast-troy-2025-11-22,cfb,Georgia State,Troy,2025-11-22T21:00:00Z,1,1,401761660,2025-11-22T21:00Z,0.0,2,0,19,31,1,1
0xe0dd148d0f47b7913518047862af442d9ed0b32ff1fce95340d8e317981c3121,cfb-kanst-utah-2025-11-22,cfb,Kansas State,Utah,2025-11-22T21:00:00Z,1,1,401756960,2025-11-22T21:00Z,0.0,2,0,47,51,1,1
0xc9c5b3fcd64b2795abd56debe51752865c4e13e3ed25c36438db3214aec45e5d,cfb-mich-mary-2025-11-22,cfb,Michigan,Maryland Terrapins,2025-11-22T21:00:00Z,0,1,401752914,2025-11-22T21:00Z,0.0,2,0,45,20,1,1
0xd9137aa83298c4c2062f27f0e0992f197b70f200017040ae8031f06eeee8972e,cfb-okst-ucf-2025-11-22,cfb,Oklahoma State,UCF,2025-11-22T21:00:00Z,1,1,401756959,2025-11-22T21:00Z,0.0,2,0,14,17,1,1
0xd3adab65cce33953d8837df0c16143df2beb74b4c4a5f36b69cde96b1dd7e99f,cfb-tcu-hou-2025-11-22,cfb,TCU,Houston,2025-11-22T21:00:00Z,0,1,401756957,2025-11-22T21:00Z,0.0,2,0,17,14,1,1
0x36d06933a7554d06dc86806255f59e95c9e266149014fc7e3dfe638c05717389,cfb-coast-sc-2025-11-22,cfb,Coastal Carolina Chanticleers,South Carolina,2025-11-22T21:15:00Z,1,1,401752779,2025-11-22T21:15Z,0.0,2,0,7,51,1,1
0x96698bf075d58a224a3d6e68f556eb2e4e7a72eed63e6fb5ba7fc2a1017b8595,cfb-furman-clmsn-2025-11-22,cfb,Furman Paladins,Clemson,2025-11-22T21:30:00Z,1,1,401754605,2025-11-22T21:30Z,0.0,2,0,10,45,1,1
0x7729b5a2780e8009d88e341a0c0e38273b05789c2c9218d20ed5c62abf06f28d,cfb-lamon-txst-2025-11-22,cfb,UL Monroe,Texas State,2025-11-22T22:00:00Z,1,1,401761659,2025-11-22T22:00Z,0.0,2,0,14,31,1,1
0xa68d83aff4688d6771e78d33a9637af1fd4252d224264d5f72697332fbb961cb,cfb-colst-boise-2025-11-22,cfb,Colorado State,Boise State,2025-11-23T00:00:00Z,1,1,401760416,2025-11-23T00:00Z,0.0,2,0,21,49,1,1
0x90d4e269b0d505c897d9f3db46df707284a5871cf3ee7f4fde1c9d5caa244a65,cfb-nebr-pennst-2025-11-22,cfb,Nebraska Cornhuskers,Penn State,2025-11-23T00:00:00Z,1,1,401752908,2025-11-23T00:00Z,0.0,2,0,10,37,1,1
0x19874ba4fa0cbf8ac2f4a40fabdcbc5d7ec646f51803ae4dc18d38af35dc8c32,cfb-nmx-airf-2025-11-22,cfb,New Mexico,Air Force,2025-11-23T00:00:00Z,0,1,401760415,2025-11-23T00:00Z,0.0,2,0,20,3,1,1
0x331cdf179601a079b1c173219f63d5b945f7935168ebddffad85d6e671f85d0f,cfb-pitt-gtech-2025-11-22,cfb,Pittsburgh,Georgia Tech,2025-11-23T00:00:00Z,0,1,401754601,2025-11-23T00:00Z,0.0,2,0,42,28,1,1
0x7a33b9d72477239fa9d2429ef2e6a250068381bb1298d703434b5898b72a60b5,cfb-cah-stan-2025-11-22,cfb,California,Stanford,2025-11-23T00:30:00Z,1,1,401754599,2025-11-23T00:30Z,0.0,2,0,10,31,1,1
0x6b035637c230942345b20c2951cee7327acb5fb091c1fc013ebe7b98bd203ac4,cfb-ill-wisc-2025-11-22,cfb,Illinois,Wisconsin Badgers,2025-11-23T00:30:00Z,1,1,401752915,2025-11-23T00:30Z,0.0,2,0,10,27,1,1
0x524ec02da556d8832bae0da963269e58baeafce32ec59ee86e004012f074298d,cfb-ntx-rice-2025-11-22,cfb,North Texas,Rice,2025-11-23T00:30:00Z,0,1,401762514,2025-11-23T00:30Z,0.0,2,0,56,24,1,1
0xb9627a191907d65478dcd9c8ddf78f905491d6b0b0187f83208d846adf5e03c7,cfb-tenn-fl-2025-11-22,cfb,Tennessee,Florida Gators,2025-11-23T00:30:00Z,0,1,401752775,2025-11-23T00:30Z,0.0,2,0,31,11,1,1
0x7abdd9d79a10a69c44978998a86cc7527a5c2ac37fcb7822c358bedde901c40d,cfb-wkent-lsu-2025-11-22,cfb,Western Kentucky,LSU,2025-11-23T00:45:00Z,1,1,401752777,2025-11-23T00:45Z,0.0,2,0,10,13,1,1
0x106beb65198faec170f6de234abf2cf0f9a823b560d1e4ecd2cf99f8b887f5e0,cfb-arzst-col-2025-11-22,cfb,Arizona State,Colorado,2025-11-23T01:00:00Z,0,1,401756956,2025-11-23T01:00Z,0.0,2,0,42,17,1,1
0x10a22dd9d4f7798efe7ebec94934a35e8531bf20090b8361cd8016c210d71184,cfb-byu-cin-2025-11-22,cfb,BYU,Cincinnati,2025-11-23T01:00:00Z,0,1,401756955,2025-11-23T01:00Z,0.0,2,0,26,14,1,1
0xed4ada0f7e339f3d5dd8e65e4e4e04c495f64ded960e13d382675e166b399313,cfb-sjst-sdst-2025-11-22,cfb,San Jose State,San Diego State,2025-11-23T03:30:00Z,1,1,401760420,2025-11-23T03:30Z,0.0,2,0,3,25,1,1
0x713e497584739df7c461addeb01cbb09066ad484c8f2f5147807b1a0c9344301,cfb-utahst-frest-2025-11-22,cfb,Utah State,Fresno State,2025-11-23T03:30:00Z,0,1,401760417,2025-11-23T03:30Z,0.0,2,0,28,17,1,1
0x7d638e52282fe4c88b25576977f0a5137f4c19c4e839ddfff73f1c924be41e9c,cfb-wash-ucla-2025-11-22,cfb,Washington,UCLA,2025-11-23T03:30:00Z,0,1,401752910,2025-11-23T03:30Z,0.0,2,0,48,14,1,1
0x2b870064f3994875a3d680056bf9d3cdfd3f3e1785eb43e1bbe22d0021398f93,nfl-ind-kc-2025-11-23,nfl,Colts,Chiefs,2025-11-23T18:00:00Z,1,1,401772779,2025-11-23T18:00Z,0.0,2,0,20,23,1,1
0x3b7f17c460fb1aa8e1389081469979b2bf623e97aa8a939a501567a4f18b92a6,nfl-min-gb-2025-11-23,nfl,Vikings,Packers,2025-11-23T18:00:00Z,1,1,401772887,2025-11-23T18:00Z,0.0,2,0,6,23,1,1
0xa4741df4f013ac2a7c5c44667074b0b76d1e600291a6d39ac6888428c9b07c02,nfl-ne-cin-2025-11-23,nfl,Patriots,Bengals,2025-11-23T18:00:00Z,0,1,401772781,2025-11-23T18:00Z,0.0,2,0,26,20,1,1
0x904797b19e0b02e674d50135d92e70380ea137081e39b91b384263dc05732cda,nfl-nyg-det-2025-11-23,nfl,Giants,Lions,2025-11-23T18:00:00Z,1,1,401772888,2025-11-23T18:00Z,0.0,2,0,27,34,1,1
0xf9cf38849cbf6513c9ddda9c09ddefa8670f481f3a17740fcf5ad8f211ae4b28,nfl-nyj-bal-2025-11-23,nfl,Jets,Ravens,2025-11-23T18:00:00Z,1,1,401772782,2025-11-23T18:00Z,0.0,2,0,10,23,1,1
0x57a745edc831f0f7df9321ca4d11f680d66d6c1d370821ef1cb2cc74211b4ae6,nfl-pit-chi-2025-11-23,nfl,Steelers,Bears,2025-11-23T18:00:00Z,1,1,401772780,2025-11-23T18:00Z,0.0,2,0,28,31,1,1
0x62eaa7c72adcdc168a9e5aeeb934e80f440646dc4bb2e036b9af8f28127c8397,nfl-sea-ten-2025-11-23,nfl,Seahawks,Titans,2025-11-23T18:00:00Z,0,1,401772886,2025-11-23T18:00Z,0.0,2,0,30,24,1,1
0xa52ec10f2737597c9df1b413108ab1310eb3011d907c2f11fae5ed6920deb41a,nfl-cle-lv-2025-11-23,nfl,Browns,Raiders,2025-11-23T21:05:00Z,0,1,401772784,2025-11-23T21:05Z,0.0,2,0,24,10,1,1
0xa49b8d57250beb9cc0caed55fd4a5e426384575cd7088e62d7968c3f0f61cfc3,nfl-jax-ari-2025-11-23,nfl,Jaguars,Cardinals,2025-11-23T21:05:00Z,0,1,401772783,2025-11-23T21:05Z,0.0,2,0,27,24,1,1
0x1464e1fe9b739dd84a41212e1e58d7c7c2b376a3f7f91ac8cf5342c5c0bfc947,nfl-atl-no-2025-11-23,nfl,Falcons,Saints,2025-11-23T21:25:00Z,0,1,401772889,2025-11-23T21:25Z,0.0,2,0,24,10,1,1
0x1cfcf352fdf74b2cd586c1017976f0427020e4c488671af9700cc86282bb3cd9,nfl-phi-dal-2025-11-23,nfl,Eagles,Cowboys,2025-11-23T21:25:00Z,1,1,401772890,2025-11-23T21:25Z,0.0,2,0,21,24,1,1
0x370d8460a2ef6df30226225629d939194b3c5ad7f534af4edae0caded973aff5,nfl-tb-la-2025-11-23,nfl,Buccaneers,Rams,2025-11-24T01:20:00Z,1,1,401772929,2025-11-24T01:20Z,0.0,2,0,7,34,1,1
0x1ef509d0d50702dc74e6c7d5d4c42cb863ad3cc70cac4ecd61eee7afbeb5aa0d,nfl-car-sf-2025-11-24,nfl,Panthers,49ers,2025-11-25T01:15:00Z,1,1,401772820,2025-11-25T01:15Z,0.0,2,0,9,20,1,1
0x07dd4ce460991bd9c250b4dd85bbc0197703b9aa8e73a66831bbec9bb277e4d1,cfb-bowlgr-umass-2025-11-25,cfb,Bowling,UMass,2025-11-25T21:30:00Z,0,1,401762868,2025-11-25T21:30Z,0.0,2,0,45,14,1,1
0xae2cbcebda72d062f6f393edc803a777ca5cf86c1fb4b5fbcf83b32064792f3e,cfb-wmich-emich-2025-11-25,cfb,Western Michigan,Eastern Michigan,2025-11-26T00:30:00Z,0,1,401762869,2025-11-26T00:30Z,0.0,2,0,31,21,1,1
0xe77c389d59082205bc4f8881a21902aaecbde16521f6182f6a7782ce710905bd,nfl-gb-det-2025-11-27,nfl,Packers,Lions,2025-11-27T18:00:00Z,0,1,401772891,2025-11-27T18:00Z,0.0,2,0,31,24,1,1
0x83b32407eb2c89ac34e400dc41dc80dd26d60d3fea823054a972738d16d10ed8,nfl-kc-dal-2025-11-27,nfl,Chiefs,Cowboys,2025-11-27T21:30:00Z,1,1,401772694,2025-11-27T21:30Z,0.0,2,0,28,31,1,1
0xd0f3ae8ef22fbeac970daa3fc816a91c1e92e093c809ede433137d9c7993a3e9,cfb-navy-mphs-2025-11-27,cfb,Navy,Memphis,2025-11-28T00:30:00Z,0,1,401762516,2025-11-28T00:30Z,0.0,2,0,28,17,1,1
0x53c099f2ed67769769fa4de350f85bc4108aa8d0f682e28a2aeb4759a7d08f6d,nfl-cin-bal-2025-11-27,nfl,Bengals,Ravens,2025-11-28T01:20:00Z,0,1,401772930,2025-11-28T01:20Z,0.0,2,0,32,14,1,1
0x17b0e355e32755a82fd0d7f2537187f0d3b6032f1e45653a21b13a0ab67b19f3,cfb-iowa-nebr-2025-11-28,cfb,Iowa,Nebraska Cornhuskers,2025-11-28T17:00:00Z,0,1,401752916,2025-11-28T17:00Z,0.0,2,0,40,16,1,1
0x1bcbe1d6d3c90bef5614ec211ed808af3fe4dac20b945b4176f9510fc2e32d77,cfb-kentst-nill-2025-11-28,cfb,Kent State Golden Flashes,Northern Illinois,2025-11-28T17:00:00Z,0,1,401762871,2025-11-28T17:00Z,0.0,2,0,35,31,1,1
0xc1c9131de561179b3186d746557b3c3023ff52c263f699e50f399cc8b6c0aa73,cfb-miss-mspst-2025-11-28,cfb,Ole Miss,Mississippi State,2025-11-28T17:00:00Z,0,1,401752788,2025-11-28T17:00Z,0.0,2,0,38,19,1,1
0x5d0733969a9e6d5aa564de2f896f7364dcfbba87b6aa30c6002ef377496ef8b9,cfb-ohio-buf-2025-11-28,cfb,Ohio,Buffalo,2025-11-28T17:00:00Z,0,1,401762870,2025-11-28T17:00Z,0.0,2,0,31,26,1,1
0xba1614e25af4a8f40ae2007385e14ab38065f119de74b5645b7e36465be82667,cfb-utah-kan-2025-11-28,cfb,Utah,Kansas,2025-11-28T17:00:00Z,0,1,401756964,2025-11-28T17:00Z,0.0,2,0,31,21,1,1
0x997c7b7f8ade41083a481516e0ff18c909d239db1c08d3aeb16337f6006a02ee,cfb-airf-colst-2025-11-28,cfb,Air Force,Colorado State,2025-11-28T20:00:00Z,0,1,401760421,2025-11-28T20:00Z,0.0,2,0,42,21,1,1
0x34f46b40cef32be892a2620f2aada017e0a763db6e0eb36709af3738f755effa,nfl-chi-phi-2025-11-28,nfl,Bears,Eagles,2025-11-28T20:00:00Z,0,1,401772621,2025-11-28T20:00Z,0.0,2,0,24,15,1,1
0x761728693de17f74edc25ff96ca7dc00ce3e7906b0282287c544b83b2d7fe9ee,cfb-ga-gtech-2025-11-28,cfb,Georgia,Georgia Tech,2025-11-28T20:30:00Z,0,1,401752786,2025-11-28T20:30Z,0.0,2,1,16,9,1,1
0xb48e8b1abdccd2baabf519286b5a4b83caf7619ba9290d3d5f37e1f08b145e5f,cfb-sdst-nmx-2025-11-28,cfb,San Diego State,New Mexico,2025-11-28T20:30:00Z,1,1,401760426,2025-11-28T20:30Z,0.0,2,0,17,23,1,1
0xfd517f443205d3b10fa8a79a5b2651e141f31be010ae7255f6be31f308d0683d,cfb-templ-ntx-2025-11-28,cfb,Temple,North Texas,2025-11-28T20:30:00Z,1,1,401762442,2025-11-28T20:30Z,0.0,2,0,25,52,1,1
0xb23d4f76b4769913b3b3474a8dd86e82383100d4b7d6b743951d687e78f2d45e,cfb-boise-utahst-2025-11-28,cfb,Boise State,Utah State,2025-11-28T21:00:00Z,0,1,401760422,2025-11-28T21:00Z,0.0,2,0,25,24,1,1
0x70eed15a2cf06351e1b88c674ac4df63e994e1b4eee3fb8323fb6dde1e80c5b6,cfb-ind-pur-2025-11-28,cfb,Indiana,Purdue Boilermakers,2025-11-29T00:30:00Z,0,1,401752924,2025-11-29T00:30Z,0.0,2,0,56,3,1,1
0xb5d145ef9e616b9233f65dfdac548baafe169fe89b3b56f8b0c127ef696c1191,cfb-txam-tx-2025-11-28,cfb,Texas A&M,Texas,2025-11-29T00:30:00Z,1,1,401752792,2025-11-29T00:30Z,0.0,2,0,17,27,1,1
0x8072542b4d1a312932fe8a7400fae055d0a130be4562fa419a7457ac34c250d4,cfb-arz-arzst-2025-11-28,cfb,Arizona,Arizona State,2025-11-29T02:00:00Z,0,1,401756961,2025-11-29T02:00Z,0.0,2,0,23,7,1,1
0x1eda1012b4e229012a3cd82d9c5f687d01a4f36db32647505451324f55237e19,cfb-cin-tcu-2025-11-29,cfb,Cincinnati,TCU,2025-11-29T05:00:00Z,1,1,401756967,2025-11-29T20:30Z,15.5,2,0,23,45,1,1
0xca7a1b764f14ef57078a9bbc2b81f4714513aa52472dc7e21e364598990f431a,cfb-col-kanst-2025-11-29,cfb,Colorado,Kansas State,2025-11-29T05:00:00Z,1,1,401756965,2025-11-29T17:00Z,12.0,2,0,14,24,1,1
0xbb377aaf57b1bd185f5aebb8c175267286c46ddec9f24fce5245d9724faa23df,cfb-hou-bayl-2025-11-29,cfb,Houston,Baylor,2025-11-29T05:00:00Z,0,1,401756962,2025-11-29T17:00Z,12.0,2,0,31,24,1,1
0x1bb2cb3c0cdcf2d83b7b130e1354fbc1fa172a441a66312eff06020e8b650b99,cfb-ore-wash-2025-11-29,cfb,Oregon,Washington,2025-11-29T05:00:00Z,0,1,401752917,2025-11-29T20:30Z,15.5,2,0,26,14,1,1
0xfceab0c05f923badf18e9e4b5b674b979f53b1b07a0378a4961072ddbe23bb62,cfb-ballst-miaoh-2025-11-29,cfb,Ball State,Miami (OH),2025-11-29T17:00:00Z,1,1,401762875,2025-11-29T17:00Z,0.0,2,0,24,45,1,1
0x5ba74cc2aaf3edaf77c4ad4b9c7da6e1b870e4457a90222ba39ec4c26c97f55c,cfb-clmsn-sc-2025-11-29,cfb,Clemson,South Carolina,2025-11-29T17:00:00Z,0,1,401752790,2025-11-29T17:00Z,0.0,2,0,28,14,1,1
0x7b2df290031569617aa19c68d665e406477ecfa25b8bb4a9e6f31e1c36248228,cfb-ecar-flatl-2025-11-29,cfb,East Carolina,Florida Atlantic,2025-11-29T17:00:00Z,0,1,401762519,2025-11-29T17:00Z,0.0,2,0,42,3,1,1
0xe336192e9ab5314804ae847ad4b10eb1e0660a7cba9a28381146644062345323,cfb-iowast-okst-2025-11-29,cfb,Iowa State,Oklahoma State,2025-11-29T17:00:00Z,0,1,401756966,2025-11-29T17:00Z,0.0,2,0,20,13,1,1
0x0d4c0489198723ec4c97cc7af96dd872a4a59a7890126e3648594955e1049111,cfb-mia-pitt-2025-11-29,cfb,Miami,Pittsburgh,2025-11-29T17:00:00Z,0,1,401754611,2025-11-29T17:00Z,0.0,2,0,38,7,1,1
0xf79803e089556e98118d94423e1a254b7d6ad6516f7116b103ad7eadc520d60e,cfb-ohiost-mich-2025-11-29,cfb,Ohio State,Michigan,2025-11-29T17:00:00Z,0,1,401752921,2025-11-29T17:00Z,0.0,2,0,27,9,1,1
0xbb0d5340d30833c7340b481c80b86b79c081cc9d108582ca7f50fcda32b03f2a,cfb-toledo-cmich-2025-11-29,cfb,Toledo,Central Michigan,2025-11-29T17:00:00Z,0,1,401762872,2025-11-29T17:00Z,0.0,2,0,21,3,1,1
0xb6af306e58b8f56a6e1af9d67593e390adf6140a649d1fe8a12afee806ffb4a8,cfb-txtech-wvir-2025-11-29,cfb,Texas Tech Red Raiders,West Virginia,2025-11-29T17:00:00Z,0,1,401756968,2025-11-29T17:00Z,0.0,2,0,49,0,1,1
0xc3a67fb84d6b650f456a168766ddc33ea3f1c59c6191279efbff74ce7de3fee7,cfb-uk-lou-2025-11-29,cfb,Kentucky,Louisville,2025-11-29T17:00:00Z,1,1,401752787,2025-11-29T17:00Z,0.0,2,0,0,41,1,1
0xc25e481a349f95a3499770eeabf6b0e94b82e21f2fb9cb43eef812c11578b8db,cfb-flint-smho-2025-11-29,cfb,Florida International,Sam Houston Bearkats,2025-11-29T18:00:00Z,0,1,401757311,2025-11-29T18:00Z,0.0,2,0,56,16,1,1
0x0c6fe5e3549a61946fb9216ca8b4f4c6fd5e6e37429d45cc24d4f40202bf0405,cfb-ucf-byu-2025-11-29,cfb,UCF,BYU,2025-11-29T18:00:00Z,1,1,401756963,2025-11-29T18:00Z,0.0,2,0,21,41,1,1
0x6d59c66d9079e38a1d3d60f3e1de1a3418c2668027afd786e8846ce5439918ba,cfb-utep-del-2025-11-29,cfb,UTEP,Delaware Blue Hens,2025-11-29T18:00:00Z,1,1,401757310,2025-11-29T18:00Z,0.0,2,0,31,61,1,1
0x3cf5a62e3d606f3b9bf8f165e796773d6fe3daff59d5feb00fbc85facf880328,cfb-gas-marsh-2025-11-29,cfb,Georgia Southern,Marshall,2025-11-29T18:30:00Z,0,1,401761663,2025-11-29T18:30Z,0.0,2,0,24,19,1,1
0x281eb4b2e3500a9f083bec7f2d0f24a7e523ed0663e82976ed4eeb4bbec06022,cfb-gast-old-2025-11-29,cfb,Georgia State,Old Dominion,2025-11-29T19:00:00Z,1,1,401761664,2025-11-29T19:00Z,0.0,2,0,10,27,1,1
0x38186f1990e5c7d26d7394a1a44e78d3339098f8ad6ceb077a4d569027d80dcb,cfb-loutch-msrst-2025-11-29,cfb,Louisiana Tech,Missouri State,2025-11-29T19:00:00Z,0,1,401757314,2025-11-29T19:00Z,0.0,2,0,42,30,1,1
0x21051594fd933686aa6d5cd0a81395fa0225caa95f38051863ce0da05cce3253,cfb-wkent-jaxst-2025-11-29,cfb,Western Kentucky,Jacksonville State,2025-11-29T19:00:00Z,1,1,401757312,2025-11-29T19:00Z,0.0,2,0,34,37,1,1
0x6d88ad7978d1c74e4483d95db9f4f0715dd616d66e3f6728eb478790b58bd73d,cfb-arkst-applst-2025-11-29,cfb,Arkansas State,Appalachian State,2025-11-29T19:30:00Z,0,1,401761661,2025-11-29T19:30Z,0.0,2,0,30,29,1,1
0xef366d1f06f3f219992e030e930b8d9cba4e020dabbeb213f3531956acf4b419,cfb-boscol-syra-2025-11-29,cfb,Boston College,Syracuse,2025-11-29T20:00:00Z,0,1,401754608,2025-11-29T20:00Z,0.0,2,0,34,12,1,1
0x6261817571f9918d52956c944dc561ef6e62574d56784fcb9105548e4f13dec3,cfb-lamon-loulaf-2025-11-29,cfb,UL Monroe,Louisiana,2025-11-29T20:00:00Z,1,1,401761665,2025-11-29T20:00Z,0.0,2,0,27,30,1,1
0x45a1c1b76371e550f78f37884d4c86b614589a7649a1044b365871d99ab29d83,cfb-mtnst-nmxst-2025-11-29,cfb,Middle Tennessee,New Mexico State,2025-11-29T20:00:00Z,0,1,401757315,2025-11-29T20:00Z,0.0,2,0,31,24,1,1
0xdb66f329fcc0534d5e1929da790acba3ead70d6dc1d0c6a267c593e358f20267,cfb-sala-txst-2025-11-29,cfb,South Alabama,Texas State,2025-11-29T20:00:00Z,1,1,401761667,2025-11-29T20:00Z,0.0,2,0,26,49,1,1
0xa2c0aebb8eb3ea2afc3a8fba0f2eca31658757780167e69e0016bffb2a86566f,cfb-uab-tulsa-2025-11-29,cfb,UAB Blazers,Tulsa,2025-11-29T20:00:00Z,0,1,401762517,2025-11-29T20:00Z,0.0,2,0,31,24,1,1
0x1a441e8e4377eeb5dff6a1b42b7f66bb91743ea943bec0659f8c77078a71184b,cfb-army-utsa-2025-11-29,cfb,Army,UTSA Roadrunners,2025-11-29T20:30:00Z,0,1,401762441,2025-11-29T20:30Z,0.0,2,0,27,24,1,1
0x78b4da9286088678d5b91a9423361d07ec2961818c7e344a58676a076a328d57,cfb-kenest-librty-2025-11-29,cfb,Kennesaw State,Liberty,2025-11-29T20:30:00Z,0,1,401757313,2025-11-29T20:30Z,0.0,2,0,48,42,1,1
0xfa41ff0d57b21e2b0cbfe3a26438c8d658fd12d8598f2a1f836f1debd943ab22,cfb-lsu-okl-2025-11-29,cfb,LSU,Oklahoma,2025-11-29T20:30:00Z,1,1,401752789,2025-11-29T20:30Z,0.0,2,0,13,17,1,1
0xe035aefa892cd52dbca7b82cef638232ff5123d540924808fe7f617c585f868e,cfb-missr-ark-2025-11-29,cfb,Missouri,Arkansas,2025-11-29T20:30:00Z,0,1,401752783,2025-11-29T20:30Z,0.0,2,0,31,17,1,1
0xbe45219ba4adb9b41d9cbab5a43c82f3b61de55f67af8e6add656dfa2d6c7a0b,cfb-pennst-rutger-2025-11-29,cfb,Penn State,Rutgers,2025-11-29T20:30:00Z,0,1,401752920,2025-11-29T20:30Z,0.0,2,0,40,36,1,1
0xb6590854adb3e3ee1cae6a1a182cac9e7691f2d0e5f2c720bb9c6b43cdd26144,cfb-troy-soumis-2025-11-29,cfb,Troy,Southern Miss,2025-11-29T20:30:00Z,0,1,401761666,2025-11-29T20:30Z,0.0,2,0,28,18,1,1
0xdf585752b5519a2f1653bbff271f1ab6d7ff19af1d2943ca87b2ef795ea9fc0c,cfb-vand-tenn-2025-11-29,cfb,Vanderbilt,Tennessee,2025-11-29T20:30:00Z,0,1,401752791,2025-11-29T20:30Z,0.0,2,0,45,24,1,1
0x909d5a606e1f799894e32d1a8415d8b7a27cf499a2f0e8eb4f21547621063abc,cfb-wake-duke-2025-11-29,cfb,Wake Forest,Duke,2025-11-29T20:30:00Z,1,1,401754610,2025-11-29T20:30Z,0.0,2,0,32,49,1,1
0xe9a7f5869adc9a139aff61ed3d744b51fd5491d395c153f05b412cd242501447,cfb-wisc-minnst-2025-11-29,cfb,Wisconsin Badgers,Minnesota,2025-11-29T20:30:00Z,1,1,401752918,2025-11-29T20:30Z,0.0,2,0,7,17,1,1
0xa41ba3c3c4dba087f53d13e3d215808a2faeddca731ad2eb02e507387855e9ba,cfb-jmad-coast-2025-11-29,cfb,James Madison,Coastal Carolina Chanticleers,2025-11-29T20:45:00Z,0,1,401761662,2025-11-29T20:45Z,0.0,2,0,59,10,1,1
0xe101f6338501c3c4106ab55803e7115783d946f61a1334b477d7ffb3ee42eeed,cfb-flst-fl-2025-11-29,cfb,Florida State,Florida Gators,2025-11-29T21:30:00Z,1,1,401752785,2025-11-29T21:30Z,0.0,2,0,21,40,1,1
0x24ca6fc47acb329451782eb0afb4512dad95a6a9912f9eafdc60a052fa3c61a9,cfb-ucla-usc-2025-11-29,cfb,UCLA,USC,2025-11-29T21:30:00Z,1,1,401752919,2025-11-30T00:30Z,3.0,2,0,10,29,1,1
0x38630596701364dc8327503d548f43ca4518c62deacca69a0e202f461e6f283b,cfb-oregst-washst-2025-11-29,cfb,Oregon State,Washington State,2025-11-29T23:30:00Z,1,1,401752946,2025-11-29T23:30Z,0.0,2,0,8,32,1,1
0x84b077fee9104c8eab2e6538f934bf9c4173e15fb1fa0c20d2975d2d6ce778ef,cfb-mary-mst-2025-11-29,cfb,Maryland Terrapins,Michigan State,2025-11-30T00:00:00Z,1,1,401752923,2025-11-30T00:00Z,0.0,2,1,28,38,1,1
0x27e1f1c04d858f24d8835d04ac8a6328589807292cd8acdb593811310efd4ec2,cfb-rice-sfl-2025-11-29,cfb,Rice,South Florida,2025-11-30T00:00:00Z,1,1,401762520,2025-11-30T00:00Z,0.0,2,0,3,52,1,1
0x13c668066efa422b541c58eb37085229b2d5bae54c943461ef242220c8f3f39a,cfb-vtech-vir-2025-11-29,cfb,Virginia Tech,Virginia,2025-11-30T00:00:00Z,1,1,401754613,2025-11-30T00:00Z,0.0,2,0,7,27,1,1
0xb1724dc7a1283aa1e504b470f97f3c8c783e7a438b6356f91da0e0c822063cd6,cfb-ala-aubrn-2025-11-29,cfb,Alabama,Auburn,2025-11-30T00:30:00Z,0,1,401752784,2025-11-30T00:30Z,0.0,2,0,27,20,1,1
0x030670484e015147374759184314a1b79d249377f5f624bec6b1472ace22da17,cfb-charlt-tulane-2025-11-29,cfb,Charlotte 49ers,Tulane,2025-11-30T00:30:00Z,1,1,401762518,2025-11-30T00:30Z,0.0,2,0,0,27,1,1
0xef9c51bece8b8a8d4916a159783ea84998e55a9b38a380d7216d4c1d649d6bd1,cfb-ncar-ncst-2025-11-29,cfb,North Carolina,NC State,2025-11-30T00:30:00Z,1,1,401754612,2025-11-30T00:30Z,0.0,2,0,19,42,1,1
0xc179673c456295034e1ebd5126e91d0a79b294631ffc1e5d619bdabff31135e8,cfb-nw-ill-2025-11-29,cfb,Northwestern,Illinois,2025-11-30T00:30:00Z,1,1,401752922,2025-11-30T00:30Z,0.0,2,0,13,20,1,1
0xf30a0c6f656bd836157f04bd0f939c3b8401f5b5c1a2479cedd3e273564aff81,cfb-smu-cah-2025-11-29,cfb,SMU Mustangs,California,2025-11-30T01:00:00Z,1,1,401754609,2025-11-30T01:00Z,0.0,2,0,35,38,1,1
0xee47eefb7677e47379e4ce44a74dd0022c967ad2414a4595f18b4840f73141f7,cfb-unlv-nevada-2025-11-29,cfb,UNLV,Nevada Wolf Pack,2025-11-30T02:00:00Z,0,1,401760425,2025-11-30T02:00Z,0.0,2,0,42,17,1,1
0xaa049e24ea03705e4fc417772a330befd72c31969bfd89d1adf09d5433affdf1,cfb-frest-sjst-2025-11-29,cfb,Fresno State,San Jose State,2025-11-30T03:30:00Z,0,1,401760423,2025-11-30T03:30Z,0.0,2,0,41,14,1,1
0xfa7475e7579827dbea6b7b0825b72632f7264bfa675e006343fc3c5380ae065a,cfb-nd-stan-2025-11-29,cfb,Notre Dame,Stanford,2025-11-30T03:30:00Z,0,1,401754614,2025-11-30T03:30Z,0.0,2,0,49,20,1,1
0x2aa7238a1780723f6eb1a4e4bb1af709fdb7a190c1c0124f27bed140f25e3802,cfb-wyom-hawaii-2025-11-29,cfb,Wyoming,Hawaii,2025-11-30T04:00:00Z,1,1,401760424,2025-11-30T04:00Z,0.0,2,0,7,27,1,1
0xf7742406d5edcdaf4449833f64f2d9ec32da27cb0a0f05ce057447dcbd5f85d3,nfl-ari-tb-2025-11-30,nfl,Cardinals,Buccaneers,2025-11-30T18:00:00Z,1,1,401772895,2025-11-30T18:00Z,0.0,2,0,17,20,1,1
0x3ca2c3633c85a89015385adb51e3d22312649c27bd1cbd61b21f5bd004540f16,nfl-atl-nyj-2025-11-30,nfl,Falcons,Jets,2025-11-30T18:00:00Z,1,1,401772893,2025-11-30T18:00Z,0.0,2,0,24,27,1,1
0xa61c9b599232d07888c755c0ad7e47295d8562f4aaba9767999127e085e72325,nfl-hou-ind-2025-11-30,nfl,Texans,Colts,2025-11-30T18:00:00Z,0,1,401772787,2025-11-30T18:00Z,0.0,2,0,20,16,1,1
0xc8803b04ffbdd97046dc85c2c0581bf5f28807facd7bfdad690d782234b48b92,nfl-jax-ten-2025-11-30,nfl,Jaguars,Titans,2025-11-30T18:00:00Z,0,1,401772786,2025-11-30T18:00Z,0.0,2,0,25,3,1,1
0xb2857e4c6452956ad523b97218299259d66c7c79b45022d9287e18e31331902b,nfl-la-car-2025-11-30,nfl,LAR,Panthers,2025-11-30T18:00:00Z,1,1,401772894,2025-11-30T18:00Z,0.0,2,0,28,31,1,1
0x04f68fed65c7436d84cd952dd334c5fe543e54a32b0d7f148d494e1eb8301a13,nfl-no-mia-2025-11-30,nfl,Saints,Dolphins,2025-11-30T18:00:00Z,1,1,401772892,2025-11-30T18:00Z,0.0,2,0,17,21,1,1
0x9277b62d650c0cb5af272217c5fee25b81c757a98dcb645b677c2f42b247d868,nfl-sf-cle-2025-11-30,nfl,49ers,Browns,2025-11-30T18:00:00Z,0,1,401772785,2025-11-30T18:00Z,0.0,2,0,26,8,1,1
0xc8fac6008bd93871d0e948f30f3cc172f9fb2786fe3beac0937af2073ba76bf5,nfl-min-sea-2025-11-30,nfl,Vikings,Seahawks,2025-11-30T21:05:00Z,1,1,401772896,2025-11-30T21:05Z,0.0,2,0,0,26,1,1
0xd8e19473a9885cf6f5493723433806197b80d78154858120d770e6be0c67bd88,nfl-buf-pit-2025-11-30,nfl,Bills,Steelers,2025-11-30T21:25:00Z,0,1,401772789,2025-11-30T21:25Z,0.0,2,0,26,7,1,1
0xd7aaa38fddf1d03f45d67f0bed8c7b2b95bb3bfab6c2010f2d1bd8ef853fa0b1,nfl-lv-lac-2025-11-30,nfl,Raiders,Chargers,2025-11-30T21:25:00Z,1,1,401772788,2025-11-30T21:25Z,0.0,2,0,14,31,1,1
0x302bb4d901c8fe550edede68f63e113cc83ae0d910258516080e8c56c79a44ea,nfl-den-was-2025-11-30,nfl,Broncos,Commanders,2025-12-01T01:20:00Z,0,1,401772931,2025-12-01T01:20Z,0.0,2,0,27,26,1,1
0x8d5ec7deb35689142a556ef4bad22c3347bc4cd0da1a2839c7bc616d4de2f842,nfl-nyg-ne-2025-12-01,nfl,Giants,Patriots,2025-12-02T01:15:00Z,1,1,401772821,2025-12-02T01:15Z,0.0,2,0,15,33,1,1
0xe6f492eb15583ae324d43e987e3ad1b7bd1a86690b3b62a2843162278ff7af0e,nfl-dal-det-2025-12-04,nfl,Cowboys,Lions,2025-12-05T01:15:00Z,1,1,401772947,2025-12-05T01:15Z,0.0,2,0,30,44,1,1
0x5fcebdb312a214a6df068ee876c944ce449e95f6caf2fe50334528cab165bd87,cfb-kenest-jaxst-2025-12-05,cfb,Kennesaw State,Jacksonville State,2025-12-06T00:00:00Z,0,1,401777325,2025-12-06T00:00Z,0.0,2,0,19,15,1,1
0x4ee0244cd80af0ba47adcdec380abc18c62e5606570bd5a43043bebebfe505c8,cfb-troy-jmad-2025-12-05,cfb,Troy,James Madison,2025-12-06T00:00:00Z,1,1,401777352,2025-12-06T00:00Z,0.0,2,0,14,31,1,1
0x890583532a17ef17c9d196005c78168bc8399aa525059ace154574b7e0b0577d,cfb-ntx-tulane-2025-12-05,cfb,North Texas,Tulane,2025-12-06T01:00:00Z,1,1,401777324,2025-12-06T01:00Z,0.0,2,0,21,34,1,1
0xa5d3e2f41f8ef87d857f06900b8ba2bbce63058eb2328d72583a84dd985e111c,cfb-unlv-boise-2025-12-05,cfb,UNLV Runnin',Boise State,2025-12-06T01:00:00Z,1,1,401777326,2025-12-06T01:00Z,0.0,2,0,21,38,1,1
0x011aa7fab520552ff042b0198761e3eb9661f2438c2d982f251f5878d7270e21,cfb-byu-txtech-2025-12-06,cfb,BYU,Texas Tech Red Raiders,2025-12-06T17:00:00Z,1,1,401777327,2025-12-06T17:00Z,0.0,2,1,7,34,1,1
0x9c442cce0b9194db8ddab9a6059aacc290213a741c0ba156be53924a80b46ba8,cfb-miaoh-wmich-2025-12-06,cfb,Miami (OH),Western Michigan,2025-12-06T17:00:00Z,1,1,401777329,2025-12-06T17:00Z,0.0,2,1,13,23,1,1
0x9e6cd6af14268c1cb64014fb861a92795699d95c1d9a6ab54b9da66749c9069f,cfb-ga-ala-2025-12-06,cfb,Georgia,Alabama,2025-12-06T21:00:00Z,0,1,401777351,2025-12-06T21:00Z,0.0,2,1,28,7,1,1
0xbcb4a58ebaa239ab6dc2a86ab1b9a11b8dbf27b15e911d6686893168a1bdbe63,cfb-duke-vir-2025-12-06,cfb,Duke,Virginia,2025-12-07T01:00:00Z,0,1,401777328,2025-12-07T01:00Z,0.0,2,1,27,20,1,1
0x99c6571e36ee889a598ed57dc0cd7c72934e13ccafc739b81ef462536a1bbda8,cfb-ohiost-ind-2025-12-06,cfb,Ohio State,Indiana,2025-12-07T01:00:00Z,1,1,401777353,2025-12-07T01:00Z,0.0,2,1,10,13,0,1
0xde17506a2d490c50bc61120c0ea01b2d354d46deaee64951c78ab7c9d844ce15,nfl-cin-buf-2025-12-07,nfl,Bengals,Bills,2025-12-07T18:00:00Z,1,1,401772902,2025-12-07T18:00Z,0.0,2,0,34,39,1,1
0x70e64fbc50b7ae33b9b409d5302a5a920f2a39eca2d1c582970c75b58556884d,nfl-ind-jax-2025-12-07,nfl,Colts,Jaguars,2025-12-07T18:00:00Z,1,1,401772793,2025-12-07T18:00Z,0.0,2,0,19,36,1,1
0x8a3b6a72cb67360355ae39548c2c6315c621e5365ec5db313affbe67d5a9a658,nfl-mia-nyj-2025-12-07,nfl,Dolphins,Jets,2025-12-07T18:00:00Z,0,1,401772790,2025-12-07T18:00Z,0.0,2,0,34,10,1,1
0x2d862d0ae6e7abce0adb9c116e769e2e9c6af7050f48adcccf45c9a8b4c182a0,nfl-no-tb-2025-12-07,nfl,Saints,Buccaneers,2025-12-07T18:00:00Z,0,1,401772792,2025-12-07T18:00Z,0.0,2,0,24,20,1,1
0xa6306a4dc9e38a6a670a0f6806eb60414cb6a34ac75122a46470d21e91d5b1c9,nfl-pit-bal-2025-12-07,nfl,Steelers,Ravens,2025-12-07T18:00:00Z,0,1,401772791,2025-12-07T18:00Z,0.0,2,0,27,22,1,1
0x07fdb434a81996e35e05aeb4d7e8d9f79866a6ed435282489b50c9a781c0734a,nfl-sea-atl-2025-12-07,nfl,Seahawks,Falcons,2025-12-07T18:00:00Z,0,1,401772900,2025-12-07T18:00Z,0.0,2,0,37,9,1,1
0xc70dd85fb84ff5a7fabb683ae186c627984cdf84dab19eeabaaf4cad0798ac25,nfl-ten-cle-2025-12-07,nfl,Titans,Browns,2025-12-07T18:00:00Z,0,1,401772898,2025-12-07T18:00Z,0.0,2,0,31,29,1,1
0xf3cf254d616431b7610c0829d5b26c06cd33b3123dbfd59e75c98072b5c6be74,nfl-was-min-2025-12-07,nfl,Commanders,Vikings,2025-12-07T18:00:00Z,1,1,401772899,2025-12-07T18:00Z,0.0,2,0,0,31,1,1
0xd25640cf4d4cdf40fc7f6588730a80ff19b1902f58902a76514219748842c65a,nfl-den-lv-2025-12-07,nfl,Broncos,Raiders,2025-12-07T21:05:00Z,0,1,401772794,2025-12-07T21:05Z,0.0,2,0,24,17,1,1
0xe7aa655c5b36c563c2388a1ad2aee7e82c096a4ebe6ce0faa5389516593efb17,nfl-chi-gb-2025-12-07,nfl,Bears,Packers,2025-12-07T21:25:00Z,1,1,401772897,2025-12-07T21:25Z,0.0,2,0,21,28,1,1
0xf32f35850e555afdb655a8af329946a2dc04de3290999b0c14bbf7cb4123a160,nfl-la-ari-2025-12-07,nfl,LAR,Cardinals,2025-12-07T21:25:00Z,0,1,401772901,2025-12-07T21:25Z,0.0,2,0,45,17,1,1
0x61cf5315ec6aa4c6563e58a4736bdf89633ec2b5c9f2e2a6977cc7544cd6b916,nfl-hou-kc-2025-12-07,nfl,Texans,Chiefs,2025-12-08T01:20:00Z,0,1,401772932,2025-12-08T01:20Z,0.0,2,0,20,10,1,1
0x973a05cb855049840adb639aa0c927d4d0f5ee7cc383269a24256b39ec4cd2d9,nfl-phi-lac-2025-12-08,nfl,Eagles,Chargers,2025-12-08T20:15:00Z,1,1,401772822,2025-12-09T01:15Z,5.0,2,0,19,22,1,1
0x5afe56d5f7af27a3f41304325e8419244aff3852125f3af57702c67a203ee889,nfl-atl-tb-2025-12-11,nfl,Falcons,Buccaneers,2025-12-12T01:15:00Z,0,1,401772948,2025-12-12T01:15Z,0.0,2,0,29,28,1,1
0x47adc138a89d04c275543a8f97ea676ad69c0837e0442a5e9c9c9a9c466f000e,cfb-army-navy-2025-12-13,cfb,Army,Navy,2025-12-13T20:00:00Z,1,1,401762521,2025-12-13T20:00Z,0.0,2,1,16,17,1,1
0x2c87c6a3d81494b907167f6d59f366fb3d7119db7d2b815b0b22061cb2ed426c,cfb-boise-wash-2025-12-13,cfb,Boise State,Washington,2025-12-14T01:00:00Z,1,1,401778302,2025-12-14T01:00Z,0.0,3,1,10,38,1,1
0xa3cb3268c89acf56e5efbe7c2a0a63b01cc5e0e4c0805a7106327a1d9fd4b0e4,nfl-ari-hou-2025-12-14,nfl,Cardinals,Texans,2025-12-14T18:00:00Z,1,1,401772903,2025-12-14T18:00Z,0.0,2,0,20,40,1,1
0x6afc1778ee583775cf4b05499ce4cc34b4b4a3a7d7e351941a4c90c8e330014f,nfl-bal-cin-2025-12-14,nfl,Ravens,Bengals,2025-12-14T18:00:00Z,0,1,401772796,2025-12-14T18:00Z,0.0,2,0,24,0,1,1
0xa3e1a124a8fcb85e220a60e52049d1ebd2afb87fc8034ceaeb6567c8b968239e,nfl-buf-ne-2025-12-14,nfl,Bills,Patriots,2025-12-14T18:00:00Z,0,1,401772795,2025-12-14T18:00Z,0.0,2,0,35,31,1,1
0x622e7c2e3e246364be3d4790364d91fa1cffdbacf988a06509ed708b6d1f28d0,nfl-cle-chi-2025-12-14,nfl,Browns,Bears,2025-12-14T18:00:00Z,1,1,401772904,2025-12-14T18:00Z,0.0,2,0,3,31,1,1
0x1a3679091be1ff7d8a7f5d550155b5d893741c5e1afe00e52ded96510408ce5f,nfl-lac-kc-2025-12-14,nfl,Chargers,Chiefs,2025-12-14T18:00:00Z,0,1,401772798,2025-12-14T18:00Z,0.0,2,0,16,13,1,1
0xdd3b4e4caebb1e2db713d4d78c04b2531e1997d410dd6336463bb2e6328b9c62,nfl-lv-phi-2025-12-14,nfl,Raiders,Eagles,2025-12-14T18:00:00Z,1,1,401772906,2025-12-14T18:00Z,0.0,2,0,0,31,1,1
0x92299e316996773f93a97e601499297d9d2e20fa841499f1cf32977b1a834a65,nfl-nyj-jax-2025-12-14,nfl,Jets,Jaguars,2025-12-14T18:00:00Z,1,1,401772797,2025-12-14T18:00Z,0.0,2,0,20,48,1,1
0xf8b52d9991c5c5359412582c94a475d592168dd37ae6a8ec9a6b9e5bff0194cf,nfl-was-nyg-2025-12-14,nfl,Commanders,Giants,2025-12-14T18:00:00Z,0,1,401772905,2025-12-14T18:00Z,0.0,2,0,29,21,1,1
0xc486ecc53d9484cf29da644ec1855776ca93abde10c3f4a3fc8f13f22cbba24d,nfl-car-no-2025-12-14,nfl,Panthers,Saints,2025-12-14T21:25:00Z,1,1,401772908,2025-12-14T21:25Z,0.0,2,0,17,20,1,1
0x4896995cdcc973bba4ebe182f928324d168830308ff68eaedd9735a99ea963c0,nfl-det-la-2025-12-14,nfl,Lions,Rams,2025-12-14T21:25:00Z,1,1,401772909,2025-12-14T21:25Z,0.0,2,0,34,41,1,1
0x339b3403a13323a31c6004569650cfaa3300989345279df9b9a6fe1ce060caa6,nfl-gb-den-2025-12-14,nfl,Packers,Broncos,2025-12-14T21:25:00Z,1,1,401772800,2025-12-14T21:25Z,0.0,2,0,26,34,1,1
0x01c17682836c4df18653f18cb83b894592b1c7a883fb0ebb6878ec1bb48ea7d4,nfl-ind-sea-2025-12-14,nfl,Colts,Seahawks,2025-12-14T21:25:00Z,1,1,401772799,2025-12-14T21:25Z,0.0,2,0,16,18,1,1
0x72f3c89aee1abc48cb220a951325afc84b97c96dc25b583a1061a17ba0230fa2,nfl-ten-sf-2025-12-14,nfl,Titans,49ers,2025-12-14T21:25:00Z,1,1,401772907,2025-12-14T21:25Z,0.0,2,0,24,37,1,1
0x707bb157a2ea43d2da72c850141a668af164491e3b63e81cc2da10cda89e3dbf,nfl-min-dal-2025-12-14,nfl,Vikings,Cowboys,2025-12-15T01:20:00Z,0,1,401772933,2025-12-15T01:20Z,0.0,2,0,34,26,1,1
0x1f1ccfe2166c17a3b89a339b847e2e12966463a8631318aa54ad754646507381,nfl-mia-pit-2025-12-15,nfl,Dolphins,Steelers,2025-12-16T01:15:00Z,1,1,401772823,2025-12-16T01:15Z,0.0,2,0,15,28,1,1
0x067ce84d419e3269ef1055e1c396cfae0bc9bc41a9f7f5db37eacdd8bddf71cd,cfb-troy-jaxst-2025-12-16,cfb,Troy,Jacksonville State,2025-12-17T02:00:00Z,1,1,401778303,2025-12-17T02:00Z,0.0,3,1,13,17,1,1
0x6c4e44a1693702ad439d301b5002fee2f321326bf164b544bb1e1247677bbda9,cfb-old-sfl-2025-12-17,cfb,Old Dominion,South Florida,2025-12-17T22:00:00Z,0,1,401778304,2025-12-17T22:00Z,0.0,3,1,24,10,1,1
0x1408ded2189ff09b8800a85fa916d2716656243689539767ae690010f3189283,cfb-loulaf-del-2025-12-17,cfb,Louisiana-Lafayette,Delaware Fightin' Blue Hens,2025-12-18T01:30:00Z,1,0,,,,,,,,,
0x6749b632cb9df8883a4958aa5493e50f9bc71dd6597dcefaeb7ee401c2c790ae,nfl-la-sea-2025-12-18,nfl,Rams,Seahawks,2025-12-19T01:15:00Z,1,1,401772949,2025-12-19T01:15Z,0.0,2,0,37,38,1,1
0x4d350356f2b012c16642e69d89eca120ea9cf11c8e15e258928a2505e1e8944f,cfb-msrst-arkst-2025-12-18,cfb,Missouri State,Arkansas State,2025-12-19T02:00:00Z,1,1,401838053,2025-12-19T02:00Z,0.0,3,1,28,34,1,1
0xe3691ef0c2b54ba1da0b6359cdd6eb4f51e5e32ac6f56cc770d53a782ffa3130,cfb-kenest-wmich-2025-12-19,cfb,Kennesaw State,Western Michigan,2025-12-19T16:00:00Z,1,1,401778306,2025-12-19T16:00Z,0.0,3,1,6,41,1,1
0x13c1fbba9d91114340592de7ff94c4865d6d2011e5558d4afb1d4771a7c40c04,cfb-mphs-ncst-2025-12-19,cfb,Memphis,North Carolina State,2025-12-19T19:30:00Z,1,1,401778307,2025-12-19T19:30Z,0.0,3,1,7,31,1,1
0x94b10c0bfeda43011714c678f959b6c2429adf6bef06d4e1f7703a2b137d6ff0,cfb-ala-okl-2025-12-19,cfb,Alabama,Oklahoma,2025-12-20T01:00:00Z,0,1,401779840,2025-12-20T01:00Z,0.0,3,0,34,24,1,1
0xdf52833e285b6f8d3d341ca08aeee99b267fdff24b930eecf0290fa630886298,cfb-mia-txam-2025-12-20,cfb,Miami,Texas A&M,2025-12-20T17:00:00Z,0,1,401779841,2025-12-20T17:00Z,0.0,3,0,10,3,1,1
0x55de3b9daf2ccf4015016323cf8c5c0cc126c8bf8b6b501c702968c81ed0c2b8,cfb-tulane-miss-2025-12-20,cfb,Tulane,Ole Miss,2025-12-20T20:30:00Z,1,1,401779842,2025-12-20T20:30Z,0.0,3,0,10,41,1,1
0x483b9ff3369a7871e88de7c0d6cb10cadb334fb6dcad766f439b9cb69e14e827,nfl-phi-was-2025-12-20,nfl,Eagles,Commanders,2025-12-20T22:00:00Z,0,1,401772612,2025-12-20T22:00Z,0.0,2,0,29,18,1,1
0x919ad580715a7667477e1e9ad6c6933b4ae2c3f84d6b3486d0ac10bd2404d704,cfb-jmad-ore-2025-12-20,cfb,James Madison,Oregon,2025-12-21T00:30:00Z,1,1,401779843,2025-12-21T00:30Z,0.0,3,0,34,51,1,1
0xdc944e324af1531c6eb13636e109cae5f87268da1763f17f97f4f84be0356f99,nfl-gb-chi-2025-12-20,nfl,Packers,Bears,2025-12-21T01:20:00Z,1,1,401772613,2025-12-21T01:20Z,0.0,2,0,16,22,1,1
0x88a1edad9dc7b77efb8fb0b9ffc09aa6f112342cad5dfe3a6475eb99599c30ed,nfl-buf-cle-2025-12-21,nfl,Bills,Browns,2025-12-21T18:00:00Z,0,1,401772802,2025-12-21T18:00Z,0.0,2,0,23,20,1,1
0xd2e6ebae147d31c1e593ee1898e9aed2c72a618ea87e9fab79c09d112a5b49de,nfl-cin-mia-2025-12-21,nfl,Bengals,Dolphins,2025-12-21T18:00:00Z,0,1,401772934,2025-12-21T18:00Z,0.0,2,0,45,21,1,1
0x5beabbe6b27dc3778f3030fa8e263117deca467ca2bd598745f2c52077ed6367,nfl-kc-ten-2025-12-21,nfl,Chiefs,Titans,2025-12-21T18:00:00Z,1,1,401772803,2025-12-21T18:00Z,0.0,2,0,9,26,1,1
0x795106b05c543e7aaf06c998e07cc42a07287a6b234ee793cfe43b28200163c2,nfl-lac-dal-2025-12-21,nfl,Chargers,Cowboys,2025-12-21T18:00:00Z,0,1,401772910,2025-12-21T18:00Z,0.0,2,0,34,17,1,1
0x27541f1ebf40749d3a0ad7a381161ca5ae514fcea25ea7e632dc5140dcc39a03,nfl-min-nyg-2025-12-21,nfl,Vikings,Giants,2025-12-21T18:00:00Z,0,1,401772911,2025-12-21T18:00Z,0.0,2,0,16,13,1,1
0x59f8a6393b65feb7ec1c94376f1be0fa1b733c8b6962a085211dad05fa12f994,nfl-nyj-no-2025-12-21,nfl,Jets,Saints,2025-12-21T18:00:00Z,1,1,401772801,2025-12-21T18:00Z,0.0,2,0,6,29,1,1
0x0870868fef14ce6d9519b705688095782265b7fd6c4ed8d659ec4a2818b370ab,nfl-tb-car-2025-12-21,nfl,Buccaneers,Panthers,2025-12-21T18:00:00Z,1,1,401772912,2025-12-21T18:00Z,0.0,2,0,20,23,1,1
0x276f0a3a9032afa889f8e1b1dd67278cf74ed1e050c79b9af705f946467ab646,nfl-atl-ari-2025-12-21,nfl,Falcons,Cardinals,2025-12-21T21:05:00Z,0,1,401772914,2025-12-21T21:05Z,0.0,2,0,26,19,1,1
0x1297411bd6fc4c348beb7c40bb539c9c0ead7e52e2dd590dacc4c32cfd518697,nfl-jax-den-2025-12-21,nfl,Jaguars,Broncos,2025-12-21T21:05:00Z,0,1,401772913,2025-12-21T21:05Z,0.0,2,0,34,20,1,1
0x0e4ccd69c581deb1aad6f587083a4800d458d6a12f3d202418a53e0c40b18c5a,nfl-lv-hou-2025-12-21,nfl,Raiders,Texans,2025-12-21T21:25:00Z,1,1,401772805,2025-12-21T21:25Z,0.0,2,0,21,23,1,1
0x913b67f7c8b370247f1370cde82e3fd661a5449f2573ba271bce95d47c442784,nfl-pit-det-2025-12-21,nfl,Steelers,Lions,2025-12-21T21:25:00Z,0,1,401772806,2025-12-21T21:25Z,0.0,2,0,29,24,1,1
0x780408b161c548a5c66166ceda66e0d287ef60c2725c36acaeb0cb2bee1b3720,nfl-ne-bal-2025-12-21,nfl,Patriots,Ravens,2025-12-22T01:20:00Z,0,1,401772804,2025-12-22T01:20Z,0.0,2,0,28,24,1,1
0x31eafc75bdaa2f9f476774c9e87d05ca8f019a48c5e27b432e58b7271aba0270,cfb-washst-utahst-2025-12-22,cfb,Washington State,Utah State,2025-12-22T19:00:00Z,0,1,401778308,2025-12-22T19:00Z,0.0,3,1,34,21,1,1
0xfb54ac8652e65ab1312a33cf96a45204c56b879e20e9f24a09f0309eacf52950,nfl-sf-ind-2025-12-22,nfl,49ers,Colts,2025-12-23T01:15:00Z,0,1,401772824,2025-12-23T01:15Z,0.0,2,0,48,27,1,1
0x02e61f7e9053341e4df6e33118cfa145d116667e74989dec40df01c7394b3e8f,cfb-toledo-lou-2025-12-23,cfb,Toledo,Louisville,2025-12-23T19:00:00Z,1,1,401778309,2025-12-23T19:00Z,0.0,3,1,22,27,1,1
0xa1b2eccd54a266227099d0e8effa9659eeb6b34faf6594aca9ec9a1ed9e2150f,cfb-wkent-soumis-2025-12-23,cfb,Western Kentucky,Southern Miss,2025-12-23T22:30:00Z,0,1,401778310,2025-12-23T22:30Z,0.0,3,1,27,16,1,1
0x6d9e08485267bea7350b8f7b30bcd40a27fcfcbaa9b3654aab14dc67d2b8e0ef,cfb-unlv-ohio-2025-12-23,cfb,UNLV Runnin',Ohio,2025-12-24T02:00:00Z,1,1,401778311,2025-12-24T02:00Z,0.0,3,1,10,17,1,1
0xb46c7b524db0113c19a52cc55dae1a2bba8642c2dfca4ce56087f08abd8ac2bf,cfb-cah-hawaii-2025-12-24,cfb,California,Hawaii,2025-12-25T01:00:00Z,1,1,401778312,2025-12-25T01:00Z,0.0,3,0,31,35,1,1
0xb00dcbf2f2cee0af2aa925570566a05abec4870bc6eee7bd14ff7c25eb541459,nfl-det-min-2025-12-25,nfl,Lions,Vikings,2025-12-25T16:30:00Z,1,1,401772711,2025-12-25T21:30Z,5.0,2,0,10,23,1,1
0xe40c7aeec6181070cdd9bef07355ff33fa21292998a18d8420a16f909920f7f3,nfl-dal-was-2025-12-25,nfl,Cowboys,Commanders,2025-12-25T18:00:00Z,0,1,401772710,2025-12-25T18:00Z,0.0,2,0,30,23,1,1
0x946cb298dd24916efed1569a452d37722b79fdfc85e0dd860066f2056f977c33,nfl-den-kc-2025-12-25,nfl,Broncos,Chiefs,2025-12-25T20:15:00Z,0,1,401772622,2025-12-26T01:15Z,5.0,2,0,20,13,1,1
0xa088eec31efd7ee8c7726ed4099f7f18081b909aac17c048061fa4f3ec1e247d,cfb-cmich-nw-2025-12-26,cfb,Central Michigan,Northwestern,2025-12-26T18:00:00Z,1,1,401778313,2025-12-26T18:00Z,0.0,3,1,7,34,1,1
0xa3a4c9ed251610a458c1c65a207688705e4d54f92a2568477cb978e92fa3243f,cfb-nmx-minnst-2025-12-26,cfb,New Mexico,Minnesota,2025-12-26T21:30:00Z,1,1,401778314,2025-12-26T21:30Z,0.0,3,1,17,20,1,1
0x5e8b77936c0d0b5626d9894da08f3aaf17a63cf6cc41d4342c16c560146d800c,cfb-flint-utsa-2025-12-26,cfb,Florida International,UTSA Roadrunners,2025-12-27T01:00:00Z,1,1,401778315,2025-12-27T01:00Z,0.0,3,1,20,57,1,1
0xdd433eb665a94d9e44eb6c7669ce222fbfe21a526cdddc299d2531824ea583d5,cfb-pitt-ecar-2025-12-27,cfb,Pittsburgh,East Carolina,2025-12-27T16:00:00Z,1,1,401778316,2025-12-27T16:00Z,0.0,3,1,17,23,1,1
0xee0a9008bc7cd8ca9cbb779dfedf1c7c3a818c0a8974edc9c667108d5942bbe3,cfb-pennst-clmsn-2025-12-27,cfb,Penn State,Clemson,2025-12-27T17:00:00Z,0,1,401778317,2025-12-27T17:00Z,0.0,3,1,22,10,1,1
0x1b787318f1b1e314c126db6f6634a55982d777ac2a3ee5fe9418171bfda09d0b,cfb-uconn-army-2025-12-27,cfb,Connecticut,Army,2025-12-27T19:15:00Z,1,0,,,,,,,,,
0xae1bca95347afdb43c4f34f860b3e5b305abe6ae00451be7b9ccb946de297cb5,cfb-gtech-byu-2025-12-27,cfb,Georgia Tech,BYU,2025-12-27T20:30:00Z,1,1,401778319,2025-12-27T20:40Z,0.17,3,1,21,25,1,1
0xca476f0b362bfbf3b86d7a65be09d20b71f341dad57f95bc1bec4626f18a0dee,cfb-miaoh-frest-2025-12-27,cfb,Miami (OH),Fresno State,2025-12-27T21:30:00Z,1,1,401778320,2025-12-27T21:30Z,0.0,3,1,3,18,1,1
0x6a84be0c820e4eafcfd2227894c239cb600a4e8a0073e77cf67903ae015cc71e,nfl-hou-lac-2025-12-27,nfl,Texans,Chargers,2025-12-27T21:30:00Z,0,1,401772951,2025-12-27T21:30Z,0.0,2,0,20,16,1,1
0xdc492332092cfbf34abcd6b1ba105296b7dde36792ab9620409435027a40fb0f,cfb-ntx-sdst-2025-12-27,cfb,North Texas,San Diego State,2025-12-27T22:45:00Z,0,1,401778321,2025-12-27T22:45Z,0.0,3,1,49,47,1,1
0x0b9db1c7b693e2a477880af02ffe984180775dd3807c04102c7cc175dd35b5e1,cfb-vir-missr-2025-12-27,cfb,Virginia,Missouri,2025-12-28T00:30:00Z,0,1,401778322,2025-12-28T00:30Z,0.0,3,1,13,7,1,1
0x6afffb701b4227dbd4c399523a0ea7b9169614ad168ba852dd832afc8caeee86,nfl-bal-gb-2025-12-27,nfl,Ravens,Packers,2025-12-28T01:00:00Z,0,1,401772953,2025-12-28T01:00Z,0.0,2,0,41,24,1,1
0xb028f44a46be5e396af42aef8a281179ca8157bd7d73af6fe5f8435188554d65,cfb-lsu-hou-2025-12-27,cfb,LSU,Houston,2025-12-28T02:15:00Z,1,1,401778323,2025-12-28T02:20Z,0.08,3,1,35,38,1,1
0x2bbe918f885f7c4f36bdf7c2e12617c6b9412739411f2079d451cd3c76bfcc0f,nfl-ari-cin-2025-12-28,nfl,Cardinals,Bengals,2025-12-28T18:00:00Z,1,1,401772954,2025-12-28T18:00Z,0.0,2,0,14,37,1,1
0x7ff4d6d22663bf8a2b1bcc8ff8755e5cbe02853401770a41d94cfa8933e7cd05,nfl-jax-ind-2025-12-28,nfl,Jaguars,Colts,2025-12-28T18:00:00Z,0,1,401772915,2025-12-28T18:00Z,0.0,2,0,23,17,1,1
0xa604f00e480c14d84558fdd0cde53d074b7088ad3906f3293de47bac4e84ca03,nfl-ne-nyj-2025-12-28,nfl,Patriots,Jets,2025-12-28T18:00:00Z,0,1,401772808,2025-12-28T18:00Z,0.0,2,0,42,10,1,1
0x91857a9b110571a0671bfe7eecd0fe2fad6f9a72f19a186ee194e8d79a7d0e2d,nfl-no-ten-2025-12-28,nfl,Saints,Titans,2025-12-28T18:00:00Z,0,1,401772809,2025-12-28T18:00Z,0.0,2,0,34,26,1,1
0xc8573c0ad6b68fad53be3155a6b7d9ec9feb73ead2e687d6608e21db31fac060,nfl-pit-cle-2025-12-28,nfl,Steelers,Browns,2025-12-28T18:00:00Z,1,1,401772807,2025-12-28T18:00Z,0.0,2,0,6,13,1,1
0x54b2ed0354ae7892a806190d68601310f5d0e72dc30a256619a30d298bbd04bc,nfl-sea-car-2025-12-28,nfl,Seahawks,Panthers,2025-12-28T18:00:00Z,0,1,401772952,2025-12-28T18:00Z,0.0,2,0,27,10,1,1
0xe6453a6b4d324dbf466b2b487a8cae605efe1bb306781d6e20137a06e1d05629,nfl-tb-mia-2025-12-28,nfl,Buccaneers,Dolphins,2025-12-28T18:00:00Z,1,1,401772916,2025-12-28T18:00Z,0.0,2,0,17,20,1,1
0x8cb5903900be71bd747a87c038ba97f250900813035f19cbf71da366fac6c280,nfl-nyg-lv-2025-12-28,nfl,Giants,Raiders,2025-12-28T21:05:00Z,0,1,401772950,2025-12-28T21:05Z,0.0,2,0,34,10,1,1
0x1892e09a862f12c9b3488e14b3f4f87f3eb7fc92d2d8a6c4191337fb45c2d884,nfl-phi-buf-2025-12-28,nfl,Eagles,Bills,2025-12-28T21:25:00Z,0,1,401772917,2025-12-28T21:25Z,0.0,2,0,13,12,1,1
0x5543372edec0f4bd2a6d191a495b25dc69ed24f9c9d7018f73349e6683286ac9,nfl-chi-sf-2025-12-28,nfl,Bears,49ers,2025-12-29T01:20:00Z,1,1,401772935,2025-12-29T01:20Z,0.0,2,0,38,42,1,1
0x3fe771c902edd6bd1e2c05415c49903ec107a5b553c9d8208be6182ee4f3c045,cfb-gas-applst-2025-12-29,cfb,Georgia Southern,Appalachian State,2025-12-29T19:00:00Z,0,1,401778324,2025-12-29T19:00Z,0.0,3,1,29,10,1,1
0x7261b06fc5515452b81b4831e158fd45730cfb56b650518af48a0393a99bbfae,nfl-la-atl-2025-12-29,nfl,Rams,Falcons,2025-12-30T01:15:00Z,1,1,401772825,2025-12-30T01:15Z,0.0,2,0,24,27,1,1
0x174d29a135ce164ab0721ca4ea0bad870caa202d12a0ae8358b398cf8bcb1e60,cfb-coast-loutch-2025-12-30,cfb,Coastal Carolina Chanticleers,Louisiana Tech,2025-12-30T19:00:00Z,1,1,401778325,2025-12-30T19:00Z,0.0,3,1,14,23,1,1
0xb2fb7b609d963c87ca1cecefc28b6815fef48f9ba5f54715c6c36be21352a42d,cfb-tenn-ill-2025-12-30,cfb,Tennessee,Illinois,2025-12-30T22:30:00Z,1,1,401778326,2025-12-30T22:30Z,0.0,3,1,28,30,1,1
0xeffb4b076374698234b50e8625eaac98c91d1540b83c7e889e99528ca71f03d6,cfb-usc-tcu-2025-12-30,cfb,USC,TCU,2025-12-31T02:00:00Z,1,1,401778327,2025-12-31T02:00Z,0.0,3,1,27,30,1,1
0xd80d22805ec22f65da9774cb2cfeb93f7ade41257532c63b0dae91d863579d3e,cfb-iowa-vand-2025-12-31,cfb,Iowa,Vanderbilt,2025-12-31T17:00:00Z,0,1,401778328,2025-12-31T17:00Z,0.0,3,1,34,27,1,1
0x332d4c3d646e2f4972192e63f8ff48501b170d47448143053f350cc59cbff0a5,cfb-arzst-duke-2025-12-31,cfb,Arizona State,Duke,2025-12-31T19:00:00Z,1,1,401778329,2025-12-31T19:00Z,0.0,3,1,39,42,1,1
0xfcee59fe269cc903807e9f7c8634129e3fcbb5e247ba5248b4308ae888e46377,cfb-mich-tx-2025-12-31,cfb,Michigan,Texas,2025-12-31T20:00:00Z,1,1,401778330,2025-12-31T20:00Z,0.0,3,1,27,41,1,1
0x6c443d4699d763c363902f525149dd03f4730c39cd15e59e11b56005dff2cc97,cfb-nebr-utah-2025-12-31,cfb,Nebraska Cornhuskers,Utah,2025-12-31T20:30:00Z,1,1,401778331,2025-12-31T20:30Z,0.0,3,1,22,44,1,1
0xbd3a3e46de3aab7d3180e1981269041dac35dc338029568e3d503d9ed51bf446,cfb-mia-ohiost-2025-12-31,cfb,Miami,Ohio State,2026-01-01T00:30:00Z,0,1,401769070,2026-01-01T00:30Z,0.0,3,1,24,14,1,1
0x68730687766f5294a9840b6d3b7b57b8040d082dd69cffbcff899610decb8e17,cfb-ore-txtech-2026-01-01,cfb,Oregon,Texas Tech Red Raiders,2026-01-01T17:00:00Z,0,1,401769071,2026-01-01T17:00Z,0.0,3,1,23,0,1,1
0x404fd3f6a231ab1dc3e949c4c544b94d911e0597d3a4eef5b581ff9336601b34,cfb-ala-ind-2026-01-01,cfb,Alabama,Indiana,2026-01-01T21:00:00Z,1,1,401769072,2026-01-01T21:00Z,0.0,3,1,3,38,1,1
0x269b70d13789a587fde5b6482688ae5bb18c8de7e357ec5903c32948454ea849,cfb-miss-ga-2026-01-01,cfb,Ole Miss,Georgia,2026-01-02T01:00:00Z,0,1,401769073,2026-01-02T01:00Z,0.0,3,1,39,34,1,1
0x3c382a44091aa95f4611a73cd251d6edac0b3d98899a5aa4c5492749967c29f0,cfb-rice-txst-2026-01-02,cfb,Rice,Texas State,2026-01-02T18:00:00Z,1,1,401778332,2026-01-02T18:00Z,0.0,3,1,10,41,1,1
0x719f5d496d9dde30d3a386da3a4ec565fb4f89228d50beb8775a3541f07b70e5,cfb-navy-cin-2026-01-02,cfb,Navy,Cincinnati,2026-01-02T21:30:00Z,0,1,401778333,2026-01-02T21:30Z,0.0,3,1,35,13,1,1
0x33dedb90825583bcd0630d4e75764a455e77ebad0f5a1cb1c90cfe4bf06d4024,cfb-arz-smu-2026-01-02,cfb,Arizona,SMU Mustangs,2026-01-03T01:00:00Z,1,1,401831583,2026-01-03T01:00Z,0.0,3,1,19,24,1,1
0x36bf36e1f4f51efa58b32c1a361357ac1eb675c8106e036029340e833cfb91d2,cfb-wake-mspst-2026-01-02,cfb,Wake Forest,Mississippi State,2026-01-03T01:00:00Z,0,1,401778334,2026-01-03T01:00Z,0.0,3,1,43,29,1,1
0xa6535047a0fef371d1d1b44693508960eef82c53db3e311df0ad5c6b650d810f,nfl-car-tb-2026-01-04,nfl,Panthers,Buccaneers,2026-01-03T21:30:00Z,1,1,401772969,2026-01-03T21:30Z,0.0,2,0,14,16,1,1
0x386c70eb5b79e8d6b05bc371033387f0b9a5d93180429dfc6f13fc25dd526adb,nfl-sea-sf-2026-01-04,nfl,Seahawks,49ers,2026-01-04T01:00:00Z,0,1,401772961,2026-01-04T01:00Z,0.0,2,0,13,3,1,1
0xa85e6384d70d6c4554933012b3706dc6be564da7457e86d6257a6dbff55de47a,nfl-cle-cin-2026-01-04,nfl,Browns,Bengals,2026-01-04T18:00:00Z,0,1,401772964,2026-01-04T18:00Z,0.0,2,0,20,18,1,1
0x1f2b0f9708a817126007ad267eaa626116a0187c4ae50ea99883e7d4ef7b7249,nfl-dal-nyg-2026-01-04,nfl,Cowboys,Giants,2026-01-04T18:00:00Z,1,1,401772963,2026-01-04T18:00Z,0.0,2,0,17,34,1,1
0x26a2a6bda3dcda2750a7b022cb63350b23f1813c6da6ee1ef8f086539b5380b2,nfl-gb-min-2026-01-04,nfl,Packers,Vikings,2026-01-04T18:00:00Z,1,1,401772968,2026-01-04T18:00Z,0.0,2,0,3,16,1,1
0xd9882cb6645c3817dc4a7101661558d56e36d101433d8db8fac85730e01333e2,nfl-ind-hou-2026-01-04,nfl,Colts,Texans,2026-01-04T18:00:00Z,1,1,401772962,2026-01-04T18:00Z,0.0,2,0,30,38,1,1
0xee5a2f40b80ea982b65d885d29176075c665ce2764b059b5cdcb7f5022d99f78,nfl-no-atl-2026-01-04,nfl,Saints,Falcons,2026-01-04T18:00:00Z,1,1,401772966,2026-01-04T18:00Z,0.0,2,0,17,19,1,1
0x74d786eb72f4de44cb39da160a401bcd1a7c390ae03963c1dc13565cc337b9f5,nfl-ten-jax-2026-01-04,nfl,Titans,Jaguars,2026-01-04T18:00:00Z,1,1,401772970,2026-01-04T18:00Z,0.0,2,0,7,41,1,1
0xdaa4c05704bd2a091d3f68da5de24f4525e766a862084d33599c4a7a9cabff9d,nfl-ari-la-2026-01-04,nfl,Cardinals,Rams,2026-01-04T21:25:00Z,1,1,401772955,2026-01-04T21:25Z,0.0,2,0,20,37,1,1
0x4f1d9ad2092d7a2feb4f10509f3c5800298f071e9272e87c41a5a672d3b0ba82,nfl-det-chi-2026-01-04,nfl,Lions,Bears,2026-01-04T21:25:00Z,0,1,401772965,2026-01-04T21:25Z,0.0,2,0,19,16,1,1
0x7b718a0402aa0bb771e441d60402fef788a965c3a4b79d2de5fc053dc705cf45,nfl-kc-lv-2026-01-04,nfl,Chiefs,Raiders,2026-01-04T21:25:00Z,1,1,401772957,2026-01-04T21:25Z,0.0,2,0,12,14,1,1
0xa71983d3fd60496758d0da08c790b8720bf3eb4d5612b6f2df5d7f2ebb7a32f8,nfl-lac-den-2026-01-04,nfl,Chargers,Broncos,2026-01-04T21:25:00Z,1,1,401772956,2026-01-04T21:25Z,0.0,2,0,3,19,1,1
0x5a6e1c5925817f6cf7b5fe1d0eda853afe80a345cd5ab54319d8c73c591f829d,nfl-mia-ne-2026-01-04,nfl,Dolphins,Patriots,2026-01-04T21:25:00Z,1,1,401772958,2026-01-04T21:25Z,0.0,2,0,10,38,1,1
0x51ce2667ff49e6ccbba8a60880073fbfcbef8596995ad7c4143d264d0393fd2b,nfl-nyj-buf-2026-01-04,nfl,Jets,Bills,2026-01-04T21:25:00Z,1,1,401772967,2026-01-04T21:25Z,0.0,2,0,8,35,1,1
0x2c29b992f98bcfdb687312da18fbcfb76eec05886c9cb037043f480269a9a129,nfl-was-phi-2026-01-04,nfl,Commanders,Eagles,2026-01-04T21:25:00Z,0,1,401772959,2026-01-04T21:25Z,0.0,2,0,24,17,1,1
0x6fe48420bd2c25a2594d158487b08fbc12edd080ff8c3823566bc49fdc2e5b5c,nfl-bal-pit-2026-01-04,nfl,Ravens,Steelers,2026-01-05T01:20:00Z,1,1,401772960,2026-01-05T01:20Z,0.0,2,0,24,26,1,1
0x803ac6b12e576f42a2a6f531988a85bb0495f8d5f38eca633e091c4ee6e2f54a,cfb-mia-miss-2026-01-08,cfb,Miami,Ole Miss,2026-01-09T00:30:00Z,0,1,401769075,2026-01-09T00:30Z,0.0,3,1,31,27,1,1
0x99cc3bbbe311e157297c096850255c688c60c3b30eeeb9d673c67cfc0b49ed24,cfb-ore-ind-2026-01-09,cfb,Oregon,Indiana,2026-01-10T00:30:00Z,1,1,401769074,2026-01-10T00:30Z,0.0,3,1,22,56,1,1
0x32102e4ab8969621cab85949c3c571b5008a4aa30d31022fa659d0ed287686a9,nfl-la-car-2026-01-10,nfl,Rams,Panthers,2026-01-10T21:30:00Z,0,1,401772979,2026-01-10T21:30Z,0.0,3,0,34,31,1,1
0x889771fe1ffdfa067c4493ae89a11e1d2cb2699b0bb048e00ce8ba10d27dad84,nfl-gb-chi-2026-01-10,nfl,Packers,Bears,2026-01-11T01:00:00Z,1,1,401772981,2026-01-11T01:00Z,0.0,3,0,27,31,1,1
0x50d6d3fde46f4d141a22712e2a6f356edf8cdddff04242922e806a55ba97c2a8,nfl-buf-jax-2026-01-11,nfl,Bills,Jaguars,2026-01-11T18:00:00Z,0,1,401772977,2026-01-11T18:00Z,0.0,3,0,27,24,1,1
0xfc15a3210a81303405a1f9b21c73f27dc647364a7e08bace4778e652b813a4de,nfl-sf-phi-2026-01-11,nfl,49ers,Eagles,2026-01-11T21:30:00Z,0,1,401772980,2026-01-11T21:30Z,0.0,3,0,23,19,1,1
0xbbfeecdfdc7feeba06e18f21d13b250d0307bc34606796a8d47442618a19f4be,nfl-lac-ne-2026-01-11,nfl,Chargers,Patriots,2026-01-12T01:00:00Z,1,1,401772978,2026-01-12T01:15Z,0.25,3,0,3,16,1,1
0xbfa2065aca0ad40d731bb8d249e14bbffd54a57fe5bbeb6b438f714bf7a564eb,nfl-hou-pit-2026-01-12,nfl,Texans,Steelers,2026-01-13T01:15:00Z,0,1,401772976,2026-01-13T01:15Z,0.0,3,0,30,6,1,1
0x746f66fb1859ce9f795b0bbe0b4fede7666bfe4de95b2aa280296b25f763deee,nfl-buf-den-2026-01-17,nfl,Bills,Broncos,2026-01-17T21:30:00Z,1,1,401772982,2026-01-17T21:30Z,0.0,3,0,30,33,1,1
0x0328fd8fc790c29ec43d59eebd58067431a901a92451c001b9b55f4377779da3,nfl-sf-sea-2026-01-17,nfl,49ers,Seahawks,2026-01-18T01:00:00Z,1,1,401772984,2026-01-18T01:00Z,0.0,3,0,6,41,1,1
0x4195016305dc0e1b849be8f3a39721c57c9a2c9717b9a050abfd10014de03078,nfl-hou-ne-2026-01-18,nfl,Texans,Patriots,2026-01-18T20:00:00Z,1,1,401772983,2026-01-18T20:00Z,0.0,3,0,16,28,1,1
0xd08c51ab1dd3c9ea3ddaae80b06cc2aedf67f2609c52148a3465345bb1d6e49e,nfl-la-chi-2026-01-18,nfl,Rams,Bears,2026-01-18T23:30:00Z,0,1,401772985,2026-01-18T23:30Z,0.0,3,0,20,17,1,1
0x15d93d47ffd15f0283d73fe25fc61964035250382647c7fcd40cc92bad2cf8d5,cfb-mia-ind-2026-01-19,cfb,Miami,Indiana,2026-01-20T00:30:00Z,1,1,401769076,2026-01-20T00:30Z,0.0,3,0,21,27,1,1
0x393557eaf4c3ec53cf4a341d12263914944220359b6f02b703109ce220257641,nfl-ne-den-2026-01-25,nfl,Patriots,Broncos,2026-01-25T20:00:00Z,0,1,401772986,2026-01-25T20:00Z,0.0,3,0,10,7,1,1
0x0074ba8b521e1cb18ef3befdfa5e586a3d9c3b0aefae2eb2d80f99b1e594f7a1,nfl-la-sea-2026-01-25,nfl,Rams,Seahawks,2026-01-25T23:30:00Z,1,1,401772987,2026-01-25T23:30Z,0.0,3,0,27,31,1,1
0x204d24f3a0f5dd5fca825292bdeab6a97af3978b2caa2b21bb37e610eddfff5d,nfl-sea-ne-2026-02-08,nfl,Seahawks,Patriots,2026-02-08T23:30:00Z,0,1,401772988,2026-02-08T23:30Z,0.0,3,1,29,13,1,1
0xd0733676277270d804b2c93701d476d85d62e1d0444369e62e9e38687fc8864f,nfl-car-ari-2026-08-07,nfl,Panthers,Cardinals,2026-08-07T00:00:00Z,0,1,401873271,2026-08-07T00:00Z,0.0,1,1,33,30,1,1
0xa7a6ac07563a4e9f54379001a717a5a86d3ce12f1cd6932b1ea29c1f4a79d24b,nfl-det-cin-2026-08-13,nfl,Lions,Bengals,2026-08-13T23:00:00Z,1,1,401873272,2026-08-13T23:00Z,0.0,1,0,14,16,1,1
0x11f7a7f4b47f3f1af8518b3632451503b2f6fa2fb2540dc6b576589ae6726b72,nfl-gb-pit-2026-08-13,nfl,Packers,Steelers,2026-08-13T23:00:00Z,1,1,401873275,2026-08-13T23:00Z,0.0,1,0,9,28,1,1
0x46f6c75e9f8c7e1fc82f23de712875820c12feda2e9e8033f67fa083f16237b6,nfl-ari-lv-2026-08-14,nfl,Cardinals,Raiders,2026-08-14T00:00:00Z,0,1,401873640,2026-08-14T00:00Z,0.0,1,0,27,14,1,1
0x23564459d47cb1ba3293d2815e21836c01e97185b16932b38ff1694361f3f109,nfl-lac-hou-2026-08-14,nfl,Chargers,Texans,2026-08-14T00:00:00Z,0,1,401873274,2026-08-14T00:00Z,0.0,1,0,27,7,1,1
0x59bc53c46bcc5b0e2726fb2c430d79ace93549881df1753362655f30edf184d9,nfl-ten-sf-2026-08-14,nfl,Titans,49ers,2026-08-14T01:00:00Z,0,1,401874392,2026-08-14T01:00Z,0.0,1,0,19,13,1,1
0xfa981819b8e94c472dd1afd1bce5a7329d37088b7bd14d731c8e5b40a923595f,nfl-den-atl-2026-08-14,nfl,Broncos,Falcons,2026-08-14T23:00:00Z,0,1,401873278,2026-08-14T23:00Z,0.0,1,0,27,7,1,1
0xc237f89d8e90d39f2706465db1778ea29b8fe02264df5e1d37c5aff4ae8ff5ba,nfl-mia-was-2026-08-14,nfl,Dolphins,Commanders,2026-08-14T23:00:00Z,1,1,401873277,2026-08-14T23:00Z,0.0,1,0,7,20,1,1
0x3732724749dcdb9f1966f406a3e859f67833f5e4ae3ff37b73b52c68286301a9,nfl-tb-nyj-2026-08-14,nfl,Buccaneers,Jets,2026-08-14T23:00:00Z,0,1,401873276,2026-08-14T23:00Z,0.0,1,0,24,16,1,1
0x40a6fcffaee663da4502aee6eb18210124fab8973916731d5f18aa4aa47dc453,nfl-car-buf-2026-08-15,nfl,Panthers,Bills,2026-08-15T17:00:00Z,1,1,401873282,2026-08-15T17:00Z,0.0,1,0,14,29,1,1
0xf0699bfe01583f8ff081c9210b058be9e9c18e31e1c605f633e5503eb0fe7cb7,nfl-cle-chi-2026-08-15,nfl,Browns,Bears,2026-08-15T17:00:00Z,1,1,401874393,2026-08-15T17:00Z,0.0,1,0,10,34,1,1
0xac7ee13217e8e0c5db83311a95c2e1dd405a56a4fb5d19fdf8821a1931f5e55b,nfl-min-nyg-2026-08-15,nfl,Vikings,Giants,2026-08-15T17:00:00Z,0,1,401873280,2026-08-15T17:00Z,0.0,1,0,13,10,1,1
0xec612df8afc54826a076791f804ca823f0f5d7b9f83875429b949f92b213baf0,nfl-jax-no-2026-08-15,nfl,Jaguars,Saints,2026-08-15T20:00:00Z,0,1,401873281,2026-08-15T20:00Z,0.0,1,0,24,20,1,1
0x27194867945586a2bc6c0f4206762c93dcb4db4cc43cefa783082d7ba1b13dd7,nfl-la-kc-2026-08-15,nfl,Rams,Chiefs,2026-08-15T20:00:00Z,0,1,401873283,2026-08-15T20:00Z,0.0,1,0,20,12,1,1
0xedf1408b852696f5d9c8b6d053532cc9bae26a3b3497bbb0479c1ea23355e31b,nfl-phi-bal-2026-08-15,nfl,Eagles,Ravens,2026-08-15T23:00:00Z,1,1,401873284,2026-08-15T23:00Z,0.0,1,0,7,24,1,1
0x63aebfdc48252f554e97210d9768b04c7930a18559364f60b1d8ad41349add67,nfl-dal-sea-2026-08-16,nfl,Cowboys,Seahawks,2026-08-16T00:00:00Z,0,1,401873279,2026-08-16T00:00Z,0.0,1,0,17,7,1,1
0x275041c00bde19ef86a3dc1036c204d1c9b8731d24228472966cd9006942fd4f,nfl-sea-dal-2026-08-16,nfl,Seahawks,Cowboys,2026-08-16T00:00:00Z,1,1,401873279,2026-08-16T00:00Z,0.0,1,0,7,17,0,1
0xc016166a92698c0a45b9d7c7e97260cc9422b6ef806218e218134e45219c3728,nfl-lv-hou-2026-08-21,nfl,Raiders,Texans,2026-08-21T00:00:00Z,0,1,401873286,2026-08-21T00:00Z,0.0,1,0,22,20,1,1
0x19709c1bd74678c16a74a7037dd395335c0deec8ccde02986d0b07d13dfb0add,nfl-sf-lac-2026-08-21,nfl,49ers,Chargers,2026-08-21T02:00:00Z,0,1,401873285,2026-08-21T02:00Z,0.0,1,0,41,17,1,1
0xff0c4d0020c57e30cbeb782ec71046b7b4407814d2a8ae4a0fe01686e0475efb,nfl-nyj-pit-2026-08-21,nfl,Jets,Steelers,2026-08-21T23:00:00Z,0,1,401873288,2026-08-21T23:00Z,0.0,1,0,17,0,1,1
0x9e7305a1f44489eef9e70149dfd664891c5a9b68f6bef49bd8a446cdeffded1d,nfl-car-jax-2026-08-21,nfl,Panthers,Jaguars,2026-08-21T23:30:00Z,0,1,401873287,2026-08-21T23:30Z,0.0,1,0,34,17,1,1
0x648e60b83ef5700f1601d29dcaa1a1963e3884c26e54a842c01a9ffb510b174b,nfl-gb-den-2026-08-22,nfl,Packers,Broncos,2026-08-22T01:00:00Z,0,1,401873613,2026-08-22T01:00Z,0.0,1,0,33,13,1,1
0xbf43c995769602717931615ca5c1934213432e89ddc7c2546b28b9c360228a40,nfl-was-det-2026-08-22,nfl,Commanders,Lions,2026-08-22T16:00:00Z,1,1,401873601,2026-08-22T16:00Z,0.0,1,0,13,17,1,1
0x61ae4aca98fef666809e6455dba9ab82274bd983154604dded40178d2d4bed74,nfl-atl-ind-2026-08-22,nfl,Falcons,Colts,2026-08-22T17:00:00Z,0,1,401873295,2026-08-22T17:00Z,0.0,1,0,34,6,1,1
0x1a4b520d1036ecbcfcb00fe3a53e89b8b0b2701efdaa97ce4db5cf7d4ef85188,nfl-bal-min-2026-08-22,nfl,Ravens,Vikings,2026-08-22T17:00:00Z,0,1,401873291,2026-08-22T17:00Z,0.0,1,0,13,3,1,1
0xb976e960280af803c08fc12778795bdebbe917d746ecc3a1b2c30d943a04db7c,nfl-buf-cle-2026-08-22,nfl,Bills,Browns,2026-08-22T17:00:00Z,0,1,401873294,2026-08-22T17:00Z,0.0,1,0,31,7,1,1
0x09e3976edc0e8ed4f1bfeb54069cab9e86c326ac314763fbcb9f30027b6f0842,nfl-no-la-2026-08-22,nfl,Saints,Rams,2026-08-22T20:00:00Z,1,1,401873290,2026-08-22T20:00Z,0.0,1,0,0,34,1,1
0x57d7dafb476afbfdb611fb322e89920ccf881ed5781dcefceb0f940b86577046,nfl-nyg-mia-2026-08-22,nfl,Giants,Dolphins,2026-08-22T20:00:00Z,0,1,401873292,2026-08-22T20:00Z,0.0,1,0,26,3,1,1
0xb9df2fa1de09a39e05cd1f40acc99fc369c260bbbc8de5ab1859268bad4bb3a0,nfl-chi-cin-2026-08-22,nfl,Bears,Bengals,2026-08-22T23:00:00Z,1,1,401873289,2026-08-22T23:00Z,0.0,1,0,9,27,1,1
0x0721f8701f61a1b563634b4e0af8baaabd1ff8993dcd8edaaffc3e211dfad50a,nfl-phi-ne-2026-08-22,nfl,Eagles,Patriots,2026-08-22T23:00:00Z,1,1,401873293,2026-08-22T23:00Z,0.0,1,0,21,24,1,1
0x6ab2df9faee704e976f5a4fa473d7cfb7556375b5b368bc7f4d3adfe3d668c6c,nfl-kc-tb-2026-08-22,nfl,Chiefs,Buccaneers,2026-08-22T23:30:00Z,1,1,401873296,2026-08-22T23:30Z,0.0,1,0,15,16,1,1
0xac3d2326e387c2306d63c323535f2a593dca0389c04d9f920e517c9accc5f081,nfl-dal-ari-2026-08-23,nfl,Cowboys,Cardinals,2026-08-23T02:00:00Z,0,1,401874101,2026-08-23T02:00Z,0.0,1,0,34,13,1,1
0x7c83e1f889ddaf02b9e41091d1902f20a5f1f93cac9e04ad8f8451a889278aa3,nfl-sea-ten-2026-08-24,nfl,Seahawks,Titans,2026-08-24T00:00:00Z,1,1,401873297,2026-08-24T00:00Z,0.0,1,0,16,19,1,1
0x58256c6383f76a48477f5f4d9a07303edc5c34e17c7d3766253a728c1f42ffb3,cfb-maine-tows-2026-08-27,cfb,Maine,Towson,2026-08-27T22:00:00Z,0,1,401866532,2026-08-27T22:00Z,0.0,2,0,21,18,1,1
0xe0f73e78b19bd6ba971513327f0f3ae3839cd8d920b108301917d5928c5048b9,cfb-mhud34ce7-yngst-2026-08-27,cfb,Mercyhurst,Youngstown State,2026-08-27T22:00:00Z,1,1,401867894,2026-08-27T22:00Z,0.0,2,0,10,43,1,1
0xf34fddb0643c4f8bcfe2fdc83ac9ece1dc9946689ba06a4f805a666ae30c9033,cfb-ohdu-more-2026-08-27,cfb,Ohio Dominican,Morehead State,2026-08-27T22:00:00Z,0,1,401896383,2026-08-27T22:00Z,0.0,2,0,42,40,1,1
0x789148ad1d0b4eb72de71d7686e08633713dfdba0babcba7a4de2e6f91121f0b,cfb-stbr-delst-2026-08-27,cfb,Stony Brook,Delaware State,2026-08-27T22:00:00Z,1,1,401866615,2026-08-27T22:00Z,0.0,2,0,34,41,1,1
0xfce9e19e7b86f3c0f7d53ee55a7ef77de78302f01695e1b298fbcd35b02505fb,cfb-ausc-furman-2026-08-27,cfb,Anderson (SC),Furman,2026-08-27T23:00:00Z,1,1,401868373,2026-08-27T23:00Z,0.0,2,0,3,20,1,1
0x1937a2d084a1f51bcbce57a3b26181ed5785011c78de5b73fe5de40bb81a3e8b,cfb-chat-uwg-2026-08-27,cfb,Chattanooga,West Georgia,2026-08-27T23:00:00Z,0,1,401868240,2026-08-27T23:00Z,0.0,2,0,24,10,1,1
0xfc31ba621bcdd7aea6be1b8807c81bd3d663ce06473d3fe177c31c743dae62d6,cfb-chsou-jac-2026-08-27,cfb,Charleston Southern,Lindenwood,2026-08-27T23:00:00Z,1,1,401868169,2026-08-27T23:00Z,0.0,2,0,17,20,1,1
0xbb9a38660f520c5f50f738e19c39f06be22923c8e7c9c528c37d1c3b4c2a060d,cfb-cuwv-dav-2026-08-27,cfb,Concord,Davidson,2026-08-27T23:00:00Z,0,1,401896384,2026-08-27T23:00Z,0.0,2,0,41,35,1,1
0xfa38c8c0e7404aec156c197e3573867877cdc0028de8afc51a031a875ea502a4,cfb-eill-murst-2026-08-27,cfb,Eastern Illinois,Murray State,2026-08-27T23:00:00Z,0,1,401867865,2026-08-27T23:00Z,0.0,2,0,28,14,1,1
0xd50fd48352236429c41d8ab85b979f0cb6a949763e2cd5cdbebf3e38bb89114c,cfb-gardwb-ausp-2026-08-27,cfb,Gardner-Webb,Austin Peay,2026-08-27T23:00:00Z,1,1,401868060,2026-08-27T23:00Z,0.0,2,0,17,35,1,1
0x7ad89ec701327b96d99323c9c44df60caa723c51914713f638da0e6ee04ea947,cfb-gsc-elon-2026-08-27,cfb,Glenville State College,Elon,2026-08-27T23:00:00Z,1,0,,,,,,,,,
0xbbee10408705c6ff81ffa87ab47689487d3405b051cea355289d2992612681b4,cfb-houbap-selou-2026-08-27,cfb,Houston Christian,Southeastern Louisiana,2026-08-27T23:00:00Z,0,1,401868315,2026-08-27T23:00Z,0.0,2,0,34,28,1,1
0x5b4521f4a1c6db102f7da2b61ea01cc6c9b2320f3675c62ef7b9f9498acd97e7,cfb-msvlst-nichls-2026-08-27,cfb,Mississippi Valley State,Nicholls State,2026-08-27T23:00:00Z,1,1,401868962,2026-08-27T23:00Z,0.0,2,0,10,44,1,1
0xad98e103ad937e1e42f9844b612cca38834d0f27b8463de66bb3a9670a4b1624,cfb-nwia-will-2026-08-27,cfb,Northwestern (IA),Western Illinois,2026-08-27T23:00:00Z,1,1,401868204,2026-08-27T23:00Z,0.0,2,0,14,65,1,1
0x810193bbf727270c73ca608e0b88c798adcde72bf48cdafb020a4d560a374d9b,cfb-sill-uwfl-2026-08-27,cfb,Southern Illinois,West Florida,2026-08-27T23:00:00Z,1,1,401874035,2026-08-27T23:00Z,0.0,2,0,31,34,1,1
0x16135065fbfddf31cb77a33f55efa5d5a7f50e4182f077559543e165b0911797,cfb-uvaw-presb-2026-08-27,cfb,UVA Wise,Presbyterian,2026-08-27T23:00:00Z,1,1,401868273,2026-08-27T23:00Z,0.0,2,0,37,47,1,1
0xae8e260cbdac4020f57fee150b938275e5252475a04a59bc68309383153f393b,cfb-wsuf2ef8b-stmn-2026-08-27,cfb,Winona State,St. Thomas,2026-08-27T23:00:00Z,1,1,401868279,2026-08-27T23:00Z,0.0,2,0,9,15,1,1
0xa87886110df3cfa99b3ced07da5424a5115e4100461e70580e0d4721ab4bf21e,nfl-pit-buf-2026-08-27,nfl,Steelers,Bills,2026-08-27T23:00:00Z,1,1,401873298,2026-08-27T23:00Z,0.0,1,0,27,28,1,1
0xe7ded3a548df1ff231804ce33df9df6fe38fa679c4c76b4fda347db63d914f66,cfb-cark-tmrt-2026-08-27,cfb,Central Arkansas,Tennessee-Martin,2026-08-27T23:30:00Z,0,1,401868070,2026-08-27T23:30Z,0.0,2,0,36,24,1,1
0x244d6de821ca01bc821cbf1a8b52ae63536aa3ce8273c454ddd94fcad89f795c,cfb-sdsmt-drake-2026-08-27,cfb,South Dakota Mines,Drake,2026-08-27T23:30:00Z,0,1,401868254,2026-08-27T23:30Z,0.0,2,0,38,35,1,1
0xb518b01f51fb5bc26e3bf632860e8ec950f7c3b74f5483012d9230ade2d5c04f,cfb-lcdbfc25-nwst-2026-08-27,cfb,Louisiana Christian,Northwestern State,2026-08-28T00:00:00Z,0,1,401869128,2026-08-28T00:00Z,0.0,2,0,42,37,1,1
0x4f7f6d362d24de5ab99c444a4246983d2b3443234f8a254ccc8e553c9e9289bb,cfb-liub-ndak-2026-08-27,cfb,LIU,North Dakota,2026-08-28T00:00:00Z,1,1,401867874,2026-08-28T00:00Z,0.0,2,0,21,42,1,1
0x0bfee8a6270c5c25495312b2aede11f3bcb5657647c562739ca097ae20132c54,nfl-ne-cle-2026-08-28,nfl,Patriots,Browns,2026-08-28T00:00:00Z,1,1,401873299,2026-08-28T00:00Z,0.0,1,0,13,37,1,1
0xc2c2b58b5c2f091aa57cb802990c0fea28c137a16c2eea768c03148f4e5edc76,nfl-sf-lv-2026-08-28,nfl,49ers,Raiders,2026-08-28T00:00:00Z,0,1,401873641,2026-08-28T00:00Z,0.0,1,0,18,12,1,1
0x1a7a1c64e0252b17f609aa98cbb29be849e3e49cdd58092fe9b07194356451ea,nfl-la-lac-2026-08-28,nfl,Rams,Chargers,2026-08-28T02:00:00Z,0,1,401873300,2026-08-28T02:00Z,0.0,1,0,20,18,1,1
0x1e2a5cc3461827ff8edee933aab230dcfe4c0c886cb48d158b8bb9056b02a6a6,cfb-colg-fordm-2026-08-28,cfb,Colgate,Fordham,2026-08-28T22:00:00Z,0,1,401868007,2026-08-28T22:00Z,0.0,2,0,24,14,1,1
0x67aa457052e19625c0a1a372d4135681b0496931ad1f23bd7ca65eab54cd9a22,cfb-mrst-nhc-2026-08-28,cfb,Marist,New Haven,2026-08-28T22:00:00Z,1,1,401868261,2026-08-28T22:00Z,0.0,2,0,21,22,1,1
0xa75441ebd5dfcdfde3a9e5ab98c85f4d083d1950de3f1cc814b31ba4ab352bbb,cfb-ri-merri-2026-08-28,cfb,Rhode Island,Merrimack,2026-08-28T22:00:00Z,0,1,401866617,2026-08-28T22:00Z,0.0,2,0,34,7,1,1
0x792efc5daac9b395959a1cb23bf741bbc85b7a4fa706fb3bd339dad517464bfa,cfb-wm-vill-2026-08-28,cfb,William & Mary,Villanova,2026-08-28T22:00:00Z,0,1,401868040,2026-08-28T22:00Z,0.0,2,0,35,32,1,1
0xc8fb0816df52cc0dd7918874a919459a75c0e321d1c169d8cc47462e55b37c08,nfl-was-bal-2026-08-28,nfl,Commanders,Ravens,2026-08-28T22:00:00Z,1,1,401873302,2026-08-28T22:00Z,0.0,1,0,3,41,1,1
0x33f43e00d2fc7e2ba3fc08ce9f233507a19f6ac6b2752a4937985048e6e71bb8,cfb-nhamp-albny-2026-08-28,cfb,New Hampshire,University at Albany,2026-08-28T23:00:00Z,1,1,401866616,2026-08-28T23:00Z,0.0,2,0,14,28,1,1
0x03332a73f83bbe3df7a22c467227043bc12fbdc3c24eeb7f8b84b55f39c2dfa3,nfl-atl-mia-2026-08-28,nfl,Falcons,Dolphins,2026-08-28T23:00:00Z,0,1,401873304,2026-08-28T23:00Z,0.0,1,0,17,12,1,1
0x15186857a3f0a6147cc47568e6ae353c2d424111241433cb61e1756029bef617,nfl-hou-car-2026-08-28,nfl,Texans,Panthers,2026-08-28T23:00:00Z,1,1,401873307,2026-08-28T23:00Z,0.0,1,0,13,16,1,1
0xe8ade7eb152483d3b4dd93be6b840e5abb34a95910a46c85b540480b798eef84,nfl-nyg-nyj-2026-08-28,nfl,Giants,Jets,2026-08-28T23:30:00Z,0,1,401873303,2026-08-28T23:30Z,0.0,1,0,23,6,1,1
0xbfb02fdf68291aa308e9a74c111022712a5dacffc6cf8e6a71eb5f2d5166b1e0,nfl-tb-jax-2026-08-28,nfl,Buccaneers,Jaguars,2026-08-28T23:30:00Z,1,1,401873306,2026-08-28T23:30Z,0.0,1,0,0,19,1,1
0xb12bfb4775a93606b9c6898e10c0cddc29f95341f98638ffbe97daedd4968f63,nfl-ari-gb-2026-08-29,nfl,Cardinals,Packers,2026-08-29T00:00:00Z,1,1,401874102,2026-08-29T00:00Z,0.0,1,0,38,42,1,1
0x97dd6a3fe08f307653c7212990282baf4c0bff301f8651e223c3ab72895b095e,nfl-cin-phi-2026-08-29,nfl,Bengals,Eagles,2026-08-29T00:00:00Z,0,1,401873301,2026-08-29T00:00Z,0.0,1,0,30,13,1,1
0x39026367bd984abc985995b590665c4d6ba4f7e2f5af1b5ba094b0798bedd0c2,nfl-no-dal-2026-08-29,nfl,Saints,Cowboys,2026-08-29T00:00:00Z,0,1,401874048,2026-08-29T00:00Z,0.0,1,0,27,24,1,1
0x7b98833f2af6f13053026ae9edbcd89ce3dcb8f85dd24fb587b8056e8d637300,cfb-webst-ncol-2026-08-28,cfb,Weber State,Northern Colorado,2026-08-29T01:00:00Z,0,1,401868129,2026-08-29T01:00Z,0.0,2,0,30,29,1,1
0x64473c1b05bbb70d08e16dca0ed9a805e22de9579b4e07927637bc5b320afb1f,nfl-min-den-2026-08-29,nfl,Vikings,Broncos,2026-08-29T01:00:00Z,1,1,401873614,2026-08-29T01:00Z,0.0,1,0,6,34,1,1
0x1c011b6c49a65da45de1e81c2eab13ef3543351e19b507db339a577b16267264,cfb-idaho-calpol-2026-08-28,cfb,Idaho,Cal Poly,2026-08-29T02:00:00Z,1,1,401868073,2026-08-29T02:00Z,0.0,2,0,34,38,1,1
0x3f1fbb6e9ad564f9536bcb87d54c8be2fb14f9250950a423637ca1616cd97883,cfb-fairs-day-2026-08-29,cfb,Fairmont State,Dayton,2026-08-29T16:00:00Z,1,1,401868792,2026-08-29T16:00Z,0.0,2,0,20,43,1,1
0xa560f49e1916d628364008ee3d4969fec3527dc86b79183b1dbe1e34dbda23d9,cfb-ncar-tcu-2026-08-29,cfb,North Carolina,TCU,2026-08-29T16:00:00Z,0,1,401856766,2026-08-29T16:00Z,0.0,2,1,15,10,1,1
0x49832260717bb76cbc9f931de8518e2529a51756df18ccf38cf8b5d2619ff444,cfb-robms-wag-2026-08-29,cfb,Robert Morris,Wagner,2026-08-29T16:00:00Z,0,1,401867916,2026-08-29T16:00Z,0.0,2,0,28,7,1,1
0x300d072fffe1cd71cb111563697cab910dc82065547b7a1eafdada48a391db0b,cfb-gcba4009-but-2026-08-29,cfb,Georgetown College,Butler,2026-08-29T17:00:00Z,1,0,,,,,,,,,
0x54b25daf6d485412067bbc6961dc9173e6ef6cc15bb54cb0d9a8a97f106162e2,cfb-roos-chs-2026-08-29,cfb,Roosevelt,Chicago State,2026-08-29T17:00:00Z,0,1,401869156,2026-08-29T17:00Z,0.0,2,0,44,28,1,1
0xe4b46d681cddef8680477c4ce373b4348d6b38aefbedfccd0c427d03c817d176,nfl-det-ind-2026-08-29,nfl,Lions,Colts,2026-08-29T17:00:00Z,0,1,401873308,2026-08-29T17:00Z,0.0,1,0,25,16,1,1
0x48def4c9536126e362accc03220a43050540581cba3a0691c32b579aa6fa1f5d,cfb-cencon-sdak-2026-08-29,cfb,Central Connecticut State,South Dakota,2026-08-29T18:00:00Z,1,1,401867882,2026-08-29T18:00Z,0.0,2,0,20,59,1,1
0x8a70cce2146603914bb4b6216e6f62e9b5b1d4585916d996e78e7241abeed5ae,cfb-lawt-valp-2026-08-29,cfb,Lawrence Tech,Valparaiso,2026-08-29T18:00:00Z,1,1,401868288,2026-08-29T18:00Z,0.0,2,0,13,59,1,1
0x1d8cb82afa530a577e4d00508baeefc8e228c201b4de5910eedb05d3a6f9ffdc,cfb-sjst-usc-2026-08-29,cfb,San Jose State,USC,2026-08-29T19:00:00Z,1,1,401864494,2026-08-29T19:00Z,0.0,2,0,26,42,1,1
0x6e4b55143095a34d5e798af410fe80db1c04326ddb532ab43510ee5a39d7ab4e,cfb-south-alast-2026-08-29,cfb,Southern University,Alabama State,2026-08-29T19:00:00Z,1,1,401868324,2026-08-29T19:00Z,0.0,2,1,17,30,0,1
0x57b57be43cbf63fc66c5c202d8d7bcc42c1c4a32ddc7c2f6291bb4a4b29c3d17,cfb-ucdv-portst-2026-08-29,cfb,UC Davis,Portland State,2026-08-29T19:00:00Z,0,1,401868154,2026-08-29T19:00Z,0.0,2,0,31,24,1,1
0x06d8b4f8a0410eb11dc53fa7e44f6850b82d6eb37ec787291e7019ecda6bd038,cfb-lehi-holy-2026-08-29,cfb,Lehigh,Holy Cross,2026-08-29T19:30:00Z,0,1,401868022,2026-08-29T19:30Z,0.0,2,0,35,10,1,1
0x3dfdff95840af493565cc3301a4cc624fa6e77468758352c917c8837cded4357,cfb-ncst-vir-2026-08-29,cfb,North Carolina State,Virginia,2026-08-29T19:30:00Z,1,1,401858202,2026-08-29T19:30Z,0.0,2,0,8,34,1,1
0x484e2c0378eb7981a76d3f1706b46d2753afd953cddb243e2f52ce97d6dd2b7e,cfb-ewash-narz-2026-08-29,cfb,Eastern Washington,Northern Arizona,2026-08-29T21:00:00Z,1,1,401868084,2026-08-29T21:00Z,0.0,2,0,27,34,1,1
0xeb2a52611167f8300de0f7796927d012a1e2615d9f2e01c475f78c5571307e5f,cfb-camp-etnst-2026-08-29,cfb,Campbell,East Tennessee State,2026-08-29T21:30:00Z,0,1,401866620,2026-08-29T21:30Z,0.0,2,0,49,37,1,1
0x78d124d8107ee388a951364e9844e9456f8f090ec7208044670e069e5e85ec4c,cfb-jaxst-ndkst-2026-08-29,cfb,Jacksonville State,North Dakota State Bison,2026-08-29T21:30:00Z,1,1,401864577,2026-08-29T21:30Z,0.0,2,0,7,33,1,1
0x5362338de35192b86b9392ce6eddc66c80ef527c498e94e4a12732355b06d4e6,cfb-bryant-stnh-2026-08-29,cfb,Bryant,Stonehill,2026-08-29T22:00:00Z,0,1,401866619,2026-08-29T22:00Z,0.0,2,0,24,6,1,1
0xd1d7bfc454cb6281c5383aff6d053e6ddb1e71a8f6f8d402ca689e667366a467,cfb-buck-rich-2026-08-29,cfb,Bucknell,Richmond,2026-08-29T22:00:00Z,1,1,401867988,2026-08-29T22:00Z,0.0,2,0,14,35,1,1
0x2e3adf71ffcc196e80f70eaf61187ab8b5296382ad7b0117cc062db97106e187,cfb-cita-woff-2026-08-29,cfb,The Citadel,Wofford,2026-08-29T22:00:00Z,1,1,401868394,2026-08-29T22:00Z,0.0,2,0,14,42,1,1
0x1ba19015ba49e96cff5a3ab37b068c890ae88abad959e25c816e7b537fcbf8e3,cfb-morgst-ncat-2026-08-29,cfb,Morgan State,North Carolina A&T,2026-08-29T22:00:00Z,0,1,401866618,2026-08-29T22:00Z,0.0,2,0,17,7,1,1
0xf6425ba3d033dc9c8f9be32a35a5fd692e1c3076c8e29f855609eee8e17da9e6,cfb-savst-scarst-2026-08-29,cfb,Savannah State,South Carolina State,2026-08-29T22:00:00Z,1,1,401867982,2026-08-29T22:00Z,0.0,2,0,0,87,1,1
0x6aeee661a762644b0bc5f680a07f7ad52c0179e36198f4cc001de9bcede9ab98,cfb-semst-indst-2026-08-29,cfb,Southeast Missouri State,Indiana State,2026-08-29T22:00:00Z,0,1,401867855,2026-08-29T22:00Z,0.0,2,0,23,21,1,1
0x44a725af330242180a68974b7cd7442c520b3adeb6b85dc5bcf7161f9d9cae01,cfb-vamil-idhst-2026-08-29,cfb,VMI,Idaho State,2026-08-29T22:00:00Z,1,1,401868101,2026-08-29T22:00Z,0.0,2,0,10,38,1,1
0xdd1b568fb8bf150afc608fc4d1e4c9f1662ab32e9860b613457a6ffb57dbc346,cfb-vlb-hamp-2026-08-29,cfb,Virginia-Lynchburg,Hampton,2026-08-29T22:00:00Z,1,1,401866613,2026-08-29T22:00Z,0.0,2,0,0,45,1,1
0xf0e5f1f0d8a19ab0267ceb85a2e4a03e212f4c206fb79b9982ec81631f2f91cf,cfb-wssu-norfst-2026-08-29,cfb,Winston-Salem State,Norfolk State,2026-08-29T22:00:00Z,1,0,,,,,,,,,
0xa24b55990354cbcd185050d5f8c2086c84632315fff70e09f4351a1b1771b6fd,nfl-chi-ten-2026-08-29,nfl,Bears,Titans,2026-08-29T22:00:00Z,0,1,401874394,2026-08-29T22:00Z,0.0,1,0,24,15,1,1
0x7cf4c47aabdf3dadf9d9ce1ca3177616bc3e1c09429832e41c2eada908ec4a39,cfb-sacst-emich-2026-08-29,cfb,Sacramento State Hornets,Eastern Michigan,2026-08-29T22:30:00Z,1,1,401866408,2026-08-29T22:30Z,0.0,2,0,17,28,1,1
0x1a1e4ed4e22979b93739e05a3f45b3ebde3169955a51d69d4e9d6f13c8a21042,cfb-abchr-lamar-2026-08-29,cfb,Abilene Christian,Lamar,2026-08-29T23:00:00Z,1,1,401868049,2026-08-29T23:00Z,0.0,2,0,14,21,1,1
0xfed29421e14bc33c765712abe571d02d25d4b8d8a32a21d200bebdc7b073a794,cfb-alsu-flam-2026-08-29,cfb,Albany State,Florida A&M,2026-08-29T23:00:00Z,1,1,401868948,2026-08-29T23:00Z,0.0,2,0,7,20,1,1
0x8827eb316260225495158449f9300db259d0e5f3afa063d5d79d0a1df99776ab,cfb-cau-grmbst-2026-08-29,cfb,Clark Atlanta,Grambling State,2026-08-29T23:00:00Z,1,1,401868952,2026-08-29T23:00Z,0.0,2,0,7,49,1,1
0x29b513b2f8c60c0ea887348ba7e73e484ffa31c9cf2347b94011df54626c0d23,cfb-ekent-wcar-2026-08-29,cfb,Eastern Kentucky,Western Carolina,2026-08-29T23:00:00Z,1,1,401868139,2026-08-29T23:00Z,0.0,2,0,21,45,1,1
0xc5938dc2da17f93c25159c8e1a45499f4ec64d26e98e981acf384b37e598c53e,cfb-hawaii-stan-2026-08-29,cfb,Hawaii,Stanford,2026-08-29T23:00:00Z,1,1,401858201,2026-08-29T23:00Z,0.0,2,0,27,37,1,1
0x54063f477cd834697dd8035709c589ef77bb4582369561a021904eab6c835800,cfb-mc-arpb-2026-08-29,cfb,Morehouse,Arkansas-Pine Bluff,2026-08-29T23:00:00Z,1,1,401868934,2026-08-29T23:00Z,0.0,2,1,15,35,1,1
0x5240d63dd2b2c5e9988630d51ddb32da3f0890374d5abdab2f326a443c31e1d4,cfb-miles-alcst-2026-08-29,cfb,Miles,Alcorn State,2026-08-29T23:00:00Z,1,1,401896385,2026-08-29T23:00Z,0.0,2,0,7,56,1,1
0xadd220d9db553155abae78ea93bc7b3b111edc9ab909a0b4daa125c141fefb9e,cfb-monm-tentch-2026-08-29,cfb,Monmouth,Tennessee Tech,2026-08-29T23:00:00Z,1,1,401866621,2026-08-29T23:00Z,0.0,2,0,14,38,1,1
0x9d7608c26db1c8c0eaab0702c9dfd07962128a0c9cbc2cb73db0c24dfee9153b,cfb-ncc-txs-2026-08-29,cfb,North Carolina Central,Texas Southern,2026-08-29T23:00:00Z,1,1,401867977,2026-08-29T23:00Z,0.0,2,0,30,42,1,1
0x284a560ef43e39a7af9a8b8cd5016d8dd6ad7c3248c6febccd654428bc645882,cfb-nmxst-flst-2026-08-29,cfb,New Mexico State,Florida State,2026-08-29T23:00:00Z,1,1,401864570,2026-08-29T23:00Z,0.0,2,0,17,34,1,1
0xc87221eeb843e43224d7e7193739f72aabbb8dcd54fbef2496ae76291b6e0554,cfb-opsu-incar-2026-08-29,cfb,Oklahoma Panhandle State,Incarnate Word,2026-08-29T23:00:00Z,1,1,401913104,2026-08-29T23:00Z,0.0,2,0,14,76,1,1
0x91a8d505b4a5004f786ed78f1c1d8aca2c77524d3565b208ecac9c0d4bd32d01,cfb-samf-nal-2026-08-29,cfb,Samford,North Alabama,2026-08-29T23:00:00Z,1,1,401868149,2026-08-29T23:00Z,0.0,2,1,10,22,1,1
0xfd8e4eeb0c2f588017ac4be6761eeb76788f210c4021802f0a354a13d3cc39f0,cfb-sfaus-mcnst-2026-08-29,cfb,Stephen F. Austin,McNeese,2026-08-29T23:00:00Z,0,1,401868305,2026-08-29T23:00Z,0.0,2,0,38,27,1,1
0xce0ff41edb034be49514405ad5647a8fe178b775bae0e33ed511dcf61e5dfe10,cfb-sfil-illst-2026-08-29,cfb,St. Francis (IL),Illinois State,2026-08-29T23:00:00Z,1,1,401891332,2026-08-29T23:00Z,0.0,2,0,0,76,1,1
0xbf2cb2a500b1be93c6c8fa5bb3aab64202ff4208732bcd276ffb12af07988159,cfb-stet-sdkst-2026-08-29,cfb,Stetson,South Dakota State,2026-08-29T23:00:00Z,1,1,401872615,2026-08-29T23:00Z,0.0,2,0,7,70,1,1
0xf992e6a4264617b57c3017bc1b1ea6c99981407cc2333333c0557984b651bf41,cfb-txamc-merc-2026-08-29,cfb,East Texas A&M,Mercer,2026-08-29T23:00:00Z,1,1,401874042,2026-08-29T23:00Z,0.0,2,0,15,23,1,1
0xa90e3b5b3424babbb4d7c5292eb5dfe2387a18eb886d85ca2693b3f5cf2b7730,cfb-alaam-howrd-2026-08-29,cfb,Alabama A&M,Howard,2026-08-29T23:30:00Z,1,1,401867935,2026-08-29T23:30Z,0.0,2,1,24,31,0,1
0x8d8abba239ebc298b68a2c8eb822da56f4b05489c64f0ca4ad2aedb934175850,cfb-utpb-utrgv-2026-08-29,cfb,Texas Permian Basin,UT Rio Grande Valley,2026-08-30T00:00:00Z,1,0,,,,,,,,,
0xfb78af6bf4324e4d509ebd84f3682a4dcb1cc775463417ef63faf4f6b3ab83a7,cfb-jackst-tenst-2026-08-29,cfb,Jackson State,Tennessee State,2026-08-30T00:30:00Z,0,1,401868194,2026-08-30T00:30Z,0.0,2,0,26,24,1,1
0x7be65ddc93496dc47531dee8f5ded9b6bd2dd2b5a157fbdfad0e462cd817086b,cfb-pvam-tarl-2026-08-29,cfb,Prairie View A&M,Tarleton State,2026-08-30T01:00:00Z,1,1,401868235,2026-08-30T01:00Z,0.0,2,0,30,49,1,1
0xc325db38d11ffb7bbaf30fc169af17c19db5ed3c79fe4964497d75cd55ea92a3,cfb-sutah-mont-2026-08-29,cfb,Southern Utah,Montana,2026-08-30T01:00:00Z,1,1,401868110,2026-08-30T01:00Z,0.0,2,0,21,28,1,1
0xfe5bf072dc8ecfb9a7370b9d3a0397d2cbd27f4d7c2a40099fa7f1919707ebb3,cfb-monst-dxst-2026-08-29,cfb,Montana State,Utah Tech,2026-08-30T02:00:00Z,0,1,401868118,2026-08-30T02:00Z,0.0,2,0,54,0,1,1
0x648372009a7dd9f7507ebe098d8c4e940234da0db606d3a351eb9abd4fd4e386,cfb-mphs-unlv-2026-08-30,cfb,Memphis,UNLV Runnin',2026-08-30T02:00:00Z,0,1,401862693,2026-08-30T02:00Z,0.0,2,0,27,21,1,1
0x2594e2e10c128e4a1ec9b9228a08add90802179cfbc073cbf84723b92b30f46b,cfb-kcu-more-2026-09-03,cfb,Kentucky Christian,Morehead State,2026-09-03T22:00:00Z,1,1,401868269,2026-09-03T22:00Z,0.0,2,0,24,75,1,1
0x07092beb773851490b17af757e8ff22aa324b6b83d65e77ca0b41ace47e2b4fc,cfb-umass-rutger-2026-09-03,cfb,UMass,Rutgers,2026-09-03T22:00:00Z,0,1,401858423,2026-09-03T22:00Z,0.0,2,0,37,21,1,1
0x793d4b5332c10108ff6222fb7ed5a94e6180cfcb792b38f2e3ed366418f00bbd,cfb-akron-wake-2026-09-03,cfb,Akron,Wake Forest,2026-09-03T23:00:00Z,1,1,401858204,2026-09-03T23:00Z,0.0,2,0,16,38,1,1
0xf6e7fb50006d4790e111a0d55987334ff4d670f81c29d4a3dfdcb6b680169a1b,cfb-albny-buf-2026-09-03,cfb,University at Albany,Buffalo,2026-09-03T23:00:00Z,1,1,401866409,2026-09-03T23:00Z,0.0,2,0,17,21,1,1
0x0b85ed078846626f6a1b2e2f5f0fa38324aa1721fea279904ff9f3db511a3c04,cfb-bcook-ucf-2026-09-03,cfb,Bethune-Cookman,UCF,2026-09-03T23:00:00Z,1,1,401856767,2026-09-03T23:00Z,0.0,2,0,6,73,1,1
0xd60daabb51b67b5c64ffaa3fe6c6af353f667a8747e90f0a7420e0cbdb37e5b8,cfb-jac-stbr-2026-09-03,cfb,Lindenwood,Stony Brook,2026-09-03T23:00:00Z,1,1,401866622,2026-09-03T23:00Z,0.0,2,0,32,36,1,1
0xfcf27dc794ee6b7e5da9227220cfd773bc913e1b882fb845e8abb6e3c04b9e4b,cfb-merri-del-2026-09-03,cfb,Merrimack,Delaware,2026-09-03T23:00:00Z,1,1,401864424,2026-09-03T23:00Z,0.0,2,0,7,42,1,1
0xafa6358e7b2a9c9625f610daa98d30388334084bd64f7d0637e3ddd536d33b6e,cfb-sill-samf-2026-09-03,cfb,Southern Illinois,Samford,2026-09-03T23:00:00Z,0,1,401867889,2026-09-03T23:00Z,0.0,2,0,22,18,1,1
0x694f4d90281df503fe848ba192bac3c8eff9e0da0bb7aad0e9467f8b9785024b,cfb-uwg-kenest-2026-09-03,cfb,West Georgia,Kennesaw State,2026-09-03T23:00:00Z,1,1,401864425,2026-09-03T23:00Z,0.0,2,0,0,47,1,1
0xb2bfad1e151ba25cc136fe6a9e49f867a11a0c8551179477ed97f8352ab6b5b7,cfb-arpb-missr-2026-09-03,cfb,Arkansas-Pine Bluff,Missouri,2026-09-04T00:00:00Z,1,1,401856663,2026-09-04T00:00Z,0.0,2,0,14,54,1,1
0xb841e986cd07605588527c5410edfffa9b6fec3f420798607054ac1a075e3e4d,cfb-col-gtech-2026-09-03,cfb,Colorado,Georgia Tech,2026-09-04T00:00:00Z,0,1,401856776,2026-09-04T00:00Z,0.0,2,0,14,13,1,1
0x5a0070ce6a12d3ba69aec69cf10da69ba18c4e17b3b274fb1955bbb6d7f7b371,cfb-eill-minnst-2026-09-03,cfb,Eastern Illinois,Minnesota,2026-09-04T00:00:00Z,1,1,401858422,2026-09-04T00:00Z,0.0,2,0,7,59,1,1
0x0a2913f89ced6d535ff73a47ae22833ffd2c0c66bd44748a3b126a24648c8f1f,cfb-idaho-utah-2026-09-03,cfb,Idaho,Utah,2026-09-04T01:00:00Z,1,1,401856768,2026-09-04T01:00Z,0.0,2,0,14,66,1,1
0xaf75e95cb4c9adfa90fe7818d8a6b7edf96a549ce87df55f595522618cf3d19c,cfb-uab-ill-2026-09-03,cfb,UAB,Illinois,2026-09-04T01:00:00Z,1,1,401858424,2026-09-04T01:00Z,0.0,2,0,23,42,1,1
0x41c12c0285f45cdac97324739f29ba5f8918b9b73fe853a0d1d9efd6f991eec1,cfb-sjst-emich-2026-09-04,cfb,San Jose State,Eastern Michigan,2026-09-04T22:30:00Z,0,1,401864495,2026-09-04T22:30Z,0.0,2,0,27,21,1,1
0x2c26b7e5cfff2ab6db5a2fa52ee4f84d3d179d109dc984ec42fa0982f76e36a5,cfb-fpu-mrst-2026-09-04,cfb,Franklin Pierce,Marist,2026-09-04T23:00:00Z,1,1,401868262,2026-09-04T23:00Z,0.0,2,0,18,27,1,1
0x6c364ce4d6120c492421ec39b4a9c4308bbe274bf48084f0932005b6fba698c3,cfb-indst-pur-2026-09-04,cfb,Indiana State,Purdue,2026-09-04T23:00:00Z,1,1,401858435,2026-09-04T23:00Z,0.0,2,0,19,44,1,1
0xb75e4c44478716f54a1709ad7312bc94838439782072f4a27620b8bdb1c08430,cfb-ncat-gast-2026-09-04,cfb,North Carolina A&T,Georgia State,2026-09-04T23:00:00Z,1,1,401866623,2026-09-04T23:00Z,0.0,2,0,10,59,1,1
0xc4a141908579c3e6ac27e1c6ff7bcdba55ac0c0bcc6d5fb6623c6ae32ba20b48,cfb-liub-kan-2026-09-04,cfb,LIU,Kansas,2026-09-05T00:00:00Z,1,1,401856769,2026-09-05T00:00Z,0.0,2,0,6,51,1,1
0x3c0c0fa752368746b6d751bcd692084d3bab92e721647f0090705856fd5f3b0b,cfb-toledo-mst-2026-09-04,cfb,Toledo,Michigan State,2026-09-05T00:00:00Z,1,1,401858429,2026-09-05T00:00Z,0.0,2,0,20,30,1,1
0x46a67ce12aefa7ccad89c2d7ce8aad88c2770f388a3b11482318b9d73988ee2b,cfb-utep-okl-2026-09-04,cfb,UTEP,Oklahoma,2026-09-05T00:00:00Z,1,1,401856664,2026-09-05T00:00Z,0.0,2,0,0,51,1,1
0x92bb5b9f46751bba79f98e08537692ca916eaa3075e8a6090d4b8d9ed970609c,cfb-frest-usc-2026-09-04,cfb,Fresno State,USC,2026-09-05T01:00:00Z,1,1,401858436,2026-09-05T01:00Z,0.0,2,0,0,39,1,1
0xe450d927136867720209e02b4d6ea3ea470eeacc8ab75bf59d352eaab7d47cdf,cfb-mia-stan-2026-09-04,cfb,Miami (FL),Stanford,2026-09-05T01:00:00Z,0,1,401858206,2026-09-05T01:00Z,0.0,2,0,45,6,1,1
0x3f15a618bcb29346f608c878b94005e1c965a4111bc84223e6a43b77475df030,cfb-webc8a2e4-stet-2026-09-05,cfb,Webber International,Stetson,2026-09-05T15:00:00Z,1,1,401868284,2026-09-05T15:00Z,0.0,2,0,10,45,1,1
0xf84205553f8daf9c17070465d1359375ea00a0cf7b439f7acfcc7a8ecee43772,cfb-bryant-army-2026-09-05,cfb,Bryant,Army,2026-09-05T16:00:00Z,1,1,401862701,2026-09-05T16:00Z,0.0,2,0,3,59,1,1
0x3b3d6ae6b3611b8cae912d876bc2b4f640d944e0710cf082180ef4de838703ad,cfb-coast-wvir-2026-09-05,cfb,Coastal Carolina,West Virginia,2026-09-05T16:00:00Z,1,1,401856780,2026-09-05T16:00Z,0.0,2,0,24,31,1,1
0x95d416323203af51993c1944d832a5aa012bca67683efc838df2744e61025d2f,cfb-ecar-ala-2026-09-05,cfb,East Carolina,Alabama,2026-09-05T16:00:00Z,1,1,401856634,2026-09-05T16:00Z,0.0,2,0,10,48,1,1
0x690008ab896bad3163ce3d028a2241c196848ae1186281572e18742632ba42d2,cfb-lafay-uconn-2026-09-05,cfb,Lafayette,UConn,2026-09-05T16:00:00Z,1,1,401861962,2026-09-05T16:00Z,0.0,2,0,7,56,1,1
0x54054accf9c51a0afee972fe3f6218ed650c5e1e2fc1c57ebc15fe3a79a2a9ec,cfb-librty-jmad-2026-09-05,cfb,Liberty,James Madison,2026-09-05T16:00:00Z,1,1,401869960,2026-09-05T16:00Z,0.0,2,0,13,20,1,1
0x36c13a40adc7d6f31ada14b224533be0fa73826aa0be9ba27723688d24fb974e,cfb-nhamp-syra-2026-09-05,cfb,New Hampshire,Syracuse,2026-09-05T16:00:00Z,1,1,401858208,2026-09-05T16:00Z,0.0,2,0,3,66,1,1
0xfb8f878a6081b48e22c8a23255dccf1c0a1b40adda7b3ac129aae833f59f3aa9,cfb-ntx-ind-2026-09-05,cfb,North Texas,Indiana,2026-09-05T16:00:00Z,1,1,401858425,2026-09-05T16:00Z,0.0,2,0,16,52,1,1
0x77dfd142d449298d9969541da0ae69bca326e1c2008c9fb216a5ce83ca6baf39,cfb-ohio-nebr-2026-09-05,cfb,Ohio,Nebraska,2026-09-05T16:00:00Z,1,1,401858430,2026-09-05T16:00Z,0.0,2,0,21,49,1,1
0xf3ae0d8233f41d83ff292dbf87e6a38b8fdd36f314143ba215c66b7852e5fb12,cfb-oregst-hou-2026-09-05,cfb,Oregon State,Houston,2026-09-05T16:00:00Z,1,1,401856778,2026-09-05T16:00Z,0.0,2,0,20,33,1,1
0x55d7373fd84aa8b57cb670155dc17f56c279dd119e79bc19f2e8b8b85985a75d,cfb-scsu-wag-2026-09-05,cfb,Southern Connecticut State,Wagner,2026-09-05T16:00:00Z,1,1,401867928,2026-09-05T16:00Z,0.0,2,0,7,31,1,1
0xf24611f3b3d886eaaef9811205707556f1db5704312666f16e4650266ef9a000,cfb-stnh-nhc-2026-09-05,cfb,Stonehill,New Haven,2026-09-05T16:00:00Z,0,1,401867924,2026-09-05T16:00Z,0.0,2,0,21,3,1,1
0xdee93da44281738d72e4ce95db8df9db7bbde67ae3001c785fb78bdfdd88a6b2,cfb-tarl-bowlgr-2026-09-05,cfb,Tarleton State,Bowling Green,2026-09-05T16:00:00Z,0,1,401866410,2026-09-05T16:00Z,0.0,2,0,20,13,1,1
0xffeab06acf4a99bf720e7242be83e066f420429300e490ee546ccc571e38a223,cfb-ballst-ohiost-2026-09-05,cfb,Ball State,Ohio State,2026-09-05T16:30:00Z,1,1,401858432,2026-09-05T16:30Z,0.0,2,0,3,56,1,1
0x4c75a3be2d235cef0b3b0d13c40e56864938747dd437f43db9c9fd7d56d99488,cfb-lehi-gtwn-2026-09-05,cfb,Lehigh,Georgetown,2026-09-05T16:30:00Z,0,1,401868017,2026-09-05T16:30Z,0.0,2,0,45,14,1,1
0x08b6e0ecd9abf751f17ca3e750e2698b8fa2d005ee0bc910ab7bc8d4e90f8a58,cfb-miaoh-pitt-2026-09-05,cfb,Miami (OH),Pittsburgh,2026-09-05T16:30:00Z,1,1,401858207,2026-09-05T16:30Z,0.0,2,0,14,59,1,1
0x23b643be125ed610f75185127cf551a61b66e1ec99fbb645fcdbf83cadbd3ef6,cfb-kentst-sc-2026-09-05,cfb,Kent State,South Carolina,2026-09-05T16:45:00Z,1,1,401856665,2026-09-05T16:45Z,0.0,2,0,0,57,1,1
0xf8050fbf032839f8e4fa025a791b329cdfabc6b8c0faa8f9194198866fd36bf7,cfb-duq-airf-2026-09-05,cfb,Duquesne,Air Force,2026-09-05T17:00:00Z,1,1,401864496,2026-09-05T17:00Z,0.0,2,0,0,34,1,1
0xa236dc72ce0fe9815e839ebbed73533c01e5c54ff2baf3e9187b0bea57043829,cfb-holy-colg-2026-09-05,cfb,Holy Cross,Colgate,2026-09-05T17:00:00Z,1,1,401868000,2026-09-05T17:00Z,0.0,2,0,10,35,1,1
0xf54c2c13d095d5be9a94b0de62348872a0a54d0a8750d660e8fdb476806e3301,cfb-semst-iowast-2026-09-05,cfb,Southeast Missouri State,Iowa State,2026-09-05T17:00:00Z,1,1,401856779,2026-09-05T17:00Z,0.0,2,0,10,38,1,1
0xf2d6ccf1993aa855643a1aad8180c38e479b9a7c0e799fb2b44d5a6dbf561734,cfb-yngst-uk-2026-09-05,cfb,Youngstown State,Kentucky,2026-09-05T17:00:00Z,1,1,401856659,2026-09-05T17:00Z,0.0,2,0,13,45,1,1
0xe7587bc78bb70ce3939e9774b280feb4e22f8aa6ef8f68386345fc002ff77bf8,cfb-gardwb-woff-2026-09-05,cfb,Gardner-Webb,Wofford,2026-09-05T17:30:00Z,1,1,401868186,2026-09-05T17:30Z,0.0,2,0,13,17,1,1
0xf953005c7f45ea41134ea3d44e6187469672d17c41501010a961a670827fca39,cfb-ri-templ-2026-09-05,cfb,Rhode Island,Temple,2026-09-05T18:00:00Z,1,1,401862698,2026-09-05T18:00Z,0.0,2,0,14,38,1,1
0x2d37b03f6e5d804ea0754a29f089e8c843375616f0c9e9d3b9302f9e18f67d0d,cfb-sacred-monm-2026-09-05,cfb,Sacred Heart,Monmouth,2026-09-05T18:00:00Z,1,1,401866624,2026-09-05T18:00Z,0.0,2,0,24,31,1,1
0x8fd63e280732583090e248d78833ee151e1e1343ab07e481cb89829974c3ba1f,cfb-drake-mont-2026-09-05,cfb,Drake,Montana,2026-09-05T19:00:00Z,1,1,401868111,2026-09-05T19:00Z,0.0,2,0,10,45,1,1
0xc421b5eecf1136a69995e4e27e48444aaa3ccc6bf8134eeb9922118593c273b9,cfb-tenst-ga-2026-09-05,cfb,Tennessee State,Georgia,2026-09-05T19:00:00Z,1,1,401856658,2026-09-05T19:00Z,0.0,2,0,3,63,1,1
0xd46d00efd8c768ca800367653f34538a00864c8193dfb5be4c3e162c8ed7ff16,cfb-bayl-aubrn-2026-09-05,cfb,Baylor,Auburn,2026-09-05T19:30:00Z,1,1,401856636,2026-09-05T19:30Z,0.0,2,1,16,17,1,1
0x61f6a4fe40ecd58ff3dcf96ff4ef362ea69d2e7c0ba1a059aa8c6c0f95fc6189,cfb-boise-ore-2026-09-05,cfb,Boise State,Oregon,2026-09-05T19:30:00Z,1,1,401858433,2026-09-05T19:30Z,0.0,2,0,27,34,1,1
0xc9ee827b2664d9c0027c65302ca13080914fcf59af1df1b4577262f9f1822eb3,cfb-boscol-cin-2026-09-05,cfb,Boston College,Cincinnati,2026-09-05T19:30:00Z,1,1,401856777,2026-09-05T19:30Z,0.0,2,0,15,34,1,1
0x586196b76131938c1b3ba22921e9bd9ea0232f89cfb52e2ac96dfce1c1b27824,cfb-cita-charlt-2026-09-05,cfb,The Citadel,Charlotte,2026-09-05T19:30:00Z,0,1,401862694,2026-09-05T19:30Z,0.0,2,0,43,41,1,1
0x4772952176f1159688ca0e6d72f432325b52a8b328d252f3791ed73e5e128fc5,cfb-fordm-ndkst-2026-09-05,cfb,Fordham,North Dakota State,2026-09-05T19:30:00Z,1,1,401864499,2026-09-05T19:30Z,0.0,2,0,0,38,1,1
0x8518966f638c3b188817cacf8d5d4768ae0ff2890f6d459a2574a177cc4e3c44,cfb-furman-tenn-2026-09-05,cfb,Furman,Tennessee,2026-09-05T19:30:00Z,1,1,401856666,2026-09-05T19:30Z,0.0,2,0,9,56,1,1
0xe66c174ade389137273b5289e6cadebd751c6b27f4a4d77f1128a94e15575541,cfb-maine-applst-2026-09-05,cfb,Maine,Appalachian State,2026-09-05T19:30:00Z,1,1,401866627,2026-09-05T19:30Z,0.0,2,0,3,55,1,1
0x7bc89f2bd78365606d8e439b30b8c162643b210f7ff55b7a61ae8c71cc3c8ca5,cfb-marsh-pennst-2026-09-05,cfb,Marshall,Penn State,2026-09-05T19:30:00Z,1,1,401858434,2026-09-05T19:30Z,0.0,2,0,0,45,1,1
0x0fb8621a0bec7c573dd30f1ee1d094194fb072948dfe4dd829ae3715d2a168bd,cfb-tows-navy-2026-09-05,cfb,Towson,Navy,2026-09-05T19:30:00Z,1,1,401862696,2026-09-05T19:30Z,0.0,2,0,15,42,1,1
0xefabaceecde105644a40f338c79d4b5fcaa5c2903b4a37120f7bfe97c7089e89,cfb-tulane-duke-2026-09-05,cfb,Tulane,Duke,2026-09-05T19:30:00Z,1,1,401858209,2026-09-05T19:30Z,0.0,2,0,3,17,1,1
0x169ca0dfe41922eb72409445258233cd63c9cda6fcd220aae74f1fa7775e02f7,cfb-txst-tx-2026-09-05,cfb,Texas State,Texas,2026-09-05T19:30:00Z,1,1,401856667,2026-09-05T19:30Z,0.0,2,0,7,59,1,1
0xea45af48a52e1ddff7fd0a1a3dbc7280ec90618b105a3698b4fb06d351cf70a7,cfb-utrgv-utsa-2026-09-05,cfb,UT Rio Grande Valley,UTSA,2026-09-05T19:30:00Z,1,1,401862700,2026-09-05T19:30Z,0.0,2,0,16,45,1,1
0xae6f5845a8e8cfe8792f6dbcceb846b46e17a2c3e2d87eaedd933a928c12b567,cfb-okst-tulsa-2026-09-05,cfb,Oklahoma State,Tulsa,2026-09-05T19:45:00Z,1,1,401856772,2026-09-05T19:45Z,0.0,2,0,10,24,1,1
0xbfcce67a76c2eacfe792957f0b5229f4d727496ca5e6750b3533e4750283a813,cfb-stmn-ndak-2026-09-05,cfb,St. Thomas,North Dakota,2026-09-05T20:00:00Z,1,1,401867875,2026-09-05T20:00Z,0.0,2,0,26,62,1,1
0x00683fdbd0831bbac41ebb848bbcdd825c64180e0b6d393f2765eef821a6b3d3,cfb-nal-ark-2026-09-05,cfb,North Alabama,Arkansas,2026-09-05T20:15:00Z,1,1,401856635,2026-09-05T20:15Z,0.0,2,0,14,31,1,1
0x198d8267be0199a493aa40c533362d3d7507698a96fe4c849a6f38ffac57da94,cfb-nill-iowa-2026-09-05,cfb,Northern Illinois,Iowa,2026-09-05T20:15:00Z,1,1,401858426,2026-09-05T20:15Z,0.0,2,0,0,40,1,1
0x47e8125d3c9338051050db62cce3e1aeea27b81200e3eb9f86dc249b07f8cddf,cfb-alcst-soumis-2026-09-05,cfb,Alcorn State,Southern Miss,2026-09-05T21:00:00Z,1,1,401868356,2026-09-05T21:00Z,0.0,2,0,3,49,1,1
0x28be4f67f0c1b883fe69dad7691181a4844d0952ce058997871f6b4b97ecbfb9,cfb-tusc-etnst-2026-09-05,cfb,Tusculum,East Tennessee State,2026-09-05T21:30:00Z,1,1,401868345,2026-09-05T21:30Z,0.0,2,0,14,48,1,1
0x3a2a970641f906c5c8c5f8660f38a0082bfa820110ea8ad8aec7041a6b2f6f33,cfb-delst-wm-2026-09-05,cfb,Delaware State,William & Mary,2026-09-05T22:00:00Z,1,1,401867692,2026-09-05T22:00Z,0.0,2,0,15,22,1,1
0x09d2808722c6c1800a728abe8c3385d02c4e5d982e9d49017f51fc5fc2a3a01a,cfb-ecsu-ncc-2026-09-05,cfb,Elizabeth City State,North Carolina Central,2026-09-05T22:00:00Z,1,1,401867978,2026-09-05T22:00Z,0.0,2,0,6,27,1,1
0x96b1966d385b55ab71a3e514039bfe6a0b79c103fb0f75a5121653c51e436d7d,cfb-elon-dav-2026-09-05,cfb,Elon,Davidson,2026-09-05T22:00:00Z,0,1,401866626,2026-09-05T22:00Z,0.0,2,0,38,0,1,1
0x4285a9b8ba5d7bde63e28c5e3bd327965549b9caf9c5daa2c074ef95216080a2,cfb-lc7d9922-alast-2026-09-05,cfb,Lane,Alabama State,2026-09-05T22:00:00Z,1,1,401868325,2026-09-05T22:00Z,0.0,2,0,0,34,1,1
0x141118b53772c7fdc87fa10ea5a4af80e3bac417d676df8e196b64777dbd6f52,cfb-norfst-old-2026-09-05,cfb,Norfolk State,Old Dominion,2026-09-05T22:00:00Z,1,1,401867973,2026-09-05T22:00Z,0.0,2,0,10,31,1,1
0x517a276e3e6372197507a16ecf00f87cd1d1672aa9ac5011f7351ebea432ee1f,cfb-presb-merc-2026-09-05,cfb,Presbyterian,Mercer,2026-09-05T22:00:00Z,1,1,401868274,2026-09-05T22:00Z,0.0,2,0,3,62,1,1
0x8260c0ac9e7723b16bdfd9745ca90dc2b60ea0e97316e0c5b8a3537d994b3f2b,cfb-rich-howrd-2026-09-05,cfb,Richmond,Howard,2026-09-05T22:00:00Z,0,1,401869127,2026-09-05T22:00Z,0.0,2,0,28,21,1,1
0x31388c3d6a470a0e3d2d39e733d12d0309d638420d89ec3881a21d339cf6c44a,cfb-tentch-chat-2026-09-05,cfb,Tennessee Tech,Chattanooga,2026-09-05T22:00:00Z,0,1,401868336,2026-09-05T22:00Z,0.0,2,0,24,9,1,1
0xc909f3ea88c572a10dbbd53425524579d5a8b670c5c9786b72ca2f7c4eba8a92,cfb-vill-buck-2026-09-05,cfb,Villanova,Bucknell,2026-09-05T22:00:00Z,0,1,401867989,2026-09-05T22:00Z,0.0,2,0,17,16,1,1
0x2f70a5d68f34b8c0d4becb31d725e28ad39baf3ca552485fc6054705ef1c4ae6,cfb-wvsu-robms-2026-09-05,cfb,West Virginia State,Robert Morris,2026-09-05T22:00:00Z,1,1,401867917,2026-09-05T22:00Z,0.0,2,0,9,29,1,1
0xa4dcfb736c8ba769afd3441787d60bc5c790e95be8ba0fefe66fba85e840180e,cfb-wyom-colst-2026-09-05,cfb,Wyoming,Colorado State,2026-09-05T22:00:00Z,1,1,401860878,2026-09-05T22:00Z,0.0,2,0,13,35,1,1
0x6661479eeb7e386d3324dd2e84c96ccfe7f701289541a70cfa1c19b3ac64797e,cfb-abchr-txtech-2026-09-05,cfb,Abilene Christian,Texas Tech,2026-09-05T23:00:00Z,1,1,401856770,2026-09-05T23:00Z,0.0,2,0,10,33,1,1
0xe3e5801a5ae5e2d9449f04e4287d374652b3d0f5a0a5e0f8a869209436e06448,cfb-arkst-mphs-2026-09-05,cfb,Arkansas State,Memphis,2026-09-05T23:00:00Z,1,1,401862695,2026-09-05T23:00Z,0.0,2,0,24,42,1,1
0xbfd500efd156bd2a36a235db641151d1be2046fd7ca5c87fe78b325c6b9d0745,cfb-ausp-vand-2026-09-05,cfb,Austin Peay,Vanderbilt,2026-09-05T23:00:00Z,1,1,401856669,2026-09-05T23:00Z,0.0,2,0,9,28,1,1
0xcc2e13dee359497c1405b58bc5a51d4f1b6fffb3fc57012eb2610a00f6d12d18,cfb-chs-tmrt-2026-09-05,cfb,Chicago State,Tennessee-Martin,2026-09-05T23:00:00Z,1,1,401867684,2026-09-05T23:00Z,0.0,2,0,7,42,1,1
0x9361bacd5a67c833b705c9a5941c047e598c415e3c7da5825ae6b4d1058038a6,cfb-chsou-gas-2026-09-05,cfb,Charleston Southern,Georgia Southern,2026-09-05T23:00:00Z,1,1,401868170,2026-09-05T23:00Z,0.0,2,0,0,31,1,1
0xf5625875649dda954953293839df8683e9e02af0bad4348655dcc616f9b40b9a,cfb-csuece6b3-grmbst-2026-09-05,cfb,Central State (OH),Grambling State,2026-09-05T23:00:00Z,1,1,401868953,2026-09-05T23:00Z,0.0,2,0,26,48,1,1
0xc376addfc4755b7b5498656fc36c1b700a9136625dcd9b5eba40008d9eb4b27a,cfb-ekent-jaxst-2026-09-05,cfb,Eastern Kentucky,Jacksonville State,2026-09-05T23:00:00Z,1,1,401868140,2026-09-05T23:00Z,0.0,2,0,7,49,1,1
0x03291383192eaa792673fe12264243bd55c59c57e2a3b099acbee08ddbee0e75,cfb-ewc-jackst-2026-09-05,cfb,Edward Waters,Jackson State,2026-09-05T23:00:00Z,1,1,401868958,2026-09-05T23:30Z,0.5,2,0,14,66,1,1
0x6e28d9b480ddff0eb381c486d0439ae8c4e2db561576a4c0f1f2a92d983b6895,cfb-flint-sfl-2026-09-05,cfb,Florida International,South Florida,2026-09-05T23:00:00Z,1,1,401862699,2026-09-05T23:00Z,0.0,2,0,9,19,1,1
0x9fd876062bae3527e887756c6e159101ac63752cfb2367d6849880f9bd2eb184,cfb-houbap-rice-2026-09-05,cfb,Houston Christian,Rice,2026-09-05T23:00:00Z,1,1,401862697,2026-09-05T23:00Z,0.0,2,0,3,31,1,1
0x4c825dfe2ce260fc250cecc1d3fec39c5f179e7d54273876c7724ab21af95f4b,cfb-idhst-utahst-2026-09-05,cfb,Idaho State,Utah State,2026-09-05T23:00:00Z,0,1,401860880,2026-09-05T23:00Z,0.0,2,0,29,17,1,1
0x701cb794c69be63398273f7cdd530b917be4f8abd27b83977940fcbca8b3940e,cfb-ksu67f319-south-2026-09-05,cfb,Kentucky State,Southern University,2026-09-05T23:00:00Z,1,1,401868970,2026-09-06T00:00Z,1.0,2,0,15,34,1,1
0x4d27a4722518b0944b84a44f1c6eed8b0a0fd9fa1fbd67de2bf6d6c2ad02a1ba,cfb-miles-alaam-2026-09-05,cfb,Miles,Alabama A&M,2026-09-05T23:00:00Z,1,1,401868297,2026-09-05T23:00Z,0.0,2,0,23,38,1,1
0xfe579449209b8a7a10c139a29c5c03e35b25c22d78d58e32320ea3de044b26e3,cfb-msrst-txam-2026-09-05,cfb,Missouri State,Texas A&M,2026-09-05T23:00:00Z,1,1,401856668,2026-09-05T23:00Z,0.0,2,0,0,50,1,1
0xede30a2fd7f3793c20e9842f12e3213eba9cd2afb3fdf471b95fbf9a98622c39,cfb-murst-mtnst-2026-09-05,cfb,Murray State,Middle Tennessee,2026-09-05T23:00:00Z,1,1,401867866,2026-09-05T23:45Z,0.75,2,0,14,38,1,1
0xf582574d76abb55c223a25ea29621c8754460337c7d11cbf735db99005a1917c,cfb-nichls-kanst-2026-09-05,cfb,Nicholls State,Kansas State,2026-09-05T23:00:00Z,1,1,401856771,2026-09-05T23:00Z,0.0,2,0,3,71,1,1
0x63fbec5273bcde8cd3566a846ed6a7d54addbc44305e28e87be32c9590ba94a0,cfb-niowa-ewash-2026-09-05,cfb,Northern Iowa,Eastern Washington,2026-09-05T23:00:00Z,1,1,401868085,2026-09-05T23:00Z,0.0,2,0,24,34,1,1
0xf3ddf21479aadcf7f2f759eb1e51d378fae42f6f33e96460758255dda622f2ea,cfb-selou-sala-2026-09-05,cfb,Southeastern Louisiana,South Alabama,2026-09-05T23:00:00Z,1,1,401868316,2026-09-05T23:00Z,0.0,2,0,14,39,1,1
0x268aefa66cacaf5b5caeca74aa86f753b26d08cf70bb8713918259b184bda22b,cfb-smho-troy-2026-09-05,cfb,Sam Houston,Troy,2026-09-05T23:00:00Z,1,1,401870763,2026-09-05T23:00Z,0.0,2,0,21,24,1,1
0x333754cd007571a9f77bc40493a14dfc0792588f22e15bf4fdde9f2b0afb57d4,cfb-twu-mcnst-2026-09-05,cfb,Texas Wesleyan,McNeese,2026-09-05T23:00:00Z,1,1,401869136,2026-09-05T23:00Z,0.0,2,0,0,52,1,1
0x21c3e66cb78b4d6694517e3fa0bdcb53a31ef6947c640c546ce61db66afdc573,cfb-uwfl-cark-2026-09-05,cfb,West Florida,Central Arkansas,2026-09-05T23:00:00Z,0,1,401868071,2026-09-05T23:00Z,0.0,2,0,42,14,1,1
0xe9c0521021d390e8a62639b0b2d1a335c8269074ef645ad3c990870df4ff9737,cfb-lamon-mspst-2026-09-05,cfb,Louisiana-Monroe,Mississippi State,2026-09-05T23:30:00Z,1,1,401856662,2026-09-05T23:30Z,0.0,2,0,13,62,1,1
0x8370a686af76a7ed85dec2ac3439d2cbbbf800db5bd62204d2e00f822c5bc60c,cfb-nwst-loutch-2026-09-05,cfb,Northwestern State,Louisiana Tech,2026-09-05T23:30:00Z,1,1,401869129,2026-09-05T23:30Z,0.0,2,0,6,80,1,1
0x7967842cc5b8802b3579e60526282bb24b456ecb6a34e30e91169a7704c12b7e,cfb-vamil-vtech-2026-09-05,cfb,VMI,Virginia Tech,2026-09-05T23:30:00Z,1,1,401858211,2026-09-05T23:30Z,0.0,2,0,3,73,1,1
0x7a8fab2b45f5a6861a5e5515c140f23d1213f000c32a2a2a5acdf289023a6976,cfb-wmich-mich-2026-09-05,cfb,Western Michigan,Michigan,2026-09-05T23:30:00Z,1,1,401858428,2026-09-05T23:30Z,0.0,2,0,12,13,1,1
0x75c299f01c70de865c78849a339ea624b1d124b0e12e515e9317a695dba78cb9,cfb-flatl-fl-2026-09-05,cfb,Florida Atlantic,Florida,2026-09-05T23:45:00Z,1,1,401856637,2026-09-05T23:45Z,0.0,2,0,21,66,1,1
0x4af449abbf3c81cab634f59f8a224e774401fc632f3abc58c15b138420053fd4,cfb-cwu-calpol-2026-09-05,cfb,Central Washington,Cal Poly,2026-09-06T00:00:00Z,1,1,401868074,2026-09-06T00:00Z,0.0,2,0,17,24,1,1
0x339d090c75d31625acdf314705bc2459cfad318584a605f90ff577342474d49d,cfb-dxst-byu-2026-09-05,cfb,Utah Tech,BYU,2026-09-06T00:00:00Z,1,1,401856775,2026-09-06T00:00Z,0.0,2,0,7,63,1,1
0xdc9d5b3b8d5e9a5bfef2f7ce2da6f2640c9b2e052cbc3cdeeef662b684b169b6,cfb-hamp-mary-2026-09-05,cfb,Hampton,Maryland,2026-09-06T00:00:00Z,1,1,401858427,2026-09-06T00:00Z,0.0,2,0,0,62,1,1
0x5875a302d59d435e18d1f8e403ab6a08b0dab5eebe52c3b9de54c32cdfbe4347,cfb-illst-will-2026-09-05,cfb,Illinois State,Western Illinois,2026-09-06T00:00:00Z,0,1,401867845,2026-09-06T00:00Z,0.0,2,0,41,10,1,1
0xe39f23505e4fe83f535b0df0f497f3d94abe9b52a40d7151555d75fcc1016f5f,cfb-lamar-loulaf-2026-09-05,cfb,Lamar,Louisiana,2026-09-06T00:00:00Z,1,1,401869142,2026-09-06T00:00Z,0.0,2,0,7,38,1,1
0xe559a9d596076c0bcce48adbf54ef93915d4780aafff38ce5016ce93a694a37f,cfb-sdak-ncol-2026-09-05,cfb,South Dakota,Northern Colorado,2026-09-06T00:00:00Z,0,1,401867883,2026-09-06T00:00Z,0.0,2,0,38,23,1,1
0xa1011d0cb2ad56dd8bd5a6cffa7ecaacb754bcf144e4df240f05b036f01955d0,cfb-sdkst-nw-2026-09-05,cfb,South Dakota State,Northwestern,2026-09-06T00:00:00Z,1,1,401858431,2026-09-06T00:00Z,0.0,2,0,18,34,1,1
0x428fb8c22e2756e2739d1d63918470f7d0310d22ef46ea48d90743cfdb836e8e,cfb-txamc-sfaus-2026-09-05,cfb,East Texas A&M,Stephen F. Austin,2026-09-06T00:00:00Z,1,1,401868306,2026-09-06T00:00Z,0.0,2,0,7,44,1,1
0x67bfd39319ff78c26bc019a82732843a3bb54e8f47efa892ea37d0c39c0e1b43,cfb-webst-sutah-2026-09-05,cfb,Weber State,Southern Utah,2026-09-06T00:00:00Z,1,1,401868158,2026-09-06T00:00Z,0.0,2,0,42,47,1,1
0x45aa94cd103323adb0c69a3f691505f97fc646f429addd9e7db4c234b15e2837,cfb-but-monst-2026-09-05,cfb,Butler,Montana State,2026-09-06T00:30:00Z,1,1,401868119,2026-09-06T00:30Z,0.0,2,0,24,51,1,1
0x9ebf4f5c95a1c795ce9525a400b59e46e91fae853130dc94cee83d7d3276a325,cfb-mhud34ce7-nmxst-2026-09-05,cfb,Mercyhurst,New Mexico State,2026-09-06T01:00:00Z,1,1,401870790,2026-09-06T01:00Z,0.0,2,0,14,51,1,1
0xd8353c8b9a81ffe5e63f318da17ab10610f2851c67b31b19f250d13cb3b0a40c,cfb-narz-arz-2026-09-05,cfb,Northern Arizona,Arizona,2026-09-06T01:30:00Z,1,1,401856773,2026-09-06T01:30Z,0.0,2,0,7,35,1,1
0xd91961555d4e7656efcd81724defeff7d3eb9e658762632ff09eb75e4a92488d,cfb-portst-sdst-2026-09-05,cfb,Portland State,San Diego State,2026-09-06T01:30:00Z,1,1,401860879,2026-09-06T01:30Z,0.0,2,0,20,53,1,1
0x74ce546002223185879af518d89fc7a6b2d5268cda2057bbd7f0e3e8043c3386,cfb-clmsn-lsu-2026-09-05,cfb,Clemson,LSU,2026-09-06T01:40:00Z,1,1,401856660,2026-09-06T01:40Z,0.0,2,0,10,51,1,1
0x31dfe5c64296b4c89bc5ad80650a0974fd4d63812b90cc7f82a9cb6bd311e849,cfb-cmich-nmx-2026-09-05,cfb,Central Michigan,New Mexico,2026-09-06T02:00:00Z,1,1,401864498,2026-09-06T02:00Z,0.0,2,0,7,38,1,1
0x1ac4282f4e259041cf83220bd559a725e673b8e9044f224d23cdb2052bd5d711,cfb-morgst-arzst-2026-09-05,cfb,Morgan State,Arizona State,2026-09-06T02:00:00Z,1,1,401856774,2026-09-06T02:00Z,0.0,2,0,7,70,1,1
0xedbd883fabef750175f183b669671252cc8ced231c48d3534b4363a2eb5369a2,cfb-msvlst-sacst-2026-09-05,cfb,Mississippi Valley State,Sacramento State,2026-09-06T02:00:00Z,1,1,401866411,2026-09-06T02:00Z,0.0,2,0,0,52,1,1
0x1d5b557248822c4f56429bcae2b3b6d7846d699f1405e8f1a600f1d9ce161c8f,cfb-ucdv-usd-2026-09-05,cfb,UC Davis,San Diego,2026-09-06T02:00:00Z,0,1,401868163,2026-09-06T02:00Z,0.0,2,0,49,17,1,1
0x5d55e68611d18120ef41e8100ac2a3ca5aaac1f8ceb969c6c5514fccb9eb8198,cfb-unlv-hawaii-2026-09-05,cfb,UNLV,Hawai'i,2026-09-06T02:00:00Z,0,1,401864497,2026-09-06T02:00Z,0.0,2,0,21,6,1,1
0xcc97c9f63cf9fb515d257d2e899df0dc3b09fc9d71f122483766f78b18c4e813,cfb-ucla-cah-2026-09-05,cfb,UCLA,California,2026-09-06T02:30:00Z,0,1,401858210,2026-09-06T02:30Z,0.0,2,0,45,24,1,1
0xd33028ce8f3a162adb2fdd4f0b5d8b352090a3f85df10cb6706f0cd4b2cd5a03,cfb-wkent-nevada-2026-09-05,cfb,Western Kentucky,Nevada,2026-09-06T02:30:00Z,1,1,401864432,2026-09-06T02:30Z,0.0,2,0,14,49,1,1
0xef0f0f0f883f101e452512c33291cd56de971612680c8a7ce80cdb11d857b68c,cfb-wcar-camp-2026-09-05,cfb,Western Carolina,Campbell,2026-09-06T15:00:00Z,1,1,401917058,2026-09-06T15:00Z,0.0,2,0,19,28,1,1
0xb61680f13d3fc5f6cb062fa694ed64fd8ea47c7afdb5c71f916631151c84d3b5,cfb-txs-pvam-2026-09-06,cfb,Texas Southern,Prairie View A&M,2026-09-06T16:00:00Z,1,1,401868967,2026-09-06T16:00Z,0.0,2,0,14,52,1,1
0xf470e5e804c004d7b6bf7bd4870481e504c0b0574430530045dd4c6bdbd86f68,cfb-scarst-flam-2026-09-06,cfb,South Carolina State,Florida A&M,2026-09-06T19:00:00Z,0,1,401867939,2026-09-06T19:00Z,0.0,2,1,31,13,1,1
0x76c35ffec5a65d850b744488fa329b4234c9136cfbddf6503ad13d3af9c44fc2,cfb-washst-wash-2026-09-06,cfb,Washington State,Washington,2026-09-06T20:00:00Z,1,1,401858437,2026-09-06T20:00Z,0.0,2,0,10,24,1,1
0xc6b60c03e825b4c742de66d3b391940713f32b65df7d62cb74d729e6d6f566a2,cfb-lou-miss-2026-09-06,cfb,Louisville,Ole Miss,2026-09-06T23:30:00Z,1,1,401856661,2026-09-06T23:30Z,0.0,2,1,38,41,1,1
0xe866803ef92ddc1eb54eca0656dbc5fac6df556b4d439e2900a283bd594de0be,cfb-wisc-nd-2026-09-06,cfb,Wisconsin,Notre Dame,2026-09-06T23:30:00Z,1,1,401858438,2026-09-06T23:30Z,0.0,2,1,13,41,1,1
0x4bbce9178be76fb323c1ccc4f81abfc2ce8b78f3cb553ba96b024e0b8782a5d9,cfb-smu-flst-2026-09-07,cfb,SMU,Florida State,2026-09-07T23:30:00Z,0,1,401858212,2026-09-07T23:30Z,0.0,2,0,27,24,1,1
0x11892972368e8691e53c5f1506ab9f374f54fb662e0a2ce2f1849e2e44679072,nfl-ne-sea-2026-09-10,nfl,Patriots,Seahawks,2026-09-10T00:20:00Z,1,1,401872656,2026-09-10T00:20Z,0.0,2,0,10,13,1,1
0x717096488997afa5671ff6dbaeeaf2a0b162a9f888fd91536723354de2257267,cfb-flam-mia-2026-09-10,cfb,Florida A&M,Miami (FL),2026-09-11T00:00:00Z,1,1,401858213,2026-09-11T00:00Z,0.0,2,0,7,77,1,1
0x5010f84522ade23439a6e7b173896fdcdeea448d9a538127b2f697fcb28a3dfc,nfl-sf-la-2026-09-11,nfl,49ers,Rams,2026-09-11T00:35:00Z,0,1,401872657,2026-09-11T00:35Z,0.0,2,1,27,7,1,1
0x425730856843bb4194de8ee17449a9db11e6eaeee62825caeff7b915032142e1,cfb-norfst-vir-2026-09-11,cfb,Norfolk State,Virginia,2026-09-11T23:00:00Z,1,1,401858220,2026-09-11T23:00Z,0.0,2,0,3,59,1,1
0x612ec9f1604474293ea73cb29e45461f797502352c89f4b9143624475ac22a23,cfb-rich-ncst-2026-09-11,cfb,Richmond,NC State,2026-09-11T23:00:00Z,1,1,401858222,2026-09-11T23:00Z,0.0,2,0,0,73,1,1
0x2f9f701d5a6d5d5ff37b0532eeceb507d39c7a094bade2520cddabc45326026f,cfb-vill-lou-2026-09-11,cfb,Villanova,Louisville,2026-09-11T23:00:00Z,1,1,401858215,2026-09-11T23:00Z,0.0,2,0,13,59,1,1
0xdcf4f27a48a9dd1b9778b1e3b073e282e49b3f1ec61fccc5242ee3de127db92f,cfb-rutger-boscol-2026-09-11,cfb,Rutgers,Boston College,2026-09-11T23:30:00Z,1,1,401858214,2026-09-11T23:30Z,0.0,2,0,21,28,1,1
0x79d09090e26b320ef2f94b313d3a6d5e3438303579daec53f5f414827a87909d,cfb-missr-kan-2026-09-11,cfb,Missouri,Kansas,2026-09-12T00:00:00Z,0,1,401856678,2026-09-12T00:00Z,0.0,2,0,38,21,1,1
0x88f64b6b0aefd2c6e94ac5dba35f4a41cb5aa74cbef3736d3dfe6956072eaa8b,cfb-albny-liub-2026-09-12,cfb,University at Albany,LIU,2026-09-12T16:00:00Z,0,1,401866632,2026-09-12T16:00Z,0.0,2,0,35,13,1,1
0x989dc4aebe7b9fd0d28d885370beeb2316d8018b08cd37ba5e262b013a406f6e,cfb-applst-ecar-2026-09-12,cfb,Appalachian State,East Carolina,2026-09-12T16:00:00Z,0,1,401864571,2026-09-12T16:00Z,0.0,2,0,27,24,1,1
0x9e44556256721d77e5208593e46632cf4d9f771ba0d3bc4e91c1aa41cf1ce16b,cfb-arzst-txam-2026-09-12,cfb,Arizona State,Texas A&M,2026-09-12T16:00:00Z,1,1,401856683,2026-09-12T16:00Z,0.0,2,0,20,48,1,1
0xd50151d822d5b518d5d866aa39c9a9c5c80bf1b682265aa6287ff5a3af126938,cfb-dkc-dav-2026-09-12,cfb,Dickinson,Davidson,2026-09-12T16:00:00Z,1,1,401870822,2026-09-12T16:00Z,0.0,2,0,14,28,1,1
0x488f04727708e760778b7a60f8259eed1b1089349beeb872d5d441d4610072f3,cfb-elon-ri-2026-09-12,cfb,Elon,Rhode Island,2026-09-12T16:00:00Z,1,1,401866628,2026-09-12T16:00Z,0.0,2,0,10,31,1,1
0x17025d6abf9a5acb286a113d93283aca8653b96aa831a21ef24af3714e03f14f,cfb-etnst-ncar-2026-09-12,cfb,East Tennessee State,North Carolina,2026-09-12T16:00:00Z,1,1,401858218,2026-09-12T16:00Z,0.0,2,0,3,35,1,1
0xb760fc4f5f3696ccd6a8a04d6c84eede12ca79510f387fcd66b523da47d786cf,cfb-gardwb-librty-2026-09-12,cfb,Gardner-Webb,Liberty,2026-09-12T16:00:00Z,1,1,401868187,2026-09-12T16:00Z,0.0,2,0,23,24,1,1
0x6429e797ca7fb35ca40ca2a70004de7ac87a3dadc41e931d56eadb29bc183e47,cfb-howrd-ind-2026-09-12,cfb,Howard,Indiana,2026-09-12T16:00:00Z,1,1,401858439,2026-09-12T16:00Z,0.0,2,0,0,55,1,1
0x9da916101a3d3b51829130f44aea6f8b1ee4ccba855036ee45c8787da0f31919,cfb-ncat-ncc-2026-09-12,cfb,North Carolina A&T,North Carolina Central,2026-09-12T16:00:00Z,1,1,401866633,2026-09-12T16:00Z,0.0,2,0,22,30,1,1
0xe55b365b4e7304f5141cedd755fc5548fafce0cb09848d6337737e93ab85fe44,cfb-okl-mich-2026-09-12,cfb,Oklahoma,Michigan,2026-09-12T16:00:00Z,1,1,401856679,2026-09-12T16:00Z,0.0,2,0,10,17,1,1
0xf38ff5009c4d2e5f92ad388a2aa409c1498e9ab3ea998a7253a3cc5043f950ab,cfb-old-vtech-2026-09-12,cfb,Old Dominion,Virginia Tech,2026-09-12T16:00:00Z,1,1,401858221,2026-09-12T16:00Z,0.0,2,0,21,44,1,1
0x1a537311915440521edf724bc217b60d25af2814863b9ca59d97a0e943592b43,cfb-ore-okst-2026-09-12,cfb,Oregon,Oklahoma State,2026-09-12T16:00:00Z,1,1,401856782,2026-09-12T17:30Z,1.5,2,0,31,39,1,1
0x4ad8726b352f444cd37d84b12e797b10ecd747a45de1ac98058bd4476d5ed9b5,cfb-pennst-templ-2026-09-12,cfb,Penn State,Temple,2026-09-12T16:00:00Z,0,1,401858442,2026-09-12T16:00Z,0.0,2,0,27,9,1,1
0xebca87309d6dbb3691c46f582ddb4e3567407a49f816763947bd9ad3c292d0d3,cfb-sfl-army-2026-09-12,cfb,South Florida,Army,2026-09-12T16:00:00Z,0,1,401862702,2026-09-12T16:00Z,0.0,2,0,28,24,1,1
0x8292d372e2aa2a9e180e1593a7e90260a34fba20c155d2238eccf4c4b9a0f11f,cfb-tmc-day-2026-09-12,cfb,Thomas More,Dayton,2026-09-12T16:00:00Z,1,1,401868227,2026-09-12T16:00Z,0.0,2,0,7,30,1,1
0x6591819ccb3f7a3654c5bca90567026c5e4eb220f371dee18e51d7e51f8390a5,cfb-wag-jmad-2026-09-12,cfb,Wagner,James Madison,2026-09-12T16:00:00Z,1,1,401867929,2026-09-12T16:00Z,0.0,2,0,3,87,1,1
0x87d596c92ef0e0835cd091408d30146c8a0e789301b47210a8d767f271f55bb1,cfb-wake-pur-2026-09-12,cfb,Wake Forest,Purdue,2026-09-12T16:00:00Z,0,1,401858224,2026-09-12T16:00Z,0.0,2,0,38,36,1,1
0x721476938cb2192eacfb39b4d142f6ee478e0febb589a57ed17b2ef9d67200f2,cfb-washst-kanst-2026-09-12,cfb,Washington State,Kansas State,2026-09-12T16:00:00Z,1,1,401856781,2026-09-12T16:00Z,0.0,2,0,7,34,1,1
0x202acf25061f786cf1912b01f4130f62bd9ba7df71d04f181a00401855aaa8e0,cfb-woff-kentst-2026-09-12,cfb,Wofford,Kent State,2026-09-12T16:00:00Z,1,1,401866416,2026-09-12T16:00Z,0.0,2,0,15,36,1,1
0x930012537c0689b626805acf75b5289d637af3b3ad1a42fdbc581e4d4ffce82e,cfb-buck-vamil-2026-09-12,cfb,Bucknell,VMI,2026-09-12T16:30:00Z,0,1,401867990,2026-09-12T17:30Z,1.0,2,0,14,3,1,1
0xe317355782172fd1ef607bd4efa1cffe359cebf00173b272be054d7d88cfa1fb,cfb-mrst-lafay-2026-09-12,cfb,Marist,Lafayette,2026-09-12T16:30:00Z,1,1,401868028,2026-09-12T16:30Z,0.0,2,0,9,13,1,1
0x3f816b5383a6d8f58fa96bbdc33d98784eb89edc2c7a63c275f17652df0651c5,cfb-wkent-ga-2026-09-12,cfb,Western Kentucky,Georgia,2026-09-12T16:45:00Z,1,1,401856673,2026-09-12T16:45Z,0.0,2,0,20,70,1,1
0x8ce8f35b68ba0b6ab5b44f8b144c041cf7f547e1d8b2fc93733277ddb67e7780,cfb-colg-cmich-2026-09-12,cfb,Colgate,Central Michigan,2026-09-12T17:00:00Z,1,1,401866415,2026-09-12T17:00Z,0.0,2,0,10,13,1,1
0xa09cba732d077dbc0ce9baf8ed110fbfff2aa190d9d0eb41e94008d66c6cddec,cfb-holy-miaoh-2026-09-12,cfb,Holy Cross,Miami (OH),2026-09-12T17:00:00Z,1,1,401866417,2026-09-12T17:00Z,0.0,2,0,7,45,1,1
0xfc5145464efb8ce3e72fccc2419ee967fcf6b032cec621e6153ec1ed56c421e7,cfb-kcu-chs-2026-09-12,cfb,Kentucky Christian,Chicago State,2026-09-12T17:00:00Z,1,1,401867685,2026-09-12T17:00Z,0.0,2,0,7,78,1,1
0x9310e6306e18789297cb3e8fdadba64085240c1b04bbb4955e45aa35e2e5d27a,cfb-tmrt-wvir-2026-09-12,cfb,Tennessee-Martin,West Virginia,2026-09-12T17:00:00Z,1,1,401856791,2026-09-12T17:00Z,0.0,2,0,7,52,1,1
0xca1f0a971cda19ab6bab65c6a337bc108c1fd4b0f2155451d7feefcd1d3ab52d,cfb-drake-niowa-2026-09-12,cfb,Drake,Northern Iowa,2026-09-12T18:00:00Z,1,1,401868255,2026-09-12T18:00Z,0.0,2,0,14,56,1,1
0x00e2565cbe98c25f9d512d1f243ce5bbdaf8895dff266b7d87ab8e2d816cfb39,cfb-duq-yngst-2026-09-12,cfb,Duquesne,Youngstown State,2026-09-12T18:00:00Z,1,1,401867895,2026-09-12T18:00Z,0.0,2,0,13,70,1,1
0xdd46f4a14e8b90688e171afcd6593e66660ecab307a01cd76616878dfc8b8a27,cfb-ewash-sdak-2026-09-12,cfb,Eastern Washington,South Dakota,2026-09-12T18:00:00Z,1,1,401867884,2026-09-12T18:00Z,0.0,2,0,23,41,1,1
0x9b7c17bcbc8fc352c8de87f10a994c6055c2b62625422b361beb11c76e6f4e7f,cfb-nmu-stmn-2026-09-12,cfb,Northern Michigan,St. Thomas,2026-09-12T18:00:00Z,1,1,401868280,2026-09-12T18:00Z,0.0,2,0,14,56,1,1
0x94416a441419e5bc7eb1a5e71edef0b50c9069c6601e59103efa955bbc3d217d,cfb-stbr-ballst-2026-09-12,cfb,Stony Brook,Ball State,2026-09-12T18:00:00Z,1,1,401866413,2026-09-12T18:00Z,0.0,2,0,17,41,1,1
0xf5430b9db37121a0b70fd7228fe46e23ac0d9f36bfa92c5635c26f3957609b33,cfb-wm-lehi-2026-09-12,cfb,William & Mary,Lehigh,2026-09-12T18:00:00Z,1,1,401868033,2026-09-12T18:00Z,0.0,2,0,20,44,1,1
0x3d94ffdf34414985cd2f69f0b8511414adb1d7e15a031fd100396327772cf12f,cfb-bwst-delst-2026-09-12,cfb,Bowie State,Delaware State,2026-09-12T19:00:00Z,1,1,401867953,2026-09-12T19:00Z,0.0,2,0,6,21,1,1
0x4f9e6f2d34815b4b77d3fcd6881b74b8f4be0abcfe0c218a9a58b3ab6f46ad77,cfb-dxst-mont-2026-09-12,cfb,Utah Tech,Montana,2026-09-12T19:00:00Z,1,1,401868112,2026-09-12T19:00Z,0.0,2,0,14,35,1,1
0x089089349eab28967cdb7b96462d5a55b9a57ad27de5422a25041f8b92b1594c,cfb-ala-uk-2026-09-12,cfb,Alabama,Kentucky,2026-09-12T19:30:00Z,0,1,401856674,2026-09-12T19:30Z,0.0,2,0,45,17,1,1
0x96affbea360ccd5a22613073cc9b1bea0ae617a38ccd5cdcb84dcb95dc68a4d1,cfb-arz-byu-2026-09-12,cfb,Arizona,BYU,2026-09-12T19:30:00Z,1,1,401856810,2026-09-12T19:30Z,0.0,2,0,17,28,1,1
0xe5b4853f41084d13fcc89869e26ed9c1f45cd4a96837a4b9b097ad4617cb8c4d,cfb-cah-syra-2026-09-12,cfb,California,Syracuse,2026-09-12T19:30:00Z,0,1,401858216,2026-09-12T19:30Z,0.0,2,0,21,18,1,1
0xd04f5a4bca68d868cc3eb294038f5f993bdce26d50cc12e8c4df4a7910635dc6,cfb-cencon-toledo-2026-09-12,cfb,Central Connecticut State,Toledo,2026-09-12T19:30:00Z,1,1,401866419,2026-09-12T19:30Z,0.0,2,0,10,63,1,1
0x205ea709d281fbb1078afe771bb401828303213aa46f8ec10c074b23df0218a7,cfb-duke-ill-2026-09-12,cfb,Duke,Illinois,2026-09-12T19:30:00Z,0,1,401858217,2026-09-12T19:30Z,0.0,2,0,31,27,1,1
0xc55b9d7785b32d9474035dc0bdf6bc1750f66ce28f1e2c6370e301f218bf6181,cfb-emich-mst-2026-09-12,cfb,Eastern Michigan,Michigan State,2026-09-12T19:30:00Z,1,1,401858440,2026-09-12T19:30Z,0.0,2,0,7,35,1,1
0xafa08bc4321ec1e719c99fe12d2a3646b2267a34b286c5509a35be03b1ba7f7c,cfb-lamon-uab-2026-09-12,cfb,Louisiana-Monroe,UAB,2026-09-12T19:30:00Z,1,1,401862708,2026-09-12T19:30Z,0.0,2,0,20,26,1,1
0x889c46478bb44faa3b3e41ec17fe37378ca56623644f3c40dca714cd6bf067d7,cfb-mary-uconn-2026-09-12,cfb,Maryland,UConn,2026-09-12T19:30:00Z,0,1,401858444,2026-09-12T19:30Z,0.0,2,0,38,14,1,1
0x947de29ac16ca1d535d9f9aff43f7b893467824d5bc13f99676293440553828e,cfb-mspst-minnst-2026-09-12,cfb,Mississippi State,Minnesota,2026-09-12T19:30:00Z,0,1,401856677,2026-09-12T19:30Z,0.0,2,0,38,13,1,1
0x8c5aa42135cca162904ec3278e924a811dae52695a3b4c5778063d3e9a7d2333,cfb-rice-nd-2026-09-12,cfb,Rice,Notre Dame,2026-09-12T19:30:00Z,1,1,401859184,2026-09-12T19:30Z,0.0,2,0,0,52,1,1
0x61f3dba22e3bcc45e065a38ea231253f7cb34baeb5f913c254e16892ecdca743,cfb-robms-akron-2026-09-12,cfb,Robert Morris,Akron,2026-09-12T19:30:00Z,1,1,401866412,2026-09-12T19:30Z,0.0,2,0,10,45,1,1
0x794e4c0def4d2889fe61665dbe3bcf336223da679a723b8b414163cb4b650052,cfb-sacred-umass-2026-09-12,cfb,Sacred Heart,UMass,2026-09-12T19:30:00Z,1,1,401866420,2026-09-12T19:30Z,0.0,2,0,10,37,1,1
0x000748407760f9ec08bdba35494fcc6053b0b8d57527861ab1553850ac285ca4,cfb-ucf-pitt-2026-09-12,cfb,UCF,Pittsburgh,2026-09-12T19:30:00Z,1,1,401856790,2026-09-12T19:30Z,0.0,2,0,7,12,1,1
0x3ee54a8d72c34142ff34af9d03ec4df20f02218e232af90ade8995022514e44e,cfb-utahst-wash-2026-09-12,cfb,Utah State,Washington,2026-09-12T19:30:00Z,1,1,401858446,2026-09-12T19:30Z,0.0,2,0,14,16,1,1
0x3463e4f8d977830146b8db5ddef78dfb735a142d93970a434c1129913fbd49f1,cfb-utsa-txst-2026-09-12,cfb,UTSA,Texas State,2026-09-12T19:30:00Z,0,1,401860884,2026-09-12T19:30Z,0.0,2,0,31,26,1,1
0x9f831119a60d1ff1479b0ba93a8fa44f9907de52838f23e38ca91f71896c4daa,cfb-webst-col-2026-09-12,cfb,Weber State,Colorado,2026-09-12T19:30:00Z,1,1,401856785,2026-09-12T19:30Z,0.0,2,0,21,52,1,1
0xa0fb414251ec09a469b98a8f181e020ffa4ee5b27ba07079ea808ed35f1e0e84,cfb-unlv-ntx-2026-09-12,cfb,UNLV,North Texas,2026-09-12T19:45:00Z,1,1,401862705,2026-09-12T19:45Z,0.0,2,0,6,44,1,1
0xf4a37afa0111272ba11e2bcfd350a80063dc2be1a1f0ee3469d223f4d87050a7,cfb-alast-troy-2026-09-12,cfb,Alabama State,Troy,2026-09-12T20:00:00Z,1,1,401868326,2026-09-12T20:00Z,0.0,2,0,17,34,1,1
0x50f1c36bb36c70acea9e3f012eb664a4ebcfc802a3f488447681532ffccdfb3f,cfb-lamar-idaho-2026-09-12,cfb,Lamar,Idaho,2026-09-12T20:00:00Z,0,1,401868093,2026-09-12T20:00Z,0.0,2,0,23,17,1,1
0x3487274817dc2dd5a4709317938944e511a92f1673eaefbe55b872febe9e763f,cfb-linc-msvlst-2026-09-12,cfb,Lincoln (PA),Mississippi Valley State,2026-09-12T20:00:00Z,1,1,401868963,2026-09-12T20:00Z,0.0,2,1,20,31,1,1
0x5c8b2811eda28b61b67d7be7c46a43573ef727365ea1e965dad5bfce343194a6,cfb-mhud34ce7-nmx-2026-09-12,cfb,Mercyhurst,New Mexico,2026-09-12T20:00:00Z,1,1,401865252,2026-09-12T20:00Z,0.0,2,0,7,70,1,1
0xf9aa260b39ae8e6d99636ed8b27c5ffa4f4a9d2f25c0ac51e375959d8145320a,cfb-ncol-wyom-2026-09-12,cfb,Northern Colorado,Wyoming,2026-09-12T20:00:00Z,1,1,401864506,2026-09-12T20:00Z,0.0,2,0,13,21,1,1
0xaed95257bcc973b425a904a63cf72d67445c4bdc1c7e99b241f4a2df4bcad5bb,cfb-stet-bcook-2026-09-12,cfb,Stetson,Bethune-Cookman,2026-09-12T20:00:00Z,1,1,401868285,2026-09-12T21:15Z,1.25,2,0,18,43,1,1
0xbfb75afbca8ae4625e491f7a645798f0886a66621b622907458227b378bcf60a,cfb-ucdv-smu-2026-09-12,cfb,UC Davis,SMU,2026-09-12T20:00:00Z,1,1,401858223,2026-09-12T20:00Z,0.0,2,0,10,56,1,1
0xef8ce9cac53f62771b0950e395ebc6acd5f0f5e83b80c4dc7393f78566ac7b7b,cfb-del-vand-2026-09-12,cfb,Delaware,Vanderbilt,2026-09-12T20:15:00Z,1,1,401856684,2026-09-12T20:15Z,0.0,2,0,26,35,1,1
0x92342bf1c486e741b8c5d5b13ae4e3a67a793e6195c3da40d96e4261f497a9e8,cfb-incar-narz-2026-09-12,cfb,Incarnate Word,Northern Arizona,2026-09-12T21:00:00Z,1,1,401868123,2026-09-12T21:00Z,0.0,2,0,28,38,1,1
0x00a1f300d7b5bf0cf9e3ef3687996123ad6db65063825b04959cbb8469a51e57,cfb-merri-maine-2026-09-12,cfb,Merrimack,Maine,2026-09-12T21:00:00Z,0,1,401866630,2026-09-12T21:00Z,0.0,2,0,23,14,1,1
0xba64b46095c40093249fe805f2c0bbe143947f9738e1a36c2db1e8f8ba5d721d,cfb-more-ausp-2026-09-12,cfb,Morehead State,Austin Peay,2026-09-12T21:00:00Z,1,1,401868061,2026-09-12T21:00Z,0.0,2,0,7,63,1,1
0xdb60ce19f9eca8c890cb319b28fad9e42e74c231c02858a70dffca6b21058bf4,cfb-camp-fl-2026-09-12,cfb,Campbell,Florida,2026-09-12T21:30:00Z,1,1,401856672,2026-09-12T21:30Z,0.0,2,0,3,52,1,1
0xf682ec5e256eb6502c7cbe096827d19b7d00e44a532932602abbe39cd0147e9c,cfb-bryant-hamp-2026-09-12,cfb,Bryant,Hampton,2026-09-12T22:00:00Z,0,1,401866629,2026-09-12T22:00Z,0.0,2,0,31,3,1,1
0x68dfdaf37abeb8b5bedbfdc25ea7b05a8e707b98fa1a5a101725123996dedd90,cfb-buf-flint-2026-09-12,cfb,Buffalo,Florida International,2026-09-12T22:00:00Z,1,1,401866414,2026-09-12T22:00Z,0.0,2,0,20,33,1,1
0x2b368091f2aee40032a6526faa1b40db5907d873eccdb1ab810ff896d1be68c5,cfb-chat-ekent-2026-09-12,cfb,Chattanooga,Eastern Kentucky,2026-09-12T22:00:00Z,1,1,401868141,2026-09-12T22:00Z,0.0,2,0,17,22,1,1
0x57ce820525bf4ebd8581e350c286e3f705fb3b90d5c9ed2bdf90786e8a6b1fba,cfb-chsou-cita-2026-09-12,cfb,Charleston Southern,The Citadel,2026-09-12T22:00:00Z,0,1,401868171,2026-09-12T22:00Z,0.0,2,0,26,20,1,1
0x38e029af041b42dfd2174dc346a72d0ac971e5604edd38be02ed403e9cefc047,cfb-frnk-but-2026-09-12,cfb,Franklin,Butler,2026-09-12T22:00:00Z,1,1,401868210,2026-09-12T22:00Z,0.0,2,0,0,52,1,1
0x24c544599cd2369d668bce2dd6f3709968ff9592c63121fd9d9ec2f850249fe9,cfb-furman-merc-2026-09-12,cfb,Furman,Mercer,2026-09-12T22:00:00Z,0,1,401868374,2026-09-12T22:00Z,0.0,2,0,20,13,1,1
0x615391de372bab7ebfa0a38150c1d79a0b7b2e5b3d103ba3b07a4633c11b6e00,cfb-jaxst-ohio-2026-09-12,cfb,Jacksonville State,Ohio,2026-09-12T22:00:00Z,1,1,401866418,2026-09-12T22:00Z,0.0,2,0,27,29,1,1
0xa942958e17013bb01c0c4f72defd1678311eb4fe028f1338be68396400bf61b1,cfb-mphs-boise-2026-09-12,cfb,Memphis,Boise State,2026-09-12T22:00:00Z,1,1,401860881,2026-09-12T22:00Z,0.0,2,0,20,38,1,1
0x87c7e6c986145ac5cfa5b816d5bb56db008aaedbdc7c21e91e7b152d0c468e0a,cfb-stnh-nhamp-2026-09-12,cfb,Stonehill,New Hampshire,2026-09-12T22:00:00Z,1,1,401866631,2026-09-12T22:00Z,0.0,2,0,35,42,1,1
0xca32ca0f42e90b3301010287e9fcca4f5a61e55ca5e31f0d079cb6c4950091d6,cfb-usd-idhst-2026-09-12,cfb,San Diego,Idaho State,2026-09-12T22:00:00Z,1,1,401868102,2026-09-12T22:00Z,0.0,2,0,17,59,1,1
0xe6cb41a2db32bb5cf9d88779d06f5984721de78b9f6f539a6e123a578ded9da2,cfb-vlb-morgst-2026-09-12,cfb,Virginia-Lynchburg,Morgan State,2026-09-12T22:00:00Z,1,1,401867966,2026-09-12T22:00Z,0.0,2,0,0,55,1,1
0x862b3d77b9108f5ff2a11d1c61cf8ab919a771d30fec4bc6c767c946b0108139,cfb-vsu206eca-scarst-2026-09-12,cfb,Virginia State,South Carolina State,2026-09-12T22:00:00Z,1,1,401867983,2026-09-12T22:00Z,0.0,2,0,0,66,1,1
0x7bea15108844974bc74268a78677a36aba156d8a7df17400a07085d1b02424f1,cfb-monm-wmich-2026-09-12,cfb,Monmouth,Western Michigan,2026-09-12T22:30:00Z,1,1,401866421,2026-09-12T22:30Z,0.0,2,0,14,49,1,1
0x1600d6e59a4889e9a688cbf4cd40e17b6b965dc9d5f60f561fb671483a2dc637,cfb-abc-houbap-2026-09-12,cfb,Arkansas Baptist,Houston Christian,2026-09-12T23:00:00Z,1,1,401869150,2026-09-12T23:00Z,0.0,2,0,0,88,1,1
0x7726082246338e588e660b62ce42b69c46d92a65424cc06808ecec97ec2a1a91,cfb-arpb-alcst-2026-09-12,cfb,Arkansas-Pine Bluff,Alcorn State,2026-09-12T23:00:00Z,1,1,401868355,2026-09-12T23:00Z,0.0,2,1,51,53,1,1
0x2addf84cd15ebd13bced8b6cadee990c37b2d85aabe27f75ecb8d4ced4f76d09,cfb-bowlgr-nebr-2026-09-12,cfb,Bowling Green,Nebraska,2026-09-12T23:00:00Z,1,1,401858441,2026-09-12T23:00Z,0.0,2,0,7,56,1,1
0x55c28d2e4a40b0a2cf65fd741e9f17b3c4cf57fb00118334aaaed0d70dbb7de7,cfb-gast-kenest-2026-09-12,cfb,Georgia State,Kennesaw State,2026-09-12T23:00:00Z,0,1,401869955,2026-09-12T23:00Z,0.0,2,0,31,17,1,1
0xc1ab6a5f3254eba30a20afe8b285b94d0af5af16609bff1678fa40e34da73c49,cfb-illst-nill-2026-09-12,cfb,Illinois State,Northern Illinois,2026-09-12T23:00:00Z,0,1,401864503,2026-09-12T23:00Z,0.0,2,0,28,24,1,1
0xa60733f00d0cc645e3181e86ac32fb5053742df3f84b15f80e74cbf538d63431,cfb-indst-eill-2026-09-12,cfb,Indiana State,Eastern Illinois,2026-09-12T23:00:00Z,0,1,401867856,2026-09-12T23:00Z,0.0,2,0,42,35,1,1
0x235e3aead03a675da6447330357794c457223ff18e6b2e57067cf314fedc4022,cfb-jac-msrst-2026-09-12,cfb,Lindenwood,Missouri State,2026-09-12T23:00:00Z,1,1,401871046,2026-09-12T23:00Z,0.0,2,0,14,48,1,1
0xd8c207c04bb6367c3c8214c038e00b37510a9cf51b6ef6a8919761dafe348ba2,cfb-mtnst-marsh-2026-09-12,cfb,Middle Tennessee,Marshall,2026-09-12T23:00:00Z,1,1,401871045,2026-09-12T23:00Z,0.0,2,0,26,28,1,1
0x46c5bd9931d6068ecd9d9705caec1e1b9efd1f732c7d26a3206b8667f4e73b31,cfb-nal-selou-2026-09-12,cfb,North Alabama,Southeastern Louisiana,2026-09-12T23:00:00Z,1,1,401868150,2026-09-12T23:00Z,0.0,2,0,25,30,1,1
0x0de937e35a7865affb6dd354e3a986654bb7c3bfb3fb8777f802ace58b553465,cfb-nhc-sdkst-2026-09-12,cfb,New Haven,South Dakota State,2026-09-12T23:00:00Z,1,1,401872616,2026-09-12T23:00Z,0.0,2,0,14,57,1,1
0x62c04f2bd55753501f5d66e65f682f914a435e907d9bce20d72eb434b2e9fb46,cfb-nwst-txamc-2026-09-12,cfb,Northwestern State,East Texas A&M,2026-09-12T23:00:00Z,1,1,401869130,2026-09-12T23:00Z,0.0,2,0,14,38,1,1
0xbd3da965ca018e4f0f8cf54933d384e7307b117c248ade49c1fa4cfe7d0216f9,cfb-sala-tulane-2026-09-12,cfb,South Alabama,Tulane,2026-09-12T23:00:00Z,1,1,401864575,2026-09-12T23:00Z,0.0,2,0,24,28,1,1
0x3264293d9ea17bb4cfe8fa5b51b59c93a1d7b76b455896e72ac6dbbc3a95d5bc,cfb-samf-tentch-2026-09-12,cfb,Samford,Tennessee Tech,2026-09-12T23:00:00Z,1,1,401868386,2026-09-12T23:00Z,0.0,2,0,19,45,1,1
0x7bfe15afe501d23ff942cbfc5a7b6e2957647e84739c528b43f0c056572b706b,cfb-semst-sill-2026-09-12,cfb,Southeast Missouri State,Southern Illinois,2026-09-12T23:00:00Z,1,1,401867890,2026-09-12T23:00Z,0.0,2,0,20,34,1,1
0x8551a11431b182f6e7a3f8539a618f90273ec9ac8b87df02360053aa44836069,cfb-south-hou-2026-09-12,cfb,Southern University,Houston,2026-09-12T23:00:00Z,1,1,401856787,2026-09-12T23:00Z,0.0,2,0,6,77,1,1
0x531206e6331b3db0ed6414363e8dfde766475407de0822c7e2ee689b7b435fb8,cfb-sutah-colst-2026-09-12,cfb,Southern Utah,Colorado State,2026-09-12T23:00:00Z,1,1,401860882,2026-09-12T23:00Z,0.0,2,0,24,58,1,1
0xf85b3dc914ed12c09273a0a140706dc7cce918b870f62910a442048e10055f97,cfb-tarl-mcnst-2026-09-12,cfb,Tarleton State,McNeese,2026-09-12T23:00:00Z,0,1,401868236,2026-09-13T00:00Z,1.0,2,0,27,24,1,1
0x4b1fea9184701a277b20f4a7b451b6c0fd2a50840b49980e6d47fd348147b689,cfb-tenn-gtech-2026-09-12,cfb,Tennessee,Georgia Tech,2026-09-12T23:00:00Z,0,1,401856681,2026-09-12T23:00Z,0.0,2,0,45,24,1,1
0x81182b92018b68be46e77c7614c954d2fa732f1fcf7980aa5436911133c45e11,cfb-tenst-alaam-2026-09-12,cfb,Tennessee State,Alabama A&M,2026-09-12T23:00:00Z,1,1,401868195,2026-09-12T23:00Z,0.0,2,0,3,30,1,1
0x3febd7ae04b39fbbdb2d447a1cef131ffead92a623ec3402a3c9b026b0e7c73d,cfb-tows-sc-2026-09-12,cfb,Towson,South Carolina,2026-09-12T23:00:00Z,1,1,401856680,2026-09-12T23:00Z,0.0,2,0,9,45,1,1
0x6ab4b4b6eb44b91e11c2720742f92e196f9c21bc886a11fb34ade058c982cd73,cfb-tulsa-smho-2026-09-12,cfb,Tulsa,Sam Houston,2026-09-12T23:00:00Z,0,1,401862707,2026-09-12T23:00Z,0.0,2,0,23,17,1,1
0x7706368edeac401df9700089a0324b803293ff3b2381de5b1176672341b02b20,cfb-ucok-cark-2026-09-12,cfb,Central Oklahoma,Central Arkansas,2026-09-12T23:00:00Z,1,1,401868072,2026-09-12T23:00Z,0.0,2,0,20,59,1,1
0xba122a9f2b66b0d09d21451c152efc6d4b7a04f5188caeebace1418a60bac27d,cfb-utrgv-nichls-2026-09-12,cfb,UT Rio Grande Valley,Nicholls State,2026-09-12T23:00:00Z,1,1,401868246,2026-09-12T23:00Z,0.0,2,0,28,31,1,1
0x48c785c6c857b0479ca2c7bb3a780bdc8debc5b39799fe854171df87e48a9fa2,cfb-uwg-arkst-2026-09-12,cfb,West Georgia,Arkansas State,2026-09-12T23:00:00Z,1,1,401868241,2026-09-12T23:00Z,0.0,2,0,7,52,1,1
0x52715db352438ba9373f78695a47839c28e74d348a197f64b2569a9b058ecf67,cfb-valp-murst-2026-09-12,cfb,Valparaiso,Murray State,2026-09-12T23:00:00Z,1,1,401867867,2026-09-12T23:00Z,0.0,2,0,18,27,1,1
0x3d7027eaeb2c5da355f5917870c750bfc502e2f66f9a338d611d59c200858b4c,cfb-wcar-cin-2026-09-12,cfb,Western Carolina,Cincinnati,2026-09-12T23:00:00Z,1,1,401856786,2026-09-12T23:00Z,0.0,2,0,10,62,1,1
0x6d55fc2728d07de69c49e6c0ea8b187600dcaa2363c357e730ecee83f5612b87,cfb-sdst-ucla-2026-09-12,cfb,San Diego State,UCLA,2026-09-12T23:15:00Z,1,1,401858443,2026-09-12T23:15Z,0.0,2,0,10,28,1,1
0x36f5a5d3725e78425acb3cb08c5ae6b842f57677089ee193f25027f0e7d0296c,cfb-will-wisc-2026-09-12,cfb,Western Illinois,Wisconsin,2026-09-12T23:15:00Z,1,1,401858447,2026-09-12T23:15Z,0.0,2,0,9,36,1,1
0xf4b0e6ee9e742edc72699fbdcb2f5c8a2b35dd20fbf1d9e226e99f440ef7a26f,cfb-fordm-coast-2026-09-12,cfb,Fordham,Coastal Carolina,2026-09-12T23:30:00Z,1,1,401868008,2026-09-12T23:30Z,0.0,2,0,7,45,1,1
0xb7c40cd00226b7bbca125d3d2458df898eefb8e165beb389ef031fb88b307124,cfb-gas-clmsn-2026-09-12,cfb,Georgia Southern,Clemson,2026-09-12T23:30:00Z,1,1,401858219,2026-09-13T01:30Z,2.0,2,0,7,22,1,1
0x2d5f2bc71b86769d689db5be2ca5ae537f3337a243f8f298e3c00a06a146b8c3,cfb-iowast-iowa-2026-09-12,cfb,Iowa State,Iowa,2026-09-12T23:30:00Z,1,1,401856788,2026-09-12T23:30Z,0.0,2,0,13,16,1,1
0x07909c0f375dc096ad927f82a783ef240cc4ce1f3b4b744f9a4d0d69111c2a0d,cfb-loutch-lsu-2026-09-12,cfb,Louisiana Tech,LSU,2026-09-12T23:30:00Z,1,1,401867796,2026-09-12T23:30Z,0.0,2,0,14,45,1,1
0x6ecb8400937e46e5227a4950baf732776b7bc7398988e9fd0ceb5304f229310c,cfb-navy-flatl-2026-09-12,cfb,Navy,Florida Atlantic,2026-09-12T23:30:00Z,1,1,401862703,2026-09-12T23:30Z,0.0,2,0,30,38,1,1
0x8bbef2e02646724981fb9847906c7e549975ce502277754e16a0c4b8cc1eaa18,cfb-ohiost-tx-2026-09-12,cfb,Ohio State,Texas,2026-09-12T23:30:00Z,1,1,401856682,2026-09-12T23:30Z,0.0,2,0,23,24,1,1
0xa25c5b2192764caa290cf1431c1ac7f2fe9c9a08cc212d418690f38b70b98ff7,cfb-txtech-oregst-2026-09-12,cfb,Texas Tech,Oregon State,2026-09-12T23:30:00Z,0,1,401856783,2026-09-12T23:30Z,0.0,2,0,35,24,1,1
0x4caada26c63ed4f8176e84744ff6cabc32397f01655acf1ee5f7b88a0737d735,cfb-charlt-miss-2026-09-12,cfb,Charlotte,Ole Miss,2026-09-12T23:45:00Z,1,1,401856676,2026-09-12T23:45Z,0.0,2,0,9,41,1,1
0xd118ac731ac4ef6fab688756d8860ed6ba932358d9375be626adb626db418812,cfb-soumis-aubrn-2026-09-12,cfb,Southern Miss,Auburn,2026-09-12T23:45:00Z,1,1,401856671,2026-09-13T00:50Z,1.08,2,0,8,43,1,1
0xe7a7815dc1bfbbfeadd6b7b7c6dd550f910ba2055e3cb3c3a97db52a1b8c4a58,cfb-grmbst-tcu-2026-09-12,cfb,Grambling State,TCU,2026-09-13T00:00:00Z,1,1,401856789,2026-09-13T00:00Z,0.0,2,0,7,63,1,1
0xf4d895be89482726507fe32c5b29880892af4603fae7d9d2621659e6e8ba7b8f,cfb-pvam-bayl-2026-09-12,cfb,Prairie View A&M,Baylor,2026-09-13T00:00:00Z,1,1,401856784,2026-09-13T00:08Z,0.13,2,0,3,44,1,1
0xe96311b8ba660c80c035ac5841c7ac6e561a159f9f92b0d7954140bba6a477e1,cfb-sfaus-abchr-2026-09-12,cfb,Stephen F. Austin,Abilene Christian,2026-09-13T00:00:00Z,0,1,401868050,2026-09-13T00:00Z,0.0,2,0,26,7,1,1
0x95c0a1e4fba2aac7e6b2d6428259acfb9f5615fc42adbe9a74e8043ea22fd67a,cfb-calpol-sjst-2026-09-12,cfb,Cal Poly,San Jose State,2026-09-13T01:00:00Z,1,1,401864504,2026-09-13T01:00Z,0.0,2,0,20,30,1,1
0xec4fd955aae69626d9e23fd6ac0568f577ebce95ede5c51688b8419a59776991,cfb-txs-utep-2026-09-12,cfb,Texas Southern,UTEP,2026-09-13T01:00:00Z,1,1,401864505,2026-09-13T01:00Z,0.0,2,0,10,51,1,1
0xa01954bba41357eea031c19c63550209ad1985dd69efbe762815af1436fee030,cfb-ndak-portst-2026-09-12,cfb,North Dakota,Portland State,2026-09-13T02:00:00Z,0,1,401867876,2026-09-13T02:00Z,0.0,2,0,47,23,1,1
0x0c8fe9d18387c60f3f47b738f6bad5d967150fea770217391b4fd848dd9cccd0,cfb-ndkst-airf-2026-09-12,cfb,North Dakota State,Air Force,2026-09-13T02:00:00Z,0,1,401864502,2026-09-13T02:00Z,0.0,2,0,38,32,1,1
0x70e4db596762849b01b5fe04ff1a7945a1fb96d1dd75d0566fea7d14b1d79846,cfb-ark-utah-2026-09-12,cfb,Arkansas,Utah,2026-09-13T02:15:00Z,1,1,401856670,2026-09-13T02:30Z,0.25,2,0,10,43,1,1
0x1236cac78c4c7d0425542449efe31730157ca4ea3e79b58f717da1b999ec76e6,cfb-monst-nevada-2026-09-12,cfb,Montana State,Nevada,2026-09-13T02:30:00Z,0,1,401864500,2026-09-13T02:30Z,0.0,2,0,20,7,1,1
0x6f44b72109e03f37a1c12562b3f20d7b7bc992812fdf17eedfe541fae889c4e3,cfb-sacst-frest-2026-09-12,cfb,Sacramento State,Fresno State,2026-09-13T02:30:00Z,1,1,401860883,2026-09-13T02:30Z,0.0,2,0,3,49,1,1
0xe9597f276a4ee812bdf943451ecc610627b43d9bfa77fa42c27bcefb463dafb9,cfb-loulaf-usc-2026-09-12,cfb,Louisiana,USC,2026-09-13T03:00:00Z,1,1,401858445,2026-09-13T03:00Z,0.0,2,0,30,49,1,1
