condition_id,event_slug,season,game_start_utc,away_team,home_team,away_runs_first,home_runs_first,no_run,postponed,first_pitch_price,minutes_before,day_before_price
0xcb777dfd829a93557b612b3d8841fcb12d20d68abf8f86bae0a35e4978df5a53,mlb-phi-mil-2025-09-04,2025,2025-09-04T20:10:00Z,Philadelphia Phillies,Milwaukee Brewers,0,0,1,0,0.5,1.0,0.715
0x551e0002429173412e782aa56a93319538cdde6a27e865789bd15b25e75c0227,mlb-cws-min-2025-09-04,2025,2025-09-04T23:40:00Z,Chicago White Sox,Minnesota Twins,0,0,1,0,0.45,0.9,0.695
0x2d87033b6920b3bf47fc8d2efcdbe826291c766cbfa01d3cb39a8d8bc6f60e8a,mlb-nyy-hou-2025-09-04,2025,2025-09-04T23:40:00Z,New York Yankees,Houston Astros,0,0,1,0,0.56,0.9,0.5
0x2e9f25e664af8e80d897b9b9bf3ea0eefcef8eceb85d7beb2e0731abde14aeb3,mlb-wsh-chc-2025-09-05,2025,2025-09-05T18:20:00Z,Washington Nationals,Chicago Cubs,0,5,0,0,0.5,0.9,0.5
0xce55919e8659dcd55c49930dbf7ddec6160f4ed902c0db85f6cfc34728c8351a,mlb-cws-det-2025-09-05,2025,2025-09-05T22:40:00Z,Chicago White Sox,Detroit Tigers,1,0,0,0,0.5,0.9,0.5
0x4b1ba2562c2e7f215391359c680f4ae47fda2bd572545eac90405e75bc8a1935,mlb-mil-pit-2025-09-05,2025,2025-09-05T22:40:00Z,Milwaukee Brewers,Pittsburgh Pirates,1,0,0,0,0.5,0.9,0.5
0x2e42d59fbb5edbf2abd4e81b1e672a3226a24cf058a46b93b9760d61c57f14e4,mlb-nym-cin-2025-09-05,2025,2025-09-05T22:40:00Z,New York Mets,Cincinnati Reds,3,0,0,0,0.5,0.9,0.5
0x3951da139b7ebd26079a956d0f3d482d12bc681c2f76ccc3916c887dbff51e5a,mlb-lad-bal-2025-09-05,2025,2025-09-05T23:05:00Z,Los Angeles Dodgers,Baltimore Orioles,0,0,1,0,0.5,1.0,0.5
0x78ea3db9ccc360b46db25a21ccbabd5f531b3d6b89de7c54f6eaee4cf1c73b49,mlb-tor-nyy-2025-09-05,2025,2025-09-05T23:05:00Z,Toronto Blue Jays,New York Yankees,3,0,0,0,0.5,1.0,0.5
0x7180451dce22fe95f6fb6b88eb97aab4eb1b79d3a225d898cb704c67e68bdc5c,mlb-phi-mia-2025-09-05,2025,2025-09-05T23:10:00Z,Philadelphia Phillies,Miami Marlins,1,0,0,0,0.5,0.9,0.5
0xce24a9196d1c702a47afce0f42c66be1734a45261e341db32762d1e6fd9ae128,mlb-sea-atl-2025-09-05,2025,2025-09-05T23:15:00Z,Seattle Mariners,Atlanta Braves,0,1,0,0,0.5,0.9,0.5
0xe52694bbe7007e66ea61bd5868ced41967a9144af15c055c0f0e6ece76531f4c,mlb-cle-tb-2025-09-05,2025,2025-09-05T23:35:00Z,Cleveland Guardians,Tampa Bay Rays,0,0,1,0,0.5,0.9,0.5
0xea3db2d880c1153e5c33c68f6c17599b560fd58de97e47d529d6580adc6626fb,mlb-min-kc-2025-09-05,2025,2025-09-05T23:40:00Z,Minnesota Twins,Kansas City Royals,0,0,1,0,0.5,0.9,0.5
0x9235a1d2c0f110b6600f889b7833a89ed9921d265a92eebbd133d186cc3d3a53,mlb-hou-tex-2025-09-05,2025,2025-09-06T00:05:00Z,Houston Astros,Texas Rangers,0,0,1,0,0.5,0.9,0.5
0xaf8492ef4c8be0fca57f0632fb430ca2efb7313c32d697c24bce9f401750a494,mlb-sf-stl-2025-09-05,2025,2025-09-06T00:15:00Z,San Francisco Giants,St. Louis Cardinals,2,0,0,0,0.5,1.0,0.5
0x4f420287621543f46a49569d187b5a3a227ea43e123b9c583a6b18e89e584836,mlb-sd-col-2025-09-05,2025,2025-09-06T00:40:00Z,San Diego Padres,Colorado Rockies,0,0,1,0,0.505,0.9,0.5
0xcb8a6cae694ca6edf64b5f6eb939ebb7796a1c012be63c8c40c8fe449b5ad255,mlb-oak-laa-2025-09-05,2025,2025-09-06T01:38:00Z,Athletics,Los Angeles Angels,2,4,0,0,0.51,0.9,0.5
0xc27643f855dc48ee92da19e760d6b919ec58d5a4a54ad1866cd271af645aec8a,mlb-bos-ari-2025-09-05,2025,2025-09-06T01:40:00Z,Boston Red Sox,Arizona Diamondbacks,0,1,0,0,0.5,0.9,0.5
0xb7a16a543f87770067dcf31095076744846b28ac735cdcb30f40ad4eb467aa29,mlb-tor-nyy-2025-09-06,2025,2025-09-06T17:05:00Z,Toronto Blue Jays,New York Yankees,0,0,1,0,0.475,0.9,0.5
0xe96637b5e93a4d2d3e64017efb619515bb3ea807fa81bed240cc7f8b2fb8c7ec,mlb-wsh-chc-2025-09-06,2025,2025-09-06T18:20:00Z,Washington Nationals,Chicago Cubs,1,0,0,0,0.49,0.9,0.5
0x221bedc6a935df85f56dbe38dba14512ae6fb3cc4a442e5abc79fa93999eda6d,mlb-cws-det-2025-09-06,2025,2025-09-06T22:10:00Z,Chicago White Sox,Detroit Tigers,0,1,0,0,0.575,0.9,0.5
0x4872ed9d51a7bef2d2ee38fe9d1401f2ffc51108d09e627b9755866db77c9678,mlb-mil-pit-2025-09-06,2025,2025-09-06T22:40:00Z,Milwaukee Brewers,Pittsburgh Pirates,0,0,1,0,0.54,0.9,0.5
0x1a56d4bd4230908d42d95730c7029a19dea9c6c98e7bad6a4fa9dbbfa07e638f,mlb-nym-cin-2025-09-06,2025,2025-09-06T22:40:00Z,New York Mets,Cincinnati Reds,0,0,1,0,0.5,1.0,0.5
0x7df607659218b404dc1ed7d271c3fca7a9783851f03ad611f8ec39943ae0b818,mlb-cle-tb-2025-09-06,2025,2025-09-06T23:05:00Z,Cleveland Guardians,Tampa Bay Rays,0,0,1,0,0.5,0.9,0.5
0x70311537b86712c9746f9276eb07be890ecf449ccc3b1d9854b06f6026dfe182,mlb-lad-bal-2025-09-06,2025,2025-09-06T23:05:00Z,Los Angeles Dodgers,Baltimore Orioles,0,0,1,0,0.55,1.0,0.5
0x45e9e68eb055c74388b19085e7a0e9d218b2b7670b6fbd96ba4331848fe0a995,mlb-hou-tex-2025-09-06,2025,2025-09-06T23:15:00Z,Houston Astros,Texas Rangers,0,0,1,0,0.59,0.9,0.5
0xa79a09ef3545a561f0c42b52ea606534b77d64ec979a7397d04ec0d108301c85,mlb-min-kc-2025-09-06,2025,2025-09-06T23:15:00Z,Minnesota Twins,Kansas City Royals,0,5,0,0,0.51,1.0,0.5
0xa454eceba36b357c96c57a925b77e3d68f7e80037314adac57cb9aa38dca1084,mlb-sea-atl-2025-09-06,2025,2025-09-06T23:15:00Z,Seattle Mariners,Atlanta Braves,2,0,0,0,0.49,0.9,0.5
0x01cbcfbc003220c85e40abf7ae7b8eb5f96597d49e4bfa294a0e3f9defc508db,mlb-sf-stl-2025-09-06,2025,2025-09-06T23:15:00Z,San Francisco Giants,St. Louis Cardinals,0,0,1,0,0.51,1.0,0.5
0xe2f4bbd5267b7043794e5cc1b77ef190152cfed6f22501d8496518a60f56dfba,mlb-bos-ari-2025-09-06,2025,2025-09-07T00:10:00Z,Boston Red Sox,Arizona Diamondbacks,0,0,1,0,0.5,0.9,0.5
0x5f6b0e07d1521f8e2c47caa420978ef39ac8cbadbf860b141fc13934e7cdfe6b,mlb-sd-col-2025-09-06,2025,2025-09-07T00:10:00Z,San Diego Padres,Colorado Rockies,0,0,1,0,0.42,0.9,0.5
0xc680225513b9681bd1cac91bbb19d354363adf3f638e1ac026e56faefad8dc97,mlb-kc-cle-2025-09-08,2025,2025-09-08T22:40:00Z,Kansas City Royals,Cleveland Guardians,0,1,0,0,0.54,0.9,0.5
0xed847e26890543c5fe7b8c6b789f96bccc74e2927e2ae62d946770c2f3280dbf,mlb-nym-phi-2025-09-08,2025,2025-09-08T22:45:00Z,New York Mets,Philadelphia Phillies,0,0,1,0,0.5,0.9,0.5
0xf7d18c295cdc550bb29effc30fbc600c4a126a40978540be1334d349de163f8e,mlb-chc-atl-2025-09-08,2025,2025-09-08T23:15:00Z,Chicago Cubs,Atlanta Braves,0,3,0,0,0.5,0.9,0.5
0x52a1d0b5eeb0b03b69bd38b55c766b19dc6423685c7c383d5eb73e3ec7c256af,mlb-mil-tex-2025-09-08,2025,2025-09-09T00:05:00Z,Milwaukee Brewers,Texas Rangers,0,0,1,0,0.74,0.9,0.5
0x78dbd9eef3a9d8352719df82010832edaa94aa77604b5ab42f42712b90112fb7,mlb-min-laa-2025-09-08,2025,2025-09-09T01:38:00Z,Minnesota Twins,Los Angeles Angels,0,0,1,0,0.47,0.9,0.5
0x11198869ffb4d1b12f7c1c5a55bd47e3bcdb579db7c4119d7bb57aa9cebb9d83,mlb-stl-sea-2025-09-08,2025,2025-09-09T01:40:00Z,St. Louis Cardinals,Seattle Mariners,0,0,1,0,0.52,0.9,0.5
0x248e9b700c9122ffde1f6799adf0a3ca6d5fcfecdc43f8b91eee2d1775fff5c4,mlb-ari-sf-2025-09-08,2025,2025-09-09T01:45:00Z,Arizona Diamondbacks,San Francisco Giants,0,0,1,0,0.545,0.9,0.5
0x789680ec8412ec31284d3a082e4a939c93cdf657de74e030784b0ed511c85198,mlb-bos-oak-2025-09-08,2025,2025-09-09T02:05:00Z,Boston Red Sox,Athletics,1,0,0,0,0.525,1.0,0.5
0x721f1c7b5e7cfc3091e328dd126bcfb31244504afd0080f52750eb1a7f17bc6a,mlb-pit-bal-2025-09-09,2025,2025-09-09T22:35:00Z,Pittsburgh Pirates,Baltimore Orioles,1,1,0,0,0.55,0.9,0.5
0x88ff58faca28e893b87191b836902db49901fb7b575ad240582da985682443a4,mlb-kc-cle-2025-09-09,2025,2025-09-09T22:40:00Z,Kansas City Royals,Cleveland Guardians,0,1,0,0,0.545,0.9,0.5
0x68cea662372091a7eb2f55b0038bc51317ae6e1ed3e012568568090e46548d28,mlb-wsh-mia-2025-09-09,2025,2025-09-09T22:40:00Z,Washington Nationals,Miami Marlins,3,0,0,0,0.485,0.9,0.5
0x2dfc2c7e9f1316e4ac6786bc69cfbb8ab4b660950adfd85390dbeb81f78617cd,mlb-nym-phi-2025-09-09,2025,2025-09-09T22:45:00Z,New York Mets,Philadelphia Phillies,0,2,0,0,0.54,1.0,0.5
0xa5cc7f8944b7d4ad7e8989f6b58618ed5872e729fb81877aadff29abf74cd0e9,mlb-det-nyy-2025-09-09,2025,2025-09-09T23:05:00Z,Detroit Tigers,New York Yankees,0,1,0,0,0.5,0.9,0.3
0xbf8c0bcb1578175176aada868bea4b31dcd361d92d897323b612570a792f7e0b,mlb-mil-tex-2025-09-09,2025,2025-09-10T00:05:00Z,Milwaukee Brewers,Texas Rangers,0,0,1,0,0.745,1.0,0.5
0xefbc5be6e5998e7ebf52f3d44b921778cc86f9fd36ebe09e4e50a83067589b65,mlb-min-laa-2025-09-09,2025,2025-09-10T01:38:00Z,Minnesota Twins,Los Angeles Angels,0,3,0,0,0.73,0.9,0.5
0xb99d8ef86c94ecd8a24c21955f6f3295a9ffaf1dcb19e584eec43abfc5f0cde4,mlb-cin-sd-2025-09-09,2025,2025-09-10T01:40:00Z,Cincinnati Reds,San Diego Padres,1,0,0,0,0.515,0.9,0.5
0x38fbec31faba4459b247625fd0d472a807373cf32c0aa90111e87ecba26511ee,mlb-bos-oak-2025-09-09,2025,2025-09-10T02:05:00Z,Boston Red Sox,Athletics,4,0,0,0,0.7,0.9,0.5
0x999c1ac80c59cfc5d85172a2c103f2b6b8325142b79498d26b6dc741eedf69c9,mlb-mil-tex-2025-09-10,2025,2025-09-10T18:35:00Z,Milwaukee Brewers,Texas Rangers,2,0,0,0,0.59,1.0,0.52
0xd60511b15c99fc5cdfb9be8d5757fb209776f49ebb479d7da3846d73aa10e231,mlb-bos-oak-2025-09-10,2025,2025-09-10T19:35:00Z,Boston Red Sox,Athletics,0,1,0,0,0.465,0.9,0.5
0x15ebe24fef5745273d9aa003107e14e071e3ce4fcc37d540d0a4680930a2a0fc,mlb-ari-sf-2025-09-10,2025,2025-09-10T19:45:00Z,Arizona Diamondbacks,San Francisco Giants,1,0,0,0,0.51,1.0,0.48
0x41967376e6ed8d3cf43bbc3077566120145082c0385b6f415c70568ab197448a,mlb-min-laa-2025-09-10,2025,2025-09-10T20:07:00Z,Minnesota Twins,Los Angeles Angels,0,0,1,0,0.49,0.9,0.52
0x606ef1dd8fd2b38ba261a14700d41429d8427fad8f748a34a11be46b50d62e43,mlb-pit-bal-2025-09-10,2025,2025-09-10T22:35:00Z,Pittsburgh Pirates,Baltimore Orioles,0,0,1,0,0.605,0.9,0.48
0x0ba92733c3c842dd4a104e24808e7c8f73e331e705dbf7ad537daa2e574baf3a,mlb-kc-cle-2025-09-10,2025,2025-09-10T22:40:00Z,Kansas City Royals,Cleveland Guardians,1,2,0,0,0.52,0.9,0.5
0xd3f687f45af49162a80194347b3433597546193f27f8340966ef1f4ff335deb5,mlb-wsh-mia-2025-09-10,2025,2025-09-10T22:40:00Z,Washington Nationals,Miami Marlins,0,0,1,0,0.51,0.9,0.52
0xb9b1447f7472a6297c091afc6e95147cc9991a08f91d1d9d259f827af2824072,mlb-nym-phi-2025-09-10,2025,2025-09-10T22:45:00Z,New York Mets,Philadelphia Phillies,0,2,0,0,0.53,0.9,0.48
0xac40db5cfc7ac86413ab890c9bdead4df7e555b693fdb813ec3dfb52a4714dff,mlb-hou-tor-2025-09-10,2025,2025-09-10T23:07:00Z,Houston Astros,Toronto Blue Jays,0,0,1,0,0.5,1.0,0.5
0x5293ba7ad8afb7bd73d92a8e255930264d8a5c9f7812333f98316117069137af,mlb-chc-atl-2025-09-10,2025,2025-09-10T23:15:00Z,Chicago Cubs,Atlanta Braves,0,0,1,0,0.53,0.9,0.5
0xaf60a8e54d4c7507dc365f35ed4476483ab02a1ce4933d155b0d462c45a633bd,mlb-cin-sd-2025-09-10,2025,2025-09-11T00:40:00Z,Cincinnati Reds,San Diego Padres,0,0,1,0,0.555,0.9,0.475
0xf164eb0b0743f296e9366c128e91a66266872d2c5a3da58a83f585f0441cdef7,mlb-stl-sea-2025-09-10,2025,2025-09-11T01:40:00Z,St. Louis Cardinals,Seattle Mariners,1,0,0,0,0.52,0.9,0.475
0xaa90172b260f28b7fb9fe0f656e902d5733e76779cc5a7ffa333aa8ed77b4dda,mlb-col-lad-2025-09-10,2025,2025-09-11T02:10:00Z,Colorado Rockies,Los Angeles Dodgers,0,0,1,0,0.51,0.9,0.47
0x0bd78b889b0a4d683b8bcc8e365e6d98f2d5cebb38b5c285991433a551d9f43e,mlb-pit-bal-2025-09-11,2025,2025-09-11T17:05:00Z,Pittsburgh Pirates,Baltimore Orioles,1,1,0,0,0.755,0.9,0.5
0x863a1273c4fbef165f4be78ce4ea715ed51d6d70100bd3ca4bbc7713fed49583,mlb-tb-cws-2025-09-11,2025,2025-09-11T18:10:00Z,Tampa Bay Rays,Chicago White Sox,0,2,0,0,0.555,0.9,0.5
0x8563bb44ed0fc8d077495d476671c7e32117f67631ea5ca0d1ce06479ccb900b,mlb-hou-tor-2025-09-11,2025,2025-09-11T19:07:00Z,Houston Astros,Toronto Blue Jays,0,2,0,0,0.52,0.9,0.5
0xa5f126f86fdd73ec09a46aa94e771d5d8dc620f8c6d11690d02d8955c7413a2f,mlb-wsh-mia-2025-09-11,2025,2025-09-11T22:40:00Z,Washington Nationals,Miami Marlins,0,2,0,0,0.54,1.0,0.5
0x29fdd00ed2a592971ff85934d8873d5a316bc91d34616a405ccfd1bbe058956c,mlb-det-nyy-2025-09-11,2025,2025-09-11T23:05:00Z,Detroit Tigers,New York Yankees,0,1,0,0,0.515,1.0,0.5
0x38363a9d4db2ff5291137006ee3a1f6f491a9a076cb049e7a07fa51cb31032bd,mlb-kc-cle-2025-09-11,2025,2025-09-11T23:15:00Z,Kansas City Royals,Cleveland Guardians,2,0,0,0,0.545,0.9,0.5
0xf05a75db1ef3669587402034a1d0b2cb51e18e54b072d9a121365849bb3c0a98,mlb-nym-phi-2025-09-11,2025,2025-09-11T23:15:00Z,New York Mets,Philadelphia Phillies,4,0,0,0,0.53,0.9,0.5
0xcafd8b51f41befe63a0df2eb0045c11d14d580dbf795af5895aff789eaf5e8f4,mlb-col-sd-2025-09-11,2025,2025-09-12T01:40:00Z,Colorado Rockies,San Diego Padres,0,0,1,0,0.5,0.9,0.5
0x96e49d09fd6ff84e98f5b6100f0144442af4e59fde601a5c7093f644979112a5,mlb-kc-phi-2025-09-12,2025,2025-09-12T22:45:00Z,Kansas City Royals,Philadelphia Phillies,1,0,0,0,0.455,0.9,0.5
0x422ed517d7204a7b215f570bb46cb9aee804252cc21b0f7dd42d035e08ed8fd3,mlb-det-mia-2025-09-12,2025,2025-09-12T23:10:00Z,Detroit Tigers,Miami Marlins,0,1,0,0,0.6,0.9,0.5
0x3f19106032069eeb3c641ba23ee352447303764b415fdb47b8214bb1bce0f16f,mlb-stl-mil-2025-09-12,2025,2025-09-13T00:10:00Z,St. Louis Cardinals,Milwaukee Brewers,0,0,1,0,0.525,0.9,0.5
0x73c053ed87afaba0105756e5261996cc70affa4dce677e1dbf80068206eddce7,mlb-col-sd-2025-09-12,2025,2025-09-13T01:40:00Z,Colorado Rockies,San Diego Padres,0,1,0,0,0.265,1.0,0.5
0xaa3e95661ca1fe94318a97f09eb5a13ec097a251ab9cf889275adca20e6cb577,mlb-laa-sea-2025-09-12,2025,2025-09-13T02:10:00Z,Los Angeles Angels,Seattle Mariners,0,0,1,0,0.535,0.9,0.5
0x7e9ae76c224b498cdd1f36191b40e4afaba1f864843a69039c54ef36a52a18d6,mlb-lad-sf-2025-09-12,2025,2025-09-13T02:15:00Z,Los Angeles Dodgers,San Francisco Giants,0,1,0,0,0.555,0.9,0.5
0x932066d4e0f2d5e8ae42ff08c789e9dd056f7064e23af34a539565e95657b131,mlb-tb-chc-2025-09-13,2025,2025-09-13T18:20:00Z,Tampa Bay Rays,Chicago Cubs,0,0,1,0,0.525,0.9,0.5
0x35f987024328af824a8c1d97347650c3bae7ef4128c515d1a13391230b18c438,mlb-bal-tor-2025-09-13,2025,2025-09-13T19:07:00Z,Baltimore Orioles,Toronto Blue Jays,2,0,0,0,0.505,0.9,0.5
0x87e5cf5ea1b470068291f5d44a5c37e5dad2d886e30d9f7be6b42a3798c475cc,mlb-pit-wsh-2025-09-13,2025,2025-09-13T20:05:00Z,Pittsburgh Pirates,Washington Nationals,0,0,1,0,0.475,0.9,0.5
0xb429272559608750d0c3bdf29df1ae4f011d35f90c07fe26cfd0077daa3d3611,mlb-det-mia-2025-09-13,2025,2025-09-13T20:10:00Z,Detroit Tigers,Miami Marlins,0,1,0,0,0.505,0.9,0.5
0xa7018c09981ce00a64b04463dae3584bb173de03fa6f2a213c0edc676a10fb06,mlb-kc-phi-2025-09-13,2025,2025-09-13T22:05:00Z,Kansas City Royals,Philadelphia Phillies,3,2,0,0,0.455,0.9,0.5
0x8d29e32cc1d43bef4e19d3cbaad8b89c05142db9226d3838883ee3c403e6841c,mlb-cws-cle-2025-09-13,2025,2025-09-13T22:10:00Z,Chicago White Sox,Cleveland Guardians,1,0,0,0,0.515,0.9,0.5
0xb9fc5f55f12d4b2a7e25c3b28ce955c2b1d2e191e746e28538042bd142a7921d,mlb-ari-min-2025-09-13,2025,2025-09-13T23:10:00Z,Arizona Diamondbacks,Minnesota Twins,0,0,1,0,0.505,1.0,0.5
0x5e99e4e1f240d8bb7e3b7446b97d5ec462fb1d8a60d63fafa9939811f46b652f,mlb-hou-atl-2025-09-13,2025,2025-09-13T23:15:00Z,Houston Astros,Atlanta Braves,0,0,1,0,0.515,0.9,0.5
0x7e2b98cd35eb24e15599f508f237c386b5f596709b5a2f1189e7dbc57e7673fa,mlb-col-sd-2025-09-13,2025,2025-09-14T00:40:00Z,Colorado Rockies,San Diego Padres,1,1,0,0,0.505,0.9,0.5
0xf2fb1093c3b1a8bdf3c1a1a8959b83da206c7bc14d6981962b46a5d1ac692fd6,mlb-laa-sea-2025-09-13,2025,2025-09-14T01:40:00Z,Los Angeles Angels,Seattle Mariners,0,2,0,0,0.54,1.0,0.5
0x5411317cfc8ab83da34d5eff9fee78eff7dd4aaaf935bfca51e71239a63d60d5,mlb-cin-oak-2025-09-13,2025,2025-09-14T02:05:00Z,Cincinnati Reds,Athletics,0,0,1,0,0.755,0.9,0.5
0x254fa325f6b1ac3e4ca28a6f74de98095cb222bce47ff210fb9543971597e137,mlb-bal-tor-2025-09-14,2025,2025-09-14T17:37:00Z,Baltimore Orioles,Toronto Blue Jays,0,0,1,0,0.3,0.8,0.5
0x81cf2c2efadca18a82bccf2b0781270cdf9fa1e44b5e488c8350ae0c1c4b2462,mlb-cws-cle-2025-09-14,2025,2025-09-14T17:40:00Z,Chicago White Sox,Cleveland Guardians,0,0,1,0,0.71,0.9,0.5
0xb3656fb0b093c6da2e5b7ea367cb2a11a1f954d6f6b009ff138e24f800de8fde,mlb-chc-pit-2025-09-15,2025,2025-09-15T22:40:00Z,Chicago Cubs,Pittsburgh Pirates,0,0,1,0,0.56,1.0,0.5
0xd30359ea19967ef765cfb692999f254025dbb81ac38cd1eacacf2857e6b0a1b0,mlb-atl-wsh-2025-09-15,2025,2025-09-15T22:45:00Z,Atlanta Braves,Washington Nationals,0,0,1,0,0.475,0.9,0.5
0x9f35aa9fb8b262a789dad23eead2f9dc906f06d73d4b6c81f5bc636fb00852bd,mlb-sf-ari-2025-09-15,2025,2025-09-16T01:40:00Z,San Francisco Giants,Arizona Diamondbacks,0,1,0,0,0.695,0.9,0.5
0xf9cd1f1a922f43c2c4d7f23038885150e45ad2a246a145dc29b67c4e2f3ff4b3,mlb-oak-bos-2025-09-16,2025,2025-09-16T22:45:00Z,Athletics,Boston Red Sox,0,0,1,0,0.51,0.9,0.5
0x8e7480534d30f98100db7f15a13af2766f9a30c496e6edc9f13841b183aff078,mlb-tor-tb-2025-09-16,2025,2025-09-16T23:35:00Z,Toronto Blue Jays,Tampa Bay Rays,1,0,0,0,0.515,1.0,0.5
0x16c579268145589ca7c6f934161073f076791d29fa05ee972b197d6a0443d4e7,mlb-bal-cws-2025-09-16,2025,2025-09-16T23:40:00Z,Baltimore Orioles,Chicago White Sox,0,2,0,0,0.555,0.9,0.5
0xdc67dd7407b92d0fc452279c7a037aaa9c112885e82732c49d85e5e9a903b62d,mlb-sea-kc-2025-09-16,2025,2025-09-16T23:40:00Z,Seattle Mariners,Kansas City Royals,2,0,0,0,0.525,0.9,0.5
0xd15d564dd01025d8297a15a2d4de73ed17cb072d9e145d9026d73c2acf346be8,mlb-mia-col-2025-09-16,2025,2025-09-17T00:40:00Z,Miami Marlins,Colorado Rockies,0,0,1,0,0.5,0.9,0.5
0xc03465aaafe5d2b1f5e477bbc2ca21c6b20184684c843d29ae7fb8ebe2d4e80f,mlb-phi-lad-2025-09-16,2025,2025-09-17T02:10:00Z,Philadelphia Phillies,Los Angeles Dodgers,0,0,1,0,0.555,0.9,0.5
0x0da999caef2a56e09f63ce1fbce2ae2736d22b5cf72892aa80ec09972e793957,mlb-chc-pit-2025-09-17,2025,2025-09-17T16:35:00Z,Chicago Cubs,Pittsburgh Pirates,4,3,0,0,0.575,0.9,0.5
0xfd943fb7bec9669af0758bbf02f753fb7796474262d85b26265dd6191c1f65b6,mlb-cin-stl-2025-09-17,2025,2025-09-17T17:15:00Z,Cincinnati Reds,St. Louis Cardinals,0,1,0,0,0.525,0.9,0.5
0x0aa23ee9bdb055fabbe05a49a97cdbcb53f0166abca26c046ccb82abaa733c9a,mlb-bal-cws-2025-09-17,2025,2025-09-17T18:10:00Z,Baltimore Orioles,Chicago White Sox,1,0,0,0,0.535,6.0,0.5
0xe51f555745826eeaa66d5fc1912a758ba745dd528fc31f512fce19c5d11436df,mlb-sf-ari-2025-09-17,2025,2025-09-17T19:40:00Z,San Francisco Giants,Arizona Diamondbacks,0,0,1,0,0.505,1.0,0.5
0xfdd49247a325e95904de7ed48228479475d785cecb94ee3b27b8376a7bba4509,mlb-atl-wsh-2025-09-17,2025,2025-09-17T20:05:00Z,Atlanta Braves,Washington Nationals,0,0,1,0,0.515,0.9,0.5
0xe64d0afe2bf4f41884f461a85036b02e2301bce46214edce36b3bc1640598025,mlb-cle-det-2025-09-17,2025,2025-09-17T22:40:00Z,Cleveland Guardians,Detroit Tigers,0,0,1,0,0.545,1.0,0.5
0xdb1a8ff78268e2ca6d7d63cddd2e1f1c1148e9ec7df48450b02c337b7f5c115e,mlb-oak-bos-2025-09-17,2025,2025-09-17T22:45:00Z,Athletics,Boston Red Sox,0,1,0,0,0.48,0.9,0.5
0xa4e346f5710089cafed8556834426132313c31d62156495393f7a18fa3baf606,mlb-tor-tb-2025-09-17,2025,2025-09-17T23:05:00Z,Toronto Blue Jays,Tampa Bay Rays,0,1,0,0,0.535,1.0,0.5
0xa9dc02f0441ddd8978639afb1a89b84b7916af0962f3ba38f1d9bc5ce4f9f7cc,mlb-sea-kc-2025-09-17,2025,2025-09-17T23:40:00Z,Seattle Mariners,Kansas City Royals,0,3,0,0,0.525,0.9,0.5
0x60df9f31976e4f50d14abd96dde02f61790a8f788b1d9d5b5b7972d718c0183b,mlb-phi-lad-2025-09-17,2025,2025-09-18T02:10:00Z,Philadelphia Phillies,Los Angeles Dodgers,0,0,1,0,0.535,1.0,0.5
0x9791ffc4b6939e0d4d36f6ddb47b092e5de237bb12c601f5fef6423b1147e568,mlb-sea-kc-2025-09-18,2025,2025-09-18T18:10:00Z,Seattle Mariners,Kansas City Royals,0,0,1,0,0.495,0.9,0.5
0x90714b8589aec91d42ec9c3166593d09fbae957fc0adee9c7cad6be17cc833a2,mlb-mia-col-2025-09-18,2025,2025-09-18T19:10:00Z,Miami Marlins,Colorado Rockies,0,0,1,0,0.495,0.9,0.5
0x2ec526df531c33a63f8b0b084c8e826fc6b15054f610c65c6b1d6beefcae62ac,mlb-nyy-bal-2025-09-18,2025,2025-09-18T23:15:00Z,New York Yankees,Baltimore Orioles,2,0,0,0,0.525,1.0,0.5
0x38317aaf63c04cce4bea811b6a387d1282c15de93ef12d6c921a53017f9ae5c3,mlb-laa-mil-2025-09-18,2025,2025-09-18T23:40:00Z,Los Angeles Angels,Milwaukee Brewers,0,0,1,0,0.525,0.9,0.5
0x97ab44256140a9addaf0a4f3a08e7d7e35f395b6d754b8fd3a11c414f7e7a1c4,mlb-sf-lad-2025-09-18,2025,2025-09-19T02:10:00Z,San Francisco Giants,Los Angeles Dodgers,0,0,1,0,0.545,0.9,0.5
0x01b497e7b9201a0513f34e052efdea8601847659f84d700d6d8cb8cc20dc897e,mlb-atl-det-2025-09-19,2025,2025-09-19T22:40:00Z,Atlanta Braves,Detroit Tigers,3,0,0,0,0.515,0.9,0.5
0x514cbd803bbfa9522407e07bac3edc025d8febdce9c3683f4779cc60c37ea805,mlb-chc-cin-2025-09-19,2025,2025-09-19T22:40:00Z,Chicago Cubs,Cincinnati Reds,0,1,0,0,0.545,0.9,0.5
0x1c28826aedef7d4fb2be4659c8ead24c8c6483f40d0d459395240d706d91f910,mlb-oak-pit-2025-09-19,2025,2025-09-19T22:40:00Z,Athletics,Pittsburgh Pirates,0,3,0,0,0.51,0.9,0.5
0x971d6e0edb8294733cf0b4ba6a19fe52510bd8c54843801fa30d149bdd7336e3,mlb-nyy-bal-2025-09-19,2025,2025-09-19T23:05:00Z,New York Yankees,Baltimore Orioles,0,0,1,0,0.515,0.9,0.5
0xda04d985e0516656b0ab06367cf7d2e0e4a8e712509efacf60ad519fadf74171,mlb-sd-cws-2025-09-19,2025,2025-09-19T23:40:00Z,San Diego Padres,Chicago White Sox,0,2,0,0,0.515,0.9,0.5
0x1f2a8fdbcf512b36d7ad191953761285b7377944fef020f91d6341f8ad06ec75,mlb-mia-tex-2025-09-19,2025,2025-09-20T00:05:00Z,Miami Marlins,Texas Rangers,0,0,1,0,0.515,0.9,0.5
0xd4a40a1d3889a0f1b6d4ef54dd6db5c7676da1a7c13ae7a73523c58578b0e6d8,mlb-laa-col-2025-09-19,2025,2025-09-20T00:10:00Z,Los Angeles Angels,Colorado Rockies,0,2,0,0,0.405,0.9,0.5
0x8e676e38edd9d6df6d054a79ead1629c34c895aa03072dbfd9de6d3dbef39481,mlb-mil-stl-2025-09-19,2025,2025-09-20T00:15:00Z,Milwaukee Brewers,St. Louis Cardinals,0,1,0,0,0.535,0.9,0.5
0xee113211e70151c955de8d4811cd518db148eb74fdc8ee740aa5907a84aa863f,mlb-sf-lad-2025-09-19,2025,2025-09-20T02:10:00Z,San Francisco Giants,Los Angeles Dodgers,1,0,0,0,0.505,0.9,0.5
0x53e885f072a46bc7a1f6f7103b9fac08b5ca042e54ebf8d8792563dd1aa49edc,mlb-chc-cin-2025-09-20,2025,2025-09-20T22:40:00Z,Chicago Cubs,Cincinnati Reds,0,0,1,0,0.515,0.9,0.5
0x9bb803bc34c117c9b4d48092ae5d6e406321152ed68e3fdd73ad4b4bfb8c9602,mlb-bos-tb-2025-09-20,2025,2025-09-20T23:05:00Z,Boston Red Sox,Tampa Bay Rays,0,0,1,0,0.505,0.9,0.5
0xa82f20b3b521f8caa4e63492e934988cfd5a94d98f63c1cf0083a892cbeccf90,mlb-mia-tex-2025-09-20,2025,2025-09-20T23:05:00Z,Miami Marlins,Texas Rangers,0,0,1,0,0.505,0.9,0.5
0x4cae2e5e27291f2bbd8b3f08320c5b6933bf714e20fc610f43807af4631fec84,mlb-cle-min-2025-09-20,2025,2025-09-20T23:10:00Z,Cleveland Guardians,Minnesota Twins,0,0,1,0,0.505,0.9,0.5
0x4e9945d596c408302f00c4c5763672b48fa4f60033e007ffc7e19732c870f942,mlb-tor-kc-2025-09-20,2025,2025-09-20T23:10:00Z,Toronto Blue Jays,Kansas City Royals,0,0,1,0,0.51,1.0,0.5
0xdd722365766977ae83ca31fc0d13a4eeaf1a916838c58782679111c4cc8fbf96,mlb-mil-stl-2025-09-20,2025,2025-09-20T23:15:00Z,Milwaukee Brewers,St. Louis Cardinals,0,0,1,0,0.495,0.9,0.5
0x1e6672123b553cc87d67dc1e6afa08e610f71599d47b3d5727fee777fd2f8a3b,mlb-laa-col-2025-09-20,2025,2025-09-21T00:10:00Z,Los Angeles Angels,Colorado Rockies,0,0,1,0,0.435,0.9,0.5
0x02345ec1efd9a1c1d8bf666b471b9e6b90065d138ffe1f07a5ba5f604b73f9cd,mlb-phi-ari-2025-09-20,2025,2025-09-21T00:10:00Z,Philadelphia Phillies,Arizona Diamondbacks,2,1,0,0,0.505,0.9,0.5
0xc47db7aefa356ad611ec1aebf4ad23699703264d6f59749e2dfaf0bab2a37f3b,mlb-nyy-bal-2025-09-21,2025,2025-09-21T17:35:00Z,New York Yankees,Baltimore Orioles,0,0,1,0,0.515,0.9,0.5
0x228ca5851042a95208733514911e45885905f5c7d3df6455a8d0d2a405cd887a,mlb-cle-min-2025-09-21,2025,2025-09-21T18:10:00Z,Cleveland Guardians,Minnesota Twins,2,0,0,0,0.505,0.9,0.5
0x3c6bd0c93688dab98d8a60a3c5a3c322e5d1116b9d7f17dc019b21f9821d4ebc,mlb-sd-cws-2025-09-21,2025,2025-09-21T18:10:00Z,San Diego Padres,Chicago White Sox,0,0,1,0,0.505,1.0,0.5
0xc5eeca2e300063618057e99da099f0343b28bb73513214b035f4fac59ba845da,mlb-laa-col-2025-09-21,2025,2025-09-21T19:10:00Z,Los Angeles Angels,Colorado Rockies,1,0,0,0,0.745,0.9,0.5
0x82b45ca82362513a7e10609d9412ef833dd2836aedfa2f474252737828aca354,mlb-sea-hou-2025-09-21,2025,2025-09-21T23:10:00Z,Seattle Mariners,Houston Astros,0,0,1,0,0.525,1.0,0.5
0x842d3851f90d36ae6d6aa9274098838905aa62a4fd774881925be9d1310fb385,mlb-wsh-atl-2025-09-22,2025,2025-09-22T23:15:00Z,Washington Nationals,Atlanta Braves,1,1,0,0,0.585,1.0,0.5
0x689ac778aa850d294a56b50844f438352d34bb4a06ad6afc02ef221a85f6754a,mlb-mil-sd-2025-09-22,2025,2025-09-23T01:40:00Z,Milwaukee Brewers,San Diego Padres,0,1,0,0,0.57,0.9,0.5
0x4273b2e54519ab08932dd8a658e3945a795971e06b4dbdd3d616289d2fba9320,mlb-nyy-sf-2026-03-25,2026,2026-03-26T00:05:00Z,New York Yankees,San Francisco Giants,0,0,1,0,0.585,0.6,0.505
0x308e4d6e6a022fde2b3189667052188cd2fe3ba92596b4053ebdb688b11f2903,mlb-pit-nym-2026-03-26,2026,2026-03-26T17:15:00Z,Pittsburgh Pirates,New York Mets,2,5,0,0,0.785,0.5,0.765
0x2fe1d5da419cd609eec576ab89810375083492a17b929188f11a37b64ffba7a2,mlb-min-bal-2026-03-26,2026,2026-03-26T19:05:00Z,Minnesota Twins,Baltimore Orioles,0,0,1,0,0.52,0.6,0.65
0xec8461c1d6abc4303524fa2c955afb7a0027fff61431a6289fc06c07ac410c08,mlb-det-sd-2026-03-26,2026,2026-03-26T20:10:00Z,Detroit Tigers,San Diego Padres,4,0,0,0,0.6,0.5,0.715
0xb1d8dcfdaee070d9d1055b477ada58e3a2fb8a6686834673d415530cda3d0a68,mlb-laa-hou-2026-03-26,2026,2026-03-26T20:10:00Z,Los Angeles Angels,Houston Astros,0,0,1,0,0.525,0.5,0.575
0x21604fe9f0acb30f0674965a451646ca7110b8efce6ce71d720049df2411522f,mlb-tex-phi-2026-03-26,2026,2026-03-26T20:15:00Z,Texas Rangers,Philadelphia Phillies,0,2,0,0,0.565,0.5,0.51
0x958308cf8ee24e147a823fc447605c6b815da9609ce2b7dce937682250571bae,mlb-ari-lad-2026-03-26,2026,2026-03-27T00:30:00Z,Arizona Diamondbacks,Los Angeles Dodgers,0,0,1,0,0.47,0.6,0.51
0x89ccaae5c7faeb7ea532585c26e7d33a7ac602fd0803bedb31ac5c3591ad8cea,mlb-col-mia-2026-03-27,2026,2026-03-27T23:10:00Z,Colorado Rockies,Miami Marlins,0,0,1,0,0.52,0.5,0.52
0x3c3dc8805e6c8aa89425fd1cae7bf98520e44c4e5c202182ba7110915fed7c75,mlb-kc-atl-2026-03-27,2026,2026-03-27T23:15:00Z,Kansas City Royals,Atlanta Braves,0,1,0,0,0.57,0.5,0.585
0x904eae9f855e1a1fb077ebb0048c5dca1480121d10b590bf0d81bfd64db119e5,mlb-det-sd-2026-03-27,2026,2026-03-28T01:40:00Z,Detroit Tigers,San Diego Padres,0,0,1,0,0.54,0.5,0.555
0x6870d3989c80ea3e45c72c245aead0d0744437773d5d05ad24eb8a3fe2d22ebb,mlb-ari-lad-2026-03-27,2026,2026-03-28T02:10:00Z,Arizona Diamondbacks,Los Angeles Dodgers,0,0,1,0,0.47,0.4,0.48
0x9b61669d1afe7d6e1099ebc368210f43733ed2841995a45bf360f42c33e5e714,mlb-tb-stl-2026-03-28,2026,2026-03-28T18:15:00Z,Tampa Bay Rays,St. Louis Cardinals,0,2,0,0,0.555,0.5,0.545
0xa2c00a37de8bad1ed615c3449b19539fec9eade4443352d02213137ef519c63f,mlb-wsh-chc-2026-03-28,2026,2026-03-28T18:20:00Z,Washington Nationals,Chicago Cubs,0,0,1,0,0.5,0.5,0.51
0xdc35b8431b77d60c2f58eae445b84e260671eb8548ce5775dd5c998bd5263582,mlb-oak-tor-2026-03-28,2026,2026-03-28T19:07:00Z,Athletics,Toronto Blue Jays,0,0,1,0,0.5,0.5,0.48
0xc27bf05aa7b0014538db7424875e97d485e9f0d607dc5c0019892b73821b1f65,mlb-bos-cin-2026-03-28,2026,2026-03-28T20:10:00Z,Boston Red Sox,Cincinnati Reds,0,2,0,0,0.56,0.5,0.52
0x9762ed2b1e29a0fefa0bf3c554655e4bf409b783446bd51dbc0abc412022009a,mlb-col-mia-2026-03-28,2026,2026-03-28T20:10:00Z,Colorado Rockies,Miami Marlins,0,0,1,0,0.55,0.5,0.52
0x4d2671e61bbd7e0455e8a1e8502ec7f77cfa73adeb3cba05fbba4c812c5733bc,mlb-pit-nym-2026-03-28,2026,2026-03-28T20:10:00Z,Pittsburgh Pirates,New York Mets,0,0,1,0,0.55,0.5,0.59
0xc47cdd28ee6b86606b171a9ff6d84051a6aadbc54e5caa4e4008375e0f4bfd57,mlb-laa-hou-2026-03-28,2026,2026-03-28T23:10:00Z,Los Angeles Angels,Houston Astros,0,0,1,0,0.505,0.5,0.505
0x7737ee56e90e37474540ba2de33c1569023ee76b08045f61595efcb684146296,mlb-kc-atl-2026-03-28,2026,2026-03-28T23:15:00Z,Kansas City Royals,Atlanta Braves,0,0,1,0,0.5,0.4,0.57
0x8da8c6b7ab53a4bf5d1e085b2bc5bfda0fef5349a28d1682e6a06c05d0b492b3,mlb-nyy-sf-2026-03-28,2026,2026-03-28T23:15:00Z,New York Yankees,San Francisco Giants,0,0,1,0,0.53,0.5,0.6
0x8f9ca96df2d61008d62d953245c8c15ac46ba28dfa56c59da47c8e8e2775cd31,mlb-ari-lad-2026-03-28,2026,2026-03-29T01:10:00Z,Arizona Diamondbacks,Los Angeles Dodgers,1,0,0,0,0.475,0.4,0.495
0xf04e6ec4ef48e1bbe79f7c67120cee98190464d231a2b5de210b385b161e51c0,mlb-kc-atl-2026-03-29,2026,2026-03-29T17:35:00Z,Kansas City Royals,Atlanta Braves,0,0,1,0,0.52,0.3,0.585
0x622b326c92d46c7a941b5a60996fe089b72f1c58a51e6f6f2aa91dbb37bc0eba,mlb-min-bal-2026-03-29,2026,2026-03-29T17:35:00Z,Minnesota Twins,Baltimore Orioles,0,0,1,0,0.51,0.3,0.53
0xadcc1e569f2ed6349d44af8fff152a1a3d105f2b83806b6b352a22804a0a5deb,mlb-oak-tor-2026-03-29,2026,2026-03-29T17:37:00Z,Athletics,Toronto Blue Jays,0,1,0,0,0.465,0.3,0.48
0xd1cbcfe99ae6fb5749d7eb2fc1fc62791c62b699fee53f79f62fb3d9d8782cf1,mlb-bos-cin-2026-03-29,2026,2026-03-29T17:40:00Z,Boston Red Sox,Cincinnati Reds,0,0,1,0,0.525,0.1,0.55
0xf0fac23799a0f55957dcf9507bf0154ba37ee6f29293c39d43442030c5297a39,mlb-col-mia-2026-03-29,2026,2026-03-29T17:40:00Z,Colorado Rockies,Miami Marlins,3,1,0,0,0.555,0.2,0.52
0x4c3c0e1d01e4e376a07760acc62a3dd16e7e14c750e781e84334ece20a53c218,mlb-pit-nym-2026-03-29,2026,2026-03-29T17:40:00Z,Pittsburgh Pirates,New York Mets,1,0,0,0,0.53,0.3,0.57
0xab416dc1f0d1ee932865ae598832cc5ff3f0c196724c21f22b536068187bfc0d,mlb-cws-mil-2026-03-29,2026,2026-03-29T18:10:00Z,Chicago White Sox,Milwaukee Brewers,4,2,0,0,0.535,0.3,0.53
0xae695b460198f7f1e4c20e5a15f89a2b789651069c845b3f88e554281e739b9f,mlb-tb-stl-2026-03-29,2026,2026-03-29T18:15:00Z,Tampa Bay Rays,St. Louis Cardinals,0,0,1,0,0.525,0.3,0.53
0x315d5a7509dde2b3f87baf007954a780e4a5649b36377705a1e84347319c6331,mlb-wsh-chc-2026-03-29,2026,2026-03-29T18:20:00Z,Washington Nationals,Chicago Cubs,3,0,0,0,0.48,0.3,0.5
0xe71becc3d4c7d35383e706d2a6292cbf530e96859412104f1bd731f042e07455,mlb-cle-sea-2026-03-29,2026,2026-03-29T23:20:00Z,Cleveland Guardians,Seattle Mariners,0,0,1,0,0.525,0.3,0.51
0x8bcaf94ad473fa90464058d3faba17c630c9db8c5363dcb266ba36f0fc5531c8,mlb-min-kc-2026-03-30,2026,2026-03-30T20:10:00Z,Minnesota Twins,Kansas City Royals,0,0,1,0,0.475,0.3,0.61
0x1290db754b792928a7a9252fd1da24fc5476d6d80928ca8a4cfb0e7524e9bc50,mlb-pit-cin-2026-03-30,2026,2026-03-30T22:40:00Z,Pittsburgh Pirates,Cincinnati Reds,0,0,1,0,0.545,0.3,0.6
0xe2696a82dcc674684c142630c221dcbf04f49e9710b939c616a7cd0a7fc2be0b,mlb-col-tor-2026-03-30,2026,2026-03-30T23:07:00Z,Colorado Rockies,Toronto Blue Jays,0,0,1,0,0.49,0.3,0.52
0xdd6e2012fe113ec214102245ece3e5c1bb4adc59c67f6b779245e6408f6d746b,mlb-oak-atl-2026-03-30,2026,2026-03-30T23:15:00Z,Athletics,Atlanta Braves,0,3,0,0,0.49,0.3,0.485
0xfe6a7a24aaf6688dcfdce59c22555ec890a8161f60a8a684b862e7d7acbf9a8c,mlb-laa-chc-2026-03-30,2026,2026-03-30T23:40:00Z,Los Angeles Angels,Chicago Cubs,0,3,0,0,0.455,0.1,0.485
0x458ec040e250121c59135ae78e6e2705b5d4673cb72ad95e94e9fab46e0bcb25,mlb-tb-mil-2026-03-30,2026,2026-03-30T23:40:00Z,Tampa Bay Rays,Milwaukee Brewers,1,0,0,0,0.54,0.3,0.555
0xa1b2c899b111a723f6af55e40d8fb55f5923f177d150fa643516e138ece9ce47,mlb-nym-stl-2026-03-30,2026,2026-03-30T23:45:00Z,New York Mets,St. Louis Cardinals,1,1,0,0,0.5,0.2,0.53
0x2bfa46ffb1dd60b8e6d2372f5d473c281aec18647a342c261d80fe797271818c,mlb-bos-hou-2026-03-30,2026,2026-03-31T00:10:00Z,Boston Red Sox,Houston Astros,0,1,0,0,0.525,0.4,0.56
0x50c045384a1ae1e4061d4c61bd74669333527ad698ca1787344ca70220800abd,mlb-nyy-sea-2026-03-30,2026,2026-03-31T01:40:00Z,New York Yankees,Seattle Mariners,0,0,1,0,0.53,0.2,0.495
0xac599064b6aca7b831f4a6fa2cced5e22c2aae1bb8d074fd49b3d9744e4111c5,mlb-sf-sd-2026-03-30,2026,2026-03-31T01:40:00Z,San Francisco Giants,San Diego Padres,0,0,1,0,0.54,0.3,0.505
0x7abc3638cdfc16f1fa5f543ace974b7ff7a468a91cc6932fbb259578a59c0d90,mlb-cle-lad-2026-03-30,2026,2026-03-31T02:10:00Z,Cleveland Guardians,Los Angeles Dodgers,0,0,1,0,0.485,0.1,0.5
0x181039ec5be33ed8d3e9eeaff85634cc1df6f97fbc3a1b52aba94e138a93a024,mlb-det-ari-2026-03-30,2026,2026-03-31T02:10:00Z,Detroit Tigers,Arizona Diamondbacks,0,2,0,0,0.51,0.3,0.525
0xe311fcec29a833a78cb863dcdb07a0e494d11db76b36ea9c102c7da3ef21398e,mlb-tex-bal-2026-03-31,2026,2026-03-31T22:35:00Z,Texas Rangers,Baltimore Orioles,0,0,1,0,0.505,0.2,0.58
0xb377d3bb65605fa6a9d8dda1e5497f580fa95c1210aced94c1ff94e2db5ec71c,mlb-cws-mia-2026-03-31,2026,2026-03-31T22:40:00Z,Chicago White Sox,Miami Marlins,0,0,1,0,0.505,0.4,0.51
0x16d55415e1caa51460a9b20c46979f81c5650f2f96d57c4d1d7697aefccecfdb,mlb-pit-cin-2026-03-31,2026,2026-03-31T22:40:00Z,Pittsburgh Pirates,Cincinnati Reds,0,0,1,0,0.52,0.3,0.585
0x93030c897f16e117387163dbd6b268808f26633f6a8c6b31ca5db6b1457ffd97,mlb-wsh-phi-2026-03-31,2026,2026-03-31T22:40:00Z,Washington Nationals,Philadelphia Phillies,0,0,1,0,0.455,0.4,0.52
0xd26894383100ade27d2993123938aeb8f3dfab0f1510757ada01562cfdc8b119,mlb-col-tor-2026-03-31,2026,2026-03-31T23:07:00Z,Colorado Rockies,Toronto Blue Jays,0,0,1,0,0.5,0.2,0.51
0x096cdc88e9e0b45f4ab95e1b046ce2dcb6b4d030e823f8b987b3d71f1f9b51a3,mlb-oak-atl-2026-03-31,2026,2026-03-31T23:15:00Z,Athletics,Atlanta Braves,0,1,0,0,0.455,0.3,0.49
0x5d8153f7eb7e7801c43c102745a4e25c8f968f73a3aec7ed28e6b265de4727b6,mlb-laa-chc-2026-03-31,2026,2026-03-31T23:40:00Z,Los Angeles Angels,Chicago Cubs,0,0,1,0,0.545,0.3,0.49
0x7b7cdd5efe6c6696229e49e649fdd8de64fb9a2dc80eafdf5b35ad0c7b58b198,mlb-tb-mil-2026-03-31,2026,2026-03-31T23:40:00Z,Tampa Bay Rays,Milwaukee Brewers,1,0,0,0,0.56,0.4,0.525
0x258e078718a0633d0aee620f5fd030a345051e0a37e8acc8adac5c8dbdcd77c1,mlb-nym-stl-2026-03-31,2026,2026-03-31T23:45:00Z,New York Mets,St. Louis Cardinals,0,0,1,0,0.5,0.1,0.525
0x9887f235f5641bb8f661379da0cd5c0ee55604877a375a62a3ef27030d9de222,mlb-bos-hou-2026-03-31,2026,2026-04-01T00:10:00Z,Boston Red Sox,Houston Astros,0,1,0,0,0.535,0.4,0.555
0xdb3b992ac900966c58a16f2bbddb6673c7af2c3d40bb9e6c0860ffb9d981b5da,mlb-det-ari-2026-03-31,2026,2026-04-01T01:40:00Z,Detroit Tigers,Arizona Diamondbacks,0,0,1,0,0.49,0.3,0.53
0x7319ba4dc46effd4812b8feb520a49e8ab309df0143e282bd02a811963be2797,mlb-nyy-sea-2026-03-31,2026,2026-04-01T01:40:00Z,New York Yankees,Seattle Mariners,2,0,0,0,0.58,0.2,0.5
0x1ff13adb5fb0348531f91fa7bf4f182c827bd128ce89148ec62209f7c790db7e,mlb-sf-sd-2026-03-31,2026,2026-04-01T01:40:00Z,San Francisco Giants,San Diego Padres,3,0,0,0,0.51,0.3,0.56
0x067681dbedf74e3b3f63ae417a8efbc04c16238b785c3e1c816e0304fdd73eb2,mlb-cle-lad-2026-03-31,2026,2026-04-01T02:10:00Z,Cleveland Guardians,Los Angeles Dodgers,0,0,1,0,0.55,0.2,0.525
0x5f61991d781502f2fc2f7284a4cada5a8b65eac7f86eb0a07d66c28e10b52054,mlb-oak-atl-2026-04-01,2026,2026-04-01T16:15:00Z,Athletics,Atlanta Braves,0,0,1,0,0.555,0.3,0.54
0xdcff69c0ee2c13602aefffb7587e1d721c2819360d3914201846651da607ca12,mlb-tex-bal-2026-04-01,2026,2026-04-01T16:35:00Z,Texas Rangers,Baltimore Orioles,0,0,1,0,0.54,0.4,0.545
0x9a16e30aba7668d299ea134c07122e1b81312dcf6360a49eee2e65f38c81901e,mlb-pit-cin-2026-04-01,2026,2026-04-01T16:40:00Z,Pittsburgh Pirates,Cincinnati Reds,3,0,0,0,0.61,0.3,0.595
0x31dd8b771f65add39b8611e03b4cebd726159c309d6c929e13a21ae40352cf52,mlb-wsh-phi-2026-04-01,2026,2026-04-01T17:05:00Z,Washington Nationals,Philadelphia Phillies,0,1,0,0,0.535,0.1,0.565
0x47b0d88f6def0e31ff40e13c15f1f8ae7f869ae316f56bb674b9838bd06248bf,mlb-col-tor-2026-04-01,2026,2026-04-01T17:07:00Z,Colorado Rockies,Toronto Blue Jays,0,0,1,0,0.52,0.1,0.52
0xe986c70b3af081d1579ba7752c0f8c7675cbe41518d8c7c54c92a962799f2430,mlb-cws-mia-2026-04-01,2026,2026-04-01T17:10:00Z,Chicago White Sox,Miami Marlins,0,4,0,0,0.555,0.3,0.5
0x7fd020c2cc1e01ebb98ddf9698a790fa92fd4b4de54704335dbe44457eb4e3a1,mlb-nym-stl-2026-04-01,2026,2026-04-01T17:15:00Z,New York Mets,St. Louis Cardinals,0,0,1,0,0.54,0.3,0.545
0x961181fd79d93ef518c50831ad3a0f8951310c0e3615405fe9556c64aae532b4,mlb-tb-mil-2026-04-01,2026,2026-04-01T17:40:00Z,Tampa Bay Rays,Milwaukee Brewers,0,0,1,0,0.585,0.2,0.545
0x8b4f327ce794cb768e39e6caff6d2eec50fb1a71c329c97330811635b41f55b3,mlb-bos-hou-2026-04-01,2026,2026-04-01T18:10:00Z,Boston Red Sox,Houston Astros,1,2,0,0,0.58,1.1,0.575
0xbb2ded145a3e6767722432240e19592ec2afec6767223d426267662682256b03,mlb-laa-chc-2026-04-01,2026,2026-04-01T18:20:00Z,Los Angeles Angels,Chicago Cubs,0,0,1,0,0.585,0.2,0.46
0x06ff5bb3a5b67bff16fbcf36de8c990886599a309619b6636b3ae6f003a537e6,mlb-det-ari-2026-04-01,2026,2026-04-01T19:40:00Z,Detroit Tigers,Arizona Diamondbacks,0,1,0,0,0.65,0.2,0.545
0xfb18acd9de8eccd1416b26c8d62a8d9315f105d2fc3c7b13584d797979bfeaec,mlb-nyy-sea-2026-04-01,2026,2026-04-01T20:10:00Z,New York Yankees,Seattle Mariners,1,0,0,0,0.565,0.3,0.52
0x6930c84497b05a7088bd9a032dfd592a3995a195ec40d557fab2765a70279224,mlb-sf-sd-2026-04-01,2026,2026-04-01T20:10:00Z,San Francisco Giants,San Diego Padres,0,1,0,0,0.53,0.3,0.53
0x9ceea03d76fade0eb6aae457f804fd9dcdb2add0e0b10eed5cbd38241fd90da6,mlb-min-kc-2026-04-01,2026,2026-04-01T23:40:00Z,Minnesota Twins,Kansas City Royals,0,0,1,0,0.585,0.3,0.575
0x9bf29967139f4203f94e21908809a993f80eff5010ed1f273cb4da66bbba1bb4,mlb-cle-lad-2026-04-01,2026,2026-04-02T00:20:00Z,Cleveland Guardians,Los Angeles Dodgers,0,0,1,0,0.495,0.3,0.53
0xd91f9610e660b2dc20190bb56238f3b68a4344fe77019a7b8d7aae6210071dd8,mlb-min-kc-2026-04-02,2026,2026-04-02T18:10:00Z,Minnesota Twins,Kansas City Royals,0,0,1,0,0.51,0.2,0.59
0x22f8453f3be27c78b748746af0113f451eee57aee121afa2abf0cd89c7b54fb5,mlb-bal-pit-2026-04-03,2026,2026-04-03T20:12:00Z,Baltimore Orioles,Pittsburgh Pirates,0,0,1,0,0.545,0.1,0.48
0x678486b2bef0b1c59b3ae25a4d0d6da1183e01bdd33fd8edc8a52838cba1338f,mlb-mil-kc-2026-04-04-dh2,2026,2026-04-04T23:10:00Z,Milwaukee Brewers,Kansas City Royals,0,0,1,0,0.515,0.4,0.5
0xc3ed8d870a8cea867fd23e8752b5dc33ba1378ce12cc3d0ec5f617867e8b5de8,mlb-chc-cle-2026-04-05-dh2,2026,2026-04-05T20:40:00Z,Chicago Cubs,Cleveland Guardians,0,0,1,0,0.255,0.3,0.255
0x81f228d8806a321271b4193dcc1ccce8be93a39888cbdfca4ae50762833dc953,mlb-cin-mia-2026-04-09,2026,2026-04-09T16:10:00Z,Cincinnati Reds,Miami Marlins,0,1,0,0,0.575,0.2,0.53
0x7d20cab5156f8b00356ddbe5ba380ba29a9b1d2c9c01534f0a3f73be1d00e27e,mlb-oak-nyy-2026-04-09,2026,2026-04-09T17:35:00Z,Athletics,New York Yankees,0,0,1,0,0.535,0.2,0.46
0x1c83007be82352c6ddbe0378cfb27f33d22b14e74b176c215f537d6cb3915506,mlb-det-min-2026-04-09,2026,2026-04-09T17:40:00Z,Detroit Tigers,Minnesota Twins,0,0,1,0,0.565,0.3,0.555
0x6ba73289c749ea5d163f59739c3213daab8e14cf623b409e1864a685210619ee,mlb-ari-nym-2026-04-09,2026,2026-04-09T23:10:00Z,Arizona Diamondbacks,New York Mets,0,1,0,0,0.6,0.3,0.605
0x58c648d6764d0a5c04a19c577aaba7446167c0ab40fc4f95230eb6cf9f13ec89,mlb-cws-kc-2026-04-09,2026,2026-04-09T23:40:00Z,Chicago White Sox,Kansas City Royals,0,0,1,0,0.505,0.3,0.49
0x3ef8c2d8db6136c6b656002d53168d8fb9edf09e9bfb5de66c4cb679757ce904,mlb-col-sd-2026-04-09,2026,2026-04-10T01:40:00Z,Colorado Rockies,San Diego Padres,0,0,1,0,0.535,0.3,0.51
0x89331c7d5a097de4620ae0ebf3f9f7a523eb3a3d3f63a0266eb99282e1f1f166,mlb-pit-chc-2026-04-10,2026,2026-04-10T18:20:00Z,Pittsburgh Pirates,Chicago Cubs,0,0,1,0,0.625,0.3,0.59
0xcf67e45c51eb78d864ecbc1f73bdc261805e214ac08c1198792aabdcd108b0ab,mlb-ari-phi-2026-04-10,2026,2026-04-10T22:40:00Z,Arizona Diamondbacks,Philadelphia Phillies,0,4,0,0,0.56,0.3,0.465
0xbebe1db7b8c1a6dda616dde4f7496ccd6a69f28f156f43394bfee25861b33f7f,mlb-mia-det-2026-04-10,2026,2026-04-10T22:40:00Z,Miami Marlins,Detroit Tigers,0,0,1,0,0.525,0.2,0.495
0x877c01aebae4c90c19c63d0a825ac27b539a7dabd2993748ce0ab05d8509812c,mlb-laa-cin-2026-04-10,2026,2026-04-10T22:45:00Z,Los Angeles Angels,Cincinnati Reds,0,0,1,0,0.535,0.2,0.495
0x8f8100dbf51c239ac3cb5e80fb52f91695be6c0eef3d67afdd1b523b6aa4180d,mlb-min-tor-2026-04-10,2026,2026-04-10T23:07:00Z,Minnesota Twins,Toronto Blue Jays,3,0,0,0,0.485,0.1,0.485
0x89e9275e166e6648daf17b6a9b4f66afe7065e0327e191712722f18dbf3d1167,mlb-nyy-tb-2026-04-10,2026,2026-04-10T23:10:00Z,New York Yankees,Tampa Bay Rays,2,2,0,0,0.52,0.1,0.515
0x18564f39b50c2274b7ab7631b70475520e16e32d3e4b9055a7c1118a19987ec4,mlb-oak-nym-2026-04-10,2026,2026-04-10T23:10:00Z,Athletics,New York Mets,0,0,1,0,0.535,0.2,0.5
0xa10e36c49d71f7df27d56b22c8b5538d72bb774995b52d014679308d636a25a0,mlb-cle-atl-2026-04-10,2026,2026-04-10T23:15:00Z,Cleveland Guardians,Atlanta Braves,0,0,1,0,0.515,0.1,0.505
0x7fe87b04406709bcb2c9effe897e821ef97315c69acc3978f336a6767bccd339,mlb-sf-bal-2026-04-10,2026,2026-04-10T23:15:00Z,San Francisco Giants,Baltimore Orioles,0,0,1,0,0.56,0.3,0.515
0x6c2d767004995326b4c8e88976e68ab400895ea9544ee451bbfe064334f67a11,mlb-cws-kc-2026-04-10,2026,2026-04-10T23:40:00Z,Chicago White Sox,Kansas City Royals,0,0,1,0,0.57,0.8,0.525
0x1f903c94c8e108b4edb4c87321868f8b17ede2eb2d4837f690fa0c641d3fcffe,mlb-wsh-mil-2026-04-10,2026,2026-04-10T23:40:00Z,Washington Nationals,Milwaukee Brewers,2,3,0,0,0.515,0.7,0.52
0x369fc534e326042ffe9c963f761dab5390d7ea5a3f909b80280f42154df6f317,mlb-bos-stl-2026-04-10,2026,2026-04-11T00:15:00Z,Boston Red Sox,St. Louis Cardinals,0,0,1,0,0.565,0.1,0.515
0xbffb60b2810093f922a6e9f6e85f3181e95fdb9b21ae09a05847c3dcc3787a38,mlb-col-sd-2026-04-10,2026,2026-04-11T01:40:00Z,Colorado Rockies,San Diego Padres,0,0,1,0,0.54,0.3,0.505
0x66bad2c1ec15c454f75bde194468b0c06650470fa4e762249ccbdd9aae5581bc,mlb-hou-sea-2026-04-10,2026,2026-04-11T01:40:00Z,Houston Astros,Seattle Mariners,0,3,0,0,0.545,0.1,0.525
0x9618e173e4de168bfc221f7b6a18ef5406bb1e0a9d87bb1eb667f298781260cf,mlb-tex-lad-2026-04-10,2026,2026-04-11T02:10:00Z,Texas Rangers,Los Angeles Dodgers,0,0,1,0,0.51,0.3,0.475
0x4e92300bba536d506c495db47d510d4f4e2b447d2159c461a5a916f0b1a06a42,mlb-ari-phi-2026-04-11,2026,2026-04-11T17:05:00Z,Arizona Diamondbacks,Philadelphia Phillies,2,0,0,0,0.49,0.2,0.52
0x559baafde8459646b13c028e6941bc29a8bec698fa545d75f4d11a7766b59a24,mlb-mia-det-2026-04-11,2026,2026-04-11T17:10:00Z,Miami Marlins,Detroit Tigers,0,2,0,0,0.57,0.9,0.55
0xe3e0be198a31cac4c05b56103dd02ec56a5a083b7df4648f4feaffd66953a65f,mlb-pit-chc-2026-04-11,2026,2026-04-11T18:20:00Z,Pittsburgh Pirates,Chicago Cubs,0,0,1,0,0.64,0.3,0.58
0x5b84a8507f65b7459afca40448d85e90594082ce37aa9b90d0e99864320fd457,mlb-min-tor-2026-04-11,2026,2026-04-11T19:07:00Z,Minnesota Twins,Toronto Blue Jays,0,2,0,0,0.555,0.3,0.5
0x7306b7af7fbec8b4f93fca562d228f768fc8823308a69e2b0621c95159d4bf2c,mlb-cws-kc-2026-04-11,2026,2026-04-11T20:10:00Z,Chicago White Sox,Kansas City Royals,0,1,0,0,0.525,0.2,0.505
0x547a51258f0c655b125add88670db317e68f7e4bbccb178d7bf06348b22ef713,mlb-laa-cin-2026-04-11,2026,2026-04-11T20:10:00Z,Los Angeles Angels,Cincinnati Reds,0,4,0,0,0.51,0.3,0.51
0x8a957ec67fdfd4994956c3de9886b62a2a842931eed122ba859e5dbaf6aa89a5,mlb-oak-nym-2026-04-11,2026,2026-04-11T20:10:00Z,Athletics,New York Mets,0,1,0,0,0.545,0.3,0.57
0xdc7a3a38fd953938db27fddef24504e407cb6391eb2fb3e016760201bf711af1,mlb-nyy-tb-2026-04-11,2026,2026-04-11T22:10:00Z,New York Yankees,Tampa Bay Rays,0,0,1,0,0.56,0.3,0.535
0x8b8dbec61ea58c6385487b32aa4bf766e259e969ae4c40c43bb34825ca5d083a,mlb-wsh-mil-2026-04-11,2026,2026-04-11T23:10:00Z,Washington Nationals,Milwaukee Brewers,0,0,1,0,0.535,0.3,0.53
0xd39ddf653184e994a36c00cdb549d2614c6df3669684f4355e131789f3044dad,mlb-bos-stl-2026-04-11,2026,2026-04-11T23:15:00Z,Boston Red Sox,St. Louis Cardinals,0,0,1,0,0.54,0.3,0.52
0x527c2b6464da4c9f5dbf78a84e1ab89c26037b0d0e6e26917358127bcbe51a4d,mlb-cle-atl-2026-04-11,2026,2026-04-11T23:15:00Z,Cleveland Guardians,Atlanta Braves,1,0,0,0,0.525,0.4,0.51
0x78c90293d6cb97a5a971e4fe4c9b8db957b1ec47d808afe362af98e0b2099e77,mlb-sf-bal-2026-04-11,2026,2026-04-11T23:15:00Z,San Francisco Giants,Baltimore Orioles,0,0,1,0,0.565,0.2,0.545
0x8e7bab548e82cb2b441acc9eb131f6b729cdf6b80e50fe462a044792a356adc2,mlb-col-sd-2026-04-11,2026,2026-04-12T00:40:00Z,Colorado Rockies,San Diego Padres,2,0,0,0,0.51,0.2,0.505
0xff40f57644c31077deb18cf0ea928b749a7c4554bac60c8160d345ace2cfed1a,mlb-tex-lad-2026-04-11,2026,2026-04-12T01:10:00Z,Texas Rangers,Los Angeles Dodgers,1,4,0,0,0.52,0.3,0.55
0xc000f152c98d99d21b3585a54e06c85b697f0c92027bc7da8315aa9d6c6b92ef,mlb-hou-sea-2026-04-11,2026,2026-04-12T01:40:00Z,Houston Astros,Seattle Mariners,0,2,0,0,0.535,0.3,0.52
0xb7bf1b76f0359fcc6d85e8f9b1ba6abe336d91783e19d5d7f7ffae56cd277170,mlb-ari-phi-2026-04-12,2026,2026-04-12T17:35:00Z,Arizona Diamondbacks,Philadelphia Phillies,0,0,1,0,0.5,0.2,0.52
0xfe7e537113fe07832189ab73ff5f2d2dd146727526b1c7aeb243017839ea5b32,mlb-sf-bal-2026-04-12,2026,2026-04-12T17:35:00Z,San Francisco Giants,Baltimore Orioles,0,2,0,0,0.52,0.3,0.595
0x530e4c6c2e902e0f82b2faa9a1de6a1507d02e6980ca887cead50481bb59d3fc,mlb-min-tor-2026-04-12,2026,2026-04-12T17:37:00Z,Minnesota Twins,Toronto Blue Jays,0,1,0,0,0.525,0.1,0.51
0x6545c733a26958e7da99c260f4adcbb24af338944b47561d28e1592d7b227d26,mlb-laa-cin-2026-04-12,2026,2026-04-12T17:40:00Z,Los Angeles Angels,Cincinnati Reds,3,0,0,0,0.515,0.2,0.58
0x15d6446639dcaa04dd6016f8e179d5d027ead7867e6b43320c948a5a0722ffa8,mlb-mia-det-2026-04-12,2026,2026-04-12T17:40:00Z,Miami Marlins,Detroit Tigers,0,3,0,0,0.63,0.2,0.55
0xe17935e3dc722b4405a1bbd96db706bbe7da78d6075924d4c968b3f618a4aa04,mlb-nyy-tb-2026-04-12,2026,2026-04-12T17:40:00Z,New York Yankees,Tampa Bay Rays,0,1,0,0,0.545,0.3,0.535
0xab9b67c4d7e424c32cbdb23aa27f09e156c2fcfa3134aad70929b95b1246e04a,mlb-oak-nym-2026-04-12,2026,2026-04-12T17:40:00Z,Athletics,New York Mets,0,0,1,0,0.565,0.3,0.48
0x3d358532e76d25ac2c365a9dc8d0f8b1d2a743cba1f8b942ca9a58f3a7c328e6,mlb-cws-kc-2026-04-12,2026,2026-04-12T18:10:00Z,Chicago White Sox,Kansas City Royals,0,0,1,0,0.515,0.3,0.55
0xf649856d1082cbecb381630fefe9e16f251328bc7b1b410b48da8afd38af6735,mlb-wsh-mil-2026-04-12,2026,2026-04-12T18:10:00Z,Washington Nationals,Milwaukee Brewers,0,0,1,0,0.53,1.2,0.53
0x6e663e2ea7037aea8c664541c5ddfaa9e9200932d7c098dced0bfec5a3fe19c9,mlb-bos-stl-2026-04-12,2026,2026-04-12T18:15:00Z,Boston Red Sox,St. Louis Cardinals,2,0,0,0,0.49,0.3,0.56
0xfafb1356fe696c64e01f2587d1625c4f1543b3c6aaedbb6ad3a6c1f37e210ce5,mlb-pit-chc-2026-04-12,2026,2026-04-12T18:20:00Z,Pittsburgh Pirates,Chicago Cubs,1,0,0,0,0.41,0.3,0.58
0x47e1d7ca5df2b2e35fe7d14fecef6a65a0c9175b92442261c9ff77cbeac844df,mlb-col-sd-2026-04-12,2026,2026-04-12T20:10:00Z,Colorado Rockies,San Diego Padres,0,1,0,0,0.56,0.2,0.51
0x50e26a21dcb98af28e3269fe54a7711dff649924c79e422f1103e691b9683f30,mlb-hou-sea-2026-04-12,2026,2026-04-12T20:10:00Z,Houston Astros,Seattle Mariners,0,1,0,0,0.535,0.2,0.52
0x579391af3b76debbb5b3e81bb72f818394487a39c0adbaefa2bd8267d9b7c479,mlb-tex-lad-2026-04-12,2026,2026-04-12T20:10:00Z,Texas Rangers,Los Angeles Dodgers,0,1,0,0,0.5,0.3,0.55
0xe7fb40f918bbebc65f5f762514d5c8b33c60868698bc2e82196d780aa4572140,mlb-cle-atl-2026-04-12,2026,2026-04-12T23:20:00Z,Cleveland Guardians,Atlanta Braves,0,0,1,0,0.605,0.3,0.55
0x5833064abf1e0e8cc300650389dfcf194ce3d687093969b129ff8527d71734b4,mlb-hou-sea-2026-04-13,2026,2026-04-13T20:10:00Z,Houston Astros,Seattle Mariners,0,3,0,0,0.54,0.2,0.515
0x71f9b076cba18efb4b48f5cb9e1b54ef9ddbedcd296a8fb3815bb64369789366,mlb-ari-bal-2026-04-13,2026,2026-04-13T22:35:00Z,Arizona Diamondbacks,Baltimore Orioles,1,0,0,0,0.49,0.3,0.495
0xbb2572d93824fa01f3d583837f01520f6e5966a43bae62f63e3dd75586133ceb,mlb-chc-phi-2026-04-13,2026,2026-04-13T22:40:00Z,Chicago Cubs,Philadelphia Phillies,0,1,0,0,0.525,0.3,0.525
0xd8aa0263a498d8c1409a52eeaae6fa2dd7d2e639d484d02f67bc4db78823ba64,mlb-wsh-pit-2026-04-13,2026,2026-04-13T22:40:00Z,Washington Nationals,Pittsburgh Pirates,1,0,0,0,0.585,0.3,0.59
0xc78dfe5dd59d13a943d4ad3593891d96922fc649d8224a6183d354879d93a866,mlb-laa-nyy-2026-04-13,2026,2026-04-13T23:05:00Z,Los Angeles Angels,New York Yankees,0,2,0,0,0.485,0.2,0.475
0x24c692a9a97f5aabcdd3c8a06c574dadb7a894a8a51ed48551a1afff869e95e3,mlb-mia-atl-2026-04-13,2026,2026-04-13T23:15:00Z,Miami Marlins,Atlanta Braves,0,0,1,0,0.515,0.2,0.53
0xc9cb5df61c4534ebca8176b69b34a8a56fd884cd1d11f1ac22ec5412265fe14d,mlb-bos-min-2026-04-13,2026,2026-04-13T23:40:00Z,Boston Red Sox,Minnesota Twins,0,4,0,0,0.595,0.2,0.545
0x9baab3ae05eb52798ec511ea64ae7aa5b1d53061e11a3f96e113963a715e129b,mlb-cle-stl-2026-04-13,2026,2026-04-13T23:45:00Z,Cleveland Guardians,St. Louis Cardinals,1,1,0,0,0.53,0.3,0.555
0x63be7364609b0b069db50b19751ff44ae1ed972dbf531913691ad62fbd373cff,mlb-tex-oak-2026-04-13,2026,2026-04-14T01:40:00Z,Texas Rangers,Athletics,3,0,0,0,0.51,0.4,0.48
0x5686d39c0415f67801a17e13c9d0961c31a065588180bb703aba502ef61af089,mlb-nym-lad-2026-04-13,2026,2026-04-14T02:10:00Z,New York Mets,Los Angeles Dodgers,0,1,0,0,0.495,0.0,0.515
0x59895420ed9ba73ef0e4a26d3974d76e0ffe0d5264a460a79c642ffee6f2f803,mlb-ari-bal-2026-04-14,2026,2026-04-14T22:35:00Z,Arizona Diamondbacks,Baltimore Orioles,0,0,1,0,0.5,0.3,0.49
0xb5a4fc3a05dc59afe7773793254e63bfcf54a00367700982cf2741424f61b7a0,mlb-chc-phi-2026-04-14,2026,2026-04-14T22:40:00Z,Chicago Cubs,Philadelphia Phillies,0,0,1,0,0.475,0.3,0.505
0x47dd302e1904d16ac4651cc6706fe44029e6afba6110aa7630ce735218fb2770,mlb-kc-det-2026-04-14,2026,2026-04-14T22:40:00Z,Kansas City Royals,Detroit Tigers,0,0,1,0,0.57,0.3,0.535
0xcdc6578707f734e3f88878b977bcdbf234ebeeb8f955648388cad46c21ecfa5c,mlb-sf-cin-2026-04-14,2026,2026-04-14T22:40:00Z,San Francisco Giants,Cincinnati Reds,0,0,1,0,0.51,0.2,0.515
0x395b7044f5807a42a9f94909797c498b2b18995cea8c92338e723c282ad638d7,mlb-wsh-pit-2026-04-14,2026,2026-04-14T22:40:00Z,Washington Nationals,Pittsburgh Pirates,3,1,0,0,0.465,0.3,0.485
0x1b4a163fe0cb0bf79e7adb19d54af650982d919d36e62902487aa1c7e923111c,mlb-laa-nyy-2026-04-14,2026,2026-04-14T23:05:00Z,Los Angeles Angels,New York Yankees,3,0,0,0,0.475,0.2,0.495
0x13f768a535b7dfb1f04b2c1f25d320a6b63fc05a1beb8b31308f69cd69a72830,mlb-mia-atl-2026-04-14,2026,2026-04-14T23:15:00Z,Miami Marlins,Atlanta Braves,1,0,0,0,0.51,0.2,0.505
0x92db215a3f2db5431eaa2f760d02f65ff41131dfb227c2bec8f6c6136effd6a7,mlb-bos-min-2026-04-14,2026,2026-04-14T23:40:00Z,Boston Red Sox,Minnesota Twins,0,1,0,0,0.545,0.3,0.52
0xa36f514e99a6102b239f32b257ad8bdddd62adfc1f936130fa15c20349a5a6a5,mlb-tb-cws-2026-04-14,2026,2026-04-14T23:40:00Z,Tampa Bay Rays,Chicago White Sox,3,0,0,0,0.545,0.3,0.535
0xdb69089124da62a854aa814dafbfaf3675873f25eba5177c26afaebd9f4fc96c,mlb-tor-mil-2026-04-14,2026,2026-04-14T23:40:00Z,Toronto Blue Jays,Milwaukee Brewers,0,0,1,0,0.6,0.3,0.545
0xa4d7bdcb777549773fe392da6e69528a018190f10b28cfc1e3ee0b9e3d715464,mlb-cle-stl-2026-04-14,2026,2026-04-14T23:45:00Z,Cleveland Guardians,St. Louis Cardinals,1,1,0,0,0.51,0.2,0.505
0xee8c14a28b16fde73cc1479efbe8612685d2f393c40ef7f2f268e16a951b0b43,mlb-col-hou-2026-04-14,2026,2026-04-15T00:10:00Z,Colorado Rockies,Houston Astros,1,0,0,0,0.48,0.2,0.515
0x045a3f1dde5445fa4b0032beb7b37216a12d2f63ec12b1c46123897fa2b3c45b,mlb-sea-sd-2026-04-14,2026,2026-04-15T01:40:00Z,Seattle Mariners,San Diego Padres,0,0,1,0,0.565,0.3,0.53
0xd92e924d9f147f9817beead5965c9f8b63045213bd17caf350f8365076772ac5,mlb-tex-oak-2026-04-14,2026,2026-04-15T01:40:00Z,Texas Rangers,Athletics,1,0,0,0,0.515,0.2,0.505
0x75a22979249cd72b89d4a2988429e50df842e8e53dd0a721e0787d15160a0339,mlb-nym-lad-2026-04-14,2026,2026-04-15T02:10:00Z,New York Mets,Los Angeles Dodgers,1,1,0,0,0.545,0.3,0.525
0x90b81c9ca761ad899bcf2b6decc7f19eb274d9a31212fda657f00e8d2c956988,mlb-ari-bal-2026-04-15,2026,2026-04-15T16:35:00Z,Arizona Diamondbacks,Baltimore Orioles,0,0,1,0,0.485,0.2,0.555
0xb365573e1768af542d2d714ac948bd942fc84f508cb595df2cd115bf0bf8cda2,mlb-cle-stl-2026-04-15,2026,2026-04-15T17:15:00Z,Cleveland Guardians,St. Louis Cardinals,1,0,0,0,0.49,0.4,0.48
0xdf8e80b8059773b49cd060ad1917acb8672835a5b52da2f757e13bd13c26691a,mlb-bos-min-2026-04-15,2026,2026-04-15T17:40:00Z,Boston Red Sox,Minnesota Twins,0,1,0,0,0.545,0.3,0.535
0x32c62a6cd6333c4a65157c9acade2c3ad6bf8993259e1cf096412bbb3bfdf14f,mlb-chc-phi-2026-04-15,2026,2026-04-15T22:40:00Z,Chicago Cubs,Philadelphia Phillies,0,1,0,0,0.495,0.2,0.63
0x3290188a56fefa8eda2325ec265160fc3df2182926521b752a1c89f6a6eccc2f,mlb-kc-det-2026-04-15,2026,2026-04-15T22:40:00Z,Kansas City Royals,Detroit Tigers,0,0,1,0,0.53,0.2,0.615
0xc69ab2164a6358e915ed83e277fda3c29310ee3ed6c6e7a57a13e894b3829dc9,mlb-sf-cin-2026-04-15,2026,2026-04-15T22:40:00Z,San Francisco Giants,Cincinnati Reds,0,4,0,0,0.485,0.3,0.535
0x4ff5c5e8d2f2d5df9f0a2363b3eabeb96019e4d377eba3ced820e9256b320f11,mlb-wsh-pit-2026-04-15,2026,2026-04-15T22:40:00Z,Washington Nationals,Pittsburgh Pirates,0,2,0,0,0.48,0.4,0.555
0x6feee57737e0b9f88999cf85827f4683b9b886b8261cdfc11eaa242c25691c6b,mlb-laa-nyy-2026-04-15,2026,2026-04-15T23:05:00Z,Los Angeles Angels,New York Yankees,0,1,0,0,0.415,0.2,0.38
0x1989faf58a616d0ad5834049f2362e175c8ebfafd38b36afb502f0c5b60af74d,mlb-mia-atl-2026-04-15,2026,2026-04-15T23:15:00Z,Miami Marlins,Atlanta Braves,0,0,1,0,0.48,0.1,0.555
0xe25b39639129857f46529c68821d68257fc064a82972e750e942a20d277b478a,mlb-tb-cws-2026-04-15,2026,2026-04-15T23:40:00Z,Tampa Bay Rays,Chicago White Sox,0,0,1,0,0.51,1.2,0.51
0x608602fb6d19fef73dfb0f1aac4357766a8cc6f1187e78680b633fa42b922b79,mlb-tor-mil-2026-04-15,2026,2026-04-15T23:40:00Z,Toronto Blue Jays,Milwaukee Brewers,1,0,0,0,0.55,0.3,0.505
0xa6878233963af66e677bb694c886e3303c205b649fe4176006b32d372afae408,mlb-col-hou-2026-04-15,2026,2026-04-16T00:10:00Z,Colorado Rockies,Houston Astros,0,2,0,0,0.49,0.2,0.5
0x8ba3aabf00b9c1bc55cad6ce40b3377e243dae08711cebf627221d2fb41944a9,mlb-sea-sd-2026-04-15,2026,2026-04-16T01:40:00Z,Seattle Mariners,San Diego Padres,0,0,1,0,0.535,0.3,0.52
0x5d7fd586f0d7517fa94da243aed78e637393c0b1e295fc670f35d94c8d3c62a7,mlb-tex-oak-2026-04-15,2026,2026-04-16T01:40:00Z,Texas Rangers,Athletics,0,1,0,0,0.455,0.2,0.47
0xfb6af32bd476876a056350976b9bf2a8cf2d68a6e9c9c90b4b3aa45f0c1108ee,mlb-nym-lad-2026-04-15,2026,2026-04-16T02:10:00Z,New York Mets,Los Angeles Dodgers,0,0,1,0,0.55,0.2,0.515
0xa2c7eda7de7b2cc4d402df7d1d23ae83d4417ab05268366a941deb938930a726,mlb-wsh-pit-2026-04-16,2026,2026-04-16T16:35:00Z,Washington Nationals,Pittsburgh Pirates,0,0,1,0,0.525,0.3,0.595
0x76cabee2b750b3bb8c4181407b44fed67a4cc3f46d1ab110f1793992742f4e94,mlb-sf-cin-2026-04-16,2026,2026-04-16T16:40:00Z,San Francisco Giants,Cincinnati Reds,0,0,1,0,0.55,0.2,0.57
0x62e1de971142695e7136e53b0f72cdbd910be5e68734e2ba96759da46cbcd127,mlb-kc-det-2026-04-16,2026,2026-04-16T17:10:00Z,Kansas City Royals,Detroit Tigers,0,0,1,0,0.555,0.8,0.555
0x79853e3b85a5f55d934223b6fedeab5c8de70abc47dbfab5b7bc4685f2a3ea52,mlb-laa-nyy-2026-04-16,2026,2026-04-16T17:35:00Z,Los Angeles Angels,New York Yankees,2,1,0,0,0.47,0.1,0.47
0x35984da5c543ce31339081fadc792d3306cdcba0655f869355de0ae0cc774e38,mlb-tor-mil-2026-04-16,2026,2026-04-16T17:40:00Z,Toronto Blue Jays,Milwaukee Brewers,0,0,1,0,0.505,0.2,0.535
0xad4b685b19a60891364af0857eb3b85e5696bc1c4fc4012297920681d03725d6,mlb-tb-cws-2026-04-16,2026,2026-04-16T18:10:00Z,Tampa Bay Rays,Chicago White Sox,0,0,1,0,0.53,0.2,0.5
0x68e72352283e131a1e088a3157e9bca17ba126bd2f1e4d5bec9997232f75aac8,mlb-tex-oak-2026-04-16,2026,2026-04-16T19:05:00Z,Texas Rangers,Athletics,0,0,1,0,0.495,0.9,0.515
0x29b113158a091fda55bd80b2769cfff7dbfae9cffe63ebf6973f4c6ffdaf666c,mlb-bal-cle-2026-04-16,2026,2026-04-16T22:10:00Z,Baltimore Orioles,Cleveland Guardians,0,2,0,0,0.56,0.8,0.56
0x3ff12499b2e80e5d065de65e26569d86e03607541580589c31e8ec0ac1e7d1a5,mlb-col-hou-2026-04-16,2026,2026-04-17T00:10:00Z,Colorado Rockies,Houston Astros,0,2,0,0,0.51,0.2,0.48
0x0ece1fd4d45f9b3642b94eca50966b2737411fd74148438b4a1b621cd3c192a8,mlb-sea-sd-2026-04-16,2026,2026-04-17T00:40:00Z,Seattle Mariners,San Diego Padres,0,0,1,0,0.515,0.2,0.515
0x1dcf3a6da86b9cc94234e26c03c5556ff7f1f533c0ef5d2e78bd83047e254815,mlb-nym-chc-2026-04-17,2026,2026-04-17T18:20:00Z,New York Mets,Chicago Cubs,0,4,0,0,0.505,0.2,0.5
0xf2e3b123409334584275d107bd6428535729f18854f8c9c42a7d93e347077b7a,mlb-bal-cle-2026-04-17,2026,2026-04-17T22:10:00Z,Baltimore Orioles,Cleveland Guardians,0,0,1,0,0.535,0.1,0.565
0x699e4ce516b082b101c2a2a4881f5de33c6337d6b2acfe9b7d0ec1942f0114a0,mlb-atl-phi-2026-04-17,2026,2026-04-17T22:40:00Z,Atlanta Braves,Philadelphia Phillies,2,0,0,0,0.44,0.1,0.575
0x7071686ef3b5beb54e210a1ab0d2e5f25f0d3c00f4f96b1e4070db0b5a436510,mlb-sf-wsh-2026-04-17,2026,2026-04-17T22:45:00Z,San Francisco Giants,Washington Nationals,0,0,1,0,0.545,0.2,0.465
0xd56d0ae659c01659a0a456811ad564ed0764e6529165096f2a78ba8e7e9af488,mlb-tb-pit-2026-04-17,2026,2026-04-17T22:45:00Z,Tampa Bay Rays,Pittsburgh Pirates,0,0,1,0,0.52,0.3,0.56
0xdc555c9a52760f4b0638919e126aa23f3656d6ffaedaec0d77321227340b2146,mlb-kc-nyy-2026-04-17,2026,2026-04-17T23:05:00Z,Kansas City Royals,New York Yankees,0,0,1,0,0.53,0.1,0.56
0xbbecbf48e27dac62bbf21947a07ecc845608f1b724fec8db54c102ba5c8fa2c9,mlb-mil-mia-2026-04-17,2026,2026-04-17T23:10:00Z,Milwaukee Brewers,Miami Marlins,0,0,1,0,0.525,0.1,0.535
0xac6c2d3e111bf32608f92a039f0b5fd2ce557c38727f8e131e2a0a77724ee93d,mlb-det-bos-2026-04-17,2026,2026-04-17T23:15:00Z,Detroit Tigers,Boston Red Sox,0,0,1,0,0.555,0.2,0.615
0xcafdd5646efc6dddbee0d569f15bb5511716c7d37fa5bb18b2d2306cabe3fac9,mlb-cin-min-2026-04-17,2026,2026-04-18T00:10:00Z,Cincinnati Reds,Minnesota Twins,0,0,1,0,0.525,0.1,0.52
0x3b6b39d63b9c8f8cee70e4ae5141e78d10eccdc5defee3cd24ab5f8dd9087996,mlb-stl-hou-2026-04-17,2026,2026-04-18T00:10:00Z,St. Louis Cardinals,Houston Astros,1,0,0,0,0.49,0.1,0.545
0xa0d133224d6d823aa4baaff8235959df7404533d3b7227c2f83441ce2bb89e3b,mlb-lad-col-2026-04-17,2026,2026-04-18T00:40:00Z,Los Angeles Dodgers,Colorado Rockies,1,0,0,0,0.47,0.1,0.48
0x1a09004822a304337d5a0aceae1dddbd307b8d464a95898a84cab8886e69cd43,mlb-sd-laa-2026-04-17,2026,2026-04-18T01:38:00Z,San Diego Padres,Los Angeles Angels,0,0,1,0,0.51,0.1,0.49
0x3b6e7c0f8d432d559a669244b8ef967bdd221d8fa010d31e919959268d9f4f5d,mlb-cws-oak-2026-04-17,2026,2026-04-18T01:40:00Z,Chicago White Sox,Athletics,1,0,0,0,0.475,0.3,0.465
0x2c95d86447db17333d1b5edc3f819d8d66957687b03f11ca0b00193586192925,mlb-tex-sea-2026-04-17,2026,2026-04-18T01:40:00Z,Texas Rangers,Seattle Mariners,1,0,0,0,0.6,0.2,0.565
0x1e22037cdc7e22c85747778d0c505b4c56d2bfc581f4f1225cf07a2d1f3da9dc,mlb-tor-ari-2026-04-17,2026,2026-04-18T01:40:00Z,Toronto Blue Jays,Arizona Diamondbacks,0,0,1,0,0.47,0.1,0.505
0x865da62a567055cac804ec39a1908eb7524e2b96f16259786decc4bc4d1bd3c3,mlb-kc-nyy-2026-04-18,2026,2026-04-18T17:35:00Z,Kansas City Royals,New York Yankees,0,0,1,0,0.545,0.5,0.56
0x9401136deff961e96a3b2715aadcf30c8faf207a707ff8dcbc67e6e42c90d71a,mlb-cin-min-2026-04-18,2026,2026-04-18T18:10:00Z,Cincinnati Reds,Minnesota Twins,0,2,0,0,0.54,0.3,0.52
0x5acb44df45f5843bfd2158fa3c00b82418463cb871e3511872e63022f2db3e7f,mlb-nym-chc-2026-04-18,2026,2026-04-18T18:20:00Z,New York Mets,Chicago Cubs,0,0,1,0,0.54,0.3,0.505
0x3c53357ae008eab65a513fec590c548f3ca3b294b3739e7a2c6263dcb0ca191c,mlb-cws-oak-2026-04-18,2026,2026-04-18T20:05:00Z,Chicago White Sox,Athletics,0,0,1,0,0.48,0.2,0.46
0x30ef94e268f24f1522256f23f0e165826fdfb485d54d5bd286a81124543ce28c,mlb-sf-wsh-2026-04-18,2026,2026-04-18T20:05:00Z,San Francisco Giants,Washington Nationals,0,1,0,0,0.47,0.1,0.54
0x45c828407dbfc708aa65de27261cc81e198070ea064c3815a522eecf841e6121,mlb-tb-pit-2026-04-18,2026,2026-04-18T20:05:00Z,Tampa Bay Rays,Pittsburgh Pirates,0,2,0,0,0.615,0.2,0.56
0x0867bd04920169ff750699a476d35489a3d49f5ce5830607e1ee021ab4b67baa,mlb-det-bos-2026-04-18,2026,2026-04-18T20:10:00Z,Detroit Tigers,Boston Red Sox,1,0,0,0,0.6,0.3,0.59
0xee826feb4d98b031e7a2a19addd2af2e0f51ca3b325d7d1d9b49b4f1fd23d059,mlb-mil-mia-2026-04-18,2026,2026-04-18T20:10:00Z,Milwaukee Brewers,Miami Marlins,0,0,1,0,0.57,0.3,0.52
0x4da35a83397f3988ba9a772c12fca5c94348dbf45dfd98c619a9041211149173,mlb-bal-cle-2026-04-18,2026,2026-04-18T22:10:00Z,Baltimore Orioles,Cleveland Guardians,0,0,1,0,0.56,0.2,0.55
0xd73d536c63f3ce1867fd1e5a87cc639359d29459e507f67935533c0601d7a873,mlb-stl-hou-2026-04-18,2026,2026-04-18T23:10:00Z,St. Louis Cardinals,Houston Astros,2,1,0,0,0.48,0.1,0.55
0x3631bd6b32894fcad984b2af385cb6ffc8aa95d18a6713285b3f1e5c16b6c2ce,mlb-atl-phi-2026-04-18,2026,2026-04-18T23:15:00Z,Atlanta Braves,Philadelphia Phillies,0,0,1,0,0.59,0.1,0.51
0x036a3bc676f935c8000653e0fe9d3671307a6c323be65c39126558d5636c025c,mlb-tex-sea-2026-04-18,2026,2026-04-18T23:15:00Z,Texas Rangers,Seattle Mariners,0,1,0,0,0.58,0.0,0.54
0x5305e597d1868fe28b45171cc084727d6303c7ff82733a94a30ca65cdc3d28a2,mlb-lad-col-2026-04-18,2026,2026-04-19T00:10:00Z,Los Angeles Dodgers,Colorado Rockies,2,1,0,0,0.46,0.4,0.57
0x039e3565572deb5f4270b7be1ff4bb83c58767ba6ac7ae9295872fbe2d55961d,mlb-tor-ari-2026-04-18,2026,2026-04-19T00:10:00Z,Toronto Blue Jays,Arizona Diamondbacks,1,1,0,0,0.475,0.4,0.485
0x0855ec9998b0fc7f5a96e03fe07e4a7cb89189920a01a975a903a4df4a584c52,mlb-sd-laa-2026-04-18,2026,2026-04-19T01:38:00Z,San Diego Padres,Los Angeles Angels,0,0,1,0,0.45,0.0,0.47
0x627af016927cc64fdf557441d20fb61d36ccc02f9cbf08592367526cb3ec5c7c,mlb-kc-nyy-2026-04-19,2026,2026-04-19T17:35:00Z,Kansas City Royals,New York Yankees,0,3,0,0,0.52,1.2,0.54
0x79f81e9faac6bc1a164af7ed0f551162bab949e35ad03c393e580cb871a8e06c,mlb-sf-wsh-2026-04-19,2026,2026-04-19T17:35:00Z,San Francisco Giants,Washington Nationals,0,0,1,0,0.525,1.2,0.54
0x799e9ccfadfadb5297ae651bbd14aa03eec0c20a1747270392c72b62db662ad4,mlb-tb-pit-2026-04-19,2026,2026-04-19T17:35:00Z,Tampa Bay Rays,Pittsburgh Pirates,0,1,0,0,0.555,1.2,0.565
0x9377a75ba1ef657a7cc7a5ee0c80e0d546b42a95a2e1aa604e9a9795d7f0b8fd,mlb-bal-cle-2026-04-19,2026,2026-04-19T17:40:00Z,Baltimore Orioles,Cleveland Guardians,0,0,1,0,0.595,0.1,0.54
0x4d1b594d38616be6f1392ddb2dbcb23d6db3d215e29c2961a3c938172ddd93e7,mlb-mil-mia-2026-04-19,2026,2026-04-19T17:40:00Z,Milwaukee Brewers,Miami Marlins,0,3,0,0,0.58,1.0,0.54
0x57afab215986391f8da113a3e6319d2338ee40638c92e13e3632ff827d0921c2,mlb-cin-min-2026-04-19,2026,2026-04-19T18:10:00Z,Cincinnati Reds,Minnesota Twins,0,1,0,0,0.535,0.3,0.535
0xcff25eb3ad648b27a4f9f5e247c94702504e03f57c3c7eb152ccdbe67742ac4e,mlb-stl-hou-2026-04-19,2026,2026-04-19T18:10:00Z,St. Louis Cardinals,Houston Astros,0,0,1,0,0.5,0.2,0.545
0x4ce5de1ea7ccd0b80511896d036721872f03a3ecb75e6eeb4dc9cf38b8491015,mlb-nym-chc-2026-04-19,2026,2026-04-19T18:20:00Z,New York Mets,Chicago Cubs,0,0,1,0,0.545,0.2,0.51
0xfa6800ea81430e2c5ffe5533b9b80028246d55acb8f032cfe2f41f2fc7ffa7e3,mlb-lad-col-2026-04-19,2026,2026-04-19T19:10:00Z,Los Angeles Dodgers,Colorado Rockies,0,0,1,0,0.4,0.2,0.505
0x483d31caead1eb8a5f19c5c39315814ac90211c16a773430f0c092c74940075f,mlb-cws-oak-2026-04-19,2026,2026-04-19T20:05:00Z,Chicago White Sox,Athletics,1,0,0,0,0.48,0.0,0.47
0xdd926cbdd651628d8a35020bf2ad971388b44fbc624c504d164b86a63988eade,mlb-sd-laa-2026-04-19,2026,2026-04-19T20:07:00Z,San Diego Padres,Los Angeles Angels,0,0,1,0,0.495,0.3,0.495
0x442a8cd266c38d01dc0ea86adfb8cff9970d8771245bad208fe64f8faf4e1e01,mlb-tex-sea-2026-04-19,2026,2026-04-19T20:10:00Z,Texas Rangers,Seattle Mariners,0,1,0,0,0.55,0.4,0.555
0xcd2590919b132675bab616f972eaa09c8790e639eaa7c1ea43429cd8d3677a48,mlb-tor-ari-2026-04-19,2026,2026-04-19T20:10:00Z,Toronto Blue Jays,Arizona Diamondbacks,8,0,0,0,0.53,0.2,0.5
0x3f2ec332bae81e77f33a22ab0add8ecf4f113b0e946bc07ed5cb91b2c51eeeae,mlb-det-bos-2026-04-19,2026,2026-04-19T20:35:00Z,Detroit Tigers,Boston Red Sox,1,1,0,0,0.58,0.2,0.48
0x181710c7b90818cf08a7c437e7b6f57a7ccd72334644ff72184f63bf4adf54f3,mlb-atl-phi-2026-04-19,2026,2026-04-19T23:20:00Z,Atlanta Braves,Philadelphia Phillies,0,2,0,0,0.53,0.2,0.51
0x6186df212a2d36df5348e5a97a3e9f9bf837c9f78604087926f34aa5c607f1fb,mlb-det-bos-2026-04-20,2026,2026-04-20T15:10:00Z,Detroit Tigers,Boston Red Sox,0,0,1,0,0.55,8.1,0.6
0x1d39cc6a70cddcbdcd69b7e1d0bb79388278a7494799abe1581ac0498c6ea370,mlb-hou-cle-2026-04-20,2026,2026-04-20T22:10:00Z,Houston Astros,Cleveland Guardians,2,1,0,0,0.555,0.3,0.5
0xfcc75954fb8a99a014ec86703735ce3ee84b79a2de96cc37d9756e5924d3a22e,mlb-cin-tb-2026-04-20,2026,2026-04-20T22:40:00Z,Cincinnati Reds,Tampa Bay Rays,2,1,0,0,0.52,0.3,0.57
0xf2d8493c5693481768e13d56cde8c8533c3fd185839689a32915e99291d7d383,mlb-stl-mia-2026-04-20,2026,2026-04-20T22:40:00Z,St. Louis Cardinals,Miami Marlins,0,0,1,0,0.51,0.2,0.455
0x301264052e3530d8bf7bcd6e489b43ffc226b6c7e8ef591f783c53d487f28fcd,mlb-atl-wsh-2026-04-20,2026,2026-04-20T22:45:00Z,Atlanta Braves,Washington Nationals,0,2,0,0,0.52,0.2,0.51
0xe8f44dc4a3077eaa397ca66ecb48034b1bf6e19c06ac578005d8933decd5b172,mlb-bal-kc-2026-04-20,2026,2026-04-20T23:40:00Z,Baltimore Orioles,Kansas City Royals,0,0,1,0,0.53,0.8,0.505
0xe5a47ccdc5eb36f768e1b22fb1cec536952e542d62860b39bf8b01eb427b980e,mlb-phi-chc-2026-04-20,2026,2026-04-20T23:40:00Z,Philadelphia Phillies,Chicago Cubs,0,0,1,0,0.55,0.8,0.5
0x70b2a32a3a62a41afeb254f58764c9c37ffdab99452709c90b7c0f42c47ad6fa,mlb-lad-col-2026-04-20,2026,2026-04-21T00:40:00Z,Los Angeles Dodgers,Colorado Rockies,0,1,0,0,0.415,0.1,0.425
0x8d695fe9ad328781f3125c9bb5e1c1ffe0547227304444c2288aa1969185c091,mlb-tor-laa-2026-04-20,2026,2026-04-21T01:38:00Z,Toronto Blue Jays,Los Angeles Angels,0,1,0,0,0.56,0.1,0.535
0x91d7920de5b32a672fa68ea9d9d33f49260bb76c04b4dc2a1040036ef404df5e,mlb-oak-sea-2026-04-20,2026,2026-04-21T01:40:00Z,Athletics,Seattle Mariners,0,2,0,0,0.49,0.3,0.515
0x080d6d3ccf61882e200b6c8256f5752b24ac14dd2d6ec186a7c0ae34253edecb,mlb-hou-cle-2026-04-21,2026,2026-04-21T22:10:00Z,Houston Astros,Cleveland Guardians,0,1,0,0,0.505,0.1,0.525
0x17cdb4118a04781098d92f456fe1e740b09b500e1ed3ffbf8e772798334e0d9d,mlb-cin-tb-2026-04-21,2026,2026-04-21T22:40:00Z,Cincinnati Reds,Tampa Bay Rays,2,0,0,0,0.57,0.1,0.45
0xeedaab7b9b6cbf9718d100c6da43d8e9ef1b1242067f6754f35b0d1ee9ac124a,mlb-mil-det-2026-04-21,2026,2026-04-21T22:40:00Z,Milwaukee Brewers,Detroit Tigers,0,0,1,0,0.56,0.1,0.595
0xd9d003c641c4b034a98686da571cef6a0c80bb834464eacc4228ea8b2a3b8bc0,mlb-stl-mia-2026-04-21,2026,2026-04-21T22:40:00Z,St. Louis Cardinals,Miami Marlins,1,1,0,0,0.51,0.1,0.535
0x7e3a0bf113e575edda582a5d0ca7c8e184c0470784413a1a34a77837e34dc189,mlb-atl-wsh-2026-04-21,2026,2026-04-21T22:45:00Z,Atlanta Braves,Washington Nationals,0,3,0,0,0.51,0.3,0.535
0xd7c593aff3054978d8b36b0ccbc5440f939c3d970963397ff0badf6dffa041b2,mlb-nyy-bos-2026-04-21,2026,2026-04-21T22:45:00Z,New York Yankees,Boston Red Sox,0,0,1,0,0.52,0.2,0.545
0x30fa10a6fffe329c1f154fc7ad325682a81de4e8ecc902d3ac836a134865122c,mlb-min-nym-2026-04-21,2026,2026-04-21T23:10:00Z,Minnesota Twins,New York Mets,0,0,1,0,0.58,0.9,0.5
0xad6c122f97b628defae234f3e78b5ef53f171ddced5c8f7d5df9529c7d2839ff,mlb-bal-kc-2026-04-21,2026,2026-04-21T23:40:00Z,Baltimore Orioles,Kansas City Royals,0,0,1,0,0.51,0.9,0.49
0x398ea89dd0ff46315936582fa4308a3af8086df4cd37764a6861f811dfcd3f9e,mlb-phi-chc-2026-04-21,2026,2026-04-21T23:40:00Z,Philadelphia Phillies,Chicago Cubs,0,0,1,0,0.535,0.9,0.58
0x0b04e80970200e4a0e6ea15ce9127525e8b346e22009218c350b095aea07dcf7,mlb-pit-tex-2026-04-21,2026,2026-04-22T00:05:00Z,Pittsburgh Pirates,Texas Rangers,1,0,0,0,0.53,0.9,0.49
0x9049abd687c45e62feffb39d77e554297c5b59373aedc90c3b200c1d2204ac83,mlb-sd-col-2026-04-21,2026,2026-04-22T00:40:00Z,San Diego Padres,Colorado Rockies,0,0,1,0,0.425,0.9,0.5
0xbc0679376a893c2f7df0603e2df26e8504250f0330ee7f3060aa5da727fc91b3,mlb-tor-laa-2026-04-21,2026,2026-04-22T01:38:00Z,Toronto Blue Jays,Los Angeles Angels,0,0,1,0,0.465,0.9,0.48
0x74e47820390383534f12e73983c8f123405c56c462e3a7387242de7e8bdafb4c,mlb-cws-ari-2026-04-21,2026,2026-04-22T01:40:00Z,Chicago White Sox,Arizona Diamondbacks,4,0,0,0,0.47,0.9,0.48
0xaff8ca0868f354bf33f8898f795d7729b8e5c99590076ae3df6f40756960fb7d,mlb-oak-sea-2026-04-21,2026,2026-04-22T01:40:00Z,Athletics,Seattle Mariners,1,0,0,0,0.515,0.9,0.51
0x908218e9321c8dc0c478d8f60284d3fea7b11b021eeb5b0de6c74e307bea690c,mlb-lad-sf-2026-04-21,2026,2026-04-22T01:45:00Z,Los Angeles Dodgers,San Francisco Giants,0,3,0,0,0.575,0.9,0.545
0xbaa7b4c61359904a6a493be5dae043d79d9aface3f2e5fef7d44a7365abc9b4f,mlb-stl-mia-2026-04-22,2026,2026-04-22T16:10:00Z,St. Louis Cardinals,Miami Marlins,0,0,1,0,0.52,0.9,0.46
0x9c6983ab7f4ea5e511b8c46dfb97a764a9450e01452b626055a906e649bbcb43,mlb-cin-tb-2026-04-22,2026,2026-04-22T17:10:00Z,Cincinnati Reds,Tampa Bay Rays,0,0,1,0,0.5,0.9,0.505
0xf237b38f6d406020356d403188f1596e1c786e089b239779259c66541daaf99f,mlb-hou-cle-2026-04-22,2026,2026-04-22T17:10:00Z,Houston Astros,Cleveland Guardians,2,0,0,0,0.535,0.9,0.54
0x824f695f80d5e0b27125d8b6cade2afa4003fd382490052bd10031dba810b607,mlb-bal-kc-2026-04-22,2026,2026-04-22T18:10:00Z,Baltimore Orioles,Kansas City Royals,2,1,0,0,0.48,0.9,0.53
0xdd2470c51ae3ea448785552e1de2c3e5ee52a5b405f10fe7d5fdeea579f2a8be,mlb-tor-laa-2026-04-22,2026,2026-04-22T19:07:00Z,Toronto Blue Jays,Los Angeles Angels,0,0,1,0,0.53,0.9,0.475
0xa664bf2a89ec62119bb41776256e27d49061d87676395f74db700f84ec7ee275,mlb-oak-sea-2026-04-22,2026,2026-04-22T20:10:00Z,Athletics,Seattle Mariners,2,1,0,0,0.51,0.9,0.46
0xe4f46cc1131ce18ac1a7b35a6b3054e7a298f8334fd69027507c2200d9b189c6,mlb-mil-det-2026-04-22,2026,2026-04-22T22:40:00Z,Milwaukee Brewers,Detroit Tigers,0,0,1,0,0.56,0.9,0.59
0xd71cd4a55487c3f7d870d938b9511f756b3648cef144d3ab19534260a886e234,mlb-atl-wsh-2026-04-22,2026,2026-04-22T22:45:00Z,Atlanta Braves,Washington Nationals,1,4,0,0,0.475,0.9,0.505
0xa0fad56980b21a1b8c3479f0dcf5671b39f889f0af783322584d800ba6600576,mlb-nyy-bos-2026-04-22,2026,2026-04-22T22:45:00Z,New York Yankees,Boston Red Sox,3,0,0,0,0.565,0.9,0.535
0x61c5489d8a4f3d62880eb7648cfabe529baee4e3095767a9ad347988a8280ea3,mlb-min-nym-2026-04-22,2026,2026-04-22T23:10:00Z,Minnesota Twins,New York Mets,0,1,0,0,0.55,0.9,0.515
0x287f48538e2a28b7163d22ec4843990101fb122f7a7024c7837da3363cb1b2f8,mlb-phi-chc-2026-04-22,2026,2026-04-22T23:40:00Z,Philadelphia Phillies,Chicago Cubs,0,1,0,0,0.55,0.9,0.54
0x6f70778ef0e3612346398f3dbad11b9bf2af46c7ebd55f6f3540ef32fb3f8265,mlb-pit-tex-2026-04-22,2026,2026-04-23T00:05:00Z,Pittsburgh Pirates,Texas Rangers,1,0,0,0,0.565,0.9,0.51
0x5e8d002a6cd3d966e72be6997e11d6ff6cbca86736a54e8d3a0ab954efa6f297,mlb-sd-col-2026-04-22,2026,2026-04-23T00:40:00Z,San Diego Padres,Colorado Rockies,1,0,0,0,0.385,0.9,0.43
0x557a4794aaf6f0ef35cdfd015c500f6845b0f28fa8731f9e6152243509026a8a,mlb-cws-ari-2026-04-22,2026,2026-04-23T01:40:00Z,Chicago White Sox,Arizona Diamondbacks,2,0,0,0,0.475,0.9,0.47
0xf4e0fb8214d48c0ece30cede0bd5cdcdbcb2cf23000261b8408b86ad933c1dd4,mlb-lad-sf-2026-04-22,2026,2026-04-23T01:45:00Z,Los Angeles Dodgers,San Francisco Giants,0,0,1,0,0.545,0.9,0.54
0xf02280233802824f71f85e08074b141f3ad29fa105cde2d3d35cd8b5825495a3,mlb-atl-wsh-2026-04-23,2026,2026-04-23T17:05:00Z,Atlanta Braves,Washington Nationals,0,1,0,0,0.5,0.9,0.495
0xd29fb933e6a9414b6ed1b804540356b54c97e417ac22b7fad8a2d8f00e7cf01f,mlb-mil-det-2026-04-23,2026,2026-04-23T17:10:00Z,Milwaukee Brewers,Detroit Tigers,0,2,0,0,0.605,0.9,0.515
0x41fc08e425bc3e390e8697e132aa4bb408d1cce8b2b684360b71b2899ce04a2e,mlb-phi-chc-2026-04-23,2026,2026-04-23T18:20:00Z,Philadelphia Phillies,Chicago Cubs,0,0,1,0,0.515,0.9,0.54
0x9f5e88ecadc9c626432386a6e3417409696c4634c151b03a650536d3728998f2,mlb-sd-col-2026-04-23,2026,2026-04-23T19:10:00Z,San Diego Padres,Colorado Rockies,0,1,0,0,0.435,0.9,0.505
0xc297e8bde6ba5adff3554d661184c4b56340f5deab47a0af8a8242078d78a186,mlb-cws-ari-2026-04-23,2026,2026-04-23T19:40:00Z,Chicago White Sox,Arizona Diamondbacks,0,1,0,0,0.515,0.9,0.49
0xc28d48d58039794583e33ddf58e9045bf5b323cf8d74b9d70d7b0ea54f09b17a,mlb-lad-sf-2026-04-23,2026,2026-04-23T19:45:00Z,Los Angeles Dodgers,San Francisco Giants,0,0,1,0,0.56,0.9,0.545
0x466c32ec041fb267071ad6674552430c4d7765c1d5aa7dd8c9fd7fa90c0df8fe,mlb-nyy-bos-2026-04-23,2026,2026-04-23T22:10:00Z,New York Yankees,Boston Red Sox,0,0,1,0,0.535,0.9,0.525
0x1ffab372f82b54c99e84f9c37470f5b74f5cad8879c26ff72ba5615a240da3d3,mlb-min-nym-2026-04-23,2026,2026-04-23T23:10:00Z,Minnesota Twins,New York Mets,1,3,0,0,0.55,0.9,0.5
0xc2d77ea3636433d56099a311668d98a18af2046df7e518d22d9da7df43bca715,mlb-pit-tex-2026-04-23,2026,2026-04-24T00:05:00Z,Pittsburgh Pirates,Texas Rangers,0,0,1,0,0.555,0.9,0.505
0x6373fd274fbcfb3900f27c12bed924e4f3f76e5a954318f9407277dc420cd323,mlb-det-cin-2026-04-24,2026,2026-04-24T22:40:00Z,Detroit Tigers,Cincinnati Reds,0,0,1,0,0.515,0.9,0.445
0x032cf51b0f1080ede0f6b4bb0f7f258a11ddf4899ccc343fefc60d8f15b0ae63,mlb-bos-bal-2026-04-24,2026,2026-04-24T23:05:00Z,Boston Red Sox,Baltimore Orioles,0,4,0,0,0.49,0.7,0.62
0x50e3e829d34ec92b74f145ee85a2b6b9c513c0ea9a0353a43a9c6e9a42b8e3ac,mlb-cle-tor-2026-04-24,2026,2026-04-24T23:07:00Z,Cleveland Guardians,Toronto Blue Jays,5,2,0,0,0.51,0.9,0.42
0x449f5fe7094ae727fc87aeb03628768ae6faa90d68fd2feaf2b6688b34667890,mlb-col-nym-2026-04-24,2026,2026-04-24T23:10:00Z,Colorado Rockies,New York Mets,0,0,1,0,0.545,0.7,0.44
0x77a7e97436e372252bcd40cda679e39974eefcf4922af4357120ef35c28f9c94,mlb-min-tb-2026-04-24,2026,2026-04-24T23:10:00Z,Minnesota Twins,Tampa Bay Rays,0,1,0,0,0.565,0.8,0.495
0x1771972f610e3fe1de331f23b5a94cbfbe6891e72dd8504c44711dfa3d51f98b,mlb-phi-atl-2026-04-24,2026,2026-04-24T23:15:00Z,Philadelphia Phillies,Atlanta Braves,0,0,1,0,0.48,0.9,0.49
0x04be5315cefee25e50422cf4dc162ffaac18beb5a86f8d3ae99a2a90df42e06b,mlb-laa-kc-2026-04-24,2026,2026-04-24T23:40:00Z,Los Angeles Angels,Kansas City Royals,0,0,1,0,0.49,0.9,0.515
0x2ff0736a1283f5b220e1e14669d299514b6cd955a4bb5cc4505fa29a3b2e8a63,mlb-pit-mil-2026-04-24,2026,2026-04-24T23:40:00Z,Pittsburgh Pirates,Milwaukee Brewers,0,0,1,0,0.58,0.9,0.49
0xffa218ba880c4afac87e0bbd6c9ae999885879908afca0dcf23460ba904fa6fe,mlb-wsh-cws-2026-04-24,2026,2026-04-24T23:40:00Z,Washington Nationals,Chicago White Sox,0,0,1,0,0.47,0.9,0.495
0x841e748fa640cb81d664d75597689b91ae082b48ce4b447c3bf2b847f682f242,mlb-oak-tex-2026-04-24,2026,2026-04-25T00:05:00Z,Athletics,Texas Rangers,3,0,0,0,0.515,0.9,0.455
0x5ec058511fd1f8452c77a4a3568dc50e5ba9733f70c636b6f355bf3371c01a3f,mlb-nyy-hou-2026-04-24,2026,2026-04-25T00:10:00Z,New York Yankees,Houston Astros,3,0,0,0,0.465,0.9,0.475
0x63cd9b42a48a1bde5aded7d28043f58ab2112641b03a969429afa01b3919be92,mlb-sea-stl-2026-04-24,2026,2026-04-25T00:15:00Z,Seattle Mariners,St. Louis Cardinals,0,0,1,0,0.525,0.9,0.505
0xe90d71f301128db88730c92c341ee4e5015a5001d4fee5bc133928f58aaa04ef,mlb-chc-lad-2026-04-24,2026,2026-04-25T02:15:00Z,Chicago Cubs,Los Angeles Dodgers,0,0,1,0,0.49,0.9,0.47
0xfa2ca3c344fe3346403139b8067d9105e3163dd25b7bc7e9fd185ca02dec64c6,mlb-mia-sf-2026-04-24,2026,2026-04-25T02:15:00Z,Miami Marlins,San Francisco Giants,3,0,0,0,0.525,0.9,0.53
0x7718c441c3d17516aa8ddaafc0b2c4b2170c4ef3148a0470773504fad94cb1fc,mlb-bos-bal-2026-04-25,2026,2026-04-25T16:05:00Z,Boston Red Sox,Baltimore Orioles,0,0,1,0,0.58,0.9,0.51
0xee7636196ec073cc19ab70b4c9ca974766827fbda2f5f4650d73aafe64e586b7,mlb-sea-stl-2026-04-25,2026,2026-04-25T18:15:00Z,Seattle Mariners,St. Louis Cardinals,2,2,0,0,0.545,0.9,0.45
0x20f90a1dd6d0bf099327b6ae380dcaf8cf1fa2d00378f3460254f7448741d1e4,mlb-cle-tor-2026-04-25,2026,2026-04-25T19:07:00Z,Cleveland Guardians,Toronto Blue Jays,0,0,1,0,0.575,0.9,0.465
0x38819acbe3ce6a66bf88b875a4f3feb88f3c9fe88e8fe5cbe62f56483d8f184d,mlb-mia-sf-2026-04-25,2026,2026-04-25T20:05:00Z,Miami Marlins,San Francisco Giants,0,0,1,0,0.57,0.7,0.495
0x7dd4ed69280b55f2c4f81eae77c19ee681ad7b022f6e96412bc837a1ca42bb5d,mlb-min-tb-2026-04-25,2026,2026-04-25T20:10:00Z,Minnesota Twins,Tampa Bay Rays,0,0,1,0,0.51,0.7,0.5
0x5baf13cfec4f8dfb2007b38f8e773454ef03546ed4e5f55c87b4773d60ccf552,mlb-wsh-cws-2026-04-25,2026,2026-04-25T20:10:00Z,Washington Nationals,Chicago White Sox,0,0,1,0,0.495,0.7,0.45
0x5f0dbc56cbdbadce467bf895887f6f3d794f4793746360bcffd955455e2b7f67,mlb-sd-ari-2026-04-25,2026,2026-04-25T22:05:00Z,San Diego Padres,Arizona Diamondbacks,0,0,1,0,0.31,0.9,0.335
0xf5357d4ec4bff847d2b2d1904c53cb8c4d928e3347d61fde8823935d47107204,mlb-oak-tex-2026-04-25,2026,2026-04-25T23:05:00Z,Athletics,Texas Rangers,0,0,1,0,0.52,0.9,0.49
0x3e5848bd1a1fef96d5caf5a693f3b6e6c86fec80cc63e39f4debf1694001ffaa,mlb-nyy-hou-2026-04-25,2026,2026-04-25T23:10:00Z,New York Yankees,Houston Astros,0,1,0,0,0.49,0.9,0.45
0x7d7dc115da161fc08bdc4bcce869b57bb9310cf3a9e2c86ff0f2056831075eab,mlb-pit-mil-2026-04-25,2026,2026-04-25T23:10:00Z,Pittsburgh Pirates,Milwaukee Brewers,0,0,1,0,0.545,0.9,0.52
0x48c6ced426f353fd1bd778f04b394923db6e9c9520ad4c81b4aa6c032dff3c75,mlb-chc-lad-2026-04-25,2026,2026-04-25T23:15:00Z,Chicago Cubs,Los Angeles Dodgers,0,0,1,0,0.465,0.9,0.465
0xff13207e80ba97821284f8e418998cbfb921a3cf6699fcdce08d233e7e287d59,mlb-det-cin-2026-04-25,2026,2026-04-25T23:15:00Z,Detroit Tigers,Cincinnati Reds,1,4,0,0,0.5,0.9,0.475
0x7d3cfa18f418fc1201b89d8ecdd037c717c6bc23469bda2e816d5fad7c12eba7,mlb-phi-atl-2026-04-25,2026,2026-04-25T23:15:00Z,Philadelphia Phillies,Atlanta Braves,1,0,0,0,0.49,0.9,0.47
0xa25a33991d53e3b7925cb2f72dbdba518a34076cb930445908dd2a75536cd9d8,mlb-bos-bal-2026-04-26,2026,2026-04-26T17:35:00Z,Boston Red Sox,Baltimore Orioles,0,0,1,0,0.55,0.9,0.485
0xe9de0637dc8534a273789151f9cff11d6ff72f048470dda88549c54dc63eddad,mlb-phi-atl-2026-04-26,2026,2026-04-26T17:35:00Z,Philadelphia Phillies,Atlanta Braves,0,3,0,0,0.535,0.9,0.46
0xa07cd4e33c6074b5c485efbec9e74ff7ffe8e4fd4c3ac86038748b8e51d39405,mlb-cle-tor-2026-04-26,2026,2026-04-26T17:37:00Z,Cleveland Guardians,Toronto Blue Jays,0,2,0,0,0.515,0.9,0.41
0x36e71862046b9ea3a488c0638d949a32f9e9790547f7c3eab89e5c1afd26bb81,mlb-col-nym-2026-04-26,2026,2026-04-26T17:40:00Z,Colorado Rockies,New York Mets,0,0,1,0,0.565,0.9,0.435
0x8661d1957663c56227bfb9e88c8c0ae96fabf1de19dfd0b8a70718f4638a185a,mlb-det-cin-2026-04-26,2026,2026-04-26T17:40:00Z,Detroit Tigers,Cincinnati Reds,2,0,0,0,0.515,0.9,0.48
0x50724a4662b0e314e66b6cddff666284cf8061238fbf6fca49123918fa250bb5,mlb-min-tb-2026-04-26,2026,2026-04-26T17:40:00Z,Minnesota Twins,Tampa Bay Rays,0,0,1,0,0.5,0.9,0.445
0x06074c33118c8e88f32e3acf96558fe191330b14aeec50d66fc5ef7341f68552,mlb-nyy-hou-2026-04-26,2026,2026-04-26T18:10:00Z,New York Yankees,Houston Astros,0,2,0,0,0.445,0.9,0.465
0x9e4bfdea44b6b47dd19b58b5610c67ad646a06abb947469c344cef88de6fa4a5,mlb-pit-mil-2026-04-26,2026,2026-04-26T18:10:00Z,Pittsburgh Pirates,Milwaukee Brewers,0,0,1,0,0.57,0.9,0.48
0xf6acb15e26a0348469226d1767c346e81ba350af1beb03b0c11cd82dad683459,mlb-wsh-cws-2026-04-26,2026,2026-04-26T18:10:00Z,Washington Nationals,Chicago White Sox,0,0,1,0,0.57,0.9,0.505
0xd6aa2e8561ab66243c2454f5e4c51a0710a21069b6a2e7620e9aa459aba302cc,mlb-sea-stl-2026-04-26,2026,2026-04-26T18:15:00Z,Seattle Mariners,St. Louis Cardinals,0,0,1,0,0.5,0.9,0.465
0xb9a746d929576ecc29356e7e4b3c3f00453cf1ead3748fb3e8bee26016cdf92d,mlb-oak-tex-2026-04-26,2026,2026-04-26T18:35:00Z,Athletics,Texas Rangers,2,0,0,0,0.485,0.9,0.465
0xceb9fd650db1c8d6c041e6bf55a2fdcf28af2f8dcab6073c8d21a9bf0ab60c25,mlb-mia-sf-2026-04-26,2026,2026-04-26T20:05:00Z,Miami Marlins,San Francisco Giants,0,0,1,0,0.545,0.9,0.51
0x67a7d7ca37f1c16dfbfc735d6c18c368a214d1f47760009fff9fd11755262065,mlb-sd-ari-2026-04-26,2026,2026-04-26T20:05:00Z,San Diego Padres,Arizona Diamondbacks,0,0,1,0,0.34,0.9,0.335
0x5255594e965093f3cea08be14517a7de8ee226c5f9af0a793a294d85a1a7fc36,mlb-chc-lad-2026-04-26,2026,2026-04-26T20:10:00Z,Chicago Cubs,Los Angeles Dodgers,0,3,0,0,0.505,0.7,0.495
0x2307a0b370c50846966877b67f2de3c870187563acb032387264c0bdc33f98f9,mlb-col-nym-2026-04-25,2026,2026-04-26T20:40:00Z,Colorado Rockies,New York Mets,0,0,1,0,0.51,0.9,0.505
0xf9663fac4ed903dbf9b63ce9c74e99d7e46b59383a14f379a798af286770911c,mlb-laa-kc-2026-04-26,2026,2026-04-26T23:20:00Z,Los Angeles Angels,Kansas City Royals,2,0,0,0,0.525,0.7,0.47
0x7013dece00f069480e68a41fa675b496154a7abcf274c55703a38236e6cf0df7,mlb-tb-cle-2026-04-27,2026,2026-04-27T22:10:00Z,Tampa Bay Rays,Cleveland Guardians,0,0,1,0,0.55,0.9,0.565
0x0d82b343a302d0fb950ce5bc83ab4e9afe154af123c6faeb0c57131340befa9a,mlb-stl-pit-2026-04-27,2026,2026-04-27T22:40:00Z,St. Louis Cardinals,Pittsburgh Pirates,0,1,0,0,0.525,0.9,0.64
0xc699d120035c7c2ced15577a26039f25e178401be6060addcb63006742db4fc7,mlb-bos-tor-2026-04-27,2026,2026-04-27T23:07:00Z,Boston Red Sox,Toronto Blue Jays,0,0,1,0,0.58,0.9,0.58
0x6d075f7b13cdbdf5c7acd072458b3eebab06003dc1a8c2ab92ead400c62cc14b,mlb-laa-cws-2026-04-27,2026,2026-04-27T23:40:00Z,Los Angeles Angels,Chicago White Sox,1,0,0,0,0.485,0.9,0.485
0xd3e3eedd0e06455c1ce1576e3e8ca44659c4947b2622f2b888c9d9a78abb3ee7,mlb-sea-min-2026-04-27,2026,2026-04-27T23:40:00Z,Seattle Mariners,Minnesota Twins,0,0,1,0,0.495,0.9,0.5
0x0076c31237b7e002b70ea85efc7409fa5706e455237809d2e2963a8ae3602470,mlb-nyy-tex-2026-04-27,2026,2026-04-28T00:05:00Z,New York Yankees,Texas Rangers,0,0,1,0,0.535,0.9,0.52
0x08a4e1f28efffc9d4aacae55d7be307d03f80a8fe9451125638afbf44c6f9bb5,mlb-chc-sd-2026-04-27,2026,2026-04-28T01:40:00Z,Chicago Cubs,San Diego Padres,0,3,0,0,0.58,0.9,0.52
0xb62805c0c73d240f3b666e5484c618ab3cf034919b16e3d9eb010e871a33c383,mlb-mia-lad-2026-04-27,2026,2026-04-28T02:10:00Z,Miami Marlins,Los Angeles Dodgers,0,2,0,0,0.51,0.9,0.505
0xb07d6828baf3dc2f0d7141e97984bf1bd3216aa0edb0fba858095aabdcd8aed5,mlb-tb-cle-2026-04-28,2026,2026-04-28T22:10:00Z,Tampa Bay Rays,Cleveland Guardians,0,0,1,0,0.55,0.9,0.5
0xaeffed49576598df96ca029bfa88e1ba183348e8dbcaf19f77e367be563bbb1d,mlb-hou-bal-2026-04-28,2026,2026-04-28T22:35:00Z,Houston Astros,Baltimore Orioles,0,2,0,0,0.495,0.9,0.485
0xadda939e4a49629030341ec398aa9fa61e2f9aef951015b25a120dd1f9291287,mlb-col-cin-2026-04-28,2026,2026-04-28T22:40:00Z,Colorado Rockies,Cincinnati Reds,0,3,0,0,0.51,0.7,0.495
0xebf0df5f60e216aa4e558256c0d69ba6d6d9efbd04f119f66bf2d603fd136319,mlb-sf-phi-2026-04-28,2026,2026-04-28T22:40:00Z,San Francisco Giants,Philadelphia Phillies,0,0,1,0,0.53,0.7,0.5
0xade256b89931f5044e8c85f98a4bc6c5bceb603b8771a1f53d7fc1dfef291b93,mlb-stl-pit-2026-04-28,2026,2026-04-28T22:40:00Z,St. Louis Cardinals,Pittsburgh Pirates,0,0,1,0,0.515,0.8,0.475
0x3b89f3fe2018623314b94685e7c0cab0236593db1f98fa2f2d96f727b039752c,mlb-bos-tor-2026-04-28,2026,2026-04-28T23:07:00Z,Boston Red Sox,Toronto Blue Jays,0,0,1,0,0.545,0.9,0.45
0x85928b1997873596f9b34f1cdd319364caec1ae413f2aa61d83e7becc73397ca,mlb-wsh-nym-2026-04-28,2026,2026-04-28T23:10:00Z,Washington Nationals,New York Mets,0,1,0,0,0.515,0.9,0.5
0x81c5d329fcb167ebc664b8f78d4a145c49eebff35ddae2684adb3ec4e6939c5c,mlb-det-atl-2026-04-28,2026,2026-04-28T23:15:00Z,Detroit Tigers,Atlanta Braves,0,0,1,0,0.5,0.8,0.5
0x53e68818764b425b1f1608ac2f86c4d66dd6c6e28774e703e8f897e6a29b6b0d,mlb-ari-mil-2026-04-28,2026,2026-04-28T23:40:00Z,Arizona Diamondbacks,Milwaukee Brewers,0,0,1,0,0.5,0.9,0.47
0x1dc1abaf9031b6333412922e0aeb09160d1a2745f33d779d7ff4586cfee75689,mlb-laa-cws-2026-04-28,2026,2026-04-28T23:40:00Z,Los Angeles Angels,Chicago White Sox,0,0,1,0,0.565,0.9,0.475
0xcaff46c2cf45d69b981398d26600d561fc46da28b7efc45efc480e4464d1eea4,mlb-sea-min-2026-04-28,2026,2026-04-28T23:40:00Z,Seattle Mariners,Minnesota Twins,0,0,1,0,0.585,0.9,0.48
0x5b50c8862b378731b6bb1e26ed9d64d2f7405b3a9940cbd494ff33e35dc86839,mlb-nyy-tex-2026-04-28,2026,2026-04-29T00:05:00Z,New York Yankees,Texas Rangers,1,0,0,0,0.55,0.9,0.53
0xe45baaef24ad4855ba9176eb9700448e985ff1114bc930a2430b533b31c846c3,mlb-chc-sd-2026-04-28,2026,2026-04-29T01:40:00Z,Chicago Cubs,San Diego Padres,0,0,1,0,0.535,0.9,0.52
0x050b9231716edf9f49139bda0a028e128f19b91c9e576ee2df2346db546f7d30,mlb-kc-oak-2026-04-28,2026,2026-04-29T01:40:00Z,Kansas City Royals,Athletics,0,0,1,0,0.475,0.9,0.48
0x07c5907d09efd2f4e454fd23ccbe87f217abee3b129aba4916ddf4b39f403f81,mlb-mia-lad-2026-04-28,2026,2026-04-29T02:10:00Z,Miami Marlins,Los Angeles Dodgers,0,0,1,0,0.56,0.7,0.515
0xc6d886b54b9d8b7e41c97a5e1e9c4fab7f18352abb6e4384c2a76845115ca8f0,mlb-laa-cws-2026-04-29,2026,2026-04-29T17:10:00Z,Los Angeles Angels,Chicago White Sox,0,0,1,0,0.5,0.9,0.535
0x1acced152a72d7e790d6476dcc38b99bf334af0da94fe5784135313ee829b495,mlb-tb-cle-2026-04-29,2026,2026-04-29T17:10:00Z,Tampa Bay Rays,Cleveland Guardians,0,0,1,0,0.615,0.9,0.515
0x7cda1e6f2b23932781d4425612d25554ae0de61f9c9d8d9afaf4fa1353a83818,mlb-sea-min-2026-04-29,2026,2026-04-29T17:40:00Z,Seattle Mariners,Minnesota Twins,0,0,1,0,0.55,0.9,0.66
0x2ad5519404d110246b1637ac67b8bdca237bab4e476692492b14c25493d3f60b,mlb-nyy-tex-2026-04-29,2026,2026-04-29T18:35:00Z,New York Yankees,Texas Rangers,0,0,1,0,0.495,0.7,0.55
0x822860fff220dca700f297ddc94c9ee79d99630929251067b784d0a40fa9ebe7,mlb-bos-tor-2026-04-29,2026,2026-04-29T19:07:00Z,Boston Red Sox,Toronto Blue Jays,1,0,0,0,0.5,0.9,0.545
0x0427f4dccb26819c299d987f4f2c79baffda26ccbfe5c93a8666ab119a9c3c0b,mlb-mia-lad-2026-04-29,2026,2026-04-29T19:10:00Z,Miami Marlins,Los Angeles Dodgers,0,0,1,0,0.52,0.9,0.53
0x806f142dce2edf0423c8b2bbf11ac0097ab4401e025df9d7327509e3523a3377,mlb-chc-sd-2026-04-29,2026,2026-04-29T20:10:00Z,Chicago Cubs,San Diego Padres,0,0,1,0,0.495,0.9,0.495
0x4d2ee970eb48e1e0930794e5238c52282e8d0cd4dda380bc90fe500c223279c2,mlb-col-cin-2026-04-29,2026,2026-04-29T22:40:00Z,Colorado Rockies,Cincinnati Reds,3,0,0,0,0.455,0.9,0.5
0xed21894af2b9857bc890c6b9f007ad9b394b8f356eaee8ad7cd00a493f14ad20,mlb-stl-pit-2026-04-29,2026,2026-04-29T22:40:00Z,St. Louis Cardinals,Pittsburgh Pirates,0,0,1,0,0.51,0.9,0.535
0x14add5f9b1d32f211029b0afb2c1fad9e9704ea4e98f84fb59df8dd620244df0,mlb-wsh-nym-2026-04-29,2026,2026-04-29T23:10:00Z,Washington Nationals,New York Mets,2,0,0,0,0.535,0.9,0.515
0x77fe37c4404e4b732a9940e7cea906db10e9b9c092d21609a8080b2b24f9c160,mlb-det-atl-2026-04-29,2026,2026-04-29T23:15:00Z,Detroit Tigers,Atlanta Braves,0,2,0,0,0.555,0.9,0.615
0x771420bae10fe317676ea5c6f017a66752926cd1eafa3d11c198e73ac884f162,mlb-ari-mil-2026-04-29,2026,2026-04-29T23:40:00Z,Arizona Diamondbacks,Milwaukee Brewers,0,1,0,0,0.495,0.9,0.565
0x3f1fce93a9a3711b8d524c64d8d415977ca02430bc4cb0ba34cba40a6f8f8146,mlb-kc-oak-2026-04-29,2026,2026-04-30T01:40:00Z,Kansas City Royals,Athletics,1,0,0,0,0.46,0.9,0.46
0x3c1ffa82493eb0f9cf696ce49ab925b23b86bcc3bb552c9d4db1755e032210b4,mlb-det-atl-2026-04-30,2026,2026-04-30T16:15:00Z,Detroit Tigers,Atlanta Braves,0,0,1,0,0.525,0.9,0.51
0x3e08ed28505cd6cff3616df7fd0e652918b634ceb66758909e9a6ae79c463f64,mlb-hou-bal-2026-04-30,2026,2026-04-30T16:35:00Z,Houston Astros,Baltimore Orioles,0,0,1,0,0.48,0.9,0.55
0x7be2e4f689abdd793344b3951206cdb5918ca56469e1af25d9799a5cc5049bb3,mlb-sf-phi-2026-04-30,2026,2026-04-30T16:35:00Z,San Francisco Giants,Philadelphia Phillies,2,1,0,0,0.59,0.9,0.55
0x2e8e5402fd49638fe04208c3e1803aea8b5730d1fde19d3979a06b55d116aea7,mlb-stl-pit-2026-04-30,2026,2026-04-30T16:35:00Z,St. Louis Cardinals,Pittsburgh Pirates,3,0,0,0,0.57,0.9,0.55
0x3c25b78af29d92260dd156d85dd1f4d49eb680e16227a344519cdc99d5221371,mlb-col-cin-2026-04-30,2026,2026-04-30T16:40:00Z,Colorado Rockies,Cincinnati Reds,2,0,0,0,0.5,0.9,0.46
0xf3f682912949b265f5d0507e475e28e30e6e9819aba0a3db3fef0811b61daabd,mlb-wsh-nym-2026-04-30,2026,2026-04-30T17:10:00Z,Washington Nationals,New York Mets,0,0,1,0,0.53,0.9,0.485
0x5a4273bbf643bb48c5df5fb05b71e5939cff5ce1756d88b9a9add42d99aebfd2,mlb-ari-mil-2026-04-30,2026,2026-04-30T17:40:00Z,Arizona Diamondbacks,Milwaukee Brewers,0,3,0,0,0.57,0.9,0.525
0xe9b6e361b6175fe196876557e7b5cd199e2e6ff6b7621702152238cba6d3c9a5,mlb-kc-oak-2026-04-30,2026,2026-04-30T19:05:00Z,Kansas City Royals,Athletics,1,1,0,0,0.465,0.9,0.545
0xd3749531008bfdfbf1c7411823ac64f3febc44d0424ff9bda4f1bea7be7528e7,mlb-hou-bal-2026-04-29,2026,2026-04-30T20:05:00Z,Houston Astros,Baltimore Orioles,5,0,0,0,0.48,0.9,0.495
0x688e3e1d94549e8061bc7ac0625d99f18e5f7b40d623deed2f07d13ad44b64f0,mlb-sf-phi-2026-04-29,2026,2026-04-30T21:35:00Z,San Francisco Giants,Philadelphia Phillies,0,2,0,0,0.49,0.7,0.58
0x8e72f1facb6426adfe5aaff3d5100728227bd4f4759f31b7d7c080fb175af717,mlb-tor-min-2026-04-30,2026,2026-04-30T23:40:00Z,Toronto Blue Jays,Minnesota Twins,0,0,1,0,0.545,0.9,0.6
0x0b744864e301d96f904822e277e9aa050d1fc7d379047ab6a1bd9e51811f6dde,mlb-ari-chc-2026-05-01,2026,2026-05-01T18:20:00Z,Arizona Diamondbacks,Chicago Cubs,0,3,0,0,0.605,0.9,0.485
0x260f02e61e2f09c72523dc225f280fc7e5640c98010e45e84e095173588aec30,mlb-tex-det-2026-05-01,2026,2026-05-01T22:40:00Z,Texas Rangers,Detroit Tigers,1,0,0,0,0.55,0.9,0.52
0x2ee3ec9d50387c1f8ae827a4bf5244343fc138e71551eb2b3af6acb01a0706be,mlb-cin-pit-2026-05-01,2026,2026-05-01T22:45:00Z,Cincinnati Reds,Pittsburgh Pirates,0,1,0,0,0.52,0.9,0.505
0x4a1ca1d75d6be273ae370a34a770cb629f75a399d642a725857350e7125d621f,mlb-mil-wsh-2026-05-01,2026,2026-05-01T22:45:00Z,Milwaukee Brewers,Washington Nationals,1,0,0,0,0.52,0.9,0.525
0xea89a5fef865d6ff781b41900f09ce353b6342db566d9fe2e723d35038a01f4d,mlb-bal-nyy-2026-05-01,2026,2026-05-01T23:05:00Z,Baltimore Orioles,New York Yankees,0,1,0,0,0.49,0.9,0.415
0xc21393a0d5758956c9a8098ff89dc073fbc845f8fc32b06c0c95cb5da02e6049,mlb-hou-bos-2026-05-01,2026,2026-05-01T23:10:00Z,Houston Astros,Boston Red Sox,0,0,1,0,0.48,0.9,0.515
0x47ae50d3112cb7719a87968f9a575344a4b529b4f0d89e9f04457af9494b88fd,mlb-phi-mia-2026-05-01,2026,2026-05-01T23:10:00Z,Philadelphia Phillies,Miami Marlins,0,1,0,0,0.535,0.9,0.515
0x10f0a52368a3ac1707ea599adf0c2ab5e1418dfc2fa1d57334806ab8e8e45928,mlb-sf-tb-2026-05-01,2026,2026-05-01T23:10:00Z,San Francisco Giants,Tampa Bay Rays,0,0,1,0,0.555,0.9,0.545
0xd0722ed7e10b6a04eee8cbc2d5308ca4ba375775b940c8a603f2965d2505ce6e,mlb-tor-min-2026-05-01,2026,2026-05-02T00:10:00Z,Toronto Blue Jays,Minnesota Twins,0,0,1,0,0.48,0.9,0.49
0x83e6cd03098d18c18efabc27101c00eb0467841d7b4d0205ff751847d6982593,mlb-lad-stl-2026-05-01,2026,2026-05-02T00:15:00Z,Los Angeles Dodgers,St. Louis Cardinals,0,3,0,0,0.515,0.9,0.5
0xfbd38dfc09b84f91bc1f7aa6805f00a151576e880b9394c8107a671ea29034dd,mlb-atl-col-2026-05-01,2026,2026-05-02T00:40:00Z,Atlanta Braves,Colorado Rockies,0,5,0,0,0.43,0.9,0.445
0x4b303e9ed46008b31cb8f53c78d581e1780d0597bcd3ca53885c37d93a180f21,mlb-nym-laa-2026-05-01,2026,2026-05-02T01:38:00Z,New York Mets,Los Angeles Angels,0,2,0,0,0.495,0.8,0.485
0xbfde7647910e01466d3f7a4dd270f721149d6877c86ad65c4694b1001354bd34,mlb-cle-oak-2026-05-01,2026,2026-05-02T01:40:00Z,Cleveland Guardians,Athletics,0,2,0,0,0.47,0.9,0.495
0x57ce25138c8c1570c4c073a4f53fc60da999df597ed3c897ac2a86bb88726ab5,mlb-cws-sd-2026-05-01,2026,2026-05-02T01:40:00Z,Chicago White Sox,San Diego Padres,0,0,1,0,0.5,0.9,0.515
0x54f2434874f33c0316e809624dc3eb242b770ca3731ab1e228c9ba4eebe7fe7b,mlb-kc-sea-2026-05-01,2026,2026-05-02T01:45:00Z,Kansas City Royals,Seattle Mariners,4,2,0,0,0.58,0.9,0.56
0xb1ef3f686a380525fc527488c0b96b688d24506b7b7b1fd5eb5c015fa8ecab65,mlb-bal-nyy-2026-05-02,2026,2026-05-02T17:35:00Z,Baltimore Orioles,New York Yankees,0,0,1,0,0.505,0.9,0.545
0x754fbb32a89113ead9eb667345cd77085850bd5269db720812d3bec996e52156,mlb-tor-min-2026-05-02,2026,2026-05-02T18:10:00Z,Toronto Blue Jays,Minnesota Twins,0,1,0,0,0.53,0.9,0.56
0xe98df7974228a8ee969f27ce66d4115bf299cee50e2b1ef523090799b883bbcb,mlb-ari-chc-2026-05-02,2026,2026-05-02T18:20:00Z,Arizona Diamondbacks,Chicago Cubs,0,0,1,0,0.56,0.9,0.585
0xb64c8a68bbb2db3ea34d2ccdd42abeaa8cb2f5fba677b44348e3b77fca130b37,mlb-cin-pit-2026-05-02,2026,2026-05-02T20:05:00Z,Cincinnati Reds,Pittsburgh Pirates,2,5,0,0,0.52,0.9,0.555
0xa5bd6fe3556af14aed8c1c754361ae7a35d4dab2a058b03221b7d56036febd02,mlb-cle-oak-2026-05-02,2026,2026-05-02T20:05:00Z,Cleveland Guardians,Athletics,0,2,0,0,0.425,0.9,0.49
0xd54668143ff2138b95e055ac65922a3dbdf550f3478a6a3ee913271ad131d751,mlb-mil-wsh-2026-05-02,2026,2026-05-02T20:05:00Z,Milwaukee Brewers,Washington Nationals,3,0,0,0,0.57,0.9,0.51
0xb53fa354a6bea0f555e1f07fa9c4733f4b785727b433c912635da378ac5e1707,mlb-hou-bos-2026-05-02,2026,2026-05-02T20:10:00Z,Houston Astros,Boston Red Sox,1,0,0,0,0.5,0.9,0.54
0x91d648f3ea6b03f737affafe5977ccdfff9b9db8bb6c95c7f4613822406bde89,mlb-phi-mia-2026-05-02,2026,2026-05-02T20:10:00Z,Philadelphia Phillies,Miami Marlins,0,0,1,0,0.49,0.9,0.535
0xf065835100f388781638a4a87b86fe337e04decf9d2b456587757d73d40b1408,mlb-sf-tb-2026-05-02,2026,2026-05-02T22:10:00Z,San Francisco Giants,Tampa Bay Rays,0,0,1,0,0.6,0.9,0.545
0x9ef5804f377f34f739145dae5fd6ebc70cf80744b4aaae4898c0fc526ca122b3,mlb-lad-stl-2026-05-02,2026,2026-05-02T23:15:00Z,Los Angeles Dodgers,St. Louis Cardinals,0,0,1,0,0.48,0.9,0.49
0x20261eed4af9a2e570c7f81a7cb9c1d131dc2b1ecd3243993e21497350566b4f,mlb-tex-det-2026-05-02,2026,2026-05-02T23:15:00Z,Texas Rangers,Detroit Tigers,0,3,0,0,0.525,0.9,0.585
0x307bce3aaadb2bd77d9c42462a13e47a8795677c4ad675e8b28ac98f2da6ed9a,mlb-atl-col-2026-05-02,2026,2026-05-03T00:10:00Z,Atlanta Braves,Colorado Rockies,2,0,0,0,0.495,0.9,0.51
0xaa7b9945a842fc2e07d34755296793c53dcc0ea2663274e7876c0011ee2a5ac9,mlb-cws-sd-2026-05-02,2026,2026-05-03T00:40:00Z,Chicago White Sox,San Diego Padres,0,0,1,0,0.545,0.9,0.51
0x6223140ff27861a879fe6221812b28895b46c93dfb0324c946da480a68fcab0e,mlb-nym-laa-2026-05-02,2026,2026-05-03T01:38:00Z,New York Mets,Los Angeles Angels,0,1,0,0,0.575,0.9,0.535
0xffdb123f68d9563840db70223e8d8af6ef6abc2960d88b5cb2eee325640e9506,mlb-kc-sea-2026-05-02,2026,2026-05-03T01:40:00Z,Kansas City Royals,Seattle Mariners,0,1,0,0,0.545,0.7,0.53
0xc3adc047d21677bf95625ff5ba03112d7dd9889c613944371c89a39e8efd48ae,mlb-tor-min-2026-05-03,2026,2026-05-03T16:45:00Z,Toronto Blue Jays,Minnesota Twins,0,1,0,0,0.555,0.9,0.49
0xd4229a4d2f93e0c7611798ec4e6068d7cd77ff87d3fdfdff5ca2eb77ffebab64,mlb-bal-nyy-2026-05-03,2026,2026-05-03T17:35:00Z,Baltimore Orioles,New York Yankees,0,1,0,0,0.495,0.8,0.485
0x3485238e77cdd260d1696a8d23dc1e71ca22574a8233b57d2963996e72c4fdc1,mlb-cin-pit-2026-05-03,2026,2026-05-03T17:35:00Z,Cincinnati Reds,Pittsburgh Pirates,0,0,1,0,0.565,0.8,0.58
0x3e1f92c40745e8f1d591ce67c3723ebe0131fa91295b21fd40db9912ab01210b,mlb-hou-bos-2026-05-03,2026,2026-05-03T17:35:00Z,Houston Astros,Boston Red Sox,0,0,1,0,0.505,0.8,0.56
0xabd69b3a1f9d21bd02337cebdad3258ee3ca44086ca6c6464b856ebdc54ca0c4,mlb-mil-wsh-2026-05-03,2026,2026-05-03T17:35:00Z,Milwaukee Brewers,Washington Nationals,0,0,1,0,0.485,0.9,0.55
0x148f0c5b8d159e5140dd3b025a113ce76e9b9f28bc9ec9973ed659bedb3f425e,mlb-phi-mia-2026-05-03,2026,2026-05-03T17:40:00Z,Philadelphia Phillies,Miami Marlins,6,0,0,0,0.52,0.9,0.555
0x6dca810e720933623b6f4cf0b76b86fec23683f62657baa8ccdc5ff081379286,mlb-sf-tb-2026-05-03,2026,2026-05-03T17:40:00Z,San Francisco Giants,Tampa Bay Rays,1,0,0,0,0.52,0.9,0.575
0x231701c7d850b66206608f78cdb37720343dc3a6b485b3b8a6feabe50a8224d8,mlb-lad-stl-2026-05-03,2026,2026-05-03T18:15:00Z,Los Angeles Dodgers,St. Louis Cardinals,0,0,1,0,0.46,0.9,0.575
0xdb98abf4c7790f2bf69987e47dfacbec6304ad4a31b37dea66696adee7c7d039,mlb-ari-chc-2026-05-03,2026,2026-05-03T18:20:00Z,Arizona Diamondbacks,Chicago Cubs,0,0,1,0,0.42,0.9,0.395
0xb9018af17016cdb2b49f260bbdabaa28ce80d79a05b984556c093653f3a1bf8e,mlb-atl-col-2026-05-03,2026,2026-05-03T19:10:00Z,Atlanta Braves,Colorado Rockies,0,1,0,0,0.46,0.8,0.45
0x447e34cb9af47e50ddf618ed16c32c27cc9062c3cff7647a88a3cafb23e58a86,mlb-cle-oak-2026-05-03,2026,2026-05-03T20:05:00Z,Cleveland Guardians,Athletics,0,0,1,0,0.47,0.9,0.48
0x6fe4eb56643c1790d4dd30970b4b5ee424aed80eefb57d2dba78c996b2c313fd,mlb-nym-laa-2026-05-03,2026,2026-05-03T20:07:00Z,New York Mets,Los Angeles Angels,0,1,0,0,0.49,0.9,0.49
0xce8dbd691c25a4c9d2acfff5d5ded6d39b443aff232f8750d22989911d804e93,mlb-cws-sd-2026-05-03,2026,2026-05-03T20:10:00Z,Chicago White Sox,San Diego Padres,0,0,1,0,0.505,0.9,0.555
0x91c10ef6a1e451e3ba7610c68ed9d03789c8b24616464d33da2eea042a08c399,mlb-kc-sea-2026-05-03,2026,2026-05-03T20:10:00Z,Kansas City Royals,Seattle Mariners,0,0,1,0,0.53,0.9,0.535
0x752130d04d2c77be2da69f82b7684ab0cf4a2a878c137f54820893b21469bfd3,mlb-tex-det-2026-05-03,2026,2026-05-03T23:20:00Z,Texas Rangers,Detroit Tigers,0,0,1,0,0.55,0.9,0.485
0x41a6fe3002994555fafe0d832f106aa9e1462b88e554089f736a48f14c9102ae,mlb-nym-col-2026-05-04,2026,2026-05-04T21:40:00Z,New York Mets,Colorado Rockies,0,0,1,0,0.47,0.9,0.49
0xcb2e8664cfbf2e82c1c8cd8381b7b8a4689ee4975e5b15574a726b69a2bb8dba,mlb-bos-det-2026-05-04,2026,2026-05-04T22:40:00Z,Boston Red Sox,Detroit Tigers,0,0,1,0,0.555,0.9,0.555
0x187b715f27fee86c8a758ed68636771f22d76e5c32241a61745d685085624648,mlb-phi-mia-2026-05-04,2026,2026-05-04T22:40:00Z,Philadelphia Phillies,Miami Marlins,0,0,1,0,0.5,0.9,0.5
0x80a5cb55bd62c80cc30f128db82a8d81c4b7da6fc7a93a3a5a7b53d8f811c85a,mlb-tor-tb-2026-05-04,2026,2026-05-04T22:40:00Z,Toronto Blue Jays,Tampa Bay Rays,0,3,0,0,0.51,0.9,0.5
0xe5009cf0824d13c4e69bc1bf43ccb6294fa4b5f9c0161cc172810601f5d7b485,mlb-bal-nyy-2026-05-04,2026,2026-05-04T23:05:00Z,Baltimore Orioles,New York Yankees,0,2,0,0,0.51,0.9,0.5
0x8b682f52fc6d433d1e71dbf932eb75428a7a8df773bfb812727e991f154ce3d2,mlb-cin-chc-2026-05-04,2026,2026-05-04T23:40:00Z,Cincinnati Reds,Chicago Cubs,0,0,1,0,0.415,0.7,0.515
0xa9a14d42c37f608b007ddf7e33ffb4b2ee48b08e70e15a6df0f9979986fb6374,mlb-cle-kc-2026-05-04,2026,2026-05-04T23:40:00Z,Cleveland Guardians,Kansas City Royals,0,0,1,0,0.51,0.9,0.515
0xb57f1d5d29cf4816eaf6d7e58b492cb19ea271d5af54fd92d3ecf59f47b87aad,mlb-mil-stl-2026-05-04,2026,2026-05-04T23:45:00Z,Milwaukee Brewers,St. Louis Cardinals,0,0,1,0,0.485,0.9,0.5
0x642e95e5c38477461e8d13297bca284efeb2c08d7f23dc08142bbeebef91214f,mlb-lad-hou-2026-05-04,2026,2026-05-05T00:10:00Z,Los Angeles Dodgers,Houston Astros,1,2,0,0,0.505,0.8,0.5
0x0a7cb0800b3c6b59fe04b3966e8255ceffd8998e654874c86886e13d6c34f746,mlb-cws-laa-2026-05-04,2026,2026-05-05T01:38:00Z,Chicago White Sox,Los Angeles Angels,2,0,0,0,0.575,0.9,0.555
0xe62cd2102a5a6978b0de5d9e3886d9864d040b2d9ee5e24b6e2df933219e3753,mlb-atl-sea-2026-05-04,2026,2026-05-05T01:40:00Z,Atlanta Braves,Seattle Mariners,1,0,0,0,0.53,0.9,0.535
0xef2fd4c317d136a2f02ea74f41d66acf9c3922e1698e6b73647c73a670c7a5b8,mlb-sd-sf-2026-05-04,2026,2026-05-05T01:45:00Z,San Diego Padres,San Francisco Giants,1,2,0,0,0.545,0.9,0.515
0x9b0389b95a9d2f6ce6f1fb5b768740d4454f7ad4d65ee715b8d8bb83f9f00958,mlb-bal-mia-2026-05-05,2026,2026-05-05T22:40:00Z,Baltimore Orioles,Miami Marlins,3,1,0,0,0.525,0.9,0.51
0x2c72df6ddf050338a0e61d21a95ebbb7e36fe42c3b46bc403b8248d8495f2c2a,mlb-bos-det-2026-05-05,2026,2026-05-05T22:40:00Z,Boston Red Sox,Detroit Tigers,3,2,0,0,0.55,0.9,0.555
0x65d9141450528f9e1e6e65c0cfdfd9c34f2be4d090dad3dc18e806e76424afec,mlb-oak-phi-2026-05-05,2026,2026-05-05T22:40:00Z,Athletics,Philadelphia Phillies,0,0,1,0,0.515,0.9,0.5
0x72c0cbb025675d5f06365c1f9d8db25e4397a573a8a13562edc98d244208f94f,mlb-tor-tb-2026-05-05,2026,2026-05-05T22:40:00Z,Toronto Blue Jays,Tampa Bay Rays,1,0,0,0,0.585,0.9,0.525
0xc9bb493093e8c9b650925815d67afe483c5572583d9d6c22105d7d22948f6e0b,mlb-min-wsh-2026-05-05,2026,2026-05-05T22:45:00Z,Minnesota Twins,Washington Nationals,0,1,0,0,0.485,0.9,0.455
0x2baf910cf91cf07ca920c06d29dd321defc77cbc2870aa62781fb370f0bf2136,mlb-tex-nyy-2026-05-05,2026,2026-05-05T23:05:00Z,Texas Rangers,New York Yankees,3,1,0,0,0.495,0.9,0.51
0xdfe4e5875a7274e8e677960aae46a5451ec2790b5aa91539054866f0d220ba30,mlb-cin-chc-2026-05-05,2026,2026-05-05T23:40:00Z,Cincinnati Reds,Chicago Cubs,1,0,0,0,0.53,0.9,0.51
0x662c6a4b1bdadc7dc02940237d0317ad50d3471d28239a2c77cf436966331491,mlb-cle-kc-2026-05-05,2026,2026-05-05T23:40:00Z,Cleveland Guardians,Kansas City Royals,0,2,0,0,0.535,0.9,0.55
0x1351f469f7e110f4a5eefc28526c873056851f2384c9f9fd94481616f42b7471,mlb-lad-hou-2026-05-05,2026,2026-05-06T00:10:00Z,Los Angeles Dodgers,Houston Astros,0,0,1,0,0.53,0.9,0.505
0x257a813e9250708257518f938eade20d6c4174821b6b8735e02bd69cf3d3beec,mlb-cws-laa-2026-05-05,2026,2026-05-06T01:38:00Z,Chicago White Sox,Los Angeles Angels,2,2,0,0,0.485,0.9,0.54
0x513d16e12a901e41c56f953fad9eb7f1aac8a5d0850af0cbfde0b67a4a8e85f7,mlb-atl-sea-2026-05-05,2026,2026-05-06T01:40:00Z,Atlanta Braves,Seattle Mariners,0,0,1,0,0.525,0.9,0.51
0xd54706d4fd09e83a76ac1c3f41ddc9d5c4c009911be2cf93c161382bbc46fe94,mlb-pit-ari-2026-05-05,2026,2026-05-06T01:40:00Z,Pittsburgh Pirates,Arizona Diamondbacks,0,2,0,0,0.485,0.9,0.49
0xf569171a50c28afca8568ccf8e4f3f59204db6de0570021fcd67c6c77991fd7a,mlb-sd-sf-2026-05-05,2026,2026-05-06T01:45:00Z,San Diego Padres,San Francisco Giants,0,2,0,0,0.55,0.9,0.605
0x98dd63156d016e163c6417b2ea897dc6da8c7abcbbd256d49aac6535a022e1bb,mlb-tor-tb-2026-05-06,2026,2026-05-06T17:10:00Z,Toronto Blue Jays,Tampa Bay Rays,0,0,1,0,0.535,0.9,0.545
0xf3b21c4fa2ac8aca87da9da0696138fbd0980de28b5ac43fbad958f939a9d566,mlb-mil-stl-2026-05-06,2026,2026-05-06T17:15:00Z,Milwaukee Brewers,St. Louis Cardinals,4,0,0,0,0.525,0.9,0.56
0x7b0c3adc0f3bc41105ae7171d9f362d4e472c8f9f71dcf3823266dd527157e7b,mlb-lad-hou-2026-05-06,2026,2026-05-06T18:10:00Z,Los Angeles Dodgers,Houston Astros,0,1,0,0,0.48,0.9,0.515
0xbf680bb1a836cf72b778bdbc825392868784a2e56c7d8c25f48e685547a94fb4,mlb-sd-sf-2026-05-06,2026,2026-05-06T19:45:00Z,San Diego Padres,San Francisco Giants,0,0,1,0,0.515,0.9,0.44
0x15aef8af80a17edda7e3b51052a867806af5cfe6a5bd2ed78ca9a2b5c342b66c,mlb-cws-laa-2026-05-06,2026,2026-05-06T20:07:00Z,Chicago White Sox,Los Angeles Angels,0,0,1,0,0.485,0.9,0.6
0x4548b9607067fcb77ede52dd60fd591b9e95b4c2cbe7d3c1fa2b7b3625f4b414,mlb-atl-sea-2026-05-06,2026,2026-05-06T20:10:00Z,Atlanta Braves,Seattle Mariners,0,0,1,0,0.495,0.9,0.435
0x8a75fa3cd05a0cc7256e26022954e88934aad077a1ed39876c74e01f2e64ba68,mlb-bal-mia-2026-05-06,2026,2026-05-06T22:40:00Z,Baltimore Orioles,Miami Marlins,3,3,0,0,0.49,0.9,0.44
0x7f8afd2949051f0142b32408417d8456d9287acdac121894a6e11e82703a786a,mlb-bos-det-2026-05-06,2026,2026-05-06T22:40:00Z,Boston Red Sox,Detroit Tigers,0,0,1,0,0.51,0.9,0.57
0xb3bb9440392ebe415c37affa4af18ac147f868bd609704651966df083506d1db,mlb-oak-phi-2026-05-06,2026,2026-05-06T22:40:00Z,Athletics,Philadelphia Phillies,0,0,1,0,0.52,0.9,0.48
0xcb85d45c77d0004a1a5df5e32f02074a3c7150786bae304357008030def026b2,mlb-min-wsh-2026-05-06,2026,2026-05-06T22:45:00Z,Minnesota Twins,Washington Nationals,0,0,1,0,0.475,0.9,0.455
0x2eb031521b02beb44b7ad0f44c6bdfebb477a13542bae555c4a6fb916fd075a6,mlb-tex-nyy-2026-05-06,2026,2026-05-06T23:05:00Z,Texas Rangers,New York Yankees,1,0,0,0,0.505,0.9,0.55
0x23d7fe736a86bd1600d7676af182c4b0d34b2e92676f54e6026c955a06dde3d1,mlb-cin-chc-2026-05-06,2026,2026-05-06T23:40:00Z,Cincinnati Reds,Chicago Cubs,1,2,0,0,0.535,0.9,0.42
0xe0acc8e8b283370109ba0c7c55a20c80f5b0bac96affb4f4e24c9d5c17e82053,mlb-cle-kc-2026-05-06,2026,2026-05-06T23:40:00Z,Cleveland Guardians,Kansas City Royals,0,0,1,0,0.56,0.9,0.46
0xea81ed49b519bc2a4ff5672a66724cc30031c4aad8edd753d117f6caf2fcd8d2,mlb-nym-col-2026-05-06,2026,2026-05-07T01:20:00Z,New York Mets,Colorado Rockies,1,0,0,0,0.495,0.9,0.505
0xe19964eef04bd42ad0649b54620a74dcbca6cae7bc246f3ff7922cc96ae599a3,mlb-pit-ari-2026-05-06,2026,2026-05-07T01:40:00Z,Pittsburgh Pirates,Arizona Diamondbacks,1,0,0,0,0.545,0.9,0.51
0x74f20df88d4b745143f870d25605119a93ec1e1f10cf3ccc9c00879bfe22149b,mlb-tex-nyy-2026-05-07,2026,2026-05-07T16:35:00Z,Texas Rangers,New York Yankees,0,1,0,0,0.495,0.8,0.52
0xebcb83ed3fd4907a0cfd45fe1c0a2f23a4e62921aaf5dd0b4e77be0e20387391,mlb-min-wsh-2026-05-07,2026,2026-05-07T17:05:00Z,Minnesota Twins,Washington Nationals,0,0,1,0,0.49,0.9,0.485
0x388e346264834e3ebcd369bb244b6def94414b0bbc67133758d67ad8cfa151dc,mlb-cle-kc-2026-05-07,2026,2026-05-07T18:10:00Z,Cleveland Guardians,Kansas City Royals,3,0,0,0,0.475,0.9,0.52
0xf5cc3e36676ffcd9279d5f3d2d1c85531bb63cb485dba90e7d849f78af0419e2,mlb-cin-chc-2026-05-07,2026,2026-05-07T18:20:00Z,Cincinnati Reds,Chicago Cubs,0,0,1,0,0.51,0.9,0.515
0x8dbc27b79d54f7a7c3d9db30e1487e83d96a1585cbe25f9a0eea5be90d5b4786,mlb-nym-col-2026-05-05,2026,2026-05-07T19:10:00Z,New York Mets,Colorado Rockies,0,0,1,0,0.43,0.9,0.49
0xf750a5d077a922645b1da5f6553e121e526630c9c8cea8c964943ffa42087209,mlb-pit-ari-2026-05-07,2026,2026-05-07T19:40:00Z,Pittsburgh Pirates,Arizona Diamondbacks,1,1,0,0,0.495,0.9,0.52
0xd4e526533b50539962960893a9f9cad57450b6c5bcc9ee3b45c5901a852a4972,mlb-bal-mia-2026-05-07,2026,2026-05-07T22:40:00Z,Baltimore Orioles,Miami Marlins,0,2,0,0,0.535,0.9,0.52
0x8aeab6eb8a634b07b72b1556272b99e772a908e68fda52971f268db2d9aa2e7f,mlb-oak-phi-2026-05-07,2026,2026-05-07T22:40:00Z,Athletics,Philadelphia Phillies,4,0,0,0,0.48,0.9,0.48
0xe934d98c9557cdad0fee8e8ac2467f3d926641c6d613b865effa927f9720d452,mlb-tb-bos-2026-05-07,2026,2026-05-07T23:10:00Z,Tampa Bay Rays,Boston Red Sox,0,0,1,0,0.535,0.9,0.52
0x06fa0b97c3de5bdb20adfa1c60b4d3a74b0b10f52412737374f9880305f457e5,mlb-stl-sd-2026-05-07,2026,2026-05-08T02:10:00Z,St. Louis Cardinals,San Diego Padres,0,1,0,0,0.535,0.9,0.505
0x362917db8abf95ac9b6f145dfd887ba1a1ce28829443494eb15bc461a9a1d3c0,mlb-hou-cin-2026-05-08,2026,2026-05-08T22:10:00Z,Houston Astros,Cincinnati Reds,0,0,1,0,0.485,0.9,0.4
0x6fc0f7f5b1a2ee5b96dbf11a6e2497dc2e379d7854944f7a7b14f75542a08246,mlb-col-phi-2026-05-08,2026,2026-05-08T22:40:00Z,Colorado Rockies,Philadelphia Phillies,1,0,0,0,0.56,0.9,0.53
0xd08390c4643a5a406dcde5ddd8308634f58a6e763413d438ca4478db23fcea0a,mlb-oak-bal-2026-05-08,2026,2026-05-08T23:05:00Z,Athletics,Baltimore Orioles,0,0,1,0,0.475,0.9,0.505
0x4c6d7e2d91938867064e4872b95d3c5649c6f6a5f3fd716a69870b40253336d4,mlb-laa-tor-2026-05-08,2026,2026-05-08T23:07:00Z,Los Angeles Angels,Toronto Blue Jays,0,0,1,0,0.56,0.9,0.51
0x89017cf4878562a47135270d95c1a86b90ff91fd7f011ec5345431c027cb14cb,mlb-tb-bos-2026-05-08,2026,2026-05-08T23:10:00Z,Tampa Bay Rays,Boston Red Sox,0,0,1,0,0.505,0.9,0.52
0xebebdfe1ef5520364a5962fbebe410632d4393ecbcd01febb3ed744630f7b02d,mlb-wsh-mia-2026-05-08,2026,2026-05-08T23:10:00Z,Washington Nationals,Miami Marlins,3,2,0,0,0.54,0.9,0.515
0x8619b66c14f60a2ea82a8cbe1552dd77f566de2719b999e4d7927e31f249f73a,mlb-min-cle-2026-05-08,2026,2026-05-08T23:15:00Z,Minnesota Twins,Cleveland Guardians,0,4,0,0,0.56,0.7,0.54
0x6d089cffb473235b2ffa2118d2cdf1454a46121d9059fbbfbffbd50998f8144c,mlb-det-kc-2026-05-08,2026,2026-05-08T23:40:00Z,Detroit Tigers,Kansas City Royals,0,0,1,0,0.525,0.9,0.55
0xc17f2dadb860a7dca6231f510c3e71bf05b87edf81d0d57b339cce92d535f302,mlb-nyy-mil-2026-05-08,2026,2026-05-08T23:40:00Z,New York Yankees,Milwaukee Brewers,0,0,1,0,0.55,0.9,0.535
0x9b45b392cefe9ade64afd096dcc2c3a2a15f81ae6c9bf5430c2a5efb7d265729,mlb-sea-cws-2026-05-08,2026,2026-05-08T23:40:00Z,Seattle Mariners,Chicago White Sox,0,1,0,0,0.53,0.9,0.515
0x84e9abcd3a75d641e380d8d39c2b32465a56c816df69be448eafa1cdc4756275,mlb-chc-tex-2026-05-08,2026,2026-05-09T00:05:00Z,Chicago Cubs,Texas Rangers,1,0,0,0,0.52,0.9,0.515
0x21a4cb6c6a57da900b512f807e6d04385b64d5a14da017c611442a74e212ed2a,mlb-nym-ari-2026-05-08,2026,2026-05-09T01:40:00Z,New York Mets,Arizona Diamondbacks,0,0,1,0,0.525,0.9,0.48
0x687d9949786f12b40f9f37cd75b095b4cec6d51ea041819f40cc7f7a511246d0,mlb-stl-sd-2026-05-08,2026,2026-05-09T01:45:00Z,St. Louis Cardinals,San Diego Padres,0,0,1,0,0.535,0.9,0.545
0x3677596554f3abe7e41b7d9980c0dee754224b92ca24d7d37a006c5baa3006d9,mlb-atl-lad-2026-05-08,2026,2026-05-09T02:10:00Z,Atlanta Braves,Los Angeles Dodgers,0,0,1,0,0.53,0.9,0.53
0x4598fb0e5fd1feb62ec4dc8cb300899a104bb86a55235ad6c14611d757e08295,mlb-pit-sf-2026-05-08,2026,2026-05-09T02:15:00Z,Pittsburgh Pirates,San Francisco Giants,0,0,1,0,0.555,0.9,0.62
0x70f7439f1f94ac2066c8bc7d76689b67d392b0bfd73a0a82def9abf21d68f7e0,mlb-laa-tor-2026-05-09,2026,2026-05-09T19:07:00Z,Los Angeles Angels,Toronto Blue Jays,0,0,1,0,0.525,0.9,0.49
0xf073832b2b96e184c4f2f7f40ed92b219d1f6cbe389ececb39b62d1a54462e7f,mlb-oak-bal-2026-05-09,2026,2026-05-09T20:05:00Z,Athletics,Baltimore Orioles,1,0,0,0,0.48,0.8,0.495
0x163d87b31e44a2bae22c40d016340a3fbd127a3c7c7d04e587391d443f366ff5,mlb-hou-cin-2026-05-09,2026,2026-05-09T20:10:00Z,Houston Astros,Cincinnati Reds,0,0,1,0,0.525,0.9,0.39
0x35ee06e95ba9110be33cec1819cc0e7fef2e9aeaded29acf832ff5f0e9287d30,mlb-wsh-mia-2026-05-09,2026,2026-05-09T20:10:00Z,Washington Nationals,Miami Marlins,3,0,0,0,0.505,0.9,0.515
0x61acbc0ba6939eaf900bef0b2ef794f67e7cef906b88a9f0c205872db011d1ab,mlb-col-phi-2026-05-09,2026,2026-05-09T22:05:00Z,Colorado Rockies,Philadelphia Phillies,0,0,1,0,0.485,0.9,0.59
0xbc6a972a45cddd5238153f14171b058ced7a58f682866cb17be731e9293bd2e3,mlb-min-cle-2026-05-09,2026,2026-05-09T22:10:00Z,Minnesota Twins,Cleveland Guardians,1,0,0,0,0.56,0.8,0.52
0xc06359cde4ee9f73a8b0a5f2ca8106012b5970a72f1cb60054f9cf88385797f2,mlb-chc-tex-2026-05-09,2026,2026-05-09T23:05:00Z,Chicago Cubs,Texas Rangers,0,0,1,0,0.535,0.8,0.475
0x292837fb2eb945f195eb0b8bfa88ca7d98a7ba40e51e648d4baa07957e2c2c8b,mlb-det-kc-2026-05-09,2026,2026-05-09T23:10:00Z,Detroit Tigers,Kansas City Royals,0,2,0,0,0.495,0.9,0.525
0x5784346bc6f234d57320c5df1f3df77cdaac273f19757a8c18ad571546428c42,mlb-nyy-mil-2026-05-09,2026,2026-05-09T23:10:00Z,New York Yankees,Milwaukee Brewers,1,0,0,0,0.555,0.9,0.525
0x3f5185c2d10373e9e2d4d0d4bbe09f7ec81b9e6daad41e52626fb331558ccb41,mlb-sea-cws-2026-05-09,2026,2026-05-09T23:10:00Z,Seattle Mariners,Chicago White Sox,0,2,0,0,0.48,0.9,0.51
0x02961bd3dcd30c46fa2ba946ede2f1971ec415633bfc9789d9c7cdecfe3ef458,mlb-nym-ari-2026-05-09,2026,2026-05-09T23:15:00Z,New York Mets,Arizona Diamondbacks,0,0,1,0,0.47,0.9,0.495
0xcce2b5c4ba119081c799c8ac6f8caa1d27ebaa447510c961f6b7f3246235ea24,mlb-stl-sd-2026-05-09,2026,2026-05-09T23:15:00Z,St. Louis Cardinals,San Diego Padres,0,0,1,0,0.505,0.9,0.44
0x16ada6dc0aa9c650b41d9130f37744b02d4e640bb90bb2921b2ddf1cbfc26222,mlb-pit-sf-2026-05-09,2026,2026-05-10T01:05:00Z,Pittsburgh Pirates,San Francisco Giants,0,0,1,0,0.6,0.9,0.49
0xb3739762cd79bd9640c5fe6d0ca1604d1650c8d9b273d1653c081dfc2218cd08,mlb-atl-lad-2026-05-09,2026,2026-05-10T01:10:00Z,Atlanta Braves,Los Angeles Dodgers,1,0,0,0,0.51,0.9,0.505
0xd5e4cd615efbe8e78d0ae031356891c7b527277c2dc9efe6167974edd80d300b,mlb-wsh-mia-2026-05-10,2026,2026-05-10T16:15:00Z,Washington Nationals,Miami Marlins,0,0,1,0,0.53,0.9,0.495
0x8e7bc868189feffb66dae194506608170b5812904858e569fb717950dc3d2bfb,mlb-col-phi-2026-05-10,2026,2026-05-10T17:35:00Z,Colorado Rockies,Philadelphia Phillies,0,2,0,0,0.52,0.9,0.51
0xf558fa73981a8623b9c94efe13d29ece643d42b2e0087123177d6bc82d4bb20a,mlb-oak-bal-2026-05-10,2026,2026-05-10T17:35:00Z,Athletics,Baltimore Orioles,0,0,1,0,0.46,0.9,0.495
0xdc362c780bacca4692ca0117a4ee143cec861574d2eee61c34133f823830c09c,mlb-tb-bos-2026-05-10,2026,2026-05-10T17:35:00Z,Tampa Bay Rays,Boston Red Sox,1,0,0,0,0.545,0.9,0.61
0x191cd2eedaff52d373ed3a824878162112abdef3654535f23219cc10de5fe666,mlb-laa-tor-2026-05-10,2026,2026-05-10T17:37:00Z,Los Angeles Angels,Toronto Blue Jays,0,1,0,0,0.525,0.9,0.55
0xbbc8d81ed80620c2b2f120422af0aec4f064eade3ee481471ca8bc981a877498,mlb-hou-cin-2026-05-10,2026,2026-05-10T17:40:00Z,Houston Astros,Cincinnati Reds,0,0,1,0,0.5,0.9,0.46
0xdad0087dd060d7dd984e54853b784b50460e369fc707500615bc4c52b3d19834,mlb-min-cle-2026-05-10,2026,2026-05-10T17:40:00Z,Minnesota Twins,Cleveland Guardians,0,0,1,0,0.565,0.9,0.525
0x59b38f0364d9a3fd35c6c29e59d87d308e780d5862293cb44798050479c5642d,mlb-nyy-mil-2026-05-10,2026,2026-05-10T18:10:00Z,New York Yankees,Milwaukee Brewers,1,0,0,0,0.51,0.9,0.515
0xf8859453f9e98b0f821020274c2f510c3445fff47958167580fc451b5b4fbc1b,mlb-sea-cws-2026-05-10,2026,2026-05-10T18:10:00Z,Seattle Mariners,Chicago White Sox,1,0,0,0,0.55,0.9,0.515
0x03ddef758259765968b363c043282085d28b8d361c1ab99f1a45f47f4c4eda68,mlb-chc-tex-2026-05-10,2026,2026-05-10T18:35:00Z,Chicago Cubs,Texas Rangers,0,0,1,0,0.555,0.9,0.535
0x7f1aadc59db325dbfbe2cbe0fa8878dcd2c9b7563ed3823a6ec6b89d3bf7d702,mlb-pit-sf-2026-05-10,2026,2026-05-10T20:05:00Z,Pittsburgh Pirates,San Francisco Giants,1,0,0,0,0.535,0.9,0.475
0x77ff7c6caf5c34f1799285e1efcf4f08e059623da4989bde61cbd57db687f680,mlb-atl-lad-2026-05-10,2026,2026-05-10T20:10:00Z,Atlanta Braves,Los Angeles Dodgers,0,0,1,0,0.485,0.9,0.505
0x989013616bcace3bb78272c3b87b31c05e398f03434ca292341675ec9ce7baff,mlb-nym-ari-2026-05-10,2026,2026-05-10T20:10:00Z,New York Mets,Arizona Diamondbacks,0,0,1,0,0.515,0.9,0.495
0x4daa283f8aefb26f4232718ae4d65b73e3f84e0ed91950143498b2a4f76aa21f,mlb-stl-sd-2026-05-10,2026,2026-05-10T20:10:00Z,St. Louis Cardinals,San Diego Padres,0,0,1,0,0.5,0.9,0.56
0x261829a641045207ce24d5589be7da884b7d110601698747bae7c6121ce4bfb4,mlb-det-kc-2026-05-10,2026,2026-05-10T23:20:00Z,Detroit Tigers,Kansas City Royals,0,0,1,0,0.505,0.6,0.485
0x0c7e72eeeb7efe359da459f1333804fe2ce1894df7088aa378715570d548b2a7,mlb-laa-cle-2026-05-11,2026,2026-05-11T22:10:00Z,Los Angeles Angels,Cleveland Guardians,0,0,1,0,0.55,0.9,0.49
0x2eaec00fab59b5962e9a2d549a8af3e194d56557a865a159520fbfa36cd7fed7,mlb-nyy-bal-2026-05-11,2026,2026-05-11T22:35:00Z,New York Yankees,Baltimore Orioles,0,0,1,0,0.485,0.9,0.48
0x2c8a7a82894aef2e320775c89eebc4ea186568eecbc9e9c5d45cb63909d91904,mlb-tb-tor-2026-05-11,2026,2026-05-11T23:07:00Z,Tampa Bay Rays,Toronto Blue Jays,3,0,0,0,0.57,0.9,0.56
0xe74808f23af6016b469f548b42971cd212c2617b82a2af79cd9587647f1d05a1,mlb-ari-tex-2026-05-11,2026,2026-05-12T00:05:00Z,Arizona Diamondbacks,Texas Rangers,1,0,0,0,0.535,0.9,0.52
0x3f08d898b49fe3e65332eb32565f02a439703df3748be7474d3a47f05cdb73fc,mlb-sea-hou-2026-05-11,2026,2026-05-12T00:10:00Z,Seattle Mariners,Houston Astros,0,0,1,0,0.52,0.9,0.515
0x88a43757673c9ef4acfefbcfa498b7bca11f5b5bcda65e4d627b26ef01b21720,mlb-sf-lad-2026-05-11,2026,2026-05-12T02:10:00Z,San Francisco Giants,Los Angeles Dodgers,0,0,1,0,0.5,0.9,0.475
0x5fda82c08fe373f4f8a24c80f853bae6b29c0656c55d018ab114c5830acca695,mlb-laa-cle-2026-05-12,2026,2026-05-12T22:10:00Z,Los Angeles Angels,Cleveland Guardians,0,0,1,0,0.535,0.9,0.515
0x1064033ca2b61d7158a8df7147001333ef94cb6f8e579a90635c438811d13044,mlb-nyy-bal-2026-05-12,2026,2026-05-12T22:35:00Z,New York Yankees,Baltimore Orioles,1,0,0,0,0.51,0.7,0.43
0x0355f4a41b120f2a571846080af4c7ac2ae810e9b60f50bd1f363e2bf294e258,mlb-col-pit-2026-05-12,2026,2026-05-12T22:40:00Z,Colorado Rockies,Pittsburgh Pirates,0,1,0,0,0.575,0.9,0.495
0x322e145698247e3c65e903dbda9bf913ec5e27adcd11ea9590d8d8527ebc8d0a,mlb-wsh-cin-2026-05-12,2026,2026-05-12T22:40:00Z,Washington Nationals,Cincinnati Reds,0,0,1,0,0.47,0.9,0.485
0xc1fd7af9e82c29f68c27ecb326232966fea9f29fe60041b86c181ba0c39e51b8,mlb-phi-bos-2026-05-12,2026,2026-05-12T22:45:00Z,Philadelphia Phillies,Boston Red Sox,1,0,0,0,0.545,0.8,0.485
0x0444d0008526eedf60accc8a8bf09997ccfa34ad1b6d71e10470d8e8b4b9a47a,mlb-tb-tor-2026-05-12,2026,2026-05-12T23:07:00Z,Tampa Bay Rays,Toronto Blue Jays,1,0,0,0,0.54,0.9,0.52
0x158eb8f0a0a597e4ac79400da6d5f5c5190581eb502067a81114cd8f4e4373b4,mlb-det-nym-2026-05-12,2026,2026-05-12T23:10:00Z,Detroit Tigers,New York Mets,0,0,1,0,0.555,0.8,0.55
0x82be566867dec10ad6f61a33f56dcb45392d7312cff227018434ca34ef05523f,mlb-chc-atl-2026-05-12,2026,2026-05-12T23:15:00Z,Chicago Cubs,Atlanta Braves,0,0,1,0,0.505,0.9,0.47
0x064435355ac2cfb39712ed43c6173514e9e361c3c23daa351c81a055e473d1b1,mlb-kc-cws-2026-05-12,2026,2026-05-12T23:40:00Z,Kansas City Royals,Chicago White Sox,2,0,0,0,0.465,0.9,0.505
0xa19901c1da0f581496914bf9d275263ff7b02c45310ae6f6c924481970b6866f,mlb-mia-min-2026-05-12,2026,2026-05-12T23:40:00Z,Miami Marlins,Minnesota Twins,0,0,1,0,0.495,0.9,0.515
0x6154cefc7ab6b8589e137d0ec57acc3be082eb3c443031e7af92cd608670c53a,mlb-sd-mil-2026-05-12,2026,2026-05-12T23:40:00Z,San Diego Padres,Milwaukee Brewers,0,0,1,0,0.505,0.9,0.49
0x632e3fcd6a92508adddfc21706fe3a78a7fa1eb4726e5521d9af9764914fec1d,mlb-ari-tex-2026-05-12,2026,2026-05-13T00:05:00Z,Arizona Diamondbacks,Texas Rangers,0,1,0,0,0.525,0.9,0.515
0x672dbaf75bc37b1074e8906240f5b8eebe39b3d9174288810ab4daf4b956b477,mlb-sea-hou-2026-05-12,2026,2026-05-13T00:10:00Z,Seattle Mariners,Houston Astros,0,0,1,0,0.515,0.9,0.52
0x85393661e9139505eb0977da0b4922ca869f5ef24b217d5e2445aa7c74f9a1d0,mlb-stl-oak-2026-05-12,2026,2026-05-13T01:40:00Z,St. Louis Cardinals,Athletics,4,0,0,0,0.45,0.9,0.425
0x2887753b089685cc512b032220fd6db2f4a27a5c4cd70fd720cb9057bffdb4d4,mlb-sf-lad-2026-05-12,2026,2026-05-13T02:10:00Z,San Francisco Giants,Los Angeles Dodgers,0,1,0,0,0.505,0.9,0.49
0xced0128799a84a864555ad43733cc1f85034a24e27f58b5412e8fe95f8554543,mlb-nyy-bal-2026-05-13,2026,2026-05-13T17:05:00Z,New York Yankees,Baltimore Orioles,0,0,1,0,0.525,0.8,0.53
0xfd590e27cd15753fa1ff28e8a7d8257be50272261879d64a679887feccc85bdf,mlb-laa-cle-2026-05-13,2026,2026-05-13T17:10:00Z,Los Angeles Angels,Cleveland Guardians,0,2,0,0,0.59,0.9,0.61
0x3cfc030dcbaa07a90ffd3a8ddec3f99f7aed370239d9c10db04936880dc32a2e,mlb-col-pit-2026-05-13,2026,2026-05-13T22:40:00Z,Colorado Rockies,Pittsburgh Pirates,0,0,1,0,0.52,0.9,0.5
0x5e4dda8d577953489bcea0216577046c0eba5c6ca46520763a5e62eef9b8cd8d,mlb-wsh-cin-2026-05-13,2026,2026-05-13T22:40:00Z,Washington Nationals,Cincinnati Reds,0,5,0,0,0.495,0.9,0.48
0xcffc274b1c9aa6d2dd1a3c617f312678598c4f9697748b29c4a7a3ff6836276d,mlb-phi-bos-2026-05-13,2026,2026-05-13T22:45:00Z,Philadelphia Phillies,Boston Red Sox,0,0,1,0,0.495,0.9,0.48
0xa711df687dc4b4ec12f35f541e5b3ca9a9fa28779e967e32f32fab0b20411c51,mlb-tb-tor-2026-05-13,2026,2026-05-13T23:07:00Z,Tampa Bay Rays,Toronto Blue Jays,0,0,1,0,0.575,0.9,0.55
0x2a7d16b82343d62f2c57318dc976e963f2c7983474e2865fc63fc9010cf409ef,mlb-det-nym-2026-05-13,2026,2026-05-13T23:10:00Z,Detroit Tigers,New York Mets,2,0,0,0,0.53,0.9,0.5
0xb9eb28dd9ebcf0678d83de90bc3a75578962f5d7a19d046705811d34bfffae8c,mlb-chc-atl-2026-05-13,2026,2026-05-13T23:15:00Z,Chicago Cubs,Atlanta Braves,0,0,1,0,0.535,0.9,0.475
0x82e49878dedff469a3f3ec181b0ae9c23b9f24e5a17cc32addb8c2727968a2e7,mlb-kc-cws-2026-05-13,2026,2026-05-13T23:40:00Z,Kansas City Royals,Chicago White Sox,0,0,1,0,0.535,0.8,0.6
0xb8444f5f3b0a732c8911a1c73c7bf0d93a94417e00de731cfe04149d13f232ba,mlb-mia-min-2026-05-13,2026,2026-05-13T23:40:00Z,Miami Marlins,Minnesota Twins,2,1,0,0,0.525,0.8,0.49
0x2e037d19ca4486b6cf31dafe6d34008c444d708fcbc12bf206f61a334d70f82d,mlb-sd-mil-2026-05-13,2026,2026-05-13T23:40:00Z,San Diego Padres,Milwaukee Brewers,0,0,1,0,0.605,0.8,0.54
0xa9f74be8eeddbc1490367a4e62d007a62078177fa5b79d19ad420249c1ffce42,mlb-ari-tex-2026-05-13,2026,2026-05-14T00:05:00Z,Arizona Diamondbacks,Texas Rangers,0,0,1,0,0.505,0.6,0.52
0xa7fb72e2b98bc4e192d072621e87419a90747da60cec3308f7c2de253e922d88,mlb-sea-hou-2026-05-13,2026,2026-05-14T00:10:00Z,Seattle Mariners,Houston Astros,1,0,0,0,0.485,0.9,0.47
0xa3c55087dfe6c8f11363e688149cfb5903638e8cb2b6d941f4a6c8857f1569b9,mlb-stl-oak-2026-05-13,2026,2026-05-14T01:40:00Z,St. Louis Cardinals,Athletics,0,0,1,0,0.435,0.9,0.48
0xea5ea2b0bb2a2b85e1b9263f6b3e5484b5bc670ccb5bcd214e4eb8e20947d999,mlb-sf-lad-2026-05-13,2026,2026-05-14T02:10:00Z,San Francisco Giants,Los Angeles Dodgers,0,0,1,0,0.585,0.9,0.485
0x25ba6f7ac5085a3ce9a60e725e9310e1c9d05eb85509f7daaaffe32eefa5b695,mlb-col-pit-2026-05-14,2026,2026-05-14T16:35:00Z,Colorado Rockies,Pittsburgh Pirates,0,3,0,0,0.58,0.9,0.515
0xb5421f7fb3e710687743618e992c170525457fddc7a01252d26dad041f7b31d5,mlb-wsh-cin-2026-05-14,2026,2026-05-14T16:40:00Z,Washington Nationals,Cincinnati Reds,0,0,1,0,0.575,0.9,0.49
0x1229da9c088fdd49349cc84ec225dd47fec1b7888969c8324f21f7fb1d08d52e,mlb-det-nym-2026-05-14,2026,2026-05-14T17:10:00Z,Detroit Tigers,New York Mets,3,0,0,0,0.595,0.9,0.525
0x47d4f11761e1b3e56e2a62d380afd3b8b25bc2e586ec7154fda435525b4c04a4,mlb-mia-min-2026-05-14,2026,2026-05-14T17:40:00Z,Miami Marlins,Minnesota Twins,0,0,1,0,0.5,0.8,0.495
0x84473c00f254009b0294e1e01e03ad4c4eafaf15b50440eace9dbb790328959d,mlb-sd-mil-2026-05-14,2026,2026-05-14T17:40:00Z,San Diego Padres,Milwaukee Brewers,0,3,0,0,0.515,0.8,0.515
0x6937683d537c664b50f53898741d566e8c302763045f1be79ab1c2cd3c1d7a1d,mlb-sea-hou-2026-05-14,2026,2026-05-14T18:10:00Z,Seattle Mariners,Houston Astros,3,0,0,0,0.48,0.9,0.5
0x8b029769355c483710b8d63efbf26285378b18ea98e721cddff5900bb591b3b7,mlb-stl-oak-2026-05-14,2026,2026-05-14T19:05:00Z,St. Louis Cardinals,Athletics,0,1,0,0,0.46,0.9,0.495
0x52b9a87b8f083f111ae38b627cf34b322358f3eed4c3b5239f553d66bc72cd9d,mlb-phi-bos-2026-05-14,2026,2026-05-14T22:45:00Z,Philadelphia Phillies,Boston Red Sox,0,0,1,0,0.59,0.9,0.455
0x93a1e477deb0c6fdf9816258d3df2f5439d52c11b66c42b4f34490b5f6ef7429,mlb-chc-atl-2026-05-14,2026,2026-05-14T23:15:00Z,Chicago Cubs,Atlanta Braves,0,0,1,0,0.575,0.9,0.55
0x44a55cc8b680f5e092a6d8d254ce2d28dc587b8a900393febb0ce9d378c4f676,mlb-kc-cws-2026-05-14,2026,2026-05-14T23:40:00Z,Kansas City Royals,Chicago White Sox,1,2,0,0,0.585,0.9,0.525
0x692ed93c52b57c1428835b704151dd0015151c5e3f8ed59d529f9cc5865d5e34,mlb-sf-lad-2026-05-14,2026,2026-05-15T02:10:00Z,San Francisco Giants,Los Angeles Dodgers,0,1,0,0,0.595,0.9,0.525
0x0a29020c4adbdc916107525030f733caaa8c27c4b9f61ff1110c6677e0790ee1,mlb-phi-pit-2026-05-15,2026,2026-05-15T22:40:00Z,Philadelphia Phillies,Pittsburgh Pirates,0,0,1,0,0.545,0.9,0.515
0x03bb98725e9f57894999874a8753fe9aec2d362fe14fd2767a34a38f00c94e3d,mlb-bal-wsh-2026-05-15,2026,2026-05-15T22:45:00Z,Baltimore Orioles,Washington Nationals,0,0,1,0,0.46,0.9,0.53
0x1b42b84a6c5ef2da649614e109d5d593938055bce4e1f21e7d83e952e12dcf4c,mlb-tor-det-2026-05-15,2026,2026-05-15T22:45:00Z,Toronto Blue Jays,Detroit Tigers,0,0,1,0,0.545,0.9,0.52
0x6141f9e63b334c3e3db5e6a454298bc1dcddbbedcf682de1af6cd585905baa86,mlb-cin-cle-2026-05-15,2026,2026-05-15T23:10:00Z,Cincinnati Reds,Cleveland Guardians,0,0,1,0,0.54,0.9,0.535
0xafea5feaf90b1a2d7f76ed99f46cd7ea594f8cef903796528c2ef19bba8bdc4d,mlb-mia-tb-2026-05-15,2026,2026-05-15T23:10:00Z,Miami Marlins,Tampa Bay Rays,0,2,0,0,0.545,0.9,0.525
0xfc4adeb7470127a304b27505ca0571a28164c8866042a8a2e1064c5fbf4e5f1a,mlb-mil-min-2026-05-15,2026,2026-05-15T23:10:00Z,Milwaukee Brewers,Minnesota Twins,1,0,0,0,0.515,0.9,0.52
0xaa5a91baf639ced30085ace97672dde8db363f3103a23a549823137a0a9f7b77,mlb-bos-atl-2026-05-15,2026,2026-05-15T23:15:00Z,Boston Red Sox,Atlanta Braves,0,1,0,0,0.535,0.9,0.515
0xd6bff8810e67f3e79f6ee1eba9891d2b5cad8ca571c1dbfd18101fe5acbbb67a,mlb-nyy-nym-2026-05-15,2026,2026-05-15T23:15:00Z,New York Yankees,New York Mets,0,0,1,0,0.58,0.9,0.525
0x5f99681e0c05d221986f8e24aa1dc02c535cdde647284b712bed1f8bdc5fc523,mlb-chc-cws-2026-05-15,2026,2026-05-15T23:40:00Z,Chicago Cubs,Chicago White Sox,1,0,0,0,0.55,0.9,0.53
0x5fd9d6614108465edce0ad40d0f1fab04a55a6f2c7488cb6fcc9122a66304500,mlb-tex-hou-2026-05-15,2026,2026-05-16T00:10:00Z,Texas Rangers,Houston Astros,0,0,1,0,0.52,0.9,0.505
0xb096d2a8ae4c473a794483e30b0e1c6352a021d29bf5a86331d5b44377ec288a,mlb-kc-stl-2026-05-15,2026,2026-05-16T00:15:00Z,Kansas City Royals,St. Louis Cardinals,0,0,1,0,0.505,0.8,0.505
0xc5988a4e916ec7b369a9a6e469e8c235dcca3749c46ef6e9cb1b630cf2f08020,mlb-ari-col-2026-05-15,2026,2026-05-16T00:40:00Z,Arizona Diamondbacks,Colorado Rockies,6,1,0,0,0.41,0.9,0.42
0x537bc80df64893a434d77f47279f2f57178d59b18f31bdf85c5e0740036c1872,mlb-lad-laa-2026-05-15,2026,2026-05-16T01:38:00Z,Los Angeles Dodgers,Los Angeles Angels,0,0,1,0,0.495,0.9,0.5
0x22fa94b44139e3226a62ad545d56f58f8c063c3455643a104105bfe5e59caee4,mlb-sd-sea-2026-05-15,2026,2026-05-16T01:40:00Z,San Diego Padres,Seattle Mariners,0,0,1,0,0.55,0.9,0.525
0x7cd910b19f6b95cf4fef83326c0de55b8fe277f40308f88faca91b7ca68d0e49,mlb-sf-oak-2026-05-15,2026,2026-05-16T01:40:00Z,San Francisco Giants,Athletics,0,0,1,0,0.465,0.9,0.485
0x54519301ad0075b54e8c1dfa1f9edb4fa7c0bb2048e682a380476b7c872e6987,mlb-tor-det-2026-05-16,2026,2026-05-16T17:10:00Z,Toronto Blue Jays,Detroit Tigers,0,0,1,0,0.565,0.9,0.615
0x961e35375b80b9917073530ca020d67a579826b965c549fb99b3427b87b90f1f,mlb-kc-stl-2026-05-16,2026,2026-05-16T18:15:00Z,Kansas City Royals,St. Louis Cardinals,0,1,0,0,0.495,0.9,0.51
0x2a3106ffc26132c006ef1b287479dabc86b05f9632fac90fc63f81f3ec7584c8,mlb-ari-col-2026-05-16,2026,2026-05-16T19:10:00Z,Arizona Diamondbacks,Colorado Rockies,0,2,0,0,0.42,0.9,0.49
0x56572f33a90cd98323c698c6a0f195f0f8fbfbf17a9d28b6e576e04bea6509c6,mlb-bal-wsh-2026-05-16,2026,2026-05-16T20:05:00Z,Baltimore Orioles,Washington Nationals,0,0,1,0,0.455,0.8,0.515
0xa70fff125afb4ab9c8d5c2187ba15a2dfd0b19167a3dedad9084651e919e7bb3,mlb-phi-pit-2026-05-16,2026,2026-05-16T20:05:00Z,Philadelphia Phillies,Pittsburgh Pirates,3,0,0,0,0.545,0.8,0.515
0x5b1663d74e4f6cfe0d5d148da00e46cdbd84f959b7cf48746f932e010c285b10,mlb-mia-tb-2026-05-16,2026,2026-05-16T20:10:00Z,Miami Marlins,Tampa Bay Rays,0,0,1,0,0.545,0.9,0.51
0x9e302a26c16401c6aeca2e36fcecfab396ce0e16fc4be5ddd32ee056d6c3c36b,mlb-cin-cle-2026-05-16,2026,2026-05-16T22:10:00Z,Cincinnati Reds,Cleveland Guardians,0,0,1,0,0.52,0.9,0.44
0x634b1202e0eb26b7f630523ce401743da695713a5047653c43c63b8bbd5f15fc,mlb-chc-cws-2026-05-16,2026,2026-05-16T23:10:00Z,Chicago Cubs,Chicago White Sox,0,3,0,0,0.525,0.9,0.53
0x6041d7ffa86aa6c818090d3f3224f3ce07a4ff065c16c56fd7351a8a2105085c,mlb-mil-min-2026-05-16,2026,2026-05-16T23:10:00Z,Milwaukee Brewers,Minnesota Twins,0,0,1,0,0.515,0.9,0.61
0xcad45ae8af7ce40a9e29979978221ce09122ea225cc47daa1e8ae5255e39ff9f,mlb-tex-hou-2026-05-16,2026,2026-05-16T23:10:00Z,Texas Rangers,Houston Astros,0,2,0,0,0.54,0.9,0.485
0xb8bd2a345562c3aa02aab6997e60cee2fbc5662b5252c078e1ce6a1971ab79b2,mlb-bos-atl-2026-05-16,2026,2026-05-16T23:15:00Z,Boston Red Sox,Atlanta Braves,0,1,0,0,0.565,0.9,0.48
0xfde4fb713826d4ecdd713b75ba441599520756317671c01041cace961099a949,mlb-nyy-nym-2026-05-16,2026,2026-05-16T23:15:00Z,New York Yankees,New York Mets,0,0,1,0,0.525,0.9,0.515
0xa6081cb54a6cce644104024972a3bc0791e9307d776f6d6fdc75e42f3488cbd0,mlb-sd-sea-2026-05-16,2026,2026-05-16T23:15:00Z,San Diego Padres,Seattle Mariners,0,0,1,0,0.555,0.9,0.545
0xa90059a7cbead146d6f68345bec097febbcdaa8ea914a86b3ed78aa7d9be468d,mlb-lad-laa-2026-05-16,2026,2026-05-17T01:38:00Z,Los Angeles Dodgers,Los Angeles Angels,1,0,0,0,0.53,0.9,0.52
0x9e8f8af49b152c451b1d56fed2d18809b8c381dbdb540c673a07ade07b2cb588,mlb-sf-oak-2026-05-16,2026,2026-05-17T01:40:00Z,San Francisco Giants,Athletics,1,0,0,0,0.47,0.7,0.515
0x2fecfb497fd2d8a10aedd422d6fe6301065bf6d564c467b1f6d997f4ab1ef461,mlb-mia-tb-2026-05-17,2026,2026-05-17T16:15:00Z,Miami Marlins,Tampa Bay Rays,0,1,0,0,0.575,0.8,0.515
0xe520696a295b9ea6d1d21f3e0f0c83340a66d9d9ff19326e93725e555460a99d,mlb-bal-wsh-2026-05-17,2026,2026-05-17T17:35:00Z,Baltimore Orioles,Washington Nationals,1,0,0,0,0.45,0.9,0.445
0x4c7021b5a70965642fe95be3ca6454a3e5e054957b20a4eac8c7b8782d36ea51,mlb-phi-pit-2026-05-17,2026,2026-05-17T17:35:00Z,Philadelphia Phillies,Pittsburgh Pirates,0,0,1,0,0.605,0.9,0.49
0x95d2a29035ec2bf6c09fd1c3a61b35d84d38af6e456a390fd1be18a0d80a6295,mlb-nyy-nym-2026-05-17,2026,2026-05-17T17:40:00Z,New York Yankees,New York Mets,0,0,1,0,0.505,0.9,0.5
0x97104eb9e9168449973709d657460f2fee61e1d55442b88ad4b1fec945d2d5b0,mlb-tor-det-2026-05-17,2026,2026-05-17T17:40:00Z,Toronto Blue Jays,Detroit Tigers,2,0,0,0,0.555,0.9,0.475
0xfbd1c149b591519d34b26e805ce95b7f86effbe4033d11275569bbdc9db7e413,mlb-chc-cws-2026-05-17,2026,2026-05-17T18:10:00Z,Chicago Cubs,Chicago White Sox,3,0,0,0,0.505,0.9,0.44
0x3449fffaebcd03b17a67e6ad4bc05799cb951c5e9c8308f9b81bbf261a3dccb0,mlb-tex-hou-2026-05-17,2026,2026-05-17T18:10:00Z,Texas Rangers,Houston Astros,0,0,1,0,0.51,0.9,0.535
0x616fc43393d3a356b090497950679333083ed44221de7019da9a3ef1026e82e0,mlb-ari-col-2026-05-17,2026,2026-05-17T19:10:00Z,Arizona Diamondbacks,Colorado Rockies,0,0,1,0,0.44,0.9,0.405
0x0ded060c0e16398afdd11ddf3686bca84bc7ca65b5633e19d23cd47a00c20aa4,mlb-lad-laa-2026-05-17,2026,2026-05-17T20:07:00Z,Los Angeles Dodgers,Los Angeles Angels,0,0,1,0,0.48,0.9,0.415
0xec36e543ffb9ea67474581c8e19c3ca34cade3a938f9ec67fbc8f4f11c78e966,mlb-sd-sea-2026-05-17,2026,2026-05-17T23:20:00Z,San Diego Padres,Seattle Mariners,1,0,0,0,0.54,0.8,0.465
0x78ce8562e9eeff1902c7e0c2ae2fb2591081675492f5048cdd183d068d2f1b2b,mlb-atl-mia-2026-05-18,2026,2026-05-18T22:40:00Z,Atlanta Braves,Miami Marlins,0,0,1,0,0.525,0.9,0.5
0x2337ab112eaa3944886c4b504282dcf348c422b3fc14c4c12d396f58dfc169c8,mlb-bal-tb-2026-05-18,2026,2026-05-18T22:40:00Z,Baltimore Orioles,Tampa Bay Rays,0,1,0,0,0.55,0.9,0.525
0xae720cd8cd8f3025f572b900f5d99e7cff695c870b5ee3a05daf5a9e241e73f3,mlb-cin-phi-2026-05-18,2026,2026-05-18T22:40:00Z,Cincinnati Reds,Philadelphia Phillies,0,2,0,0,0.465,0.9,0.475
0x107ab1a31d26d6c22f797bedb1b8a7fa39fc133cb69bc54315eec0a29658815b,mlb-cle-det-2026-05-18,2026,2026-05-18T22:40:00Z,Cleveland Guardians,Detroit Tigers,0,1,0,0,0.52,0.9,0.525
0x6a44994da7dda88cf96542510bf73a485b1a6260652c0fde61d2b093aeae3fef,mlb-nym-wsh-2026-05-18,2026,2026-05-18T22:45:00Z,New York Mets,Washington Nationals,0,0,1,0,0.45,0.9,0.48
0xc5ef0276c18f5f63c9341acb9d5b115ff6dba1d870d9b33587954c18c5c31700,mlb-tor-nyy-2026-05-18,2026,2026-05-18T23:05:00Z,Toronto Blue Jays,New York Yankees,0,1,0,0,0.475,0.9,0.49
0xab50439973a5160cf2b1bb4e12a8c4169d1cd61746850f92743ed7d95f934fb4,mlb-bos-kc-2026-05-18,2026,2026-05-18T23:40:00Z,Boston Red Sox,Kansas City Royals,0,0,1,0,0.48,0.9,0.49
0xec2a07a5f608a0a6d33ae4c0dc3c634f519f95ebe24967c70bda67b565af3c83,mlb-hou-min-2026-05-18,2026,2026-05-18T23:40:00Z,Houston Astros,Minnesota Twins,0,0,1,0,0.465,0.9,0.47
0xb1911fd800e69f1730c4651209ede65da25cb9556ec8864108501d5fc7eec18b,mlb-mil-chc-2026-05-18,2026,2026-05-18T23:40:00Z,Milwaukee Brewers,Chicago Cubs,0,0,1,0,0.45,0.9,0.465
0x2ea8ae96b308a13857ddc557bf47ee76aceaab601c05dcce3ed9275f9c6d5fe6,mlb-tex-col-2026-05-18,2026,2026-05-19T00:40:00Z,Texas Rangers,Colorado Rockies,0,2,0,0,0.515,0.9,0.49
0x095fe505fff3b7f2e0a3d93e107d4f94e8910bc16cf84618052e48df0d16f30c,mlb-oak-laa-2026-05-18,2026,2026-05-19T01:38:00Z,Athletics,Los Angeles Angels,0,0,1,0,0.51,0.9,0.5
0xe5f46fc9bbadfa12f74b9f186a1666ac119f5e1e7b36a7f446cf8ae4b20639f7,mlb-cws-sea-2026-05-18,2026,2026-05-19T01:40:00Z,Chicago White Sox,Seattle Mariners,0,1,0,0,0.555,0.9,0.55
0x0afd252dd6f91e4b147e97d05b44cbf20dc9f1f88c5bd08e661467ca9e45299a,mlb-lad-sd-2026-05-18,2026,2026-05-19T01:40:00Z,Los Angeles Dodgers,San Diego Padres,0,1,0,0,0.56,0.9,0.525
0x7a29ba091f89ceab76dbd6c28d8f2c547d6d7f768f4d1ce6208847bda0e17749,mlb-atl-mia-2026-05-19,2026,2026-05-19T20:10:00Z,Atlanta Braves,Miami Marlins,2,3,0,0,0.52,0.9,0.51
0xf14b03aac5b33d5452deacb75525cc19d81cd36a3a98e1db36ccc11a4cde0af3,mlb-bal-tb-2026-05-19,2026,2026-05-19T22:40:00Z,Baltimore Orioles,Tampa Bay Rays,1,1,0,0,0.545,0.9,0.535
0x518a5ea5607012f7665e3c78d49f7087fcb14d56b5bc5c8bcb83e20c3e81135b,mlb-cin-phi-2026-05-19,2026,2026-05-19T22:40:00Z,Cincinnati Reds,Philadelphia Phillies,0,0,1,0,0.53,0.9,0.495
0x0fe43e962ad9df1cea7b6618d1c1923280eb6bd1c3e4e1dbea592dc62db5d352,mlb-cle-det-2026-05-19,2026,2026-05-19T22:40:00Z,Cleveland Guardians,Detroit Tigers,0,0,1,0,0.55,0.9,0.535
0xb18f9f9de83237da962ab06eb971b9202854fea48a7cb6a4a3feab9de9c2a168,mlb-nym-wsh-2026-05-19,2026,2026-05-19T22:45:00Z,New York Mets,Washington Nationals,3,0,0,0,0.495,0.9,0.5
0x11695a31f5f2630cd72987a79f848c9b8a8e4737860203dd7e5103106caf32e0,mlb-bos-kc-2026-05-19,2026,2026-05-19T23:40:00Z,Boston Red Sox,Kansas City Royals,1,1,0,0,0.53,0.9,0.535
0xfb8da624a4aba9e8e83a82b94b49422eb8fc4d7bbac0b4a0a5186b6c7bacb856,mlb-hou-min-2026-05-19,2026,2026-05-19T23:40:00Z,Houston Astros,Minnesota Twins,2,0,0,0,0.5,0.9,0.49
0xa3e049860a1ec4419e8f1019664b291376a04dbe89d63c304ba807c0c9b64592,mlb-mil-chc-2026-05-19,2026,2026-05-19T23:40:00Z,Milwaukee Brewers,Chicago Cubs,1,0,0,0,0.57,0.9,0.555
0x2104805d4800ba84a09262a3458c6cd36879588fc8f21f2c5fa2f83658d21999,mlb-pit-stl-2026-05-19,2026,2026-05-19T23:45:00Z,Pittsburgh Pirates,St. Louis Cardinals,0,0,1,0,0.525,0.9,0.525
0x667172dfd2d4117ae5a947f62babc585cf5e1a48b679d399e97d8106c93d2eed,mlb-oak-laa-2026-05-19,2026,2026-05-20T01:38:00Z,Athletics,Los Angeles Angels,0,0,1,0,0.49,0.9,0.49
0xcd584c1c36cb7dca11dcfb0a99c66670c142e37775d3fde8c91f75b128656b23,mlb-cws-sea-2026-05-19,2026,2026-05-20T01:40:00Z,Chicago White Sox,Seattle Mariners,0,1,0,0,0.505,0.7,0.515
0xf304b5ca9d0fd82f163f6ab564a816c616cc3c7d678ac0c50272dab0f37dc0f9,mlb-lad-sd-2026-05-19,2026,2026-05-20T01:40:00Z,Los Angeles Dodgers,San Diego Padres,2,2,0,0,0.505,0.7,0.49
0xdcf4fbb2c46d01e4a081958150738c575399cbba2bb647d43da0e544ddbf6859,mlb-sf-ari-2026-05-19,2026,2026-05-20T01:40:00Z,San Francisco Giants,Arizona Diamondbacks,0,1,0,0,0.535,0.7,0.52
0x1e1939ada256f6e755ae211ff4024a71b3633da08705bf05c76e278996a96c50,mlb-cin-phi-2026-05-20,2026,2026-05-20T17:05:00Z,Cincinnati Reds,Philadelphia Phillies,0,1,0,0,0.46,0.9,0.525
0xc5c87ac44546bc96ffa383ac2d0c63dc3a6ea7a6f613f586e47e83fbef63371d,mlb-bal-tb-2026-05-20,2026,2026-05-20T17:10:00Z,Baltimore Orioles,Tampa Bay Rays,0,0,1,0,0.51,0.9,0.545
0xe2032cc4c9d2c1e8e52dbbfdcc6f6efc9326cc5f3400d550eb7ca78e1c178a92,mlb-hou-min-2026-05-20,2026,2026-05-20T17:40:00Z,Houston Astros,Minnesota Twins,0,0,1,0,0.555,0.9,0.525
0x4ebcf37ba03d9305f4ead06364faa3a7aa249d458d57e7123db78ff505d57344,mlb-tex-col-2026-05-20,2026,2026-05-20T19:10:00Z,Texas Rangers,Colorado Rockies,0,1,0,0,0.465,0.9,0.49
0x070db8c1e7da7b31719b8078f0cdd26240f93a92c83a910d30cb38d2c768229f,mlb-sf-ari-2026-05-20,2026,2026-05-20T19:40:00Z,San Francisco Giants,Arizona Diamondbacks,1,1,0,0,0.505,0.9,0.54
0x90e7eef329c8ad4e7f47fd4421dd7aa489572a7bb8d3cf979bec72517aa061b1,mlb-cws-sea-2026-05-20,2026,2026-05-20T20:10:00Z,Chicago White Sox,Seattle Mariners,0,0,1,0,0.535,0.9,0.535
0x16045242709f79c41c078372c2070e9c24cace542d8c744330ea1443bb0f04f1,mlb-atl-mia-2026-05-20,2026,2026-05-20T22:40:00Z,Atlanta Braves,Miami Marlins,0,1,0,0,0.575,0.9,0.53
0xe502ca69bbac285d43bfc42033ae27e0fa797f35cea74498580d6ca65c36f6f0,mlb-cle-det-2026-05-20,2026,2026-05-20T22:40:00Z,Cleveland Guardians,Detroit Tigers,0,0,1,0,0.535,0.9,0.64
0x4da1dd4dd317b158285b9a90df3d48084187ca5e15e76a2d94a4e54ea312c15d,mlb-nym-wsh-2026-05-20,2026,2026-05-20T22:45:00Z,New York Mets,Washington Nationals,0,3,0,0,0.445,0.9,0.44
0x01572099ea3ca6d56463fa984ce871bf817eb78325e239ea7b8d92b74b66b364,mlb-tor-nyy-2026-05-20,2026,2026-05-20T23:05:00Z,Toronto Blue Jays,New York Yankees,0,0,1,0,0.56,0.9,0.54
0xaf1abd2eea0149e901b83a5c5a367f4fd8f73d7721d6e091e8fcdf8347be52eb,mlb-bos-kc-2026-05-20,2026,2026-05-20T23:40:00Z,Boston Red Sox,Kansas City Royals,0,1,0,0,0.555,0.9,0.5
0xb946d847d3f821adbf6c8ae974064152593d66e53439577eeb8c2d3d3c7d3ea1,mlb-mil-chc-2026-05-20,2026,2026-05-20T23:40:00Z,Milwaukee Brewers,Chicago Cubs,0,0,1,0,0.585,0.9,0.6
0x4983ba1cbd98a278ce0d28ba268ad62960d35dbf07a7c19f9090c363f7e2a022,mlb-pit-stl-2026-05-20,2026,2026-05-20T23:45:00Z,Pittsburgh Pirates,St. Louis Cardinals,0,0,1,0,0.535,0.9,0.52
0x1e012e92548a8764262eaae54705a522b45cf374669d190faba25c73ce48f2f8,mlb-lad-sd-2026-05-20,2026,2026-05-21T00:40:00Z,Los Angeles Dodgers,San Diego Padres,1,0,0,0,0.575,0.9,0.54
0x64633ff40576efe39b77ab4f6263accd6fab0b90c4abe0829aa7acf8fb2e6772,mlb-oak-laa-2026-05-20,2026,2026-05-21T01:38:00Z,Athletics,Los Angeles Angels,2,2,0,0,0.445,0.9,0.485
0x2859e61bb80461f566f880ab3a363f4805e99a9bca4c60751e1c53add366325b,mlb-cle-det-2026-05-21,2026,2026-05-21T17:10:00Z,Cleveland Guardians,Detroit Tigers,0,0,1,0,0.605,0.9,0.565
0x1c698c773f370d31c864e996ec622ce4dcf75d048c0e8b9a53efc13e26a9aa4d,mlb-pit-stl-2026-05-21,2026,2026-05-21T17:15:00Z,Pittsburgh Pirates,St. Louis Cardinals,1,0,0,0,0.57,0.9,0.57
0x94cad8c6f9981b03f3d6de8d7a8501214c68de9904f24756a57a6635e25dedb0,mlb-nym-wsh-2026-05-21,2026,2026-05-21T20:05:00Z,New York Mets,Washington Nationals,0,0,1,0,0.54,0.9,0.535
0x71c5ba1d70484048d7572a6926407c079591b6e6679803e0180c499645fccc07,mlb-atl-mia-2026-05-21,2026,2026-05-21T22:40:00Z,Atlanta Braves,Miami Marlins,2,0,0,0,0.56,0.9,0.53
0xfd2651a2fc29f875864e59440f909a5f2ea7a46e2ca6a9af5ef899ac5e2bd222,mlb-tor-nyy-2026-05-21,2026,2026-05-21T23:05:00Z,Toronto Blue Jays,New York Yankees,1,0,0,0,0.495,0.9,0.425
0x91169755a92219bf22a6e7355bfdec6591bb6b0a8547a5f92383dab0dc6b06c5,mlb-oak-laa-2026-05-21,2026,2026-05-22T01:38:00Z,Athletics,Los Angeles Angels,0,2,0,0,0.525,0.7,0.515
0x4a827c59ec230fc701eae069f9b7ed1e02ee75d6bc0737880dcd6346d955a994,mlb-col-ari-2026-05-21,2026,2026-05-22T01:40:00Z,Colorado Rockies,Arizona Diamondbacks,0,0,1,0,0.495,0.9,0.48
0x3c0ef7c5a6df6fe18ae729e6ce468a1384d31e1176dc0081c334290e7c2051c1,mlb-hou-chc-2026-05-22,2026,2026-05-22T18:20:00Z,Houston Astros,Chicago Cubs,0,0,1,0,0.585,0.9,0.615
0x14e9590e668cc3e4d40763cc35dad12da0f705727b7708e1c0efcfad020e9e83,mlb-cle-phi-2026-05-22,2026,2026-05-22T22:40:00Z,Cleveland Guardians,Philadelphia Phillies,0,0,1,0,0.595,0.9,0.495
0x235687a4d01fbc7c4f5dff66ec78b0a883815022357aafadd3e767b21ec904d3,mlb-tb-nyy-2026-05-22,2026,2026-05-22T23:05:00Z,Tampa Bay Rays,New York Yankees,0,0,1,0,0.515,0.9,0.52
0x73aabc9523d3abb9d395cc44d6e9e4f7fb1810db8122ed68c62d11296628d54c,mlb-pit-tor-2026-05-22,2026,2026-05-22T23:07:00Z,Pittsburgh Pirates,Toronto Blue Jays,1,0,0,0,0.535,0.9,0.48
0x969a6a3771725e65e05011c0051f97544bfed99186539f00bad2bcd41b0a60b0,mlb-min-bos-2026-05-22,2026,2026-05-22T23:10:00Z,Minnesota Twins,Boston Red Sox,0,4,0,0,0.575,0.9,0.535
0xd5340413e0b745f17ea93c631a1374474a311b6ba7b447cc7f1c851664b708dd,mlb-nym-mia-2026-05-22,2026,2026-05-22T23:10:00Z,New York Mets,Miami Marlins,1,0,0,0,0.52,0.9,0.52
0xe5c2fb7ec1036e0e6e6d0598528c6604afdf622f212334ac4f16da00dcbde7f7,mlb-det-bal-2026-05-22,2026,2026-05-22T23:15:00Z,Detroit Tigers,Baltimore Orioles,1,0,0,0,0.53,0.9,0.505
0x2392038875bc207c07094b4ad741418a77e17160f7d470c8135035a62d789b52,mlb-wsh-atl-2026-05-22,2026,2026-05-22T23:15:00Z,Washington Nationals,Atlanta Braves,0,0,1,0,0.48,0.9,0.485
0xeb925f8f654f4da256a2ca30848a1562654eaa8e211a9f157e1311bd1d3c3e2c,mlb-lad-mil-2026-05-22,2026,2026-05-22T23:40:00Z,Los Angeles Dodgers,Milwaukee Brewers,0,4,0,0,0.52,0.9,0.505
0x294efc7f514a9848728afb037618ab45c786b6a5a2ca645d671b89c33e9cf530,mlb-sea-kc-2026-05-22,2026,2026-05-22T23:40:00Z,Seattle Mariners,Kansas City Royals,0,0,1,0,0.545,0.9,0.525
0x54c5450aad953f54f160ea591b0b61ed1c35c4999990c1e3f808557f8ce77689,mlb-tex-laa-2026-05-22,2026,2026-05-23T01:38:00Z,Texas Rangers,Los Angeles Angels,0,4,0,0,0.54,0.9,0.525
0x3e11faf90f9dba09fddf467aa6c96e303b6682498813b0f55e1ff9ea87a69228,mlb-col-ari-2026-05-22,2026,2026-05-23T01:40:00Z,Colorado Rockies,Arizona Diamondbacks,0,0,1,0,0.48,0.9,0.49
0x3d03b7065d978e18a84e580a9761f8d70e8d6968be3d88240c7fe9cfbd1e2d26,mlb-oak-sd-2026-05-22,2026,2026-05-23T01:40:00Z,Athletics,San Diego Padres,2,2,0,0,0.5,0.9,0.48
0x51d41d37e68bd1e20e31684f8d2546086bc1941464a6a3d2df3563ecdea43037,mlb-cws-sf-2026-05-22,2026,2026-05-23T02:15:00Z,Chicago White Sox,San Francisco Giants,0,0,1,0,0.57,0.9,0.555
0xf532973691cb06f46cf60557000365fdad02c447311d9d26e1b5de214f334f23,mlb-stl-cin-2026-05-22,2026,2026-05-23T17:10:00Z,St. Louis Cardinals,Cincinnati Reds,0,0,1,0,0.465,0.9,0.48
0xede725caba64a2eab64c5226bd40e233ef5d8a291238da116fbf220b0a9de2bc,mlb-hou-chc-2026-05-23,2026,2026-05-23T18:20:00Z,Houston Astros,Chicago Cubs,2,0,0,0,0.59,0.9,0.5
0xf69faf2bd1be9ae601ea7f7294619d59ad1ed37ca42d0d91cd6c2b633a79dd8e,mlb-pit-tor-2026-05-23,2026,2026-05-23T19:07:00Z,Pittsburgh Pirates,Toronto Blue Jays,0,1,0,0,0.59,0.9,0.575
0x249c9ae0155ee3ed61937a272a48886107b7d5c447398e513a647a25816649f0,mlb-cle-phi-2026-05-23,2026,2026-05-23T20:05:00Z,Cleveland Guardians,Philadelphia Phillies,0,0,1,0,0.55,0.9,0.515
0x2559c57180fe965ab8df04482444ebd420a5df8d5d6e769d77a64b96f9346487,mlb-cws-sf-2026-05-23,2026,2026-05-23T20:05:00Z,Chicago White Sox,San Francisco Giants,0,0,1,0,0.485,0.9,0.515
0x31ab61722637f63b8c665455e937d6ffa6f634f0d6d7b2af96fd6b4511e11a1f,mlb-min-bos-2026-05-23,2026,2026-05-23T20:10:00Z,Minnesota Twins,Boston Red Sox,2,0,0,0,0.545,0.9,0.51
0xeb824d4ef63c7c0ca14521033eae70cbdf0f008f74939dcef0566341a720729b,mlb-nym-mia-2026-05-23,2026,2026-05-23T20:10:00Z,New York Mets,Miami Marlins,0,0,1,0,0.555,0.9,0.535
0xc02c861d9d7e48cad5ea8f2637beb6367d892195abc0606aac8d25ada6a55517,mlb-sea-kc-2026-05-23,2026,2026-05-23T20:10:00Z,Seattle Mariners,Kansas City Royals,0,3,0,0,0.545,0.9,0.52
0xaebdf793a953d5f091e078584c117654ac1dac9f9002511b17bd37272fe71092,mlb-wsh-atl-2026-05-23,2026,2026-05-23T20:10:00Z,Washington Nationals,Atlanta Braves,0,0,1,0,0.475,0.9,0.495
0x998919110475580d7b1395b8f6c916c8cd5e129b04889bff636383407bcebd12,mlb-lad-mil-2026-05-23,2026,2026-05-23T23:15:00Z,Los Angeles Dodgers,Milwaukee Brewers,0,3,0,0,0.49,0.9,0.515
0x9af57d67f725c03969aae6c8ff8c773c49b3ff12dc02a91842d33c819c534353,mlb-stl-cin-2026-05-23,2026,2026-05-23T23:15:00Z,St. Louis Cardinals,Cincinnati Reds,0,0,1,0,0.46,0.9,0.48
0xc3e2e3774ce23a31e3f9044e3c03a575c863ddf2c84f317b8d97fe6328923f13,mlb-oak-sd-2026-05-23,2026,2026-05-24T01:40:00Z,Athletics,San Diego Padres,0,0,1,0,0.535,0.9,0.515
0x7c6da3e93510766fa35f27629efaaa172dc61c6eaf6d14d87aa7d394d6b6019f,mlb-tex-laa-2026-05-23,2026,2026-05-24T02:05:00Z,Texas Rangers,Los Angeles Angels,0,2,0,0,0.565,0.9,0.54
0x6d808e5dcb87b734aca32f891cdd4b7397afbf28de1ff714954641fe84c6ca75,mlb-col-ari-2026-05-23,2026,2026-05-24T02:10:00Z,Colorado Rockies,Arizona Diamondbacks,0,0,1,0,0.48,0.9,0.465
0x7260cdb6407554ec7f7726edc5a1800d430ebb5aaf2c5e1dd3f55d594642c752,mlb-pit-tor-2026-05-24,2026,2026-05-24T16:15:00Z,Pittsburgh Pirates,Toronto Blue Jays,1,0,0,0,0.565,0.9,0.51
0x062f46f4a35926ba7a024e282e92f1d10106b35b5c4b3526023167246a4ced44,mlb-det-bal-2026-05-24,2026,2026-05-24T16:35:00Z,Detroit Tigers,Baltimore Orioles,0,0,1,0,0.535,0.9,0.53
0xc712b4b89850c4dd0cb28f717182c2eab5e23375cb1f97830ccbc9ae53cd669b,mlb-cle-phi-2026-05-24,2026,2026-05-24T17:35:00Z,Cleveland Guardians,Philadelphia Phillies,0,0,1,0,0.545,0.9,0.54
0x64f4ccea934dcbc42f2547f3332a447726945c6fc5b54e7f626d2fa9de88fbda,mlb-min-bos-2026-05-24,2026,2026-05-24T17:35:00Z,Minnesota Twins,Boston Red Sox,1,0,0,0,0.565,0.9,0.545
0x45999e5858b4b5858628fc89e8224f17f546b8f659eea9bdab856cc7b8eaf01a,mlb-tb-nyy-2026-05-24,2026,2026-05-24T17:35:00Z,Tampa Bay Rays,New York Yankees,0,0,1,0,0.55,0.9,0.525
0xe38a337daeec7c1d47174ee2fc8ab2385dbf1f34123c87cab0be1ead03611af8,mlb-nym-mia-2026-05-24,2026,2026-05-24T17:40:00Z,New York Mets,Miami Marlins,0,0,1,0,0.525,0.9,0.535
0xaba69929d00a4d08ef77e029ba40cb6da603e8ca0cba64c8089b84005df55ea8,mlb-lad-mil-2026-05-24,2026,2026-05-24T18:10:00Z,Los Angeles Dodgers,Milwaukee Brewers,0,0,1,0,0.51,0.9,0.51
0x49ea653728168923b92552cb9404aa468761a1be5c11c4090bc576d7b0dc245b,mlb-sea-kc-2026-05-24,2026,2026-05-24T18:10:00Z,Seattle Mariners,Kansas City Royals,1,0,0,0,0.545,0.9,0.53
0x6251e1dc27b742e004b6104776665ec7c28b671587ebb4830aaf8e74e0fcfcfe,mlb-hou-chc-2026-05-24,2026,2026-05-24T18:20:00Z,Houston Astros,Chicago Cubs,0,0,1,0,0.565,0.9,0.51
0x350ea924ef56368ca2e8d1fd9e767cf56365221ae51cabda9b9cb0b410121af5,mlb-cws-sf-2026-05-24,2026,2026-05-24T20:05:00Z,Chicago White Sox,San Francisco Giants,1,2,0,0,0.545,0.9,0.52
0x491d56e69fac3d6d4c11cf3c4ab4a89c2f9a024d305a00934e0c092c996f3100,mlb-col-ari-2026-05-24,2026,2026-05-24T20:10:00Z,Colorado Rockies,Arizona Diamondbacks,0,2,0,0,0.475,0.9,0.525
0x1d61409df3557003e34c31b13684437879de3de33adb3c9a6647171e340a309c,mlb-oak-sd-2026-05-24,2026,2026-05-24T20:10:00Z,Athletics,San Diego Padres,1,0,0,0,0.555,0.9,0.55
0xc6525aa60f9a404bfada3636be237e2fee2bd6af08c89cb7f70afb08d7f66c4e,mlb-wsh-atl-2026-05-24,2026,2026-05-24T20:10:00Z,Washington Nationals,Atlanta Braves,0,0,1,0,0.515,0.9,0.53
0x36d925e07e3c46731b66e6c5baddfebc67ce9ca26f89717f32243994fdb1e423,mlb-det-bal-2026-05-23,2026,2026-05-24T22:05:00Z,Detroit Tigers,Baltimore Orioles,2,0,0,0,0.55,0.9,0.295
0xba85c9e1f906d949b70300ba1b058246be952ecdbbf87418a072e81b54d7f088,mlb-tex-laa-2026-05-24,2026,2026-05-24T23:20:00Z,Texas Rangers,Los Angeles Angels,0,0,1,0,0.52,0.9,0.465
0x4f986ba9839c823bf1f9d730552f2ac6be6abe70ef7945860945cebaac42df84,mlb-chc-pit-2026-05-25,2026,2026-05-25T17:35:00Z,Chicago Cubs,Pittsburgh Pirates,0,0,1,0,0.535,0.9,0.51
0x9a564be3d87300bd7b929eb5a67bfa504dd4b26f5d001e3edb7f92155101b77e,mlb-tb-bal-2026-05-25,2026,2026-05-25T17:35:00Z,Tampa Bay Rays,Baltimore Orioles,0,0,1,0,0.545,0.9,0.51
0xde0d3b7d1809ab27167ce3a86bed5082034777f610277e11987f7939ebe80805,mlb-min-cws-2026-05-25,2026,2026-05-25T18:10:00Z,Minnesota Twins,Chicago White Sox,1,1,0,0,0.525,0.9,0.525
0x2bced1b05591c313282a5d13d5a4e6933b08c546cf2087c3b86e8395dd6e8425,mlb-stl-mil-2026-05-25,2026,2026-05-25T18:10:00Z,St. Louis Cardinals,Milwaukee Brewers,0,3,0,0,0.575,0.9,0.52
0x07e8b4f888d3cf55ec57a4b2e9d8bd3d08e0e4b28731e8cb19af4fcad0f56d73,mlb-nyy-kc-2026-05-25,2026,2026-05-25T19:40:00Z,New York Yankees,Kansas City Royals,0,0,1,0,0.51,0.9,0.51
0x953b28007df5c88199d525ea6f8ff791f49f76c1cfdb18d73bce997a0030fc95,mlb-cin-nym-2026-05-25,2026,2026-05-25T20:10:00Z,Cincinnati Reds,New York Mets,0,0,1,0,0.545,0.9,0.52
0x44dd35828e6aecd4360cdfa93f10f64d86e8592032c5b2beebacb058168332c6,mlb-ari-sf-2026-05-25,2026,2026-05-25T21:05:00Z,Arizona Diamondbacks,San Francisco Giants,0,0,1,0,0.53,0.9,0.525
0xbb607cc7aa16f88a73311bf9e99ada313e4cc83f17766c561a8041f319ce0bce,mlb-wsh-cle-2026-05-25,2026,2026-05-25T22:10:00Z,Washington Nationals,Cleveland Guardians,3,0,0,0,0.515,0.9,0.495
0xaf41e328b00e0383abca0b864e97b01acd928f3491cdc7deed32364d5bd36250,mlb-phi-sd-2026-05-25,2026,2026-05-25T22:40:00Z,Philadelphia Phillies,San Diego Padres,1,0,0,0,0.55,0.9,0.525
0xe045e46e8868602e6a28c07b2c9c13b2663a65768a275c3463d1f5865767ba21,mlb-hou-tex-2026-05-25,2026,2026-05-25T23:05:00Z,Houston Astros,Texas Rangers,1,0,0,0,0.485,0.9,0.495
0x6c6cc524e2dceed7eff9dcc71ef5e97252b29b65077f5f5b5b7fd37ead629649,mlb-mia-tor-2026-05-25,2026,2026-05-25T23:07:00Z,Miami Marlins,Toronto Blue Jays,1,0,0,0,0.545,0.9,0.515
0xe7d471dd71efab3313c92bf8b42475ae051d92f780feb5606ba9c074e4c7d15e,mlb-col-lad-2026-05-25,2026,2026-05-26T01:10:00Z,Colorado Rockies,Los Angeles Dodgers,0,0,1,0,0.465,0.9,0.48
0xd231292f84bccec0c2325c589c3d03081036ea5ee22843ed15f3cc4543d60ac6,mlb-sea-oak-2026-05-25,2026,2026-05-26T01:40:00Z,Seattle Mariners,Athletics,0,0,1,0,0.43,0.9,0.46
0x4374fb8f59b52d6d17b2f7a7737212dd266d618e68a7b2553b85c7ec2ada8135,mlb-wsh-cle-2026-05-26,2026,2026-05-26T22:10:00Z,Washington Nationals,Cleveland Guardians,0,0,1,0,0.555,0.7,0.525
0xd85cb27372680aaa783362f83dd83999b27a7b42aeee27de6d0b2c859366a21d,mlb-tb-bal-2026-05-26,2026,2026-05-26T22:35:00Z,Tampa Bay Rays,Baltimore Orioles,1,0,0,0,0.52,0.9,0.51
0xce3923e4f6b7758d2933c00187e54f9a414fc9278443bc236fa7f33e814a38cf,mlb-chc-pit-2026-05-26,2026,2026-05-26T22:40:00Z,Chicago Cubs,Pittsburgh Pirates,0,5,0,0,0.535,0.9,0.545
0x9f86c2ade02940fdc34dd363c1896d3f5dcb801d6ccdba3bca343a4256186ecb,mlb-laa-det-2026-05-26,2026,2026-05-26T22:40:00Z,Los Angeles Angels,Detroit Tigers,0,0,1,0,0.485,0.9,0.51
0xd78857b26ef57cae5517f3f1650d9c10630f563e925cad6a16a60a4ab43d9271,mlb-atl-bos-2026-05-26,2026,2026-05-26T22:45:00Z,Atlanta Braves,Boston Red Sox,0,2,0,0,0.54,0.9,0.515
0x3345746a9f9463eb4f9a068c42f062832e0701559136f94a5cfde515b327610f,mlb-mia-tor-2026-05-26,2026,2026-05-26T23:07:00Z,Miami Marlins,Toronto Blue Jays,0,0,1,0,0.54,0.9,0.53
0xf1374b7ed82114d5ddbc6b0b23ee39694267068976144b270878cd6bb28bcd82,mlb-cin-nym-2026-05-26,2026,2026-05-26T23:10:00Z,Cincinnati Reds,New York Mets,2,0,0,0,0.555,0.9,0.545
0xb9b82664d2dff3edd6682438d5db5b515f81877c6738f2801c7434cb4b8eff1e,mlb-min-cws-2026-05-26,2026,2026-05-26T23:40:00Z,Minnesota Twins,Chicago White Sox,0,0,1,0,0.53,0.9,0.555
0x0b3592686e6ab8af1d8a31b0dae3b5ee0a2263aed60b04f0690cd272a75d5870,mlb-nyy-kc-2026-05-26,2026,2026-05-26T23:40:00Z,New York Yankees,Kansas City Royals,4,0,0,0,0.49,0.9,0.515
0xa4ab03d909ed809e82a07182d40ef19dc048fe420824055d662826adec0be01e,mlb-stl-mil-2026-05-26,2026,2026-05-26T23:40:00Z,St. Louis Cardinals,Milwaukee Brewers,0,0,1,0,0.52,0.9,0.515
0x0988221dca583623f575e103b51475bfc53726b825193d89cc0903f75f0f7031,mlb-hou-tex-2026-05-26,2026,2026-05-27T00:05:00Z,Houston Astros,Texas Rangers,0,8,0,0,0.5,0.9,0.52
0xf21265e83677486da718d7b4e487a9029756199a38966cff1b63cc5570fbf0a6,mlb-phi-sd-2026-05-26,2026,2026-05-27T01:40:00Z,Philadelphia Phillies,San Diego Padres,1,0,0,0,0.5,0.9,0.5
0x15bb36756182bd6ed0adca81c89782203bd2ccf9e6e364d79c725d37eb73073d,mlb-sea-oak-2026-05-26,2026,2026-05-27T01:40:00Z,Seattle Mariners,Athletics,0,0,1,0,0.45,0.9,0.465
0xaaa79cbb6e4b3c8458a8f109c0ed6bbfd1eb4a4fa85f9e9386aef0ca8ee35f72,mlb-ari-sf-2026-05-26,2026,2026-05-27T01:45:00Z,Arizona Diamondbacks,San Francisco Giants,0,1,0,0,0.515,0.9,0.535
0x889574efe22de4c10e38cad5889d8e60dad4d0fd322e8535b4446f0b0bbaa761,mlb-col-lad-2026-05-26,2026,2026-05-27T02:10:00Z,Colorado Rockies,Los Angeles Dodgers,0,2,0,0,0.47,0.9,0.47
0x84a9ad71e8cbee34e5a8e47b10ad16ed9f1385d70d7fb81a3bc6cc3187295d6f,mlb-mia-tor-2026-05-27,2026,2026-05-27T17:07:00Z,Miami Marlins,Toronto Blue Jays,1,0,0,0,0.53,0.9,0.51
0xacf71f7a47964f4e21c37d68cd723233ff754a2b31fb3dc8c2c21ea48c97b34d,mlb-wsh-cle-2026-05-27,2026,2026-05-27T17:10:00Z,Washington Nationals,Cleveland Guardians,0,0,1,0,0.54,0.9,0.51
0xe060892e8dd8a18ac35e332fce905929a98eee1a8bb407017075ab15e67688b8,mlb-stl-mil-2026-05-27,2026,2026-05-27T17:40:00Z,St. Louis Cardinals,Milwaukee Brewers,0,0,1,0,0.5,0.9,0.52
0xc2f90ac6a5f75ece1aa5c259da8b67c8223742d6bfa443a1c26c6284e9cb8598,mlb-sea-oak-2026-05-27,2026,2026-05-27T19:05:00Z,Seattle Mariners,Athletics,3,0,0,0,0.485,0.9,0.465
0x3195cdefd376c86d6c11c876b0e59f0ae97c1eb6f118814c7b72ac661c1e1f0e,mlb-ari-sf-2026-05-27,2026,2026-05-27T19:45:00Z,Arizona Diamondbacks,San Francisco Giants,0,0,1,0,0.545,0.9,0.515
0xd7a14bfe51c19e7c806bc4da4ebd28bca6c996893d233f74b1e63fab166b7d50,mlb-phi-sd-2026-05-27,2026,2026-05-27T20:10:00Z,Philadelphia Phillies,San Diego Padres,0,0,1,0,0.55,0.9,0.535
0x066e1e0cfdd852a859b9cfafe2c5e121a3d1377ca9fd75025063f186124eb230,mlb-tb-bal-2026-05-27,2026,2026-05-27T22:35:00Z,Tampa Bay Rays,Baltimore Orioles,0,5,0,0,0.48,0.9,0.445
0xb3a60b82f75c00861f46c38c9b56e8b6941742f8d1192766beb3e4468f26c8e7,mlb-chc-pit-2026-05-27,2026,2026-05-27T22:40:00Z,Chicago Cubs,Pittsburgh Pirates,2,0,0,0,0.49,0.9,0.51
0x69be6b9195151541fd01b8a639b47df38a03cf4463e17f3d2b8d1a49573d7243,mlb-laa-det-2026-05-27,2026,2026-05-27T22:40:00Z,Los Angeles Angels,Detroit Tigers,0,1,0,0,0.55,0.9,0.535
0x42a655f7d8bb8ed98816b86b6c55ed0aa8ec5df163abd2979aca37109076ef2f,mlb-atl-bos-2026-05-27,2026,2026-05-27T22:45:00Z,Atlanta Braves,Boston Red Sox,0,0,1,0,0.52,0.9,0.515
0x77b1748ed3a80bbf79e1bc4103a2a51c810ad89fc1c05533d85a3b536ffc7338,mlb-cin-nym-2026-05-27,2026,2026-05-27T23:10:00Z,Cincinnati Reds,New York Mets,0,1,0,0,0.515,0.9,0.525
0x785336730b2e68394af0558d130bdbff8b70d73c95b04331f281f16d9ad12679,mlb-min-cws-2026-05-27,2026,2026-05-27T23:40:00Z,Minnesota Twins,Chicago White Sox,1,0,0,0,0.535,0.8,0.525
0x8a2fb38e4cfe0f97d56d46bc8da3b93bba496b780398e5cc62995d4e5aa9a221,mlb-nyy-kc-2026-05-27,2026,2026-05-27T23:40:00Z,New York Yankees,Kansas City Royals,0,0,1,0,0.495,0.9,0.505
0x729a0fd524b5603b6505bb24df7e076c603f325e09ea7398c1aad553413fd1a7,mlb-hou-tex-2026-05-27,2026,2026-05-28T00:05:00Z,Houston Astros,Texas Rangers,0,1,0,0,0.55,0.9,0.5
0xd4ba600c82025ea3afd538d1946464fe0b072900b5b93ef385ef3028477f143a,mlb-col-lad-2026-05-27,2026,2026-05-28T02:10:00Z,Colorado Rockies,Los Angeles Dodgers,0,2,0,0,0.52,0.9,0.495
0x4713f3e2df30fcd7bae0e41c9ec774f6853708aa59cdf50a05c9cbbf401e469c,mlb-laa-det-2026-05-28,2026,2026-05-28T17:10:00Z,Los Angeles Angels,Detroit Tigers,0,0,1,0,0.505,0.9,0.515
0xaf4b11b0506fcd0d1a0ec47e36ac10287d58270717cd84958c9e76dfcd349e09,mlb-min-cws-2026-05-28,2026,2026-05-28T18:10:00Z,Minnesota Twins,Chicago White Sox,0,1,0,0,0.54,0.9,0.5
0x979d8ce9471114d8df4864a4327c384503b340d1a11db20075b68757841f8f30,mlb-atl-bos-2026-05-28,2026,2026-05-28T20:10:00Z,Atlanta Braves,Boston Red Sox,0,0,1,0,0.6,0.9,0.545
0x985001eb9abc4bd7fbe2b948c090e6d64f8ab37b7c0976aa3fa277169cd71d9c,mlb-tor-bal-2026-05-28,2026,2026-05-28T22:35:00Z,Toronto Blue Jays,Baltimore Orioles,0,0,1,0,0.49,0.9,0.505
0x2a9da6d307d514b23088be5d0a7293da2175513308c375f12543938743c001ca,mlb-chc-pit-2026-05-28,2026,2026-05-28T22:40:00Z,Chicago Cubs,Pittsburgh Pirates,0,0,1,0,0.56,0.7,0.535
0xc3783fe8dc625cb3a48fb57d78274543fc91cf22d44eae5516f361c1b14e7309,mlb-hou-tex-2026-05-28,2026,2026-05-29T00:05:00Z,Houston Astros,Texas Rangers,3,0,0,0,0.57,0.7,0.535
0x3adb7eb2803647404be4f741e46eec05ad49c7b8fe6611fba08e4567f5493de7,mlb-atl-cin-2026-05-29,2026,2026-05-29T22:40:00Z,Atlanta Braves,Cincinnati Reds,1,0,0,0,0.47,0.9,0.475
0x7005206b8125b904566bac9f8b0c37077e5e637bb28a7e581c92d1c5c50b0057,mlb-min-pit-2026-05-29,2026,2026-05-29T22:45:00Z,Minnesota Twins,Pittsburgh Pirates,1,3,0,0,0.555,0.9,0.53
0xc933b286c84b7e8234efc0e2cf1f8e1be0f38522ad156855b1afd653561067b1,mlb-sd-wsh-2026-05-29,2026,2026-05-29T22:45:00Z,San Diego Padres,Washington Nationals,1,2,0,0,0.47,0.9,0.48
0x6eab418170acda819d8a67c712fbe4d53559e82502e5d03bcf735b23e2174df8,mlb-tor-bal-2026-05-29,2026,2026-05-29T23:05:00Z,Toronto Blue Jays,Baltimore Orioles,0,0,1,0,0.475,0.9,0.5
0xc708399d05b011ca4bc5c291b3834d3f001ca2886a06302e2f1357c8e46cbd92,mlb-bos-cle-2026-05-29,2026,2026-05-29T23:10:00Z,Boston Red Sox,Cleveland Guardians,0,4,0,0,0.51,0.9,0.52
0x9d54533c9eb71585e8a2ea8349b996edf3a21c89f935454f4eaaf8475e8504cc,mlb-laa-tb-2026-05-29,2026,2026-05-29T23:10:00Z,Los Angeles Angels,Tampa Bay Rays,0,1,0,0,0.54,0.9,0.515
0x352d0d97518535c1d0691fb934044a7f2460da8600e2040fb0e2cbec752ffa90,mlb-mia-nym-2026-05-29,2026,2026-05-29T23:10:00Z,Miami Marlins,New York Mets,0,4,0,0,0.565,0.9,0.54
0x05f5dfd6a58ce76b012ac086627ce8f3ffc6ef61b1b7cf2f5f365dd1efe5ecff,mlb-chc-stl-2026-05-29,2026,2026-05-29T23:15:00Z,Chicago Cubs,St. Louis Cardinals,3,3,0,0,0.525,0.9,0.515
0xcf9dcbc7f17a933bde3785f0811540aede3043490e5d2bb8f6b6b95a14885e4d,mlb-det-cws-2026-05-29,2026,2026-05-29T23:40:00Z,Detroit Tigers,Chicago White Sox,0,0,1,0,0.48,0.7,0.52
0xad6936698acc8c39ee8c8e9e2dd87bcbc2c31a240b41060a1de0e267765f7bc2,mlb-kc-tex-2026-05-29,2026,2026-05-30T00:05:00Z,Kansas City Royals,Texas Rangers,0,4,0,0,0.545,0.9,0.53
0xbf3fe38492236e771d9b6cc67ffb5688885a2aefb161796b4dbd0b2a5c2571dd,mlb-mil-hou-2026-05-29,2026,2026-05-30T00:10:00Z,Milwaukee Brewers,Houston Astros,0,0,1,0,0.5,0.9,0.5
0x1e71766400689be1d167c27a98b70be42f63798214f2136153ca5a5fa720d824,mlb-sf-col-2026-05-29,2026,2026-05-30T00:40:00Z,San Francisco Giants,Colorado Rockies,0,0,1,0,0.445,0.9,0.46
0xb0c403b808ebe9513286ba070ad32a601fe640f00e2dbbfa45373da2c30fe07e,mlb-nyy-oak-2026-05-29,2026,2026-05-30T01:40:00Z,New York Yankees,Athletics,4,1,0,0,0.43,0.9,0.435
0xfb42a58bc97d9e441a0dc9a9871f060a5b431c172831e0366ee40d71ce87e578,mlb-ari-sea-2026-05-29,2026,2026-05-30T02:10:00Z,Arizona Diamondbacks,Seattle Mariners,0,1,0,0,0.54,0.9,0.535
0x528242580f95dd6229fcc8ebe4840244ffcfbebb207f286f3f0b347707d27077,mlb-phi-lad-2026-05-29,2026,2026-05-30T02:15:00Z,Philadelphia Phillies,Los Angeles Dodgers,0,1,0,0,0.53,0.9,0.535
0xd2db09dbecdd90a3a27c0ac43c825e73aab5e71dbea70e229717d2f0361b280b,mlb-det-cws-2026-05-30,2026,2026-05-30T18:10:00Z,Detroit Tigers,Chicago White Sox,0,2,0,0,0.555,0.9,0.515
0x6b539bdf01d2337c9f1508119ab27b640d2cea241e48ab6053e7023b4215849f,mlb-kc-tex-2026-05-30,2026,2026-05-30T20:05:00Z,Kansas City Royals,Texas Rangers,0,1,0,0,0.52,0.9,0.535
0xf2015e6fcccf597cc850d1c27725ce4790a1fe85158e28a6c27a679a1905232a,mlb-min-pit-2026-05-30,2026,2026-05-30T20:05:00Z,Minnesota Twins,Pittsburgh Pirates,0,1,0,0,0.52,0.9,0.53
0xd27d100cce354af6f52fd558fa4c2e68314783fb095ed9f2f2475a99d167d1ac,mlb-sd-wsh-2026-05-30,2026,2026-05-30T20:05:00Z,San Diego Padres,Washington Nationals,0,0,1,0,0.535,0.9,0.52
0x03414dce3f1f71efc537cc0af5f73f090ff1efe9697915de0e29082c0d82f250,mlb-tor-bal-2026-05-30,2026,2026-05-30T20:05:00Z,Toronto Blue Jays,Baltimore Orioles,0,0,1,0,0.535,0.9,0.54
0x24252e062904af2d942c4a167706980585c2e7032aa7ea2ec1ee67cc4d3715fd,mlb-bos-cle-2026-05-30,2026,2026-05-30T20:10:00Z,Boston Red Sox,Cleveland Guardians,0,1,0,0,0.6,0.9,0.545
0x9569ad36ab37ea589b9a9619c73f85d82de3dbe3a79353dac5c809e8f5d65619,mlb-laa-tb-2026-05-30,2026,2026-05-30T20:10:00Z,Los Angeles Angels,Tampa Bay Rays,4,1,0,0,0.555,0.9,0.535
0xc6679435585139a7f3a857ee00660a9b8f6ef42c9b84aa1fb6639775c0af1aaa,mlb-mia-nym-2026-05-30,2026,2026-05-30T20:10:00Z,Miami Marlins,New York Mets,0,0,1,0,0.57,0.9,0.53
0x4aeb7540ee69408b44d4c28c204cbc2c7eb1b2a3c56f444d0b90fdbbe0c39cfc,mlb-mil-hou-2026-05-30,2026,2026-05-30T20:10:00Z,Milwaukee Brewers,Houston Astros,1,0,0,0,0.48,0.9,0.515
0xb14d25e666e9da6bf6e325655fbeaa796c6c800bb99f656d52d0b43edf21cba0,mlb-atl-cin-2026-05-30,2026,2026-05-30T23:15:00Z,Atlanta Braves,Cincinnati Reds,0,0,1,0,0.45,0.9,0.485
0xe3a3270517d2b3b0fd7722ea47f18fa0e90380280f35dab7c4feafba5804a1ed,mlb-chc-stl-2026-05-30,2026,2026-05-30T23:15:00Z,Chicago Cubs,St. Louis Cardinals,0,0,1,0,0.54,0.9,0.53
0xec0bd1a1f5f544559081ea420f6c8256e59dd96f230f921468f3e44c59094f87,mlb-sf-col-2026-05-30,2026,2026-05-31T01:10:00Z,San Francisco Giants,Colorado Rockies,0,2,0,0,0.455,0.7,0.445
0xb807474c7220a2b6612c18bd425666b0b9104a211eb78b01ed8860eed08fdc81,mlb-nyy-oak-2026-05-30,2026,2026-05-31T02:05:00Z,New York Yankees,Athletics,0,2,0,0,0.46,0.9,0.47
0xcb9717d165ff75f60164eea167f04ccb10583c6a13500e8cde305bd7f7ebc1d1,mlb-ari-sea-2026-05-30,2026,2026-05-31T02:10:00Z,Arizona Diamondbacks,Seattle Mariners,0,0,1,0,0.55,0.9,0.545
0xbac6198a022a21997c921ce324b564074d8671a2f782aef804bc8ca92cd33e3a,mlb-phi-lad-2026-05-30,2026,2026-05-31T02:10:00Z,Philadelphia Phillies,Los Angeles Dodgers,0,0,1,0,0.515,0.9,0.475
0x4e32b67c2641657f79a676c6a452ed01287d23d514c588fa09e4ef6021375bac,mlb-tor-bal-2026-05-31,2026,2026-05-31T16:15:00Z,Toronto Blue Jays,Baltimore Orioles,0,0,1,0,0.535,0.9,0.535
0xf9c38a187edd27acaf1a3d6fa1d7c4f34889cdebbe7c3b22b35fd49fe1087168,mlb-min-pit-2026-05-31,2026,2026-05-31T17:35:00Z,Minnesota Twins,Pittsburgh Pirates,0,0,1,0,0.54,0.9,0.52
0x7e39d31563ab88f6f9d83fdc855bed0130a2c0eda89b75a9118f1075ff135683,mlb-sd-wsh-2026-05-31,2026,2026-05-31T17:35:00Z,San Diego Padres,Washington Nationals,0,0,1,0,0.45,0.9,0.5
0x6642fb3c40c6dbe51a0455406aada71bb72aa8b97c833913784f71eebe24cb96,mlb-atl-cin-2026-05-31,2026,2026-05-31T17:40:00Z,Atlanta Braves,Cincinnati Reds,1,1,0,0,0.515,0.9,0.525
0x8d64f4bcea90d7900d6f3bb5e4787087f15b068f3adb13bf9ae9cc3e91ae7fc6,mlb-bos-cle-2026-05-31,2026,2026-05-31T17:40:00Z,Boston Red Sox,Cleveland Guardians,1,0,0,0,0.56,0.9,0.565
0x899bfb3057fcbe024def074d169b1ca380274a5b07d9f5a598dfa129a64bb6ba,mlb-laa-tb-2026-05-31,2026,2026-05-31T17:40:00Z,Los Angeles Angels,Tampa Bay Rays,0,1,0,0,0.525,0.9,0.53
0xe6a29e40c30976477f0babaaed2d1dd4beaa06bc4fe72da2721e8923bea3ba52,mlb-mia-nym-2026-05-31,2026,2026-05-31T17:40:00Z,Miami Marlins,New York Mets,0,1,0,0,0.52,0.9,0.515
0xe47d4f07cf4ed784d237e7fb8a64e6a54374557aed8e38562163e8429ee26a2e,mlb-det-cws-2026-05-31,2026,2026-05-31T18:10:00Z,Detroit Tigers,Chicago White Sox,1,0,0,0,0.54,0.9,0.58
0x78b15fea9b291601a0afc3322df41a0672b0d457da9e633616dbc247a5b02569,mlb-mil-hou-2026-05-31,2026,2026-05-31T18:10:00Z,Milwaukee Brewers,Houston Astros,0,0,1,0,0.56,0.9,0.535
0x7593dfb3204063700e90b8c4344c3ff301913c4e67dfb080011bcd267ae997fa,mlb-kc-tex-2026-05-31,2026,2026-05-31T18:35:00Z,Kansas City Royals,Texas Rangers,0,4,0,0,0.535,0.9,0.53
0x24dda1a685ae34bfa58469645d3c2d1f229e8b04cf2b5ceedc33287b8b59d00c,mlb-sf-col-2026-05-31,2026,2026-05-31T19:10:00Z,San Francisco Giants,Colorado Rockies,1,0,0,0,0.445,0.9,0.51
0x17ef964f930584ad1ed9775cfe02f589d9669cef28106c6a69478c59a1eae3bc,mlb-nyy-oak-2026-05-31,2026,2026-05-31T20:05:00Z,New York Yankees,Athletics,0,3,0,0,0.45,0.9,0.49
0x5426ebf2593a95d8d6883622863a08eeb30f9725c7f133537fa56b5fce80ab8a,mlb-ari-sea-2026-05-31,2026,2026-05-31T20:10:00Z,Arizona Diamondbacks,Seattle Mariners,0,0,1,0,0.54,0.9,0.545
0x4d0121e6e0e40858892274b2297a14aff6ef33a1096eb8aed8bba236c1fcd0fa,mlb-phi-lad-2026-05-31,2026,2026-05-31T20:10:00Z,Philadelphia Phillies,Los Angeles Dodgers,0,0,1,0,0.47,0.9,0.46
0x13a209eb86ff3d57d9edb1342de5fdde40848ff4af7c5541d940ac01834847b3,mlb-chc-stl-2026-05-31,2026,2026-05-31T23:20:00Z,Chicago Cubs,St. Louis Cardinals,0,2,0,0,0.5,0.9,0.49
0x10a99cd9da429797facc7adef274ae80e23e3abc16d61d97642d9455b031ac99,mlb-det-tb-2026-06-01,2026,2026-06-01T22:40:00Z,Detroit Tigers,Tampa Bay Rays,2,0,0,0,0.535,0.9,0.5
0xa111f3ac50aed3edab82ff332f9d86cb0b63316b58b336bb801c168dab06b16f,mlb-mia-wsh-2026-06-01,2026,2026-06-01T22:45:00Z,Miami Marlins,Washington Nationals,1,0,0,0,0.545,0.7,0.505
0x1f520071171524c99b829d384b8976f4c105a4be6ab4a7567e24c6d5477ddd60,mlb-kc-cin-2026-06-01,2026,2026-06-01T23:10:00Z,Kansas City Royals,Cincinnati Reds,4,1,0,0,0.475,0.9,0.52
0x0995f60d9bc09c736d9929f03825edaacc1ce1ce6d08cae3d8a76e07245bb90e,mlb-cws-min-2026-06-01,2026,2026-06-01T23:40:00Z,Chicago White Sox,Minnesota Twins,0,1,0,0,0.515,0.9,0.52
0x8cb9512ea66f325022b690b332f2ab9faedd26b28caa6d7b22091e006984fac4,mlb-sf-mil-2026-06-01,2026,2026-06-01T23:40:00Z,San Francisco Giants,Milwaukee Brewers,0,0,1,0,0.545,0.9,0.525
0x8d75d9aa2edf11c85e25407bfb4209aacda1225a1547b071027a5302f83bee76,mlb-tex-stl-2026-06-01,2026,2026-06-01T23:45:00Z,Texas Rangers,St. Louis Cardinals,0,0,1,0,0.54,0.9,0.53
0x478afcf111fc8836037416d9784d9dc68f6bcdf75b0ecc7bdbfe0782b6c7ab9b,mlb-col-laa-2026-06-01,2026,2026-06-02T01:38:00Z,Colorado Rockies,Los Angeles Angels,1,0,0,0,0.505,0.9,0.515
0x65ca9ec534ca63f92f85f2508c3270a43624a3c396d55b90a4816bd883b6c493,mlb-lad-ari-2026-06-01,2026,2026-06-02T01:40:00Z,Los Angeles Dodgers,Arizona Diamondbacks,0,0,1,0,0.495,0.9,0.5
0x3039fd00361c4a82d652c8646396f9a43fbc27d32bd836d13bea4ee0152048de,mlb-nym-sea-2026-06-01,2026,2026-06-02T01:40:00Z,New York Mets,Seattle Mariners,0,0,1,0,0.56,0.9,0.54
0x265b8302415ece85395de315f9786f338b6c7374e600e6060b501e1d7cb11349,mlb-det-tb-2026-06-02,2026,2026-06-02T22:40:00Z,Detroit Tigers,Tampa Bay Rays,2,0,0,0,0.505,0.9,0.505
0x4f4ab7f3998d13be3ba48723139d3d9154f6e3bc95ba878b746e1bb8d6bffef1,mlb-sd-phi-2026-06-02,2026,2026-06-02T22:40:00Z,San Diego Padres,Philadelphia Phillies,0,0,1,0,0.5,0.9,0.525
0xb99c4fd12a59776183253eb8c322d122fbe910b7d1ab735be58b9c08a0ee6669,mlb-bal-bos-2026-06-02,2026,2026-06-02T22:45:00Z,Baltimore Orioles,Boston Red Sox,0,1,0,0,0.515,0.9,0.505
0xb19aa87a5d9f4fce2e63719a57c2f76ddd39413d13e9089fca6f3421b4935ad3,mlb-mia-wsh-2026-06-02,2026,2026-06-02T22:45:00Z,Miami Marlins,Washington Nationals,0,0,1,0,0.485,0.9,0.51
0xa1c57f6ffb619ad8bc2539933be014172179beb95c297ce57fa61cc99cf9971f,mlb-cle-nyy-2026-06-02,2026,2026-06-02T23:05:00Z,Cleveland Guardians,New York Yankees,0,0,1,0,0.55,0.9,0.505
0xbd9a9f58c3bd4fc3fb723391f22cac88034e057eba1d02f50736211198ed4be6,mlb-kc-cin-2026-06-02,2026,2026-06-02T23:10:00Z,Kansas City Royals,Cincinnati Reds,0,0,1,0,0.48,0.9,0.535
0xe39ddebcaa288591d78bc0355eb62f9820f0c1782b885e461548e277ef189073,mlb-tor-atl-2026-06-02,2026,2026-06-02T23:15:00Z,Toronto Blue Jays,Atlanta Braves,0,2,0,0,0.525,0.9,0.52
0xfaf7e1819b92c942ca4343531ce349f7799fe0ae11a16342da8077f74c6873f6,mlb-cws-min-2026-06-02,2026,2026-06-02T23:40:00Z,Chicago White Sox,Minnesota Twins,0,0,1,0,0.525,0.9,0.475
0x08b2af15c94d5d7c99c2b319d4d103bafefadb2a87a2fa3535d0a44f28fddd5c,mlb-sf-mil-2026-06-02,2026,2026-06-02T23:40:00Z,San Francisco Giants,Milwaukee Brewers,0,3,0,0,0.545,0.9,0.535
0x89a4e8d1d66a5fd77fb517e29118c5f0c8d418b758054f700b69e7e72663e9af,mlb-tex-stl-2026-06-02,2026,2026-06-02T23:45:00Z,Texas Rangers,St. Louis Cardinals,0,0,1,0,0.555,0.9,0.525
0xd03065a4f560bb1552d79a8abd228ccecef9df7d9225f7ed2203b949c8b7b73f,mlb-oak-chc-2026-06-02,2026,2026-06-03T00:05:00Z,Athletics,Chicago Cubs,0,1,0,0,0.525,0.9,0.51
0x93e20903f5c4de1dc13df52ed495c686d2bb1513190926296cd50e42a8861193,mlb-pit-hou-2026-06-02,2026,2026-06-03T00:10:00Z,Pittsburgh Pirates,Houston Astros,0,2,0,0,0.485,0.9,0.47
0x32e7fc320530a5b3b677bf422dbb6c20e108981c9b600fb87c604c31da1a4faa,mlb-col-laa-2026-06-02,2026,2026-06-03T01:38:00Z,Colorado Rockies,Los Angeles Angels,0,0,1,0,0.49,0.9,0.475
0x1c493c37826423ca781af2cfc6c35cef0bb71201f63ae403d420a538a4ee6650,mlb-lad-ari-2026-06-02,2026,2026-06-03T01:40:00Z,Los Angeles Dodgers,Arizona Diamondbacks,2,0,0,0,0.455,0.9,0.475
0x2ec48fcd82fe6be594e3efb947028d004c05ee33f5a5286be016ae08cbb8bc3f,mlb-nym-sea-2026-06-02,2026,2026-06-03T01:40:00Z,New York Mets,Seattle Mariners,0,0,1,0,0.545,0.9,0.495
0xa3e1de8b6152a99ade284d9463d5a73871e8a0fccd3916eed0bb931ad4a70c47,mlb-mia-wsh-2026-06-03,2026,2026-06-03T17:05:00Z,Miami Marlins,Washington Nationals,0,0,1,0,0.54,0.9,0.525
0x683da6610969b8fa52a51af5baf0815d798aa0ffc0672120614c83192ec94e9b,mlb-det-tb-2026-06-03,2026,2026-06-03T17:10:00Z,Detroit Tigers,Tampa Bay Rays,1,1,0,0,0.525,0.9,0.54
0x2e3781d67b7dae6ceed438063655a2640689137463065d20a4e796ea4afa13b2,mlb-cws-min-2026-06-03,2026,2026-06-03T17:40:00Z,Chicago White Sox,Minnesota Twins,4,0,0,0,0.495,0.9,0.46
0xb9b94781e419f17a79d8e4641db994442fa8325b789a2cdbce51e240b8ace23e,mlb-nym-sea-2026-06-03,2026,2026-06-03T19:40:00Z,New York Mets,Seattle Mariners,1,1,0,0,0.555,0.9,0.52
0x067b29de11fed6d7649839d44536dbc6c3572b0271ea02230e7c2a7877cf76d4,mlb-sd-phi-2026-06-03,2026,2026-06-03T22:40:00Z,San Diego Padres,Philadelphia Phillies,0,0,1,0,0.525,0.9,0.515
0x7ec33de0f3374b5f2d02e79ede2e73c6f76c3caa0a61df1575e1ff15d4535e39,mlb-bal-bos-2026-06-03,2026,2026-06-03T22:45:00Z,Baltimore Orioles,Boston Red Sox,0,1,0,0,0.51,0.9,0.505
0xc004addbbd4d9f79358fcab6e18e0ddb27d6ed1c26fe7bb342fc45a38891fa7a,mlb-cle-nyy-2026-06-03,2026,2026-06-03T23:05:00Z,Cleveland Guardians,New York Yankees,0,0,1,0,0.555,0.9,0.535
0xce15137c6c7a2ea6f8e55fc5c35bbc795f8f1035ca72837d2f97d6a75676d200,mlb-kc-cin-2026-06-03,2026,2026-06-03T23:10:00Z,Kansas City Royals,Cincinnati Reds,2,0,0,0,0.545,0.9,0.5
0x83458b368965fa1d1e1dfff61e918f4890afe3c6dde3e8d372939b9f9a4439b9,mlb-tor-atl-2026-06-03,2026,2026-06-03T23:15:00Z,Toronto Blue Jays,Atlanta Braves,1,0,0,0,0.5,0.9,0.495
0xf87d82c22141c4a8e7b31dab43394c545a14b7ee31aaea839be118038fee118d,mlb-sf-mil-2026-06-03,2026,2026-06-03T23:40:00Z,San Francisco Giants,Milwaukee Brewers,0,0,1,0,0.53,0.9,0.555
0x1a9a48cc02b2395947fe833f470373808c2d20e3f62fe5274ea184dc1b022bcf,mlb-tex-stl-2026-06-03,2026,2026-06-03T23:45:00Z,Texas Rangers,St. Louis Cardinals,0,1,0,0,0.515,0.9,0.495
0x26bd758f3ee417349eb2456a336b5839e6d96b50c21dbebee52d05910b42307c,mlb-oak-chc-2026-06-03,2026,2026-06-04T00:05:00Z,Athletics,Chicago Cubs,1,0,0,0,0.495,0.9,0.475
0x1483b7ddf7404d7ba1a68bf3213be1e06badec2c8c12b3912f078873751737df,mlb-pit-hou-2026-06-03,2026,2026-06-04T00:10:00Z,Pittsburgh Pirates,Houston Astros,0,0,1,0,0.555,0.7,0.475
0x23cafd776740f2b3fb0635673e4132d6af6ad996062605123f7a5a7ab5528dac,mlb-col-laa-2026-06-03,2026,2026-06-04T01:38:00Z,Colorado Rockies,Los Angeles Angels,0,0,1,0,0.5,0.9,0.495
0x30bd96a5e99eea9840cf5b08ebe5184cdcae4dc2a106a75aadf8fb641e7e786d,mlb-lad-ari-2026-06-03,2026,2026-06-04T01:40:00Z,Los Angeles Dodgers,Arizona Diamondbacks,0,0,1,0,0.51,0.9,0.485
0xc157b253f67d12f47eb90d36f8e6408b5b34e5584722408350e76d03831146c4,mlb-sd-phi-2026-06-04,2026,2026-06-04T17:05:00Z,San Diego Padres,Philadelphia Phillies,0,0,1,0,0.51,0.8,0.535
0x229f9a7e58a2236e66c113597ea94c281f99ded1a9e070078a61f248d6422e27,mlb-bal-bos-2026-06-04,2026,2026-06-04T17:35:00Z,Baltimore Orioles,Boston Red Sox,6,0,0,0,0.44,0.9,0.51
0xed9a2f91da7d79bea3ecb93adf7c98002c764f6eb67f5542918c819446aaf06b,mlb-cle-nyy-2026-06-04,2026,2026-06-04T17:35:00Z,Cleveland Guardians,New York Yankees,0,0,1,0,0.475,0.9,0.51
0x808997f471412834a75cdfcbb1a902f351164fbdd5ed4a69be4f17995badbca1,mlb-sf-mil-2026-06-04,2026,2026-06-04T18:10:00Z,San Francisco Giants,Milwaukee Brewers,3,1,0,0,0.475,0.9,0.525
0xc048af375d657087a39e3a9b8d98e7b37274befa8c6bd247136539ecd66d0aa6,mlb-tor-atl-2026-06-04,2026,2026-06-04T23:15:00Z,Toronto Blue Jays,Atlanta Braves,0,0,1,0,0.565,0.9,0.515
0x04659fe4a5e358c1fb6106f4e33eec5bd0f817d2339d32c6867264f89bd3ccb2,mlb-kc-min-2026-06-04,2026,2026-06-04T23:40:00Z,Kansas City Royals,Minnesota Twins,1,1,0,0,0.49,0.9,0.505
0x6dea4dd554c4b316d985ff27d7b8ae478bb738a11361622014aa494d7650105b,mlb-oak-chc-2026-06-04,2026,2026-06-05T00:05:00Z,Athletics,Chicago Cubs,0,0,1,0,0.45,0.9,0.47
0x6e713766c78cb860c5266289e3095777b8eceed23e2e07c01617d85955f04e07,mlb-pit-hou-2026-06-04,2026,2026-06-05T00:10:00Z,Pittsburgh Pirates,Houston Astros,1,0,0,0,0.505,0.9,0.495
0x98832361b4f3959fe89802edcda853ca3d45e1ed40a38926ad8b4453e68877e4,mlb-lad-ari-2026-06-04,2026,2026-06-05T01:40:00Z,Los Angeles Dodgers,Arizona Diamondbacks,0,0,1,0,0.475,0.9,0.47
0x11acb7ed15881f3f3e3c7f2ad40b8392d88eaca73c8ddc7660c1e48613e80238,mlb-sf-chc-2026-06-05,2026,2026-06-05T18:20:00Z,San Francisco Giants,Chicago Cubs,2,0,0,0,0.455,0.9,0.475
0xa789938ed27304e29a0543af413ef6ef9299cf981d991036e67a085ff8b0bc1a,mlb-cws-phi-2026-06-05,2026,2026-06-05T22:40:00Z,Chicago White Sox,Philadelphia Phillies,0,0,1,0,0.51,0.9,0.48
0x47b5ef0d851ecb22f6fe30af98f8e503bf4a8ada8639d9b7a895fdb3a03c14f5,mlb-sea-det-2026-06-05,2026,2026-06-05T22:40:00Z,Seattle Mariners,Detroit Tigers,1,0,0,0,0.55,0.9,0.53
0xcc2f0a6be0cd5068e487efaae5f4485f47c4c15b2480f5723edd549c75e20852,mlb-bos-nyy-2026-06-05,2026,2026-06-05T23:05:00Z,Boston Red Sox,New York Yankees,0,1,0,0,0.51,0.9,0.51
0x614f8c167addca8542f69f53501b022a1d364a0265331e35fbc2a21218f51548,mlb-bal-tor-2026-06-05,2026,2026-06-05T23:07:00Z,Baltimore Orioles,Toronto Blue Jays,1,1,0,0,0.51,0.9,0.47
0xba5bdd329716cb39746603b13f2003fb2363c1b0be7f6d5ce2042a423e12ec26,mlb-tb-mia-2026-06-05,2026,2026-06-05T23:10:00Z,Tampa Bay Rays,Miami Marlins,3,0,0,0,0.515,0.9,0.54
0x2d14e280a4e8abaea003c8c719e955c6f26e0d1c0f175014dcf9533175028833,mlb-pit-atl-2026-06-05,2026,2026-06-05T23:15:00Z,Pittsburgh Pirates,Atlanta Braves,0,0,1,0,0.505,0.9,0.49
0xa29da410cf62a9c47141f229b11826eba66ed4d5702e733e6aafa81eacd8acc2,mlb-oak-hou-2026-06-05,2026,2026-06-06T00:10:00Z,Athletics,Houston Astros,0,3,0,0,0.465,0.9,0.46
0xded347ac47ee77f2c8b1fafa893f7fee0c1d282c06e12dc96e4f816aad07fb5a,mlb-cin-stl-2026-06-05,2026,2026-06-06T00:15:00Z,Cincinnati Reds,St. Louis Cardinals,3,2,0,0,0.48,0.7,0.47
0x961fb75b95e5eb47785544338c441384ba9fc005ead15077624cb9d820f43830,mlb-cle-tex-2026-06-05,2026,2026-06-06T00:15:00Z,Cleveland Guardians,Texas Rangers,1,0,0,0,0.54,0.7,0.555
0xab9648e6e9e037383cbb0f59c2f192adc104f7368614ff55a4c4227d2435706a,mlb-kc-min-2026-06-05,2026,2026-06-06T00:15:00Z,Kansas City Royals,Minnesota Twins,2,0,0,0,0.49,0.7,0.5
0xa6ea8ea30822456daaeef07337ca10b2ed93db9ecbd52e3e88ab1d3c1ae74ad5,mlb-mil-col-2026-06-05,2026,2026-06-06T00:40:00Z,Milwaukee Brewers,Colorado Rockies,0,1,0,0,0.425,0.9,0.42
0xc10b98556344be42b7ab0e16e2b16dda389a0b30737cec94347c19915844872b,mlb-nym-sd-2026-06-05,2026,2026-06-06T01:40:00Z,New York Mets,San Diego Padres,0,0,1,0,0.55,0.9,0.545
0xf9f2e3aa9c4bfe68f9ef8ce949d9a393691e7ef35b3fd7f1dcf085106319fb68,mlb-wsh-ari-2026-06-05,2026,2026-06-06T01:40:00Z,Washington Nationals,Arizona Diamondbacks,2,0,0,0,0.48,0.9,0.485
0xdc2c5acdd26f0432af4c2b9ac712ebf20e227e218be9cc26266f89a0541c978d,mlb-laa-lad-2026-06-05,2026,2026-06-06T02:10:00Z,Los Angeles Angels,Los Angeles Dodgers,0,0,1,0,0.52,0.9,0.43
0xbd1e143e56c6ed8b5fce27549bc48cc57e3dc03dea7864aa240167db545694e3,mlb-sea-det-2026-06-06,2026,2026-06-06T17:10:00Z,Seattle Mariners,Detroit Tigers,0,0,1,0,0.535,0.9,0.515
0x08a24b02f527353615c0b32bab479f2737144b2630c30037ba2a55844c878082,mlb-kc-min-2026-06-06,2026,2026-06-06T18:10:00Z,Kansas City Royals,Minnesota Twins,1,0,0,0,0.54,0.9,0.495
0x38682cf1bf1f96ba52702bb69ecff64e737962584b9f7f9af2d9bc058f841244,mlb-cin-stl-2026-06-06,2026,2026-06-06T18:15:00Z,Cincinnati Reds,St. Louis Cardinals,0,0,1,0,0.465,0.7,0.47
0x936feda1ee49de02a89f4a0093868c8acb1788d06972f0f41d4de47577294ca6,mlb-sf-chc-2026-06-06,2026,2026-06-06T18:20:00Z,San Francisco Giants,Chicago Cubs,0,0,1,0,0.555,0.9,0.48
0x9fb48cee7ab93e2a1e75ce0476b4a3013b9c89fa3fe01a69ef5136ca96023939,mlb-bal-tor-2026-06-06,2026,2026-06-06T19:07:00Z,Baltimore Orioles,Toronto Blue Jays,0,0,1,0,0.525,0.9,0.505
0x5238aa360b81dbc9f02254c8457ec8b5ae5aad5cd28ea46e542ac584924ec466,mlb-cws-phi-2026-06-06,2026,2026-06-06T20:05:00Z,Chicago White Sox,Philadelphia Phillies,4,0,0,0,0.455,0.9,0.455
0xb4e41158ee591840680ccfc97652ffcb0137c6b26712572b5d57e2b693d8c71f,mlb-oak-hou-2026-06-06,2026,2026-06-06T20:10:00Z,Athletics,Houston Astros,0,1,0,0,0.45,0.9,0.46
0x8fe9119f43435201e5f36cf9b04f68d68bddb60dd8794f15f317983963db30dd,mlb-pit-atl-2026-06-06,2026,2026-06-06T20:10:00Z,Pittsburgh Pirates,Atlanta Braves,0,2,0,0,0.53,0.9,0.485
0xc6b999ad1fd2211c659a062da10fd1d69e82266462cec3f5725c6ce094d30f69,mlb-tb-mia-2026-06-06,2026,2026-06-06T20:10:00Z,Tampa Bay Rays,Miami Marlins,0,0,1,0,0.53,0.9,0.47
0x6557f7108d59341a78bc4c4e9139bc9a3de9ecbe79f0e3388c1292f04cdf3c8d,mlb-wsh-ari-2026-06-06,2026,2026-06-06T20:10:00Z,Washington Nationals,Arizona Diamondbacks,2,0,0,0,0.475,0.9,0.465
0x3b81bddf300f111bf878b70e0a562563fe1247d66273791f882fc232f9c7ecef,mlb-cle-tex-2026-06-06,2026,2026-06-06T23:35:00Z,Cleveland Guardians,Texas Rangers,0,0,1,0,0.54,0.9,0.505
0x5763c7409a53aca70a16887684b750da982822225e69da8785cb5f76be21a517,mlb-mil-col-2026-06-06,2026,2026-06-07T01:10:00Z,Milwaukee Brewers,Colorado Rockies,1,0,0,0,0.465,0.9,0.46
0x91eb4d4cb1ff4cb51c2e572048905c27efb1e4f14c9c20bfcf5bb3f6d55cc88c,mlb-laa-lad-2026-06-06,2026,2026-06-07T02:10:00Z,Los Angeles Angels,Los Angeles Dodgers,1,9,0,0,0.49,0.9,0.49
0xa8ab85f7daf6ecd6d90141c9af20f74683128e9254b3707ba5e5737fe62c897f,mlb-nym-sd-2026-06-06,2026,2026-06-07T02:10:00Z,New York Mets,San Diego Padres,0,0,1,0,0.54,0.9,0.515
0x02212c3c4bd6dd9826ae68114797840e0012ae10a3815804a5de0742c0737c14,mlb-bos-nyy-2026-06-07,2026,2026-06-07T17:35:00Z,Boston Red Sox,New York Yankees,0,0,1,0,0.55,0.9,0.55
0xeae931f53ea6ae869cafbe3f459c87905223968def617f8dcbd71568acde2031,mlb-cws-phi-2026-06-07,2026,2026-06-07T17:35:00Z,Chicago White Sox,Philadelphia Phillies,0,1,0,0,0.47,0.9,0.45
0x195750926465f9bf69622b5d580744345b2fd68995dd58444b0476f84c7c35c0,mlb-pit-atl-2026-06-07,2026,2026-06-07T17:35:00Z,Pittsburgh Pirates,Atlanta Braves,1,0,0,0,0.5,0.9,0.515
0x61d77d8b76766bbc6db0343e0ab07f1bb0812c8922122905bd0f4b77e6089e18,mlb-bal-tor-2026-06-07,2026,2026-06-07T17:37:00Z,Baltimore Orioles,Toronto Blue Jays,0,0,1,0,0.53,0.9,0.495
0x2133e5818084a4eed243c5ebf6f3c5950f85a98b11afff880fd90fd5c91b47f4,mlb-sea-det-2026-06-07,2026,2026-06-07T17:40:00Z,Seattle Mariners,Detroit Tigers,0,0,1,0,0.505,0.9,0.505
0x87a23d7b6fa47da59e983c5adea498b5cf2f226b656bd409b1c5e8ecca1b1e60,mlb-tb-mia-2026-06-07,2026,2026-06-07T17:40:00Z,Tampa Bay Rays,Miami Marlins,0,0,1,0,0.535,0.9,0.5
0x6b5df07f3e3fb57994ba5a814e94b2ad00fac6608855cde8866197c700f67115,mlb-kc-min-2026-06-07,2026,2026-06-07T18:10:00Z,Kansas City Royals,Minnesota Twins,0,0,1,0,0.515,0.9,0.495
0x15eca683174f350ad92e86b909c7f0cc437f9733ceebebe94a2e3f863dca1f1e,mlb-oak-hou-2026-06-07,2026,2026-06-07T18:10:00Z,Athletics,Houston Astros,0,0,1,0,0.48,0.9,0.465
0xe6233d21f9d435f0b7c235d5e2548c757deeea0f270253fe6d73eabe3501df1c,mlb-cin-stl-2026-06-07,2026,2026-06-07T18:15:00Z,Cincinnati Reds,St. Louis Cardinals,0,0,1,0,0.475,0.9,0.455
0x608f2c098915a7f533d5c7546d2f8c5ea9b56ca545276f35cda7d8da1bc70d09,mlb-cle-tex-2026-06-07,2026,2026-06-07T18:35:00Z,Cleveland Guardians,Texas Rangers,0,2,0,0,0.56,0.9,0.525
0x551b80d78b389fccbdfdf0d31b070da379582059283dd2a66f6ae9239c6bd17b,mlb-mil-col-2026-06-07,2026,2026-06-07T19:10:00Z,Milwaukee Brewers,Colorado Rockies,0,2,0,0,0.4,0.9,0.455
0x540f718353e5ed9f185dc4dd122432b76bc361025d5ef67d4c1672e9feaee1b3,mlb-wsh-ari-2026-06-07,2026,2026-06-07T19:15:00Z,Washington Nationals,Arizona Diamondbacks,0,1,0,0,0.525,0.9,0.465
0x449551362b47b11965a0264e506dd883c0906afa7dd5a403ddcc52edb93063a0,mlb-laa-lad-2026-06-07,2026,2026-06-07T20:10:00Z,Los Angeles Angels,Los Angeles Dodgers,0,0,1,0,0.49,0.9,0.465
0xb77ca16efe653ee97fbaa1c5a5dee2d4ff0f40919ce58a0bf8a6e9d1304b035f,mlb-nym-sd-2026-06-07,2026,2026-06-07T20:10:00Z,New York Mets,San Diego Padres,1,0,0,0,0.535,0.9,0.505
0xa890ac870d89bb57ff36684a33de8899c509b69a0cfbd6fcba22d9f979d475af,mlb-sf-chc-2026-06-07,2026,2026-06-08T00:30:00Z,San Francisco Giants,Chicago Cubs,1,0,0,0,0.535,1.0,0.52
0xc548a7ffdd5bf3e1de1538e15dd392898e9036501f873b13684ed5ae84675681,mlb-sea-bal-2026-06-08,2026,2026-06-08T22:35:00Z,Seattle Mariners,Baltimore Orioles,0,0,1,0,0.485,0.9,0.49
0xd7546da8173fd16a451c10781349cc723b1c4683018e12d337254cd160762827,mlb-bos-tb-2026-06-08,2026,2026-06-08T22:40:00Z,Boston Red Sox,Tampa Bay Rays,0,1,0,0,0.515,0.7,0.495
0xabcb2bf19b4cd1216e44c2a2f379c2186375e98a2eb1470c399e6f44d327ce8d,mlb-nyy-cle-2026-06-08,2026,2026-06-08T22:40:00Z,New York Yankees,Cleveland Guardians,2,0,0,0,0.545,0.7,0.51
0x996b0d61561aef15384b2a3618433c8d1566aec3676987301bcc0d3da3a3df4c,mlb-phi-tor-2026-06-08,2026,2026-06-08T23:07:00Z,Philadelphia Phillies,Toronto Blue Jays,0,0,1,0,0.56,0.9,0.53
0x28c807bcebaa05d0a215448c7433c32743c8c73e0fa9709429cee0bba326df46,mlb-hou-laa-2026-06-08,2026,2026-06-09T01:38:00Z,Houston Astros,Los Angeles Angels,0,0,1,0,0.46,0.9,0.495
0xaa9a93a8aa5760836d982111a9e73f7eb0d62161e0a7edcad6069149aa6620e8,mlb-cin-sd-2026-06-08,2026,2026-06-09T01:40:00Z,Cincinnati Reds,San Diego Padres,0,0,1,0,0.525,0.9,0.525
0xc38884cb8b4e620f2194b392cfcdb6a61ed81a579bc3eb039b9e21846f7a0057,mlb-wsh-sf-2026-06-08,2026,2026-06-09T01:45:00Z,Washington Nationals,San Francisco Giants,0,0,1,0,0.54,0.9,0.52
0x3a84335921b548160c5d53a82b9a36a2ffac169ecc4724bed3c8ad587082404d,mlb-mil-oak-2026-06-08,2026,2026-06-09T02:05:00Z,Milwaukee Brewers,Athletics,1,1,0,0,0.45,0.9,0.43
0x18efcbc1904cc8cb422a0658aa9b29033648ae2316aea7302e7b2ef47be5a4b1,mlb-sea-bal-2026-06-09,2026,2026-06-09T22:35:00Z,Seattle Mariners,Baltimore Orioles,0,1,0,0,0.515,0.9,0.535
0xbad5f70cbf78cf6798dd29900be1cc2eccd57db99afded62752f1a3aa18233d5,mlb-ari-mia-2026-06-09,2026,2026-06-09T22:40:00Z,Arizona Diamondbacks,Miami Marlins,1,1,0,0,0.53,0.9,0.535
0xcf7fdd4bcb11e2315160fc9e1581d3956c04f1f1bd3c30ff30042c624708c585,mlb-bos-tb-2026-06-09,2026,2026-06-09T22:40:00Z,Boston Red Sox,Tampa Bay Rays,0,0,1,0,0.555,0.9,0.52
0x62cf10b3a8c11f35b4be1de77bc6b88555672dd428c0320655a923365119a63e,mlb-lad-pit-2026-06-09,2026,2026-06-09T22:40:00Z,Los Angeles Dodgers,Pittsburgh Pirates,0,2,0,0,0.525,0.9,0.51
0x170bb9eef75b9af7cc2b81acd0cbd061179046b5e16452c3fbd4e3b5382e37f0,mlb-min-det-2026-06-09,2026,2026-06-09T22:40:00Z,Minnesota Twins,Detroit Tigers,1,1,0,0,0.5,0.9,0.5
0x545634579277022ca0ad056b103526aad098f6beadd6a947130609723c0c167f,mlb-phi-tor-2026-06-09,2026,2026-06-09T23:07:00Z,Philadelphia Phillies,Toronto Blue Jays,1,0,0,0,0.555,0.9,0.525
0x9aab733f4e501f2a93cc4d6f21caf38be5721ece88b80d08d7b3da8febf9430b,mlb-stl-nym-2026-06-09,2026,2026-06-09T23:10:00Z,St. Louis Cardinals,New York Mets,0,0,1,0,0.51,0.9,0.525
0xae69364032c6cd7f479c5e449c6ba74c6677839587d0b09b1470b68fd08982c9,mlb-chc-col-2026-06-09,2026,2026-06-10T00:40:00Z,Chicago Cubs,Colorado Rockies,0,2,0,0,0.415,0.9,0.43
0xb1b8d86484a339988808913503b565b8eea0933010cfb62a3d9099ab0e0b613f,mlb-hou-laa-2026-06-09,2026,2026-06-10T01:38:00Z,Houston Astros,Los Angeles Angels,0,2,0,0,0.5,0.9,0.505
0x4a8b3b4f39b95823774cdeab338d8c0e53247a0143c6b852fd41175611d1abf8,mlb-cin-sd-2026-06-09,2026,2026-06-10T01:40:00Z,Cincinnati Reds,San Diego Padres,0,0,1,0,0.56,0.9,0.535
0xa7a41a316fb021c9b63017756384e92d889f824685e625b1dcf7d809000d2984,mlb-mil-oak-2026-06-09,2026,2026-06-10T02:05:00Z,Milwaukee Brewers,Athletics,2,1,0,0,0.37,0.9,0.405
0x74f99b2559104be849659a6c4fad9dd4abc4ca0c01b50ca42d20d93d4966a58a,mlb-nyy-cle-2026-06-10,2026,2026-06-10T17:10:00Z,New York Yankees,Cleveland Guardians,0,1,0,0,0.555,0.9,0.53
0x10e221147746e666c6550b82be53caed72501aebd74941f24a16f43dbd540113,mlb-wsh-sf-2026-06-10,2026,2026-06-10T19:45:00Z,Washington Nationals,San Francisco Giants,0,0,1,0,0.52,0.7,0.395
0x53b858f6377a51c4a6327d1891d3018dfd435f7c8e8f680bf9b21dfb07b5fa70,mlb-cin-sd-2026-06-10,2026,2026-06-10T20:10:00Z,Cincinnati Reds,San Diego Padres,0,1,0,0,0.52,0.9,0.515
0xaca8e9f21bdf2cd8292889af73690bf82321cf972f80a0839d612e5a38f4ece8,mlb-sea-bal-2026-06-10,2026,2026-06-10T22:35:00Z,Seattle Mariners,Baltimore Orioles,0,0,1,0,0.495,0.9,0.5
0x8219b10a78e8ad49d68a84ed5608246aac19dad98c40313bd4f2b9883bf1d3a8,mlb-ari-mia-2026-06-10,2026,2026-06-10T22:40:00Z,Arizona Diamondbacks,Miami Marlins,0,0,1,0,0.505,0.9,0.51
0xbe6e2bf2c1bed0c73a14a2dfaf4aa4be319ecdec7a75899947558b5d88378fdc,mlb-lad-pit-2026-06-10,2026,2026-06-10T22:40:00Z,Los Angeles Dodgers,Pittsburgh Pirates,0,0,1,0,0.545,0.9,0.535
0x9aeab8ab1dbd06d986ddb2632ab81b893c1e7fa13c2ee225c407a49ac8eb04ec,mlb-min-det-2026-06-10,2026,2026-06-10T22:40:00Z,Minnesota Twins,Detroit Tigers,0,0,1,0,0.47,0.9,0.465
0x34abf715f6931ee47fceda4cf1122ccc4c9b25da43918a2ff1ed0e481bd991d7,mlb-phi-tor-2026-06-10,2026,2026-06-10T23:07:00Z,Philadelphia Phillies,Toronto Blue Jays,1,0,0,0,0.48,0.9,0.495
0xc86881cb511ce14fd6ab9fdd7afd18161a7d14b6269304694c13daaa728f1331,mlb-stl-nym-2026-06-10,2026,2026-06-10T23:10:00Z,St. Louis Cardinals,New York Mets,2,0,0,0,0.505,0.9,0.505
0x5e61fcfa913064cec698b439ee64c3eee81278c32a0e7a64fe1294e92af13d6f,mlb-atl-cws-2026-06-10,2026,2026-06-10T23:40:00Z,Atlanta Braves,Chicago White Sox,0,0,1,0,0.56,0.9,0.525
0x125ed8b429861e10b5754a9d72ed9ece839a7d9f732e19dd37cdd8de42650d47,mlb-tex-kc-2026-06-10,2026,2026-06-10T23:40:00Z,Texas Rangers,Kansas City Royals,0,0,1,0,0.47,0.9,0.475
0xb922b7b977adc2a948eede4299560b302139ea9ae56812bf5b3c8d08b63403ea,mlb-chc-col-2026-06-10,2026,2026-06-11T00:40:00Z,Chicago Cubs,Colorado Rockies,0,0,1,0,0.42,0.9,0.415
0x3a487f6acaf1a97ff284003ac882e3e692bc415f6a24aadddf6887abbe386e01,mlb-mil-oak-2026-06-10,2026,2026-06-11T01:05:00Z,Milwaukee Brewers,Athletics,1,0,0,0,0.335,0.9,0.355
0xa22243feb4e7370f310f14908b5458f57c55290e3da4a5f75f06a0ecae04f39a,mlb-hou-laa-2026-06-10,2026,2026-06-11T01:38:00Z,Houston Astros,Los Angeles Angels,0,1,0,0,0.495,0.9,0.525
0x15171e281e5ca30996b59a588427cab1c111a2b9b66092f568c47e78afc100db,mlb-ari-mia-2026-06-11,2026,2026-06-11T17:10:00Z,Arizona Diamondbacks,Miami Marlins,0,1,0,0,0.495,0.9,0.52
0x43ef4145409cc57c8d1d60fc68e3765680bbd9f30b2b5fc02e51ee74d95ae431,mlb-min-det-2026-06-11,2026,2026-06-11T17:10:00Z,Minnesota Twins,Detroit Tigers,0,1,0,0,0.465,0.9,0.535
0xcdd6ceacf238a07f3c275879836e1fdd9794ccb4b61bdc680623283d97d98190,mlb-stl-nym-2026-06-11,2026,2026-06-11T17:10:00Z,St. Louis Cardinals,New York Mets,1,3,0,0,0.5,0.9,0.505
0x5cb7036082abec3612f1039fe69118cd2d2ce7bb3af1055e9abf38e2bfd5486e,mlb-tex-kc-2026-06-11,2026,2026-06-11T18:10:00Z,Texas Rangers,Kansas City Royals,1,0,0,0,0.45,0.9,0.61
0xd863f4ec78a40e3f951054f7a2bc6873c87e03a4202673989e2334cf0eed5cd9,mlb-chc-col-2026-06-11,2026,2026-06-11T19:10:00Z,Chicago Cubs,Colorado Rockies,0,0,1,0,0.45,0.9,0.55
0xe15248e45f609aca53d3b7fe720f49c5fed6e733e9ca10d607e74695e83d2d28,mlb-lad-pit-2026-06-11,2026,2026-06-11T22:40:00Z,Los Angeles Dodgers,Pittsburgh Pirates,0,0,1,0,0.47,0.9,0.48
0xe27ca657d1a0c4e9560e2751f62944c0b6acb7a7e24effdd3e5fa48b42645e15,mlb-sea-bal-2026-06-11,2026,2026-06-11T23:05:00Z,Seattle Mariners,Baltimore Orioles,1,0,0,0,0.525,0.9,0.495
0x1e9bd067dfa2dd742b6afb4fc95092db12e34b5a572bdfd0b5dbc544071e9353,mlb-mia-pit-2026-06-12,2026,2026-06-12T22:40:00Z,Miami Marlins,Pittsburgh Pirates,0,0,1,0,0.51,0.9,0.5
0x56c94b6669770a2c9749b0d860aed7dc557bd2d431b6bad1b55f9cc8ee852b6b,mlb-sea-wsh-2026-06-12,2026,2026-06-12T22:45:00Z,Seattle Mariners,Washington Nationals,0,0,1,0,0.485,0.9,0.47
0x9178c5d9610f2e77b854ee1fcfedf16c10802835c924becae843bd3e5c0541d1,mlb-sd-bal-2026-06-12,2026,2026-06-12T23:05:00Z,San Diego Padres,Baltimore Orioles,1,3,0,0,0.48,0.9,0.495
0x42ad500166cf727613f628c92f95577200540c4ce1b2188ed86462fe82cf348a,mlb-det-cle-2026-06-12,2026,2026-06-12T23:10:00Z,Detroit Tigers,Cleveland Guardians,0,0,1,0,0.515,0.9,0.515
0x1db41fdf79285f1aeb3cd0335aa29827c453530f4750cb27f753356e469699f3,mlb-tex-bos-2026-06-12,2026,2026-06-12T23:10:00Z,Texas Rangers,Boston Red Sox,1,2,0,0,0.535,0.9,0.505
0x636a46fdd7683140cd64d2a2dc09662de7ae0546b15f43b340083a29fb2794fa,mlb-ari-cin-2026-06-12,2026,2026-06-12T23:15:00Z,Arizona Diamondbacks,Cincinnati Reds,0,0,1,0,0.47,0.9,0.48
0xeaa0b700ef9df6c8bba65a3e07cf49aef5fc17bf3a009e0dffac9355451e81b0,mlb-atl-nym-2026-06-12,2026,2026-06-12T23:15:00Z,Atlanta Braves,New York Mets,0,2,0,0,0.51,0.9,0.51
0x8e80ed9238e3a01216864d49095dd14a85dad8138e4cf82dac8eff23e024efbb,mlb-nyy-tor-2026-06-12,2026,2026-06-12T23:37:00Z,New York Yankees,Toronto Blue Jays,0,3,0,0,0.52,0.7,0.51
0x37bdeadaa637ce9ecdf790a893641aefc837c5744b6490b32588d4fdddd6a578,mlb-lad-cws-2026-06-12,2026,2026-06-12T23:40:00Z,Los Angeles Dodgers,Chicago White Sox,0,1,0,0,0.485,0.9,0.505
0x7543f428b8ddd700f905e5a68116119adecf7cbdf7d748111c2ad09873b22776,mlb-phi-mil-2026-06-12,2026,2026-06-12T23:40:00Z,Philadelphia Phillies,Milwaukee Brewers,0,1,0,0,0.515,0.9,0.525
0xd25fc0a1f529989b2492c41059fd7a12007289c446d9e41a0682555a6afe44f0,mlb-hou-kc-2026-06-12,2026,2026-06-13T00:10:00Z,Houston Astros,Kansas City Royals,9,5,0,0,0.465,0.9,0.48
0x0b3d15d1ad27541cabac5ae5e30e86b4541ce2a900652b2384252d292e2069e6,mlb-stl-min-2026-06-12,2026,2026-06-13T00:10:00Z,St. Louis Cardinals,Minnesota Twins,1,1,0,0,0.5,0.9,0.495
0xfc68348241cc33160391837fe5ebafcde93595a4f3b3c5d7db71b24747685870,mlb-tb-laa-2026-06-12,2026,2026-06-13T01:38:00Z,Tampa Bay Rays,Los Angeles Angels,0,2,0,0,0.48,0.9,0.52
0xd9594e1ae65fe8d9d100ebe5f8cf6d031ffc8b2e84dbfdefd55eb79095e20841,mlb-col-oak-2026-06-12,2026,2026-06-13T02:05:00Z,Colorado Rockies,Athletics,0,0,1,0,0.34,0.9,0.33
0x6756621314417da495da75aa96f2ea6e5f40a5a73e2f3c5b0e4918d1ccbf70da,mlb-chc-sf-2026-06-12,2026,2026-06-13T02:15:00Z,Chicago Cubs,San Francisco Giants,0,0,1,0,0.525,0.9,0.53
0xf0cf26e0f0796bb463541b26781af99f6414ddc1267b52c4f8ed39bcb49910bd,mlb-stl-min-2026-06-13,2026,2026-06-13T18:10:00Z,St. Louis Cardinals,Minnesota Twins,2,0,0,0,0.485,0.9,0.515
0x89713a5d078b694af51d9a90c956ac88b895be6d29c38417ef46c3f1b7b3454c,mlb-nyy-tor-2026-06-13,2026,2026-06-13T19:07:00Z,New York Yankees,Toronto Blue Jays,0,0,1,0,0.555,0.9,0.515
0x450d485ffde51f13ddf3756d005fc6654545829c256c1027517c2baa98c4f6d0,mlb-sd-bal-2026-06-13,2026,2026-06-13T20:05:00Z,San Diego Padres,Baltimore Orioles,4,2,0,0,0.43,0.7,0.505
0x378e2de725c0a4110b1827f0065126900ed57f66cf5f554d114278ef7e3dcc31,mlb-sea-wsh-2026-06-13,2026,2026-06-13T20:05:00Z,Seattle Mariners,Washington Nationals,0,3,0,0,0.48,0.7,0.525
0x5a18a1142a63f1b4aef2325d4e7572e136ba6d65f22602e8894597e9f132f7e3,mlb-ari-cin-2026-06-13,2026,2026-06-13T20:10:00Z,Arizona Diamondbacks,Cincinnati Reds,1,0,0,0,0.49,0.9,0.46
0xb305d6007f4a314ff5021c92eaaf6f4bbcab9c8a895b8e343d30d373a8f72560,mlb-atl-nym-2026-06-13,2026,2026-06-13T20:10:00Z,Atlanta Braves,New York Mets,0,0,1,0,0.495,0.9,0.49
0x0256380bbc7fcd1ebdd74497efd41ba123bab105a9d08cec33ffb5b561770487,mlb-det-cle-2026-06-13,2026,2026-06-13T20:10:00Z,Detroit Tigers,Cleveland Guardians,1,0,0,0,0.55,0.9,0.525
0xb80e9a43c322eed5e19feb85d1e4bb9484cf50dc1a0948684f831ac2026e32bf,mlb-lad-cws-2026-06-13,2026,2026-06-13T20:10:00Z,Los Angeles Dodgers,Chicago White Sox,3,0,0,0,0.505,0.9,0.495
0xf9c9b8ec917bb23c45426fecc81587b8dbf9e6bfcfb3c23bd9e23c7778210b28,mlb-tex-bos-2026-06-13,2026,2026-06-13T20:10:00Z,Texas Rangers,Boston Red Sox,0,0,1,0,0.555,0.9,0.53
0x7e5899e4934f3d2269eb82ca356e4166bf30d98fd4440496399047d0d3c8f968,mlb-phi-mil-2026-06-13,2026,2026-06-13T23:10:00Z,Philadelphia Phillies,Milwaukee Brewers,0,0,1,0,0.49,0.9,0.52
0x8a81575074f1a5489b620de0e2aacede1a3d647ba81de6b0276a2fd9ae7297f7,mlb-col-oak-2026-06-13,2026,2026-06-14T02:05:00Z,Colorado Rockies,Athletics,0,2,0,0,0.335,0.9,0.35
0x35ee2b5b9ae7d457b3fadf86fa7977f921cb597304ffeaf7a98712bc75d3bc6d,mlb-tb-laa-2026-06-13,2026,2026-06-14T02:07:00Z,Tampa Bay Rays,Los Angeles Angels,0,0,1,0,0.515,0.9,0.54
0x47db83266adfdcbb8d2a220cb07089e43f570e7043b74b6d65d5c9843f2e3f67,mlb-mia-pit-2026-06-14,2026,2026-06-14T16:15:00Z,Miami Marlins,Pittsburgh Pirates,0,0,1,0,0.6,0.9,0.535
0x7d632b295c3c5391001a9a34efd6279d0af87842d63373a25302211ef9742c48,mlb-sd-bal-2026-06-14,2026,2026-06-14T17:35:00Z,San Diego Padres,Baltimore Orioles,0,0,1,0,0.455,0.9,0.495
0x2c9afd361077f9e6cc35966bbcb5bf382cede6ad40627763dd9892ae62743b15,mlb-sea-wsh-2026-06-14,2026,2026-06-14T17:35:00Z,Seattle Mariners,Washington Nationals,1,1,0,0,0.44,0.9,0.525
0xf2c2dd18b36452785a03e2d8995445172e4caa6e6177c825bc777cf36aa5ab0b,mlb-nyy-tor-2026-06-14,2026,2026-06-14T17:37:00Z,New York Yankees,Toronto Blue Jays,0,0,1,0,0.505,0.9,0.53
0x9098e12882694a1512bd150a5121425a739da58d379291b83eced0a39abbf701,mlb-atl-nym-2026-06-14,2026,2026-06-14T17:40:00Z,Atlanta Braves,New York Mets,1,4,0,0,0.5,0.9,0.525
0xad6bd2db7e0d16c7f123d16af95e1e2620c0ba7bfaeee5ce7d6cde61fdfda9fc,mlb-hou-kc-2026-06-14,2026,2026-06-14T18:10:00Z,Houston Astros,Kansas City Royals,0,1,0,0,0.5,0.9,0.535
0xdd54ea72885a85f3fa5f69e820d2d762c056eb7dede087aa6c1941860b6f0772,mlb-lad-cws-2026-06-14,2026,2026-06-14T18:10:00Z,Los Angeles Dodgers,Chicago White Sox,1,0,0,0,0.475,0.9,0.435
0x09e1e9e2793157603e8175e976e66885dcb78087563e33642b5ca43cee04f74b,mlb-phi-mil-2026-06-14,2026,2026-06-14T18:10:00Z,Philadelphia Phillies,Milwaukee Brewers,0,1,0,0,0.605,0.9,0.55
0x3d38039765c4f9e30775ffddb9451243debe451747e2f4ba4a1dca6045217366,mlb-stl-min-2026-06-14,2026,2026-06-14T18:10:00Z,St. Louis Cardinals,Minnesota Twins,0,0,1,0,0.47,0.9,0.54
0xc3790116d6c679cc71ba1402d43850081a7f28d842bcf1b4e963250ebf829815,mlb-col-oak-2026-06-14,2026,2026-06-14T19:05:00Z,Colorado Rockies,Athletics,2,4,0,0,0.32,0.9,0.565
0x302ac33a98677ab118d796dfd2b14c1dbfd3984b175cbbb4622e20a5d7a6bd84,mlb-chc-sf-2026-06-14,2026,2026-06-14T19:10:00Z,Chicago Cubs,San Francisco Giants,0,0,1,0,0.53,0.9,0.55
0x6d31e5676ab03ae83afccc1890e23e88dff99bcbfd6bf05fbd2d0269f148c020,mlb-tb-laa-2026-06-14,2026,2026-06-14T20:07:00Z,Tampa Bay Rays,Los Angeles Angels,0,0,1,0,0.46,0.9,0.52
0x55d04dbfdb9cdbdda8aa0a54548b69f68c52f31c7928d3f265b15ee14f0ae4f3,mlb-tex-bos-2026-06-14,2026,2026-06-14T23:20:00Z,Texas Rangers,Boston Red Sox,1,0,0,0,0.48,0.9,0.485
0x10c577147710e1e58071f60a449f5820924367b58478e8e9ed41771ab0aa677b,mlb-mia-phi-2026-06-15,2026,2026-06-15T22:40:00Z,Miami Marlins,Philadelphia Phillies,0,0,1,0,0.51,0.9,0.525
0x15175380d9b03f77fe2f3da17dd4c4adcf884ad8814e0cba8cfed9fc2cb4354b,mlb-kc-wsh-2026-06-15,2026,2026-06-15T22:45:00Z,Kansas City Royals,Washington Nationals,0,0,1,0,0.48,0.9,0.505
0x91a52f46c0612ea79014380fbcbd72106c891b3bc658d8103007fadb066db269,mlb-nym-cin-2026-06-15,2026,2026-06-15T23:10:00Z,New York Mets,Cincinnati Reds,0,3,0,0,0.55,0.9,0.505
0xa9a9cb6e4ef6de895470cbea2f58263ab6bfd6e4fdc64a7bab5c11cb80c4a1cb,mlb-sd-stl-2026-06-15,2026,2026-06-15T23:45:00Z,San Diego Padres,St. Louis Cardinals,0,0,1,0,0.51,0.9,0.54
0x569fdd6b975aad3722ad05e35a911b934fae0a8be23299bcc0661dba79883cce,mlb-col-chc-2026-06-15,2026,2026-06-16T00:05:00Z,Colorado Rockies,Chicago Cubs,0,1,0,0,0.485,0.9,0.52
0x6d1189a0a137cbef9983db5efa30fb514cb7f13bc2e071f224903654ba278cc2,mlb-min-tex-2026-06-15,2026,2026-06-16T00:05:00Z,Minnesota Twins,Texas Rangers,3,0,0,0,0.52,0.9,0.51
0x90b4035f9e8007911d1553154bf32a5fc6dea22de2866bec3eaf31b96bc251cb,mlb-det-hou-2026-06-15,2026,2026-06-16T00:10:00Z,Detroit Tigers,Houston Astros,1,0,0,0,0.485,0.9,0.51
0x85f0ba8d0e18fbafe61e522260a53cedfab0598eed9493b2b757dab50627d6d9,mlb-laa-ari-2026-06-15,2026,2026-06-16T01:40:00Z,Los Angeles Angels,Arizona Diamondbacks,1,1,0,0,0.495,0.9,0.49
0x7c2bbb5155fa4774156ad2709de48baf1b1a018d30631d4e02a59c9f46323b5e,mlb-pit-oak-2026-06-15,2026,2026-06-16T01:40:00Z,Pittsburgh Pirates,Athletics,0,0,1,0,0.43,0.9,0.435
0x38fd3f83686d2d4bf59c8cc1bb0d8715b486a8aa8302d5364fd9ed052e467359,mlb-tb-lad-2026-06-15,2026,2026-06-16T02:10:00Z,Tampa Bay Rays,Los Angeles Dodgers,2,0,0,0,0.45,0.9,0.485
0xef3434bc44cb604356652da5a2ee792713c5929817500191356b8f82275a715b,mlb-mia-phi-2026-06-16,2026,2026-06-16T22:40:00Z,Miami Marlins,Philadelphia Phillies,0,3,0,0,0.515,0.9,0.51
0x1bd0d8f7496e6f9c52dc313907f7aa567f6f4e33438118cb6983aa539c05aca1,mlb-kc-wsh-2026-06-16,2026,2026-06-16T22:45:00Z,Kansas City Royals,Washington Nationals,0,0,1,0,0.51,0.9,0.525
0xf8bf606761468e2382b794d5fa1986a9bcd450d0d63fa135b8294545a11d6f73,mlb-tor-bos-2026-06-16,2026,2026-06-16T22:45:00Z,Toronto Blue Jays,Boston Red Sox,0,0,1,0,0.585,0.9,0.495
0x8fd13d9ef6d7a9b5a95985d473c13bc964d728f64e3eced475438879360c74b5,mlb-cws-nyy-2026-06-16,2026,2026-06-16T23:05:00Z,Chicago White Sox,New York Yankees,1,0,0,0,0.535,0.9,0.525
0xc28d852f0ae4e787553e23d8e226a0564190e5e2fb8022c78f415d6f74687ea7,mlb-nym-cin-2026-06-16,2026,2026-06-16T23:10:00Z,New York Mets,Cincinnati Reds,0,4,0,0,0.48,0.9,0.45
0x4f2801ba4c0bebb257d03bf881bb8d6db899500d7a75309af7d224d54749a301,mlb-sf-atl-2026-06-16,2026,2026-06-16T23:15:00Z,San Francisco Giants,Atlanta Braves,1,2,0,0,0.46,0.9,0.465
0xc3ec6f34f08482d8bd92861f3f64dc53a389556337d4a984c08fe36f16dc75fb,mlb-cle-mil-2026-06-16,2026,2026-06-16T23:40:00Z,Cleveland Guardians,Milwaukee Brewers,0,0,1,0,0.49,0.9,0.49
0x73ee6bb51ae2e180db45d00b0dc8f27d18fad95555617df3bf9f94ab7de08d73,mlb-sd-stl-2026-06-16,2026,2026-06-16T23:45:00Z,San Diego Padres,St. Louis Cardinals,0,0,1,0,0.51,0.9,0.52
0x80f3145e5327d9bac4deb5f31ca33a5f462b346fda25aa54e5048a47acac7710,mlb-col-chc-2026-06-16,2026,2026-06-17T00:05:00Z,Colorado Rockies,Chicago Cubs,0,1,0,0,0.48,0.9,0.48
0x01d1d621dc6c0965acb4b7b0b0f9d9a6bdcf3dcea03e70d6981729922ba627b8,mlb-min-tex-2026-06-16,2026,2026-06-17T00:05:00Z,Minnesota Twins,Texas Rangers,2,0,0,0,0.495,0.9,0.5
0xbf85bd009b125728f0c238430b3ae2d70749cbeb57fab80ba580f939054c8c3d,mlb-det-hou-2026-06-16,2026,2026-06-17T00:10:00Z,Detroit Tigers,Houston Astros,0,0,1,0,0.525,0.9,0.545
0xad0b555ef0b7995a5bf591152cd5d9ccd24f3a995b2a9ea15cfff700bb49b627,mlb-bal-sea-2026-06-16,2026,2026-06-17T01:40:00Z,Baltimore Orioles,Seattle Mariners,1,0,0,0,0.53,0.7,0.525
0x958193e0bbe922a7d999483b006d9167a21563f9cc375458ca10b1e36cb46646,mlb-laa-ari-2026-06-16,2026,2026-06-17T01:40:00Z,Los Angeles Angels,Arizona Diamondbacks,0,0,1,0,0.5,0.7,0.505
0xc3d16aef00a062aa8f4da8d267856ec7d0d975c9de2947d4c489d2081f490bcb,mlb-pit-oak-2026-06-16,2026,2026-06-17T01:40:00Z,Pittsburgh Pirates,Athletics,0,4,0,0,0.4,0.7,0.435
0x0c5a5755ee72c06e846c5f42163b1270ba677d448759aaebf479aac4ce83738f,mlb-tb-lad-2026-06-16,2026,2026-06-17T02:10:00Z,Tampa Bay Rays,Los Angeles Dodgers,0,0,1,0,0.515,0.9,0.5
0xe461003fa025eaf636ca28a65015964acdf6752a846d1c65e2bbdec5d9c47d99,mlb-nym-cin-2026-06-17,2026,2026-06-17T16:40:00Z,New York Mets,Cincinnati Reds,0,0,1,0,0.505,0.9,0.47
0xd7fb9fb08bda0127db96ff1bc1fbf2e6b30f4716e839e13215f18eba4c8805e7,mlb-kc-wsh-2026-06-17,2026,2026-06-17T17:05:00Z,Kansas City Royals,Washington Nationals,1,0,0,0,0.435,0.9,0.5
0xb79b0e7f8a3d2be7d76edc27adcc6b391af889f9d3596cbf717cf9f5083e9bc8,mlb-mia-phi-2026-06-17,2026,2026-06-17T17:05:00Z,Miami Marlins,Philadelphia Phillies,2,2,0,0,0.455,0.9,0.465
0xed959814e5fe8aec4a4cb4b44f6cae685af6729914830bc861cf7c7cdbf2562a,mlb-det-hou-2026-06-17,2026,2026-06-17T18:10:00Z,Detroit Tigers,Houston Astros,0,0,1,0,0.525,0.9,0.515
0xcbf67d6dad42878011bcc26aefe098b13672ef85066e8f9f6093ae4ad0baa377,mlb-sd-stl-2026-06-17,2026,2026-06-17T18:15:00Z,San Diego Padres,St. Louis Cardinals,1,0,0,0,0.445,0.9,0.425
0xf014863e4d720c6fcf6c3bdfd15c106de9c02663c92de540e4fbb9fd8cb7afb0,mlb-tb-lad-2026-06-17,2026,2026-06-17T19:10:00Z,Tampa Bay Rays,Los Angeles Dodgers,0,0,1,0,0.595,0.9,0.54
0x3a3d4013faa7f0e6906322b42c8ce53a0c36ba86556c95ef0d315371e01d50cb,mlb-laa-ari-2026-06-17,2026,2026-06-17T19:40:00Z,Los Angeles Angels,Arizona Diamondbacks,1,0,0,0,0.455,0.9,0.425
0xcb28584a96fef558715349bf3111b05ff36d97f75b354b592703540aa05a8a58,mlb-tor-bos-2026-06-17,2026,2026-06-17T22:45:00Z,Toronto Blue Jays,Boston Red Sox,0,0,1,0,0.495,0.9,0.49
0xe6acde32fbf2018a544bb489968ba0a7f02fbc02df0617c790fd43b38b8dbda5,mlb-cws-nyy-2026-06-17,2026,2026-06-17T23:05:00Z,Chicago White Sox,New York Yankees,0,2,0,0,0.515,0.9,0.535
0x6a554a30d749f1710c67a3d93eb27c15811fbfdbf13c24dac34bed986c413942,mlb-sf-atl-2026-06-17,2026,2026-06-17T23:15:00Z,San Francisco Giants,Atlanta Braves,1,0,0,0,0.49,0.9,0.475
0x56f74ebe535687d2b61a5c2d5acccfe9413d1a6ae0911b8f9fa2ccd2881262f3,mlb-cle-mil-2026-06-17,2026,2026-06-17T23:40:00Z,Cleveland Guardians,Milwaukee Brewers,0,3,0,0,0.525,0.9,0.545
0xba00b3c0e88e3063c53dfd5fe281cb15cf2813954faaf0b0abccdcc89e17e6c5,mlb-col-chc-2026-06-17,2026,2026-06-18T00:05:00Z,Colorado Rockies,Chicago Cubs,0,0,1,0,0.46,0.9,0.46
0x3395d5fc0f714f702a8aff19fff98e5293ae86a23dc91fb2fedf5d697adb096b,mlb-bal-sea-2026-06-17,2026,2026-06-18T01:40:00Z,Baltimore Orioles,Seattle Mariners,0,0,1,0,0.535,0.9,0.52
0xf6f1a1ace735e2924e718461d89a44e5fc188b5cefede8f69d44bfb5cde0875f,mlb-pit-oak-2026-06-17,2026,2026-06-18T01:40:00Z,Pittsburgh Pirates,Athletics,3,0,0,0,0.445,0.9,0.46
0xe23487ba831fcf696e67a65989497a0517de48097e0f3e14030867072257b504,mlb-tor-bos-2026-06-18,2026,2026-06-18T17:35:00Z,Toronto Blue Jays,Boston Red Sox,1,0,0,0,0.49,0.9,0.49
0x99eecd56bf79499fc155a22f0221bc61d89bf6856983b4766c02adbd57e48233,mlb-cle-mil-2026-06-18,2026,2026-06-18T18:10:00Z,Cleveland Guardians,Milwaukee Brewers,0,0,1,0,0.56,0.9,0.55
0x093bef129ea30f14df275c5107c8414f7908f95d831e77c5c6831a24e6fc4fb5,mlb-min-tex-2026-06-18,2026,2026-06-18T18:35:00Z,Minnesota Twins,Texas Rangers,4,0,0,0,0.52,0.9,0.53
0xa6c67602ca995363cf40c3aa543f4d00d0e00398e4e07f0599d9e764cd9bcce2,mlb-bal-sea-2026-06-18,2026,2026-06-18T20:10:00Z,Baltimore Orioles,Seattle Mariners,0,3,0,0,0.55,0.9,0.535
0x91e786089255b05a38f5dd8e2890dc596d4758d057ed8a8e399d7a2f00e61ae6,mlb-nym-phi-2026-06-18,2026,2026-06-18T22:40:00Z,New York Mets,Philadelphia Phillies,2,1,0,0,0.455,0.9,0.48
0xf97d1e5846b46bb2b0696c6961bf96a2d0eb8eabc358d14329e4d0d96fdf9e4b,mlb-cws-nyy-2026-06-18,2026,2026-06-18T23:05:00Z,Chicago White Sox,New York Yankees,0,0,1,0,0.475,0.7,0.48
0x6228d6aa2b55641ecaeee25d6235cb00ffb79d9c712577e4466708379c6e6a34,mlb-stl-kc-2026-06-18,2026,2026-06-18T23:40:00Z,St. Louis Cardinals,Kansas City Royals,2,1,0,0,0.515,0.9,0.525
0x6286791869b11c9224d9e5d64848829406f0953df8aa8f916e6ae8ca1ca853d8,mlb-laa-oak-2026-06-18,2026,2026-06-19T01:40:00Z,Los Angeles Angels,Athletics,0,5,0,0,0.43,0.9,0.425
0x59b3d287bffee630661afe4edb3e4007e13c4d1b90c17d2338ef24915a2db5ec,mlb-tor-chc-2026-06-19,2026,2026-06-19T18:20:00Z,Toronto Blue Jays,Chicago Cubs,0,7,0,0,0.59,0.9,0.515
0xb49ed1c4398840dc1f1112d6634142d6e7ac4b162060542f6089c7a96832e659,mlb-cws-det-2026-06-19,2026,2026-06-19T22:40:00Z,Chicago White Sox,Detroit Tigers,1,2,0,0,0.535,0.9,0.515
0x7d60b2e7e37acff7f6de352fd91bbe9ec77d2d15be51f69a27de246cb420070d,mlb-cin-nyy-2026-06-19,2026,2026-06-19T23:05:00Z,Cincinnati Reds,New York Yankees,0,0,1,0,0.485,0.9,0.49
0x7645ea0d20b3c4aebde4517e9c55d0d6a29da72667e2d011515ea93ff489a76f,mlb-sf-mia-2026-06-19,2026,2026-06-19T23:10:00Z,San Francisco Giants,Miami Marlins,0,1,0,0,0.55,0.9,0.52
0x679e6c3a540e298cf642953fb9692e85f7b0c8d20a3f348324517df79059d745,mlb-wsh-tb-2026-06-19,2026,2026-06-19T23:10:00Z,Washington Nationals,Tampa Bay Rays,0,0,1,0,0.515,0.9,0.535
0x44307a02811ec438f8eba9bb13d061ad56bd95d6df12d4f952b7422c2fb03e09,mlb-mil-atl-2026-06-19,2026,2026-06-19T23:15:00Z,Milwaukee Brewers,Atlanta Braves,0,0,1,0,0.56,0.7,0.59
0x455d1dbb85a430473322240160549b1870a7c3ff933d69e21688db64b010cb2e,mlb-sd-tex-2026-06-19,2026,2026-06-20T00:05:00Z,San Diego Padres,Texas Rangers,5,6,0,0,0.535,0.9,0.54
0x0a8d48b7cee1a71e05a5958e31c0ea2759c4486615aa5a9b80dff32b6dfab70e,mlb-cle-hou-2026-06-19,2026,2026-06-20T00:10:00Z,Cleveland Guardians,Houston Astros,0,1,0,0,0.505,0.9,0.49
0x9c9c866ddd72cd6e04d67ded573cbe8aa0c5547bbb33a2fd18c6d01e9c467f05,mlb-stl-kc-2026-06-19,2026,2026-06-20T00:15:00Z,St. Louis Cardinals,Kansas City Royals,1,0,0,0,0.49,0.9,0.475
0x8d1243e6b5248396c1bb95365abe6ca63d1b35db1868706a20c012277ac60654,mlb-pit-col-2026-06-19,2026,2026-06-20T00:40:00Z,Pittsburgh Pirates,Colorado Rockies,0,0,1,0,0.43,0.9,0.425
0xd8b0e55c2abb6eb0db07a7a7cb3d82459a9c25a4d188db7da8e8258749e86fe2,mlb-laa-oak-2026-06-19,2026,2026-06-20T01:40:00Z,Los Angeles Angels,Athletics,0,0,1,0,0.425,0.9,0.39
0x66360917543ca237ca8a0c55fe4457760fa385de5734a4e5259b388d0197dfde,mlb-min-ari-2026-06-19,2026,2026-06-20T01:45:00Z,Minnesota Twins,Arizona Diamondbacks,0,0,1,0,0.5,0.9,0.51
0xb877fdcbeae65172f5a5292053ec429bdcaf1c0fcb2aa49bf52865c5d725330b,mlb-bal-lad-2026-06-19,2026,2026-06-20T02:10:00Z,Baltimore Orioles,Los Angeles Dodgers,0,2,0,0,0.465,0.9,0.45
0x48abc013f3d4273824e51eee9e28b15c87a7786a83281e73835e9026a85d2d38,mlb-bos-sea-2026-06-19,2026,2026-06-20T02:10:00Z,Boston Red Sox,Seattle Mariners,0,0,1,0,0.595,0.9,0.565
0x3c2203bb6255d8918d615c9313c5f9fd5b7926c99c9b2710dd15d248afe37890,mlb-cws-det-2026-06-20,2026,2026-06-20T17:10:00Z,Chicago White Sox,Detroit Tigers,1,0,0,0,0.5,0.9,0.38
0x1e41ddf9d9a7f3c015c21824a6aca3743b818d51b08d6124cf6ff88027547ea7,mlb-cin-nyy-2026-06-20,2026,2026-06-20T17:35:00Z,Cincinnati Reds,New York Yankees,0,1,0,0,0.465,0.9,0.49
0xd715ea7c40bc08b631585d733657c3ea7dd2bb0d72c0c8984be2bc5665402ba7,mlb-tor-chc-2026-06-20,2026,2026-06-20T18:20:00Z,Toronto Blue Jays,Chicago Cubs,0,0,1,0,0.465,0.9,0.55
0x8703fb021ff4497617c88ec7685984a8ad0a54ccc22ece0d5f1c0b0579934436,mlb-sd-tex-2026-06-20,2026,2026-06-20T20:05:00Z,San Diego Padres,Texas Rangers,0,0,1,0,0.53,0.9,0.51
0x7aa567156ffa03203d5ab4bf1d38e9d2a972b6ea56132196693e7eac8e95178c,mlb-mil-atl-2026-06-20,2026,2026-06-20T20:10:00Z,Milwaukee Brewers,Atlanta Braves,0,0,1,0,0.585,0.9,0.535
0x8ab936a4967c0b9bfe876bc21ed71180c0e47121b8c990d067bfe10ec6ff4779,mlb-sf-mia-2026-06-20,2026,2026-06-20T20:10:00Z,San Francisco Giants,Miami Marlins,0,1,0,0,0.54,0.9,0.515
0x82577220b39717ef51ee08e46375241ecb644db1814e0d3e4be09dcb14f81eae,mlb-wsh-tb-2026-06-20,2026,2026-06-20T20:10:00Z,Washington Nationals,Tampa Bay Rays,0,1,0,0,0.505,0.9,0.475
0x2aefa5c3fe2656c98529d25582b3ae3fb96043d1bf9461e15d1a038ab44ae03c,mlb-cle-hou-2026-06-20,2026,2026-06-20T23:15:00Z,Cleveland Guardians,Houston Astros,1,0,0,0,0.5,0.9,0.495
0xc3298fef905b679143f38205f6e2ea107cbc3b2ed4d4c19a93771ce113ac7859,mlb-nym-phi-2026-06-20,2026,2026-06-20T23:15:00Z,New York Mets,Philadelphia Phillies,0,1,0,0,0.58,0.9,0.535
0xc6c1cd7e0c9102475b1dd4ff643f6442a2064ad371bf04a7fc86abc2f5a311cf,mlb-pit-col-2026-06-20,2026,2026-06-21T01:10:00Z,Pittsburgh Pirates,Colorado Rockies,1,1,0,0,0.47,0.9,0.465
0x186566910944c3f3a80ddfe41a788d08d1cbc32ea7fe855a9d82b4573c51d44f,mlb-laa-oak-2026-06-20,2026,2026-06-21T02:05:00Z,Los Angeles Angels,Athletics,0,0,1,0,0.46,0.9,0.425
0x36a18e1a03c23df6c8c8124ce8209f8ba91f0b3a5074c87965dc1a46cdf3eb81,mlb-bal-lad-2026-06-20,2026,2026-06-21T02:10:00Z,Baltimore Orioles,Los Angeles Dodgers,0,0,1,0,0.505,0.9,0.51
0x2ac756724dfba79e5dbc459e0a1e034efa7fbcd54e35da5d556b2fe5d52405ae,mlb-bos-sea-2026-06-20,2026,2026-06-21T02:10:00Z,Boston Red Sox,Seattle Mariners,0,1,0,0,0.535,0.9,0.53
0x9ec917ebd9d8590ec92309d72a8038093ff3ae345d88baf90d2d287c07f8e473,mlb-min-ari-2026-06-20,2026,2026-06-21T02:10:00Z,Minnesota Twins,Arizona Diamondbacks,2,0,0,0,0.48,0.9,0.465
0xaac93189b0ad67a9e728322a9b9296118cfb77ef21e0a5b8c35cb40a53697249,mlb-cin-nyy-2026-06-21,2026,2026-06-21T17:35:00Z,Cincinnati Reds,New York Yankees,0,0,1,0,0.49,0.9,0.545
0x3c2b693e2bf180ffbd1a5639a8ffcad77e8bbf9a84479722e274233ca5a763b0,mlb-mil-atl-2026-06-21,2026,2026-06-21T17:35:00Z,Milwaukee Brewers,Atlanta Braves,0,1,0,0,0.495,0.9,0.515
0x9aecc66730a28b6ca00fc5663752fc4a977ecc308ee484c94907648b24861639,mlb-cws-det-2026-06-21,2026,2026-06-21T17:40:00Z,Chicago White Sox,Detroit Tigers,0,0,1,0,0.51,0.9,0.485
0x3f2cb063dda5ca2be683e9f721543d0bf80d7af52b3e6c8d208fb224a19bcbd8,mlb-sf-mia-2026-06-21,2026,2026-06-21T17:40:00Z,San Francisco Giants,Miami Marlins,0,0,1,0,0.535,0.9,0.46
0xb3ab0dc3c227196f5a5366d6ace3330235a5e21f5c9dcbb06ac4e0e327409502,mlb-wsh-tb-2026-06-21,2026,2026-06-21T17:40:00Z,Washington Nationals,Tampa Bay Rays,0,0,1,0,0.505,0.9,0.515
0x6d3b99cf0f363e8a283c04aae21f1c16ffcc1886978221bb86a8e55e15f0262c,mlb-cle-hou-2026-06-21,2026,2026-06-21T18:10:00Z,Cleveland Guardians,Houston Astros,0,1,0,0,0.505,0.9,0.465
0x0e3317349fe139b9bb9688999893a56fdc16fbb8da327688d5063f60e69c4bea,mlb-stl-kc-2026-06-21,2026,2026-06-21T18:10:00Z,St. Louis Cardinals,Kansas City Royals,5,2,0,0,0.515,0.9,0.51
0xfd05aa7330008cc0bd0ea110ac7816ba9b3a10f2a6d0875d8a14be7bc62ce46c,mlb-sd-tex-2026-06-21,2026,2026-06-21T18:35:00Z,San Diego Padres,Texas Rangers,0,0,1,0,0.52,0.7,0.485
0xd702314be8e490bf76213f04ffbbed8b2dd34ffecc587129982b111e58be36a0,mlb-pit-col-2026-06-21,2026,2026-06-21T19:10:00Z,Pittsburgh Pirates,Colorado Rockies,0,0,1,0,0.43,0.7,0.475
0x957be9200f818a2a59d6e30014e09032e52664ace55aa72317701d14219f6fa4,mlb-min-ari-2026-06-21,2026,2026-06-21T19:15:00Z,Minnesota Twins,Arizona Diamondbacks,0,0,1,0,0.445,0.9,0.46
0x62f7166c52253f94852282cac60733febefb3034bc319ec07504ab5de4830c75,mlb-laa-oak-2026-06-21,2026,2026-06-21T20:05:00Z,Los Angeles Angels,Athletics,0,4,0,0,0.485,0.9,0.335
0x4752d8e9198abd1fbade13b5ac64f834474d4e86a4679e9035bddb459aeedb0c,mlb-bal-lad-2026-06-21,2026,2026-06-21T20:10:00Z,Baltimore Orioles,Los Angeles Dodgers,2,1,0,0,0.46,0.9,0.485
0x91fbc4471062bb549c95703e9055e3ef4c164cf10eae81cdc037a5851048819c,mlb-bos-sea-2026-06-21,2026,2026-06-21T20:10:00Z,Boston Red Sox,Seattle Mariners,0,0,1,0,0.59,0.9,0.56
0xf002c7fb75eb5c91494ea8efc5b73f7887bbbf63fc006e0163f4a5d0f3cc8a67,mlb-nym-phi-2026-06-21,2026,2026-06-21T23:20:00Z,New York Mets,Philadelphia Phillies,0,2,0,0,0.515,0.9,0.495
0xa7cf8c97e346e837bfd737dda7a069bf5f97982f3700718670d8021bc86552bc,mlb-nyy-det-2026-06-22,2026,2026-06-22T22:10:00Z,New York Yankees,Detroit Tigers,0,0,1,0,0.535,0.9,0.525
0xf88e74338dba1305aba25d175cfcb9b4ae307d896f4e411003f0d8f9ca06bdbd,mlb-kc-tb-2026-06-22,2026,2026-06-22T22:40:00Z,Kansas City Royals,Tampa Bay Rays,0,0,1,0,0.555,0.9,0.545
0xb726228cd581a68eca13617e840e0591e60cbed41a8004dea399ed7101272107,mlb-tex-mia-2026-06-22,2026,2026-06-22T22:40:00Z,Texas Rangers,Miami Marlins,0,0,1,0,0.51,0.9,0.53
0x7772bb7572b2c80d4f15c035c78959e71ed567edae48a88314dfae124ad0c403,mlb-phi-wsh-2026-06-22,2026,2026-06-22T22:45:00Z,Philadelphia Phillies,Washington Nationals,0,1,0,0,0.465,0.9,0.46
0x41430b2501cb97c9ecbcda19699dda9adf524d7fdaa78ae9ace5380cc0c7e8a5,mlb-hou-tor-2026-06-22,2026,2026-06-22T23:07:00Z,Houston Astros,Toronto Blue Jays,1,0,0,0,0.575,0.9,0.55
0xd6cfacbe9ecbb1e5d62d1ae666f58c1d51d99a36af5048dd2a5fc020f79bb2a2,mlb-chc-nym-2026-06-22,2026,2026-06-22T23:10:00Z,Chicago Cubs,New York Mets,0,0,1,1,0.495,0.9,0.505
0x65fbdbf17424332a4799d042689be90830d8c1896b09a395fea917e744efd5c7,mlb-mil-cin-2026-06-22,2026,2026-06-22T23:10:00Z,Milwaukee Brewers,Cincinnati Reds,0,0,1,0,0.47,0.9,0.485
0xfb91f602bb0032772c617bb04138e197ebae64bf7d83483b1305178f8c431613,mlb-cle-cws-2026-06-22,2026,2026-06-22T23:40:00Z,Cleveland Guardians,Chicago White Sox,0,0,1,0,0.525,0.9,0.525
0x3b80ed07c8cbc10e7f477c01bf79c9f46032f9953823ca228d5d8f2945c21870,mlb-lad-min-2026-06-22,2026,2026-06-22T23:40:00Z,Los Angeles Dodgers,Minnesota Twins,1,1,0,0,0.455,0.9,0.455
0x471dec2176558c64c29ff589c26c0eeab22e21a7b808f300331c543439b476f9,mlb-ari-stl-2026-06-22,2026,2026-06-22T23:45:00Z,Arizona Diamondbacks,St. Louis Cardinals,0,0,1,0,0.495,0.7,0.495
0xf0a9c2d2b3f04a390cb378e016a8a3df3c35a8f4f7749a87bcaa9a4b7fb81f0f,mlb-bos-col-2026-06-22,2026,2026-06-23T00:40:00Z,Boston Red Sox,Colorado Rockies,0,0,1,0,0.425,0.9,0.405
0x57967f871ccc9116cd00f9f654d49f333895f7cc997249ba84f26053b0389238,mlb-bal-laa-2026-06-22,2026,2026-06-23T01:38:00Z,Baltimore Orioles,Los Angeles Angels,1,0,0,0,0.47,0.9,0.52
0x2e3d63a89749505fdcedcd25b1bad99866d75860adaa3590b264adfc6bd4515e,mlb-atl-sd-2026-06-22,2026,2026-06-23T02:10:00Z,Atlanta Braves,San Diego Padres,0,0,1,0,0.525,0.7,0.535
0xea762d4a84d45cf12aaa1776aad6b4126fcd48f77ba3a5298a06767f9b3eef5c,mlb-hou-tor-2026-06-23,2026,2026-06-23T20:07:00Z,Houston Astros,Toronto Blue Jays,1,0,0,0,0.495,0.9,0.54
0x59abe96641e9ab065604b78b7dec80ee3c072e0b775f313d8b169bf9711ce90c,mlb-kc-tb-2026-06-23,2026,2026-06-23T22:40:00Z,Kansas City Royals,Tampa Bay Rays,2,1,0,0,0.545,0.9,0.515
0xa937862090fd9cfb7b8c20a4024fb3316dd15349076f813f14b2549e0158f7b5,mlb-nyy-det-2026-06-23,2026,2026-06-23T22:40:00Z,New York Yankees,Detroit Tigers,0,0,1,0,0.535,0.9,0.545
0x54f17a7949060a2880ff312fc7fe70ac87f2833b0a8862bdc9e8baf7695ec370,mlb-sea-pit-2026-06-23,2026,2026-06-23T22:40:00Z,Seattle Mariners,Pittsburgh Pirates,0,0,1,0,0.495,0.9,0.53
0x361dcdc9cb783d90d4fba68ac8081bb13a099634fe040c1e20fa6af6d36b629f,mlb-tex-mia-2026-06-23,2026,2026-06-23T22:40:00Z,Texas Rangers,Miami Marlins,0,0,1,0,0.515,0.9,0.5
0xe84ff73b566379e6d547690d559cfb3c0bcb3ef662db33b1b72515a0d69d782f,mlb-phi-wsh-2026-06-23,2026,2026-06-23T22:45:00Z,Philadelphia Phillies,Washington Nationals,0,0,1,0,0.505,0.9,0.51
0x348bb766591c0e17c217d0849a5be2bd9b1834f8d96f1799b33e831a99937b58,mlb-chc-nym-2026-06-23,2026,2026-06-23T23:10:00Z,Chicago Cubs,New York Mets,0,0,1,0,0.5,0.9,0.53
0x979e7f72070adefb831c2d44d1f89433ecfd44e57d05cfc9e56077c5f21b25b8,mlb-mil-cin-2026-06-23,2026,2026-06-23T23:10:00Z,Milwaukee Brewers,Cincinnati Reds,0,0,1,0,0.47,0.9,0.48
0xa42d06159ce98fb711c88b235bbe828a2983c682b3d0a884b0eda49786db5091,mlb-cle-cws-2026-06-23,2026,2026-06-23T23:40:00Z,Cleveland Guardians,Chicago White Sox,0,0,1,0,0.57,0.9,0.565
0xe16340e32626339116b6303ca5878791292536965fbd691cc4e3583bb5ac6ea8,mlb-lad-min-2026-06-23,2026,2026-06-23T23:40:00Z,Los Angeles Dodgers,Minnesota Twins,1,0,0,0,0.485,0.9,0.5
0xf025f95263cb30853c4c16319aca9e9e74cbf027509c626588a4bd5a671314dd,mlb-ari-stl-2026-06-23,2026,2026-06-23T23:45:00Z,Arizona Diamondbacks,St. Louis Cardinals,0,0,1,0,0.495,0.9,0.51
0xa18e1d944be54e47febc6be4aa37e7844bc2f224bac702a1444ce3883c342568,mlb-bos-col-2026-06-23,2026,2026-06-24T00:40:00Z,Boston Red Sox,Colorado Rockies,1,0,0,0,0.45,0.9,0.42
0xb255a4333ec9b4b97f62b8c01f2458987887623f157538c0545a5ae13f0212ed,mlb-bal-laa-2026-06-23,2026,2026-06-24T01:38:00Z,Baltimore Orioles,Los Angeles Angels,0,2,0,0,0.475,0.9,0.49
0x274f86d1b9b2b6916a05f4067b7a898f2268fcc2077c4f6af31a210a302e3f7e,mlb-atl-sd-2026-06-23,2026,2026-06-24T01:40:00Z,Atlanta Braves,San Diego Padres,0,0,1,0,0.53,0.7,0.535
0x243f6d8ecf8210b96ff3ebc66f251ef25e1033e80bb8b8faa04187a043474a3f,mlb-oak-sf-2026-06-23,2026,2026-06-24T01:45:00Z,Athletics,San Francisco Giants,0,0,1,0,0.495,0.9,0.5
0xe8b71a167126bc8718c1b5fe9865b111c4c7b75c672a332a0c9c4f7373d90c15,mlb-tex-mia-2026-06-24,2026,2026-06-24T16:10:00Z,Texas Rangers,Miami Marlins,0,0,1,0,0.565,0.9,0.515
0x91401fcbfbaca1d7887898953dc9240f811c1818a0671f4d025a1c2602a2a33c,mlb-cle-cws-2026-06-24,2026,2026-06-24T18:10:00Z,Cleveland Guardians,Chicago White Sox,0,0,1,0,0.52,0.9,0.505
0x7a09b8ed07258bbc2b55905d7c42cfb36c8cc02ed95a7d645dea990c089ee6fb,mlb-bos-col-2026-06-24,2026,2026-06-24T19:10:00Z,Boston Red Sox,Colorado Rockies,1,0,0,0,0.46,0.7,0.475
0x96d395eaad0402ccfc0c4edc3989cef04c7d72ab4cd70176360718c990f0f6bf,mlb-bal-laa-2026-06-24,2026,2026-06-24T20:07:00Z,Baltimore Orioles,Los Angeles Angels,0,2,0,0,0.48,0.9,0.485
0x18f9ef0c1d27871653da1d232b4229c55ee1bbd1e8fe5f8c5de1bd54abf46576,mlb-kc-tb-2026-06-24,2026,2026-06-24T22:40:00Z,Kansas City Royals,Tampa Bay Rays,0,0,1,0,0.545,0.9,0.525
0x23b238337f9e74f549992ccdc3887924df0f18e4bff5deca8832de9626b7807d,mlb-nyy-det-2026-06-24,2026,2026-06-24T22:40:00Z,New York Yankees,Detroit Tigers,1,0,0,0,0.59,0.9,0.525
0xffa563af63d508113d6b3f6ae6be4bfe762e48fe28a35fa04015a5f369084bf4,mlb-sea-pit-2026-06-24,2026,2026-06-24T22:40:00Z,Seattle Mariners,Pittsburgh Pirates,1,0,0,0,0.57,0.9,0.535
0x47842d4d79aeec2ff45f145b8999633a7b99d0821de884ea86e7ad2c19b09e6f,mlb-phi-wsh-2026-06-24,2026,2026-06-24T22:45:00Z,Philadelphia Phillies,Washington Nationals,0,1,0,0,0.455,0.9,0.47
0x0de6d3adfa9236e4951b09e24123d2e0ff0c327583ccbab25aa79c8f147161a0,mlb-hou-tor-2026-06-24,2026,2026-06-24T23:07:00Z,Houston Astros,Toronto Blue Jays,1,1,0,0,0.485,0.9,0.48
0x67a7b1c178a5bb098922735f211756f551fecf34da349fef8b78b20c79ebb104,mlb-chc-nym-2026-06-24,2026,2026-06-24T23:10:00Z,Chicago Cubs,New York Mets,0,0,1,0,0.54,0.9,0.495
0x1c8834e19f8325928d9104c5885fce3908d0c90048f8f27650883f432cab6a53,mlb-mil-cin-2026-06-24,2026,2026-06-24T23:10:00Z,Milwaukee Brewers,Cincinnati Reds,0,0,1,0,0.47,0.9,0.475
0x491a268aa5c2ef25f5785597d1fbd9b367e9604f73c763f12e125c5e1f47f236,mlb-lad-min-2026-06-24,2026,2026-06-24T23:40:00Z,Los Angeles Dodgers,Minnesota Twins,0,0,1,0,0.545,0.9,0.555
0x0b8bd6e0e85b12c9500e32ad097e76168b30c111cd194ffb8f169988c1463c89,mlb-ari-stl-2026-06-24,2026,2026-06-24T23:45:00Z,Arizona Diamondbacks,St. Louis Cardinals,0,0,1,0,0.465,0.9,0.495
0x7219ac6d5b63fa6d36b8ae6556cd25bee352f27fe1137c641b344bdfc752108d,mlb-atl-sd-2026-06-24,2026,2026-06-25T00:40:00Z,Atlanta Braves,San Diego Padres,0,0,1,0,0.52,0.9,0.52
0x7579d953f37dc814f25b03180b8385f44cb90ef5908446739cdaee01ecfc43ee,mlb-oak-sf-2026-06-24,2026,2026-06-25T01:45:00Z,Athletics,San Francisco Giants,0,0,1,0,0.51,0.7,0.53
0x86aafb02fc8450f9a8ffcf91d4c6e5d918a5a4f4a769e729eac1ca5c33b8c15c,mlb-kc-tb-2026-06-25,2026,2026-06-25T16:10:00Z,Kansas City Royals,Tampa Bay Rays,0,2,0,0,0.495,0.9,0.51
0x7f783b0921b0064ba8bb7435a0be6491e8876cb80021752bbbb546d39f835340,mlb-sea-pit-2026-06-25,2026,2026-06-25T16:35:00Z,Seattle Mariners,Pittsburgh Pirates,0,1,0,0,0.555,0.9,0.525
0xde8e0c24160245072047af380aefa4e71d117e0bd72cbe4130180e2e5f5aacb1,mlb-oak-sf-2026-06-25,2026,2026-06-25T19:45:00Z,Athletics,San Francisco Giants,0,0,1,0,0.54,0.9,0.51
0x8f14792c8409de4547155873ba15188b56a6dbb1b9c871f9d0a7b84e18bb4344,mlb-hou-det-2026-06-25,2026,2026-06-25T22:40:00Z,Houston Astros,Detroit Tigers,0,0,1,0,0.47,0.8,0.52
0x9b461d347653d93f4a6caabcfb73d041a55c2a78888cd1f233d3301aa1661298,mlb-phi-wsh-2026-06-25,2026,2026-06-25T22:45:00Z,Philadelphia Phillies,Washington Nationals,0,4,0,0,0.525,0.9,0.525
0x0862fc63f563cfb574be6e46be827244323e36851a81aa94f8dc0c81b1302d29,mlb-tex-tor-2026-06-25,2026,2026-06-25T23:07:00Z,Texas Rangers,Toronto Blue Jays,1,0,0,0,0.52,0.9,0.53
0x80636c31b49d125bfe8acf2406ffd83ba972be0c919434487ab7d176bce45df6,mlb-chc-nym-2026-06-25,2026,2026-06-25T23:10:00Z,Chicago Cubs,New York Mets,0,0,1,0,0.525,0.9,0.53
0xdf7c8d4063a1ca09117f393e47fd57ddce5a6adc44ff305fba0ff011305f3f03,mlb-nyy-bos-2026-06-25,2026,2026-06-25T23:10:00Z,New York Yankees,Boston Red Sox,1,0,0,0,0.555,0.9,0.53
0x8587bb9868bcd8aba92d8ce93a25ac1b3689e4a1c2c177ea33228a8ac955ff2e,mlb-cin-pit-2026-06-26,2026,2026-06-26T22:40:00Z,Cincinnati Reds,Pittsburgh Pirates,0,1,0,0,0.58,0.9,0.555
0xacb292c213bd875cd0488455589770a0f35ea475211da9981bb1d365032f39dc,mlb-hou-det-2026-06-26,2026,2026-06-26T22:40:00Z,Houston Astros,Detroit Tigers,0,0,1,0,0.495,0.9,0.515
0x00d0c5438eb947174915411ed730cda5a745e8052005c4d089c3335023b1c785,mlb-wsh-bal-2026-06-26,2026,2026-06-26T23:05:00Z,Washington Nationals,Baltimore Orioles,0,0,1,0,0.49,0.9,0.5
0x7b9c3a8ac1faa7d1e022f52547457924e91bfee068d73d309cb3091fab4a0ee7,mlb-tex-tor-2026-06-26,2026,2026-06-26T23:07:00Z,Texas Rangers,Toronto Blue Jays,3,0,0,0,0.505,0.9,0.5
0x70c7e85608d025e785dacc76fc42bdab26a7631d5e270e4ac23ed2ee0fb90962,mlb-ari-tb-2026-06-26,2026,2026-06-26T23:10:00Z,Arizona Diamondbacks,Tampa Bay Rays,1,3,0,0,0.49,0.9,0.51
0xe1004c716f617e230dba53c402f69af1855cff0f7179adbe33612aea2da3c5c5,mlb-nyy-bos-2026-06-26,2026,2026-06-26T23:10:00Z,New York Yankees,Boston Red Sox,0,1,0,0,0.535,0.9,0.515
0xc2368390934f574a65f5a67a798d62ec1f844f56028250de7a8d3a74fc5ca399,mlb-phi-nym-2026-06-26,2026,2026-06-26T23:10:00Z,Philadelphia Phillies,New York Mets,1,0,0,0,0.5,0.9,0.52
0xceea2f5a2cdb736c5d0f2c8411cc70a752d7a6981b3400d076bde5d16cffeff8,mlb-sea-cle-2026-06-26,2026,2026-06-26T23:10:00Z,Seattle Mariners,Cleveland Guardians,0,1,0,0,0.53,0.9,0.525
0xd163f1eab4f62c57448cf157baf2a998f59745b8f81526e88dcae3536e72e65a,mlb-kc-cws-2026-06-26,2026,2026-06-26T23:40:00Z,Kansas City Royals,Chicago White Sox,0,0,1,0,0.5,0.9,0.51
0x82b36b430659c0211e971ae12a718326e279d09f4759154f72e175010cc29010,mlb-chc-mil-2026-06-26,2026,2026-06-26T23:45:00Z,Chicago Cubs,Milwaukee Brewers,0,0,1,0,0.555,0.9,0.56
0x4593791d29209e756f8edf77c3a57c2a0b28535acafb06006f0bc84c47440b82,mlb-col-min-2026-06-26,2026,2026-06-27T00:10:00Z,Colorado Rockies,Minnesota Twins,0,2,0,0,0.47,0.9,0.48
0x1aef31c31fd66e6f629c6ab4bdb494215755f793738715489cbd1f38d88cf8f6,mlb-mia-stl-2026-06-26,2026,2026-06-27T00:15:00Z,Miami Marlins,St. Louis Cardinals,0,0,1,0,0.515,0.9,0.52
0xf93a04574d1cc2c38776ebacfc39250c1082dad7dc9c3102f78040ba9e42d15a,mlb-oak-laa-2026-06-26,2026,2026-06-27T01:38:00Z,Athletics,Los Angeles Angels,0,0,1,0,0.515,0.9,0.515
0x00717191bca834ad5280b6e00e2ce4262acfd7dba16becaabe954d73e21c078d,mlb-lad-sd-2026-06-26,2026,2026-06-27T01:45:00Z,Los Angeles Dodgers,San Diego Padres,0,0,1,0,0.525,0.9,0.515
0xb37a136a06ec2adc9e4d48007aea753a0637036072ec103ccb1d28a74dfb5339,mlb-atl-sf-2026-06-26,2026,2026-06-27T02:15:00Z,Atlanta Braves,San Francisco Giants,0,1,0,0,0.5,0.9,0.49
0x2d6f01aa093446637b9844b33ad644e242c9294df33c59bee41efcb7f5291f9f,mlb-hou-det-2026-06-27,2026,2026-06-27T17:10:00Z,Houston Astros,Detroit Tigers,0,0,1,0,0.515,0.9,0.53
0x2c8d7eba98dbf7cd1ed405dd2e530210abd3f28e07bd150407b25ac7b1fde13f,mlb-nyy-bos-2026-06-27,2026,2026-06-27T17:10:00Z,New York Yankees,Boston Red Sox,0,1,0,0,0.54,0.9,0.56
0xaed5701904315203d138f8bc89baa5214b54bb2812650cd6d6e6c978ac3bc416,mlb-tex-tor-2026-06-27,2026,2026-06-27T19:07:00Z,Texas Rangers,Toronto Blue Jays,1,0,0,0,0.535,0.7,0.725
0x2dc95e6beef4fad3405f84b27a4fbcc69b9911222d1a525d07a0ff00f367640f,mlb-cin-pit-2026-06-27,2026,2026-06-27T20:05:00Z,Cincinnati Reds,Pittsburgh Pirates,1,0,0,0,0.565,0.9,0.54
0x19beb8c60aacf962ea06e7adacc90984fd8de5512469b8ac84eb2d51a7aba961,mlb-kc-cws-2026-06-27,2026,2026-06-27T20:10:00Z,Kansas City Royals,Chicago White Sox,0,0,1,0,0.535,0.9,0.53
0x22254d7425adfab0759a36b7850801aed12c092700faf123ce347562a7cb1ec7,mlb-phi-nym-2026-06-27,2026,2026-06-27T20:10:00Z,Philadelphia Phillies,New York Mets,0,0,1,0,0.495,0.9,0.53
0xfcd1081b4f7a7c5ba07fa0a147477a4671a57ca4d5c4135f95c685b44f78b6c6,mlb-ari-tb-2026-06-27,2026,2026-06-27T22:10:00Z,Arizona Diamondbacks,Tampa Bay Rays,1,1,0,0,0.48,0.9,0.54
0xeebfd32fb5b0fc7df81b561911b4f0dadedbb1bd2971a29faf272e347f55ce02,mlb-wsh-bal-2026-06-27,2026,2026-06-27T23:05:00Z,Washington Nationals,Baltimore Orioles,0,0,1,0,0.495,0.9,0.48
0x071594c48de71b569072eb367702b961978150179c2ef70bf84a3c2f5b1e480e,mlb-chc-mil-2026-06-27,2026,2026-06-27T23:10:00Z,Chicago Cubs,Milwaukee Brewers,0,1,0,0,0.53,0.9,0.595
0xb7487ad519bb31eb911412a330765bcb47f10dc80aa03c0caa3645c2e1f22909,mlb-col-min-2026-06-27,2026,2026-06-27T23:10:00Z,Colorado Rockies,Minnesota Twins,1,1,0,0,0.45,0.9,0.495
0x2f8182bb72332931619db86941919500fd4651c2ea54f63f8e077d69acc51512,mlb-sea-cle-2026-06-27,2026,2026-06-27T23:10:00Z,Seattle Mariners,Cleveland Guardians,0,0,1,0,0.57,0.9,0.545
0x77b454c5d274425b128782d8ca8a5a298dc9398d07e96d39e687e2175702f41c,mlb-mia-stl-2026-06-27,2026,2026-06-27T23:15:00Z,Miami Marlins,St. Louis Cardinals,1,0,0,0,0.48,0.9,0.535
0xb8e726801446a4512e6d92bc28254d2ee45a75ae1f9bf9c27e382f744ea877c5,mlb-lad-sd-2026-06-27,2026,2026-06-28T00:40:00Z,Los Angeles Dodgers,San Diego Padres,0,0,1,0,0.51,0.9,0.525
0xb1e5ea6d99bbd78944dfaddfdff4018c5369a88ae0c3efbfe147206a8c3e3ca7,mlb-atl-sf-2026-06-27,2026,2026-06-28T01:05:00Z,Atlanta Braves,San Francisco Giants,0,0,1,0,0.54,0.9,0.535
0xcf3bab16be0fb5d0dd4e101ad1b4cb529bf48eecf5aefcfdc670d6cfb77aad74,mlb-oak-laa-2026-06-27,2026,2026-06-28T01:38:00Z,Athletics,Los Angeles Angels,0,0,1,0,0.525,0.9,0.505
0xdb7b8bc2c4ae26a7b24ce906e4a71c91916fb4a4b8d32c48b82a62253853007b,mlb-cin-pit-2026-06-28,2026,2026-06-28T17:35:00Z,Cincinnati Reds,Pittsburgh Pirates,0,0,1,0,0.5,0.9,0.515
0xc19a73a012fc501f204064affbe21c3e49729f3e06a36990fdbd413a5e5564ac,mlb-wsh-bal-2026-06-28,2026,2026-06-28T17:35:00Z,Washington Nationals,Baltimore Orioles,0,2,0,0,0.49,0.9,0.54
0xe5e896476b7d20251f5c7f7b62190cc00d2d81d38218f57ce96f28b72b43885d,mlb-tex-tor-2026-06-28,2026,2026-06-28T17:37:00Z,Texas Rangers,Toronto Blue Jays,1,0,0,0,0.465,0.9,0.54
0xf20d249d5e3600a05c204bc42ff0c48e8fd4fe17c003ff6f7824b7a86c50a9a4,mlb-ari-tb-2026-06-28,2026,2026-06-28T17:40:00Z,Arizona Diamondbacks,Tampa Bay Rays,0,1,0,0,0.52,0.9,0.525
0xe376f46124ae4eac85fb427d5483365d1db75c95c8eb56200ac9d95dcecbcaa5,mlb-hou-det-2026-06-28,2026,2026-06-28T17:40:00Z,Houston Astros,Detroit Tigers,0,0,1,0,0.535,0.9,0.57
0x605370558841cbafc9035bdcb04e536b869fea57a6f2a6f4a8b9426d4b136db1,mlb-phi-nym-2026-06-28,2026,2026-06-28T17:40:00Z,Philadelphia Phillies,New York Mets,0,0,1,0,0.525,0.9,0.545
0x6dc9c49c149108511e155b092d0f5c40649868bc990dee962b6001a4a59ca5e6,mlb-sea-cle-2026-06-28,2026,2026-06-28T17:40:00Z,Seattle Mariners,Cleveland Guardians,0,0,1,0,0.535,0.9,0.555
0x9fd9f65e9d728cb7639379cbc946840c69c7bcad00664e68d261b6b6832119ab,mlb-chc-mil-2026-06-28,2026,2026-06-28T18:10:00Z,Chicago Cubs,Milwaukee Brewers,0,0,1,0,0.52,0.9,0.565
0x7d2357bf49520a19b42fd123943ad12d36d99cbe019b6ad357ef0bebcf4b6638,mlb-col-min-2026-06-28,2026,2026-06-28T18:10:00Z,Colorado Rockies,Minnesota Twins,1,0,0,0,0.495,0.9,0.52
0xf3865326e63f979668dce92b4c58c26e9275dbcce1067e45e48a82d37a6fe1be,mlb-kc-cws-2026-06-28,2026,2026-06-28T18:10:00Z,Kansas City Royals,Chicago White Sox,1,2,0,0,0.47,0.9,0.52
0x37f3ad289a2b54738d9310a4ff6067b0b83921c9bcce115846452dbcee01a2e6,mlb-mia-stl-2026-06-28,2026,2026-06-28T18:15:00Z,Miami Marlins,St. Louis Cardinals,0,0,1,0,0.47,0.9,0.53
0x3f63b8ce94c0a69692c3e87a682256a41b20487a225a27d48c6208d89034d107,mlb-oak-laa-2026-06-28,2026,2026-06-28T19:15:00Z,Athletics,Los Angeles Angels,0,0,1,0,0.465,0.7,0.53
0xee9d9dbccbcc5b566d1982deb49255c92cc9b0e8d2308b857d97c8967b4741b5,mlb-atl-sf-2026-06-28,2026,2026-06-28T20:05:00Z,Atlanta Braves,San Francisco Giants,0,0,1,0,0.59,0.9,0.555
0x2ccbcd9698237e3606a189487d5c69253171e636ad550fe2d91e7d085bfa2f69,mlb-lad-sd-2026-06-28,2026,2026-06-28T20:10:00Z,Los Angeles Dodgers,San Diego Padres,0,0,1,0,0.515,0.9,0.53
0xf386b5367ace7f1a0cf7b53181f373ae1338b2dd6754ac177c15f068cdabaa91,mlb-nyy-bos-2026-06-28,2026,2026-06-28T23:20:00Z,New York Yankees,Boston Red Sox,0,0,1,0,0.555,0.9,0.54
0x314aa7cccea8390c4d18df37cc24fa98d30583361a5c0f2007d21eb7cb38b1ba,mlb-cws-bal-2026-06-29,2026,2026-06-29T22:35:00Z,Chicago White Sox,Baltimore Orioles,0,1,0,0,0.48,0.9,0.485
0x1dbebfed3eb608b79eaebbb916e9740efab079cd32065abeda93a1d0b2449489,mlb-pit-phi-2026-06-29,2026,2026-06-29T22:40:00Z,Pittsburgh Pirates,Philadelphia Phillies,0,2,0,0,0.495,0.9,0.505
0x3a949e70d3ad3a9293da8e8f695f1576b5dd9126eb4d69696077efde5150f60e,mlb-det-nyy-2026-06-29,2026,2026-06-29T23:05:00Z,Detroit Tigers,New York Yankees,1,0,0,0,0.52,0.9,0.52
0x4fa19044d6e101cfd25b0c7268b1763a00332d9601add70ab61d200ad8dcaafd,mlb-nym-tor-2026-06-29,2026,2026-06-29T23:07:00Z,New York Mets,Toronto Blue Jays,0,1,0,0,0.5,0.9,0.5
0x7270cc516dad3f9650b457b6694e88974156cdc7ad024ec3875e669c0b455be9,mlb-tex-cle-2026-06-29,2026,2026-06-29T23:10:00Z,Texas Rangers,Cleveland Guardians,0,0,1,0,0.55,0.9,0.525
0x49b7ce6966622134ce81ab38f14993725a7df39d00339c8a34a81c10df660b4d,mlb-wsh-bos-2026-06-29,2026,2026-06-29T23:10:00Z,Washington Nationals,Boston Red Sox,1,4,0,0,0.515,0.9,0.51
0x460a96bb1560ed20d66ee2fc2dbec9629e19a81d84d75184d0a41d15459023f4,mlb-cin-mil-2026-06-29,2026,2026-06-29T23:40:00Z,Cincinnati Reds,Milwaukee Brewers,1,0,0,0,0.49,0.9,0.5
0xe2e7f0d99795012293324da015f72bef15cc2d20af8c30bcfda6a937a3cb7b08,mlb-sd-chc-2026-06-29,2026,2026-06-30T00:05:00Z,San Diego Padres,Chicago Cubs,0,0,1,0,0.43,0.9,0.345
0x5b7873e0495d85ed21fb6c8debf7a09f79bbc8f61af601ad676f6f81679a7a81,mlb-min-hou-2026-06-29,2026,2026-06-30T00:10:00Z,Minnesota Twins,Houston Astros,0,0,1,0,0.48,0.9,0.49
0x463a566dcd787c7052e45cad4d72affa36601056e1c85bfff7933e8831506612,mlb-mia-col-2026-06-29,2026,2026-06-30T00:40:00Z,Miami Marlins,Colorado Rockies,0,0,1,0,0.4,0.9,0.415
0xfdb5fbbca84bf6e665f759f9f8c68821352f2c4464473b24dbe802a99df2b505,mlb-laa-sea-2026-06-29,2026,2026-06-30T01:40:00Z,Los Angeles Angels,Seattle Mariners,1,0,0,0,0.51,0.9,0.5
0xde2495d1ac76d7fe0ea532f2f51569cdb57bca422e5c86df921722cc44982be6,mlb-lad-oak-2026-06-29,2026,2026-06-30T01:40:00Z,Los Angeles Dodgers,Athletics,0,0,1,0,0.415,0.9,0.43
0x35c275ee0f759ff9002ed696a09f8f4d5643ac9f987afa2811c55be9929bcc8a,mlb-sf-ari-2026-06-29,2026,2026-06-30T01:40:00Z,San Francisco Giants,Arizona Diamondbacks,0,1,0,0,0.475,0.9,0.49
0x7cf888edc9da274b913bb37d0c79fe36660e87a55b4f5588a56dbcbc9d2a5755,mlb-cws-bal-2026-06-30,2026,2026-06-30T22:35:00Z,Chicago White Sox,Baltimore Orioles,1,1,0,0,0.45,0.9,0.445
0x2103429456ee850de4b1cfbcdeef02d684195195ec6d7b89c9ab9dec49763dfe,mlb-pit-phi-2026-06-30,2026,2026-06-30T22:40:00Z,Pittsburgh Pirates,Philadelphia Phillies,0,0,1,0,0.495,0.9,0.51
0xa13e8e91960edb442dd407388ad441495c6730830e2e4582167a922bd4b36bb4,mlb-tex-cle-2026-06-30,2026,2026-06-30T22:40:00Z,Texas Rangers,Cleveland Guardians,0,2,0,0,0.555,0.9,0.53
0x8c99e6b94a5281a05b4232fbed35a76f274adb7ba8d8ce172d3b13ba60ee92c0,mlb-det-nyy-2026-06-30,2026,2026-06-30T23:05:00Z,Detroit Tigers,New York Yankees,4,1,0,0,0.56,0.9,0.535
0x63d9309421914b8280e9e49186d638e2707b2da11b31be97b25eedb53f931dc6,mlb-nym-tor-2026-06-30,2026,2026-06-30T23:07:00Z,New York Mets,Toronto Blue Jays,0,0,1,0,0.525,0.9,0.545
0x6aeaf8703a26b772377621018d8924b36b8e23a2ee0ce2ec29472e99bfaf6c52,mlb-wsh-bos-2026-06-30,2026,2026-06-30T23:10:00Z,Washington Nationals,Boston Red Sox,0,1,0,0,0.48,0.9,0.455
0x1c80ff7b2f78511acc0d20665889d1a44073331849c6028e20a2deca78948226,mlb-stl-atl-2026-06-30,2026,2026-06-30T23:15:00Z,St. Louis Cardinals,Atlanta Braves,0,0,1,0,0.455,0.9,0.47
0x15c4af954369d080bdc36aca3bf51d9adac652a34b116b1b077e4f030e51786c,mlb-cin-mil-2026-06-30,2026,2026-06-30T23:40:00Z,Cincinnati Reds,Milwaukee Brewers,1,0,0,0,0.465,0.9,0.505
0xb878ad57fa01ec30c17d786628607f468a39ea7e93ca86d53b1d556866b1a7fe,mlb-tb-kc-2026-06-30,2026,2026-06-30T23:40:00Z,Tampa Bay Rays,Kansas City Royals,0,1,0,0,0.455,0.9,0.445
0x142b8c9e6f357db8acf8f475611765600ca57660d6d60b2cbb0a55fae6210f51,mlb-sd-chc-2026-06-30,2026,2026-07-01T00:05:00Z,San Diego Padres,Chicago Cubs,1,1,0,0,0.415,0.9,0.425
0x9439a306cbe9fed98aead1da614c642f4d653fff67e3de3a259d2e8157d6464b,mlb-min-hou-2026-06-30,2026,2026-07-01T00:10:00Z,Minnesota Twins,Houston Astros,3,0,0,0,0.52,0.9,0.5
0xa4f7b7fa1490ec19c9f194838ea12e217af0a28dfd5c83f2674630594ab57b0f,mlb-mia-col-2026-06-30,2026,2026-07-01T00:40:00Z,Miami Marlins,Colorado Rockies,1,1,0,0,0.42,0.9,0.4
0xaf662135ea46f1c813285661e673a35e231b5f66bbb5e7d34d36300c5fb77142,mlb-laa-sea-2026-06-30,2026,2026-07-01T01:40:00Z,Los Angeles Angels,Seattle Mariners,0,0,1,0,0.57,0.9,0.53
0x42e66ab9f4f0d27f1077ebb017c9ca7f4765de85e07c69dea344471caf4429e2,mlb-lad-oak-2026-06-30,2026,2026-07-01T01:40:00Z,Los Angeles Dodgers,Athletics,2,1,0,0,0.4,0.9,0.44
0xceaae8d438f412be49c28f03c74b51385131fe917550f0b10721302e5b9f0673,mlb-sf-ari-2026-06-30,2026,2026-07-01T01:40:00Z,San Francisco Giants,Arizona Diamondbacks,0,3,0,0,0.495,0.9,0.425
0x5769db35730d0715c6457df37b05f54bd5b071201382b9d4e08d1c33b1b7c076,mlb-cws-bal-2026-07-01,2026,2026-07-01T16:35:00Z,Chicago White Sox,Baltimore Orioles,1,0,0,0,0.445,0.9,0.475
0xd10d659ce94e5b3e2fcf3118cc1c8629ca1fecf97f10fd50fdbf2b83985cfdf5,mlb-tex-cle-2026-07-01,2026,2026-07-01T17:10:00Z,Texas Rangers,Cleveland Guardians,0,0,1,0,0.545,0.9,0.555
0x57f0dcff5936ba647551540a39389a7d2995088c4fae631a3260a6cf65fab736,mlb-det-nyy-2026-07-01,2026,2026-07-01T17:35:00Z,Detroit Tigers,New York Yankees,0,0,1,0,0.47,0.9,0.53
0x8011dcfb551575d800653845d9b3a010f63ec474b935991364dfbf9a5049b2ba,mlb-wsh-bos-2026-07-01,2026,2026-07-01T17:35:00Z,Washington Nationals,Boston Red Sox,2,0,0,0,0.49,0.9,0.515
0x7ce5c903180d6fe97eac45dcd426ba17549f53bd69b2a3c2d16af5da4a038890,mlb-sd-chc-2026-07-01,2026,2026-07-01T18:20:00Z,San Diego Padres,Chicago Cubs,0,3,0,0,0.39,0.9,0.46
0x01666cfde0ba3342bd2d3f8fa584ff9a400968e6a0cd8e4c3d4880f466394536,mlb-nym-tor-2026-07-01,2026,2026-07-01T19:07:00Z,New York Mets,Toronto Blue Jays,0,1,0,0,0.485,0.9,0.5
0x0bfd1bf07efe346832b4211a743dbae28bb9da598c8762e49b85e048d93e99ed,mlb-pit-phi-2026-07-01,2026,2026-07-01T22:40:00Z,Pittsburgh Pirates,Philadelphia Phillies,0,0,1,0,0.57,0.9,0.515
0x2fc641e1c503086cb3c3f48baa2f328f6381d47c609fd791b1ae4309fe6f93fa,mlb-stl-atl-2026-07-01,2026,2026-07-01T23:15:00Z,St. Louis Cardinals,Atlanta Braves,1,1,0,0,0.465,0.9,0.455
0x36a8996dc2ff2677cdccad6c4523a8c48a6ccc5ddfd54775bccd6521134cabb3,mlb-tb-kc-2026-07-01,2026,2026-07-01T23:40:00Z,Tampa Bay Rays,Kansas City Royals,2,0,0,0,0.435,0.9,0.45
0xe94b603f3ce9cc741f71f8f3b889eeabf3137a03636505a7ccdd1eac39635a93,mlb-cin-mil-2026-07-01,2026,2026-07-02T00:10:00Z,Cincinnati Reds,Milwaukee Brewers,0,2,0,0,0.485,0.9,0.505
0x2cc5215ae30583d8674f897b07e1c541d69a388e54d18420476e5198f8ca3e21,mlb-min-hou-2026-07-01,2026,2026-07-02T00:10:00Z,Minnesota Twins,Houston Astros,2,1,0,0,0.495,0.9,0.51
0xbf720dc0bd97ed0bf1fffd19ac5518099372babee14e27e28082fbff66d97224,mlb-mia-col-2026-07-01,2026,2026-07-02T00:40:00Z,Miami Marlins,Colorado Rockies,0,1,0,0,0.45,0.9,0.45
0xf504f221161e5f3908744123df3e3f83951475c8f8c7a8b1eaecce409fad0f28,mlb-lad-oak-2026-07-01,2026,2026-07-02T01:40:00Z,Los Angeles Dodgers,Athletics,0,0,1,0,0.435,0.9,0.475
0x830e1602469bf29c0fbbf61f4ed9778d756476d9d743e11c202dd221edcc5438,mlb-sf-ari-2026-07-01,2026,2026-07-02T01:40:00Z,San Francisco Giants,Arizona Diamondbacks,0,0,1,0,0.455,0.9,0.475
0x9b309ce2382c555663cab487f21084bb48cfc738156c6dc1239fb86f8b7e721b,mlb-pit-phi-2026-07-02,2026,2026-07-02T16:35:00Z,Pittsburgh Pirates,Philadelphia Phillies,0,0,1,0,0.44,0.9,0.45
0x5eef2866dff0dc49b4cbf9e73b707e340bd9ade3a465af3dddafd415c273eb96,mlb-cin-mil-2026-07-02,2026,2026-07-02T18:10:00Z,Cincinnati Reds,Milwaukee Brewers,1,0,0,0,0.615,0.9,0.655
0xcd55db9c8ee5028ddc958a2c8835486cb29e29a584735183037049870af41e8e,mlb-mia-col-2026-07-02,2026,2026-07-02T19:10:00Z,Miami Marlins,Colorado Rockies,2,1,0,0,0.415,0.9,0.395
0x8a7b9b83a0d8f15535096ad24cd8a832a91cb611462e6ae800b66d30a65c0604,mlb-cws-cle-2026-07-02,2026,2026-07-02T22:40:00Z,Chicago White Sox,Cleveland Guardians,0,0,1,0,0.54,0.9,0.515
0x4ca8b87ea8ecbf38a6250548eddf26a837b7d57ad5de0bb271070ca5bfd858a5,mlb-stl-atl-2026-07-02,2026,2026-07-02T23:15:00Z,St. Louis Cardinals,Atlanta Braves,3,5,0,0,0.485,0.9,0.465
0xafac68edf9a31326754a6e2fff81330be1724adfcfe9ced0dde134217549bda8,mlb-tb-kc-2026-07-02,2026,2026-07-02T23:40:00Z,Tampa Bay Rays,Kansas City Royals,0,1,0,0,0.44,0.9,0.24
0x6a2ada657f0297db1db8b6a71d20a0000145d39ea3fb5230ce1901eb206e5e20,mlb-det-tex-2026-07-02,2026,2026-07-03T00:05:00Z,Detroit Tigers,Texas Rangers,0,0,1,0,0.555,0.9,0.55
0x3a2b7783ed99199e8d0128e9d0ae0037c70b5cb4900b1487953300da8ff9aa83,mlb-laa-sea-2026-07-02,2026,2026-07-03T01:40:00Z,Los Angeles Angels,Seattle Mariners,0,0,1,0,0.59,0.9,0.535
0x9139586d39cb1d982bfaa9f777e92c6a7b369cf3b8db03a3ec3ac13f5415f57a,mlb-sd-lad-2026-07-02,2026,2026-07-03T02:10:00Z,San Diego Padres,Los Angeles Dodgers,2,0,0,0,0.455,0.9,0.49
0x69a4b217f88c02f60e9af4d29d704be3f4cd848e4f131aa5ce06cfacb0158b41,mlb-stl-chc-2026-07-03,2026,2026-07-03T20:05:00Z,St. Louis Cardinals,Chicago Cubs,0,0,1,0,0.445,0.9,0.43
0xe3b4a8c204da092452db0c6970055c5ce3b111d1059a9e6cccda4297537cb2dd,mlb-pit-wsh-2026-07-03,2026,2026-07-03T22:45:00Z,Pittsburgh Pirates,Washington Nationals,0,1,0,0,0.465,0.9,0.47
0x73f95e2a14c1db35ed3adaeeb18d42eb9fa6cd009670dffcdded249cde829c94,mlb-min-nyy-2026-07-03,2026,2026-07-03T23:05:00Z,Minnesota Twins,New York Yankees,1,1,0,0,0.435,0.9,0.47
0x6b74da206991de27bf94a2d09d4787779c60bf31853469b22bc47b308f66c504,mlb-bal-cin-2026-07-03,2026,2026-07-03T23:10:00Z,Baltimore Orioles,Cincinnati Reds,1,0,0,0,0.465,0.9,0.475
0x082b03c407354cf08aa0149cb10c16d4deb605db790bcf18d7f07ea7ab590cc6,mlb-cws-cle-2026-07-03,2026,2026-07-03T23:10:00Z,Chicago White Sox,Cleveland Guardians,0,0,1,0,0.54,0.9,0.505
0x3ac0a07ab19cf336efd5d3df1e6d12e4af61068625b5add18d40e12bdc36b16d,mlb-nym-atl-2026-07-03,2026,2026-07-03T23:15:00Z,New York Mets,Atlanta Braves,0,0,1,0,0.47,0.9,0.465
0x609aba2e153d40c4bd30b61e50e41a8bd0b6ca53a6eb1992917c42911e33b406,mlb-sf-col-2026-07-03,2026,2026-07-04T00:10:00Z,San Francisco Giants,Colorado Rockies,0,3,0,0,0.455,0.7,0.445
0xb5ea4573fc25910f09799f6039e6cefdfa361c5549a5fd06130184926c88abca,mlb-tb-hou-2026-07-03,2026,2026-07-04T00:15:00Z,Tampa Bay Rays,Houston Astros,0,0,1,0,0.485,0.9,0.485
0x066edb2ce7676cc5892b07510bdd5337424c131eba1bcbeda42427f13af1de0d,mlb-bos-laa-2026-07-03,2026,2026-07-04T01:38:00Z,Boston Red Sox,Los Angeles Angels,0,0,1,0,0.57,0.9,0.55
0x55f7fee9557d15b8ea0eba454d78f70ffd631499cfb60f49ed0f019ec5a5360b,mlb-mia-oak-2026-07-03,2026,2026-07-04T01:40:00Z,Miami Marlins,Athletics,6,0,0,0,0.435,0.9,0.44
0x8a98ed6af0959a4bc67db067a40745267fb6ad6790711d3cb6c1ac6a16190c74,mlb-mil-ari-2026-07-03,2026,2026-07-04T01:45:00Z,Milwaukee Brewers,Arizona Diamondbacks,0,0,1,0,0.495,0.9,0.5
0x9c979293609d843dc107bdb6403c446d6d593fb4cbedde2997bcbf98f85107c8,mlb-sd-lad-2026-07-03,2026,2026-07-04T02:10:00Z,San Diego Padres,Los Angeles Dodgers,1,0,0,0,0.515,0.9,0.52
0x88e0b0058649bf56d6cfc8f45b33df335d6646613a52f6ee48ce9999aeee5423,mlb-tor-sea-2026-07-03,2026,2026-07-04T02:10:00Z,Toronto Blue Jays,Seattle Mariners,0,0,1,0,0.555,0.9,0.555
0x36ead0a64e21990c3655dd9e964f95bc36ba897ce41e0336509a6e8b5ef7a750,mlb-pit-wsh-2026-07-04,2026,2026-07-04T15:05:00Z,Pittsburgh Pirates,Washington Nationals,1,1,0,0,0.44,0.9,0.49
0x89c238804744c643e3d57bccd4c728c5d6fd4c62c040cd49488453fe23f8287a,mlb-min-nyy-2026-07-04,2026,2026-07-04T17:35:00Z,Minnesota Twins,New York Yankees,3,0,0,0,0.445,0.9,0.42
0xa8ce9a9818b7c02f2b424906a7fc42cfdf20ea2eb89af1dcbbf6b9b58d2f4fad,mlb-det-tex-2026-07-04,2026,2026-07-04T20:05:00Z,Detroit Tigers,Texas Rangers,2,0,0,0,0.5,0.7,0.47
0x1d29ff5bac27376b8ca984902dde548a1af9a8548f1dafa8c3e9ea58edc82e88,mlb-tor-sea-2026-07-04,2026,2026-07-04T20:10:00Z,Toronto Blue Jays,Seattle Mariners,0,0,1,0,0.53,0.9,0.505
0xf1128646bc7aeb627b067ac40224e825922c588e9ee2717b2c62625cb4cc4069,mlb-bal-cin-2026-07-04,2026,2026-07-04T23:10:00Z,Baltimore Orioles,Cincinnati Reds,3,1,0,0,0.49,0.9,0.485
0x8ad22bdf6f9cc9a6c5002186871aa4476164e33c8ef5a6f2a9594f6006c024e9,mlb-cws-cle-2026-07-04,2026,2026-07-04T23:10:00Z,Chicago White Sox,Cleveland Guardians,1,0,0,0,0.56,0.9,0.545
0x38cf0b175606a7906d5d6618ace4a94d9d002bf4110faaa0d93aa5c7323ba942,mlb-tb-hou-2026-07-04,2026,2026-07-04T23:10:00Z,Tampa Bay Rays,Houston Astros,1,2,0,0,0.565,0.9,0.555
0xc6b930e6032b09850ec44c3d491d670fb313ca466c1b2784da284fe9a55fc9a0,mlb-nym-atl-2026-07-04,2026,2026-07-05T00:08:00Z,New York Mets,Atlanta Braves,0,0,1,0,0.52,0.9,0.52
0x1ad904f29601b0b33c0db72ab73700ec61f04701fd8f4fa796d81a99b7445b14,mlb-stl-chc-2026-07-04,2026,2026-07-05T00:08:00Z,St. Louis Cardinals,Chicago Cubs,1,0,0,0,0.51,0.9,0.49
0xf7fdcbf911ee578baf5418b819ba9b557341cdcf78747335a4b82e570aed3d66,mlb-phi-kc-2026-07-04,2026,2026-07-05T00:10:00Z,Philadelphia Phillies,Kansas City Royals,0,0,1,0,0.485,0.9,0.51
0x5834a2f9514a760ba02733a4008ec58434fa59c53103e3d53e037275df7e3e8c,mlb-sf-col-2026-07-04,2026,2026-07-05T00:10:00Z,San Francisco Giants,Colorado Rockies,4,3,0,0,0.395,0.9,0.445
0x8579c88ed079d833c8cc5d4efa6fa41a7554aafeb38e7952f7d6561e3b1528b7,mlb-bos-laa-2026-07-04,2026,2026-07-05T01:38:00Z,Boston Red Sox,Los Angeles Angels,3,0,0,0,0.51,0.9,0.53
0xb7d84dae987eb172914fc50092eb4d5279bec7e9fa28554d661ace60fdf7b548,mlb-mia-oak-2026-07-04,2026,2026-07-05T01:40:00Z,Miami Marlins,Athletics,0,0,1,0,0.415,0.9,0.41
0x944c18368a95bd8acede39320e73c8b272b5d1a11e464013bc33a707fce00e20,mlb-mil-ari-2026-07-04,2026,2026-07-05T01:40:00Z,Milwaukee Brewers,Arizona Diamondbacks,0,3,0,0,0.48,0.9,0.475
0x1bcbb51c3f5cd124fc562db437f853a3a591e17e0129bd69214c40d0e56cc404,mlb-sd-lad-2026-07-04,2026,2026-07-05T02:10:00Z,San Diego Padres,Los Angeles Dodgers,0,0,1,0,0.5,0.9,0.495
0x8b6ee953b015084a18d6529919f41836adb74b5a8776d121f6791f07065b3d86,mlb-nym-atl-2026-07-05,2026,2026-07-05T16:30:00Z,New York Mets,Atlanta Braves,1,3,0,0,0.505,0.9,0.5
0x8e40f0810063b1b144534e7a4261d92446f620de551058e4704b1a81056f6eed,mlb-pit-wsh-2026-07-05,2026,2026-07-05T17:00:00Z,Pittsburgh Pirates,Washington Nationals,0,0,1,0,0.465,0.9,0.425
0x8b9e6bfd2e28dc6d1148cb3979625e27a5877e12ed993f905cecd4285036c8f6,mlb-bal-cin-2026-07-05,2026,2026-07-05T17:05:00Z,Baltimore Orioles,Cincinnati Reds,0,0,1,0,0.47,0.9,0.5
0xfc2802e68276527a8ab37ba00fb426b5e7081545b77b76e2227905e2995f5f4e,mlb-min-nyy-2026-07-05,2026,2026-07-05T17:35:00Z,Minnesota Twins,New York Yankees,1,0,0,0,0.505,0.9,0.475
0xd947ed94b8dc451f548e2258deb1fb8870dec8e52e631ee37691a6241c2321bb,mlb-cws-cle-2026-07-05,2026,2026-07-05T18:00:00Z,Chicago White Sox,Cleveland Guardians,2,3,0,0,0.53,0.9,0.49
0xc61bed2c0cdc51059a43d6cab580f2d9a59ef75f7847e39350dc5852a034f84e,mlb-stl-chc-2026-07-05,2026,2026-07-05T18:30:00Z,St. Louis Cardinals,Chicago Cubs,0,2,0,0,0.525,0.9,0.51
0xc660944b2ab30034127fcf7666d58789ef0925d60aea9d14083518e7e06879ed,mlb-phi-kc-2026-07-05,2026,2026-07-05T19:00:00Z,Philadelphia Phillies,Kansas City Royals,0,2,0,0,0.425,0.9,0.43
0x3aa706b96cb646bebd9fd52a7f691aec06f9308ab8bef3eed4cea2de56364fa5,mlb-det-tex-2026-07-05,2026,2026-07-05T19:30:00Z,Detroit Tigers,Texas Rangers,0,0,1,0,0.515,0.9,0.445
0xf36907cd1cd879180c26df09f29e9bb3930086176d12526b1e27da917695ae74,mlb-tb-hou-2026-07-05,2026,2026-07-05T19:30:00Z,Tampa Bay Rays,Houston Astros,0,0,1,0,0.475,0.9,0.49
0x2825708629af4857e5e86f45f46f0737981e6f1cb51673e003fd8a97e04dfdaf,mlb-mil-ari-2026-07-05,2026,2026-07-05T20:00:00Z,Milwaukee Brewers,Arizona Diamondbacks,0,1,0,0,0.48,0.9,0.485
0xd33ca017a929bcbe1d50b4e2cee8d45726749d824696561831dca71b670fefef,mlb-sf-col-2026-07-05,2026,2026-07-05T20:00:00Z,San Francisco Giants,Colorado Rockies,0,2,0,0,0.4,0.9,0.46
0x9abcc566b6dc2bb55e2fc0a5caf33e55cdc7fb978b908f1d01d9599057bb97cd,mlb-mia-oak-2026-07-05,2026,2026-07-05T20:30:00Z,Miami Marlins,Athletics,1,0,0,0,0.475,0.9,0.475
0x812afb60f71acd7b0502a5e233b5da6021b6c4fb57d0baa3dddaf1ce60f77f6b,mlb-tor-sea-2026-07-05,2026,2026-07-05T21:00:00Z,Toronto Blue Jays,Seattle Mariners,0,0,1,0,0.565,0.9,0.545
0x4b7bc5d89bba251c1927d6cc2d6911a5cc010c7378bbf4204474a3f13af9067a,mlb-sd-lad-2026-07-05,2026,2026-07-05T23:20:00Z,San Diego Padres,Los Angeles Dodgers,0,0,1,0,0.43,0.9,0.415
0x5d4803eedd039b6fa10912f59208f6530b9453fd745af3cb0d21fdbdca82f914,mlb-bos-laa-2026-07-05,2026,2026-07-06T01:30:00Z,Boston Red Sox,Los Angeles Angels,0,2,0,0,0.52,0.9,0.52
0xc7ed55ab36ceaf025227f29e8ec2d0634ac3a56f1a3e65a71174160e03cbf41f,mlb-phi-kc-2026-07-06,2026,2026-07-06T18:10:00Z,Philadelphia Phillies,Kansas City Royals,1,6,0,0,0.53,0.9,0.515
0x7a810155c605a4e9755ef6bc6aafdbd9af366857da1c72a4c6b66553375893ea,mlb-nyy-tb-2026-07-06,2026,2026-07-06T22:40:00Z,New York Yankees,Tampa Bay Rays,0,0,1,0,0.56,0.9,0.53
0x03ec03e3e6ebaf729be5388ca74d2e1f5726577fe36a6aa49d4b6bc35b07697a,mlb-hou-wsh-2026-07-06,2026,2026-07-06T22:45:00Z,Houston Astros,Washington Nationals,1,1,0,0,0.415,0.9,0.46
0x520bf37de12218594aeb824dd3b35479f79c20e48a9bd8963c6b98feea1751fc,mlb-nym-atl-2026-07-06,2026,2026-07-06T23:15:00Z,New York Mets,Atlanta Braves,0,0,1,0,0.475,0.9,0.505
0x6354aea0c8769c7f303b35ea9c23a54882b3f1e873f955bf0dbd5586b75ce384,mlb-mil-stl-2026-07-06,2026,2026-07-06T23:45:00Z,Milwaukee Brewers,St. Louis Cardinals,0,0,1,0,0.505,0.9,0.515
0x43737ddd68e45df1f42650d0a9b25c111f1793ea71a891a9360061bd203da8dc,mlb-ari-sd-2026-07-06,2026,2026-07-07T01:40:00Z,Arizona Diamondbacks,San Diego Padres,2,0,0,0,0.49,0.9,0.49
0x30637331867883ad8e5a3d502e572551319b5b39d776badc76c9f04f618c8fe1,mlb-tor-sf-2026-07-06,2026,2026-07-07T01:45:00Z,Toronto Blue Jays,San Francisco Giants,0,1,0,0,0.56,0.7,0.53
0x2ed240189081a73e1d1553c17e3be1a20e465f83e8a909c6de0ffb584a182abc,mlb-col-lad-2026-07-06,2026,2026-07-07T02:10:00Z,Colorado Rockies,Los Angeles Dodgers,0,0,1,0,0.435,0.9,0.43
0xbbc8e8ed4093cf057f190fe666c1c4aa878f2addafa34bef3e43da305a37b5e9,mlb-mil-stl-2026-05-05,2026,2026-07-07T18:15:00Z,Milwaukee Brewers,St. Louis Cardinals,0,2,0,0,0.535,0.9,0.39
0x6b51b5025db5b4e06bbaf0d64615f1180c204fff09357498c5fcc6a1170ffa27,mlb-chc-bal-2026-07-07,2026,2026-07-07T22:35:00Z,Chicago Cubs,Baltimore Orioles,0,0,1,0,0.495,0.9,0.48
0x2bb5f1fe994d2f3287f3fb661b97b6e9151c42bfe31ac57fb65d07187094d272,mlb-atl-pit-2026-07-07,2026,2026-07-07T22:40:00Z,Atlanta Braves,Pittsburgh Pirates,1,4,0,0,0.525,0.9,0.48
0xd11fa62a32c6972aa9d1c7ad706e6cfa1ab98597c1c995dd3e5b96b320df7de5,mlb-nyy-tb-2026-07-07,2026,2026-07-07T22:40:00Z,New York Yankees,Tampa Bay Rays,0,0,1,0,0.52,0.9,0.47
0x87bc9456912ae0c72a3bb7b95766609cfd4eb4261394230c251867b9b4273ae5,mlb-oak-det-2026-07-07,2026,2026-07-07T22:40:00Z,Athletics,Detroit Tigers,0,2,0,0,0.525,0.9,0.545
0x5d763d080c73d4e6111cf68b1ece40b197430e5b97340f703d0b649035b7a841,mlb-sea-mia-2026-07-07,2026,2026-07-07T22:40:00Z,Seattle Mariners,Miami Marlins,0,0,1,0,0.545,0.9,0.585
0x1809419299038ef843b9eb2f0c155a7789f43d4931e9614889917ddf83c07e4d,mlb-hou-wsh-2026-07-07,2026,2026-07-07T22:45:00Z,Houston Astros,Washington Nationals,0,1,0,0,0.475,0.9,0.475
0x21ebef471f3af2c60ae3b609bc9580b70417672576c002a81cc7a021a5bc9f9a,mlb-kc-nym-2026-07-07,2026,2026-07-07T23:10:00Z,Kansas City Royals,New York Mets,0,3,0,0,0.495,0.9,0.515
0x5eab0881ac20942581454164029409685176de3e58a8ef5eb9245ada59b62af2,mlb-phi-cin-2026-07-07,2026,2026-07-07T23:10:00Z,Philadelphia Phillies,Cincinnati Reds,0,0,1,0,0.5,0.9,0.455
0xe7b082058fbdd440c2322a78d7f8140e488855be74ff79868145b66d9746672c,mlb-bos-cws-2026-07-07,2026,2026-07-07T23:40:00Z,Boston Red Sox,Chicago White Sox,0,0,1,0,0.525,0.9,0.525
0x1ddbc18bf921cf03b77e1d171f0b1579fa6ead3828ba1b102483d660e856fe41,mlb-cle-min-2026-07-07,2026,2026-07-07T23:40:00Z,Cleveland Guardians,Minnesota Twins,0,0,1,0,0.53,0.9,0.505
0x5525b7c8de24918ffc1402c1715686a9e469a1f8ef17eae6727f728e0cdad615,mlb-laa-tex-2026-07-07,2026,2026-07-08T00:05:00Z,Los Angeles Angels,Texas Rangers,2,0,0,0,0.58,0.9,0.57
0xfcf9b4e20488f5d6b4b89f65ea5487fc5cc9cf4218cffa1aada5f8f98be9db4e,mlb-ari-sd-2026-07-07,2026,2026-07-08T01:40:00Z,Arizona Diamondbacks,San Diego Padres,1,4,0,0,0.48,0.9,0.465
0xe8e34ab15de198f17adba8a6136b8efcac70be1cacc31a02b23c5d2c5aed2d11,mlb-tor-sf-2026-07-07,2026,2026-07-08T01:45:00Z,Toronto Blue Jays,San Francisco Giants,0,0,1,0,0.55,0.9,0.53
0xd80f73314ec1f3a1e0a0ddf04f9e512e0e408ae36bc17ff528c261c6593bb6ec,mlb-col-lad-2026-07-07,2026,2026-07-08T02:10:00Z,Colorado Rockies,Los Angeles Dodgers,0,1,0,0,0.445,0.9,0.465
0x6c22cd9a5fcf9d6628d787cffbf5443f86ccebe8dd8a8915dd1c575842c4338a,mlb-tor-sf-2026-07-08,2026,2026-07-08T19:45:00Z,Toronto Blue Jays,San Francisco Giants,5,0,0,0,0.605,0.9,0.59
0xd140a549eb7694f5f50b6d6296a05a15a2664b000cd5af7d9531e5962916308a,mlb-chc-bal-2026-07-08,2026,2026-07-08T22:35:00Z,Chicago Cubs,Baltimore Orioles,0,0,1,0,0.465,0.9,0.465
0x2eb9c6855bdbdee4f639e3e567e60eb43a9accdbe4f677f80a2eb8099759bb77,mlb-atl-pit-2026-07-08,2026,2026-07-08T22:40:00Z,Atlanta Braves,Pittsburgh Pirates,0,0,1,0,0.48,0.9,0.49
0xbfed3f2f85cd86f8229f05a4d197acd72029a1361a81ad24a175d30c47bc4ff2,mlb-nyy-tb-2026-07-08,2026,2026-07-08T22:40:00Z,New York Yankees,Tampa Bay Rays,0,0,1,0,0.54,0.9,0.53
0x2ceb340517db5e266e3be2e9fb6dd686c3f671a38b0543821516097b5b840760,mlb-oak-det-2026-07-08,2026,2026-07-08T22:40:00Z,Athletics,Detroit Tigers,0,1,0,0,0.495,0.9,0.475
0xa346deb6baaec20294cee4236a50408da56ae06f47799bd12cdb793ca764e2ef,mlb-sea-mia-2026-07-08,2026,2026-07-08T22:40:00Z,Seattle Mariners,Miami Marlins,0,0,1,0,0.51,0.9,0.475
0x91ee20c7bca90141a9e89994b38dd94640eff59b52f74965ebff357f4ff667d5,mlb-hou-wsh-2026-07-08,2026,2026-07-08T22:45:00Z,Houston Astros,Washington Nationals,0,0,1,0,0.455,0.9,0.48
0x694367062815ebd8d9d090e3223c45627cad332fa876705c44181a4a24c15f92,mlb-kc-nym-2026-07-08,2026,2026-07-08T23:10:00Z,Kansas City Royals,New York Mets,0,1,0,0,0.455,0.9,0.51
0xc0bc60fc07a0dbe38735e6ac27c4513f75eb1dc01075f4e11a458fcdb3b0db65,mlb-phi-cin-2026-07-08,2026,2026-07-08T23:10:00Z,Philadelphia Phillies,Cincinnati Reds,0,0,1,0,0.485,0.9,0.535
0xc6141588d7eaaa0042b868c7085c44b63ca6a9540289db5e1b95c59864d5a50d,mlb-bos-cws-2026-07-08,2026,2026-07-08T23:40:00Z,Boston Red Sox,Chicago White Sox,0,0,1,0,0.52,0.9,0.53
0x1ee4ba43f3f008dce1d0cfbac21e9b145644c1f89f22daf4b56e0272cf3ef7c3,mlb-cle-min-2026-07-08,2026,2026-07-08T23:40:00Z,Cleveland Guardians,Minnesota Twins,0,0,1,0,0.495,0.9,0.51
0x2511129fbe1f30f17893cb3ac79c25d4f48e1e82006b79e9f61c56b06e27892a,mlb-mil-stl-2026-07-08,2026,2026-07-08T23:45:00Z,Milwaukee Brewers,St. Louis Cardinals,0,2,0,0,0.525,0.9,0.53
0xade2ec9e555dfe379e26e5661b4367c5683813ca5ce3b3785e3b7e81ded9b83f,mlb-laa-tex-2026-07-08,2026,2026-07-09T00:05:00Z,Los Angeles Angels,Texas Rangers,1,0,0,0,0.545,0.9,0.54
0xa5b3b14f1a7828b667cabae40eb627213f6ddbf0fb6dbb409aa54e7b5d6eaeb5,mlb-ari-sd-2026-07-08,2026,2026-07-09T02:10:00Z,Arizona Diamondbacks,San Diego Padres,1,0,0,0,0.49,0.9,0.5
0x493247e7665c5905e58e8ecef0eeddada03a5de4dd09ead8dbbf0d7c5b2374df,mlb-col-lad-2026-07-08,2026,2026-07-09T02:10:00Z,Colorado Rockies,Los Angeles Dodgers,0,3,0,0,0.435,0.9,0.435
0x772bbdf7e7f310cd695afb1fac94c470c6ede34641a2f30805bcbc74eb706d76,mlb-atl-pit-2026-07-09,2026,2026-07-09T16:35:00Z,Atlanta Braves,Pittsburgh Pirates,1,0,0,0,0.47,0.9,0.48
0x062f4ac6359015296a938ab9ecd65e26966663cb71f2cdd5d53840c3988fe2d5,mlb-kc-nym-2026-07-09,2026,2026-07-09T17:10:00Z,Kansas City Royals,New York Mets,1,0,0,0,0.47,0.9,0.56
0x0d5971b122fb7f45ed5aa8987b409e69b43e68fdb2868a052bb93ab868f7f1e1,mlb-nyy-tb-2026-07-09,2026,2026-07-09T17:10:00Z,New York Yankees,Tampa Bay Rays,0,1,0,0,0.535,0.9,0.515
0xec791471b85a1086416bcafa337dac42e7c467f3f4467fa5b5ee2f3c650e5d0f,mlb-chc-bal-2026-07-09,2026,2026-07-09T17:35:00Z,Chicago Cubs,Baltimore Orioles,0,0,1,0,0.46,0.9,0.495
0x11f60efa882ee04ce6ff205ffab67fcccfc58831a6370667d2d9fd992fed2a1b,mlb-cle-min-2026-07-09,2026,2026-07-09T17:40:00Z,Cleveland Guardians,Minnesota Twins,0,0,1,0,0.525,0.9,0.495
0xa8bc90c695111a8e9211a9dc597f4ec6eeffdd3ac965e55e48ce1169987b39d7,mlb-bos-cws-2026-07-09,2026,2026-07-09T18:10:00Z,Boston Red Sox,Chicago White Sox,0,0,1,0,0.48,0.9,0.51
0xc4fbf903fbddb5ab3eaf35d092c8bb7215e1881163aeadccba95fe19bc037aa9,mlb-oak-det-2026-07-09,2026,2026-07-09T22:40:00Z,Athletics,Detroit Tigers,0,0,1,0,0.47,0.9,0.495
0x4e4cf862c4b70e5be05dfac85d6f696e9746f2445aace157808e7d1ef4f07e5c,mlb-sea-mia-2026-07-09,2026,2026-07-09T22:40:00Z,Seattle Mariners,Miami Marlins,0,0,1,0,0.555,0.9,0.515
0x06d4606f40dbef9f30807213afaf103e386a6842861bb8ab0e19b655c52fd70a,mlb-phi-cin-2026-07-09,2026,2026-07-09T23:10:00Z,Philadelphia Phillies,Cincinnati Reds,0,0,1,0,0.46,0.7,0.49
0x8da7b7971e2a7fbef49cb5513ccf76d258b43250a43ee8c15fdb069aa68d76f5,mlb-mil-stl-2026-07-09,2026,2026-07-09T23:45:00Z,Milwaukee Brewers,St. Louis Cardinals,0,0,1,0,0.505,0.9,0.51
0xc60f39fa5a5d60d1a983d269fabbf927bc79358fc83550501063e9365a9e77f1,mlb-laa-tex-2026-07-09,2026,2026-07-10T00:05:00Z,Los Angeles Angels,Texas Rangers,0,2,0,0,0.57,0.9,0.55
0xc3b7cce6cf0847bcbd9ab5fe675c30ab96f60baa46e3ac0b47ee49c39443f931,mlb-ari-sd-2026-07-09,2026,2026-07-10T01:40:00Z,Arizona Diamondbacks,San Diego Padres,0,0,1,0,0.455,0.9,0.485
0x4c59e16afa8917ad2f03b1df63f9122289fd17d12e48a20dda968949eb408328,mlb-col-sf-2026-07-09,2026,2026-07-10T01:45:00Z,Colorado Rockies,San Francisco Giants,0,1,0,0,0.51,0.9,0.495
0x62c05b13ebef16dae57970fb3d17396b9182ddfddad6723e6511079909886fa7,mlb-phi-det-2026-07-10,2026,2026-07-10T22:40:00Z,Philadelphia Phillies,Detroit Tigers,0,0,1,0,0.48,43.9,0.63
0x0a61b8138e6481195b55aacd882dc72aaf28e7508869dcb0595bb4aecc9759bb,mlb-nyy-wsh-2026-07-10,2026,2026-07-10T22:45:00Z,New York Yankees,Washington Nationals,1,0,0,0,0.45,48.9,0.475
0x21aa7a91827b6afd42ca8e43915157061bf6159220f14ace6eed7d0783ba3fb3,mlb-kc-bal-2026-07-10,2026,2026-07-10T23:05:00Z,Kansas City Royals,Baltimore Orioles,0,0,1,0,0.445,0.9,0.46
0x12303a6eed830a08450c0beab4dcdf360981b7513eba74b68ce67f7fa9f7025a,mlb-chc-cin-2026-07-10,2026,2026-07-10T23:10:00Z,Chicago Cubs,Cincinnati Reds,0,0,1,0,0.49,0.9,0.485
0x089a1eaf5df3fd4e7c4a527898b2e6cea71c8be8ed38614049c2b908a48991aa,mlb-cle-mia-2026-07-10,2026,2026-07-10T23:10:00Z,Cleveland Guardians,Miami Marlins,0,0,1,0,0.575,0.9,0.555
0xf3776f82e5697b1784a3ed0a8b91f074b5cc7029b7335099d63b18c7dd3f7a63,mlb-sea-tb-2026-07-10,2026,2026-07-10T23:10:00Z,Seattle Mariners,Tampa Bay Rays,0,0,1,0,0.5,0.9,0.525
0x8bee4a46ffd73977e6d29f002df38eab079e1b571c53c5072e6ba544eea7c1ae,mlb-bos-nym-2026-07-10,2026,2026-07-10T23:15:00Z,Boston Red Sox,New York Mets,2,0,0,0,0.53,0.7,0.545
0xde855cde24761cc5d514f5a8fb80a15a61de4021ed2beeb37eab05813ec3367b,mlb-oak-cws-2026-07-10,2026,2026-07-10T23:40:00Z,Athletics,Chicago White Sox,0,0,1,0,0.485,0.9,0.51
0x21faa12b8db19ad2df6a15fe89ce41e5fe0d0660b36b1e125ac0110a5810334a,mlb-hou-tex-2026-07-10,2026,2026-07-11T00:05:00Z,Houston Astros,Texas Rangers,0,2,0,0,0.52,0.9,0.535
0xc910f95c46d10805d888a204265857b4890e61f2210ae4294b37afc2c40874c1,mlb-laa-min-2026-07-10,2026,2026-07-11T00:10:00Z,Los Angeles Angels,Minnesota Twins,0,1,0,0,0.47,0.9,0.46
0x40d687c7bb9d46e305dafddead7705f8a1319c1948f64738e03880311d366064,mlb-atl-stl-2026-07-10,2026,2026-07-11T00:15:00Z,Atlanta Braves,St. Louis Cardinals,0,0,1,0,0.545,0.9,0.53
0xb5f76aac131a1b36dcfe634b1239e4fddb3a957632c7617cec2fb27126bce3c3,mlb-tor-sd-2026-07-10,2026,2026-07-11T01:40:00Z,Toronto Blue Jays,San Diego Padres,0,2,0,0,0.495,0.9,0.475
0x9679814e34eb359b768ae8d9155bcf0f3b21f2a53d03c74f8abf51ac7704631d,mlb-ari-lad-2026-07-10,2026,2026-07-11T02:10:00Z,Arizona Diamondbacks,Los Angeles Dodgers,2,2,0,0,0.48,0.9,0.505
0x51674f0a331423038b901be9640600c5f46d06e6a440c3b25825d2dff4c9dd41,mlb-col-sf-2026-07-10,2026,2026-07-11T02:15:00Z,Colorado Rockies,San Francisco Giants,0,0,1,0,0.515,0.9,0.525
0x2bfb39024b3e4f6538dc313e9157cb84982bd3ea03ed5089fc6102e14610a185,mlb-mil-pit-2026-07-10,2026,2026-07-11T16:05:00Z,Milwaukee Brewers,Pittsburgh Pirates,0,2,0,0,0.54,0.9,0.515
0xaf85dd2ceeaa8eaf6bf5982a3fbf1568150da87379e5a0787201fe6b9f4cd201,mlb-laa-min-2026-07-11,2026,2026-07-11T18:10:00Z,Los Angeles Angels,Minnesota Twins,0,0,1,0,0.505,0.9,0.56
0xf0aba32d4de8eaa508b5c8af0179d49d8a648abc1cfc64d41346e44a8d7becb7,mlb-oak-cws-2026-07-11,2026,2026-07-11T18:10:00Z,Athletics,Chicago White Sox,0,0,1,0,0.53,0.9,0.43
0x7bc3831b2c4915a67d67617fac06900447ee916e319810ad348e58708619f777,mlb-col-sf-2026-07-11,2026,2026-07-11T20:05:00Z,Colorado Rockies,San Francisco Giants,0,0,1,0,0.48,0.9,0.465
0x5415e9399bf5943d327d8068676ebc03b579e43649063730263e34f716a8935c,mlb-mil-pit-2026-07-11,2026,2026-07-11T20:05:00Z,Milwaukee Brewers,Pittsburgh Pirates,0,0,1,0,0.49,0.9,0.575
0xeae5b3afe2cbcb8d9a6cf291de20623c21d1f843289788520cf21dadc9a3fd03,mlb-nyy-wsh-2026-07-11,2026,2026-07-11T20:05:00Z,New York Yankees,Washington Nationals,0,2,0,0,0.475,0.9,0.475
0x930d09146849fdc58e6cfcdecd15b7a4f616ad7942f16245a76abe42d5a82954,mlb-bos-nym-2026-07-11,2026,2026-07-11T20:10:00Z,Boston Red Sox,New York Mets,0,0,1,0,0.5,0.9,0.555
0x1174c9bc516093afd8d077c8fcb14ecae32272e8e92546d990468f7b6232a525,mlb-cle-mia-2026-07-11,2026,2026-07-11T20:10:00Z,Cleveland Guardians,Miami Marlins,0,0,1,0,0.54,0.9,0.52
0x3457ae61868464473638d099ef8e2cbae90a0ae310b286d036cdaf8691f7f152,mlb-sea-tb-2026-07-11,2026,2026-07-11T20:10:00Z,Seattle Mariners,Tampa Bay Rays,0,0,1,0,0.55,0.9,0.56
0xb18c6c9bd53ba5272c4e6a03d2b5ccdf322ac38650c21ea5e9eb4a17f132dbb7,mlb-phi-det-2026-07-11,2026,2026-07-11T22:10:00Z,Philadelphia Phillies,Detroit Tigers,0,0,1,0,0.555,0.9,0.545
0x5b35702746d2b41dc3167a31d120278fc8fded1dfe964d53f9f73ab43601a013,mlb-hou-tex-2026-07-11,2026,2026-07-11T23:05:00Z,Houston Astros,Texas Rangers,2,0,0,0,0.48,0.9,0.505
0xdfbfb877377ec2f85422f4d1339b3e13f05ce6a7820ba2fe879b577d1eb2bdac,mlb-kc-bal-2026-07-11,2026,2026-07-11T23:05:00Z,Kansas City Royals,Baltimore Orioles,0,0,1,0,0.5,0.9,0.5
0xf8e8daa8709f697b5c9f91120a94c9223d0bd52b80272452e50128bc7709a881,mlb-chc-cin-2026-07-11,2026,2026-07-11T23:10:00Z,Chicago Cubs,Cincinnati Reds,0,0,1,0,0.475,0.9,0.42
0xe87e2221f39fd36e7c9845dc27a80e3d5cc4b8f89039b66a1a92860207485c83,mlb-atl-stl-2026-07-11,2026,2026-07-11T23:15:00Z,Atlanta Braves,St. Louis Cardinals,0,3,0,0,0.5,0.9,0.455
0xafb2e50475789394ed72e43cda85f47b4daaaf80c61aea7084d413b99513e6ab,mlb-tor-sd-2026-07-11,2026,2026-07-12T00:40:00Z,Toronto Blue Jays,San Diego Padres,0,2,0,0,0.52,0.9,0.51
0x8e86deb291aaa6b9356173311e5fbe1a1f15aac7e52f5700bbc819c1454044f5,mlb-ari-lad-2026-07-11,2026,2026-07-12T01:10:00Z,Arizona Diamondbacks,Los Angeles Dodgers,0,0,1,0,0.485,0.9,0.49
0x60168e4fd6662fe57c66b6a69501c54656ae6cee05083228cf8788bf460ed1e3,mlb-mil-pit-2026-07-12,2026,2026-07-12T16:15:00Z,Milwaukee Brewers,Pittsburgh Pirates,0,0,1,0,0.565,0.9,0.595
0x02838f72de826b7fc70adeb19c87ce1db240463b090f7b22cb669fa250a9d457,mlb-kc-bal-2026-07-12,2026,2026-07-12T17:35:00Z,Kansas City Royals,Baltimore Orioles,0,0,1,0,0.47,0.9,0.49
0x9bd58acea98a547b1ea10a39aafc37725da6627cd24713787d8e8faf1ac7debb,mlb-nyy-wsh-2026-07-12,2026,2026-07-12T17:35:00Z,New York Yankees,Washington Nationals,0,1,0,0,0.47,0.9,0.48
0x03806818cf4de310aee1766e960fa2768539361cfd1188cab2d227b454f49f81,mlb-bos-nym-2026-07-12,2026,2026-07-12T17:40:00Z,Boston Red Sox,New York Mets,0,1,0,0,0.52,0.9,0.51
0xec15746dfbc04020830f8bfbd0f7799a45eb45428f56f51acfdd47df2b8bc066,mlb-chc-cin-2026-07-12,2026,2026-07-12T17:40:00Z,Chicago Cubs,Cincinnati Reds,2,0,0,0,0.47,0.9,0.475
0xcb5717ab5a86ae5908a023a6c08f0c855b47c9fa2ff76bee127d20334e8a8061,mlb-cle-mia-2026-07-12,2026,2026-07-12T17:40:00Z,Cleveland Guardians,Miami Marlins,2,0,0,0,0.53,0.9,0.53
0x0ca364e2f980fadc29a11853d27b6511b2cb34fa2655781d1e04eabc44eb88bf,mlb-phi-det-2026-07-12,2026,2026-07-12T17:40:00Z,Philadelphia Phillies,Detroit Tigers,0,0,1,0,0.62,0.9,0.565
0xd428aac7e04b5931ca88f7458ded3a2e819a99b9fcf37d602d01a4b73adae34d,mlb-sea-tb-2026-07-12,2026,2026-07-12T17:40:00Z,Seattle Mariners,Tampa Bay Rays,0,0,1,0,0.515,0.9,0.5
0x882c063481217c183cc3bb5172e49ab03cf16471eb31c57527b57b54fa34ce53,mlb-laa-min-2026-07-12,2026,2026-07-12T18:10:00Z,Los Angeles Angels,Minnesota Twins,0,0,1,0,0.495,0.9,0.445
0xf292f0f7be115861960f2a8fbf01d3d050d14134b8d40ce9637b9e1faec47973,mlb-oak-cws-2026-07-12,2026,2026-07-12T18:10:00Z,Athletics,Chicago White Sox,1,6,0,0,0.495,0.9,0.495
0x113a2970ddb72285f6e0f76510898304612e6a3c33386c7f5529f404c81df8ad,mlb-atl-stl-2026-07-12,2026,2026-07-12T18:15:00Z,Atlanta Braves,St. Louis Cardinals,0,1,0,0,0.525,0.9,0.52
0x3f64448ba32e935193a6c62512f54a0e82011367144ac6a04fef9ddc8b641847,mlb-hou-tex-2026-07-12,2026,2026-07-12T18:35:00Z,Houston Astros,Texas Rangers,0,0,1,0,0.47,0.9,0.495
0x7bed0c3eec2d17453e8a94230bc43e5cd97e6139906305e84e183a8dcb7a1ca2,mlb-col-sf-2026-07-12,2026,2026-07-12T20:05:00Z,Colorado Rockies,San Francisco Giants,1,0,0,0,0.485,0.9,0.48
0x84ccf40e22a02f316e0bb7e67320d9862b4cc610d420d54374b9b14d2eff8940,mlb-ari-lad-2026-07-12,2026,2026-07-12T20:10:00Z,Arizona Diamondbacks,Los Angeles Dodgers,0,1,0,0,0.455,0.9,0.49
0xa213420a17614859fb08f59d68674ca46d65eda49b2f635750d668a5db922963,mlb-tor-sd-2026-07-12,2026,2026-07-12T20:10:00Z,Toronto Blue Jays,San Diego Padres,1,0,0,0,0.495,0.9,0.555
0x1df18124f3427b1f08875bffb8c7a159ef3842667db35c9a50bf163fef8e1677,mlb-nym-phi-2026-07-16,2026,2026-07-16T22:10:00Z,New York Mets,Philadelphia Phillies,0,0,1,0,0.465,0.9,0.46
0x7d4e2f56006f103006045cef38373c2d9f539a4e057e59727c35eea731782b3d,mlb-tb-bos-2026-05-09,2026,2026-07-17T17:35:00Z,Tampa Bay Rays,Boston Red Sox,0,0,1,0,0.5365,0.9,0.529
0x16163e176e45ef28d942dcc6004a480122e7710a493d7f88f78c366ae85c26dc,mlb-lad-nyy-2026-07-17,2026,2026-07-17T23:05:00Z,Los Angeles Dodgers,New York Yankees,0,0,1,0,0.475,0.5,0.495
0x3ff9e0412aa7041f2e29ed1373132bb9167d1eeebc5404428048733b434479a7,mlb-pit-cle-2026-07-17,2026,2026-07-17T23:10:00Z,Pittsburgh Pirates,Cleveland Guardians,0,0,1,1,0.55,0.9,0.535
0xb8a681fb26682f140c3df7bae9928cc64ec50f1376427899e1fd0f16df96afe3,mlb-tb-bos-2026-07-17,2026,2026-07-17T23:10:00Z,Tampa Bay Rays,Boston Red Sox,2,3,0,0,0.47,0.9,0.535
0x50e1fef2133435b29ff10a395dc5a8aa912ef09d5b3799345d3ddea4da2bdc0b,mlb-cws-tor-2026-07-17,2026,2026-07-17T23:15:00Z,Chicago White Sox,Toronto Blue Jays,0,0,1,0,0.5,0.9,0.49
0xe5cc3374284e345b92504517daef314434f83aa697a12d7a0b41b24f37b94c5f,mlb-tex-atl-2026-07-17,2026,2026-07-17T23:15:00Z,Texas Rangers,Atlanta Braves,0,0,1,0,0.54,0.9,0.535
0x4349b3cd02067fa637460eb3a96a18f77c3719b181c4bff58169d1fa3b7de9ae,mlb-mia-mil-2026-07-17,2026,2026-07-17T23:40:00Z,Miami Marlins,Milwaukee Brewers,0,0,1,0,0.54,0.9,0.525
0x57d47e7bcb192d2346120b661befbc863e55598a8e60efbb004efe8a87b9bc21,mlb-min-chc-2026-07-17,2026,2026-07-18T00:05:00Z,Minnesota Twins,Chicago Cubs,0,1,0,0,0.425,0.9,0.445
0x2b5a12a59fec9e48df50234d110c68ac02e154966860029cd5b2d6adda8d3da0,mlb-bal-hou-2026-07-17,2026,2026-07-18T00:10:00Z,Baltimore Orioles,Houston Astros,0,1,0,0,0.5,0.9,0.48
0x4e0ffe7d68245e6f469fcd6fcc4901bb0b302669d6153a6da3d727d75fb1220c,mlb-sd-kc-2026-07-17,2026,2026-07-18T00:10:00Z,San Diego Padres,Kansas City Royals,0,0,1,0,0.465,0.9,0.46
0x5d976e7900477ec99f8f902b7983ee02eca42f4b88b9e10574715dfe5da58f36,mlb-cin-col-2026-07-17,2026,2026-07-18T00:40:00Z,Cincinnati Reds,Colorado Rockies,1,0,0,0,0.39,0.9,0.415
0x85572e7e210dd6414421a70c83285e97c539081a0779ad13aeb88474c3b19dc3,mlb-det-laa-2026-07-17,2026,2026-07-18T01:38:00Z,Detroit Tigers,Los Angeles Angels,0,1,0,0,0.52,0.9,0.525
0xd08d4adf16e577b840c6a0f8a57a63229e5695992a6e06bb12f9ca3659624d84,mlb-stl-ari-2026-07-17,2026,2026-07-18T01:40:00Z,St. Louis Cardinals,Arizona Diamondbacks,2,0,0,0,0.47,0.9,0.455
0xbd4447f2c7194c37c05befc19fe1d6c75a51d62c3cdbdb58ea7661d8bd0965a0,mlb-wsh-oak-2026-07-17,2026,2026-07-18T01:40:00Z,Washington Nationals,Athletics,0,0,1,0,0.46,0.9,0.47
0x035046f0a5b9eabcb60128ffc20a7ee2ed19776caf955d7d9c10b3163f2d65cf,mlb-sf-sea-2026-07-17,2026,2026-07-18T02:10:00Z,San Francisco Giants,Seattle Mariners,0,0,1,0,0.58,0.7,0.54
0x560d9ab61b1e575b3b8f8f2158b477252f31b09781c4dfac6d444fda54398dac,mlb-min-chc-2026-07-18,2026,2026-07-18T18:20:00Z,Minnesota Twins,Chicago Cubs,0,1,0,0,0.49,0.9,0.485
0x828d3aebed627480666c8dde40f61bad3d95d3e1757f48c89dba9371a24c946a,mlb-cws-tor-2026-07-18,2026,2026-07-18T19:07:00Z,Chicago White Sox,Toronto Blue Jays,0,0,1,0,0.485,0.9,0.495
0x2aaab477e268d3335df38bd106b4c77b96923659f71e35997c88ee593bee4a8c,mlb-cin-col-2026-07-18,2026,2026-07-18T19:10:00Z,Cincinnati Reds,Colorado Rockies,0,2,0,0,0.395,0.9,0.35
0xe9ec63974e94aad91b67a949422c7dec77282fc28b5c425737a3a2506f7d7163,mlb-nym-phi-2026-07-18,2026,2026-07-18T20:05:00Z,New York Mets,Philadelphia Phillies,0,2,0,0,0.53,0.9,0.505
0xebbf4024bac397aff1b90dd7c934e37751120c6d90fb93f6c99504cc6b253274,mlb-bal-hou-2026-07-18,2026,2026-07-18T20:10:00Z,Baltimore Orioles,Houston Astros,0,0,1,0,0.5,0.9,0.525
0xdd5b4011233de4f1ec4689aac241dd6ca38bf8d691ed01674d75abf108f3c3e5,mlb-mia-mil-2026-07-18,2026,2026-07-18T20:10:00Z,Miami Marlins,Milwaukee Brewers,0,0,1,0,0.55,0.9,0.55
0x4d44087081ba46de27b3fb518b8b614dc639404cf56c651f3cf9a9667de8542d,mlb-sd-kc-2026-07-18,2026,2026-07-18T20:10:00Z,San Diego Padres,Kansas City Royals,0,2,0,0,0.425,0.9,0.49
0x9f0693905a73017bb154c44d0d626ec82747e8a4529c62ff4e543098d0d26f2e,mlb-stl-ari-2026-07-18,2026,2026-07-18T20:10:00Z,St. Louis Cardinals,Arizona Diamondbacks,0,0,1,0,0.505,0.9,0.475
0x4724d27b9e33903090b1019da423609925ac9d9763bfe1e359e42cd3584e51ff,mlb-tb-bos-2026-07-18,2026,2026-07-18T20:10:00Z,Tampa Bay Rays,Boston Red Sox,0,0,1,0,0.475,0.9,0.49
0xc808e341a9e35843f1dd57f11d4c842661fee3dabd73fe611fff3aa56959878c,mlb-tex-atl-2026-07-18,2026,2026-07-18T20:10:00Z,Texas Rangers,Atlanta Braves,1,0,0,0,0.49,0.9,0.485
0x73a0587c8910ef516a9bb24b43f8dcce6c9ba67b3d002ba7c2939a9a8bda0b30,mlb-pit-cle-2026-07-18,2026,2026-07-18T23:10:00Z,Pittsburgh Pirates,Cleveland Guardians,0,0,1,0,0.545,0.9,0.57
0x7e8843cf7f2f4400b171e3ecd3258cdfc50043c6fa2ec02908e9465fe4dd8c57,mlb-lad-nyy-2026-07-18,2026,2026-07-19T00:08:00Z,Los Angeles Dodgers,New York Yankees,0,0,1,1,0.495,0.9,0.465
0xcfc1f1af5020e8aae4c2f8e1f2d37fddda9fc9ac7c6f343a8e479d8916656d28,mlb-sf-sea-2026-07-18,2026,2026-07-19T00:08:00Z,San Francisco Giants,Seattle Mariners,0,0,1,0,0.605,0.9,0.6
0xed7e25bceca31e1157fb5666b6a9d841d7817f5681ed916f12a2f59605c9e6b8,mlb-wsh-oak-2026-07-18,2026,2026-07-19T02:05:00Z,Washington Nationals,Athletics,0,5,0,0,0.39,0.7,0.445
0x36e5529f50b1cbc945445bcd79c5bc9229dd33d12b75a5668a9a61f3dc08c817,mlb-det-laa-2026-07-18,2026,2026-07-19T02:07:00Z,Detroit Tigers,Los Angeles Angels,4,0,0,0,0.54,0.9,0.52
0x692704a572c715b72b6fd8f5aad40989a9c1dbe25782a9602a82367f6bdd4eb4,mlb-cws-tor-2026-07-19,2026,2026-07-19T16:15:00Z,Chicago White Sox,Toronto Blue Jays,0,0,1,0,0.545,0.9,0.595
0x7e8f3b864e8a62edf8e8ad9c323f1d7b91168ee4139b8e885d88350807acaa35,mlb-nym-phi-2026-07-19,2026,2026-07-19T17:35:00Z,New York Mets,Philadelphia Phillies,2,0,0,0,0.49,0.9,0.585
0xc77c27719026682c1e816c792f2801537acc27db91e202901e98ac4887391511,mlb-tb-bos-2026-07-19,2026,2026-07-19T17:35:00Z,Tampa Bay Rays,Boston Red Sox,0,0,1,0,0.575,0.9,0.58
0x6041149c064a6d1382aa61f5474798d98226e8f2e4dbb1892c3de61f6c4d29ae,mlb-tex-atl-2026-07-19,2026,2026-07-19T17:35:00Z,Texas Rangers,Atlanta Braves,0,1,0,0,0.49,0.9,0.485
0x3158cb06c34ef1ddb221c93c4a1020b011b125c9239bb4d60864b4cee4fe3f33,mlb-pit-cle-2026-07-19,2026,2026-07-19T17:40:00Z,Pittsburgh Pirates,Cleveland Guardians,0,0,1,0,0.605,0.9,0.58
0x54bd9665c11daa05050b48f9b0fc53cee61450d3b2661092de6225cef7d35b48,mlb-bal-hou-2026-07-19,2026,2026-07-19T18:10:00Z,Baltimore Orioles,Houston Astros,0,0,1,0,0.515,0.9,0.535
0x923169f0d0001140fb6990c60f45bda80fbc86a1bb6d29b7a52dad8d0a664fe6,mlb-mia-mil-2026-07-19,2026,2026-07-19T18:10:00Z,Miami Marlins,Milwaukee Brewers,0,0,1,0,0.505,0.9,0.575
0x857abc629397a85f1a988ad7567b817399b383b389ab1fd8d5a3d97696d80039,mlb-sd-kc-2026-07-19,2026,2026-07-19T18:10:00Z,San Diego Padres,Kansas City Royals,0,1,0,0,0.465,0.9,0.505
0x103d9f91d230fca1159d0f59516685c2eac29018a763bd9ce2bda05a9182becd,mlb-min-chc-2026-07-19,2026,2026-07-19T18:20:00Z,Minnesota Twins,Chicago Cubs,0,2,0,0,0.525,0.9,0.615
0x12be5aecf2a55f97f380a58f475c339c3b4f532c05a74ea512889cea2f64fb7d,mlb-cin-col-2026-07-19,2026,2026-07-19T19:10:00Z,Cincinnati Reds,Colorado Rockies,5,1,0,0,0.435,0.9,0.44
0x0b212e647ef1c884915f03800e45456a68a18d4beed64e5d385be53a5373c162,mlb-wsh-oak-2026-07-19,2026,2026-07-19T20:05:00Z,Washington Nationals,Athletics,0,0,1,0,0.45,0.9,0.445
0x9e3d42a6860bbc1b352de600572941c9c3fc825cd2f85c7113db09579be87c1a,mlb-det-laa-2026-07-19,2026,2026-07-19T20:07:00Z,Detroit Tigers,Los Angeles Angels,1,0,0,0,0.49,0.9,0.475
0x52ef638fd099b1fcc56d7de60fb27209120e708e1a2c114545ccde20474505d1,mlb-sf-sea-2026-07-19,2026,2026-07-19T20:10:00Z,San Francisco Giants,Seattle Mariners,2,0,0,0,0.575,0.9,0.595
0x0580365bc6bb24db6196ce7d142b330ad7002e7cad0d71c47e79323c887ac6da,mlb-stl-ari-2026-07-19,2026,2026-07-19T20:10:00Z,St. Louis Cardinals,Arizona Diamondbacks,0,0,1,0,0.485,0.9,0.48
0xc5ec0a0776eefb4c8049d322e6671309cf4ecac9c2aae8c6721e47146459de9b,mlb-lad-nyy-2026-07-19,2026,2026-07-19T23:20:00Z,Los Angeles Dodgers,New York Yankees,0,1,0,0,0.52,0.9,0.545
0x3e8586001e88494bdaa761e31cb4b6685c71dbb01c1e87cdd83bd9c7aa427635,mlb-min-cle-2026-07-20,2026,2026-07-20T22:40:00Z,Minnesota Twins,Cleveland Guardians,0,3,0,0,0.575,0.9,0.565
0x1df3be7af0860ae57ab1a6a435ca0c6033088e9d2eb7ea2486a0a126635cdacf,mlb-pit-nyy-2026-07-20,2026,2026-07-20T23:05:00Z,Pittsburgh Pirates,New York Yankees,0,4,0,0,0.545,0.9,0.55
0x65b34487822725de768e9d3a23a51e864deb5456e949b1c3ef12ecc4f3361e63,mlb-tb-tor-2026-07-20,2026,2026-07-20T23:07:00Z,Tampa Bay Rays,Toronto Blue Jays,0,0,1,0,0.585,0.9,0.565
0xa541ff3bd8a90dc62c6f7893939111eddb69422934daf660c36315b1f3fd9eca,mlb-bal-bos-2026-07-20,2026,2026-07-20T23:10:00Z,Baltimore Orioles,Boston Red Sox,1,0,0,0,0.515,0.9,0.505
0xac1bcce1972d36d2cb62960fab988d81f3a5f4bd048787f08e414df29be3af3d,mlb-lad-phi-2026-07-20,2026,2026-07-20T23:10:00Z,Los Angeles Dodgers,Philadelphia Phillies,0,0,1,0,0.515,0.9,0.495
0x8b813a7bf8dc38833f9f88c3829461d89283cb6875abad366bc9280ec8d6d5dd,mlb-sd-atl-2026-07-20,2026,2026-07-20T23:15:00Z,San Diego Padres,Atlanta Braves,0,0,1,0,0.47,0.9,0.49
0xd39d5d675a47bca9f0f2d0d8aa80afc446b3a0d32b85cb5cf97c47d2b9656b09,mlb-nym-mil-2026-07-20,2026,2026-07-20T23:40:00Z,New York Mets,Milwaukee Brewers,0,2,0,0,0.585,0.9,0.565
0x1eff53ce2cd46c85972a078e58a4924eb69f3eb03d5352abeb0b835a5104859f,mlb-sf-kc-2026-07-20,2026,2026-07-20T23:40:00Z,San Francisco Giants,Kansas City Royals,0,0,1,0,0.465,0.9,0.455
0x0150d4dad660d63c503796c79d5e908edeb357ad5928dd83f79c502f6961724a,mlb-cws-tex-2026-07-20,2026,2026-07-21T00:05:00Z,Chicago White Sox,Texas Rangers,0,1,0,0,0.53,0.9,0.53
0x01e1802f135dd4a9f248e9a9e071944a2b89d46d89888fde7027295f3bc6e035,mlb-det-chc-2026-07-20,2026,2026-07-21T00:05:00Z,Detroit Tigers,Chicago Cubs,4,0,0,0,0.42,0.9,0.43
0x1cb7d73af1848412d401f2bf794345fedba2e581b77588055d283b3779157415,mlb-mia-hou-2026-07-20,2026,2026-07-21T00:10:00Z,Miami Marlins,Houston Astros,0,0,1,0,0.475,0.9,0.485
0xc01806939d14aeb0a95dc839db96d0745e2522dbb0f35a1dda5caa8c68e49684,mlb-wsh-col-2026-07-20,2026,2026-07-21T00:40:00Z,Washington Nationals,Colorado Rockies,3,0,0,0,0.415,0.9,0.425
0x6cdb510da4a3fe93c20e14a2ca6eab5a761154ec39bac1d8d7f5548325d50a58,mlb-cin-sea-2026-07-20,2026,2026-07-21T01:40:00Z,Cincinnati Reds,Seattle Mariners,0,0,1,0,0.535,0.9,0.52
0x4f708d154d11864585cc514809f3cea2dd49df4dade0f024c432e78c67d827de,mlb-oak-ari-2026-07-20,2026,2026-07-21T01:40:00Z,Athletics,Arizona Diamondbacks,0,0,1,0,0.46,0.9,0.475
0xbaaa40cb46cdd5ae0027da0827c7937885acb635c76b88550e64e984fb9b76fb,mlb-stl-laa-2026-07-20,2026,2026-07-21T02:10:00Z,St. Louis Cardinals,Los Angeles Angels,0,0,1,0,0.525,0.9,0.5
0xe526ccafa58307c969cc37281490cb224936ed2e63a475bc565d7965bc01591d,mlb-lad-phi-2026-07-21,2026,2026-07-21T22:40:00Z,Los Angeles Dodgers,Philadelphia Phillies,0,1,0,0,0.515,0.9,0.5
0xab3f05b6dd74d143ab0e2cba89b59b62c8dc3b61cd9129696a798efc660868d6,mlb-min-cle-2026-07-21,2026,2026-07-21T22:40:00Z,Minnesota Twins,Cleveland Guardians,1,0,0,0,0.545,0.9,0.59
0x9f7dae17481c224c0311d61f80fdd4841c5afd3ed12ca80c1bf7ece4ca12c560,mlb-tb-tor-2026-07-21,2026,2026-07-21T23:07:00Z,Tampa Bay Rays,Toronto Blue Jays,3,0,0,0,0.555,0.9,0.565
0x81105e6073d5ea1269b34569db9931f0c882971543ffd855d5136f99dec56a8e,mlb-sd-atl-2026-07-21,2026,2026-07-21T23:15:00Z,San Diego Padres,Atlanta Braves,1,0,0,0,0.485,0.9,0.465
0xa675565d862510303d97b687703f994173ea87f8e777f0219dfc93cdc0f5d12d,mlb-nym-mil-2026-07-21,2026,2026-07-21T23:40:00Z,New York Mets,Milwaukee Brewers,0,0,1,0,0.49,0.6,0.48
0x4a724dfcec7b0b52e439aa53203512b21bb42ce54a55bcf3a46cbb332b0a3d7f,mlb-sf-kc-2026-07-21,2026,2026-07-21T23:40:00Z,San Francisco Giants,Kansas City Royals,0,0,1,0,0.49,0.6,0.47
0x1998f79318767b6619f28c724b2c4101f5ed9f017bdda5a225300b44af5cc1c7,mlb-cws-tex-2026-07-21,2026,2026-07-22T00:05:00Z,Chicago White Sox,Texas Rangers,0,2,0,0,0.47,0.7,0.48
0xe3f4fd06e03eab25a69b53f8ee13af613faaf9e74a77ce9b1dad71381da9979c,mlb-det-chc-2026-07-21,2026,2026-07-22T00:05:00Z,Detroit Tigers,Chicago Cubs,0,6,0,0,0.53,0.7,0.48
0xb7bfb182148b55cac0f1ecf8af8edac381f97390c4e34406366017f1bce015eb,mlb-mia-hou-2026-07-21,2026,2026-07-22T00:10:00Z,Miami Marlins,Houston Astros,0,1,0,0,0.465,0.9,0.48
0x6ef397dd668b81700652f495bb11fbf22b6ccdb416cc802a0e8dd6178decdf56,mlb-wsh-col-2026-07-21,2026,2026-07-22T00:40:00Z,Washington Nationals,Colorado Rockies,2,0,0,0,0.345,0.9,0.405
0x6a6c2bf527aa946d97e4f3c544653108a1c7785d809f72d175f27945315a28cc,mlb-stl-laa-2026-07-21,2026,2026-07-22T01:38:00Z,St. Louis Cardinals,Los Angeles Angels,0,5,0,0,0.485,0.9,0.5
0xf1664328bcfb64e64594cacde4f4983219283a9321de99bcd857835f3f04a549,mlb-cin-sea-2026-07-21,2026,2026-07-22T01:40:00Z,Cincinnati Reds,Seattle Mariners,1,0,0,0,0.58,0.9,0.54
0x48e7c5439b329284c356640e6f04c772c0331c094465066b0d23bb5ab2b32174,mlb-oak-ari-2026-07-21,2026,2026-07-22T01:40:00Z,Athletics,Arizona Diamondbacks,0,3,0,0,0.455,0.9,0.44
0xea8c2c37399c011026e4df0ad176c24b823fea3f16063050e08e952d8a70fe25,mlb-bal-bos-2026-07-21,2026,2026-07-22T17:35:00Z,Baltimore Orioles,Boston Red Sox,0,4,0,0,0.495,0.9,0.52
0xf7948e04813ec87310c407bada2714b38b498b3e6d64c9aa525f848e4912f188,mlb-pit-nyy-2026-07-22,2026,2026-07-22T17:35:00Z,Pittsburgh Pirates,New York Yankees,0,0,1,0,0.47,0.9,0.51
0x5b29dbee083718995d41504e9b76dbbed93dc30411000a196b693ff66d3365dd,mlb-nym-mil-2026-07-22,2026,2026-07-22T18:10:00Z,New York Mets,Milwaukee Brewers,0,0,1,0,0.575,0.9,0.635
0xc248f1c47a1f293a6099f7fc0331e087418ebaa5186dc5fac3f3ae3f059fc5f8,mlb-sf-kc-2026-07-22,2026,2026-07-22T18:10:00Z,San Francisco Giants,Kansas City Royals,0,0,1,0,0.525,0.9,0.56
0xcbf190392deba839c6f595becf0a152e0270ad95d5cefa4db8b8635582e6a423,mlb-wsh-col-2026-07-22,2026,2026-07-22T19:10:00Z,Washington Nationals,Colorado Rockies,0,0,1,0,0.41,0.9,0.445
0x33ad89d1ccffd63c96cd0a3045dbf4c9d1c7317d62815271d27c34ce8c81ecc8,mlb-cin-sea-2026-07-22,2026,2026-07-22T19:40:00Z,Cincinnati Reds,Seattle Mariners,0,0,1,0,0.525,0.9,0.55
0x626fde2d8e55b23103b8ef95bf721114073c1156341680e626020b5b795f7c70,mlb-oak-ari-2026-07-22,2026,2026-07-22T19:40:00Z,Athletics,Arizona Diamondbacks,0,0,1,0,0.47,0.9,0.47
0x750c115c9a1bdd64cbc8e101f0605f4e5e838c1045b4d88b0eee31ebe958e803,mlb-stl-laa-2026-07-22,2026,2026-07-22T20:07:00Z,St. Louis Cardinals,Los Angeles Angels,0,0,1,0,0.475,0.7,0.48
0x5b066d8c79c8303c0aacf8139590a9f3cd4eb44bc1aea4a6b3718ce8912584b9,mlb-lad-phi-2026-07-22,2026,2026-07-22T22:40:00Z,Los Angeles Dodgers,Philadelphia Phillies,0,2,0,0,0.435,0.9,0.475
0xf148de89c54a1a41a9de63f27b2d84e598edbfc976459f3d09b666a4e346f9e1,mlb-min-cle-2026-07-22,2026,2026-07-22T22:40:00Z,Minnesota Twins,Cleveland Guardians,1,1,0,0,0.52,0.9,0.56
0x8e08a1339647815ebe4960ba99648ccaf6dbdfc5ab2928fc6eecb54d775f2d3e,mlb-pit-nyy-2026-07-21,2026,2026-07-22T23:05:00Z,Pittsburgh Pirates,New York Yankees,0,0,1,0,0.475,0.9,0.485
0x2101d9d49c4b672365a9f8280fb8a31e0603184c3928ccf32ed01d0e3a455fb4,mlb-tb-tor-2026-07-22,2026,2026-07-22T23:07:00Z,Tampa Bay Rays,Toronto Blue Jays,0,1,0,0,0.52,0.9,0.58
0xf159ab1f44902bee367da83090de224f8eabd368e83ff5277a24d635d9cd01dc,mlb-bal-bos-2026-07-22,2026,2026-07-22T23:10:00Z,Baltimore Orioles,Boston Red Sox,4,0,0,0,0.495,0.9,0.64
0xae30222e047fba6fc1dc8a040b0403605beb9d88368cad93ec37415fd1163934,mlb-sd-atl-2026-07-22,2026,2026-07-22T23:15:00Z,San Diego Padres,Atlanta Braves,0,1,0,0,0.5,0.9,0.51
0xe12593003c5f86209d7be324b85e2cd2a7617ac8e6daf660f716061e82fcd1aa,mlb-cws-tex-2026-07-22,2026,2026-07-23T00:05:00Z,Chicago White Sox,Texas Rangers,0,0,1,0,0.505,0.9,0.5
0xe27a1fa96403b0786de59c442da299aa1a242de4db419fa1393082ba081a6809,mlb-det-chc-2026-07-22,2026,2026-07-23T00:10:00Z,Detroit Tigers,Chicago Cubs,0,1,0,0,0.505,0.9,0.54
0x2dea7481ff5694eb395e93e70198fc94c8d4ba9f89520e2db30be434c97aa8b6,mlb-mia-hou-2026-07-22,2026,2026-07-23T00:10:00Z,Miami Marlins,Houston Astros,0,0,1,0,0.505,0.9,0.515
0xc52876d4f2b2eb4698b0e172a92d8b018e8766922f8070a09c376e782d7aa116,mlb-sd-atl-2026-07-23,2026,2026-07-23T16:15:00Z,San Diego Padres,Atlanta Braves,0,0,1,0,0.525,0.9,0.505
0x2078305335f13fbfc70c3b30bf732d82073d4954045bf818ad9ab9b6f4004ef6,mlb-min-cle-2026-07-23,2026,2026-07-23T17:10:00Z,Minnesota Twins,Cleveland Guardians,0,0,1,0,0.555,0.9,0.535
0x449a8ecb0d8ab06e9427881cded127dfe25f8e4775e2c6c4b4e094adaac80d9e,mlb-tb-tor-2026-07-23,2026,2026-07-23T19:07:00Z,Tampa Bay Rays,Toronto Blue Jays,0,1,0,0,0.5,0.8,0.515
0x61c154bb9ab416b729230895155cecabc83494df95098102322446eb37da9284,mlb-ari-stl-2026-06-25,2026,2026-07-23T21:15:00Z,Arizona Diamondbacks,St. Louis Cardinals,0,2,0,0,0.55,0.9,0.445
0xccf767fc84b4ed01da8b99017ac869a00042abf681dd324205d244fa22888462,mlb-kc-det-2026-07-23,2026,2026-07-23T22:40:00Z,Kansas City Royals,Detroit Tigers,0,0,1,0,0.53,0.8,0.5
0x608630c8624271f289e180d6841fd1e80f425b1e7a0dbade55d7846de39de108,mlb-col-mil-2026-07-24,2026,2026-07-24T20:10:00Z,Colorado Rockies,Milwaukee Brewers,2,1,0,0,0.5,0.9,0.5
0xf88a32dfc036b7bf0d7974fb59d0b11bc0ae74a9805b3a93cfa5216328da9876,mlb-chc-pit-2026-07-24,2026,2026-07-24T22:40:00Z,Chicago Cubs,Pittsburgh Pirates,0,0,1,0,0.545,0.7,0.515
0xb318bbc05cf949be28c11a8b6cd06eb69fdc5ebbd1315db658986a15a1981e58,mlb-kc-det-2026-07-24,2026,2026-07-24T22:40:00Z,Kansas City Royals,Detroit Tigers,0,2,0,0,0.55,0.7,0.545
0x7c14163ae82e2f7cfd027e02978065b5d52d70d3b6ff2d686fbe01aa36412988,mlb-ari-wsh-2026-07-24,2026,2026-07-24T22:45:00Z,Arizona Diamondbacks,Washington Nationals,0,0,1,0,0.445,0.9,0.485
0x8e0ee15b12110c5202ff6610bbd5fabaa03b4c073403debd036598271bc46c8c,mlb-nyy-phi-2026-07-24,2026,2026-07-24T22:45:00Z,New York Yankees,Philadelphia Phillies,0,0,1,0,0.575,0.9,0.53
0x29404b5fd4084a7dd2dfbe0378778857bb7c18067dbcac1015f26149028cd68d,mlb-atl-bal-2026-07-24,2026,2026-07-24T23:05:00Z,Atlanta Braves,Baltimore Orioles,0,0,1,0,0.49,0.9,0.475
0x8508f540525295a037fbf07faaa307f01a6e22648156feba5e8d721a68339061,mlb-cle-tb-2026-07-24,2026,2026-07-24T23:10:00Z,Cleveland Guardians,Tampa Bay Rays,0,0,1,0,0.555,0.9,0.53
0x79f25e2683e0a8d022eb09cb59a4512f75917106d97f42ee46ac2db0a4f503c6,mlb-lad-nym-2026-07-24,2026,2026-07-24T23:10:00Z,Los Angeles Dodgers,New York Mets,0,0,1,0,0.495,0.9,0.455
0x349e5d71dc31ec8b6f75cb188f37f973a2a071339b45b357d7c02f0feb0edfb7,mlb-sd-mia-2026-07-24,2026,2026-07-24T23:10:00Z,San Diego Padres,Miami Marlins,0,0,1,0,0.48,0.9,0.475
0x3fbadd127b75c9f1e4f110f1456865c5b3a5e6a385578f8117d411926b948b8b,mlb-tor-bos-2026-07-24,2026,2026-07-24T23:15:00Z,Toronto Blue Jays,Boston Red Sox,0,1,0,0,0.51,0.9,0.505
0xea93b93b2b9369345a12d0c263bfc78b5e6d51fd165dc65be9fa8bdaf188d9a4,mlb-hou-cws-2026-07-24,2026,2026-07-24T23:40:00Z,Houston Astros,Chicago White Sox,0,3,0,0,0.475,0.9,0.495
0x2af7d2929b1bb10e1f9605dd0806c9a1a35720551ff8b4729c5f74fa460f16d8,mlb-sea-tex-2026-07-24,2026,2026-07-25T00:05:00Z,Seattle Mariners,Texas Rangers,0,1,0,0,0.54,0.9,0.535
0x3bdb4b326d675ae7fe836f5b2cd90dd89f40d694249f9bb1258e5d7ac7b3a169,mlb-oak-min-2026-07-24,2026,2026-07-25T00:10:00Z,Athletics,Minnesota Twins,0,0,1,0,0.415,0.9,0.475
0xe8ad133f77f5476ac9f962fb0dadf4f5f8af0f53665df51a2c30fda4918b3e0c,mlb-cin-stl-2026-07-24,2026,2026-07-25T00:15:00Z,Cincinnati Reds,St. Louis Cardinals,0,0,1,0,0.5,0.9,0.5
0x467040210a7422362df33185bad71882c06c361a70bf8b4bce3d7381a8c09274,mlb-laa-sf-2026-07-24,2026,2026-07-25T02:15:00Z,Los Angeles Angels,San Francisco Giants,1,2,0,0,0.525,0.9,0.515
0x918b8ed7da372d2f165d4620634193bc55afc2016fe39b73b6bef9d27c8c28d0,mlb-kc-det-2026-07-25,2026,2026-07-25T17:10:00Z,Kansas City Royals,Detroit Tigers,0,0,1,0,0.57,0.9,0.56
0x6b3ff4a52ca1a778a2b36ebf2fd50508c7ca32d875afe82bd1661dcc569dae7e,mlb-ari-wsh-2026-07-25,2026,2026-07-25T20:05:00Z,Arizona Diamondbacks,Washington Nationals,0,0,1,0,0.475,0.9,0.515
0x02f2bfea017e4889b51329d71dec24fe7e1c8a14ee6269c746aec0f5d3d83f1f,mlb-laa-sf-2026-07-25,2026,2026-07-25T20:05:00Z,Los Angeles Angels,San Francisco Giants,0,0,1,0,0.495,0.9,0.51
0x4ae44fad36ed66038113ba61837400462519c98cfd2c33f3d011c4e992b1ce42,mlb-sd-mia-2026-07-25,2026,2026-07-25T20:10:00Z,San Diego Padres,Miami Marlins,0,0,1,0,0.525,0.9,0.51
0xe5923bb229eed32aa906573c75278ebcd4fed0576b9088ff1dd2ee3faa213bea,mlb-tor-bos-2026-07-25,2026,2026-07-25T20:10:00Z,Toronto Blue Jays,Boston Red Sox,0,0,1,0,0.605,0.9,0.545
0x10caf21ce0fe9843027e9865acd05076642d5c83d188aa699701b974c6526761,mlb-nyy-phi-2026-07-25,2026,2026-07-25T22:05:00Z,New York Yankees,Philadelphia Phillies,0,1,0,0,0.48,0.9,0.495
0xf8ff89b47332dbc15eb563e23db3aaa9ed2ec0164dd0429bc4c512ae33332a8d,mlb-cle-tb-2026-07-25,2026,2026-07-25T22:10:00Z,Cleveland Guardians,Tampa Bay Rays,0,0,1,0,0.53,0.9,0.515
0x4712557e8c93987f4c73b2022e97ea4b78b254e783f200edc2c5c1ae42cdd7a0,mlb-chc-pit-2026-07-25,2026,2026-07-25T22:40:00Z,Chicago Cubs,Pittsburgh Pirates,0,0,1,0,0.565,0.8,0.54
0x3f48ce917429746b0a400c1aa1c4c8c3bad7fe24f854fbaabbfe6a29578b7faa,mlb-atl-bal-2026-07-25,2026,2026-07-25T23:05:00Z,Atlanta Braves,Baltimore Orioles,0,0,1,0,0.485,0.9,0.475
0xe44ef2c5d56895856b21f3bcd94ce7ee35e7685f5c69b4c2910b5ffba75d3788,mlb-col-mil-2026-07-25,2026,2026-07-25T23:10:00Z,Colorado Rockies,Milwaukee Brewers,0,0,1,0,0.47,0.9,0.475
0x9da14a904f20d2157c2160c58af263111644705d107c92706dc044c7713be313,mlb-hou-cws-2026-07-25,2026,2026-07-25T23:10:00Z,Houston Astros,Chicago White Sox,0,0,1,0,0.51,0.9,0.53
0xdf65eb150c0f3f2c04ccd248fc5bd5c52ca59ec4c7fdc78cf899a18033898006,mlb-oak-min-2026-07-25,2026,2026-07-25T23:10:00Z,Athletics,Minnesota Twins,0,0,1,0,0.425,0.9,0.43
0x1814d0735c351801d96dc50400780c90cb708da9a643c1d508c7d0698f0e6633,mlb-cin-stl-2026-07-25,2026,2026-07-25T23:15:00Z,Cincinnati Reds,St. Louis Cardinals,0,1,0,0,0.535,0.9,0.505
0xd6a661c39f774f3f941322add4184ed0636f5a820feaf0c3ddd2cbd5a4c1dc31,mlb-lad-nym-2026-07-25,2026,2026-07-25T23:15:00Z,Los Angeles Dodgers,New York Mets,0,0,1,0,0.575,0.9,0.53
0xe75a0789432ad818dcd55e4fa224d21c0736cca0c83d5ad776944d4c62aefd7b,mlb-sea-tex-2026-07-25,2026,2026-07-25T23:15:00Z,Seattle Mariners,Texas Rangers,0,3,0,0,0.555,0.9,0.545
0x59b23be380be0e00d8626868d5810d3e68ff027611a1becdaba0e20a9614cd8c,mlb-cle-tb-2026-07-26,2026,2026-07-26T16:15:00Z,Cleveland Guardians,Tampa Bay Rays,0,0,1,0,0.6,0.9,0.565
0xcc390b54bfa453291a62a7785c54e1ef37fe41c9e40ef2af296bd9a252fa1eab,mlb-ari-wsh-2026-07-26,2026,2026-07-26T17:35:00Z,Arizona Diamondbacks,Washington Nationals,1,0,0,0,0.435,0.9,0.47
0x583cf509b77b108bd30a720ceb5696d65ca6cef1436a24d22dce3ba237ad4fb4,mlb-atl-bal-2026-07-26,2026,2026-07-26T17:35:00Z,Atlanta Braves,Baltimore Orioles,0,0,1,0,0.5,0.9,0.495
0x60eacb74eada34d6e99a2fe40fb066da564fc383917f0a84143e95b894f7e228,mlb-chc-pit-2026-07-26,2026,2026-07-26T17:35:00Z,Chicago Cubs,Pittsburgh Pirates,0,0,1,0,0.505,0.9,0.555
0x6a735915c6fa6afec257158f2fbd58da8aa9317f2a4fb8638edc810693752e81,mlb-tor-bos-2026-07-26,2026,2026-07-26T17:35:00Z,Toronto Blue Jays,Boston Red Sox,0,0,1,0,0.575,0.9,0.535
0x2f1bdc7f42ab8811d9ff8e329a9492f15eb0c279722369bc6e9497f029dbb415,mlb-kc-det-2026-07-26,2026,2026-07-26T17:40:00Z,Kansas City Royals,Detroit Tigers,2,0,0,0,0.485,0.9,0.52
0xb79bdbb88cdf8601bb4086b03ceecf599333916cde98fde51bac0d459177c343,mlb-lad-nym-2026-07-26,2026,2026-07-26T17:40:00Z,Los Angeles Dodgers,New York Mets,0,1,0,0,0.505,0.9,0.52
0x754d32441255d21ad72c450dc55ef4ffb0677001d79eff9e91f0308042475223,mlb-sd-mia-2026-07-26,2026,2026-07-26T17:40:00Z,San Diego Padres,Miami Marlins,0,0,1,0,0.5,0.9,0.485
0xc13cb63fd91e70d6dd21596b0d1f8da68fa21140df7beb16c0bc8cd654317042,mlb-col-mil-2026-07-26,2026,2026-07-26T18:10:00Z,Colorado Rockies,Milwaukee Brewers,0,3,0,0,0.54,0.7,0.57
0x6e47c09348a7859fd0f1df9dd060e29adef70988db01ebd7436aadb28fd7f7f2,mlb-hou-cws-2026-07-26,2026,2026-07-26T18:10:00Z,Houston Astros,Chicago White Sox,1,2,0,0,0.475,0.7,0.475
0x74445910b57bc14588ec081f9a9225f05622d19dbf4e3cf0fddd132fdfeefc6e,mlb-oak-min-2026-07-26,2026,2026-07-26T18:10:00Z,Athletics,Minnesota Twins,0,3,0,0,0.445,0.7,0.47
0xd293eacb3df30a1dcc937b21ae9841e3d932c3e2375a3c49e3ea54dc34e71032,mlb-cin-stl-2026-07-26,2026,2026-07-26T18:15:00Z,Cincinnati Reds,St. Louis Cardinals,0,0,1,0,0.49,0.9,0.49
0x7e4a815f25fbdcd280296851b89508a171ec798a530c5c9e9e25b0290978db6a,mlb-sea-tex-2026-07-26,2026,2026-07-26T18:35:00Z,Seattle Mariners,Texas Rangers,0,1,0,0,0.595,0.9,0.56
0xb87a03f68a2b2ef9e65a15243145e01b6a43ffe0917d935bd1d9911f434447e1,mlb-laa-sf-2026-07-26,2026,2026-07-26T20:05:00Z,Los Angeles Angels,San Francisco Giants,1,0,0,0,0.52,0.9,0.58
0x211a40950d85644c74fe46dd2364a15e78a03cba03c644629f4aad192a49ba14,mlb-nyy-phi-2026-07-26,2026,2026-07-26T23:20:00Z,New York Yankees,Philadelphia Phillies,0,1,0,0,0.545,0.9,0.525
0x2eb4709e2722ed0e032331c78cd8ce26c9eeed201a9539380267f99a25f0b34d,mlb-sea-tex-2026-07-27,2026,2026-07-27T18:35:00Z,Seattle Mariners,Texas Rangers,0,1,0,0,0.56,0.9,0.575
0xbaa6beaed4a497ef4e2651af97000ef4057bf632d703cfe314c9eccefad9076c,mlb-ari-pit-2026-07-27,2026,2026-07-27T22:40:00Z,Arizona Diamondbacks,Pittsburgh Pirates,0,0,1,0,0.46,0.7,0.5
0xe92f616884b3c1e4d2209c61d1be8225973a087e508ba6ccbb36a6360298d0e3,mlb-bal-det-2026-07-27,2026,2026-07-27T22:40:00Z,Baltimore Orioles,Detroit Tigers,1,0,0,0,0.555,0.7,0.51
0x9a0e6a9bbdf4a0ec7906d930cc2fdf90d62975680ee9490ef1f86d2f4fb613b4,mlb-phi-mia-2026-07-27,2026,2026-07-27T22:40:00Z,Philadelphia Phillies,Miami Marlins,2,2,0,0,0.54,0.7,0.525
0x8e87f054058174cc4fe191744f97864c570de13a0b80dec6b37fbae019ba0b41,mlb-tor-wsh-2026-07-27,2026,2026-07-27T22:45:00Z,Toronto Blue Jays,Washington Nationals,0,0,1,0,0.44,0.9,0.525
0x39b4caa3555c63c452f9f232fd63763c391d31541ad6511a05062b584b2127dd,mlb-atl-nym-2026-07-27,2026,2026-07-27T23:10:00Z,Atlanta Braves,New York Mets,1,1,0,0,0.5,0.9,0.51
0x447b3dd15bb203260e2f7e40a91f118a981cefcbfdf864809eb5c48b7df6d03f,mlb-nyy-cws-2026-07-27,2026,2026-07-27T23:40:00Z,New York Yankees,Chicago White Sox,0,3,0,0,0.51,0.9,0.52
0x9fcbff9c4df34f14f57892dfa877b29dbceb1599c2044aa7f59500072ce60f76,mlb-chc-stl-2026-07-27,2026,2026-07-27T23:45:00Z,Chicago Cubs,St. Louis Cardinals,1,0,0,0,0.465,0.9,0.5
0x773f6572a51a19d945b879ce68b95736fd139a7c59352ff70dae514e1ae5ffe0,mlb-hou-laa-2026-07-27,2026,2026-07-28T01:38:00Z,Houston Astros,Los Angeles Angels,0,2,0,0,0.505,0.9,0.515
0xc7d56be9fccc9d29a9d044751c8dea9a249c093a86ad9756d74b4c01fafde74a,mlb-bos-oak-2026-07-27,2026,2026-07-28T01:40:00Z,Boston Red Sox,Athletics,0,1,0,0,0.45,0.9,0.485
0x3df6c067da4a754a46473e0c9707f9679ad8728d082ce2715087b0d073343971,mlb-mil-sf-2026-07-27,2026,2026-07-28T01:45:00Z,Milwaukee Brewers,San Francisco Giants,0,0,1,0,0.505,0.9,0.505
0x19781c9eb8127ab95c4e955e1b9857ceb1c60b2aa135f12721e1ecc911dea58c,mlb-cle-cin-2026-07-27,2026,2026-07-28T17:40:00Z,Cleveland Guardians,Cincinnati Reds,4,0,0,0,0.49,0.9,0.52
0xe7f1fc0edee3599a091a735af2255679ef3894a3611db7c82f6b0af3adba3ba8,mlb-ari-pit-2026-07-28,2026,2026-07-28T22:40:00Z,Arizona Diamondbacks,Pittsburgh Pirates,1,0,0,0,0.485,0.9,0.485
0x61524f70f0752e8724d24a0cc673f7b390d9bbb5ebc88a3841fe7406484b51f9,mlb-bal-det-2026-07-28,2026,2026-07-28T22:40:00Z,Baltimore Orioles,Detroit Tigers,0,2,0,0,0.495,0.7,0.505
0x8d1f0d7692999b8268dc0e9be01427a4e83ad6b53ae5e15cb258516000a75906,mlb-phi-mia-2026-07-28,2026,2026-07-28T22:40:00Z,Philadelphia Phillies,Miami Marlins,0,1,0,0,0.505,0.8,0.515
0x159e289511508564fefcbcd6af6a3fbfa22019d3c0249bfd4c257d8144622f81,mlb-tex-tb-2026-07-28,2026,2026-07-28T22:40:00Z,Texas Rangers,Tampa Bay Rays,0,0,1,0,0.5,0.8,0.495
0x33d0df59b129460856bcf04a4e73a661afd5527ba07ba4b0026a817dd451a47f,mlb-tor-wsh-2026-07-28,2026,2026-07-28T22:45:00Z,Toronto Blue Jays,Washington Nationals,0,4,0,0,0.48,0.6,0.49
0x0e0df05f274644f0c606e5a6c07a794529f5753ea6349433fab23b17f6756014,mlb-cle-cin-2026-07-28,2026,2026-07-28T23:10:00Z,Cleveland Guardians,Cincinnati Reds,0,1,0,0,0.495,0.5,0.495
0xb051e15dd52152ae37abf8607865866cea9dacd15ebdf0184d77b29104255566,mlb-kc-min-2026-07-28,2026,2026-07-28T23:40:00Z,Kansas City Royals,Minnesota Twins,0,0,1,0,0.5,0.8,0.495
0x3054d1fdcc4654d185551e92a388784aaea578cbfc54d3b0d3710620f321489c,mlb-nyy-cws-2026-07-28,2026,2026-07-28T23:40:00Z,New York Yankees,Chicago White Sox,0,0,1,0,0.5,0.5,0.52
0x97dd2e60b533c311be14dd2b692a2cfb8c1c57c53bca694059603b3f1fd660dd,mlb-chc-stl-2026-07-28,2026,2026-07-28T23:45:00Z,Chicago Cubs,St. Louis Cardinals,2,0,0,0,0.485,0.1,0.53
0xdac0362edd4998e01c94e5244612cc12c94b420829f6eb6e95c234ba66d9a05d,mlb-hou-laa-2026-07-28,2026,2026-07-29T01:38:00Z,Houston Astros,Los Angeles Angels,1,0,0,0,0.51,0.8,0.515
0x1fd1c262401c21fd1a550fcc8a40e8e3e62e9d5d113223a1cd69c0cc3435b500,mlb-bos-oak-2026-07-28,2026,2026-07-29T01:40:00Z,Boston Red Sox,Athletics,0,0,1,0,0.45,0.6,0.47
0xce3240e77aef21905fdef92d1553a7322d1980604048e75d25415e380548ffce,mlb-col-sd-2026-07-28,2026,2026-07-29T01:40:00Z,Colorado Rockies,San Diego Padres,0,0,1,0,0.5,0.6,0.5
0x7c54bb490d1d64088314e69a57b86931311292f1bd6d8652f2456c25ff2b0d40,mlb-mil-sf-2026-07-28,2026,2026-07-29T01:45:00Z,Milwaukee Brewers,San Francisco Giants,0,0,1,0,0.57,0.8,0.535
0xa883e52612c3edd76b5f72c9f1c40333870d897ae499dd013531e5e41590de67,mlb-sea-lad-2026-07-28,2026,2026-07-29T02:10:00Z,Seattle Mariners,Los Angeles Dodgers,0,1,0,0,0.465,0.8,0.47
0x0324b86c3d492662bf8d0ceb68b01db3e6effb56262a13bcf1800dc01000662a,mlb-phi-mia-2026-07-29,2026,2026-07-29T16:10:00Z,Philadelphia Phillies,Miami Marlins,0,0,1,0,0.575,0.8,0.535
0x7f0c69154e63e6a8f1687afbf343d1548d4f8217d6253a22f0d6f7904d0fa76b,mlb-ari-pit-2026-07-29,2026,2026-07-29T16:35:00Z,Arizona Diamondbacks,Pittsburgh Pirates,0,0,1,0,0.52,0.8,0.53
0x1cc64d1cd3178369cf813bb00ddd09e57b1c5e9a16a06b6a48f271c2092adac5,mlb-tor-wsh-2026-07-29,2026,2026-07-29T17:05:00Z,Toronto Blue Jays,Washington Nationals,0,0,1,0,0.47,0.7,0.495
0xe3c54771adb750209bf1bef3af996a54e52b80a9aa3f51dccb32d38fc1cdef96,mlb-atl-nym-2026-07-29,2026,2026-07-29T17:10:00Z,Atlanta Braves,New York Mets,0,0,1,0,0.51,0.8,0.515
0xd71101824b595b274ac98b484c50cc8a8223dbf8cbc4762b9d7d4ea98075c14e,mlb-bal-det-2026-07-29,2026,2026-07-29T17:10:00Z,Baltimore Orioles,Detroit Tigers,0,0,1,0,0.605,0.8,0.58
0xbcac999d5178cdb747e9665079e6e0b53842a23f64688905a9fc56dc8af86ada,mlb-mil-sf-2026-07-29,2026,2026-07-29T19:45:00Z,Milwaukee Brewers,San Francisco Giants,0,0,1,0,0.565,0.9,0.54
0xcd17095f88b946c0c0d59d4a540d67fe3a06ef3e8ffe9532b708770b0b3991f5,mlb-col-sd-2026-07-29,2026,2026-07-29T20:10:00Z,Colorado Rockies,San Diego Padres,0,0,1,0,0.49,0.8,0.515
0x4227db8d569bd9a91cd2d251562225ba1ae9966688a6d600ccea91541d132dbb,mlb-tex-tb-2026-07-29,2026,2026-07-29T22:40:00Z,Texas Rangers,Tampa Bay Rays,0,3,0,0,0.52,0.9,0.525
0xfedec089eced7467b97f0aec857fb1c74fffa5e6eda936843c924d2a66cef6f9,mlb-atl-nym-2026-07-28,2026,2026-07-29T23:10:00Z,Atlanta Braves,New York Mets,0,0,1,0,0.575,0.8,0.57
0xfe0f04689547cc544c4455ae5cd7d8e85d2043d9a1017563c1a43e11d8861629,mlb-cle-cin-2026-07-29,2026,2026-07-29T23:10:00Z,Cleveland Guardians,Cincinnati Reds,0,0,1,0,0.5,0.8,0.505
0xd4e4ef3c82afd4c821d297b07f1d6c8707532104db0493ffc290306e20ae01a6,mlb-kc-min-2026-07-29,2026,2026-07-29T23:40:00Z,Kansas City Royals,Minnesota Twins,0,0,1,0,0.51,0.8,0.52
0x883ef272abbb169f78677a1042a0a69fa260428614ab12036fdce40746596380,mlb-nyy-cws-2026-07-29,2026,2026-07-29T23:40:00Z,New York Yankees,Chicago White Sox,4,0,0,0,0.56,0.8,0.535
0x8615b3d93c2029a2dc94d096a46f9ebe4c1fd7782f09ee549007fb416e401b7f,mlb-chc-stl-2026-07-29,2026,2026-07-29T23:45:00Z,Chicago Cubs,St. Louis Cardinals,0,0,1,0,0.515,0.9,0.525
0x6d5489ac11fdc7943570976e386a1ca92f545865767e08a43381f61181b0e7e4,mlb-hou-laa-2026-07-29,2026,2026-07-30T01:38:00Z,Houston Astros,Los Angeles Angels,0,3,0,0,0.455,0.9,0.48
0x14b13b778551cafa8c1109bca06257bef0e2fc125df32ff4f4b8caf7262cbc2b,mlb-bos-oak-2026-07-29,2026,2026-07-30T01:40:00Z,Boston Red Sox,Athletics,0,0,1,0,0.42,0.8,0.43
0xe8c07626395894f9102945223f4c33340e8372f52611adcae7622401926a998d,mlb-sea-lad-2026-07-29,2026,2026-07-30T02:10:00Z,Seattle Mariners,Los Angeles Dodgers,0,1,0,0,0.45,0.6,0.49
0xae5189786ddabb0e49fb8af893e258cf86e984599bc6729f7ab0171127b7eecc,mlb-tex-tb-2026-07-30,2026,2026-07-30T16:10:00Z,Texas Rangers,Tampa Bay Rays,0,0,1,0,0.535,0.8,0.525
0xe45c4f55b24e8cc9d8e83514faf883c19b7300629976c7599f1f26c26b1a6725,mlb-kc-min-2026-07-30,2026,2026-07-30T17:40:00Z,Kansas City Royals,Minnesota Twins,0,0,1,0,0.47,0.8,0.485
0x69eae8c48ee38698ede0270cc948db73f084cfa3859db0bbb496c70d3694c5cf,mlb-nyy-cws-2026-07-30,2026,2026-07-30T18:10:00Z,New York Yankees,Chicago White Sox,0,0,1,0,0.545,0.8,0.495
0xcaf222873c18157583a1c878e2caa273c09455656e01e3bbc6197cf202460eab,mlb-chc-stl-2026-07-30,2026,2026-07-30T18:15:00Z,Chicago Cubs,St. Louis Cardinals,0,0,1,0,0.49,0.8,0.48
0xd1e3671d79b5ea3dd23b47c68c7857a60c57d09eaaaeff4afb8648a062473296,mlb-mia-nym-2026-07-30,2026,2026-07-30T23:10:00Z,Miami Marlins,New York Mets,0,0,1,0,0.595,0.8,0.545
0xbfa20de8091489e625bf2bf83eb13b23ffde65ace205bbea4949aafc70de11ee,mlb-pit-cin-2026-07-30,2026,2026-07-30T23:10:00Z,Pittsburgh Pirates,Cincinnati Reds,0,0,1,0,0.45,0.8,0.455
0xa478dbf921184cd385a8d4f0bab779ed55134ba86b4e0760c1fe2c6c1e576f84,mlb-wsh-atl-2026-07-30,2026,2026-07-30T23:15:00Z,Washington Nationals,Atlanta Braves,0,0,1,0,0.435,0.7,0.445
0x5061666c7612b0eb60c16a64f679d7f7ded2b1a369e9294d88434d024fe3157b,mlb-bos-oak-2026-07-30,2026,2026-07-31T01:40:00Z,Boston Red Sox,Athletics,0,0,1,0,0.43,0.8,0.455
0x7b358b8c9fd38b7065eaf2bbb79536c95edb8c9d2706071d5f48614ec1cb5f35,mlb-sf-sd-2026-07-30,2026,2026-07-31T01:40:00Z,San Francisco Giants,San Diego Padres,1,0,0,0,0.51,0.8,0.505
0x5dc784878d7df2d82edbdfc0f726f8a97dedf200a951058c3e9cbeeac6ca70c7,mlb-sea-lad-2026-07-30,2026,2026-07-31T02:10:00Z,Seattle Mariners,Los Angeles Dodgers,0,2,0,0,0.51,0.9,0.5
0xcacce224c6950c0483b5ce79bc3efd32d4f9c63434dc358474ffb4f63662acff,mlb-nyy-chc-2026-07-31,2026,2026-07-31T18:20:00Z,New York Yankees,Chicago Cubs,0,0,1,0,0.485,0.8,0.555
0x1aa27908f2dcadb0d44c7e50c22d754d6a7e0fd52caf6627f54f675025e05ba1,mlb-pit-cin-2026-07-31,2026,2026-07-31T22:10:00Z,Pittsburgh Pirates,Cincinnati Reds,2,2,0,0,0.57,0.8,0.545
0x84c15a63b681648cf7780024062b9a0ad4c93c1885608ab28506626480e8da05,mlb-phi-bal-2026-07-31,2026,2026-07-31T23:05:00Z,Philadelphia Phillies,Baltimore Orioles,2,2,0,0,0.46,0.8,0.54
0x426a0c46f2e7bb730723b28bda7198e53e6dc80e3bfbeb6b7cd6d38672a4f717,mlb-stl-tor-2026-07-31,2026,2026-07-31T23:07:00Z,St. Louis Cardinals,Toronto Blue Jays,0,0,1,0,0.59,0.8,0.53
0x4fc7b1e4fd4a52b188aa60c5f6205f62b3ecbeff64dc21f7a5c2e76ec7ec2ad2,mlb-ari-cle-2026-07-31,2026,2026-07-31T23:10:00Z,Arizona Diamondbacks,Cleveland Guardians,0,1,0,0,0.48,0.8,0.495
0xfeb27f1c81d4f5ef8060e0e37c25c952e3bbdc07f4598757883d98afc37e1077,mlb-cws-tb-2026-07-31,2026,2026-07-31T23:10:00Z,Chicago White Sox,Tampa Bay Rays,1,0,0,0,0.475,0.8,0.495
0x6c4451ba9a508f9b10468558b871323f2c8184bcf05bbdef41721f08eb408350,mlb-mia-nym-2026-07-31,2026,2026-07-31T23:10:00Z,Miami Marlins,New York Mets,0,0,1,0,0.495,0.8,0.495
0x975026cb87ec944430f35e26d87e787b90db0a6fa607b3c6cbdf59903d787aec,mlb-wsh-atl-2026-07-31,2026,2026-07-31T23:15:00Z,Washington Nationals,Atlanta Braves,0,1,0,0,0.49,0.8,0.49
0x22d5b1c664256cf6ae4fd1d204eb3babea089c9196186090663f1d0c561d2313,mlb-tex-hou-2026-07-31,2026,2026-08-01T00:15:00Z,Texas Rangers,Houston Astros,0,0,1,0,0.525,0.8,0.535
0xdc61581cd92d1cc52f0cd41ebfadff98f88a9c2af37c52c620a433a4134ecb46,mlb-kc-col-2026-07-31,2026,2026-08-01T00:40:00Z,Kansas City Royals,Colorado Rockies,0,1,0,0,0.42,0.9,0.43
0x9e12e80aca37c5613d52fb6096eea99d56fdecf9aa094434df4d1c34f04eb851,mlb-mil-laa-2026-07-31,2026,2026-08-01T01:38:00Z,Milwaukee Brewers,Los Angeles Angels,0,0,1,0,0.505,0.9,0.49
0x5696b78417571502e9def3de1692ba6087d68792e5d2a2ae3f8f65ef13db24b4,mlb-det-oak-2026-07-31,2026,2026-08-01T01:40:00Z,Detroit Tigers,Athletics,0,1,0,0,0.42,0.9,0.435
0x57785ae3a724987f70350cd757c7cc9699eb2a776c90ec28d0744e820762ea8c,mlb-sf-sd-2026-07-31,2026,2026-08-01T01:45:00Z,San Francisco Giants,San Diego Padres,0,2,0,0,0.48,0.9,0.54
0xaa8ac0adf0726671a1c265378ef8d3a96dc5ea5de7771d695875a717b77ddebb,mlb-bos-lad-2026-07-31,2026,2026-08-01T02:10:00Z,Boston Red Sox,Los Angeles Dodgers,0,0,1,0,0.535,0.9,0.565
0xef78a6a704ce179751795579e0a44c6d0afdff189614a3f3a1db5f7cfb780a33,mlb-min-sea-2026-07-31,2026,2026-08-01T02:10:00Z,Minnesota Twins,Seattle Mariners,0,2,0,0,0.54,0.8,0.505
0x93522226162cf69c8d325ff248d79d74e96eb49d9a6b0cdde822eea829728ead,mlb-stl-tor-2026-08-01,2026,2026-08-01T19:07:00Z,St. Louis Cardinals,Toronto Blue Jays,0,0,1,0,0.515,0.9,0.54
0x434ba98605b4eea4d2ca802dfc248b9db17906d0b975f34c479ce2d6018b582b,mlb-cws-tb-2026-08-01,2026,2026-08-01T20:10:00Z,Chicago White Sox,Tampa Bay Rays,0,0,1,0,0.535,0.9,0.525
0x6a75d21c34b88797ce8292208dc76bfdd7cc36def8b09bb868f6e946d3336953,mlb-mia-nym-2026-08-01,2026,2026-08-01T20:10:00Z,Miami Marlins,New York Mets,1,0,0,0,0.485,0.8,0.505
0xe514ed156735914cb2643425c993dde48676e4cea7065cdae4367f1522da3092,mlb-min-sea-2026-08-01,2026,2026-08-01T20:10:00Z,Minnesota Twins,Seattle Mariners,0,2,0,0,0.56,0.8,0.545
0x1544de726961f4464bfb0c1a69803e66851a87155794e4875a5b8e0221759117,mlb-pit-cin-2026-08-01,2026,2026-08-01T22:40:00Z,Pittsburgh Pirates,Cincinnati Reds,0,0,1,0,0.535,0.7,0.525
0x337b0a2850e4e15b1744a84a76d1643a2dd99cd5677891ce703781da45189061,mlb-phi-bal-2026-08-01,2026,2026-08-01T23:05:00Z,Philadelphia Phillies,Baltimore Orioles,0,0,1,0,0.515,0.8,0.535
0x25c9c566b221cb01c6c02fbcb618d89e32dae12f4a644e8c66c0a2db4f117ed9,mlb-tex-hou-2026-08-01,2026,2026-08-01T23:10:00Z,Texas Rangers,Houston Astros,0,0,1,0,0.51,0.8,0.52
0xa1378e0b759426242c2e8b77af334d23578669244f0e6d631631cf02f9067ece,mlb-ari-cle-2026-08-01,2026,2026-08-01T23:15:00Z,Arizona Diamondbacks,Cleveland Guardians,0,2,0,0,0.51,0.8,0.5
0x7ff32d2392519612e843a9cfbaa22b774c38b5360c86530ab5611410294afe19,mlb-nyy-chc-2026-08-01,2026,2026-08-01T23:15:00Z,New York Yankees,Chicago Cubs,0,1,0,0,0.61,0.8,0.58
0x30b852d9b48260ab01284a87a41f99c8f50240def865240a5b823968c094302f,mlb-wsh-atl-2026-08-01,2026,2026-08-01T23:15:00Z,Washington Nationals,Atlanta Braves,0,2,0,0,0.415,0.8,0.455
0x48cb2fbb30f7d2ca82d4ec5dd8b7275c4b566af4e8ed4e7f090733070d9cc053,mlb-kc-col-2026-08-01,2026,2026-08-02T00:10:00Z,Kansas City Royals,Colorado Rockies,0,0,1,0,0.44,0.8,0.4
0xf33a1324cf798f7f5ae377e07673c641aa61f67637011ba3ed0cbad08bca7838,mlb-sf-sd-2026-08-01,2026,2026-08-02T00:40:00Z,San Francisco Giants,San Diego Padres,0,2,0,0,0.505,0.8,0.52
0x2ea65b278ad5acd5040e40d5c5a9bb5eafc67284f8c916bf3a68dd68b0a9575b,mlb-bos-lad-2026-08-01,2026,2026-08-02T01:10:00Z,Boston Red Sox,Los Angeles Dodgers,1,0,0,0,0.575,0.8,0.54
0xf79e33eb00b3e45ec351641636fbf8e87c062ee4b7b965ca76f3157c980d6c1e,mlb-mil-laa-2026-08-01,2026,2026-08-02T01:38:00Z,Milwaukee Brewers,Los Angeles Angels,0,1,0,0,0.5,0.9,0.515
0x53e0c3ca5fa0078d58ff039a58ce4ee9bd2dec0398c3cf98c41e3ec33d6e6b24,mlb-det-oak-2026-08-01,2026,2026-08-02T01:40:00Z,Detroit Tigers,Athletics,2,0,0,0,0.45,0.8,0.42
0x6160481a7e690ddc82280e24baf6918033d70c79d529532f49350d87ca868579,mlb-phi-bal-2026-08-02,2026,2026-08-02T17:35:00Z,Philadelphia Phillies,Baltimore Orioles,0,0,1,0,0.545,0.9,0.54
0x8fc7465b5b158cccbbae5fb35f1d8da446eae9db76675c1463eadd0fd98aaccb,mlb-wsh-atl-2026-08-02,2026,2026-08-02T17:35:00Z,Washington Nationals,Atlanta Braves,0,0,1,0,0.515,0.9,0.55
0x25b077fdcc1a5df3855bd5cef16d74a36b0acdf1958c6ad3f8ee069977414cd5,mlb-stl-tor-2026-08-02,2026,2026-08-02T17:37:00Z,St. Louis Cardinals,Toronto Blue Jays,0,0,1,0,0.47,0.9,0.49
0x73a907093506cb1c943e2bb937b0476a2db352c701c373ebeb6a6c33b5d6ad9b,mlb-ari-cle-2026-08-02,2026,2026-08-02T17:40:00Z,Arizona Diamondbacks,Cleveland Guardians,0,0,1,0,0.53,0.8,0.52
0x332c1d23321f5d2d197dfe74c2ec42d052c6d42cccf82fe90ff547e2cd498e34,mlb-cws-tb-2026-08-02,2026,2026-08-02T17:40:00Z,Chicago White Sox,Tampa Bay Rays,2,0,0,0,0.53,0.8,0.51
0x00dd1a19003d909d80221dfaa1cc7bce7b24bb6d2c016c3002e9d9a8de34359f,mlb-mia-nym-2026-08-02,2026,2026-08-02T17:40:00Z,Miami Marlins,New York Mets,0,0,1,0,0.51,0.8,0.565
0x63fd616e2408fddf69b1ca824a49e553234faa0047cbd9c1957fd04932009ab7,mlb-pit-cin-2026-08-02,2026,2026-08-02T17:40:00Z,Pittsburgh Pirates,Cincinnati Reds,0,3,0,0,0.52,0.8,0.54
0x3dd869d8bf09ab98d0a91250b57da45fffe79cecd10bcdb884b8b2cfc9ef6587,mlb-tex-hou-2026-08-02,2026,2026-08-02T18:10:00Z,Texas Rangers,Houston Astros,0,0,1,0,0.47,0.9,0.505
0x386f0d68af32e642ca40e166397e302f57478883ed53952f872703ed75aafe42,mlb-nyy-chc-2026-08-02,2026,2026-08-02T18:20:00Z,New York Yankees,Chicago Cubs,0,0,1,0,0.58,0.8,0.56
0x1d40cfa1d57432cf9010f737ebaa16622ed556408a6e75915b96e85724d1209a,mlb-kc-col-2026-08-02,2026,2026-08-02T19:10:00Z,Kansas City Royals,Colorado Rockies,0,1,0,0,0.4,0.8,0.425
0x75dad1e43fb172c54465edbce2d653efa592d358a7750aeb6d2a9183fc7e4762,mlb-mil-laa-2026-08-02,2026,2026-08-02T19:15:00Z,Milwaukee Brewers,Los Angeles Angels,0,0,1,0,0.59,0.8,0.58
0xb0595a7bcb00d36800eefde05166804682f686775511c388d843dfb819b1fbc8,mlb-det-oak-2026-08-02,2026,2026-08-02T20:05:00Z,Detroit Tigers,Athletics,2,0,0,0,0.44,0.8,0.475
0x1290b265e0c73bb3186708ae99a244a5b948cb3b7a818ec5cb997821ea827093,mlb-min-sea-2026-08-02,2026,2026-08-02T20:10:00Z,Minnesota Twins,Seattle Mariners,0,2,0,0,0.57,0.8,0.57
0x2bf160d8ce4e6d05912a1218356fb590421bf3cedf7bc213401d9169893cea1f,mlb-sf-sd-2026-08-02,2026,2026-08-02T20:10:00Z,San Francisco Giants,San Diego Padres,0,0,1,0,0.52,0.8,0.5
0xe458c260b5f62e626083d86fe02ab8864aa279dd875ba1f48fa3ceb1a30a801b,mlb-bos-lad-2026-08-02,2026,2026-08-02T23:20:00Z,Boston Red Sox,Los Angeles Dodgers,2,0,0,0,0.515,0.9,0.505
0x8669e5695cd8189aa8da12cfd3b31d1c8a9fc81fd77fe9500954dc0cde4a92a6,mlb-wsh-phi-2026-08-03,2026,2026-08-03T22:40:00Z,Washington Nationals,Philadelphia Phillies,1,0,0,0,0.465,0.8,0.475
0xa86cd2262338b7d9869a7d5cf9985c692390309b854b9de9390c3bd917c3c520,mlb-stl-nyy-2026-08-03,2026,2026-08-03T23:05:00Z,St. Louis Cardinals,New York Yankees,2,0,0,0,0.525,0.8,0.54
0xb8041e774cbedb8826e67fe556df9b998494987c5e34c391f6d06cd26a18857b,mlb-pit-mil-2026-08-03,2026,2026-08-03T23:40:00Z,Pittsburgh Pirates,Milwaukee Brewers,0,0,1,0,0.52,0.8,0.505
0x7260838e39c1a7ffc8c235b71c6e8e710524c497517869c622231129d733cd3c,mlb-lad-chc-2026-08-03,2026,2026-08-04T00:05:00Z,Los Angeles Dodgers,Chicago Cubs,3,2,0,0,0.545,0.8,0.445
0x578b50b1c2fd39e45422266ec27cbf442b51b882d9e6c007b44377ba5ca44ab6,mlb-sf-tex-2026-08-03,2026,2026-08-04T00:05:00Z,San Francisco Giants,Texas Rangers,0,0,1,0,0.525,0.8,0.56
0x4a37f4718ffc74499c54aac9738f8ad600f86fc6171fde3512693b6bfcb6ad92,mlb-tor-hou-2026-08-03,2026,2026-08-04T00:10:00Z,Toronto Blue Jays,Houston Astros,0,0,1,0,0.455,0.8,0.48
0x229a84b4b866245bff61a3c959f688788d7bda765f1dba431e13d069f62023c3,mlb-tb-col-2026-08-03,2026,2026-08-04T00:40:00Z,Tampa Bay Rays,Colorado Rockies,2,0,0,0,0.43,0.8,0.445
0xd1f77bf4917cc4117b410c1d81369a557cba99c0562429ff4e1b4f7e2664978f,mlb-sd-ari-2026-08-03,2026,2026-08-04T01:40:00Z,San Diego Padres,Arizona Diamondbacks,0,0,1,0,0.535,0.8,0.51
0x567dc31a4551c96a3bc5b182972d8796c7ea7ef1871c0e816686637434a7bc18,mlb-laa-bal-2026-08-04,2026,2026-08-04T22:35:00Z,Los Angeles Angels,Baltimore Orioles,0,0,1,0,0.465,0.8,0.58
0xb3a6ac3691f2a95e2704cb5c3cd32d00d191c10d025e7aa195f12f65062ee6a1,mlb-nym-cle-2026-08-04,2026,2026-08-04T22:40:00Z,New York Mets,Cleveland Guardians,0,0,1,0,0.565,0.8,0.575
0xe7b8299947a7abda9218316a0eea8b0ed9116ab18c7f7fd5ab1bf33bbd906525,mlb-oak-cin-2026-08-04,2026,2026-08-04T22:40:00Z,Athletics,Cincinnati Reds,0,0,1,0,0.495,0.8,0.5
0xd8304fb591a16be30f6cf03db666b9cf9d9975e9382550e13b0a439b3ce5b245,mlb-wsh-phi-2026-08-04,2026,2026-08-04T22:40:00Z,Washington Nationals,Philadelphia Phillies,0,1,0,0,0.465,0.8,0.51
0xe64bcab7f8cb831ffcf7d98ad6975d43bb487c4e56a497fbd4d6684a1c5b0245,mlb-stl-nyy-2026-08-04,2026,2026-08-04T23:05:00Z,St. Louis Cardinals,New York Yankees,0,0,1,0,0.505,0.8,0.58
0x9f3b9548d8a1ba513b5d6c4653bf1f31d88102f11901ca62b48d33a872ee8446,mlb-cws-bos-2026-08-04,2026,2026-08-04T23:10:00Z,Chicago White Sox,Boston Red Sox,0,6,0,0,0.52,0.8,0.505
0x848ec8809da819451af5d7af67f111c4b0c178628d6ca56c25a9aac06ab2c16f,mlb-mia-atl-2026-08-04,2026,2026-08-04T23:15:00Z,Miami Marlins,Atlanta Braves,0,0,1,0,0.46,0.9,0.49
0x59c7e9c0327d5bf4339a40bb892a79450cd0a1c886418f6f2263fe0c6322c65b,mlb-min-kc-2026-08-04,2026,2026-08-04T23:40:00Z,Minnesota Twins,Kansas City Royals,0,2,0,0,0.5,0.8,0.5
0x22989fcec523d44aeb6033516ce301c4c026df9373d1f9e669f9a1f762e1291e,mlb-pit-mil-2026-08-04,2026,2026-08-04T23:40:00Z,Pittsburgh Pirates,Milwaukee Brewers,0,0,1,0,0.585,0.8,0.53
0xfd3d8dbd034dcdefa60d556b8a7f3cf64ecb4cac41b039e1f232ab36a5593ef5,mlb-lad-chc-2026-08-04,2026,2026-08-05T00:05:00Z,Los Angeles Dodgers,Chicago Cubs,0,0,1,0,0.49,0.8,0.515
0x8af2ed83536eae2b50b1e2a08ef4083ba7b95b900aa51002ab0ab5740229c408,mlb-sf-tex-2026-08-04,2026,2026-08-05T00:05:00Z,San Francisco Giants,Texas Rangers,0,2,0,0,0.515,0.8,0.525
0xafbd5fb3c9769afeb28231bd4ad4bbd012898410c716486e230acfc55d2e746e,mlb-tor-hou-2026-08-04,2026,2026-08-05T00:10:00Z,Toronto Blue Jays,Houston Astros,0,0,1,0,0.49,0.6,0.505
0x77b4b7f9a102dddf2c20de67a04d55a40b1658e0b06ea5088b6c68d1ba24c65c,mlb-tb-col-2026-08-04,2026,2026-08-05T00:40:00Z,Tampa Bay Rays,Colorado Rockies,0,1,0,0,0.44,0.6,0.445
0x5b96e3a1c0b567d448dba41a85b34a51d703a0b5ddbfe06223a95c4f58c2085d,mlb-det-sea-2026-08-04,2026,2026-08-05T01:40:00Z,Detroit Tigers,Seattle Mariners,0,0,1,0,0.55,0.9,0.485
0x185af7d5315d2e70cc51506738464a60b034bd51cb085b872af6096b810867c4,mlb-sd-ari-2026-08-04,2026,2026-08-05T01:40:00Z,San Diego Padres,Arizona Diamondbacks,3,0,0,0,0.49,0.9,0.485
0xdca6c9874c643e909edeb4dbdc03459122488fa203c00a748dee23d63b549a3b,mlb-tor-hou-2026-08-05,2026,2026-08-05T18:10:00Z,Toronto Blue Jays,Houston Astros,0,0,1,0,0.505,0.8,0.52
0xcb446fb271ca9ac02618045d4e42409ea9642f689970cb7e80cce121e26d6782,mlb-lad-chc-2026-08-05,2026,2026-08-05T18:20:00Z,Los Angeles Dodgers,Chicago Cubs,1,1,0,0,0.435,0.8,0.47
0x51df3a2a29b3ec0354642cdb66789c9f57d4081f91bd5a5820956d01def184af,mlb-sf-tex-2026-08-05,2026,2026-08-05T18:35:00Z,San Francisco Giants,Texas Rangers,0,0,1,0,0.495,0.8,0.55
0xae54912bcb54854a13a39039256fa1d5c35e032ae05836024a3d0f4adbf6077c,mlb-tb-col-2026-08-05,2026,2026-08-05T19:10:00Z,Tampa Bay Rays,Colorado Rockies,2,0,0,0,0.415,0.8,0.465
0xe53f09ced420a073251f110ff49aed169901b9ab964124efdb3030670dc0de1d,mlb-laa-bal-2026-08-05,2026,2026-08-05T22:35:00Z,Los Angeles Angels,Baltimore Orioles,0,0,1,0,0.54,0.8,0.5
0xbae41c14cffd45f8cb1fe441f9c0982910e9e81141981bdfa786b83b231a016f,mlb-nym-cle-2026-08-05,2026,2026-08-05T22:40:00Z,New York Mets,Cleveland Guardians,0,0,1,0,0.58,0.8,0.52
0x64b7b010e3a3bc42b26b005054058ca14bd967a9bd304762ada7cd9abb54598b,mlb-oak-cin-2026-08-05,2026,2026-08-05T22:40:00Z,Athletics,Cincinnati Reds,1,0,0,0,0.47,0.8,0.455
0xfc5b6071586d9d89a28677bf95e2377cdc3a412700f4af69b80c0d437ea4946d,mlb-wsh-phi-2026-08-05,2026,2026-08-05T22:40:00Z,Washington Nationals,Philadelphia Phillies,1,0,0,0,0.42,0.8,0.445
0x32253e84b49eb199a5539007bdc56e808ba2ac584629f545c182cea98bab9728,mlb-stl-nyy-2026-08-05,2026,2026-08-05T23:05:00Z,St. Louis Cardinals,New York Yankees,0,0,1,0,0.5,0.8,0.525
0x3d2dba4a482c1fdd0ba144b564835a9235f4bd2ba684ba48b2bb7ac73ffcb013,mlb-cws-bos-2026-08-05,2026,2026-08-05T23:10:00Z,Chicago White Sox,Boston Red Sox,0,1,0,0,0.545,0.8,0.53
0xc0eb662b1ee0192d374e1430cbd46e96b9f8068861124ff8c5cdb038dd624da9,mlb-mia-atl-2026-08-05,2026,2026-08-05T23:15:00Z,Miami Marlins,Atlanta Braves,0,0,1,0,0.53,0.8,0.49
0x31505eed589d34a292b25c884d92943b0e7dff40cbafe1a4777b6ca930c815c4,mlb-min-kc-2026-08-05,2026,2026-08-05T23:40:00Z,Minnesota Twins,Kansas City Royals,0,0,1,0,0.49,0.8,0.47
0x4f600cf410ad9647ef1fdb78fc9fe2e5521ddecd75b501023a480a1d1b5bee84,mlb-pit-mil-2026-08-05,2026,2026-08-05T23:40:00Z,Pittsburgh Pirates,Milwaukee Brewers,0,0,1,0,0.6,0.8,0.57
0x382e81463c4ccf42320f6eb922276d34358bf9f9cb50d0d5323451f070af966b,mlb-det-sea-2026-08-05,2026,2026-08-06T01:40:00Z,Detroit Tigers,Seattle Mariners,0,0,1,0,0.54,0.8,0.515
0xaab381e5e42021a2092b485d4822692b33dec6cacdf350ca3439abd50c180b17,mlb-sd-ari-2026-08-05,2026,2026-08-06T01:40:00Z,San Diego Padres,Arizona Diamondbacks,0,0,1,0,0.48,0.8,0.47
0x4c581b67638fcca96b7aa057c0a35dfdb335118f8898281b31a5d858a80c941b,mlb-laa-bal-2026-08-06,2026,2026-08-06T16:35:00Z,Los Angeles Angels,Baltimore Orioles,0,0,1,0,0.45,0.6,0.53
0xe264e6b86f1a9116b9a4dffaebe609c890666d1ee32cb27ea20a93e95a501f58,mlb-oak-cin-2026-08-06,2026,2026-08-06T16:40:00Z,Athletics,Cincinnati Reds,0,1,0,0,0.48,0.8,0.505
0x2faf14879f14c4b46b8fd518bfc2b507210aac7d28c10ba69d8dc22477f19d93,mlb-nym-cle-2026-08-06,2026,2026-08-06T17:10:00Z,New York Mets,Cleveland Guardians,0,2,0,0,0.63,0.8,0.57
0xa40c4d32fe9e490399258bc7dd1d36ca0df3931aa2e60f5996542fc6354b7abb,mlb-pit-mil-2026-08-06,2026,2026-08-06T18:10:00Z,Pittsburgh Pirates,Milwaukee Brewers,0,1,0,0,0.57,0.8,0.575
0x292fc48a11f3e6100dbcab6dc08672cf73b44836e7e1d031e48ba6b0bc7b7f7b,mlb-tor-chc-2026-06-21,2026,2026-08-06T18:20:00Z,Toronto Blue Jays,Chicago Cubs,1,0,0,0,0.59,0.8,0.48
0x39134a03aea251a5b0ea37fcfb4bf131234dda9357bd12e8211bb40f74591f92,mlb-det-sea-2026-08-06,2026,2026-08-06T20:10:00Z,Detroit Tigers,Seattle Mariners,3,0,0,0,0.56,0.8,0.525
0xb14c17d41a9ffbdfd1c9645f01a15465792ec03ff9b11eb98cee85175a7d4274,mlb-wsh-phi-2026-08-06,2026,2026-08-06T22:05:00Z,Washington Nationals,Philadelphia Phillies,0,2,0,0,0.49,0.8,0.485
0xfc0b4ffb95e7dd37671b7270c81b48c08056e19284154b781cf6c5f9ea7c9680,mlb-cws-bos-2026-08-06,2026,2026-08-06T23:10:00Z,Chicago White Sox,Boston Red Sox,0,0,1,0,0.53,0.8,0.49
0xb36d3bd0461340a00be8eb4eec33a754646b53d76ccbae345d8eef5e52215585,mlb-mia-atl-2026-08-06,2026,2026-08-06T23:15:00Z,Miami Marlins,Atlanta Braves,0,0,1,0,0.46,0.8,0.46
0xfa2b13c2bd6bc6dc447214fbb72abefb56e87faedac26062e2a00c94143d305d,mlb-min-kc-2026-08-06,2026,2026-08-06T23:40:00Z,Minnesota Twins,Kansas City Royals,0,0,1,0,0.52,0.8,0.48
0x25d5fddfe43c5d31b9e83532a08402bb825c68b8dc14dd193accaa2917da9b1b,mlb-sd-ari-2026-08-06,2026,2026-08-07T01:40:00Z,San Diego Padres,Arizona Diamondbacks,1,0,0,0,0.47,0.8,0.475
0xd319f28eec4d50bba000e638750f1bbf6a77a1c1c29d211c892acd30b5a7dddc,mlb-nym-pit-2026-08-07,2026,2026-08-07T22:40:00Z,New York Mets,Pittsburgh Pirates,1,0,0,0,0.52,0.8,0.515
0x57dbdfabd001a6efea9e2462c42d583dd21cf2b2d9b6817c775db43bb1820257,mlb-tor-phi-2026-08-07,2026,2026-08-07T22:40:00Z,Toronto Blue Jays,Philadelphia Phillies,0,0,1,0,0.57,0.8,0.53
0x8f2bb4129af216f52537de528571ac5f0b24a43eb5353bfe5f8829cd10882f02,mlb-cin-wsh-2026-08-07,2026,2026-08-07T22:45:00Z,Cincinnati Reds,Washington Nationals,0,3,0,0,0.465,0.8,0.55
0x555ec762896b04c75cf73ed3ce3ce862146bf8ad1c459354610ac32192b31190,mlb-atl-nyy-2026-08-07,2026,2026-08-07T23:05:00Z,Atlanta Braves,New York Yankees,0,0,1,0,0.515,0.8,0.545
0xc2f53d184b89f3b24d89cc7c7ae933603b17fc477a6ebee2cc21484b726e87ae,mlb-laa-mia-2026-08-07,2026,2026-08-07T23:10:00Z,Los Angeles Angels,Miami Marlins,1,0,0,0,0.495,0.8,0.45
0x500feb58cbe5d2eb80159b95f2a70ccda6580a7977bebe65cf2d4b5020014a61,mlb-oak-bos-2026-08-07,2026,2026-08-07T23:10:00Z,Athletics,Boston Red Sox,0,0,1,0,0.505,0.8,0.545
0x3fba6ae8a857470eb7d5518d4f3f57c93daa935da8645f7ff47cff657aabf365,mlb-cle-cws-2026-08-07,2026,2026-08-07T23:40:00Z,Cleveland Guardians,Chicago White Sox,2,0,0,0,0.51,0.8,0.545
0x4d82d504133b35f7af655733bb7a2e0ab0146584c83ab7c0a20315f111dfeaf3,mlb-min-mil-2026-08-07,2026,2026-08-07T23:40:00Z,Minnesota Twins,Milwaukee Brewers,0,1,0,0,0.505,0.8,0.555
0xab8ddca09187ea01663d4495ff414e6549127277cb4640e9713a49cb1d9084a1,mlb-chc-kc-2026-08-07,2026,2026-08-08T00:10:00Z,Chicago Cubs,Kansas City Royals,0,1,0,0,0.455,0.8,0.555
0x913f635080013130b930f0706d1658b9bac85ea3c125ab5a9e491d78bd813df6,mlb-bal-tex-2026-08-07,2026,2026-08-08T00:15:00Z,Baltimore Orioles,Texas Rangers,0,0,1,0,0.55,0.8,0.52
0x8f532e805771d30af0487fde3ca95ce394cc41728286bb64e3cfefb2d5aaf7c2,mlb-col-stl-2026-08-07,2026,2026-08-08T00:15:00Z,Colorado Rockies,St. Louis Cardinals,0,0,1,0,0.475,0.8,0.48
0x135e23edd12fcdd47b399b8aba01ca253705ee839ce257b2e73ff524d28251fe,mlb-hou-sd-2026-08-07,2026,2026-08-08T01:40:00Z,Houston Astros,San Diego Padres,0,0,1,0,0.5,0.8,0.51
0xd980f73c3eecbfa8afd8f386c1584b737cb58c74c8137a1963e60f5109ef7a96,mlb-lad-ari-2026-08-07,2026,2026-08-08T01:40:00Z,Los Angeles Dodgers,Arizona Diamondbacks,0,0,1,0,0.47,0.8,0.49
0xf8e6d58411d2fc1d0efa17b49f34f091a7c14e47ac9585b170b43ee95b80e7d0,mlb-tb-sea-2026-08-07,2026,2026-08-08T01:45:00Z,Tampa Bay Rays,Seattle Mariners,0,0,1,0,0.625,0.8,0.55
0x17be18c97790b2456aacf6a91e727a565626e80688bb0edbfbe6403ce10b6dfc,mlb-det-sf-2026-08-07,2026,2026-08-08T02:15:00Z,Detroit Tigers,San Francisco Giants,1,2,0,0,0.515,0.8,0.545
0x6fca19904c5ecce7cc4fb24f9ee8ba25935d456e420f526ac3a52b0a9ac6bc82,mlb-atl-nyy-2026-08-08,2026,2026-08-08T19:05:00Z,Atlanta Braves,New York Yankees,0,0,1,0,0.565,0.9,0.57
0xbd07e4a3a23bd75c1812d0bba8b91d19944b9c107e407ed14af20c15589039e8,mlb-laa-mia-2026-08-08,2026,2026-08-08T20:10:00Z,Los Angeles Angels,Miami Marlins,0,0,1,0,0.575,0.8,0.56
0x4a1fe8467dee4cc9f38eace9f66529b3deac7229e66b72651996675b43bb2f6f,mlb-oak-bos-2026-08-08,2026,2026-08-08T20:10:00Z,Athletics,Boston Red Sox,0,2,0,0,0.53,0.8,0.485
0xfcaaa3808aeab88b4fe22c49b08e17bf53418fa74ea085ab2f145e9f859d6da7,mlb-tor-phi-2026-08-08,2026,2026-08-08T22:05:00Z,Toronto Blue Jays,Philadelphia Phillies,1,0,0,0,0.445,0.6,0.46
0xe8b4462e19c61ebbd9a0e6d3ff7c50d644d30cedff01eb4971be541a4ccd1143,mlb-nym-pit-2026-08-08,2026,2026-08-08T22:40:00Z,New York Mets,Pittsburgh Pirates,0,3,0,0,0.465,0.8,0.505
0x1503c68fec657c0354c15ae0317a178f14da79d624ef27737dc8151eaa63ab41,mlb-cin-wsh-2026-08-08,2026,2026-08-08T22:45:00Z,Cincinnati Reds,Washington Nationals,0,0,1,0,0.515,0.8,0.505
0xc31b2b18f2f2a054d08ec28fdfb10be3412fbd5b07d98dcd2c4fabc49e8e2343,mlb-chc-kc-2026-08-08,2026,2026-08-08T23:10:00Z,Chicago Cubs,Kansas City Royals,0,1,0,0,0.49,0.8,0.465
0x1436857cc1c6fa639af8bbba11fc7b207872bc68c049d990eceb402ece199dd7,mlb-min-mil-2026-08-08,2026,2026-08-08T23:10:00Z,Minnesota Twins,Milwaukee Brewers,0,1,0,0,0.495,0.8,0.515
0x22d9a0e50729d08f4e7afc298e6c5a3f218d22cd8ade45aef6b9dcd71cc47d45,mlb-bal-tex-2026-08-08,2026,2026-08-08T23:15:00Z,Baltimore Orioles,Texas Rangers,1,0,0,0,0.555,0.8,0.53
0x87313f45f4d1fbc411697b231b6f7d7e1809b19339d01dffd054ca0fb1eb973c,mlb-cle-cws-2026-08-08,2026,2026-08-08T23:15:00Z,Cleveland Guardians,Chicago White Sox,0,0,1,0,0.555,0.8,0.525
0x0f4204150782f36d1002aa3bf484f1d87755291eec7fa057d79cf043aca7ff90,mlb-col-stl-2026-08-08,2026,2026-08-08T23:15:00Z,Colorado Rockies,St. Louis Cardinals,1,2,0,0,0.475,0.8,0.48
0xde3cffbfbef2f1a6cb80c4ee2ed19f1f0810021d641ac51ad436fbd9d78008aa,mlb-det-sf-2026-08-08,2026,2026-08-08T23:15:00Z,Detroit Tigers,San Francisco Giants,0,0,1,0,0.515,0.8,0.515
0x3d9491a7e8c1f0cc792cbe96b9bf88dc7943832a4114896ad987873275b2afa1,mlb-hou-sd-2026-08-08,2026,2026-08-08T23:15:00Z,Houston Astros,San Diego Padres,0,1,0,0,0.545,0.8,0.52
0x758ffad34720032a02796184744daf1072656730ac878353c87b716a88a34c5f,mlb-lad-ari-2026-08-08,2026,2026-08-09T00:10:00Z,Los Angeles Dodgers,Arizona Diamondbacks,0,0,1,0,0.505,0.8,0.51
0x9ea796a6689029a4cc04eaef3f2e86ea782251ceea44707ef4941cbcc847f48e,mlb-tb-sea-2026-08-08,2026,2026-08-09T01:50:00Z,Tampa Bay Rays,Seattle Mariners,0,0,1,0,0.545,0.8,0.545
0x1f2163a76d2f6ca649b7285b5a203ddd9207d71bfd351e5d1d94d20bd6775d2f,mlb-cin-wsh-2026-08-09,2026,2026-08-09T16:15:00Z,Cincinnati Reds,Washington Nationals,0,0,1,0,0.49,0.8,0.56
0x03e719635f9a970ea9d0cd30b2ca3efd27a74409ee5926b91b85b1a0d451f28e,mlb-atl-nyy-2026-08-09,2026,2026-08-09T17:35:00Z,Atlanta Braves,New York Yankees,0,0,1,0,0.52,0.8,0.575
0x7f8bbb9fdfb642b988276689ef495c7d1cb238af692d5eaa4400d8eccc4968a7,mlb-nym-pit-2026-08-09,2026,2026-08-09T17:35:00Z,New York Mets,Pittsburgh Pirates,2,0,0,0,0.53,0.8,0.56
0x799fe911b21cf4fe0bef5892524fae980fe4dcdb675b9f43cbe0f2b86c5b5e5b,mlb-oak-bos-2026-08-09,2026,2026-08-09T17:35:00Z,Athletics,Boston Red Sox,1,0,0,0,0.46,0.8,0.52
0x779088a120d27344052c8c1ae393c55541bca394cedb2aae6d87f53df70c6c51,mlb-tor-phi-2026-08-09,2026,2026-08-09T17:35:00Z,Toronto Blue Jays,Philadelphia Phillies,0,0,1,0,0.495,0.8,0.555
0x9bac5daeee6d0f5d0cacd52f7b95c2f8aec05e6d40a2d0e4b63bd3448f817f60,mlb-laa-mia-2026-08-09,2026,2026-08-09T17:40:00Z,Los Angeles Angels,Miami Marlins,1,3,0,0,0.485,0.8,0.53
0xc28f3d92031485ed89a3324dfe13df3e9b6633ea7e958ed656ed264fb6ff171f,mlb-chc-kc-2026-08-09,2026,2026-08-09T18:10:00Z,Chicago Cubs,Kansas City Royals,1,0,0,0,0.435,0.8,0.53
0xd46203c2cae8c4640611bef066b1c776f79d93b00409d675763910b5576ae8a3,mlb-cle-cws-2026-08-09,2026,2026-08-09T18:10:00Z,Cleveland Guardians,Chicago White Sox,2,1,0,0,0.52,0.8,0.545
0xc0508422c0bdbf04751a25976cdf59f4150cccad677b2db760543c929882779c,mlb-min-mil-2026-08-09,2026,2026-08-09T18:10:00Z,Minnesota Twins,Milwaukee Brewers,0,1,0,0,0.585,0.8,0.565
0x56f7f7cac9d99e180f51864faf204db4102f88012d1d7314fad7395eebd99389,mlb-col-stl-2026-08-09,2026,2026-08-09T18:15:00Z,Colorado Rockies,St. Louis Cardinals,1,1,0,0,0.475,0.8,0.48
0x3df9547b3bc23dc0c3b83a4eedaf775c20dd0223bf6fe00330e9e8aecb690130,mlb-bal-tex-2026-08-09,2026,2026-08-09T18:35:00Z,Baltimore Orioles,Texas Rangers,2,0,0,0,0.51,0.8,0.485
0x89cac48dd573f0396b3762295b03d0706ecc92fff3c4ab8626d7b6df9e687242,mlb-det-sf-2026-08-09,2026,2026-08-09T20:05:00Z,Detroit Tigers,San Francisco Giants,0,0,1,0,0.57,0.8,0.555
0x2d34b2d1371a9760531244b0b89e659bfded45aa653a0c54d9f1a6e6d5edf581,mlb-lad-ari-2026-08-09,2026,2026-08-09T20:10:00Z,Los Angeles Dodgers,Arizona Diamondbacks,0,2,0,0,0.485,0.8,0.505
0x23f2de397b4f6b54240f72bc864f6b06d26c2b960c19bcb97edd9baf86c8c2e2,mlb-tb-sea-2026-08-09,2026,2026-08-09T20:10:00Z,Tampa Bay Rays,Seattle Mariners,0,1,0,0,0.56,0.8,0.575
0x4ad0239f95c4e92d4bb0591e5d09c0df7cb614654e9f65b7c31d59f74afbcfe9,mlb-hou-sd-2026-08-09,2026,2026-08-10T00:20:00Z,Houston Astros,San Diego Padres,0,0,1,0,0.45,0.9,0.53
0x24a49af1a5d77db8c5fd62ecaafbbca535422dc1a33f03b5b849ee3d69885f16,mlb-bos-tor-2026-08-10,2026,2026-08-10T23:07:00Z,Boston Red Sox,Toronto Blue Jays,0,0,1,0,0.525,0.6,0.515
0x1489f7e57824bc170ca640db090e3ea1887642b26ad652259f26b075a4317e09,mlb-nym-atl-2026-08-10,2026,2026-08-10T23:15:00Z,New York Mets,Atlanta Braves,5,2,0,0,0.515,0.8,0.505
0x06e31b0ea786a57d6fb0cb4e4ce3789269defa41e963f56b82029109e460961d,mlb-bal-min-2026-08-10,2026,2026-08-10T23:40:00Z,Baltimore Orioles,Minnesota Twins,0,0,1,0,0.535,0.8,0.5
0x53b27642d573227dc565e633dd173db38f8539765a1bb5eb40041dc1685b8367,mlb-phi-stl-2026-08-10,2026,2026-08-10T23:45:00Z,Philadelphia Phillies,St. Louis Cardinals,0,0,1,0,0.435,0.8,0.475
0x42bd6bec70a8e3c8d8850f4821fe60148c9f632c6ddc20480203634fbd1751f0,mlb-tex-laa-2026-08-10,2026,2026-08-11T01:38:00Z,Texas Rangers,Los Angeles Angels,0,1,0,0,0.54,0.8,0.505
0x8dd7988a78635543fbd7e64e705e73a9a3e206ff021b8b28c804411711fc4aee,mlb-col-ari-2026-08-10,2026,2026-08-11T01:40:00Z,Colorado Rockies,Arizona Diamondbacks,0,4,0,0,0.5,0.8,0.5
0x92e4fe8aed9a2539354a2e769ae98b3ea86a526a71e743caf4d8a8e953617c3f,mlb-mil-sd-2026-08-10,2026,2026-08-11T01:40:00Z,Milwaukee Brewers,San Diego Padres,0,0,1,0,0.61,0.8,0.565
0x5df54145153386cf3a693028beb09893e7de7fa2b3f48d969ae97389d7b3503c,mlb-tb-oak-2026-08-10,2026,2026-08-11T01:40:00Z,Tampa Bay Rays,Athletics,1,2,0,0,0.455,0.8,0.465
0x60b52d181fde6fcbf91822c41bd28390fe522739dab25f23086f50434bfe24bc,mlb-hou-sf-2026-08-10,2026,2026-08-11T01:45:00Z,Houston Astros,San Francisco Giants,1,0,0,0,0.49,0.8,0.505
0xcdab1d4f13b15fe0f1e3371b75772480d09ab1da1bc37f9294572e9ef3db16c0,mlb-kc-lad-2026-08-10,2026,2026-08-11T02:10:00Z,Kansas City Royals,Los Angeles Dodgers,1,0,0,0,0.54,0.8,0.515
0xded6c5c8930e3ce7229f949b02e866c9ac2cd97c83e011c65eeef49639e3c5f5,mlb-cle-det-2026-08-11,2026,2026-08-11T22:40:00Z,Cleveland Guardians,Detroit Tigers,0,0,1,0,0.51,0.8,0.49
0x02d62568a0250f320c34926455e3b18e8fb00cabc1ba6d6523f24f0513160a7d,mlb-pit-mia-2026-08-11,2026,2026-08-11T22:40:00Z,Pittsburgh Pirates,Miami Marlins,0,0,1,0,0.595,0.8,0.555
0x182af3788491119bb0ed6fba979af5ada57ea16c1df878dc158e6957487be18f,mlb-chc-wsh-2026-08-11,2026,2026-08-11T22:45:00Z,Chicago Cubs,Washington Nationals,0,2,0,0,0.465,0.8,0.55
0x6ccd28337ec40af088ebc2536e98a6abd2a54cfe4aa7be522fd176be1b80f510,mlb-sea-nyy-2026-08-11,2026,2026-08-11T23:05:00Z,Seattle Mariners,New York Yankees,0,0,1,0,0.54,0.8,0.52
0x8c299f46f1e3f32b50d9b0f4082c323a4b4d90574d6ad34ae630b83e5cceab50,mlb-bos-tor-2026-08-11,2026,2026-08-11T23:07:00Z,Boston Red Sox,Toronto Blue Jays,0,0,1,0,0.595,0.9,0.55
0x284f1a2f2d9d3788da10477617fc876ca47999dd8d3a3548cc6d858d01a8a6a0,mlb-nym-atl-2026-08-11,2026,2026-08-11T23:15:00Z,New York Mets,Atlanta Braves,0,0,1,0,0.495,0.8,0.505
0x2153bb736d12bede8816c8d20b7251b9c37122993adf44a87b8886bbf05f86f3,mlb-bal-min-2026-08-11,2026,2026-08-11T23:40:00Z,Baltimore Orioles,Minnesota Twins,2,0,0,0,0.46,0.8,0.46
0xd48bea6e0808fb67cbf4c0683739da82c54d955e0ab3abf0758820bf77c8b9a0,mlb-cin-cws-2026-08-11,2026,2026-08-11T23:40:00Z,Cincinnati Reds,Chicago White Sox,0,1,0,0,0.515,0.8,0.525
0x9bb15eb50c832fb45c6f38c60dfa9e816c1160dcfd9e9dfc1a1ab02266c89500,mlb-phi-stl-2026-08-11,2026,2026-08-11T23:45:00Z,Philadelphia Phillies,St. Louis Cardinals,0,0,1,0,0.53,0.8,0.51
0x5c91a2c6503cc2e6e77494f85a0ead047933f737466b4574b60d9d92e06e3819,mlb-tex-laa-2026-08-11,2026,2026-08-12T01:38:00Z,Texas Rangers,Los Angeles Angels,1,0,0,0,0.445,0.8,0.455
0x1647d7ac9f4a174ee808e72f09b0d2434193df61ea6f774990567c9071141e1b,mlb-col-ari-2026-08-11,2026,2026-08-12T01:40:00Z,Colorado Rockies,Arizona Diamondbacks,0,2,0,0,0.44,0.8,0.45
0x71b83eddeb2e4f5e87bccfc0257c91e3e90d85612207566b444d74ff3687bb62,mlb-mil-sd-2026-08-11,2026,2026-08-12T01:40:00Z,Milwaukee Brewers,San Diego Padres,0,0,1,0,0.54,0.8,0.51
0xe3b28b5155eb6de5a0675ac8c808f9c89300a13a76bdd21cf1c003593f8b9f90,mlb-tb-oak-2026-08-11,2026,2026-08-12T01:40:00Z,Tampa Bay Rays,Athletics,2,0,0,0,0.44,0.8,0.445
0x74be8d5f1929a927c32bf714fdd0039d7fa06e96eadb1370b8d514cc079c47b1,mlb-hou-sf-2026-08-11,2026,2026-08-12T01:45:00Z,Houston Astros,San Francisco Giants,0,0,1,0,0.515,0.8,0.52
0x075d9e4a9e474429bfeb0531b97abad8973b7fcb173fd8412391a48510568b38,mlb-kc-lad-2026-08-11,2026,2026-08-12T02:10:00Z,Kansas City Royals,Los Angeles Dodgers,0,0,1,0,0.485,0.8,0.515
0x7f030eda03445422687f85275787a2bee53283d7b1623bdc00e8bf15962dcdd0,mlb-bal-min-2026-08-12,2026,2026-08-12T17:40:00Z,Baltimore Orioles,Minnesota Twins,1,1,0,0,0.5,0.8,0.46
0xaebf14d763675c3588bfebd8355ba428b9d068e3d4facfd76e859ae9d8e1ac92,mlb-phi-stl-2026-08-12,2026,2026-08-12T18:15:00Z,Philadelphia Phillies,St. Louis Cardinals,0,0,1,0,0.55,0.8,0.52
0x6e0c686f1b723cb725fcc6293fbba172ff0d843fce14b7b09b25b728f5a859f2,mlb-tb-oak-2026-08-12,2026,2026-08-12T19:05:00Z,Tampa Bay Rays,Athletics,0,0,1,0,0.47,0.8,0.53
0x65afb2ae8b31cbdb73a95fd67e19ade135aef399ed2ffc91c89245ae55327738,mlb-col-ari-2026-08-12,2026,2026-08-12T19:40:00Z,Colorado Rockies,Arizona Diamondbacks,0,1,0,0,0.445,0.8,0.445
0x56eeb2094aca1101b7eb8e90cf6f362b3cc111c4c182926bc73078bf7006bf49,mlb-hou-sf-2026-08-12,2026,2026-08-12T19:45:00Z,Houston Astros,San Francisco Giants,0,1,0,0,0.495,0.8,0.52
0xb3fe77038cbfdb705fc35a7d3217eb4985ef27c0bdd70f3ab4c791ba51fb345d,mlb-mil-sd-2026-08-12,2026,2026-08-12T20:10:00Z,Milwaukee Brewers,San Diego Padres,0,0,1,0,0.54,0.8,0.515
0x10744e73a3b0bce70d2884e5e13899980654aacf805fc8d87acd3f29fffc114d,mlb-cle-det-2026-08-12,2026,2026-08-12T22:40:00Z,Cleveland Guardians,Detroit Tigers,2,2,0,0,0.55,0.8,0.53
0x24e5ce51b94c31662889c5fabacf5fb51ccb6f59c3b384838dd3ce1b68df6aee,mlb-pit-mia-2026-08-12,2026,2026-08-12T22:40:00Z,Pittsburgh Pirates,Miami Marlins,0,0,1,0,0.53,0.8,0.515
0x6d61ce1d91f80a4d7dcdbdccce9d6dc04b3f5effd6799e46b30d5ec4828f473b,mlb-chc-wsh-2026-08-12,2026,2026-08-12T22:45:00Z,Chicago Cubs,Washington Nationals,0,0,1,0,0.48,0.8,0.46
0x802bbc4b0f530d4766a278c956379ec43a85e622e102faae3246531a1aa5750f,mlb-sea-nyy-2026-08-12,2026,2026-08-12T23:05:00Z,Seattle Mariners,New York Yankees,3,0,0,0,0.535,0.8,0.485
0x611ffb7924a36fb1a00a2ea63a7f1d480a1cc312946c505089f13d321b07a8ca,mlb-bos-tor-2026-08-12,2026,2026-08-12T23:07:00Z,Boston Red Sox,Toronto Blue Jays,0,0,1,0,0.59,0.8,0.55
0x148c4f913fbe49f6146bd64c629765dabebc6fbc1a14e8ab022ee3abdba21f13,mlb-nym-atl-2026-08-12,2026,2026-08-12T23:15:00Z,New York Mets,Atlanta Braves,0,0,1,0,0.48,0.8,0.5
0x4fa108d020072a01129787b258f34e3d4b7cd73e65608a2cda51e99dc88247d9,mlb-cin-cws-2026-08-12,2026,2026-08-12T23:40:00Z,Cincinnati Reds,Chicago White Sox,0,0,1,0,0.465,0.8,0.48
0x186770996dc312927721302a453b660d1d36030072b2f1e1ba79339da7dd58ae,mlb-kc-lad-2026-08-12,2026,2026-08-13T02:10:00Z,Kansas City Royals,Los Angeles Dodgers,0,0,1,0,0.44,0.5,0.435
0xd70e7d91a042b0070c0ed7cc2d0eb51ec949a644e274008c961342b80e18087a,mlb-tex-laa-2026-08-12,2026,2026-08-13T02:10:00Z,Texas Rangers,Los Angeles Angels,0,0,1,0,0.49,0.6,0.465
0xdb95d6ea71cb056779d98899a4261f6df5904e6ebf0d24f43c8622fd490d86b7,mlb-cin-cws-2026-08-13,2026,2026-08-13T17:10:00Z,Cincinnati Reds,Chicago White Sox,3,1,0,0,0.505,0.8,0.495
0x2754db1d6357e0d08ff179dc26c294b9e0904a674f22650d392a09ff37df0534,mlb-cle-det-2026-08-13,2026,2026-08-13T17:10:00Z,Cleveland Guardians,Detroit Tigers,0,0,1,0,0.56,0.8,0.535
0xa59850f4d512f0c959621dd256d3afe21d4b15c4dcb3d0db601241dea121be96,mlb-pit-mia-2026-08-13,2026,2026-08-13T17:10:00Z,Pittsburgh Pirates,Miami Marlins,0,0,1,0,0.535,0.8,0.515
0x26628868998480434abef32bae9d9b1c1c34a078a3fadcdc390d494a0ed15a14,mlb-sea-nyy-2026-08-13,2026,2026-08-13T17:35:00Z,Seattle Mariners,New York Yankees,0,0,1,0,0.59,0.5,0.605
0xac6b887073e6bd5135a898bf8c957d8ef77c66f22fabcec104f7cb264886b270,mlb-bos-tor-2026-08-13,2026,2026-08-13T19:07:00Z,Boston Red Sox,Toronto Blue Jays,1,0,0,0,0.55,0.9,0.62
0xe8f9ac004e53882b74f640807c28508728981a3b3f109b067d6acd148e49d101,mlb-chc-wsh-2026-08-13,2026,2026-08-13T20:05:00Z,Chicago Cubs,Washington Nationals,0,0,1,0,0.515,0.8,0.495
0x57f47029363f6ed8b893a1dd7f4dfb7fe2576406bbbd9d720b1cfd87ee3e877d,mlb-phi-min-2026-08-13,2026,2026-08-13T23:30:00Z,Philadelphia Phillies,Minnesota Twins,2,0,0,0,0.46,0.8,0.495
0x9a8ba575e180d116371b8408fd06178e415885b1bd4a857917873f5f876551d2,mlb-tex-laa-2026-08-13,2026,2026-08-14T02:07:00Z,Texas Rangers,Los Angeles Angels,0,0,1,0,0.57,0.9,0.53
0xe5bbd705f2fb8539db8bc805f5abd53984a38cc96ab0c7e890c3795d9b456c5a,mlb-mil-lad-2026-08-13,2026,2026-08-14T02:10:00Z,Milwaukee Brewers,Los Angeles Dodgers,0,0,1,0,0.505,0.8,0.5
0xed9757d7584c36765cd51b2c8bd5bd8cfc05743adb639879c1f6e5b85247b518,mlb-stl-chc-2026-08-14,2026,2026-08-14T18:20:00Z,St. Louis Cardinals,Chicago Cubs,0,0,1,0,0.51,0.8,0.57
0x49f1eab5818c3f209901b4c8c644b0241d365845f9e1f76b675e6c0a8463fe0e,mlb-mia-cin-2026-08-14,2026,2026-08-14T22:10:00Z,Miami Marlins,Cincinnati Reds,0,0,1,0,0.6,0.8,0.56
0xba4cc86b42f8306fcc9295067fac67df72b41cb50ba9d84c35634eb6e4c6554a,mlb-bos-pit-2026-08-14,2026,2026-08-14T22:40:00Z,Boston Red Sox,Pittsburgh Pirates,0,0,1,0,0.555,0.8,0.525
0x2582b0733fcd26b1a5e97ef5820ac64d7fcd42e9adcce0f97b9fc33a0a576af6,mlb-cws-det-2026-08-14,2026,2026-08-14T22:40:00Z,Chicago White Sox,Detroit Tigers,1,0,0,0,0.51,0.8,0.555
0x5dc1b8baf9b5d2c69e6fc07b44810d4ff6642a9541aa4e6e0e5163237dbced9b,mlb-bal-tb-2026-08-14,2026,2026-08-14T23:10:00Z,Baltimore Orioles,Tampa Bay Rays,0,0,1,0,0.505,0.8,0.54
0x9275760b7558d082fce8662d06612491f20f9d1e167a37fd3981f3a4a88fc816,mlb-sd-cle-2026-08-14,2026,2026-08-14T23:10:00Z,San Diego Padres,Cleveland Guardians,0,0,1,0,0.595,0.8,0.565
0x2c672a23f36714a34fc3383a4c30de2faa74b3833ebe23daeb56d919cb84083b,mlb-wsh-nym-2026-08-14,2026,2026-08-14T23:10:00Z,Washington Nationals,New York Mets,0,0,1,0,0.495,0.8,0.52
0x048cae732a97eaf715e6cabb538fa471f2764179a6f6aadf1c3b72c80255ab32,mlb-ari-atl-2026-08-14,2026,2026-08-14T23:15:00Z,Arizona Diamondbacks,Atlanta Braves,1,0,0,0,0.535,0.8,0.535
0xd9c73e087edd9dbc98d2ca20230175534bb1b65b3d832ff19d3c4431afc2716a,mlb-nyy-tor-2026-08-14,2026,2026-08-14T23:15:00Z,New York Yankees,Toronto Blue Jays,0,0,1,0,0.535,0.8,0.565
0x136246b5f3416e094d2e1ff893a412896bd159a3bf5c734fe246d88de5b5db4a,mlb-sea-hou-2026-08-14,2026,2026-08-15T00:10:00Z,Seattle Mariners,Houston Astros,2,1,0,0,0.555,0.8,0.54
0xb499d7ba273fbe585259f9b810f4e7d35c376ac164987f815f89973fcf573776,mlb-kc-laa-2026-08-14,2026,2026-08-15T01:38:00Z,Kansas City Royals,Los Angeles Angels,0,0,1,0,0.475,0.8,0.47
0x8937190b1131a0a9c91f3bb4f54e3b2b221162d5ae44d9d36f51ac37774cbdfd,mlb-tex-oak-2026-08-14,2026,2026-08-15T01:40:00Z,Texas Rangers,Athletics,0,3,0,0,0.455,0.8,0.49
0x4b165cf3fd87b43f276dda28e44e1e92cbe9bc095c309d6701ec639c7f4d30df,mlb-mil-lad-2026-08-14,2026,2026-08-15T02:10:00Z,Milwaukee Brewers,Los Angeles Dodgers,0,1,0,0,0.525,0.8,0.535
0x97a4227dc5494ae7237522a554a0ff56c3e88207f58138ce8fd873ab30d17ce1,mlb-col-sf-2026-08-14,2026,2026-08-15T02:15:00Z,Colorado Rockies,San Francisco Giants,0,0,1,0,0.54,0.8,0.52
0x32e7d0dfdb184b6749d0c29f65abf894efc4f30f97e3302cbef1ca3948ef6053,mlb-cws-det-2026-08-15,2026,2026-08-15T17:10:00Z,Chicago White Sox,Detroit Tigers,1,1,0,0,0.54,0.8,0.56
0x3f9dd0acc8cafebe08c514342fdb609e938bca2b533e978d64fda0e65eac278b,mlb-stl-chc-2026-08-15,2026,2026-08-15T18:20:00Z,St. Louis Cardinals,Chicago Cubs,3,0,0,0,0.485,0.8,0.51
0xf9806c6e281a4b69fde77a2359fafb96ccb8061ad662829ea654a1d23d201740,mlb-nyy-tor-2026-08-15,2026,2026-08-15T19:07:00Z,New York Yankees,Toronto Blue Jays,0,0,1,0,0.625,0.8,0.525
0x8f6aa11963d353f2d87f93d53ec5b26f36af01ad002613399c94935cdb44fdbc,mlb-col-sf-2026-08-15,2026,2026-08-15T20:05:00Z,Colorado Rockies,San Francisco Giants,0,0,1,0,0.53,0.8,0.535
0x0a29a5aa62ce44f0c01c77df2568782c94ff8eb6398326112c3a687e12360db8,mlb-wsh-nym-2026-08-15,2026,2026-08-15T20:10:00Z,Washington Nationals,New York Mets,0,2,0,0,0.545,0.8,0.52
0x6f7d66b9f577cefd61dc26f0375939af9172bc73c3f7ed5a157036520a05dd08,mlb-bal-tb-2026-08-15,2026,2026-08-15T22:10:00Z,Baltimore Orioles,Tampa Bay Rays,0,0,1,0,0.56,0.8,0.55
0x7408a369b17a54a66ae31aa8499ff321dad0f46d8bac08bc3cfacf5f11bd91b1,mlb-mia-cin-2026-08-15,2026,2026-08-15T22:40:00Z,Miami Marlins,Cincinnati Reds,0,0,1,0,0.5,0.8,0.475
0x24eeec6bfafa68e7abc42227d127d85ce1ab17a943867a9ad1526def812e82ab,mlb-phi-min-2026-08-15,2026,2026-08-15T23:10:00Z,Philadelphia Phillies,Minnesota Twins,0,0,1,0,0.515,0.8,0.5
0x52a47057de846b45d9b3b81e1c9d1113d74f6ab83aeb841c21d60bc8a746194d,mlb-sd-cle-2026-08-15,2026,2026-08-15T23:10:00Z,San Diego Padres,Cleveland Guardians,1,1,0,0,0.515,0.8,0.55
0x7e67ecc85c5d480b932735859c1748201e8ab47d185121c724343d1b3b82ecb5,mlb-sea-hou-2026-08-15,2026,2026-08-15T23:10:00Z,Seattle Mariners,Houston Astros,0,1,0,0,0.5,0.8,0.535
0xd0b9b59a565f95d9b29324f31b7ede12723d7935c19660555c99672ef8159b56,mlb-ari-atl-2026-08-15,2026,2026-08-15T23:15:00Z,Arizona Diamondbacks,Atlanta Braves,0,2,0,0,0.465,0.8,0.485
0xb910bba8a7ab187c77a3e4981cdf00b3262ae0c867d7b052594ab5cff5d0e558,mlb-bos-pit-2026-08-15,2026,2026-08-15T23:15:00Z,Boston Red Sox,Pittsburgh Pirates,0,0,1,0,0.555,0.8,0.545
0x155e4e0f984cb19d328f532a8b35bfe8a3ff0d671951df9a695ef78686066eb4,mlb-mil-lad-2026-08-15,2026,2026-08-15T23:15:00Z,Milwaukee Brewers,Los Angeles Dodgers,0,0,1,0,0.59,0.8,0.61
0x2f8fba62079a6a418c8f51274b0315d9ffa816738554fc689559a95e6403690a,mlb-kc-laa-2026-08-15,2026,2026-08-16T01:38:00Z,Kansas City Royals,Los Angeles Angels,0,0,1,0,0.57,0.9,0.525
0xacbcc1017b2d374a783c083cbca453e25d141aafeb07b9702fe73f41732c7247,mlb-tex-oak-2026-08-15,2026,2026-08-16T01:40:00Z,Texas Rangers,Athletics,0,0,1,0,0.47,0.8,0.48
0x8c8a0caee4461500084a99ad12b6e23a08a9c3f8f948cb4ff2ff2d433703db47,mlb-bal-tb-2026-08-16,2026,2026-08-16T16:15:00Z,Baltimore Orioles,Tampa Bay Rays,0,0,1,0,0.555,0.8,0.565
0xd59711df5a42720d816a7649ac51a18ea13607ed63d86f8ad83a10e2728441cb,mlb-ari-atl-2026-08-16,2026,2026-08-16T17:35:00Z,Arizona Diamondbacks,Atlanta Braves,0,0,1,0,0.49,0.8,0.515
0x2f675713e55d7c3cd8a22f9e080ffde054cca194c69c0ab8862d2c16f09159df,mlb-bos-pit-2026-08-16,2026,2026-08-16T17:35:00Z,Boston Red Sox,Pittsburgh Pirates,0,2,0,0,0.545,0.8,0.555
0xe4bc68e3a572025f5f0905aacf4f75f861db604775c94d4bb02e09eab3712b0d,mlb-nyy-tor-2026-08-16,2026,2026-08-16T17:37:00Z,New York Yankees,Toronto Blue Jays,0,0,1,0,0.63,0.8,0.555
0x02cc63413e1c0aa33f305ffa96af575b8bff819aa787d073781a78a9cfa790e8,mlb-cws-det-2026-08-16,2026,2026-08-16T17:40:00Z,Chicago White Sox,Detroit Tigers,0,0,1,0,0.55,0.7,0.515
0x4734280ccd8ac73940161ac533104b7f83888acefd6da06bfd7c0f9aeb0473d7,mlb-mia-cin-2026-08-16,2026,2026-08-16T17:40:00Z,Miami Marlins,Cincinnati Reds,0,0,1,0,0.515,0.7,0.555
0xbb6dd34965a32874e124e9746a96020f169b7e5064f2f7f68f13148f082abc1e,mlb-sd-cle-2026-08-16,2026,2026-08-16T17:40:00Z,San Diego Padres,Cleveland Guardians,0,0,1,0,0.55,0.8,0.55
0xea4c6230be8faeaf30a6cf7270781544979e628cecc755e5f3f9c70a0b6632a1,mlb-wsh-nym-2026-08-16,2026,2026-08-16T17:40:00Z,Washington Nationals,New York Mets,0,0,1,0,0.5,0.8,0.51
0x0d63c8b78f9180a4f41c1b38dbc90a587cf681c3a44b224d19bcfc32024daaf0,mlb-phi-min-2026-08-16,2026,2026-08-16T18:10:00Z,Philadelphia Phillies,Minnesota Twins,0,4,0,0,0.465,0.8,0.45
0x852ae3b8222a81703edb138429c976bedf6a09fac1a9f74c5c6dfaab266699f3,mlb-stl-chc-2026-08-16,2026,2026-08-16T19:15:00Z,St. Louis Cardinals,Chicago Cubs,2,0,0,0,0.5,0.7,0.505
0x7b124f6c98fa571f58e111744799b7b41557c1109d9cc218ba085dd341677aa1,mlb-col-sf-2026-08-16,2026,2026-08-16T20:05:00Z,Colorado Rockies,San Francisco Giants,0,1,0,0,0.52,0.8,0.515
0x8fceb91f0ec93c46d069c4c8ba87f6bee044507cc5b286ab3634f675340b27d2,mlb-tex-oak-2026-08-16,2026,2026-08-16T20:05:00Z,Texas Rangers,Athletics,0,0,1,0,0.465,0.8,0.46
0x56654fa567e6af12352a45ae2df326a2d8b2132e5cace9d394c53afc70f0ef4b,mlb-kc-laa-2026-08-16,2026,2026-08-16T20:07:00Z,Kansas City Royals,Los Angeles Angels,0,0,1,0,0.495,0.6,0.465
0xcfa026318c103bcafd6db0858ff8604ef8152980c6ec474ba84be66358f98b31,mlb-mil-lad-2026-08-16,2026,2026-08-16T20:10:00Z,Milwaukee Brewers,Los Angeles Dodgers,0,0,1,0,0.575,0.8,0.545
0x81fc85648f86b8f6a80fd23f6393a58ed7402ba1ad61ef571f37a0353344b6c8,mlb-sea-hou-2026-08-16,2026,2026-08-16T23:20:00Z,Seattle Mariners,Houston Astros,1,0,0,0,0.555,0.8,0.555
0x0736763450f5c391d6163ff2aef3c46cf0c21e458378d007a8cf1417e4f67728,mlb-stl-cin-2026-05-24,2026,2026-08-17T17:40:00Z,St. Louis Cardinals,Cincinnati Reds,2,0,0,0,0.475,0.8,0.505
0x39786f0f75ee9c3cba93eaf45b5aada17f805c03b6d9b0b2eb90b4d14ae56cae,mlb-bal-tb-2026-08-17,2026,2026-08-17T22:05:00Z,Baltimore Orioles,Tampa Bay Rays,0,0,1,0,0.525,0.8,0.555
0xb6383ab3a1fe496e7edda614bfe3e065a2c197508a1a3c7358ef637574851e4f,mlb-mia-phi-2026-08-17,2026,2026-08-17T22:40:00Z,Miami Marlins,Philadelphia Phillies,0,0,1,0,0.53,0.8,0.51
0xa1c37c299edf6861f0319657c5899b6798e485fd04fedb6311c382fecc6314e8,mlb-stl-cin-2026-08-17,2026,2026-08-17T22:40:00Z,St. Louis Cardinals,Cincinnati Reds,0,1,0,0,0.49,0.8,0.48
0x846be4d7fe2d1ac340223d02711e01e7b321533e99158c50a0fc85b5241c1b75,mlb-det-pit-2026-08-17,2026,2026-08-17T23:05:00Z,Detroit Tigers,Pittsburgh Pirates,2,0,0,0,0.5,0.8,0.515
0xc401019ee0b02dd6b668e8f8fd227e9a41e983a28279b7a9991dffb8aeb19152,mlb-ari-bos-2026-08-17,2026,2026-08-17T23:10:00Z,Arizona Diamondbacks,Boston Red Sox,0,0,1,0,0.505,0.8,0.545
0x3b67e5e8656e86ae80a28cd8eb4092176ff89c0b658420e81b99bd75074cf3b6,mlb-sd-nym-2026-08-17,2026,2026-08-17T23:10:00Z,San Diego Padres,New York Mets,0,2,0,0,0.57,0.8,0.53
0x045c4c2365425d79d5716e7d7f54422821cc770336c7ab2d1b7d14fc75c6aa1a,mlb-atl-min-2026-08-17,2026,2026-08-17T23:40:00Z,Atlanta Braves,Minnesota Twins,0,4,0,0,0.455,0.6,0.49
0x4d1dd06df2d9f806ada1f46d7740e68d76615481a861c8721cb13cfb2a208f73,mlb-oak-kc-2026-08-17,2026,2026-08-17T23:40:00Z,Athletics,Kansas City Royals,1,3,0,0,0.5,0.6,0.515
0x03b3e8059cfe59d37bdbe9231f806023223466d1f0e101945023cfb41e823ca3,mlb-cws-chc-2026-08-17,2026,2026-08-18T00:05:00Z,Chicago White Sox,Chicago Cubs,0,2,0,0,0.52,0.8,0.515
0x7708ed95fc8e5009c94a84b8fe796e7efdbbd556efeca02d7860793bff13cdb8,mlb-lad-col-2026-08-17,2026,2026-08-18T00:40:00Z,Los Angeles Dodgers,Colorado Rockies,0,0,1,0,0.425,0.8,0.455
0x611e0521e239d1dda607f381f5f5ccd7fb77f3709f68ecd0cd8dd9c5aff36870,mlb-nyy-bal-2026-08-18,2026,2026-08-18T22:35:00Z,New York Yankees,Baltimore Orioles,0,0,1,0,0.525,0.7,0.52
0x0e29c4af27d3b6c44295016e05c7500b58fab612be8ce122502147b176829233,mlb-det-pit-2026-08-18,2026,2026-08-18T22:40:00Z,Detroit Tigers,Pittsburgh Pirates,0,0,1,0,0.545,0.8,0.52
0x45f9bf3390c21deaf5401c9e24824acdd47aa196c061272e7ee8404ad93289c2,mlb-mia-phi-2026-08-18,2026,2026-08-18T22:40:00Z,Miami Marlins,Philadelphia Phillies,0,1,0,0,0.535,0.8,0.535
0x16393095b53b5e9c7bf62077220390d6020acebe8eb75135db1aed22317150c5,mlb-sf-cle-2026-08-18,2026,2026-08-18T22:40:00Z,San Francisco Giants,Cleveland Guardians,0,3,0,0,0.525,0.8,0.505
0x6181a9bb594320e72ac517f3edc60e86b8d88db76656ad689018969a6dbbd568,mlb-stl-cin-2026-08-18,2026,2026-08-18T22:40:00Z,St. Louis Cardinals,Cincinnati Reds,0,0,1,0,0.485,0.8,0.49
0xbf1ea06dd00b983d317822e31d8a3cec81dccba15e2aaa8cc3ce5458c0f489c9,mlb-tor-tb-2026-08-18,2026,2026-08-18T22:40:00Z,Toronto Blue Jays,Tampa Bay Rays,2,0,0,0,0.585,0.8,0.585
0x1f2dc3bfe33942347d745a55dea21b9f60a3f30cea0a4098ad626f817e13d79e,mlb-ari-bos-2026-08-18,2026,2026-08-18T23:10:00Z,Arizona Diamondbacks,Boston Red Sox,0,3,0,0,0.575,0.8,0.495
0x3dd788c6c0f9aaef30b04dd451253bf86dab5ff57c1306c56bf3c2ddeefef3c5,mlb-sd-nym-2026-08-18,2026,2026-08-18T23:10:00Z,San Diego Padres,New York Mets,1,0,0,0,0.52,0.8,0.545
0xb44bc473544d5d07ec17c5cfd234fb96ae723cd88ff39a206ccfdcba06ae8635,mlb-atl-min-2026-08-18,2026,2026-08-18T23:40:00Z,Atlanta Braves,Minnesota Twins,0,2,0,0,0.485,0.8,0.465
0x9a1f320ef8015e36e98795787b471dd450dcbe364ca0244ea09519777ebf00e1,mlb-oak-kc-2026-08-18,2026,2026-08-18T23:40:00Z,Athletics,Kansas City Royals,1,0,0,0,0.48,0.8,0.45
0x7b1e2e508b6e0470aca78b3b88a8bf2ef702804c4c1ecfe04074918d762c28b4,mlb-sea-mil-2026-08-18,2026,2026-08-18T23:40:00Z,Seattle Mariners,Milwaukee Brewers,0,1,0,0,0.58,0.8,0.55
0xb861e9af276f66db876859008382da80b3538ddb268095c78d2bc98b837904d0,mlb-cws-chc-2026-08-18,2026,2026-08-19T00:05:00Z,Chicago White Sox,Chicago Cubs,0,2,0,0,0.465,0.8,0.46
0x242c72982f8a96568b96b800016fabea22b282e7cd061f7abd8a5873b4c279b1,mlb-wsh-tex-2026-08-18,2026,2026-08-19T00:05:00Z,Washington Nationals,Texas Rangers,0,1,0,0,0.51,0.8,0.48
0xbf13cd613dd58608287baf57ab0b15beac5c4c57b91c76d38ebc3616c57eac29,mlb-laa-hou-2026-08-18,2026,2026-08-19T00:10:00Z,Los Angeles Angels,Houston Astros,0,0,1,0,0.465,0.8,0.47
0x47e6cec95c6fdd757b93f5701a2f8f77eba7defd42fb35d4e2cf317f092d220e,mlb-lad-col-2026-08-18,2026,2026-08-19T00:40:00Z,Los Angeles Dodgers,Colorado Rockies,1,1,0,0,0.41,0.8,0.42
0x5d7f876bcc8fea7729481b72b294e52ee2af768a4cb6eeb249abe86ed8842c67,mlb-det-pit-2026-08-19,2026,2026-08-19T16:35:00Z,Detroit Tigers,Pittsburgh Pirates,0,1,0,0,0.565,0.8,0.545
0xf5e3097437481edd84a282bcd5ea103130b6933ccb278bcc033536b5ada1672c,mlb-sd-nym-2026-08-19,2026,2026-08-19T17:10:00Z,San Diego Padres,New York Mets,0,0,1,0,0.525,0.8,0.53
0x033e18f1b680d77ca86ba34584c0a82d724c02c68e9d23d55607eae02f9325fa,mlb-atl-min-2026-08-19,2026,2026-08-19T17:40:00Z,Atlanta Braves,Minnesota Twins,0,0,1,0,0.495,0.8,0.515
0xeaef1a675094c3b64fdafd7c80fabfd0259d7c70a7058e391b6668c8feabe99f,mlb-cws-chc-2026-08-19,2026,2026-08-19T18:20:00Z,Chicago White Sox,Chicago Cubs,0,0,1,0,0.565,0.8,0.545
0xaa59ee6be0fecdae80e56c9736f8587f5e9f999af7fb06fdc6190d8ed6669522,mlb-ari-bos-2026-08-19,2026,2026-08-19T20:10:00Z,Arizona Diamondbacks,Boston Red Sox,0,1,0,0,0.57,0.6,0.515
0x7f7091513311c523c009f7e85a98153829b822b2d3ac35f0ecd77f3a1d2abb44,mlb-mia-phi-2026-08-19,2026,2026-08-19T22:05:00Z,Miami Marlins,Philadelphia Phillies,0,0,1,0,0.515,0.8,0.51
0x5a16b76fadffb1f86b915b941b8eba0b1d67e5966ddf164498315a8383395c03,mlb-nyy-bal-2026-08-19,2026,2026-08-19T22:35:00Z,New York Yankees,Baltimore Orioles,0,1,0,0,0.485,0.8,0.495
0x12a5335f8fc2b2ee27dda4ef8be8624962748bc2ad3efa8bc1767cb768005678,mlb-sf-cle-2026-08-19,2026,2026-08-19T22:40:00Z,San Francisco Giants,Cleveland Guardians,0,0,1,0,0.575,0.8,0.55
0x59ae67698a8d6ce8148fe7511c1316632bc6140c16220aa1e64a440bac3b58c4,mlb-stl-cin-2026-08-19,2026,2026-08-19T22:40:00Z,St. Louis Cardinals,Cincinnati Reds,0,0,1,0,0.54,0.8,0.505
0x8d0e02e9c97011925a8f6fb93bb3de31e10d0e3c6f51b29f78594b90000834c5,mlb-tor-tb-2026-08-19,2026,2026-08-19T22:40:00Z,Toronto Blue Jays,Tampa Bay Rays,0,2,0,0,0.545,0.8,0.535
0x2a046838b2720428684f7677695a3134a1d035a6c3e37137b2a5c99270f03511,mlb-oak-kc-2026-08-19,2026,2026-08-19T23:40:00Z,Athletics,Kansas City Royals,2,0,0,0,0.495,0.8,0.49
0xf3c2d641f6f098bf973cdfe370b7dc8acacce7e81654ed4824d76ba3a2d7222b,mlb-sea-mil-2026-08-19,2026,2026-08-19T23:40:00Z,Seattle Mariners,Milwaukee Brewers,4,0,0,0,0.575,0.8,0.56
0xc4abf0ecc12637f38368d1e4bf21f3e3fc5a20af7ca956766762f6aea12cf270,mlb-wsh-tex-2026-08-19,2026,2026-08-20T00:05:00Z,Washington Nationals,Texas Rangers,0,0,1,0,0.515,0.8,0.565
0x017393714671baf7ba1ab9285d3e7e5e66bd668984f66582745b4cfc11f97b34,mlb-laa-hou-2026-08-19,2026,2026-08-20T00:10:00Z,Los Angeles Angels,Houston Astros,0,0,1,0,0.505,0.8,0.5
0x684cecba2fd21590268b2f53a714f3a54e97ff81baaf0c6d85c0c31cfb2db440,mlb-lad-col-2026-08-19,2026,2026-08-20T00:40:00Z,Los Angeles Dodgers,Colorado Rockies,0,0,1,0,0.415,0.8,0.44
0x12c5662bf95177737b0f08be79838b522b357e72a573d11045e98ccb83de7c6d,mlb-stl-cin-2026-08-20,2026,2026-08-20T16:40:00Z,St. Louis Cardinals,Cincinnati Reds,1,0,0,0,0.525,0.8,0.5
0x0c4e56380577959cdb23ca13ae83ee189631a2346aa5bede4708a0cd2794bfc3,mlb-sf-cle-2026-08-20,2026,2026-08-20T17:10:00Z,San Francisco Giants,Cleveland Guardians,0,3,0,0,0.61,0.8,0.57
0x24b5d3384c1aad5b377504ba63248a786849fbad5e14bbe58ad697fa64b11180,mlb-tor-tb-2026-08-20,2026,2026-08-20T17:10:00Z,Toronto Blue Jays,Tampa Bay Rays,0,0,1,0,0.545,0.8,0.56
0xf456b7435cacd931e32b62e2f7b11b1d5238fd9903af3412b3a6906f247bfd4c,mlb-atl-cws-2026-06-11,2026,2026-08-20T18:10:00Z,Atlanta Braves,Chicago White Sox,0,0,1,0,0.495,0.8,0.46
0xa646fb264957b06509ed76eb025bc111ae329c5a820c27a5fc1308018ee744b6,mlb-oak-kc-2026-08-20,2026,2026-08-20T18:10:00Z,Athletics,Kansas City Royals,0,1,0,0,0.53,0.8,0.53
0xdd69354f37f2874ca048ab5a54920e8319b5e86622b1654a3d58c3c2ecba3e37,mlb-sea-mil-2026-08-20,2026,2026-08-20T18:10:00Z,Seattle Mariners,Milwaukee Brewers,0,6,0,0,0.53,0.8,0.56
0x0b209e01312f6fdced9030c37d4f5c2b1a3d13492d4ccabb2fad379fdf47b0e5,mlb-nyy-bal-2026-08-20,2026,2026-08-20T22:35:00Z,New York Yankees,Baltimore Orioles,0,0,1,0,0.565,0.8,0.535
0x6228444e01baeca433e13b948f0da43009d6538c0794f212fc7c5eed088d9a5c,mlb-wsh-tex-2026-08-20,2026,2026-08-21T00:05:00Z,Washington Nationals,Texas Rangers,0,0,1,0,0.565,0.8,0.53
0x89dd519178a1075e3c146cff9c9d02bd6ac20548542f28925571eac3519cbe89,mlb-laa-hou-2026-08-20,2026,2026-08-21T00:10:00Z,Los Angeles Angels,Houston Astros,1,2,0,0,0.485,0.8,0.51
0x610fe6de6052c84ac9beb69bd316f98b240b8d29843a11b57acde7efcea07ecf,mlb-atl-mil-2026-08-21,2026,2026-08-21T20:10:00Z,Atlanta Braves,Milwaukee Brewers,0,0,1,0,0.645,0.8,0.65
0x654a8dc95dd26b6222a50d4a826cfe1e192b0712d29a3a6809cf62f96e946669,mlb-stl-phi-2026-08-21,2026,2026-08-21T22:40:00Z,St. Louis Cardinals,Philadelphia Phillies,2,0,0,0,0.545,0.6,0.58
0xd683f46f92de1cf7c44791eed506e02719099171cfc4e36e1ceaf7fda89e8d94,mlb-tor-nyy-2026-08-21,2026,2026-08-21T23:05:00Z,Toronto Blue Jays,New York Yankees,0,0,1,0,0.6,0.6,0.545
0x2f98a828bd720c0f6d974d9e3c7729de9615ae9e88a55d6801755cfa480f13f8,mlb-sf-bos-2026-08-21,2026,2026-08-21T23:10:00Z,San Francisco Giants,Boston Red Sox,0,0,1,0,0.6,0.8,0.525
0xe22361dfafd81ebe3985de07e6cb38ba655c3c6330f274a7f685babdb7825f84,mlb-wsh-mia-2026-08-21,2026,2026-08-21T23:10:00Z,Washington Nationals,Miami Marlins,0,0,1,0,0.525,0.8,0.51
0xebc919e96b15b25d24e01bbba890bc5f6a994127574f31b5b1a026a0d945977f,mlb-tb-bal-2026-08-21,2026,2026-08-21T23:15:00Z,Tampa Bay Rays,Baltimore Orioles,0,1,0,0,0.52,0.7,0.51
0x347bee8d97deff3d259edaf8a8ca41059a7aec9562f310211c3583c8d05fcd02,mlb-nym-cws-2026-08-21,2026,2026-08-21T23:40:00Z,New York Mets,Chicago White Sox,0,0,1,0,0.55,0.6,0.53
0xa11fb01e0e4206d21a8a94b2710b7c303b349d51c18b17943c676582456468e8,mlb-det-kc-2026-08-21,2026,2026-08-22T00:10:00Z,Detroit Tigers,Kansas City Royals,0,0,1,0,0.545,0.8,0.515
0x4468cb4f68a34fd6d0e5a4ec203031a02c758e6289b2d7c2cd4862c0381f5f08,mlb-oak-hou-2026-08-21,2026,2026-08-22T00:10:00Z,Athletics,Houston Astros,0,0,1,0,0.515,0.8,0.515
0xfbf4fe16be00442ee881211b2d2e0e212c5e3150c0ded1185fb9308f6adf58af,mlb-laa-tex-2026-08-21,2026,2026-08-22T00:15:00Z,Los Angeles Angels,Texas Rangers,0,0,1,0,0.565,0.8,0.56
0x327fedfbeacf2828a37753867d9b614d40f8676da5c183284f11eb7ad105fee8,mlb-cle-col-2026-08-21,2026,2026-08-22T00:40:00Z,Cleveland Guardians,Colorado Rockies,0,1,0,0,0.445,0.8,0.45
0xaf51031bbdc95df905dc53ccb3c607caf0f3d094bf594ed5dc343b173671ad83,mlb-cin-ari-2026-08-21,2026,2026-08-22T01:40:00Z,Cincinnati Reds,Arizona Diamondbacks,0,1,0,0,0.505,0.8,0.515
0x143caf90a3d2d4674b90cf4c6123028f64cfbb7a93b07d9fa88e56b0dfcca8f2,mlb-min-sd-2026-08-21,2026,2026-08-22T01:40:00Z,Minnesota Twins,San Diego Padres,0,2,0,0,0.505,0.8,0.54
0x34f481b704ac0971d3446c95c576cfe40d2d75117b68d4709330915b522a9c2f,mlb-chc-sea-2026-08-21,2026,2026-08-22T02:10:00Z,Chicago Cubs,Seattle Mariners,3,0,0,0,0.545,0.7,0.535
0x8a68bdad36a39ae50f7fdb241e3c6e7413a0cb719d23d16b81bda60de7a97268,mlb-pit-lad-2026-08-21,2026,2026-08-22T02:10:00Z,Pittsburgh Pirates,Los Angeles Dodgers,1,2,0,0,0.555,0.7,0.525
0x93f463acd28d7fd6029a74761726a2b08a990ee34aad939e1c5dc4769fefa580,mlb-tor-nyy-2026-08-22,2026,2026-08-22T17:35:00Z,Toronto Blue Jays,New York Yankees,1,0,0,0,0.625,0.8,0.57
0xc6641a2a5e6abf15efd8dc2c69cbd321d504cf2ee8003b11b53ba8c95fde88f2,mlb-atl-mil-2026-08-22,2026,2026-08-22T18:10:00Z,Atlanta Braves,Milwaukee Brewers,1,0,0,0,0.565,0.8,0.58
0x38cded696233bd7703dd7ec32cbdf3554d52e21dac92905d802f894a68a53de3,mlb-wsh-mia-2026-08-22,2026,2026-08-22T20:10:00Z,Washington Nationals,Miami Marlins,0,2,0,0,0.565,0.8,0.56
0xf27f72d4ae1f9c66355bbf9495aace42a86551c14cfae9a51ed46f6d1a7a4f56,mlb-stl-phi-2026-08-22,2026,2026-08-22T22:05:00Z,St. Louis Cardinals,Philadelphia Phillies,0,3,0,0,0.475,0.8,0.425
0x4e2515c6a735a77137dd08aaee76c140791c1db6de4ec5ab6e2d4b47803679b5,mlb-laa-tex-2026-08-22,2026,2026-08-22T23:05:00Z,Los Angeles Angels,Texas Rangers,1,0,0,0,0.51,0.8,0.515
0xee7a62411d614906bc405f38c5dcc08286cbff67d2aa625150a3f853fc330b1f,mlb-tb-bal-2026-08-22,2026,2026-08-22T23:05:00Z,Tampa Bay Rays,Baltimore Orioles,0,0,1,0,0.57,0.8,0.54
0x87067cf08f09162882b49abe6d5c805c7a8da5e1c8a2eb3ab8e6b9172b81344c,mlb-nym-cws-2026-08-22,2026,2026-08-22T23:10:00Z,New York Mets,Chicago White Sox,1,0,0,0,0.515,0.8,0.535
0x4aa6cbe64d11434fa464bb370a5944747d57f03647985e16288de5db0fe38ca8,mlb-oak-hou-2026-08-22,2026,2026-08-22T23:10:00Z,Athletics,Houston Astros,0,0,1,0,0.54,0.8,0.525
0x1e2b191ee781e11cf1a57730d89fa9b52731716873b8f58b047babc3b62b44b1,mlb-chc-sea-2026-08-22,2026,2026-08-22T23:15:00Z,Chicago Cubs,Seattle Mariners,0,1,0,0,0.54,0.6,0.56
0x7a0dd0cfed9ebd6fbcfb070b121139407b21714b7406ab4af9a90b211b434217,mlb-det-kc-2026-08-22,2026,2026-08-22T23:15:00Z,Detroit Tigers,Kansas City Royals,0,0,1,0,0.53,0.8,0.505
0xd83306ae67ddd1fadb0c1ccdd9809e4ae863cd3540a075666c55c49b502e2abd,mlb-pit-lad-2026-08-22,2026,2026-08-22T23:15:00Z,Pittsburgh Pirates,Los Angeles Dodgers,3,0,0,0,0.56,0.8,0.55
0x48d90396353d5b89eb1275f786fd7ab9231bb3c2864b97fc8668e34652bec0a0,mlb-sf-bos-2026-08-22,2026,2026-08-22T23:15:00Z,San Francisco Giants,Boston Red Sox,1,0,0,0,0.54,0.8,0.525
0x288d302bc3257c592cd35304f0ac96f3a53cd713206cbb0d75e644e31b760ddd,mlb-cin-ari-2026-08-22,2026,2026-08-23T00:10:00Z,Cincinnati Reds,Arizona Diamondbacks,1,0,0,0,0.505,0.8,0.56
0x5feebbc50e96cfc64590ec8283752f998dd6dd32e0813900fc9bb6d32e48dde9,mlb-cle-col-2026-08-22,2026,2026-08-23T00:10:00Z,Cleveland Guardians,Colorado Rockies,0,0,1,0,0.425,0.8,0.45
0x5a39c07f54a6c23596859eb5e6bf618959eb762222c2bb391eddf1679c69d6d3,mlb-min-sd-2026-08-22,2026,2026-08-23T00:40:00Z,Minnesota Twins,San Diego Padres,1,0,0,0,0.54,0.6,0.54
0xe7597098ac28a7cab2b986d887a004f2094079fafd01c70bda239780f2da3084,mlb-stl-phi-2026-08-23,2026,2026-08-23T17:35:00Z,St. Louis Cardinals,Philadelphia Phillies,1,0,0,0,0.565,0.8,0.545
0x768d47e595ba50db82da42efec41285e7b0d2777fe3585fb67b191efe3a46a1b,mlb-tb-bal-2026-08-23,2026,2026-08-23T17:35:00Z,Tampa Bay Rays,Baltimore Orioles,0,0,1,0,0.49,0.8,0.535
0xf1ef7a5135733f82eeaa87c6eccaa44882c98fa1ea629e51e2b64a03c22a1bee,mlb-tor-nyy-2026-08-23,2026,2026-08-23T17:35:00Z,Toronto Blue Jays,New York Yankees,0,0,1,0,0.545,0.8,0.57
0xadd62d9e38fa37441afa0454ecc2f52f3db911f4174165b5acc0793103e19417,mlb-wsh-mia-2026-08-23,2026,2026-08-23T17:40:00Z,Washington Nationals,Miami Marlins,0,1,0,0,0.51,0.6,0.49
0x5c0530f72855a359b5517379d971cf8410bd1b3c3e6752be007d48b462966888,mlb-det-kc-2026-08-23,2026,2026-08-23T18:10:00Z,Detroit Tigers,Kansas City Royals,1,0,0,0,0.51,0.8,0.56
0xed51565556fd292d7ee62b58ba2e70a047a4ea9ffe4cbc077b46e8ac6c1901db,mlb-nym-cws-2026-08-23,2026,2026-08-23T18:10:00Z,New York Mets,Chicago White Sox,0,0,1,0,0.565,0.8,0.54
0x0fc6736af5717dbc4c27e0b08ba813aee7bbf122d3c4be7544cbd336ee6d6dc6,mlb-oak-hou-2026-08-23,2026,2026-08-23T18:10:00Z,Athletics,Houston Astros,0,3,0,0,0.485,0.8,0.515
0x4eaaa01f69d500a33075452fdbe30791af44d46b8cfcfa9ddadc29056f4f532a,mlb-laa-tex-2026-08-23,2026,2026-08-23T18:35:00Z,Los Angeles Angels,Texas Rangers,0,0,1,0,0.515,0.8,0.54
0x53632fc6842c1dae5c7e82f12d8821c8a96f6de6d99bf226162d1750c22cae75,mlb-cle-col-2026-08-23,2026,2026-08-23T19:10:00Z,Cleveland Guardians,Colorado Rockies,3,0,0,0,0.445,0.6,0.48
0xf425e22434850c3e644735f3eb0a3ba14fd8f9861c3875623fea505680defdae,mlb-sf-bos-2026-08-23,2026,2026-08-23T19:15:00Z,San Francisco Giants,Boston Red Sox,2,0,0,0,0.535,0.8,0.545
0xe851da8124d739aac6e36e92c36527c5f1a6d970663057d68d131a3dae6e8b8f,mlb-chc-sea-2026-08-23,2026,2026-08-23T20:10:00Z,Chicago Cubs,Seattle Mariners,0,1,0,0,0.565,0.8,0.535
0x57d936b21fb45ca9f5281f4c87cf7062aa788472befecddb1696052a59c81f62,mlb-min-sd-2026-08-23,2026,2026-08-23T20:10:00Z,Minnesota Twins,San Diego Padres,0,0,1,0,0.485,0.8,0.48
0x884617c0c942ea4db9d2d6b075be3c6eaee180a5afc8ed47238d066412737f2e,mlb-pit-lad-2026-08-23,2026,2026-08-23T20:10:00Z,Pittsburgh Pirates,Los Angeles Dodgers,0,1,0,0,0.515,0.8,0.555
0x78344b48f21cd51f0e03669b7c39011f9466fb6c0305f4a6cdc46391d19a7d33,mlb-cin-ari-2026-08-23,2026,2026-08-23T20:15:00Z,Cincinnati Reds,Arizona Diamondbacks,0,0,1,0,0.485,0.8,0.505
0x70aea1120ed5940ebd952af7977d85e7962292fe8b9b78d12236ae4e75269815,mlb-atl-mil-2026-08-23,2026,2026-08-23T23:10:00Z,Atlanta Braves,Milwaukee Brewers,0,0,1,0,0.545,0.8,0.555
0xf8094f6dc42f7b12e7f10868ebe2f1f49ea18a0bf49b90c4271e992f3b64f5b5,mlb-bos-mia-2026-08-24,2026,2026-08-24T22:40:00Z,Boston Red Sox,Miami Marlins,0,0,1,0,0.61,0.6,0.565
0xdcdb6b0155fe44811bcb1420bd83c43656402a662c8ecb406e8cd6d869a6f47e,mlb-tb-det-2026-08-24,2026,2026-08-24T22:40:00Z,Tampa Bay Rays,Detroit Tigers,2,0,0,0,0.575,0.8,0.555
0x4bf92ff2a0faf0845bb2d327556cd4f59aad1428ff7cf12021c42699b017a122,mlb-col-wsh-2026-08-24,2026,2026-08-24T22:45:00Z,Colorado Rockies,Washington Nationals,0,0,1,0,0.51,0.7,0.52
0x1299f939ac71f2b60b586544b6f858f4ad33e7a153cd20ae78ab7b86a78da2cb,mlb-tex-cws-2026-08-24,2026,2026-08-24T23:40:00Z,Texas Rangers,Chicago White Sox,2,0,0,0,0.49,0.8,0.555
0xdfc2a11688a7a48b1f77404e0474db8a35d84d97e1dbf35294a23e6322390c3e,mlb-cle-laa-2026-08-24,2026,2026-08-25T01:38:00Z,Cleveland Guardians,Los Angeles Angels,0,0,1,0,0.555,0.8,0.545
0xa59dbd991ffecb23a29b2d8a183b8a88e0e92c10eb50c24fd04ea102f613fbe7,mlb-chc-ari-2026-08-24,2026,2026-08-25T01:40:00Z,Chicago Cubs,Arizona Diamondbacks,0,0,1,0,0.475,0.8,0.5
0xbec0a833781f52af05be107d2688e196260ffb016236d6fe136afd69a6b6a93b,mlb-min-oak-2026-08-24,2026,2026-08-25T01:40:00Z,Minnesota Twins,Athletics,1,0,0,0,0.415,0.8,0.455
0xb479869e6ad45e6c87c5c6a849baba6d7c24f83c64ef44cf49cb63a3c61e368f,mlb-phi-sea-2026-08-24,2026,2026-08-25T01:40:00Z,Philadelphia Phillies,Seattle Mariners,1,5,0,0,0.615,0.8,0.61
0x8c1cadb4ace87a5f5d0dc50b97adb9820b70a5bf82a58470957302e1f3622b60,mlb-pit-sd-2026-08-24,2026,2026-08-25T01:40:00Z,Pittsburgh Pirates,San Diego Padres,0,0,1,0,0.565,0.8,0.57
0xa5b40e3dc4b988706360c49aad8aa35c5c4b4be8f6b350a8d841a1cff22bebc7,mlb-cin-sf-2026-08-24,2026,2026-08-25T01:45:00Z,Cincinnati Reds,San Francisco Giants,0,2,0,0,0.57,0.7,0.555
0x1991acaaba1f9941eecd58ef2ca5032146bdcf61ec07a0d24518fa1f71d73246,mlb-bos-mia-2026-08-25,2026,2026-08-25T22:40:00Z,Boston Red Sox,Miami Marlins,0,0,1,0,0.565,0.6,0.59
0x346e762a36fbb8178d7f0748de50ad2e8acb31f163ec7ffcf6d7b3c03cda29ca,mlb-tb-det-2026-08-25,2026,2026-08-25T22:40:00Z,Tampa Bay Rays,Detroit Tigers,0,0,1,0,0.54,0.6,0.525
0x18551e295dd49ba81e5c0ec4f8408eb7199d461e2a19d447e60290b087caf52a,mlb-col-wsh-2026-08-25,2026,2026-08-25T22:45:00Z,Colorado Rockies,Washington Nationals,0,0,1,0,0.515,0.8,0.525
0xea9a037ae4e03ba957da405b30e7502d47de8d2f2e2cdead0798b65bb20d99a3,mlb-hou-nyy-2026-08-25,2026,2026-08-25T23:05:00Z,Houston Astros,New York Yankees,0,0,1,0,0.465,0.8,0.475
0x425b43b6186af326aa4cdf7a092baa6ada6807518215b700bb054d4ce5414f15,mlb-kc-tor-2026-08-25,2026,2026-08-25T23:07:00Z,Kansas City Royals,Toronto Blue Jays,1,1,0,0,0.5,0.8,0.505
0xdbb573f6b0f410b8d89ea530e07a3cd84b01e84ada7a9a80edca7ee1a4018daa,mlb-mil-nym-2026-08-25,2026,2026-08-25T23:10:00Z,Milwaukee Brewers,New York Mets,0,0,1,0,0.565,0.8,0.52
0x8692f26f4554b259aa9b9b42fdc03788970de801a4ab92004152d5aa21de6eef,mlb-lad-atl-2026-08-25,2026,2026-08-25T23:15:00Z,Los Angeles Dodgers,Atlanta Braves,0,3,0,0,0.485,0.8,0.53
0xb0d7417803122fc29787096fe1164e7fd7ec2d694fb455072b6ed89e1d5b004a,mlb-tex-cws-2026-08-25,2026,2026-08-25T23:40:00Z,Texas Rangers,Chicago White Sox,0,6,0,0,0.565,0.8,0.525
0x8e4bc957791b2bd6fd8a73fcdd9e53a299069ebf9342d05edad968b9341cdb62,mlb-bal-stl-2026-08-25,2026,2026-08-25T23:45:00Z,Baltimore Orioles,St. Louis Cardinals,0,0,1,0,0.505,0.8,0.465
0x6940afbed33cf54bae9e2f81048481790c8e128bac1b0d8d8ab57627fb714efb,mlb-cle-laa-2026-08-25,2026,2026-08-26T01:38:00Z,Cleveland Guardians,Los Angeles Angels,0,2,0,0,0.605,0.8,0.555
0xcd554689c5d17d6e3dfefcd7329a1308524a4b95030262ce2da19d3fd1c2575b,mlb-chc-ari-2026-08-25,2026,2026-08-26T01:40:00Z,Chicago Cubs,Arizona Diamondbacks,0,0,1,0,0.515,0.8,0.525
0xbdadcaa569f7092a0e807908b9b6358f42026152ee5760a97d7176960b7ffad6,mlb-min-oak-2026-08-25,2026,2026-08-26T01:40:00Z,Minnesota Twins,Athletics,0,0,1,0,0.465,0.8,0.49
0xea8a71437b4fae257f352995f4f87ac4d667583452de81cf6d203f1c78896502,mlb-phi-sea-2026-08-25,2026,2026-08-26T01:40:00Z,Philadelphia Phillies,Seattle Mariners,0,0,1,0,0.505,0.8,0.52
0x281f2908f84501bfd74dede4870f33f9e7b2133ab31f86c05f20ad3e58aba8c9,mlb-pit-sd-2026-08-25,2026,2026-08-26T01:40:00Z,Pittsburgh Pirates,San Diego Padres,0,0,1,0,0.595,0.8,0.575
0x084c0dae2d6f1cfa70cfb8ff9b367497a9bd847fc70e166f7b2dede50f7444db,mlb-cin-sf-2026-08-25,2026,2026-08-26T01:45:00Z,Cincinnati Reds,San Francisco Giants,0,2,0,0,0.505,0.8,0.515
0x9af9160cc073a4c605654eabc935872268488c20a5008b8c4fe722eed9be9005,mlb-tb-det-2026-08-26,2026,2026-08-26T17:10:00Z,Tampa Bay Rays,Detroit Tigers,0,0,1,0,0.565,0.8,0.57
0x52b24b21324aa8a56d9e2ddf2893713b57ba41e572bd787ed091a86d4378ecac,mlb-chc-ari-2026-08-26,2026,2026-08-26T19:40:00Z,Chicago Cubs,Arizona Diamondbacks,0,0,1,0,0.55,0.8,0.515
0xc245d657bf46e95f1a54a4157345f00459546f3ee61d9fdb138193e59d8b1a9c,mlb-cin-sf-2026-08-26,2026,2026-08-26T19:45:00Z,Cincinnati Reds,San Francisco Giants,0,0,1,0,0.575,0.8,0.555
0x96c47e8d7eca99432be8bc37f7bf2c9f639ea1d7f985d251bd98f30c2b2e7fa6,mlb-cle-laa-2026-08-26,2026,2026-08-26T20:07:00Z,Cleveland Guardians,Los Angeles Angels,0,1,0,0,0.505,0.8,0.525
0x525717e667797ebef21644fd8ebf6b1e624c0575b0e85c2119c86ffc3e570231,mlb-phi-sea-2026-08-26,2026,2026-08-26T20:10:00Z,Philadelphia Phillies,Seattle Mariners,2,0,0,0,0.605,0.8,0.555
0x7623a5a552a0281444b407ac41b0a122855f3fa0d244159a7c01cce3c7506a5b,mlb-pit-sd-2026-08-26,2026,2026-08-26T20:10:00Z,Pittsburgh Pirates,San Diego Padres,0,0,1,0,0.495,0.8,0.52
0x46361f8af9e2a3182c49739962af458171743c3d039964895c173f8fcc82be31,mlb-bos-mia-2026-08-26,2026,2026-08-26T22:40:00Z,Boston Red Sox,Miami Marlins,0,1,0,0,0.575,0.6,0.545
0xaf444ffe6632f271f15ea01179955de4bcf8b603fb346be4278813740c102bf1,mlb-col-wsh-2026-08-26,2026,2026-08-26T22:45:00Z,Colorado Rockies,Washington Nationals,0,0,1,0,0.46,0.8,0.53
0x77ffc61e11da29c8d28271af1ea057db6c593aca6938ff62bba768faf07ca665,mlb-hou-nyy-2026-08-26,2026,2026-08-26T23:05:00Z,Houston Astros,New York Yankees,1,2,0,0,0.48,0.7,0.555
0xe0e9e68bd263a6afc9f0f463424388b0f9169b921bef4bbc6dd210db43e389d9,mlb-kc-tor-2026-08-26,2026,2026-08-26T23:07:00Z,Kansas City Royals,Toronto Blue Jays,0,0,1,0,0.545,0.8,0.545
0x1335113e62954d88dee5bb3d3d6d443f45f6b667819b31f192ebbca719d8740d,mlb-mil-nym-2026-08-26,2026,2026-08-26T23:10:00Z,Milwaukee Brewers,New York Mets,0,0,1,0,0.525,0.5,0.505
0x9298a51bc98d82166c1c81eb61ffd63b2528f967ebb7f8b288e076380de5668c,mlb-lad-atl-2026-08-26,2026,2026-08-26T23:15:00Z,Los Angeles Dodgers,Atlanta Braves,0,1,0,0,0.475,0.8,0.505
0x2e1f54a68aa888ddf683499369775c806362ed6056618efdfc974f8cfc09c91f,mlb-tex-cws-2026-08-26,2026,2026-08-26T23:40:00Z,Texas Rangers,Chicago White Sox,0,0,1,0,0.53,0.8,0.53
0xe090f7e3ea5f148f993e530806ee2b0971732d65400d276cc474b6f8f91cd8b0,mlb-bal-stl-2026-08-26,2026,2026-08-26T23:45:00Z,Baltimore Orioles,St. Louis Cardinals,5,0,0,0,0.535,0.8,0.535
0xcf8439a835895ce8d035a9b7c6846b442e18b9ff6da43458980973f8581aeedb,mlb-min-oak-2026-08-26,2026,2026-08-27T01:05:00Z,Minnesota Twins,Athletics,1,0,0,0,0.465,0.8,0.465
0x4028c5795213ea95ab8a8e99af2df137d1b083d6b1b801b628540f6139945619,mlb-col-wsh-2026-08-27,2026,2026-08-27T17:05:00Z,Colorado Rockies,Washington Nationals,0,2,0,0,0.455,0.8,0.455
0x5259479df17d77d87fe26d754fb48b6b4114c11349643f201c8ebdb1d9db0c98,mlb-bal-stl-2026-08-27,2026,2026-08-27T18:15:00Z,Baltimore Orioles,St. Louis Cardinals,0,0,1,0,0.525,0.8,0.535
0x914de43bd8ba3811b1de4b4f843da0841d06df4779fcf6a4e06c05678c36eb6a,mlb-hou-nyy-2026-08-27,2026,2026-08-27T23:05:00Z,Houston Astros,New York Yankees,0,0,1,0,0.505,0.8,0.53
0xe86a59855102cacd4676a7cb47913a612272112e23b9a8a013931e5d42ae1fd7,mlb-kc-tor-2026-08-27,2026,2026-08-27T23:07:00Z,Kansas City Royals,Toronto Blue Jays,2,0,0,0,0.525,0.8,0.515
0x158ddd89d12934f5e705f977f3e40d1d68de0a63c28ffc1652d66047647294d8,mlb-mil-nym-2026-08-27,2026,2026-08-27T23:10:00Z,Milwaukee Brewers,New York Mets,2,0,0,0,0.605,0.6,0.565
0xe9a1be88261273974c2895ed909c273730d00d083c8e0f8e1ae165a3465870fd,mlb-lad-atl-2026-08-27,2026,2026-08-27T23:15:00Z,Los Angeles Dodgers,Atlanta Braves,0,1,0,0,0.605,0.8,0.605
0xd5e0521a3f01e1dff7e799ee20ecd0d67bce49252ddc11d37e774b5fa167f834,mlb-ari-sf-2026-08-27,2026,2026-08-28T01:45:00Z,Arizona Diamondbacks,San Francisco Giants,0,1,0,0,0.505,0.8,0.52
0xabf1824a63eb2bba3a7955044baf231369ce910fcfd99d345445e16669caa8f7,mlb-cin-chc-2026-08-28,2026,2026-08-28T18:20:00Z,Cincinnati Reds,Chicago Cubs,0,1,0,0,0.485,0.8,0.48
0x570e8f01f55df038f2b67dee4e9f5bc5857f5aa440b8fcc2edf5f70a47e1c798,mlb-lad-det-2026-08-28,2026,2026-08-28T22:40:00Z,Los Angeles Dodgers,Detroit Tigers,0,0,1,0,0.575,0.8,0.545
0x10472a5321b7fd7c641887aea294d56588b0402b72f65f686cae093d02c5b5df,mlb-mia-wsh-2026-08-28,2026,2026-08-28T22:45:00Z,Miami Marlins,Washington Nationals,0,0,1,0,0.52,0.8,0.535
0xcd60002726db6dc76709e5c7350eff882973b68dd85480cb4133c618b4156b84,mlb-hou-nym-2026-08-28,2026,2026-08-28T23:10:00Z,Houston Astros,New York Mets,0,0,1,0,0.53,0.8,0.55
0x0a6afb919c8b32c53a0054de68dd80dd7bc9efed13c2636a6c5c34b0a4feb40c,mlb-kc-cle-2026-08-28,2026,2026-08-28T23:10:00Z,Kansas City Royals,Cleveland Guardians,0,0,1,0,0.54,0.8,0.55
0xb4897ed22a574adbb3c59ce85f37e59d03e838bb82a4a790c4739dabe6f41535,mlb-sd-tb-2026-08-28,2026,2026-08-28T23:10:00Z,San Diego Padres,Tampa Bay Rays,0,0,1,0,0.535,0.8,0.51
0xa52a99d7cbafd7f7e0c31e321525f44a90d0ed81225c415b31e5c2cbc1d33757,mlb-bos-nyy-2026-08-28,2026,2026-08-28T23:15:00Z,Boston Red Sox,New York Yankees,0,0,1,0,0.565,0.8,0.555
0x339d9140f83eaa6d373e06f2e77f47c0c61bdfb312d53b35e51b05b96936764a,mlb-col-atl-2026-08-28,2026,2026-08-28T23:15:00Z,Colorado Rockies,Atlanta Braves,0,0,1,0,0.455,0.8,0.48
0x1bac7870472a77878076c4bff6fe5a8ae9cb5f0d0e32ff4738ab1c16b29dd1fe,mlb-sea-tor-2026-08-28,2026,2026-08-28T23:15:00Z,Seattle Mariners,Toronto Blue Jays,1,3,0,0,0.595,0.7,0.575
0x37c424321db38dedfd98b78c670a55b7fc305d569490b1e58cd795625d2ad7bc,mlb-tex-mil-2026-08-28,2026,2026-08-28T23:40:00Z,Texas Rangers,Milwaukee Brewers,0,2,0,0,0.53,0.8,0.555
0x2c942fef534cf7d2afdb6d100286ab88d80f6ea8da43b2eebcc03f225efae510,mlb-cws-min-2026-08-28,2026,2026-08-29T00:10:00Z,Chicago White Sox,Minnesota Twins,4,3,0,0,0.49,0.8,0.49
0xa969143b3d629328711d3b3b142bd60c695a916fcb61e798e8fde980da9bcbc2,mlb-pit-stl-2026-08-28,2026,2026-08-29T00:15:00Z,Pittsburgh Pirates,St. Louis Cardinals,0,0,1,0,0.545,0.8,0.555
0x2228eff696ae6c1303bc693d729aea7aae72c9ae6853f61915b1b183a81e2064,mlb-phi-laa-2026-08-28,2026,2026-08-29T01:38:00Z,Philadelphia Phillies,Los Angeles Angels,0,3,0,0,0.53,0.8,0.485
0x0179997c2c6d7ea5f4b812f29f6ad8271c2a17d777810ebc7b4ea388ac8e25bc,mlb-bal-oak-2026-08-28,2026,2026-08-29T01:40:00Z,Baltimore Orioles,Athletics,0,0,1,0,0.48,0.8,0.465
0x17ac4b9ecca2f5b82e9faffd7d79f46bc0cae2fa34764be298d108d9a5807c9f,mlb-ari-sf-2026-08-28,2026,2026-08-29T02:15:00Z,Arizona Diamondbacks,San Francisco Giants,1,1,0,0,0.5,0.8,0.505
0x1ae4f3088cffa2ebef82736ece106b12c91b554ff97cf3e5c21ae1aa0869f4a9,mlb-bos-nyy-2026-06-06,2026,2026-08-29T17:05:00Z,Boston Red Sox,New York Yankees,1,0,0,0,0.555,0.9,0.445
0x35ef7e6d3dc36bb0b387dfbed79645610c9ca02911073ef4ac1d8a3f993a4698,mlb-lad-det-2026-08-29,2026,2026-08-29T17:10:00Z,Los Angeles Dodgers,Detroit Tigers,0,0,1,0,0.565,0.8,0.555
0xd4c97f192126bdd5a64c7e2b731ff35ea60f6993ef2c5237ff150788ca9bde23,mlb-cws-min-2026-08-29,2026,2026-08-29T18:10:00Z,Chicago White Sox,Minnesota Twins,1,1,0,0,0.465,0.8,0.45
0x4f7608829cefd08d3c083a11cc30f1ff75a357b718d58b879d08a0f054120688,mlb-pit-stl-2026-08-29,2026,2026-08-29T18:15:00Z,Pittsburgh Pirates,St. Louis Cardinals,1,0,0,0,0.515,0.8,0.51
0x56aca301549d3a2c73ec87563a2701707e4b19ce821d96d21bca2b3347e0fe76,mlb-cin-chc-2026-08-29,2026,2026-08-29T18:20:00Z,Cincinnati Reds,Chicago Cubs,0,3,0,0,0.475,0.8,0.47
0xa0ddd6847bd43a2016a54806390b284ea7d2b62db644b2cb44cb7c8fa7234ac8,mlb-sea-tor-2026-08-29,2026,2026-08-29T19:07:00Z,Seattle Mariners,Toronto Blue Jays,0,0,1,0,0.555,0.7,0.595
0xda139fc9852125bbcb09f15a92eb7f81cce0a68e4440747d49d28907d309f1c4,mlb-mia-wsh-2026-08-29,2026,2026-08-29T20:05:00Z,Miami Marlins,Washington Nationals,0,0,1,0,0.565,0.8,0.51
0x8854694e3c43c0e00704f1e2038c70d5cb34446b7eea23869d5e25d5b6918276,mlb-col-atl-2026-08-29,2026,2026-08-29T20:10:00Z,Colorado Rockies,Atlanta Braves,0,0,1,0,0.475,0.8,0.455
0x06c66a356bee0ff87960fe5d587ae7e20bcfd84001982e49a3605646c7b3417b,mlb-hou-nym-2026-08-29,2026,2026-08-29T20:10:00Z,Houston Astros,New York Mets,1,1,0,0,0.51,0.8,0.53
0x0738ddda286eed3a992beb5948bccac5cbdf49c63378d7a67d360377d584932c,mlb-kc-cle-2026-08-29,2026,2026-08-29T20:10:00Z,Kansas City Royals,Cleveland Guardians,0,0,1,0,0.535,0.8,0.55
0xa548ed557bdcd6adfce5068e675060166909aefa04efab235f88f1ea21b3d49b,mlb-sd-tb-2026-08-29,2026,2026-08-29T20:10:00Z,San Diego Padres,Tampa Bay Rays,0,1,0,0,0.525,0.8,0.56
0x373f436156d6c576450f7fa4ccfb900f1654488f074ca16e630490f292cd71e5,mlb-bos-nyy-2026-08-29,2026,2026-08-29T23:15:00Z,Boston Red Sox,New York Yankees,0,0,1,0,0.555,0.6,0.5
0xf2f870bb5239e5402ffba17ab3975a5626120d4fa50f63d9af7daf27564efd57,mlb-tex-mil-2026-08-29,2026,2026-08-29T23:15:00Z,Texas Rangers,Milwaukee Brewers,0,2,0,0,0.525,0.6,0.525
0x0f742116c1f3c4b6b5fd9022b2fd78270b558f2f1c25440268f4f49d8935c7e8,mlb-ari-sf-2026-08-29,2026,2026-08-30T02:05:00Z,Arizona Diamondbacks,San Francisco Giants,0,1,0,0,0.525,0.8,0.505
0x4c9ebd0d6a409a0dff8996c810f296ec80b0404e608a82b5a54b8b55cabb3847,mlb-bal-oak-2026-08-29,2026,2026-08-30T02:05:00Z,Baltimore Orioles,Athletics,0,0,1,0,0.455,0.8,0.49
0x40b5bcb49ba43c285fef2d72c86c957ee5207692beb375baa7453f4449e88818,mlb-phi-laa-2026-08-29,2026,2026-08-30T02:07:00Z,Philadelphia Phillies,Los Angeles Angels,0,0,1,0,0.515,0.8,0.525
0x8fd8654f5a57c671d5c4a311fdaca6bf1a70b35735d82c3b0b6f5d16ba69998c,mlb-mia-wsh-2026-08-30,2026,2026-08-30T16:15:00Z,Miami Marlins,Washington Nationals,0,0,1,0,0.495,0.8,0.58
0x6a572e1c4ca0a87d717503ae03ea93965dcdc4d3b5b3c25fbebbbc3d88244af8,mlb-bos-nyy-2026-08-30,2026,2026-08-30T17:35:00Z,Boston Red Sox,New York Yankees,0,0,1,0,0.53,0.8,0.52
0xc8a9434c741f5f951107b2e104170dae655875be16d28ef6e30c26a33258f0a6,mlb-col-atl-2026-08-30,2026,2026-08-30T17:35:00Z,Colorado Rockies,Atlanta Braves,0,0,1,0,0.505,0.7,0.48
0xb6ce74158a99ab204eee5287fdf5694b1bbf45979ca5b3aae4a6d789062d0656,mlb-sea-tor-2026-08-30,2026,2026-08-30T17:37:00Z,Seattle Mariners,Toronto Blue Jays,0,2,0,0,0.525,0.8,0.5
0x581767a434fb681e8a9bd6a0e664cd9d0395b35bc830594223b3e258ef23fe46,mlb-kc-cle-2026-08-30,2026,2026-08-30T17:40:00Z,Kansas City Royals,Cleveland Guardians,1,3,0,0,0.545,0.8,0.54
0x8cd8404bbf4220b5233e6464f30b82765bb061dfb427b0620180f5d11353bfb1,mlb-lad-det-2026-08-30,2026,2026-08-30T17:40:00Z,Los Angeles Dodgers,Detroit Tigers,0,0,1,0,0.55,0.8,0.555
0x525d805e8b799d6cbfc0257d92874087edf44a83a70f464b5b5e1acb3b700dfc,mlb-sd-tb-2026-08-30,2026,2026-08-30T17:40:00Z,San Diego Padres,Tampa Bay Rays,0,0,1,0,0.555,0.8,0.57
0x568436acf2f7f5be92906d6fe72601e749f6d1b678a877d7e628ed8c5b9c35c7,mlb-cws-min-2026-08-30,2026,2026-08-30T18:10:00Z,Chicago White Sox,Minnesota Twins,0,3,0,0,0.485,0.8,0.5
0x6318e8f88614b91aa89b54a85c2c04f6afc01734a4c61c947a23f171b3071671,mlb-tex-mil-2026-08-30,2026,2026-08-30T18:10:00Z,Texas Rangers,Milwaukee Brewers,0,2,0,0,0.49,0.8,0.485
0xadaff9c151bf8092e6f72a71961d861dacff788564c5239d31953a9da2ae0d38,mlb-pit-stl-2026-08-30,2026,2026-08-30T18:15:00Z,Pittsburgh Pirates,St. Louis Cardinals,0,0,1,0,0.545,0.8,0.54
0xe951cc955a4c18ca592af7903776b6a04d7b19ac83a6f19942c54f8f781e4e89,mlb-hou-nym-2026-08-30,2026,2026-08-30T19:10:00Z,Houston Astros,New York Mets,1,2,0,0,0.47,0.8,0.535
0x8f8b863f3f5aa1bc4b4da9e85212340ed1e277283eaada9f55be4e7db01d6d05,mlb-bal-oak-2026-08-30,2026,2026-08-30T20:05:00Z,Baltimore Orioles,Athletics,1,2,0,0,0.44,0.8,0.54
0xd1a4a7e120dde11b7b623d9894550cb5dd571fe97a572777db96c1f3a1753aa0,mlb-phi-laa-2026-08-30,2026,2026-08-30T20:07:00Z,Philadelphia Phillies,Los Angeles Angels,0,1,0,0,0.525,0.7,0.525
0xb520039039811bfb862cc75bf15c989dd964e5b586f30da66d5ffefa97502e34,mlb-cin-chc-2026-08-30,2026,2026-08-30T23:20:00Z,Cincinnati Reds,Chicago Cubs,0,1,0,0,0.51,0.8,0.49
0x8b45b8192a332be8cc1782c97d306b6128bee38a462413dd443c308132008438,mlb-sf-atl-2026-06-18,2026,2026-08-31T22:05:00Z,San Francisco Giants,Atlanta Braves,1,1,0,0,0.475,0.8,0.495
0x7c4125594d678a73cd287777fb31e491c50daf19b4a7a194c4ed07c83c049f1b,mlb-nym-tb-2026-08-31,2026,2026-08-31T22:40:00Z,New York Mets,Tampa Bay Rays,0,0,1,0,0.505,0.7,0.51
0xa9c304c0b5430451118b63387788e187be3bc5aaa760de8d2712ee54a7c81287,mlb-sd-cin-2026-08-31,2026,2026-08-31T22:40:00Z,San Diego Padres,Cincinnati Reds,0,0,1,0,0.505,0.7,0.51
0x652faaf7dcc93303ca680c3419188068a8528b4f2bc1ee48984d8b3af593a9da,mlb-mia-wsh-2026-08-31,2026,2026-08-31T22:45:00Z,Miami Marlins,Washington Nationals,0,0,1,0,0.515,0.8,0.495
0x8915449430022265d504e7800481c685eb59614e45cfdbf508e86bc0390d21c7,mlb-sea-bos-2026-08-31,2026,2026-08-31T22:45:00Z,Seattle Mariners,Boston Red Sox,1,1,0,0,0.575,0.8,0.545
0x5ea5d98fd944e050c421efa53e131ffe38f2dd89e7fa0f540a7db8943cc8ce7f,mlb-det-min-2026-08-31,2026,2026-08-31T23:40:00Z,Detroit Tigers,Minnesota Twins,0,1,0,0,0.51,0.8,0.51
0xaf06ae6c8c976ec569a0324b741adf99c0cc8af6a406334dab5cce6610e5d86a,mlb-mil-chc-2026-08-31,2026,2026-08-31T23:40:00Z,Milwaukee Brewers,Chicago Cubs,0,4,0,0,0.485,0.8,0.485
0x3448aa8d5a0a9b6d2b107a27426aefcee75622b60b3d836b406ebb634c14da13,mlb-oak-tex-2026-08-31,2026,2026-09-01T00:05:00Z,Athletics,Texas Rangers,0,0,1,0,0.555,0.8,0.54
0x9cfc39eb8559d7e99f6acb7dcf73f3770d886735024cd838afeb4a4827d062fb,mlb-cws-hou-2026-08-31,2026,2026-09-01T00:10:00Z,Chicago White Sox,Houston Astros,0,0,1,0,0.495,0.8,0.505
0xca7a4cdef5e67cefaa2365819684bd69e87099e93ca26eee2b2734b41dd8333c,mlb-nyy-laa-2026-08-31,2026,2026-09-01T01:38:00Z,New York Yankees,Los Angeles Angels,0,0,1,0,0.525,0.8,0.515
0xb675279e244d2c24caf6a31553eb08077a1ee60df523fd59abbe750581fd8196,mlb-phi-ari-2026-08-31,2026,2026-09-01T01:40:00Z,Philadelphia Phillies,Arizona Diamondbacks,0,0,1,0,0.525,0.8,0.525
0xbae35313db9653905594d12e02431a7e9f720e96ab065c22bc0e54edf9a9346b,mlb-nym-tb-2026-09-01,2026,2026-09-01T22:40:00Z,New York Mets,Tampa Bay Rays,1,1,0,0,0.505,0.8,0.5
0x7fe8b894481a0a056f606625e192d1e619531f119b05c1b442a9f1dedf054f79,mlb-sd-cin-2026-09-01,2026,2026-09-01T22:40:00Z,San Diego Padres,Cincinnati Reds,1,1,0,0,0.465,0.8,0.47
0x65d2fb7268b0a8679d01a60aea5b4c5e36ef543a47d7a798c3a29bf41a16ce66,mlb-sf-pit-2026-09-01,2026,2026-09-01T22:40:00Z,San Francisco Giants,Pittsburgh Pirates,0,2,0,0,0.575,0.8,0.56
0x1ad3b4a947f8421dcb90394ed4eed1f62500c2142fc83aa7b965c1b1a98d8b1b,mlb-tor-cle-2026-09-01,2026,2026-09-01T22:40:00Z,Toronto Blue Jays,Cleveland Guardians,0,0,1,0,0.555,0.8,0.52
0xe770d837d350787722399efd8078a3810b72209432b4698a82b188e2cea26313,mlb-atl-wsh-2026-09-01,2026,2026-09-01T22:45:00Z,Atlanta Braves,Washington Nationals,0,0,1,0,0.425,1.8,0.455
0x59f77853f49c40dc18200293224aa270ad30b1fa7d7222c98bc04f26bea9a285,mlb-sea-bos-2026-09-01,2026,2026-09-01T22:45:00Z,Seattle Mariners,Boston Red Sox,1,1,0,0,0.555,1.8,0.595
0x9e12f39e22f7e20dff87de16629822dcdc452670c0b686680e0199850955ed01,mlb-det-min-2026-09-01,2026,2026-09-01T23:40:00Z,Detroit Tigers,Minnesota Twins,1,1,0,0,0.51,0.8,0.505
0x2462017d8117a4d8e3d08ef7236ecdeab68204e3aa7ee605f0afd8015f003cbe,mlb-mia-kc-2026-09-01,2026,2026-09-01T23:40:00Z,Miami Marlins,Kansas City Royals,0,0,1,0,0.445,0.8,0.445
0xeaabcd4b66abf7deb390296ce565e6d73cdc86b03af8231e9263721a9c81398e,mlb-mil-chc-2026-09-01,2026,2026-09-01T23:40:00Z,Milwaukee Brewers,Chicago Cubs,0,0,1,0,0.445,0.8,0.47
0xbd748fd387f7acfd816f99c458cdb4e67a37d66b0e3a840e6a01eeb96d9e968b,mlb-oak-tex-2026-09-01,2026,2026-09-02T00:05:00Z,Athletics,Texas Rangers,0,1,0,0,0.535,0.6,0.525
0x9397785805e751344189292416f1945b25e5be7148c29f3e3636a73515f4cb5b,mlb-cws-hou-2026-09-01,2026,2026-09-02T00:10:00Z,Chicago White Sox,Houston Astros,0,0,1,0,0.485,0.8,0.495
0x727acb15d627ef2f71c5539f2615583deae9ce6752dcae4ed1c4b652e5f001eb,mlb-bal-col-2026-09-01,2026,2026-09-02T00:40:00Z,Baltimore Orioles,Colorado Rockies,0,0,1,0,0.425,0.8,0.465
0x89a48023f9d7807145c4534e233ef8c74c39fc228dfc7fc41c31d792ae26f37e,mlb-nyy-laa-2026-09-01,2026,2026-09-02T01:38:00Z,New York Yankees,Los Angeles Angels,3,0,0,0,0.555,0.8,0.535
0x8e61d241a4e8dbab9ce6e613719c10b2d15b00c309b57f0acd0c9925703a904c,mlb-phi-ari-2026-09-01,2026,2026-09-02T01:40:00Z,Philadelphia Phillies,Arizona Diamondbacks,2,0,0,0,0.555,0.8,0.545
0x3b0b5198b4a662fce3244da2aaabd75fa0be50bf5a6e3ec198a9f24990488b03,mlb-stl-lad-2026-09-01,2026,2026-09-02T02:10:00Z,St. Louis Cardinals,Los Angeles Dodgers,0,0,1,0,0.475,0.8,0.475
0x9e558de2eb35d3bf75fb5b50ac370cb35bab2831e87d910328831ec3a82f0f61,mlb-sd-cin-2026-09-02,2026,2026-09-02T16:40:00Z,San Diego Padres,Cincinnati Reds,2,0,0,0,0.475,0.8,0.51
0x2a2a8ada3057d64c7e82d4c461dd718e8747bbc0bda5fce1bc5cb7360c150e37,mlb-atl-wsh-2026-09-02,2026,2026-09-02T17:05:00Z,Atlanta Braves,Washington Nationals,0,0,1,0,0.475,0.8,0.48
0x65206d2fcb38f680bf31950d861530f3f87d6a243f958053bd9fddd0b5efbe21,mlb-oak-tex-2026-09-02,2026,2026-09-02T18:35:00Z,Athletics,Texas Rangers,0,1,0,0,0.555,0.8,0.545
0xc0b60755c2e7e52ba126d3b66301a6e444cd213b2ee1ad67e580666b20c89619,mlb-bal-col-2026-09-02,2026,2026-09-02T19:10:00Z,Baltimore Orioles,Colorado Rockies,0,0,1,0,0.43,0.8,0.47
0xdced346b3aa5b1b76d8599e84b36b6b460dccbc44b2c639edffcea8f7b1fe325,mlb-phi-ari-2026-09-02,2026,2026-09-02T19:40:00Z,Philadelphia Phillies,Arizona Diamondbacks,0,0,1,0,0.475,0.8,0.485
0x827300557a1848ef99a7ec5d9e9eff4d32e132410eaa991c62090a7e8eeeb169,mlb-sea-bos-2026-09-02,2026,2026-09-02T20:10:00Z,Seattle Mariners,Boston Red Sox,0,0,1,0,0.505,0.7,0.53
0x5e0213a5828120bb0cce114ffd70ed47ca1fcef9e07fc5ee474daa085310a406,mlb-nym-tb-2026-09-02,2026,2026-09-02T22:40:00Z,New York Mets,Tampa Bay Rays,3,0,0,0,0.495,0.6,0.535
0x0028499db53c6de7e69869c4fe9842999d9d0d6f1dbc84a37a705ffb724791ef,mlb-sf-pit-2026-09-02,2026,2026-09-02T22:40:00Z,San Francisco Giants,Pittsburgh Pirates,1,0,0,0,0.505,0.6,0.54
0xdf374d5e904f94a9c7712226f42f81768f0ed875b99fd2069fc6c8c498c13f98,mlb-tor-cle-2026-09-02,2026,2026-09-02T22:40:00Z,Toronto Blue Jays,Cleveland Guardians,1,0,0,0,0.585,0.6,0.555
0x46a1232e194cf55abb32aeb819ad6182800e5ff3514eb5e703fc1efff6e7645a,mlb-det-min-2026-09-02,2026,2026-09-02T23:40:00Z,Detroit Tigers,Minnesota Twins,0,0,1,0,0.51,0.8,0.515
0xfee2aa4c814e6931b22a724c72260926cac6505d1e3f0df53ec486fc517c7aa6,mlb-mia-kc-2026-09-02,2026,2026-09-02T23:40:00Z,Miami Marlins,Kansas City Royals,2,5,0,0,0.535,0.8,0.525
0x6ba887ed8f5c02a5043d454a127cf5fcc31c02b5bca83c8e43137abf2799cb8e,mlb-mil-chc-2026-09-02,2026,2026-09-02T23:40:00Z,Milwaukee Brewers,Chicago Cubs,2,2,0,0,0.535,0.8,0.525
0x15744ab6c7100993ead66281ab1734f3fb92bcdf50604dcb9099dc4c013d6eaf,mlb-cws-hou-2026-09-02,2026,2026-09-03T00:10:00Z,Chicago White Sox,Houston Astros,0,0,1,0,0.495,0.8,0.54
0x1dbdc0dba3d2c18d2e4a366182195b24a24b374df183f070459833b22ad55338,mlb-nyy-laa-2026-09-02,2026,2026-09-03T01:38:00Z,New York Yankees,Los Angeles Angels,0,0,1,0,0.615,0.8,0.67
0xb8c2068ddab5345a5e1ee442bac36eec94d0c4aee425212f8c70d60fa85d5d12,mlb-stl-lad-2026-09-02,2026,2026-09-03T02:10:00Z,St. Louis Cardinals,Los Angeles Dodgers,0,3,0,0,0.525,0.8,0.625
0x7ce3d303120c81f72018ed5d9cdeff0d390f96dbc66ad09d6b8ed1b3dc63086d,mlb-sf-pit-2026-09-03,2026,2026-09-03T16:35:00Z,San Francisco Giants,Pittsburgh Pirates,0,2,0,0,0.49,0.8,0.51
0x93f72344cc9dd98b6a7667d643c4efb2247a0ce9d157b803a8b664fda9030af4,mlb-tor-cle-2026-09-03,2026,2026-09-03T17:10:00Z,Toronto Blue Jays,Cleveland Guardians,0,0,1,0,0.555,0.8,0.56
0xb1eeafa634ec98d5b9424a0a40a93bbc5b0b0264b2ef94513695e6a8c514fdd4,mlb-cws-hou-2026-09-03,2026,2026-09-03T18:10:00Z,Chicago White Sox,Houston Astros,0,2,0,0,0.5,0.8,0.535
0x01368ff65eaaf0dd5bbc682a6c0781e9d2a524b6d23373b52e042b8a057ed915,mlb-bos-bal-2026-09-03,2026,2026-09-03T23:15:00Z,Boston Red Sox,Baltimore Orioles,1,1,0,0,0.535,0.6,0.545
0x454daed7ef985aa19c94ddbb22de13f0dfdf8ee55255f958c0a28a708d30c403,mlb-mil-chc-2026-09-03,2026,2026-09-03T23:15:00Z,Milwaukee Brewers,Chicago Cubs,0,0,1,0,0.52,0.6,0.55
0xb7d34b00a8c895f9b11afcd0c58bb2eecf7e788f53817b88023ae3bd0ef463e0,mlb-mia-kc-2026-09-03,2026,2026-09-03T23:40:00Z,Miami Marlins,Kansas City Royals,1,0,0,0,0.5,0.8,0.52
0xb36312518d269468323a5da5debb6031334196001675f3f3e32ef113c19e573e,mlb-tb-tex-2026-09-03,2026,2026-09-04T00:05:00Z,Tampa Bay Rays,Texas Rangers,0,0,1,0,0.535,0.8,0.525
0x87392b8c428317697cb22a24a57982557fe5606e303d6037d8e3ea25a0af9698,mlb-oak-sea-2026-09-03,2026,2026-09-04T01:40:00Z,Athletics,Seattle Mariners,1,3,0,0,0.545,0.8,0.525
0x28de0489d4b1ecdee268b85e4af5cdc883dfbf5ed72b202dd1807b7177510eaa,mlb-stl-lad-2026-09-03,2026,2026-09-04T02:10:00Z,St. Louis Cardinals,Los Angeles Dodgers,1,0,0,0,0.55,0.8,0.52
0x30c3b3f3a85a51e1583a5ab4254d70f7b3b84e5cfa1192f585d29cee11645516,mlb-det-cle-2026-06-14,2026,2026-09-04T18:10:00Z,Detroit Tigers,Cleveland Guardians,4,1,0,0,0.535,0.8,0.52
0xaa297ec1d39de0aa084b6056ce4696b4573d0b21b882b0400bfb73a7e411a5cf,mlb-mil-cin-2026-09-04,2026,2026-09-04T22:10:00Z,Milwaukee Brewers,Cincinnati Reds,0,1,0,0,0.465,0.8,0.495
0x5bf048992445d8ac8f5290c14331ee3dd0dd567cec9c3634362b806e412bfe09,mlb-atl-phi-2026-09-04,2026,2026-09-04T22:40:00Z,Atlanta Braves,Philadelphia Phillies,0,0,1,0,0.615,0.9,0.59
0xfbea718b8089ce5303c21647c10b7abe6a0c168c74cddc419485232044a78c1c,mlb-laa-pit-2026-09-04,2026,2026-09-04T22:45:00Z,Los Angeles Angels,Pittsburgh Pirates,0,0,1,0,0.495,0.8,0.475
0x887996789f376a45e2eee242cda6bbec3ba9622a8e894a7940d0fd26f81fac10,mlb-bos-bal-2026-09-04,2026,2026-09-04T23:05:00Z,Boston Red Sox,Baltimore Orioles,1,0,0,0,0.535,0.8,0.545
0x8083b8ad483f6482837baafbb4ea48dc66acef3a8df8d17d1a371b069c25dc0f,mlb-chc-mia-2026-09-04,2026,2026-09-04T23:10:00Z,Chicago Cubs,Miami Marlins,0,0,1,0,0.505,0.8,0.52
0x989467893c45b2c15411d24c428bc4fe2097532793cd681f90501cb2c5cf5af0,mlb-sf-nym-2026-09-04,2026,2026-09-04T23:10:00Z,San Francisco Giants,New York Mets,0,3,0,0,0.525,0.6,0.535
0x6459ac6d415d9eb8230452a97bfee5a5c1363e0a61cf9c4ca904be62cd33e569,mlb-det-cle-2026-09-04,2026,2026-09-04T23:15:00Z,Detroit Tigers,Cleveland Guardians,0,0,1,0,0.53,0.7,0.545
0x816d3893af0466924a174c2295b9b843583ffd890d73be41e7b75c047515d120,mlb-min-cws-2026-09-04,2026,2026-09-04T23:40:00Z,Minnesota Twins,Chicago White Sox,0,1,0,0,0.465,0.8,0.475
0x43a82aa5883d4d0af4719896950605941d96cf5296eeb4fb8403a475b694e928,mlb-tb-tex-2026-09-04,2026,2026-09-05T00:05:00Z,Tampa Bay Rays,Texas Rangers,0,0,1,0,0.49,0.8,0.505
0xd6d1f9b05ceb570a774104cb24db9115f0b23bdef21e6631da7561eccf5d3f4f,mlb-ari-hou-2026-09-04,2026,2026-09-05T00:10:00Z,Arizona Diamondbacks,Houston Astros,0,0,1,0,0.47,0.8,0.49
0xa078209738ea88f9d0057a1897825e7e53ecec4fb5c0893500b8d6742c4b93f5,mlb-tor-kc-2026-09-04,2026,2026-09-05T00:10:00Z,Toronto Blue Jays,Kansas City Royals,4,1,0,0,0.435,0.8,0.455
0x73a55b0fafe4dab84dd8f2926f8396e9073f534bc5b8c994cfd119bf2daec4d3,mlb-stl-col-2026-09-04,2026,2026-09-05T00:40:00Z,St. Louis Cardinals,Colorado Rockies,0,1,0,0,0.425,0.8,0.49
0x4c903002c16e04946e3831c02b5745ce3d7b49fbb0f59088f7d67a321be3e1d0,mlb-nyy-sd-2026-09-04,2026,2026-09-05T01:40:00Z,New York Yankees,San Diego Padres,0,0,1,0,0.545,0.8,0.535
0x033dd95046c400184d95e17f9d8ac4e82bee5c4843fd662fd5745a048dab7d54,mlb-oak-sea-2026-09-04,2026,2026-09-05T02:10:00Z,Athletics,Seattle Mariners,0,0,1,0,0.545,0.8,0.545
0xeda9fdfe4552cdb960589a52fdceb015eaab09b02e74bd3825e9e67058d42f66,mlb-wsh-lad-2026-09-04,2026,2026-09-05T02:10:00Z,Washington Nationals,Los Angeles Dodgers,0,0,1,0,0.525,0.8,0.545
0xd490469bd85a240934b506b39f2296796024b18bee911395f98f2b17db094c03,mlb-chc-mia-2026-09-05,2026,2026-09-05T20:10:00Z,Chicago Cubs,Miami Marlins,0,0,1,0,0.505,0.8,0.495
0xdc0261fa767c9c233965f56654a1db91eab542c078073a61c9d638904e8548b5,mlb-sf-nym-2026-09-05,2026,2026-09-05T20:10:00Z,San Francisco Giants,New York Mets,1,0,0,0,0.505,0.8,0.52
0x14725a6161350bdd2eebac90ada7c5591b3fb5b8ef10fdb598a3b581d7a021cb,mlb-atl-phi-2026-09-05,2026,2026-09-05T22:05:00Z,Atlanta Braves,Philadelphia Phillies,0,2,0,0,0.515,0.8,0.545
0x449bd9c752e4b4b0c315f605b8bfa5237c0dc9b0accdeb5695c4e5c615e016a6,mlb-det-cle-2026-09-05,2026,2026-09-05T22:10:00Z,Detroit Tigers,Cleveland Guardians,1,0,0,0,0.575,0.8,0.555
0x947866eb2b2f095e66578e730e0104e70d4cb7d945b04946169db6ef9ddcd1fd,mlb-laa-pit-2026-09-05,2026,2026-09-05T22:40:00Z,Los Angeles Angels,Pittsburgh Pirates,0,0,1,0,0.545,0.7,0.55
0x2bdd1ba814f586b79934b75237a7390fc75e70be7ce98ed60eb070dfd7726951,mlb-mil-cin-2026-09-05,2026,2026-09-05T22:40:00Z,Milwaukee Brewers,Cincinnati Reds,1,1,0,0,0.475,0.8,0.49
0x76866cf5513b4ed9845a4bbd7e8a56fed526f55712ceeacd3f965cebc8afbfb3,mlb-bos-bal-2026-09-05,2026,2026-09-05T23:05:00Z,Boston Red Sox,Baltimore Orioles,0,0,1,0,0.53,0.8,0.525
0xf16e6cdd784620258fb5477a1e8aad57423aefd68c84f929db0bceba2030e31d,mlb-tb-tex-2026-09-05,2026,2026-09-05T23:05:00Z,Tampa Bay Rays,Texas Rangers,1,0,0,0,0.57,0.8,0.57
0x140bb96ed91b3ef2f9c57a3659670fbdc8be8b1493a80f4057139e05d3d80a32,mlb-min-cws-2026-09-05,2026,2026-09-05T23:10:00Z,Minnesota Twins,Chicago White Sox,0,3,0,0,0.51,0.5,0.51
0x93f136ab0be74cd854a3559a9eaeb28e703151654246e4b4089f80875feebb45,mlb-tor-kc-2026-09-05,2026,2026-09-05T23:10:00Z,Toronto Blue Jays,Kansas City Royals,2,2,0,0,0.455,0.6,0.48
0xa79e31dcd93cc5606252f99a29cd3f83519b79879af89424db26fd923310896e,mlb-ari-hou-2026-09-05,2026,2026-09-05T23:15:00Z,Arizona Diamondbacks,Houston Astros,0,0,1,0,0.485,0.8,0.5
0x54fdf06f2f0460b6442f0ca95c04fac8f856f6af07b77a74c40c721c34ccc371,mlb-nyy-sd-2026-09-05,2026,2026-09-05T23:15:00Z,New York Yankees,San Diego Padres,0,0,1,0,0.535,0.8,0.545
0xf1e3c16adb5ce6c0811910756cd36da8beda72d851a20781c7416e9c675397bb,mlb-stl-col-2026-09-05,2026,2026-09-06T00:10:00Z,St. Louis Cardinals,Colorado Rockies,0,0,1,0,0.435,0.8,0.47
0xa49551f43b7f5dada95025fe3786ffd2edccdad6f159feb28d4ff847f885aad8,mlb-wsh-lad-2026-09-05,2026,2026-09-06T01:10:00Z,Washington Nationals,Los Angeles Dodgers,0,2,0,0,0.57,0.8,0.545
0x27a3224f38e6f0b50e789d5d623812223d583a81534993571af12b3c730dd744,mlb-oak-sea-2026-09-05,2026,2026-09-06T01:40:00Z,Athletics,Seattle Mariners,0,0,1,0,0.505,0.8,0.53
0xfec06ca85172068cede8fce2cad8d490b13fa30f58e27146ce42ceb9305b2f1c,mlb-mil-cin-2026-09-06,2026,2026-09-06T16:10:00Z,Milwaukee Brewers,Cincinnati Reds,0,1,0,0,0.515,0.8,0.52
0x24e2c880bf41043d3e475f688797f66079a16fcb71f127327a356143b0ddc74c,mlb-atl-phi-2026-09-06,2026,2026-09-06T17:10:00Z,Atlanta Braves,Philadelphia Phillies,0,2,0,0,0.515,0.8,0.485
0x52b54ebed387de1ff92d83f0b8babe1918f3264ba1dc543f6c5a6f6de719ab2b,mlb-bos-bal-2026-09-06,2026,2026-09-06T17:35:00Z,Boston Red Sox,Baltimore Orioles,0,1,0,0,0.575,0.8,0.555
0x2bdf0cdbd053d09de7f8ed2921a0d96911353991db577593d966a2ac7bc01400,mlb-laa-pit-2026-09-06,2026,2026-09-06T17:35:00Z,Los Angeles Angels,Pittsburgh Pirates,0,0,1,0,0.585,0.8,0.57
0x0444659abab05973376c8c908ff5f85859d5d9c6ac13316745fceef8c6f4f309,mlb-chc-mia-2026-09-06,2026,2026-09-06T17:40:00Z,Chicago Cubs,Miami Marlins,0,0,1,0,0.525,0.8,0.51
0xaf76440dfc8c51275053e3a879a55504a1ccd9aa704ea01bf1bb30563d5c633e,mlb-det-cle-2026-09-06,2026,2026-09-06T17:40:00Z,Detroit Tigers,Cleveland Guardians,2,1,0,0,0.57,0.8,0.52
0x353870dd00bdda54a7efdbe74b0d65a4828d455686acc12c36a0a45dd8f8b73e,mlb-sf-nym-2026-09-06,2026,2026-09-06T17:40:00Z,San Francisco Giants,New York Mets,0,0,1,0,0.5,0.8,0.505
0x12fd1f2dff0e3a6911c9f750e1d44e6db70c98c626974d0499cc98aa143ac93a,mlb-ari-hou-2026-09-06,2026,2026-09-06T18:10:00Z,Arizona Diamondbacks,Houston Astros,0,1,0,0,0.525,0.8,0.5
0xe943c786af6c11ac7097b4d8bc336f2589d0be31034e1044ffb581e3b45b5b7c,mlb-tor-kc-2026-09-06,2026,2026-09-06T18:10:00Z,Toronto Blue Jays,Kansas City Royals,0,3,0,0,0.475,0.8,0.5
0x40493ced64310c9ae31c7cd3d4c14c90780943e4ffffe145d61ff4c2a70fcb87,mlb-tb-tex-2026-09-06,2026,2026-09-06T18:35:00Z,Tampa Bay Rays,Texas Rangers,0,0,1,0,0.535,0.8,0.52
0x8d6d1d9b7ffc52091ca801f00d1e62cdd750cfde00123842830fb18d3ec19126,mlb-stl-col-2026-09-06,2026,2026-09-06T19:10:00Z,St. Louis Cardinals,Colorado Rockies,0,2,0,0,0.435,0.8,0.445
0x11661c923be1cfb64a89889c45c5cc991964cd8fa862b96dc5ea5f432760ba93,mlb-nyy-sd-2026-09-06,2026,2026-09-06T20:10:00Z,New York Yankees,San Diego Padres,0,3,0,0,0.59,0.8,0.565
0x6dd99f06efbb731f7f4ca536529cebb2b7e9335cbfd630f00447e2eed7025bbb,mlb-oak-sea-2026-09-06,2026,2026-09-06T20:10:00Z,Athletics,Seattle Mariners,0,0,1,0,0.555,0.8,0.55
0xa4604db2d3e3ab5c7ef05e7510278c7a2cb12358bcd04395881b7c02d3f05095,mlb-min-cws-2026-09-06,2026,2026-09-06T22:20:00Z,Minnesota Twins,Chicago White Sox,0,0,1,0,0.515,0.8,0.53
0x7d6eca5760fa507b197e5abf04164b8307ac1839576830c826ffe35a922e23e9,mlb-wsh-lad-2026-09-06,2026,2026-09-07T02:10:00Z,Washington Nationals,Los Angeles Dodgers,0,0,1,0,0.51,0.8,0.555
0xa86ea6908c9d7c2448f4f475a1ef0bc22776d8fb8dd5d2fa277ad1f128131dad,mlb-atl-phi-2026-09-07,2026,2026-09-07T17:05:00Z,Atlanta Braves,Philadelphia Phillies,0,0,1,0,0.535,0.8,0.505
0xfa549fec9a686d5050ea0341d29a2049e123ef1c74e94b9c5652fdfeca3734c4,mlb-nym-mia-2026-09-07,2026,2026-09-07T17:10:00Z,New York Mets,Miami Marlins,2,0,0,0,0.515,0.8,0.495
0x1280c2c4aa8c27cba1243c777d2e487590106d5f4fb06d142338321f7bcffa92,mlb-cle-bal-2026-09-07,2026,2026-09-07T17:35:00Z,Cleveland Guardians,Baltimore Orioles,0,0,1,0,0.555,0.5,0.54
0x2aa99242a9733696e0e1e39a18c155ffe5e4358648cb173174b3beb53a3ed80b,mlb-laa-bos-2026-09-07,2026,2026-09-07T17:35:00Z,Los Angeles Angels,Boston Red Sox,0,0,1,0,0.495,0.6,0.51
0x04b41e0f307dd86e559ee643f940202a412212f3628b8d3aa20da495bb6fe1fd,mlb-ari-kc-2026-09-07,2026,2026-09-07T18:10:00Z,Arizona Diamondbacks,Kansas City Royals,0,0,1,0,0.475,0.8,0.51
0xe57331336262bebb2f8a04032e363d2743c61eb7b12382bed5cd62b333e26d48,mlb-chc-mil-2026-09-07,2026,2026-09-07T18:10:00Z,Chicago Cubs,Milwaukee Brewers,0,0,1,0,0.5,0.8,0.52
0x05672b8c7c7d58d826cb54f2113e23ef644e33ac5a0805340a2d50bd5cb89648,mlb-min-det-2026-09-07,2026,2026-09-07T19:10:00Z,Minnesota Twins,Detroit Tigers,1,1,0,0,0.545,0.8,0.53
0x0d045197d2ae2828b042898bf8bc7f9b37c74eeb4f5511142830dab873ec7c12,mlb-wsh-sd-2026-09-07,2026,2026-09-07T21:10:00Z,Washington Nationals,San Diego Padres,0,1,0,0,0.505,0.8,0.51
0x1f319f539f27298923ff6ee4ae0713f3f5b87f30965994d99b6b8be7069503a8,mlb-stl-sf-2026-09-07,2026,2026-09-08T00:10:00Z,St. Louis Cardinals,San Francisco Giants,0,1,0,0,0.535,0.8,0.56
0x6a83831ad2355a74aefe7510ef95ff6bada5ce21eaaa06974f914297b66ec166,mlb-cin-lad-2026-09-07,2026,2026-09-08T01:10:00Z,Cincinnati Reds,Los Angeles Dodgers,1,0,0,0,0.52,0.8,0.535
0xc20fc84b5d539f698d82bd9bfd859b7d48a4b768a74a16130cce3292de320001,mlb-tor-oak-2026-09-07,2026,2026-09-08T02:05:00Z,Toronto Blue Jays,Athletics,0,2,0,0,0.555,0.8,0.545
0x05f71811ea275446550ec9f059fc443d48217497f43b0e7704b6ba414d7581bd,mlb-cle-bal-2026-09-08,2026,2026-09-08T22:35:00Z,Cleveland Guardians,Baltimore Orioles,1,0,0,0,0.535,0.8,0.51
0x66ebe74d941605f029090d233768ff1386c34aae6fd8d65413d1dfa90078d2af,mlb-hou-phi-2026-09-08,2026,2026-09-08T22:40:00Z,Houston Astros,Philadelphia Phillies,0,0,1,0,0.485,0.7,0.475
0x7e7041f2fa6f6563fc6bf93835ac5e33ee8f8cc8b7805130826c923804771e68,mlb-min-det-2026-09-08,2026,2026-09-08T22:40:00Z,Minnesota Twins,Detroit Tigers,1,0,0,0,0.505,0.8,0.525
0x68be545741ac92aa3d43d83dc898637b02d8b676fae22c6aefd4e2677e0318a8,mlb-nym-mia-2026-09-08,2026,2026-09-08T22:40:00Z,New York Mets,Miami Marlins,2,0,0,0,0.515,0.8,0.53
0x192059356629c0436dd224063ee7ab53bf5b54a3267c12b3e3b380d6521462d4,mlb-laa-bos-2026-09-08,2026,2026-09-08T22:45:00Z,Los Angeles Angels,Boston Red Sox,0,0,1,0,0.555,0.8,0.525
0x62ccc748acf3e0c89b744da35af82df6f9a2a4c6574486302ca213b6ea2fca23,mlb-col-nyy-2026-09-08,2026,2026-09-08T23:05:00Z,Colorado Rockies,New York Yankees,0,1,0,0,0.51,0.5,0.515
0x601486ebb1e2b07224ed734fa90c399e2512c8f5176917c923cfca3a01f699da,mlb-tb-atl-2026-09-08,2026,2026-09-08T23:15:00Z,Tampa Bay Rays,Atlanta Braves,1,1,0,0,0.485,0.8,0.485
0x4c0e04c80f48a3b16ee65be47273f076286320a6b301847229a51889d2e021c5,mlb-ari-kc-2026-09-08,2026,2026-09-08T23:40:00Z,Arizona Diamondbacks,Kansas City Royals,0,0,1,0,0.495,0.8,0.485
0x22261f12fcf014d30bcd682c29b80a0d981c64f6150d4a29fec45300c4476aac,mlb-chc-mil-2026-09-08,2026,2026-09-08T23:40:00Z,Chicago Cubs,Milwaukee Brewers,1,1,0,0,0.555,0.8,0.545
0x21c02510d8680a5f5587a9b0b8f6523f828fe94d0b0742c51353379b352dd3f3,mlb-pit-cws-2026-09-08,2026,2026-09-08T23:40:00Z,Pittsburgh Pirates,Chicago White Sox,5,0,0,0,0.535,0.7,0.515
0xe13b983198fd4ccc455835bbcdd22a77c9ba8176895405c4bf76ca766cc0a852,mlb-tex-sea-2026-09-08,2026,2026-09-09T01:40:00Z,Texas Rangers,Seattle Mariners,1,0,0,0,0.545,0.5,0.53
0x24eeabeeb12124086efbbcfe3996c1c11374f3b6ff00aa7c6585232d11e9c63a,mlb-tor-oak-2026-09-08,2026,2026-09-09T01:40:00Z,Toronto Blue Jays,Athletics,0,0,1,0,0.475,0.5,0.505
0x69f629363110a7a451fbfbd9de272141ee21c382191b451e091974d827dcbfec,mlb-wsh-sd-2026-09-08,2026,2026-09-09T01:40:00Z,Washington Nationals,San Diego Padres,0,0,1,0,0.505,0.5,0.535
0x5298f9de2ba33e537f0bd0d83ac4c317ffdba5907f4d39074c04bc2a7005131e,mlb-stl-sf-2026-09-08,2026,2026-09-09T01:45:00Z,St. Louis Cardinals,San Francisco Giants,0,1,0,0,0.55,0.6,0.54
0x1936ed042f479e565c1468082b62d2801a02a4d8d372cb8c81d7f0a2427c5fa2,mlb-cin-lad-2026-09-08,2026,2026-09-09T02:10:00Z,Cincinnati Reds,Los Angeles Dodgers,0,1,0,0,0.52,0.8,0.515
0xad345330a914d7f532c6d60e7fe5ac4d200d5e3578c51729a6ef8bcfe4faeb10,mlb-min-det-2026-09-09,2026,2026-09-09T17:10:00Z,Minnesota Twins,Detroit Tigers,0,2,0,0,0.51,0.8,0.485
0x04417365ce70fd0efbac8db9880f7796d9d6d2d4cf4cd85effc6bc9a971e200c,mlb-tor-oak-2026-09-09,2026,2026-09-09T19:05:00Z,Toronto Blue Jays,Athletics,0,0,1,0,0.475,0.8,0.49
0xdfb2b0d03d471852a14e39b7b42bf6c533cabdc797ade7efedf96fcc4060049e,mlb-stl-sf-2026-09-09,2026,2026-09-09T19:45:00Z,St. Louis Cardinals,San Francisco Giants,0,1,0,0,0.505,0.8,0.515
0xe118d64833b71920758dd61557e04025ebfa7d2b1b443e389178f568deaf1c6c,mlb-tex-sea-2026-09-09,2026,2026-09-09T20:10:00Z,Texas Rangers,Seattle Mariners,0,0,1,0,0.52,0.8,0.5
0xbe788d64f0bd705fcb842178d67a815f6ee62e6fb8b9caead8eea317192b0c72,mlb-wsh-sd-2026-09-09,2026,2026-09-09T20:10:00Z,Washington Nationals,San Diego Padres,0,0,1,0,0.485,0.8,0.52
0xa741b05c0bd72a8654a5d2105c1c1f033d93e7ad923fc42ef4f9c22eb6dfce52,mlb-cle-bal-2026-09-09,2026,2026-09-09T22:35:00Z,Cleveland Guardians,Baltimore Orioles,2,0,0,0,0.525,0.7,0.525
0xcd6146c05b30d8766a2ae7ee0f3888a30043acc5a18504a9ed8c646d3bfb0afd,mlb-hou-phi-2026-09-09,2026,2026-09-09T22:40:00Z,Houston Astros,Philadelphia Phillies,0,0,1,0,0.535,0.8,0.535
0x4f559743dea3e3829e764b24fdf4fd3e2e132437fca7afd2c1d9e3d553d3f96d,mlb-nym-mia-2026-09-09,2026,2026-09-09T22:40:00Z,New York Mets,Miami Marlins,0,0,1,0,0.485,0.8,0.49
0x4249350448042eb120922a8bc055f139bbaef1f6dbb0d7a0a09c742a80bc1370,mlb-laa-bos-2026-09-09,2026,2026-09-09T22:45:00Z,Los Angeles Angels,Boston Red Sox,0,0,1,0,0.475,0.8,0.51
0x3e0fe0dfb8798446ce898d93122a4d7e0ae5f13b2a77aca6889780d31b2a0153,mlb-col-nyy-2026-09-09,2026,2026-09-09T23:05:00Z,Colorado Rockies,New York Yankees,0,0,1,0,0.435,0.8,0.48
0x921800bba4e464c0966c27f92f62fbdfffa168cb5a9f549a07082cc7bb8a275a,mlb-tb-atl-2026-09-09,2026,2026-09-09T23:15:00Z,Tampa Bay Rays,Atlanta Braves,0,0,1,0,0.485,0.7,0.53
0x2843269be187e1a0927a272a2057e7db9daae30d41f98146bb2461778a00218a,mlb-ari-kc-2026-09-09,2026,2026-09-09T23:40:00Z,Arizona Diamondbacks,Kansas City Royals,0,0,1,0,0.465,0.7,0.51
0x6009df5a74cab8adecc0d336b90146921642fdce0ec25612824d9133592c3d88,mlb-chc-mil-2026-09-09,2026,2026-09-09T23:40:00Z,Chicago Cubs,Milwaukee Brewers,0,3,0,0,0.545,0.7,0.555
0x3a24f7de674a39aa4f08d7431399e80266a62fdc498c40cd79432ca3b96e2176,mlb-pit-cws-2026-09-09,2026,2026-09-09T23:40:00Z,Pittsburgh Pirates,Chicago White Sox,0,0,1,0,0.485,0.7,0.545
0x2a340326956863922495718ff4a5d96bcb0dae81cd2c14241d0cc8dcfb7bdc5c,mlb-cin-lad-2026-09-09,2026,2026-09-10T02:10:00Z,Cincinnati Reds,Los Angeles Dodgers,0,0,1,0,0.505,0.8,0.51
0x485fe8382fec221f37f6a2f4076bcc05e8d232e7be6e1853117dc15198405b17,mlb-tb-atl-2026-09-10,2026,2026-09-10T16:15:00Z,Tampa Bay Rays,Atlanta Braves,0,0,1,0,0.505,0.5,0.495
0x62ed0a31ceb248a241ef381cd94ad50ae574fbd009b438afe177f74b49c3cce9,mlb-hou-phi-2026-09-10,2026,2026-09-10T17:05:00Z,Houston Astros,Philadelphia Phillies,0,0,1,0,0.485,0.8,0.57
0x96ce094854bcd2509993f0c025994e55957144e6c2ca25298d2bb0cf70e8ef87,mlb-tex-sea-2026-09-10,2026,2026-09-10T20:10:00Z,Texas Rangers,Seattle Mariners,0,0,1,0,0.595,0.7,0.565
0x17935cf70ba11ca4f9fa60ea0a3969f8c4b8be3a17f7272a9ef7d9522d0f9006,mlb-col-nyy-2026-09-10,2026,2026-09-10T23:05:00Z,Colorado Rockies,New York Yankees,0,2,0,0,0.525,0.8,0.485
0xd9889ccc1f048308f815870172174a11a31d682c8c5813342609adcdcde8ebd5,mlb-pit-cws-2026-09-10,2026,2026-09-10T23:40:00Z,Pittsburgh Pirates,Chicago White Sox,0,0,1,0,0.565,0.7,0.555
0x1dd9385377235ddebe1bf5816ed283e24f3632eec9e022834d692933828d1744,mlb-pit-chc-2026-09-11,2026,2026-09-11T18:20:00Z,Pittsburgh Pirates,Chicago Cubs,1,0,0,0,0.515,0.8,0.55
0x1a2be1ea46836021759ccc2e6741eabc1bcd5dc57066da14733d13241d37206a,mlb-col-det-2026-09-11,2026,2026-09-11T22:40:00Z,Colorado Rockies,Detroit Tigers,0,0,1,0,0.545,0.7,0.52
0xa5ff2e44a22917cc43b5ef76138fbbe714f702d8e560ec37e8e5b08f6a58c29e,mlb-laa-wsh-2026-09-11,2026,2026-09-11T22:45:00Z,Los Angeles Angels,Washington Nationals,1,0,0,0,0.565,0.8,0.525
0xe388d377a9f7387b149148729dc9c68a2b9bbc676ff366c9b27ac97f5f1c0e7a,mlb-nym-nyy-2026-09-11,2026,2026-09-11T23:05:00Z,New York Mets,New York Yankees,0,1,0,0,0.53,0.8,0.535
0xb3806ca6326027b5457d1a4325852fa56ae688e4e112c6c4c9b66faeb992d350,mlb-bal-tor-2026-09-11,2026,2026-09-11T23:07:00Z,Baltimore Orioles,Toronto Blue Jays,1,0,0,0,0.525,0.7,0.555
0x50f1920f8d6ddf53eaf1031ee24bc2e78f9d0e2149c74af7e6302cd5b23755ea,mlb-hou-tb-2026-09-11,2026,2026-09-11T23:10:00Z,Houston Astros,Tampa Bay Rays,0,0,1,0,0.53,0.7,0.53
0x09410103adc7d804ab7e7eab68e56c69321a3c8b441d392787414afa66e59f42,mlb-kc-bos-2026-09-11,2026,2026-09-11T23:10:00Z,Kansas City Royals,Boston Red Sox,1,0,0,0,0.495,0.7,0.495
0xcf50fe7fc6274b46440431ef5b75da876d931e3e12281f28e0de7ef2af716c3f,mlb-lad-mia-2026-09-11,2026,2026-09-11T23:10:00Z,Los Angeles Dodgers,Miami Marlins,0,0,1,0,0.565,0.7,0.48
0xa0ba87eaf5d55cd59b8af267c5bcc7910e75bd14523020009f0e6ee8617f090f,mlb-phi-atl-2026-09-11,2026,2026-09-11T23:15:00Z,Philadelphia Phillies,Atlanta Braves,0,1,0,0,0.565,0.7,0.53
0x86d69f6ad2c8b0371e77f44762b428efe22efcc33b07d7f70c7aa22cac8b01fc,mlb-cin-mil-2026-09-11,2026,2026-09-11T23:45:00Z,Cincinnati Reds,Milwaukee Brewers,0,2,0,0,0.495,0.6,0.525
0x136d8470f8bfbb23439f044c0475404264e2c5be49c082cd173effa9ea83c3c0,mlb-cle-min-2026-09-11,2026,2026-09-12T00:10:00Z,Cleveland Guardians,Minnesota Twins,0,0,1,0,0.555,0.8,0.55
0x6671a5c6c846a75de53b44069dc69176b1d67f645dfd41c26585be150ec76ca1,mlb-cws-stl-2026-09-11,2026,2026-09-12T00:15:00Z,Chicago White Sox,St. Louis Cardinals,1,1,0,0,0.515,0.8,0.515
0x54f07d3859cad07c1d725c0e572ac2659f0f10ab2fef239087930ee9339a1a90,mlb-sea-oak-2026-09-11,2026,2026-09-12T01:40:00Z,Seattle Mariners,Athletics,1,2,0,0,0.455,0.8,0.475
0x1feb3e1ad622b1a3cc2543ed9077e061af7c12f3d00cccf98d985d341a197ed2,mlb-tex-ari-2026-09-11,2026,2026-09-12T01:40:00Z,Texas Rangers,Arizona Diamondbacks,0,0,1,0,0.495,0.7,0.545
0xfe1df26bf6b139035dd47611002eac92c7d6ae54165b4fd1659c60eada04ec5c,mlb-sd-sf-2026-09-11,2026,2026-09-12T02:15:00Z,San Diego Padres,San Francisco Giants,0,1,0,0,0.53,0.8,0.535
0x5ca2cd52d14c9f5931d140b613dd8929c301ed6bf5a56f3244f83c6d9e08f23e,mlb-col-det-2026-09-12,2026,2026-09-12T17:10:00Z,Colorado Rockies,Detroit Tigers,0,0,1,0,0.505,0.8,0.51
0xfb886cafd3cce9f0c2b1d46493cfb6b72cecf634fe9c8cf325360dceb29b95c8,mlb-nym-nyy-2026-09-12,2026,2026-09-12T17:35:00Z,New York Mets,New York Yankees,1,0,0,0,0.5,0.8,0.52
0x07411743a52acb05893b1025e1f036386bfd581759365093101229485518675a,mlb-pit-chc-2026-09-12,2026,2026-09-12T18:20:00Z,Pittsburgh Pirates,Chicago Cubs,0,1,0,0,0.53,0.8,0.54
0x245d6a234777d307fc9e22417d71bee2228cd018256577fd3e35d990cbfef5c6,mlb-bal-tor-2026-09-12,2026,2026-09-12T19:07:00Z,Baltimore Orioles,Toronto Blue Jays,0,2,0,0,0.55,0.8,0.535
0x9c22ed08d6f4bbdc4ece73ccfb5c89650c023e5f612bc5abf9119893dbeac9a0,mlb-laa-wsh-2026-09-12,2026,2026-09-12T20:05:00Z,Los Angeles Angels,Washington Nationals,0,1,0,0,0.54,0.8,0.56
0x78f3559bf44fb1cbd6b3d825a094a07bf9fd3fe0cc7092e70346e3c7b7478ae1,mlb-sd-sf-2026-09-12,2026,2026-09-12T20:05:00Z,San Diego Padres,San Francisco Giants,0,2,0,0,0.525,0.8,0.56
0xf2d0c041d4f7a1343596cfbfe104403c5409ed617f741732f4ac227a982002b0,mlb-cle-min-2026-09-12,2026,2026-09-12T20:10:00Z,Cleveland Guardians,Minnesota Twins,0,0,1,0,0.505,0.8,0.55
0x57165521ddd36d503280b6deaa781d151e5ec71ee3c72b010078ce11dce3e3fa,mlb-kc-bos-2026-09-12,2026,2026-09-12T20:10:00Z,Kansas City Royals,Boston Red Sox,0,0,1,0,0.525,0.8,0.525
0xc40d690aea9e8d49d3fe7f300a8b4249da21b75c08e7fb413328d714686740a6,mlb-lad-mia-2026-09-12,2026,2026-09-12T20:10:00Z,Los Angeles Dodgers,Miami Marlins,2,0,0,0,0.54,0.8,0.535
0xb69ca05d049810db3baa5e100bad631bf4e7821e85d27ec94d4468da92de8f24,mlb-hou-tb-2026-09-12,2026,2026-09-12T22:10:00Z,Houston Astros,Tampa Bay Rays,1,0,0,0,0.535,0.7,0.53
0x344be98894ec158a0a04c1d871793b828e4485dd9528e9a1e900326ec0d97b2c,mlb-cin-mil-2026-09-12,2026,2026-09-12T23:10:00Z,Cincinnati Reds,Milwaukee Brewers,0,4,0,0,0.49,0.8,0.54
0xfbdca97a06d991fce759a973779eb5fc9184245480893c4bfb5ed1237e530474,mlb-cws-stl-2026-09-12,2026,2026-09-12T23:15:00Z,Chicago White Sox,St. Louis Cardinals,0,0,1,0,0.51,0.8,0.525
0xcb72ded1062c66aa4db76dca565f707f58a786125ff89a21b47ea3cb887a2d6f,mlb-phi-atl-2026-09-12,2026,2026-09-12T23:15:00Z,Philadelphia Phillies,Atlanta Braves,1,0,0,0,0.525,0.8,0.56
