condition_id,event_slug,matchup,fmt,token_id_yes,token_id_no,game_start_utc,winning_outcome
0xcb777dfd829a93557b612b3d8841fcb12d20d68abf8f86bae0a35e4978df5a53,mlb-phi-mil-2025-09-04,Phillies vs. Brewers,yes_is_no_run,99089968173757266860440995821578409268145351969808399760501988248417723805693,30379466693603432884081068431045782021906254093495071042661108001079127802085,2025-09-04T20:10:00Z,0
0x551e0002429173412e782aa56a93319538cdde6a27e865789bd15b25e75c0227,mlb-cws-min-2025-09-04,White Sox vs. Twins,yes_is_no_run,55968624144542386191220019083005962378170614763641678629207514859590809462736,52468180440250220801489766389553185368537020002803001555018178213893979913919,2025-09-04T23:40:00Z,0
0x2d87033b6920b3bf47fc8d2efcdbe826291c766cbfa01d3cb39a8d8bc6f60e8a,mlb-nyy-hou-2025-09-04,Yankees vs. Astros,yes_is_no_run,103930008027459866777871178809328201012008295063607964682787595546582677261163,26617679608201149054994531861247621613197860349819492086628936914171769525979,2025-09-04T23:40:00Z,0
0x2e9f25e664af8e80d897b9b9bf3ea0eefcef8eceb85d7beb2e0731abde14aeb3,mlb-wsh-chc-2025-09-05,Nationals vs. Cubs,yes_is_no_run,1939209024868265637183532853583575217619271833446086305706871988806489648920,26966093199002319672514257976742335833430410718341270383655350240733259849971,2025-09-05T18:20:00Z,1
0xce55919e8659dcd55c49930dbf7ddec6160f4ed902c0db85f6cfc34728c8351a,mlb-cws-det-2025-09-05,White Sox vs. Tigers,yes_is_no_run,3361754365813421582439350109397845466126231747811954766095478937927832009539,84089321977200025541089004579710924179849241102805690122948302055679587444222,2025-09-05T22:40:00Z,1
0x4b1ba2562c2e7f215391359c680f4ae47fda2bd572545eac90405e75bc8a1935,mlb-mil-pit-2025-09-05,Brewers vs. Pirates,yes_is_no_run,35851828782315539240220784024409683639130905772961587785341093344412696537022,77274958674160130105132918379589587699256034111970813529081337592490842448852,2025-09-05T22:40:00Z,1
0x2e42d59fbb5edbf2abd4e81b1e672a3226a24cf058a46b93b9760d61c57f14e4,mlb-nym-cin-2025-09-05,Mets vs. Reds,yes_is_no_run,11786769826903219063830617695614793373973821653915227452948022997907236745545,15779566321001035559801537096946210860041170447675476322843167732587591471304,2025-09-05T22:40:00Z,1
0x3951da139b7ebd26079a956d0f3d482d12bc681c2f76ccc3916c887dbff51e5a,mlb-lad-bal-2025-09-05,Dodgers vs. Orioles,yes_is_no_run,11766672799395080812630344760526149971568446257994699243169508820843436806105,12952554842139769201574468696981092128533486067634471429255151755016655103009,2025-09-05T23:05:00Z,0
0x78ea3db9ccc360b46db25a21ccbabd5f531b3d6b89de7c54f6eaee4cf1c73b49,mlb-tor-nyy-2025-09-05,Blue Jays vs. Yankees,yes_is_no_run,37588197695268974931754434920326142574553170611808198354056146960769533702804,87104644815011834745569149151063302825340698378442177083723564747528818646228,2025-09-05T23:05:00Z,1
0x7180451dce22fe95f6fb6b88eb97aab4eb1b79d3a225d898cb704c67e68bdc5c,mlb-phi-mia-2025-09-05,Phillies vs. Marlins,yes_is_no_run,79699633779975984432013152087706716301070508365062794135292740372144946808755,37751148044017779733889418038456578727758984419823500069613443600161709213932,2025-09-05T23:10:00Z,1
0xce24a9196d1c702a47afce0f42c66be1734a45261e341db32762d1e6fd9ae128,mlb-sea-atl-2025-09-05,Mariners vs. Braves,yes_is_no_run,17039042875240071970202548154161133528605441084966539957746621297648693021491,26066134931610186172210423135389219901565988395633021947469224270444086076463,2025-09-05T23:15:00Z,1
0xe52694bbe7007e66ea61bd5868ced41967a9144af15c055c0f0e6ece76531f4c,mlb-cle-tb-2025-09-05,Guardians vs. Rays,yes_is_no_run,40747046032311797855441101538969212103698166049581506010530184776704193381588,61709541879487185201715159062582173685637238202509504052605933565815658156278,2025-09-05T23:35:00Z,0
0xea3db2d880c1153e5c33c68f6c17599b560fd58de97e47d529d6580adc6626fb,mlb-min-kc-2025-09-05,Twins vs. Royals,yes_is_no_run,82083755069386256955929770979761539435424198349367503405168427648383244080294,86992950219075360850412694307082947461645596999099697009995739241570621704909,2025-09-05T23:40:00Z,0
0x9235a1d2c0f110b6600f889b7833a89ed9921d265a92eebbd133d186cc3d3a53,mlb-hou-tex-2025-09-05,Astros vs. Rangers,yes_is_no_run,54129828868248082934915059422132476652969278779449991220940873364056595168425,50706124228303148681908793380654788988549880031198832723412232238591152934620,2025-09-06T00:05:00Z,0
0xaf8492ef4c8be0fca57f0632fb430ca2efb7313c32d697c24bce9f401750a494,mlb-sf-stl-2025-09-05,Giants vs. Cardinals,yes_is_no_run,37849028172704538641137816618570268275739209066145227659836985667151037679631,95484675258211095273015061709873252101093609493394574978855185099744301871120,2025-09-06T00:15:00Z,1
0x4f420287621543f46a49569d187b5a3a227ea43e123b9c583a6b18e89e584836,mlb-sd-col-2025-09-05,Padres vs. Rockies,yes_is_no_run,82386529097968158540654259093391186283666029987199523804697758159560382659789,8001981603253600640698764050501593968012815759560382981908733402363644180336,2025-09-06T00:40:00Z,0
0xcb8a6cae694ca6edf64b5f6eb939ebb7796a1c012be63c8c40c8fe449b5ad255,mlb-oak-laa-2025-09-05,Athletics vs. Angels,yes_is_no_run,26714420316161470648762331284968658902973887200049783773991573871828410039105,40662173654357905282559680939932554092629670124969586652046214339523446636134,2025-09-06T01:38:00Z,1
0xc27643f855dc48ee92da19e760d6b919ec58d5a4a54ad1866cd271af645aec8a,mlb-bos-ari-2025-09-05,Red Sox vs. Diamondbacks,yes_is_no_run,35975419034452162816767438714959239211843722229875937719570136547400103196277,108946649433063938484535178148907453942270208069053022685176212439352277689698,2025-09-06T01:40:00Z,1
0xb7a16a543f87770067dcf31095076744846b28ac735cdcb30f40ad4eb467aa29,mlb-tor-nyy-2025-09-06,Blue Jays vs. Yankees,yes_is_no_run,88799376381847109620324324229617896134943016711085034260986945267711762611697,18809028817805451745035599974454195248346338237041131203855267263101004688545,2025-09-06T17:05:00Z,0
0xe96637b5e93a4d2d3e64017efb619515bb3ea807fa81bed240cc7f8b2fb8c7ec,mlb-wsh-chc-2025-09-06,Nationals vs. Cubs,yes_is_no_run,18633746837258491226805050660436700002349337514343746012966196223010694175269,1149966896851730404840623210426809747816929782430827259122884674602246068329,2025-09-06T18:20:00Z,1
0x221bedc6a935df85f56dbe38dba14512ae6fb3cc4a442e5abc79fa93999eda6d,mlb-cws-det-2025-09-06,White Sox vs. Tigers,yes_is_no_run,50726614089831621332089018894090458768021352263332955472156929086432516791560,86235318416066256764833067629780012955074848857505372230914067253322461676124,2025-09-06T22:10:00Z,1
0x4872ed9d51a7bef2d2ee38fe9d1401f2ffc51108d09e627b9755866db77c9678,mlb-mil-pit-2025-09-06,Brewers vs. Pirates,yes_is_no_run,109906898420487504495188165361407491410539961983920751872613969611455051032134,80082731476661488685598766182151070238978561165604877481125911231304698276309,2025-09-06T22:40:00Z,0
0x1a56d4bd4230908d42d95730c7029a19dea9c6c98e7bad6a4fa9dbbfa07e638f,mlb-nym-cin-2025-09-06,Mets vs. Reds,yes_is_no_run,13139582127467922853348566772902504691094575483083112018769921214694758075988,78306386975344415815448839392298307783033144999832255715066021001619881349188,2025-09-06T22:40:00Z,0
0x7df607659218b404dc1ed7d271c3fca7a9783851f03ad611f8ec39943ae0b818,mlb-cle-tb-2025-09-06,Guardians vs. Rays,yes_is_no_run,32399194899735457810521430984434554094348776057945108011785824220895200478426,76314219743363678912075522945448302026708741561456290573323932982355625185214,2025-09-06T23:05:00Z,0
0x70311537b86712c9746f9276eb07be890ecf449ccc3b1d9854b06f6026dfe182,mlb-lad-bal-2025-09-06,Dodgers vs. Orioles,yes_is_no_run,100746050237512049356303768498073849816493303382836043258629933072473659740633,107572011543929991578936133312890549737038563966435190746373561379343531777824,2025-09-06T23:05:00Z,0
0x45e9e68eb055c74388b19085e7a0e9d218b2b7670b6fbd96ba4331848fe0a995,mlb-hou-tex-2025-09-06,Astros vs. Rangers,yes_is_no_run,17553081767885447878769639891235812882708429372109706010252732084659161963013,27065123395746367272620718498620134117150497917170779069223464440464638037838,2025-09-06T23:15:00Z,0
0xa79a09ef3545a561f0c42b52ea606534b77d64ec979a7397d04ec0d108301c85,mlb-min-kc-2025-09-06,Twins vs. Royals,yes_is_no_run,109737535285255863672300209366206229378081178876960335167656326428475027106347,93606762497751193943500270520208493751137618200999644085373831527042613405302,2025-09-06T23:15:00Z,1
0xa454eceba36b357c96c57a925b77e3d68f7e80037314adac57cb9aa38dca1084,mlb-sea-atl-2025-09-06,Mariners vs. Braves,yes_is_no_run,42398023190264211806682448040682394371985441098547306469467909153568255133152,36224757037966494230226935536680544108969396976307134352805357569404406939504,2025-09-06T23:15:00Z,1
0x01cbcfbc003220c85e40abf7ae7b8eb5f96597d49e4bfa294a0e3f9defc508db,mlb-sf-stl-2025-09-06,Giants vs. Cardinals,yes_is_no_run,30635822280010139274242773261554427272847914986691060968037473877182110909085,38805816114639947824428927092645862689352776588579193104851815259544272591662,2025-09-06T23:15:00Z,0
0xe2f4bbd5267b7043794e5cc1b77ef190152cfed6f22501d8496518a60f56dfba,mlb-bos-ari-2025-09-06,Red Sox vs. Diamondbacks,yes_is_no_run,37944919618328561656035852936331811518710313718773623498984139952852003455111,57719089535255814996630511431841875173165526056966207145699248225397459910761,2025-09-07T00:10:00Z,0
0x5f6b0e07d1521f8e2c47caa420978ef39ac8cbadbf860b141fc13934e7cdfe6b,mlb-sd-col-2025-09-06,Padres vs. Rockies,yes_is_no_run,26545613212685090276262295475810114408563903010792278150431988153978909694720,85195145360511802990791138032878821695269414254893040169764433585801246809529,2025-09-07T00:10:00Z,0
0xc680225513b9681bd1cac91bbb19d354363adf3f638e1ac026e56faefad8dc97,mlb-kc-cle-2025-09-08,Royals vs. Guardians,yes_is_no_run,34246658824623518349867661714852041662382570827053738867423271886717700345329,24249637033408041488031218215959374241341348618458853407984077782578313756777,2025-09-08T22:40:00Z,1
0xed847e26890543c5fe7b8c6b789f96bccc74e2927e2ae62d946770c2f3280dbf,mlb-nym-phi-2025-09-08,Mets vs. Phillies,yes_is_no_run,89456814784917229316924839136425100424036955136943675080000690723838155696343,43921213270348894618152418716164697811006798118441294078811685966705938959689,2025-09-08T22:45:00Z,0
0xf7d18c295cdc550bb29effc30fbc600c4a126a40978540be1334d349de163f8e,mlb-chc-atl-2025-09-08,Cubs vs. Braves,yes_is_no_run,70487775914182308303680078847991141072862513255204070694044622471014813753163,99700705073472028376697998586139314877794229791776161991941970303034280284519,2025-09-08T23:15:00Z,1
0x52a1d0b5eeb0b03b69bd38b55c766b19dc6423685c7c383d5eb73e3ec7c256af,mlb-mil-tex-2025-09-08,Brewers vs. Rangers,yes_is_no_run,35704699361178466758913232162530401157007926147671990205041277700777203610001,50680533430358786204346574827103579401306597784068224482887688272219152436411,2025-09-09T00:05:00Z,0
0x78dbd9eef3a9d8352719df82010832edaa94aa77604b5ab42f42712b90112fb7,mlb-min-laa-2025-09-08,Twins vs. Angels,yes_is_no_run,47139410342390926859015167528285273323302116167076507093174277456705818617663,29752403344869034918172245339005702340896054030341913005347417598406740314731,2025-09-09T01:38:00Z,0
0x11198869ffb4d1b12f7c1c5a55bd47e3bcdb579db7c4119d7bb57aa9cebb9d83,mlb-stl-sea-2025-09-08,Cardinals vs. Mariners,yes_is_no_run,86648891410989544663017157768583445390297724756647990476311944918444211228419,42016369227628476532642053348955746010743448805256248088313282411368582090425,2025-09-09T01:40:00Z,0
0x248e9b700c9122ffde1f6799adf0a3ca6d5fcfecdc43f8b91eee2d1775fff5c4,mlb-ari-sf-2025-09-08,Diamondbacks vs. Giants,yes_is_no_run,22958703258681880362719900009764996881165130818776483946448630526582613919579,6259074458326303282243455166197067338272070356063685363956025565567374903672,2025-09-09T01:45:00Z,0
0x789680ec8412ec31284d3a082e4a939c93cdf657de74e030784b0ed511c85198,mlb-bos-oak-2025-09-08,Red Sox vs. Athletics,yes_is_no_run,54268682318469210592269233313950073996064782692904909529600630279310514528443,7216032561602045730318116738426096009791354017269791219675346424140580444616,2025-09-09T02:05:00Z,1
0x721f1c7b5e7cfc3091e328dd126bcfb31244504afd0080f52750eb1a7f17bc6a,mlb-pit-bal-2025-09-09,Pirates vs. Orioles,yes_is_no_run,83403621067079698265028049903044865998489476529502534290065966930739646374842,63699307207359332545928777423771681489613980510194368651599606170838699867,2025-09-09T22:35:00Z,1
0x88ff58faca28e893b87191b836902db49901fb7b575ad240582da985682443a4,mlb-kc-cle-2025-09-09,Royals vs. Guardians,yes_is_no_run,33332126056876679050382866071153322150166120126810984262188952930798249442662,21856395171411810013520863517967064877512381170822661546751227049484824461544,2025-09-09T22:40:00Z,1
0x68cea662372091a7eb2f55b0038bc51317ae6e1ed3e012568568090e46548d28,mlb-wsh-mia-2025-09-09,Nationals vs. Marlins,yes_is_no_run,45870193155015319854387926517453061450462129020406435213134354524196176541652,90462668015764949889851184622851670127370726646784770197757422419387442774626,2025-09-09T22:40:00Z,1
0x2dfc2c7e9f1316e4ac6786bc69cfbb8ab4b660950adfd85390dbeb81f78617cd,mlb-nym-phi-2025-09-09,Mets vs. Phillies,yes_is_no_run,99741634437720740335199859774553869000073311709867010167934441689139915421610,6225060890823375841904333268914506530657497599092345706480383875889705848860,2025-09-09T22:45:00Z,1
0xa5cc7f8944b7d4ad7e8989f6b58618ed5872e729fb81877aadff29abf74cd0e9,mlb-det-nyy-2025-09-09,Tigers vs. Yankees,yes_is_no_run,91686686523284863183701985719971535992048162296164478852106170073128373862914,9927019301067849115116681105667912718476477408831728209523555651539673058493,2025-09-09T23:05:00Z,1
0xbf8c0bcb1578175176aada868bea4b31dcd361d92d897323b612570a792f7e0b,mlb-mil-tex-2025-09-09,Brewers vs. Rangers,yes_is_no_run,23022934469339267648001343650072260528859539796660006799648421273442496731165,4290147917861795107654724319119982388929881726491087300173244172494362491250,2025-09-10T00:05:00Z,0
0xefbc5be6e5998e7ebf52f3d44b921778cc86f9fd36ebe09e4e50a83067589b65,mlb-min-laa-2025-09-09,Twins vs. Angels,yes_is_no_run,91874843120238336504316698480235388094752149306600647256839510928570339704670,78077870155929458240950747667091044554443374835746543100135784506352736884503,2025-09-10T01:38:00Z,1
0xb99d8ef86c94ecd8a24c21955f6f3295a9ffaf1dcb19e584eec43abfc5f0cde4,mlb-cin-sd-2025-09-09,Reds vs. Padres,yes_is_no_run,38852382604534952873341270072633300948848211059495287881914167543823641857730,59942634812190307092612719777765294171877476787348195592953932450255197972522,2025-09-10T01:40:00Z,1
0x38fbec31faba4459b247625fd0d472a807373cf32c0aa90111e87ecba26511ee,mlb-bos-oak-2025-09-09,Red Sox vs. Athletics,yes_is_no_run,73597033947716385714704120189033754395421237081791919398318274421680049582284,52445523434782554556296661723238669129569786028188613222024432001737607496160,2025-09-10T02:05:00Z,1
0x999c1ac80c59cfc5d85172a2c103f2b6b8325142b79498d26b6dc741eedf69c9,mlb-mil-tex-2025-09-10,Brewers vs. Rangers,yes_is_no_run,11948609915683286042634828321583802102220447402422180250832845669843548876684,59402656009596818193422285935562207801740974462968717101410922481924463611002,2025-09-10T18:35:00Z,1
0xd60511b15c99fc5cdfb9be8d5757fb209776f49ebb479d7da3846d73aa10e231,mlb-bos-oak-2025-09-10,Red Sox vs. Athletics,yes_is_no_run,12118345103480637187641504708476483897452306546120538284637829020057394271143,80136035856265179990223452594038939683205473474294948245147519095507587516377,2025-09-10T19:35:00Z,1
0x15ebe24fef5745273d9aa003107e14e071e3ce4fcc37d540d0a4680930a2a0fc,mlb-ari-sf-2025-09-10,Diamondbacks vs. Giants,yes_is_no_run,14105119147094449367405210816130807739284153713065112275372980511844334862577,40541555617638357872541246317256269142889436133261355691621786844551544061944,2025-09-10T19:45:00Z,1
0x41967376e6ed8d3cf43bbc3077566120145082c0385b6f415c70568ab197448a,mlb-min-laa-2025-09-10,Twins vs. Angels,yes_is_no_run,92958326902981347860014262032283868635290698526150352613732185926462639730052,6375899178633824215526287222093457890848069251291479641117074123558015139624,2025-09-10T20:07:00Z,0
0x606ef1dd8fd2b38ba261a14700d41429d8427fad8f748a34a11be46b50d62e43,mlb-pit-bal-2025-09-10,Pirates vs. Orioles,yes_is_no_run,106038901564761496347684943023823344359425548530025788973606422308844370384343,4335042313641802192621698828483424033974275898799219768707456526087842017993,2025-09-10T22:35:00Z,0
0x0ba92733c3c842dd4a104e24808e7c8f73e331e705dbf7ad537daa2e574baf3a,mlb-kc-cle-2025-09-10,Royals vs. Guardians,yes_is_no_run,102261491214604733509206610779908985083733981062841693455771328731077684410933,88215909812285100970314058027777156990075916422434039071517883959863083120945,2025-09-10T22:40:00Z,1
0xd3f687f45af49162a80194347b3433597546193f27f8340966ef1f4ff335deb5,mlb-wsh-mia-2025-09-10,Nationals vs. Marlins,yes_is_no_run,72465319459252298195963971233659462355121722997464502841189742068106325911607,93382296784768114735690080962505820791341450696388849475431329328961890642585,2025-09-10T22:40:00Z,0
0xb9b1447f7472a6297c091afc6e95147cc9991a08f91d1d9d259f827af2824072,mlb-nym-phi-2025-09-10,Mets vs. Phillies,yes_is_no_run,68584106307018166844653664572632394784287949215380767028343696309115836265756,58008874110158333452796735443460231278719660808039284963814275300740271138402,2025-09-10T22:45:00Z,1
0xac40db5cfc7ac86413ab890c9bdead4df7e555b693fdb813ec3dfb52a4714dff,mlb-hou-tor-2025-09-10,Astros vs. Blue Jays,yes_is_no_run,69057572820348350004311249657118245008519914611205761396393749868896855652355,96653785986780447868937034902487531361553535637270571525082891488642216500745,2025-09-10T23:07:00Z,0
0x5293ba7ad8afb7bd73d92a8e255930264d8a5c9f7812333f98316117069137af,mlb-chc-atl-2025-09-10,Cubs vs. Braves,yes_is_no_run,70348930864317409757556589798964011734797869026814103318736889157737954871631,99703597451927067962854554603696325346096217155223158026654795731665947394855,2025-09-10T23:15:00Z,0
0xaf60a8e54d4c7507dc365f35ed4476483ab02a1ce4933d155b0d462c45a633bd,mlb-cin-sd-2025-09-10,Reds vs. Padres,yes_is_no_run,114352291305359060878589587046953410239745610884935114919311542217481550742610,69513926098172751154651559427476033166587563520711100886533469277232833557815,2025-09-11T00:40:00Z,0
0xf164eb0b0743f296e9366c128e91a66266872d2c5a3da58a83f585f0441cdef7,mlb-stl-sea-2025-09-10,Cardinals vs. Mariners,yes_is_no_run,14394292886371574685716128081067618384292249564523138029192953987314880603781,51358508998346856443998367571123171345443711779876605470549330047044211533888,2025-09-11T01:40:00Z,1
0xaa90172b260f28b7fb9fe0f656e902d5733e76779cc5a7ffa333aa8ed77b4dda,mlb-col-lad-2025-09-10,Rockies vs. Dodgers,yes_is_no_run,34472146522800729534753219100149370885973684595746694587486963955584959228806,40465326976123572354155684616764780302556520091661700119462649858640452734621,2025-09-11T02:10:00Z,0
0x0bd78b889b0a4d683b8bcc8e365e6d98f2d5cebb38b5c285991433a551d9f43e,mlb-pit-bal-2025-09-11,Pirates vs. Orioles,yes_is_no_run,96973691132509433679360091102083045724463918093712683675168761666595689273846,59236784378577949688563178795250880064308524293306813031643882301027233448918,2025-09-11T17:05:00Z,1
0x863a1273c4fbef165f4be78ce4ea715ed51d6d70100bd3ca4bbc7713fed49583,mlb-tb-cws-2025-09-11,Rays vs. White Sox,yes_is_no_run,101828328275229432534765984400213802949070403218389142679214943613037581234133,5138177574523076122719291932046747199675341292049647799520971924528475311657,2025-09-11T18:10:00Z,1
0x8563bb44ed0fc8d077495d476671c7e32117f67631ea5ca0d1ce06479ccb900b,mlb-hou-tor-2025-09-11,Astros vs. Blue Jays,yes_is_no_run,19404575463706853423171171346473766835176237326363052384944426104772229729287,35546799584273114619919088948695689291411967566517633856363503651088322691964,2025-09-11T19:07:00Z,1
0xa5f126f86fdd73ec09a46aa94e771d5d8dc620f8c6d11690d02d8955c7413a2f,mlb-wsh-mia-2025-09-11,Nationals vs. Marlins,yes_is_no_run,37717245086599705971158538533404677841926220261968356534214582881442213487113,18657556658953117067966016283469939401259980104399852896523549693463709980124,2025-09-11T22:40:00Z,1
0x29fdd00ed2a592971ff85934d8873d5a316bc91d34616a405ccfd1bbe058956c,mlb-det-nyy-2025-09-11,Tigers vs. Yankees,yes_is_no_run,113695476994227569302436145013134465087447840885299662479543738826517101394897,45629643395289042605484607648502073434942223645326580235620948842051652412292,2025-09-11T23:05:00Z,1
0x38363a9d4db2ff5291137006ee3a1f6f491a9a076cb049e7a07fa51cb31032bd,mlb-kc-cle-2025-09-11,Royals vs. Guardians,yes_is_no_run,4566236092339712495922400582784917187564241591925537432668747590459576430298,45568813639263457298675262183811032102364404605978024507633168260749387681525,2025-09-11T23:15:00Z,1
0xf05a75db1ef3669587402034a1d0b2cb51e18e54b072d9a121365849bb3c0a98,mlb-nym-phi-2025-09-11,Mets vs. Phillies,yes_is_no_run,86406555965261259542320677089593425709807293859845812521992073612962689097808,112602342031238041514781709166420197108210829065136113882339205023043820302472,2025-09-11T23:15:00Z,1
0xcafd8b51f41befe63a0df2eb0045c11d14d580dbf795af5895aff789eaf5e8f4,mlb-col-sd-2025-09-11,Rockies vs. Padres,yes_is_no_run,79032119771831190988505035475397794663528799080053761678578795540221305082947,93220503911710202546367112915357115995760072228432776764074819807955293528052,2025-09-12T01:40:00Z,0
0x96e49d09fd6ff84e98f5b6100f0144442af4e59fde601a5c7093f644979112a5,mlb-kc-phi-2025-09-12,Royals vs. Phillies,yes_is_no_run,14327547152692777080269643342152829404282632546438888871116837759588483694265,5711977657367357571205454479296860788738909414428960250726257044786948805775,2025-09-12T22:45:00Z,1
0x422ed517d7204a7b215f570bb46cb9aee804252cc21b0f7dd42d035e08ed8fd3,mlb-det-mia-2025-09-12,Tigers vs. Marlins,yes_is_no_run,62918248721154964377810614442061951385780410626753646735658643766844607568901,52324810387730175010889209570216736536605888274380253005075722884118506078357,2025-09-12T23:10:00Z,1
0x3f19106032069eeb3c641ba23ee352447303764b415fdb47b8214bb1bce0f16f,mlb-stl-mil-2025-09-12,Cardinals vs. Brewers,yes_is_no_run,79996571620573476231716491232915662667153039534695953924055856079826459761353,87157877726682691769536842269946457346721066851152813082858020965896266980723,2025-09-13T00:10:00Z,0
0x73c053ed87afaba0105756e5261996cc70affa4dce677e1dbf80068206eddce7,mlb-col-sd-2025-09-12,Rockies vs. Padres,yes_is_no_run,45906102586469250669142672299396582763502735641247401971685506486411650158268,21914707854464694040192609143106502156131377187806354877962412644603556548021,2025-09-13T01:40:00Z,1
0xaa3e95661ca1fe94318a97f09eb5a13ec097a251ab9cf889275adca20e6cb577,mlb-laa-sea-2025-09-12,Angels vs. Mariners,yes_is_no_run,13101105406120440906095080244541700390439021223506378370699066343185067779274,35510451151758538813220805924512421075909080841179782835170614813735122442542,2025-09-13T02:10:00Z,0
0x7e9ae76c224b498cdd1f36191b40e4afaba1f864843a69039c54ef36a52a18d6,mlb-lad-sf-2025-09-12,Dodgers vs. Giants,yes_is_no_run,59030198625813377548106610815097321498479777238455687006391831172037993716944,104593196132251644528865104227548961914942971232101893281288263207298921452367,2025-09-13T02:15:00Z,1
0x932066d4e0f2d5e8ae42ff08c789e9dd056f7064e23af34a539565e95657b131,mlb-tb-chc-2025-09-13,Rays vs. Cubs,yes_is_no_run,66984958163878173220284258196207889897883408482051990236435802873464621696419,73363922537314696423372090451025930519882283846390664429307095273163409946888,2025-09-13T18:20:00Z,0
0x35f987024328af824a8c1d97347650c3bae7ef4128c515d1a13391230b18c438,mlb-bal-tor-2025-09-13,Orioles vs. Blue Jays,yes_is_no_run,84471492022980809445795269161721649727665053112535830015520147378226385415787,46413610302498950259288853383047564858289410191892078415036118437119302525874,2025-09-13T19:07:00Z,1
0x87e5cf5ea1b470068291f5d44a5c37e5dad2d886e30d9f7be6b42a3798c475cc,mlb-pit-wsh-2025-09-13,Pirates vs. Nationals,yes_is_no_run,44412579958378227256720839582644099629773134048742576354642678074415759669570,45969602493576545618007852283112824084232937607945840665849564800395429911124,2025-09-13T20:05:00Z,0
0xb429272559608750d0c3bdf29df1ae4f011d35f90c07fe26cfd0077daa3d3611,mlb-det-mia-2025-09-13,Tigers vs. Marlins,yes_is_no_run,44565699239619562100742186822289469633152603672680579818621294400249175606251,57576547873857853317832334996302451861570606112927324445757486512125538426384,2025-09-13T20:10:00Z,1
0xa7018c09981ce00a64b04463dae3584bb173de03fa6f2a213c0edc676a10fb06,mlb-kc-phi-2025-09-13,Royals vs. Phillies,yes_is_no_run,21206492637591323098180611752879331447352647391247716820801334287819945030936,17612449816899849638582335131207355332802520211688604060136383811397164301565,2025-09-13T22:05:00Z,1
0x8d29e32cc1d43bef4e19d3cbaad8b89c05142db9226d3838883ee3c403e6841c,mlb-cws-cle-2025-09-13,White Sox vs. Guardians,yes_is_no_run,22961139454092974638711834835291457376669738070106512561709340710539204322338,37031172372478359176021311735232083014316653505603562624690786184467393907579,2025-09-13T22:10:00Z,1
0xb9fc5f55f12d4b2a7e25c3b28ce955c2b1d2e191e746e28538042bd142a7921d,mlb-ari-min-2025-09-13,Diamondbacks vs. Twins,yes_is_no_run,94949536276502248245265751095375557380010813470335611812804655824014598624697,98299564942844093802473923755163168041386129646572701532801454984675018114544,2025-09-13T23:10:00Z,0
0x5e99e4e1f240d8bb7e3b7446b97d5ec462fb1d8a60d63fafa9939811f46b652f,mlb-hou-atl-2025-09-13,Astros vs. Braves,yes_is_no_run,41420006416078588872099384262621761426392835281410326608804760302325316948965,109388005969501071848778261043102391963392000063308944637613376642461368769727,2025-09-13T23:15:00Z,0
0x7e2b98cd35eb24e15599f508f237c386b5f596709b5a2f1189e7dbc57e7673fa,mlb-col-sd-2025-09-13,Rockies vs. Padres,yes_is_no_run,35698076302010898911937503490311781006217872661257961526331346136795371349304,10150747874882405188709995390630569016789328156886126729383499007959500549852,2025-09-14T00:40:00Z,1
0xf2fb1093c3b1a8bdf3c1a1a8959b83da206c7bc14d6981962b46a5d1ac692fd6,mlb-laa-sea-2025-09-13,Angels vs. Mariners,yes_is_no_run,82519952671463725967132149518862890184142579275502404337109628328558482321843,16915218851191480644700100485920481815121239223222749944595989196777792532672,2025-09-14T01:40:00Z,1
0x5411317cfc8ab83da34d5eff9fee78eff7dd4aaaf935bfca51e71239a63d60d5,mlb-cin-oak-2025-09-13,Reds vs. Athletics,yes_is_no_run,101119581324826607079345317790606106095571688296051996230781940704167467047071,64167357738773719834384803563919671297443821280673273709592889666691409153528,2025-09-14T02:05:00Z,0
0x254fa325f6b1ac3e4ca28a6f74de98095cb222bce47ff210fb9543971597e137,mlb-bal-tor-2025-09-14,Orioles vs. Blue Jays,yes_is_no_run,93990751548018243963986730084029546736302306160171345188398156745710338885465,68118910983440819595367135354234643365338479640493837051784798626916445329730,2025-09-14T17:37:00Z,0
0x81cf2c2efadca18a82bccf2b0781270cdf9fa1e44b5e488c8350ae0c1c4b2462,mlb-cws-cle-2025-09-14,White Sox vs. Guardians,yes_is_no_run,91424039223479379810404728825888089726969361911536025981674104320226284504865,36191790868335445449953968621678047262569995765007370787901708248514606695562,2025-09-14T17:40:00Z,0
0xb3656fb0b093c6da2e5b7ea367cb2a11a1f954d6f6b009ff138e24f800de8fde,mlb-chc-pit-2025-09-15,Cubs vs. Pirates,yes_is_no_run,39770452785480366872079051708339471260671214457090389391364220128100618799805,49136940158794384355703687729324348484543830049579857244527136936171462608009,2025-09-15T22:40:00Z,0
0xd30359ea19967ef765cfb692999f254025dbb81ac38cd1eacacf2857e6b0a1b0,mlb-atl-wsh-2025-09-15,Braves vs. Nationals,yes_is_no_run,4664795332984667077476387667012399326179675293364518587025632907905037873445,78789731660950481405580801086349317159016627001282317523686016316853603972188,2025-09-15T22:45:00Z,0
0x9f35aa9fb8b262a789dad23eead2f9dc906f06d73d4b6c81f5bc636fb00852bd,mlb-sf-ari-2025-09-15,Giants vs. Diamondbacks,yes_is_no_run,53707882880363290873997253453752084318589181598158404225768318562851108243191,51091843203295988841793860729400035356076889431009164837782648249786869682358,2025-09-16T01:40:00Z,1
0xf9cd1f1a922f43c2c4d7f23038885150e45ad2a246a145dc29b67c4e2f3ff4b3,mlb-oak-bos-2025-09-16,Athletics vs. Boston Red Sox,yes_is_no_run,3528552071950081143016605161143571480837949131712198491115511585051775838707,5567763117066263585887254581902702880780898375874694101248377150465622576933,2025-09-16T22:45:00Z,0
0x8e7480534d30f98100db7f15a13af2766f9a30c496e6edc9f13841b183aff078,mlb-tor-tb-2025-09-16,Toronto Blue Jays vs. Tampa Bay Rays,yes_is_no_run,99387652005394077158921663756777502328534611706526182762004063516041485757711,7233951750702324919475479755230440185648806496669307642321999039857352018363,2025-09-16T23:35:00Z,1
0x16c579268145589ca7c6f934161073f076791d29fa05ee972b197d6a0443d4e7,mlb-bal-cws-2025-09-16,Baltimore Orioles vs. Chicago White Sox,yes_is_no_run,42116546888360874767584399606901652207484734537675461652920162438267573572204,21597730966052078580357270131104625432189367224264871198192006818764675463629,2025-09-16T23:40:00Z,1
0xdc67dd7407b92d0fc452279c7a037aaa9c112885e82732c49d85e5e9a903b62d,mlb-sea-kc-2025-09-16,Seattle Mariners vs. Kansas City Royals,yes_is_no_run,86442936753180842869390940863244273987809988568340924820785244943096431322036,52234735998189917742062592880923254590442069106979577239781458710970835884980,2025-09-16T23:40:00Z,1
0xd15d564dd01025d8297a15a2d4de73ed17cb072d9e145d9026d73c2acf346be8,mlb-mia-col-2025-09-16,Miami Marlins vs. Colorado Rockies,yes_is_no_run,112829118573218373677642892533607121362617810165815124430040870901621092047846,100356656860098297442122730657214101172581993923681427337461176608487318976889,2025-09-17T00:40:00Z,0
0xc03465aaafe5d2b1f5e477bbc2ca21c6b20184684c843d29ae7fb8ebe2d4e80f,mlb-phi-lad-2025-09-16,Philadelphia Phillies vs. Los Angeles Dodgers,yes_is_no_run,72146723108791104326963205891536145169679984658062915984600338024925089104443,114994014758467777001404414506595104038470258694817013593683317939277674021024,2025-09-17T02:10:00Z,0
0x0da999caef2a56e09f63ce1fbce2ae2736d22b5cf72892aa80ec09972e793957,mlb-chc-pit-2025-09-17,Chicago Cubs vs. Pittsburgh Pirates,yes_is_no_run,43134588058812391115540241211024762792920709251170341633708531539384453055238,95199786578318074134113619568088056212834367477814781121760183696533049989841,2025-09-17T16:35:00Z,1
0xfd943fb7bec9669af0758bbf02f753fb7796474262d85b26265dd6191c1f65b6,mlb-cin-stl-2025-09-17,Cincinnati Reds vs. St. Louis Cardinals,yes_is_no_run,53117925814824230549383365286708503434241670828183273678261988277073854858995,95498593890648299073287492913610451506127742069603745464176307265742473397569,2025-09-17T17:15:00Z,1
0x0aa23ee9bdb055fabbe05a49a97cdbcb53f0166abca26c046ccb82abaa733c9a,mlb-bal-cws-2025-09-17,Baltimore Orioles vs. Chicago White Sox,yes_is_no_run,54183671024508693333226743537749484376708168593870643616959028936038463030934,46520665174426974447690598098478123960080200722239879779899529345712612811103,2025-09-17T18:10:00Z,1
0xe51f555745826eeaa66d5fc1912a758ba745dd528fc31f512fce19c5d11436df,mlb-sf-ari-2025-09-17,San Francisco Giants vs. Arizona Diamondbacks,yes_is_no_run,39541769122847809813777042553094910458098670359320052415982388280146248271068,86979900689165577460835719824249654034912750324830057100417561817529164142397,2025-09-17T19:40:00Z,0
0xfdd49247a325e95904de7ed48228479475d785cecb94ee3b27b8376a7bba4509,mlb-atl-wsh-2025-09-17,Atlanta Braves vs. Washington Nationals,yes_is_no_run,97854735931905761640144217383899361652419587945984677084047742377711836727263,41598907215481505841493926145646786317770898668976540337663766089135492317386,2025-09-17T20:05:00Z,0
0xe64d0afe2bf4f41884f461a85036b02e2301bce46214edce36b3bc1640598025,mlb-cle-det-2025-09-17,Cleveland Guardians vs. Detroit Tigers,yes_is_no_run,9086723731509129700634880365181760896132816905704767367039325583842668037504,115393011019448039797763496071451216117315674095692286513647211948213922572636,2025-09-17T22:40:00Z,0
0xdb1a8ff78268e2ca6d7d63cddd2e1f1c1148e9ec7df48450b02c337b7f5c115e,mlb-oak-bos-2025-09-17,Athletics vs. Boston Red Sox,yes_is_no_run,4336649470698659068621150470065840329081557552907743783001615232618006197854,26221635322348262846283336646789614704967301291667163183787772232428703346039,2025-09-17T22:45:00Z,1
0xa4e346f5710089cafed8556834426132313c31d62156495393f7a18fa3baf606,mlb-tor-tb-2025-09-17,Toronto Blue Jays vs. Tampa Bay Rays,yes_is_no_run,77794880784143124362976833707201735368046727032232509481540435339938304456847,30072686880848752811663156529824207994527650541024379901710153109507297699385,2025-09-17T23:05:00Z,1
0xa9dc02f0441ddd8978639afb1a89b84b7916af0962f3ba38f1d9bc5ce4f9f7cc,mlb-sea-kc-2025-09-17,Seattle Mariners vs. Kansas City Royals,yes_is_no_run,86622440978012496626260025823734372979297349034858697906622173618897015801210,1107187985822384285017845275912478143215440598447128464340568959860274471755,2025-09-17T23:40:00Z,1
0x60df9f31976e4f50d14abd96dde02f61790a8f788b1d9d5b5b7972d718c0183b,mlb-phi-lad-2025-09-17,Philadelphia Phillies vs. Los Angeles Dodgers,yes_is_no_run,31632777936766341739068875769031776834474263793436444499398467411420138256809,64594741584101839595267303755967982643223242144331630908198041150866542949046,2025-09-18T02:10:00Z,0
0x9791ffc4b6939e0d4d36f6ddb47b092e5de237bb12c601f5fef6423b1147e568,mlb-sea-kc-2025-09-18,Seattle Mariners vs. Kansas City Royals,yes_is_no_run,115367301398360153629286721408038591868530239652236826077042800714020192799121,101076406709506887364828480620761669208320481496750679254977873541266265950307,2025-09-18T18:10:00Z,0
0x90714b8589aec91d42ec9c3166593d09fbae957fc0adee9c7cad6be17cc833a2,mlb-mia-col-2025-09-18,Miami Marlins vs. Colorado Rockies,yes_is_no_run,45003531874486608130091619917868985538918627096310418771206153287652955636893,34626203107088185087396527115844616054743370150765838217611610327717693477478,2025-09-18T19:10:00Z,0
0x2ec526df531c33a63f8b0b084c8e826fc6b15054f610c65c6b1d6beefcae62ac,mlb-nyy-bal-2025-09-18,New York Yankees vs. Baltimore Orioles,yes_is_no_run,115768357668507010601214096398155607244265662614592191898141946368686341365641,66854295135136008347921629732206713294747919418198065808651688103130181547793,2025-09-18T23:15:00Z,1
0x38317aaf63c04cce4bea811b6a387d1282c15de93ef12d6c921a53017f9ae5c3,mlb-laa-mil-2025-09-18,Los Angeles Angels vs. Milwaukee Brewers,yes_is_no_run,47307203933117724647007355723341133625716234540833257593006439991063789682555,69694495290896661680039427385388966904217349845694814622376935264628427349561,2025-09-18T23:40:00Z,0
0x97ab44256140a9addaf0a4f3a08e7d7e35f395b6d754b8fd3a11c414f7e7a1c4,mlb-sf-lad-2025-09-18,San Francisco Giants vs. Los Angeles Dodgers,yes_is_no_run,82638214300513212910230810717840897807050808781194489079264258289795761354679,29479402930147708603892611883848547908235477649998837991269263246306098123844,2025-09-19T02:10:00Z,0
0x01b497e7b9201a0513f34e052efdea8601847659f84d700d6d8cb8cc20dc897e,mlb-atl-det-2025-09-19,Atlanta Braves vs. Detroit Tigers,yes_is_no_run,85765290458801440001872194713973248527556507608089785230108782394513662033755,34009793418519792044426813273659216099366155312857813667199574661357745736900,2025-09-19T22:40:00Z,1
0x514cbd803bbfa9522407e07bac3edc025d8febdce9c3683f4779cc60c37ea805,mlb-chc-cin-2025-09-19,Chicago Cubs vs. Cincinnati Reds,yes_is_no_run,1139734602437828357396743953570647325915202426705878502767382210025179152905,84665687976176305940030596078903312895502192235736790126518442849274423635810,2025-09-19T22:40:00Z,1
0x1c28826aedef7d4fb2be4659c8ead24c8c6483f40d0d459395240d706d91f910,mlb-oak-pit-2025-09-19,Athletics vs. Pittsburgh Pirates,yes_is_no_run,18177126438193113495580258445159188391716382223708091273778702462909328069703,74020567814859813797855078992578795786215399770975089392584484368228375739973,2025-09-19T22:40:00Z,1
0x971d6e0edb8294733cf0b4ba6a19fe52510bd8c54843801fa30d149bdd7336e3,mlb-nyy-bal-2025-09-19,New York Yankees vs. Baltimore Orioles,yes_is_no_run,84652171974295283369439455079929582998873721837596655823183304872929501957493,34839546106640208719781754025024542356046829532515115235159118539848519688183,2025-09-19T23:05:00Z,0
0xda04d985e0516656b0ab06367cf7d2e0e4a8e712509efacf60ad519fadf74171,mlb-sd-cws-2025-09-19,San Diego Padres vs. Chicago White Sox,yes_is_no_run,86300456366536325909850538545242286966857653535819694428372215588537633490977,68310141330343102364264318651947762308428868114779459993623912455419991912951,2025-09-19T23:40:00Z,1
0x1f2a8fdbcf512b36d7ad191953761285b7377944fef020f91d6341f8ad06ec75,mlb-mia-tex-2025-09-19,Miami Marlins vs. Texas Rangers,yes_is_no_run,68795900401900939595984392652445742564172745766619475159686747979528937511519,12120138604492120251328339149197166845515668637037585314203339024936645818411,2025-09-20T00:05:00Z,0
0xd4a40a1d3889a0f1b6d4ef54dd6db5c7676da1a7c13ae7a73523c58578b0e6d8,mlb-laa-col-2025-09-19,Los Angeles Angels vs. Colorado Rockies,yes_is_no_run,112751225335533710948547189478779528268104904036656300250592532741999954562358,44799619381180648790117614226226653362098870900065667957544795087219158373575,2025-09-20T00:10:00Z,1
0x8e676e38edd9d6df6d054a79ead1629c34c895aa03072dbfd9de6d3dbef39481,mlb-mil-stl-2025-09-19,Milwaukee Brewers vs. St. Louis Cardinals,yes_is_no_run,108533102035957183798524795594446376543420342249812709455525901141176892928431,3055620461766720163658170954620355210794978132230921625117820762056405608936,2025-09-20T00:15:00Z,1
0xee113211e70151c955de8d4811cd518db148eb74fdc8ee740aa5907a84aa863f,mlb-sf-lad-2025-09-19,San Francisco Giants vs. Los Angeles Dodgers,yes_is_no_run,43330779590823741080977243007191115297018543813694849720470873585473550943912,105301196376346064761055947383722636919458886480382470956200507292155949428955,2025-09-20T02:10:00Z,1
0x53e885f072a46bc7a1f6f7103b9fac08b5ca042e54ebf8d8792563dd1aa49edc,mlb-chc-cin-2025-09-20,Chicago Cubs vs. Cincinnati Reds,yes_is_no_run,5203313845760644862875721372390127818337726650010652445631223112107033791067,35714858920368550396076674689689015232126440120279653917390632542052875509581,2025-09-20T22:40:00Z,0
0x9bb803bc34c117c9b4d48092ae5d6e406321152ed68e3fdd73ad4b4bfb8c9602,mlb-bos-tb-2025-09-20,Boston Red Sox vs. Tampa Bay Rays,yes_is_no_run,86047409219374169664984063231742242927897757092493740697571766308849228769209,87716037232568098768532000577774578211968403167921430758029181722146798561716,2025-09-20T23:05:00Z,0
0xa82f20b3b521f8caa4e63492e934988cfd5a94d98f63c1cf0083a892cbeccf90,mlb-mia-tex-2025-09-20,Miami Marlins vs. Texas Rangers,yes_is_no_run,4139629509898527918883879151102608437381230494764384462357552858211327367612,102106953254288152784839409567482920994383743631160717850133650180273542044750,2025-09-20T23:05:00Z,0
0x4cae2e5e27291f2bbd8b3f08320c5b6933bf714e20fc610f43807af4631fec84,mlb-cle-min-2025-09-20,Cleveland Guardians vs. Minnesota Twins,yes_is_no_run,55430724556643914774177691693461322878135968962012338170448145289002734373322,79313381442869526456486262766894804199675714652664519520606781299695102981740,2025-09-20T23:10:00Z,0
0x4e9945d596c408302f00c4c5763672b48fa4f60033e007ffc7e19732c870f942,mlb-tor-kc-2025-09-20,Toronto Blue Jays vs. Kansas City Royals,yes_is_no_run,56062240638361457180353337906536601122876979725849361111202380316300570578086,8398250407229371153381628055547771987850465603203911898597491932189759715832,2025-09-20T23:10:00Z,0
0xdd722365766977ae83ca31fc0d13a4eeaf1a916838c58782679111c4cc8fbf96,mlb-mil-stl-2025-09-20,Milwaukee Brewers vs. St. Louis Cardinals,yes_is_no_run,90318220477726638668883103716324196786964320938938883095044654564784862513954,36407003951438764106774296248921122013135782313639132223584255412095822861800,2025-09-20T23:15:00Z,0
0x1e6672123b553cc87d67dc1e6afa08e610f71599d47b3d5727fee777fd2f8a3b,mlb-laa-col-2025-09-20,Los Angeles Angels vs. Colorado Rockies,yes_is_no_run,65279865481062848246588970574362845422422408531401097134276968311026558697785,85342828928559583102814825691154380920155140870548134959773019797140092744339,2025-09-21T00:10:00Z,0
0x02345ec1efd9a1c1d8bf666b471b9e6b90065d138ffe1f07a5ba5f604b73f9cd,mlb-phi-ari-2025-09-20,Philadelphia Phillies vs. Arizona Diamondbacks,yes_is_no_run,57014106315190817538626203210390445273697352981181153776407390720621935650021,86604291388420873916807861715598525367882404358241030752838981491642488673267,2025-09-21T00:10:00Z,1
0xc47db7aefa356ad611ec1aebf4ad23699703264d6f59749e2dfaf0bab2a37f3b,mlb-nyy-bal-2025-09-21,New York Yankees vs. Baltimore Orioles,yes_is_no_run,82820275569361407378562223090465997729618957735298820711601952842858246356150,103242422202517756098570782178597299360164987728692888566992797987679941357209,2025-09-21T17:35:00Z,0
0x228ca5851042a95208733514911e45885905f5c7d3df6455a8d0d2a405cd887a,mlb-cle-min-2025-09-21,Cleveland Guardians vs. Minnesota Twins,yes_is_no_run,51436147973240883206666057580969133993627621073326351603127356356905039078667,64924294452477237124162861776765937470462844138662206265595210696824820948048,2025-09-21T18:10:00Z,1
0x3c6bd0c93688dab98d8a60a3c5a3c322e5d1116b9d7f17dc019b21f9821d4ebc,mlb-sd-cws-2025-09-21,San Diego Padres vs. Chicago White Sox,yes_is_no_run,69387972973542162471261936932930080486690739546689732654398438350643168282596,76294897478497531174420020026675882696248905486038223059747323437798863217559,2025-09-21T18:10:00Z,0
0xc5eeca2e300063618057e99da099f0343b28bb73513214b035f4fac59ba845da,mlb-laa-col-2025-09-21,Los Angeles Angels vs. Colorado Rockies,yes_is_no_run,6726362858691545133284692584960214074538284130562474040345495627354616178221,106771137983914414969502577946823373345800869534791969747562928379559856443728,2025-09-21T19:10:00Z,1
0x82b45ca82362513a7e10609d9412ef833dd2836aedfa2f474252737828aca354,mlb-sea-hou-2025-09-21,Seattle Mariners vs. Houston Astros,yes_is_no_run,70913437064210844612185294669237792076527262196286571689117213893006792027769,27247386361222097566712300754420082406658208447825833412847403037147775094914,2025-09-21T23:10:00Z,0
0x842d3851f90d36ae6d6aa9274098838905aa62a4fd774881925be9d1310fb385,mlb-wsh-atl-2025-09-22,Washington Nationals vs. Atlanta Braves,yes_is_no_run,86365361040595281691696218895065730454469947911546956440644335085777173731083,16389916361401740473061068645217293843538787834774640991743771229917018843,2025-09-22T23:15:00Z,1
0x689ac778aa850d294a56b50844f438352d34bb4a06ad6afc02ef221a85f6754a,mlb-mil-sd-2025-09-22,Milwaukee Brewers vs. San Diego Padres,yes_is_no_run,104601968131691322889784265117437467444663643583595825347260891169210111138340,85352395241029941885095255495194620841222600763141529359812625741944088045167,2025-09-23T01:40:00Z,1
0x4273b2e54519ab08932dd8a658e3945a795971e06b4dbdd3d616289d2fba9320,mlb-nyy-sf-2026-03-25,New York Yankees vs. San Francisco Giants,yes_is_no_run,66908305239142579686188535637333122045723009901807804474631064512758374099237,35350203928150283663444665276423036795106890136273030832752435225553743153770,2026-03-26T00:05:00Z,0
0x308e4d6e6a022fde2b3189667052188cd2fe3ba92596b4053ebdb688b11f2903,mlb-pit-nym-2026-03-26,Pittsburgh Pirates vs. New York Mets,yes_is_no_run,59140288569590946682352473255490690528873895338502388073731029217085206015139,77287044474421217467553848209053015904107843294458645597065324925665226969769,2026-03-26T17:15:00Z,1
0x2fe1d5da419cd609eec576ab89810375083492a17b929188f11a37b64ffba7a2,mlb-min-bal-2026-03-26,Minnesota Twins vs. Baltimore Orioles,yes_is_no_run,50742944487490600222780581704307117007179888081995049005163493917597935425524,43286152226439882246993248584612257571117318034879224245851385226212171383316,2026-03-26T19:05:00Z,0
0xec8461c1d6abc4303524fa2c955afb7a0027fff61431a6289fc06c07ac410c08,mlb-det-sd-2026-03-26,Detroit Tigers vs. San Diego Padres,yes_is_no_run,36710081586272138575103087191538351049595414295032969209586996589273051289972,19887172090316044197592938855517432110286383367263216396157316010484456184086,2026-03-26T20:10:00Z,1
0xb1d8dcfdaee070d9d1055b477ada58e3a2fb8a6686834673d415530cda3d0a68,mlb-laa-hou-2026-03-26,Los Angeles Angels vs. Houston Astros,yes_is_no_run,52565530278236564621712838411575029369436978565909295867513129640464832821180,13687584940647399298240413963367255201766085447401222485596647072861916876212,2026-03-26T20:10:00Z,0
0x21604fe9f0acb30f0674965a451646ca7110b8efce6ce71d720049df2411522f,mlb-tex-phi-2026-03-26,Texas Rangers vs. Philadelphia Phillies,yes_is_no_run,60822591263342806774481792435474403120391593471619886182682702868343230284869,62492130027772306234910364703498843786042970988261577353708697621322024654476,2026-03-26T20:15:00Z,1
0x958308cf8ee24e147a823fc447605c6b815da9609ce2b7dce937682250571bae,mlb-ari-lad-2026-03-26,Arizona Diamondbacks vs. Los Angeles Dodgers,yes_is_no_run,46237724685485619913343121003744650072869848068627429464725724755988816300114,9697404970239550323274319614324795332480560928331109585241042477773655595356,2026-03-27T00:30:00Z,0
0x89ccaae5c7faeb7ea532585c26e7d33a7ac602fd0803bedb31ac5c3591ad8cea,mlb-col-mia-2026-03-27,Colorado Rockies vs. Miami Marlins,yes_is_no_run,78575770218346136648918165280132901037185404909685059708788462430846515722337,109720079193927014681963685931702857384178417835409710160191473583399732548514,2026-03-27T23:10:00Z,0
0x3c3dc8805e6c8aa89425fd1cae7bf98520e44c4e5c202182ba7110915fed7c75,mlb-kc-atl-2026-03-27,Kansas City Royals vs. Atlanta Braves,yes_is_no_run,28243163714034277661178487043996425472595639247134954433074044891075509041145,15268841361436404712704563680229602140764708199964330743878880679795134061482,2026-03-27T23:15:00Z,1
0x904eae9f855e1a1fb077ebb0048c5dca1480121d10b590bf0d81bfd64db119e5,mlb-det-sd-2026-03-27,Detroit Tigers vs. San Diego Padres,yes_is_no_run,36071156006221080794712172724965161763637110877406105953389558457897005045626,76997874299028383064195717788452377075451699588985434879424916582819948306859,2026-03-28T01:40:00Z,0
0x6870d3989c80ea3e45c72c245aead0d0744437773d5d05ad24eb8a3fe2d22ebb,mlb-ari-lad-2026-03-27,Arizona Diamondbacks vs. Los Angeles Dodgers,yes_is_no_run,38345168895641278479618198485716114164742712879223049910335205309939627379822,39937439676754474224160604635630272570041649339683042010015003140029657211909,2026-03-28T02:10:00Z,0
0x9b61669d1afe7d6e1099ebc368210f43733ed2841995a45bf360f42c33e5e714,mlb-tb-stl-2026-03-28,Tampa Bay Rays vs. St. Louis Cardinals,yes_is_no_run,70957134455812807169805457037100640739485790363018721602262358294862186315738,1598088270310545955371978010394763745686206072451812493553004601488564682442,2026-03-28T18:15:00Z,1
0xa2c00a37de8bad1ed615c3449b19539fec9eade4443352d02213137ef519c63f,mlb-wsh-chc-2026-03-28,Washington Nationals vs. Chicago Cubs,yes_is_no_run,90021141444440868041662620236159756188004261030338935510104777290983610176382,71088030163615908303366574435632423953162299328793206742844934259948976859236,2026-03-28T18:20:00Z,0
0xdc35b8431b77d60c2f58eae445b84e260671eb8548ce5775dd5c998bd5263582,mlb-oak-tor-2026-03-28,Athletics vs. Toronto Blue Jays,yes_is_no_run,72671798576887951087385371177324841909471160698286188266762592562509461477244,86601490832979001903413107923304563149385831771030106704997673915202916261398,2026-03-28T19:07:00Z,0
0xc27bf05aa7b0014538db7424875e97d485e9f0d607dc5c0019892b73821b1f65,mlb-bos-cin-2026-03-28,Boston Red Sox vs. Cincinnati Reds,yes_is_no_run,104746613624968095086542139441767165552088244502619947016397568415527286570905,81825434755739737842337241785385775693083359548154381035217027053687066768,2026-03-28T20:10:00Z,1
0x9762ed2b1e29a0fefa0bf3c554655e4bf409b783446bd51dbc0abc412022009a,mlb-col-mia-2026-03-28,Colorado Rockies vs. Miami Marlins,yes_is_no_run,54016033255652481330148180099886089080619511349764462173210119189096925583543,10304133796180952283370053130385437157803826713478056574690585811401963338868,2026-03-28T20:10:00Z,0
0x4d2671e61bbd7e0455e8a1e8502ec7f77cfa73adeb3cba05fbba4c812c5733bc,mlb-pit-nym-2026-03-28,Pittsburgh Pirates vs. New York Mets,yes_is_no_run,2243651111435300810505007766193968009597541993411439392846407743884759078058,4171713273396214047768595985266995959553282339080541816246396803727446474823,2026-03-28T20:10:00Z,0
0xc47cdd28ee6b86606b171a9ff6d84051a6aadbc54e5caa4e4008375e0f4bfd57,mlb-laa-hou-2026-03-28,Los Angeles Angels vs. Houston Astros,yes_is_no_run,115754933332625138721425100188253834598003118899945559056820189439115179343113,81797260912625913766782652491949530598504718270375318690641680453122954014648,2026-03-28T23:10:00Z,0
0x7737ee56e90e37474540ba2de33c1569023ee76b08045f61595efcb684146296,mlb-kc-atl-2026-03-28,Kansas City Royals vs. Atlanta Braves,yes_is_no_run,55151828285097900575355139025769626297565793673522607294457358557644568429429,72285728869646553949609096753981381463473902578309295303947325045728328935489,2026-03-28T23:15:00Z,0
0x8da8c6b7ab53a4bf5d1e085b2bc5bfda0fef5349a28d1682e6a06c05d0b492b3,mlb-nyy-sf-2026-03-28,New York Yankees vs. San Francisco Giants,yes_is_no_run,81860892872103591140328451106895806553713001088704275693637576540509632240325,77624809709400335213710800613369805733198841072540389535861727017273061488198,2026-03-28T23:15:00Z,0
0x8f9ca96df2d61008d62d953245c8c15ac46ba28dfa56c59da47c8e8e2775cd31,mlb-ari-lad-2026-03-28,Arizona Diamondbacks vs. Los Angeles Dodgers,yes_is_no_run,62278554626439334479424702568825922663469792714342614033239981798372450069073,111293347553906706767868615626024388133926021054499088379638230299291478543897,2026-03-29T01:10:00Z,1
0xf04e6ec4ef48e1bbe79f7c67120cee98190464d231a2b5de210b385b161e51c0,mlb-kc-atl-2026-03-29,Kansas City Royals vs. Atlanta Braves,yes_is_no_run,74845525091183428915691598198148901707984405510295295145815664791951283774807,108188006931457289179093541941405242580229622048577288012897991435696814414834,2026-03-29T17:35:00Z,0
0x622b326c92d46c7a941b5a60996fe089b72f1c58a51e6f6f2aa91dbb37bc0eba,mlb-min-bal-2026-03-29,Minnesota Twins vs. Baltimore Orioles,yes_is_no_run,75832787491229632233828929221449557140447482608703718929070655223816817891768,91614364849003920680408393703531330753188983656852380258103601783445115601815,2026-03-29T17:35:00Z,0
0xadcc1e569f2ed6349d44af8fff152a1a3d105f2b83806b6b352a22804a0a5deb,mlb-oak-tor-2026-03-29,Athletics vs. Toronto Blue Jays,yes_is_no_run,56197387985095123923800097606106897007115654738505565337443876728778916981500,54357787070211538800905226298528295842233377637813311110541207043621144609123,2026-03-29T17:37:00Z,1
0xd1cbcfe99ae6fb5749d7eb2fc1fc62791c62b699fee53f79f62fb3d9d8782cf1,mlb-bos-cin-2026-03-29,Boston Red Sox vs. Cincinnati Reds,yes_is_no_run,50525912456543403495681592807171878862877236478113155785170484091372696996786,6338639182747316696651493843673474138650784983407779201905344645013086611338,2026-03-29T17:40:00Z,0
0xf0fac23799a0f55957dcf9507bf0154ba37ee6f29293c39d43442030c5297a39,mlb-col-mia-2026-03-29,Colorado Rockies vs. Miami Marlins,yes_is_no_run,77955228808549075971344981592973269168323941807987349142886516477093232004612,13817857430122978666254651671832467436953272997663008193878732140491872798505,2026-03-29T17:40:00Z,1
0x4c3c0e1d01e4e376a07760acc62a3dd16e7e14c750e781e84334ece20a53c218,mlb-pit-nym-2026-03-29,Pittsburgh Pirates vs. New York Mets,yes_is_no_run,4030236589290139832985122406439586743258018660825501443369144842096450299807,38788827679100214286611573195960573772727386874195388327427531507261310887158,2026-03-29T17:40:00Z,1
0xab416dc1f0d1ee932865ae598832cc5ff3f0c196724c21f22b536068187bfc0d,mlb-cws-mil-2026-03-29,Chicago White Sox vs. Milwaukee Brewers,yes_is_no_run,111723619925484067403197462254306138676498176393925538401493203294390606898733,28433497227634377437156102982242567886859425466824322261314522903907207798711,2026-03-29T18:10:00Z,1
0xae695b460198f7f1e4c20e5a15f89a2b789651069c845b3f88e554281e739b9f,mlb-tb-stl-2026-03-29,Tampa Bay Rays vs. St. Louis Cardinals,yes_is_no_run,49442303970763261371331990499723230767908935310642594093896696247393162491451,52061398696837810208811702540512160713689043781746935911791726755633883197410,2026-03-29T18:15:00Z,0
0x315d5a7509dde2b3f87baf007954a780e4a5649b36377705a1e84347319c6331,mlb-wsh-chc-2026-03-29,Washington Nationals vs. Chicago Cubs,yes_is_no_run,83139549858361241547126413466902407644361502349623510050554620601022204008352,32158449628291350775996805003158994753205786848078884329200779052525372518539,2026-03-29T18:20:00Z,1
0xe71becc3d4c7d35383e706d2a6292cbf530e96859412104f1bd731f042e07455,mlb-cle-sea-2026-03-29,Cleveland Guardians vs. Seattle Mariners,yes_is_no_run,97783649816110252454881760473670332751821336152060830391793640362140780069030,48068119660162163808537246036320411592534669377560830279660272510702001112583,2026-03-29T23:20:00Z,0
0x8bcaf94ad473fa90464058d3faba17c630c9db8c5363dcb266ba36f0fc5531c8,mlb-min-kc-2026-03-30,Minnesota Twins vs. Kansas City Royals,yes_is_no_run,68542112422495663835824037035219197324151190400831247377276684796526394824879,72561258791302917066164499062278840927712445117218542114041903569635331241003,2026-03-30T20:10:00Z,0
0x1290db754b792928a7a9252fd1da24fc5476d6d80928ca8a4cfb0e7524e9bc50,mlb-pit-cin-2026-03-30,Pittsburgh Pirates vs. Cincinnati Reds,yes_is_no_run,68639937514342660649587557891991220694070486109281693862221311711505851261782,84159448422262642597816281928564337041360187329216962472153928842146873553830,2026-03-30T22:40:00Z,0
0xe2696a82dcc674684c142630c221dcbf04f49e9710b939c616a7cd0a7fc2be0b,mlb-col-tor-2026-03-30,Colorado Rockies vs. Toronto Blue Jays,yes_is_no_run,45994597191709157743509810569812113336372150072349212405136656709732421664918,111091949450031856029466407114584600752913285898844586379296228571109473374206,2026-03-30T23:07:00Z,0
0xdd6e2012fe113ec214102245ece3e5c1bb4adc59c67f6b779245e6408f6d746b,mlb-oak-atl-2026-03-30,Athletics vs. Atlanta Braves,yes_is_no_run,62548336143775575110282075285164010647264235556555675834672364285577776340551,99178452278532851789564345222336172591303626544681657268889696227827750124337,2026-03-30T23:15:00Z,1
0xfe6a7a24aaf6688dcfdce59c22555ec890a8161f60a8a684b862e7d7acbf9a8c,mlb-laa-chc-2026-03-30,Los Angeles Angels vs. Chicago Cubs,yes_is_no_run,6334107328004228553976992951512078511382656183174602432633439404817681165593,61309062789619273355442598236859872363816513056239961874616311509545704217112,2026-03-30T23:40:00Z,1
0x458ec040e250121c59135ae78e6e2705b5d4673cb72ad95e94e9fab46e0bcb25,mlb-tb-mil-2026-03-30,Tampa Bay Rays vs. Milwaukee Brewers,yes_is_no_run,92185593986801307784201190276646402700793659236321610233940575488406889971593,20175461382108408774968225441303980687456502781455278843018103604181607288209,2026-03-30T23:40:00Z,1
0xa1b2c899b111a723f6af55e40d8fb55f5923f177d150fa643516e138ece9ce47,mlb-nym-stl-2026-03-30,New York Mets vs. St. Louis Cardinals,yes_is_no_run,31634311231946313841642071282731295053226512312032741730147368245256170571701,56474232703975326503785728610394273686827361689089619500998891245584426198172,2026-03-30T23:45:00Z,1
0x2bfa46ffb1dd60b8e6d2372f5d473c281aec18647a342c261d80fe797271818c,mlb-bos-hou-2026-03-30,Boston Red Sox vs. Houston Astros,yes_is_no_run,80718201155214524663704909630994608244811649504163729800151191292369306415508,56259912580585464058934219636782306514501358899774341235646639676348368482085,2026-03-31T00:10:00Z,1
0x50c045384a1ae1e4061d4c61bd74669333527ad698ca1787344ca70220800abd,mlb-nyy-sea-2026-03-30,New York Yankees vs. Seattle Mariners,yes_is_no_run,63460101967821960071076050659956882153770260339718526883210764702954491051234,93302567787034773633752836774447654375673914118084421164247278695544125662965,2026-03-31T01:40:00Z,0
0xac599064b6aca7b831f4a6fa2cced5e22c2aae1bb8d074fd49b3d9744e4111c5,mlb-sf-sd-2026-03-30,San Francisco Giants vs. San Diego Padres,yes_is_no_run,55402761104322760108319711709351484832814883377571862657931665543332431990692,32373524608827164190712195445772459280916689823136229473515491178104211254846,2026-03-31T01:40:00Z,0
0x7abc3638cdfc16f1fa5f543ace974b7ff7a468a91cc6932fbb259578a59c0d90,mlb-cle-lad-2026-03-30,Cleveland Guardians vs. Los Angeles Dodgers,yes_is_no_run,109548217789764342643701276374078397752141486460253313073962816068822563641244,62149607390467884248892616084807858025155709155820373119449077744018582669866,2026-03-31T02:10:00Z,0
0x181039ec5be33ed8d3e9eeaff85634cc1df6f97fbc3a1b52aba94e138a93a024,mlb-det-ari-2026-03-30,Detroit Tigers vs. Arizona Diamondbacks,yes_is_no_run,13536221232362140701284844601413086013261773620666982565938528087463056723152,103891858893461549302988125956207873554768068197629085978795266732697073111921,2026-03-31T02:10:00Z,1
0xe311fcec29a833a78cb863dcdb07a0e494d11db76b36ea9c102c7da3ef21398e,mlb-tex-bal-2026-03-31,Texas Rangers vs. Baltimore Orioles,yes_is_no_run,29989497942148970695918424431523652502484298757751355161211640969084807701432,111622977486471049848276322334826202161506554897067641641730055270026405789186,2026-03-31T22:35:00Z,0
0xb377d3bb65605fa6a9d8dda1e5497f580fa95c1210aced94c1ff94e2db5ec71c,mlb-cws-mia-2026-03-31,Chicago White Sox vs. Miami Marlins,yes_is_no_run,4190319079988179899709921865220575015283160098129759971803704938984909363855,107708383335007141023081807408485904058300455031556034365229706362292538813970,2026-03-31T22:40:00Z,0
0x16d55415e1caa51460a9b20c46979f81c5650f2f96d57c4d1d7697aefccecfdb,mlb-pit-cin-2026-03-31,Pittsburgh Pirates vs. Cincinnati Reds,yes_is_no_run,90559704912975792188986823109513894259721275869140080989521669258934852876816,70473219742406774265131763267173525524865793381633440845012946072317774579586,2026-03-31T22:40:00Z,0
0x93030c897f16e117387163dbd6b268808f26633f6a8c6b31ca5db6b1457ffd97,mlb-wsh-phi-2026-03-31,Washington Nationals vs. Philadelphia Phillies,yes_is_no_run,30392805063361027841539928662579428442070804965124421765721526205815724084854,78623842244574164760430699312155489692019362918449733956637514249333454855127,2026-03-31T22:40:00Z,0
0xd26894383100ade27d2993123938aeb8f3dfab0f1510757ada01562cfdc8b119,mlb-col-tor-2026-03-31,Colorado Rockies vs. Toronto Blue Jays,yes_is_no_run,16761920518048874665229765172013626776412938280525656805386041267658536158193,100122351524925363973129740025370377772276509356513888395813771805724114184073,2026-03-31T23:07:00Z,0
0x096cdc88e9e0b45f4ab95e1b046ce2dcb6b4d030e823f8b987b3d71f1f9b51a3,mlb-oak-atl-2026-03-31,Athletics vs. Atlanta Braves,yes_is_no_run,36751074030204972729733336132262456936925437226659183431359991643374623536342,95814531041270446119393007413803196373098488280082352593758516152439052170550,2026-03-31T23:15:00Z,1
0x5d8153f7eb7e7801c43c102745a4e25c8f968f73a3aec7ed28e6b265de4727b6,mlb-laa-chc-2026-03-31,Los Angeles Angels vs. Chicago Cubs,yes_is_no_run,51663353985704060820400021413722403106556754282589682859230544362487793614711,70951218767046258042780726604648101561373367666235265361188930431870110159027,2026-03-31T23:40:00Z,0
0x7b7cdd5efe6c6696229e49e649fdd8de64fb9a2dc80eafdf5b35ad0c7b58b198,mlb-tb-mil-2026-03-31,Tampa Bay Rays vs. Milwaukee Brewers,yes_is_no_run,103001096024812967362727971368553429940313402185581447510570229160339716397014,102505621088319039198314416593139576034846861921944491540576090079016286410311,2026-03-31T23:40:00Z,1
0x258e078718a0633d0aee620f5fd030a345051e0a37e8acc8adac5c8dbdcd77c1,mlb-nym-stl-2026-03-31,New York Mets vs. St. Louis Cardinals,yes_is_no_run,13270976766710310173905273042902878279500603936793029565008261279302861608713,46452245059984943040948131948519498553748710070486647716618283951069012116891,2026-03-31T23:45:00Z,0
0x9887f235f5641bb8f661379da0cd5c0ee55604877a375a62a3ef27030d9de222,mlb-bos-hou-2026-03-31,Boston Red Sox vs. Houston Astros,yes_is_no_run,72921304448127237684307572190726186485587319059948517046176604028246742973190,67273202331783625392894305883097547706685182407542694673123369610781663883279,2026-04-01T00:10:00Z,1
0xdb3b992ac900966c58a16f2bbddb6673c7af2c3d40bb9e6c0860ffb9d981b5da,mlb-det-ari-2026-03-31,Detroit Tigers vs. Arizona Diamondbacks,yes_is_no_run,101126502463050107221612568055696800049659982619810952315181315619944022743305,16556488997625056929252861673976893331758094767448136765329101772979162205225,2026-04-01T01:40:00Z,0
0x7319ba4dc46effd4812b8feb520a49e8ab309df0143e282bd02a811963be2797,mlb-nyy-sea-2026-03-31,New York Yankees vs. Seattle Mariners,yes_is_no_run,95647825439588942020015325089004097200285660465330893808357248817603621986863,77162860759141117874217498807162758513661403131591606384620517867702550226031,2026-04-01T01:40:00Z,1
0x1ff13adb5fb0348531f91fa7bf4f182c827bd128ce89148ec62209f7c790db7e,mlb-sf-sd-2026-03-31,San Francisco Giants vs. San Diego Padres,yes_is_no_run,66383688976328877315490633749161576729594976264914736618672714282860324469583,79206139112671779488248826961876053603842479883947229001963755115711951932959,2026-04-01T01:40:00Z,1
0x067681dbedf74e3b3f63ae417a8efbc04c16238b785c3e1c816e0304fdd73eb2,mlb-cle-lad-2026-03-31,Cleveland Guardians vs. Los Angeles Dodgers,yes_is_no_run,79659354632468328706420551526183472931630158520222499338596316216377245725767,50836677755705699621653777282796544109804959280826776912968961711653143388246,2026-04-01T02:10:00Z,0
0x5f61991d781502f2fc2f7284a4cada5a8b65eac7f86eb0a07d66c28e10b52054,mlb-oak-atl-2026-04-01,Athletics vs. Atlanta Braves,yes_is_no_run,53419744066888277801901366514699484824624108473103184375863922610571888867541,20341903695748291321289306470613810037380067400942883824042288498142156490837,2026-04-01T16:15:00Z,0
0xdcff69c0ee2c13602aefffb7587e1d721c2819360d3914201846651da607ca12,mlb-tex-bal-2026-04-01,Texas Rangers vs. Baltimore Orioles,yes_is_no_run,8079524284001372725013825380315935151725743087782768886604783989740619684339,106620932242960947094301668333183755164676618755425181880399607181962714621292,2026-04-01T16:35:00Z,0
0x9a16e30aba7668d299ea134c07122e1b81312dcf6360a49eee2e65f38c81901e,mlb-pit-cin-2026-04-01,Pittsburgh Pirates vs. Cincinnati Reds,yes_is_no_run,23638159094790716391674669017119340740192525821902170970794189664328153814726,114102171795024851267696465417655084276991472878887887279889027121723722510161,2026-04-01T16:40:00Z,1
0x31dd8b771f65add39b8611e03b4cebd726159c309d6c929e13a21ae40352cf52,mlb-wsh-phi-2026-04-01,Washington Nationals vs. Philadelphia Phillies,yes_is_no_run,83503712130592297892158977330923417473509586867344394647724860588090899985120,26418951134903376175419182703092810994820407474373265052936304421249165678812,2026-04-01T17:05:00Z,1
0x47b0d88f6def0e31ff40e13c15f1f8ae7f869ae316f56bb674b9838bd06248bf,mlb-col-tor-2026-04-01,Colorado Rockies vs. Toronto Blue Jays,yes_is_no_run,114957516983769143556446485838309188064474064847580164109357795630527975037682,4225533231055680243787323849999443193502905553153344610595687774304016823003,2026-04-01T17:07:00Z,0
0xe986c70b3af081d1579ba7752c0f8c7675cbe41518d8c7c54c92a962799f2430,mlb-cws-mia-2026-04-01,Chicago White Sox vs. Miami Marlins,yes_is_no_run,48484722316907399723566963749546882033276016192626395265776207367875436426611,48513051211584261283247285522690166264354590850183072958287505332093666227890,2026-04-01T17:10:00Z,1
0x7fd020c2cc1e01ebb98ddf9698a790fa92fd4b4de54704335dbe44457eb4e3a1,mlb-nym-stl-2026-04-01,New York Mets vs. St. Louis Cardinals,yes_is_no_run,18182787885098101712496389779445983415499795612673031828544818468436715426107,39474732835772050638576209099354884057652298357324104395559320691934092070760,2026-04-01T17:15:00Z,0
0x961181fd79d93ef518c50831ad3a0f8951310c0e3615405fe9556c64aae532b4,mlb-tb-mil-2026-04-01,Tampa Bay Rays vs. Milwaukee Brewers,yes_is_no_run,85347462302675293337678079020778034800698341561105520685589630922527154581740,4503670713634254413262976010819357848446594401417525223534744028778850707037,2026-04-01T17:40:00Z,0
0x8b4f327ce794cb768e39e6caff6d2eec50fb1a71c329c97330811635b41f55b3,mlb-bos-hou-2026-04-01,Boston Red Sox vs. Houston Astros,yes_is_no_run,27767284016313893403195084829004959660925009284934060238658829047565915307822,11152795204681817237274920187563189470749272631616334687744806425054061124772,2026-04-01T18:10:00Z,1
0xbb2ded145a3e6767722432240e19592ec2afec6767223d426267662682256b03,mlb-laa-chc-2026-04-01,Los Angeles Angels vs. Chicago Cubs,yes_is_no_run,15147329897294164025819447871822336469511889745698433411220797322712492143047,89750975607495137905897525359936572046837248882050355719386225275360589320135,2026-04-01T18:20:00Z,0
0x06ff5bb3a5b67bff16fbcf36de8c990886599a309619b6636b3ae6f003a537e6,mlb-det-ari-2026-04-01,Detroit Tigers vs. Arizona Diamondbacks,yes_is_no_run,63098740999006488893856528303136093848270858433502943251756703543742779502232,71505640623042300873289733377594281141116480314291743518465652087566253389444,2026-04-01T19:40:00Z,1
0xfb18acd9de8eccd1416b26c8d62a8d9315f105d2fc3c7b13584d797979bfeaec,mlb-nyy-sea-2026-04-01,New York Yankees vs. Seattle Mariners,yes_is_no_run,1328325497359397239441929217805200521010675790045788144395096737435956101299,64251561668338377137981100631689726178748737233854522734625852582493011526575,2026-04-01T20:10:00Z,1
0x6930c84497b05a7088bd9a032dfd592a3995a195ec40d557fab2765a70279224,mlb-sf-sd-2026-04-01,San Francisco Giants vs. San Diego Padres,yes_is_no_run,113509835441872415060141965887893718835504202755822770011286181304993722233222,60915761234943543904159543636021548941903276039675909541722459387509123991245,2026-04-01T20:10:00Z,1
0x9ceea03d76fade0eb6aae457f804fd9dcdb2add0e0b10eed5cbd38241fd90da6,mlb-min-kc-2026-04-01,Minnesota Twins vs. Kansas City Royals,yes_is_no_run,79170201770386962230599420362083412359590871489781929529246565018704707199794,52968955716633500727008288119979741273915490455063532706338991231122149413446,2026-04-01T23:40:00Z,0
0x9bf29967139f4203f94e21908809a993f80eff5010ed1f273cb4da66bbba1bb4,mlb-cle-lad-2026-04-01,Cleveland Guardians vs. Los Angeles Dodgers,yes_is_no_run,37526205775074662590263300762467418122633429514117392876852919294276153367981,26187430420111045171971360365811358230263958371531388675936791104062033798268,2026-04-02T00:20:00Z,0
0xd91f9610e660b2dc20190bb56238f3b68a4344fe77019a7b8d7aae6210071dd8,mlb-min-kc-2026-04-02,Minnesota Twins vs. Kansas City Royals,yes_is_run,59746734178758115058033076918662970213524320519302214802255531834796903991193,82152602943056926990881762256822608371451750783443976738771315981120740211234,2026-04-02T18:10:00Z,1
0x22f8453f3be27c78b748746af0113f451eee57aee121afa2abf0cd89c7b54fb5,mlb-bal-pit-2026-04-03,Baltimore Orioles vs. Pittsburgh Pirates,yes_is_run,60555577682784933489303022102791765032613768757861550609559069424859267803539,45868966151910262210009154724246213044614088975637750091282378914856973815940,2026-04-03T20:12:00Z,1
0x678486b2bef0b1c59b3ae25a4d0d6da1183e01bdd33fd8edc8a52838cba1338f,mlb-mil-kc-2026-04-04-dh2,Milwaukee Brewers vs. Kansas City Royals,yes_is_run,15639891615828005187306066171682987009643181128186536740384301603504601542193,67023267046147309079016270259989644090275508100475332728146487157566831572699,2026-04-04T23:10:00Z,1
0xc3ed8d870a8cea867fd23e8752b5dc33ba1378ce12cc3d0ec5f617867e8b5de8,mlb-chc-cle-2026-04-05-dh2,Chicago Cubs vs. Cleveland Guardians,yes_is_run,95411195402723361354712996032386670438324426526499247903904192282259439558983,69247811874086655754982146367265537819840557653741726060494031745133148053788,2026-04-05T20:40:00Z,1
0x81f228d8806a321271b4193dcc1ccce8be93a39888cbdfca4ae50762833dc953,mlb-cin-mia-2026-04-09,Cincinnati Reds vs. Miami Marlins,yes_is_run,38998075580615864271751986390297224623460662713602267518273323558624813086979,19159765963077946850215201930451241477598983492946903123610494947439096811135,2026-04-09T16:10:00Z,0
0x7d20cab5156f8b00356ddbe5ba380ba29a9b1d2c9c01534f0a3f73be1d00e27e,mlb-oak-nyy-2026-04-09,Athletics vs. New York Yankees,yes_is_run,23875706155153409485211868573639257224475656175259925142074571769357946506050,42096390345623539196248819618157967096701512239841845892785571185014989349340,2026-04-09T17:35:00Z,1
0x1c83007be82352c6ddbe0378cfb27f33d22b14e74b176c215f537d6cb3915506,mlb-det-min-2026-04-09,Detroit Tigers vs. Minnesota Twins,yes_is_run,61530715331423995235664297308396729597266306854297078073088647203460809668634,107118778342599918843459658121105369959231460541205784057514500013306178703576,2026-04-09T17:40:00Z,1
0x6ba73289c749ea5d163f59739c3213daab8e14cf623b409e1864a685210619ee,mlb-ari-nym-2026-04-09,Arizona Diamondbacks vs. New York Mets,yes_is_run,107462766073519667034535218357736652531472670030184676242294292187102085991210,13612555873361243002361726410952903711987092118143894564202099069238322766660,2026-04-09T23:10:00Z,0
0x58c648d6764d0a5c04a19c577aaba7446167c0ab40fc4f95230eb6cf9f13ec89,mlb-cws-kc-2026-04-09,Chicago White Sox vs. Kansas City Royals,yes_is_run,114233887745745745169947917926279644182504732014627083076285976359796636118116,110457871067403504027902432088288473385368260513424542165911735992840054922607,2026-04-09T23:40:00Z,1
0x3ef8c2d8db6136c6b656002d53168d8fb9edf09e9bfb5de66c4cb679757ce904,mlb-col-sd-2026-04-09,Colorado Rockies vs. San Diego Padres,yes_is_run,96840382512050160862051597205059732621471254858283411779584483956634470417700,19010403406327693697416455577191621184182166180044905933101277844601407260972,2026-04-10T01:40:00Z,1
0x89331c7d5a097de4620ae0ebf3f9f7a523eb3a3d3f63a0266eb99282e1f1f166,mlb-pit-chc-2026-04-10,Pittsburgh Pirates vs. Chicago Cubs,yes_is_run,76568341285825840293826199850828195214670665896125010866019120473198402825416,55861161887491838835457759510196198824641351625083571517068398465842437353987,2026-04-10T18:20:00Z,1
0xcf67e45c51eb78d864ecbc1f73bdc261805e214ac08c1198792aabdcd108b0ab,mlb-ari-phi-2026-04-10,Arizona Diamondbacks vs. Philadelphia Phillies,yes_is_run,78535729820794602067716965751892878542283168157962772200591329401120658411605,40192401932314445096985178351472021869060237605663604643216038412473457325950,2026-04-10T22:40:00Z,0
0xbebe1db7b8c1a6dda616dde4f7496ccd6a69f28f156f43394bfee25861b33f7f,mlb-mia-det-2026-04-10,Miami Marlins vs. Detroit Tigers,yes_is_run,94418884707301812481194127585306260233004731792285472240927360653164522400862,70308381389947111453272112757509638974592495678456357723796876073668308530015,2026-04-10T22:40:00Z,1
0x877c01aebae4c90c19c63d0a825ac27b539a7dabd2993748ce0ab05d8509812c,mlb-laa-cin-2026-04-10,Los Angeles Angels vs. Cincinnati Reds,yes_is_run,50626673530444590944889174017268142349259064501031351452396425345825406599561,98310618758250379005279361049253952319360106784766231543907468074784264920991,2026-04-10T22:45:00Z,1
0x8f8100dbf51c239ac3cb5e80fb52f91695be6c0eef3d67afdd1b523b6aa4180d,mlb-min-tor-2026-04-10,Minnesota Twins vs. Toronto Blue Jays,yes_is_run,74048727827494022225739463367317653729124333407648276790578575054853138768347,21007944750827859293701706043534905763170763895724404237561898581750260025697,2026-04-10T23:07:00Z,0
0x89e9275e166e6648daf17b6a9b4f66afe7065e0327e191712722f18dbf3d1167,mlb-nyy-tb-2026-04-10,New York Yankees vs. Tampa Bay Rays,yes_is_run,57550941790486771180701837568262073519553705967151172951635584432400293690394,66256531972619051017857474043189813773336500236445958898146212804027265743846,2026-04-10T23:10:00Z,0
0x18564f39b50c2274b7ab7631b70475520e16e32d3e4b9055a7c1118a19987ec4,mlb-oak-nym-2026-04-10,Athletics vs. New York Mets,yes_is_run,106651814995751310535519633257449491796086614812904613789030930653644826767690,26315101657365180325982807030973610724038672053468899660988615398842129521944,2026-04-10T23:10:00Z,1
0xa10e36c49d71f7df27d56b22c8b5538d72bb774995b52d014679308d636a25a0,mlb-cle-atl-2026-04-10,Cleveland Guardians vs. Atlanta Braves,yes_is_run,10981238683228099895271639081434518110774575980464509178402457161123729024444,40627226612670700337025362487550700929616812418697925327434848862877828997172,2026-04-10T23:15:00Z,1
0x7fe87b04406709bcb2c9effe897e821ef97315c69acc3978f336a6767bccd339,mlb-sf-bal-2026-04-10,San Francisco Giants vs. Baltimore Orioles,yes_is_run,83302197739086745427133094778753388100589776564078656743883674798274375226287,77691686006867383175257235177411798552579630293410987758827134497733037207867,2026-04-10T23:15:00Z,1
0x6c2d767004995326b4c8e88976e68ab400895ea9544ee451bbfe064334f67a11,mlb-cws-kc-2026-04-10,Chicago White Sox vs. Kansas City Royals,yes_is_run,13805024576111652160086453310806734981871629937826362129412170814768125376784,115754366304650801825273072133369249965228767693226056908729252409601488644740,2026-04-10T23:40:00Z,1
0x1f903c94c8e108b4edb4c87321868f8b17ede2eb2d4837f690fa0c641d3fcffe,mlb-wsh-mil-2026-04-10,Washington Nationals vs. Milwaukee Brewers,yes_is_run,86075584096110104945559559548529839600819096715841240490558098233766999815468,112116259587619563550838675556074242911957985328001790655926612109363908802089,2026-04-10T23:40:00Z,0
0x369fc534e326042ffe9c963f761dab5390d7ea5a3f909b80280f42154df6f317,mlb-bos-stl-2026-04-10,Boston Red Sox vs. St. Louis Cardinals,yes_is_run,30550803901734887609679626368048077614622179306331400024566071810286108271605,99307029085192296525333138103763943719975666060454686952194868521530312368418,2026-04-11T00:15:00Z,1
0xbffb60b2810093f922a6e9f6e85f3181e95fdb9b21ae09a05847c3dcc3787a38,mlb-col-sd-2026-04-10,Colorado Rockies vs. San Diego Padres,yes_is_run,88692325802581779510785743696314615669078027141907827138640859797328922778104,30239555993559953172722000659218126125038030650690189538048131396374408635992,2026-04-11T01:40:00Z,1
0x66bad2c1ec15c454f75bde194468b0c06650470fa4e762249ccbdd9aae5581bc,mlb-hou-sea-2026-04-10,Houston Astros vs. Seattle Mariners,yes_is_run,113119710264803739983622952263517422482532120435544265814661507195486128508290,87454706414989295911660233196866647881847320159697836437436211686266514250845,2026-04-11T01:40:00Z,0
0x9618e173e4de168bfc221f7b6a18ef5406bb1e0a9d87bb1eb667f298781260cf,mlb-tex-lad-2026-04-10,Texas Rangers vs. Los Angeles Dodgers,yes_is_run,100172161246103920797929622193418772985597065395103095549706844701210520176232,82860439997076271787294347547661410809949492140054012337024625039736745519079,2026-04-11T02:10:00Z,1
0x4e92300bba536d506c495db47d510d4f4e2b447d2159c461a5a916f0b1a06a42,mlb-ari-phi-2026-04-11,Arizona Diamondbacks vs. Philadelphia Phillies,yes_is_run,37412426358047528526559487564326813082168684910294214027795070435929752406429,105247272323281936076497642853559648597355950122650556294740636780276021282201,2026-04-11T17:05:00Z,0
0x559baafde8459646b13c028e6941bc29a8bec698fa545d75f4d11a7766b59a24,mlb-mia-det-2026-04-11,Miami Marlins vs. Detroit Tigers,yes_is_run,6746023245733012836008288919069488094112040018584663576976740437293526206447,50834589525280061530964142530511129976520912169502244654192862751417775684290,2026-04-11T17:10:00Z,0
0xe3e0be198a31cac4c05b56103dd02ec56a5a083b7df4648f4feaffd66953a65f,mlb-pit-chc-2026-04-11,Pittsburgh Pirates vs. Chicago Cubs,yes_is_run,61499359996335263646697283386681525365711316458800100402393739219040389411511,1274354119580078958103162986813190887866473676347581835947964613904250544485,2026-04-11T18:20:00Z,1
0x5b84a8507f65b7459afca40448d85e90594082ce37aa9b90d0e99864320fd457,mlb-min-tor-2026-04-11,Minnesota Twins vs. Toronto Blue Jays,yes_is_run,82885732140864994363565836347050243200792837660291581999205480119968699731046,31001313164740941711706231469017588117068613867490335428582033800894353317447,2026-04-11T19:07:00Z,0
0x7306b7af7fbec8b4f93fca562d228f768fc8823308a69e2b0621c95159d4bf2c,mlb-cws-kc-2026-04-11,Chicago White Sox vs. Kansas City Royals,yes_is_run,109659344977531467009062985997780464232072172101870662787155108049118116601208,94982576119713918483886169564602937477563268770075845281665290650855692888717,2026-04-11T20:10:00Z,0
0x547a51258f0c655b125add88670db317e68f7e4bbccb178d7bf06348b22ef713,mlb-laa-cin-2026-04-11,Los Angeles Angels vs. Cincinnati Reds,yes_is_run,28488185670981237549508398953324448248209044146751202767577317914688529955675,28369226377616101336984114451920569928618702371397848889599591609849690989647,2026-04-11T20:10:00Z,0
0x8a957ec67fdfd4994956c3de9886b62a2a842931eed122ba859e5dbaf6aa89a5,mlb-oak-nym-2026-04-11,Athletics vs. New York Mets,yes_is_run,37060976765633473062332144217658705341710263447311229016455723137656911776928,96041003183852498217090765452298925350173157077095732232344761195613336407866,2026-04-11T20:10:00Z,0
0xdc7a3a38fd953938db27fddef24504e407cb6391eb2fb3e016760201bf711af1,mlb-nyy-tb-2026-04-11,New York Yankees vs. Tampa Bay Rays,yes_is_run,73097896570647126884339696289846316610762060070083038853127577824401194806150,52807178835982629037977567072309658527450831890932668932844082213509806329211,2026-04-11T22:10:00Z,1
0x8b8dbec61ea58c6385487b32aa4bf766e259e969ae4c40c43bb34825ca5d083a,mlb-wsh-mil-2026-04-11,Washington Nationals vs. Milwaukee Brewers,yes_is_run,86876852318102891852582506061402057195226583453494893502744179230672484818631,65822878625276130828525415752005860577631384737153454031946753169111823929284,2026-04-11T23:10:00Z,1
0xd39ddf653184e994a36c00cdb549d2614c6df3669684f4355e131789f3044dad,mlb-bos-stl-2026-04-11,Boston Red Sox vs. St. Louis Cardinals,yes_is_run,83318497561861798498994611511695999695773927457027674101968124848683576453475,40096795880434739638977605880406342017037145121139061261813910742233232445727,2026-04-11T23:15:00Z,1
0x527c2b6464da4c9f5dbf78a84e1ab89c26037b0d0e6e26917358127bcbe51a4d,mlb-cle-atl-2026-04-11,Cleveland Guardians vs. Atlanta Braves,yes_is_run,95544520281976679073776852381532587285141120236295064408547061696168833239807,77054681802340989112253588777915002938173213906071403007255145634374456387330,2026-04-11T23:15:00Z,0
0x78c90293d6cb97a5a971e4fe4c9b8db957b1ec47d808afe362af98e0b2099e77,mlb-sf-bal-2026-04-11,San Francisco Giants vs. Baltimore Orioles,yes_is_run,43165233427356783700336434771849816215982407035289890568160588143709628251596,67705560776718492405125082214587564397542048933163464098059458586598701460451,2026-04-11T23:15:00Z,1
0x8e7bab548e82cb2b441acc9eb131f6b729cdf6b80e50fe462a044792a356adc2,mlb-col-sd-2026-04-11,Colorado Rockies vs. San Diego Padres,yes_is_run,78118156972444294527446077645503898667139370922613206965319836284335134229034,104577785273223164745935392552783442348055415126392254532069439142192058571289,2026-04-12T00:40:00Z,0
0xff40f57644c31077deb18cf0ea928b749a7c4554bac60c8160d345ace2cfed1a,mlb-tex-lad-2026-04-11,Texas Rangers vs. Los Angeles Dodgers,yes_is_run,89710566081235634995196977160817865307826619681638284118657344669157784394116,21245523994969570954500045309884307886837467882461559247794177767084835647015,2026-04-12T01:10:00Z,0
0xc000f152c98d99d21b3585a54e06c85b697f0c92027bc7da8315aa9d6c6b92ef,mlb-hou-sea-2026-04-11,Houston Astros vs. Seattle Mariners,yes_is_run,75257924664388784183990591295152844920867209301579537920570915241528519791176,19719678178400034058970680595893699012333154733966107081817297279262165548566,2026-04-12T01:40:00Z,0
0xb7bf1b76f0359fcc6d85e8f9b1ba6abe336d91783e19d5d7f7ffae56cd277170,mlb-ari-phi-2026-04-12,Arizona Diamondbacks vs. Philadelphia Phillies,yes_is_run,52613074752271063157768568369822536729145658197419607079333518427327188430791,68350665028839373475613476426870399158277164340386853936998280997083274878683,2026-04-12T17:35:00Z,1
0xfe7e537113fe07832189ab73ff5f2d2dd146727526b1c7aeb243017839ea5b32,mlb-sf-bal-2026-04-12,San Francisco Giants vs. Baltimore Orioles,yes_is_run,70573771944967252959284697843825553376110859918454158934272213458021530442092,26554424800396098689131856733715198982201616874585754673521818073989954348152,2026-04-12T17:35:00Z,0
0x530e4c6c2e902e0f82b2faa9a1de6a1507d02e6980ca887cead50481bb59d3fc,mlb-min-tor-2026-04-12,Minnesota Twins vs. Toronto Blue Jays,yes_is_run,96546118096441459175102739303505781432840090290431719941347627811531899958747,71031974596941952465121372271740213543256420808508035016989888057050526782793,2026-04-12T17:37:00Z,0
0x6545c733a26958e7da99c260f4adcbb24af338944b47561d28e1592d7b227d26,mlb-laa-cin-2026-04-12,Los Angeles Angels vs. Cincinnati Reds,yes_is_run,56437459239090176586257900672586190587076603798545571761627955945968557921864,44216390384689759963412849446831124770382310953021794633030317729940337338298,2026-04-12T17:40:00Z,0
0x15d6446639dcaa04dd6016f8e179d5d027ead7867e6b43320c948a5a0722ffa8,mlb-mia-det-2026-04-12,Miami Marlins vs. Detroit Tigers,yes_is_run,88835036464646123708491316435762178179557132443907932970552105698087819785917,112420616967589798884176206379267946555648967919911582622828092841242276776845,2026-04-12T17:40:00Z,0
0xe17935e3dc722b4405a1bbd96db706bbe7da78d6075924d4c968b3f618a4aa04,mlb-nyy-tb-2026-04-12,New York Yankees vs. Tampa Bay Rays,yes_is_run,52149169322577242018614977558458278974345646544714502179599568909983635153586,82143989287840835737437590158912366673791926638211668011763778170185528096233,2026-04-12T17:40:00Z,0
0xab9b67c4d7e424c32cbdb23aa27f09e156c2fcfa3134aad70929b95b1246e04a,mlb-oak-nym-2026-04-12,Athletics vs. New York Mets,yes_is_run,61528318926662608476788303327620600988072738141012646481127343194176466613564,10796174096742805728809778328993296224362579734791774423126497735743292247269,2026-04-12T17:40:00Z,1
0x3d358532e76d25ac2c365a9dc8d0f8b1d2a743cba1f8b942ca9a58f3a7c328e6,mlb-cws-kc-2026-04-12,Chicago White Sox vs. Kansas City Royals,yes_is_run,69654235492580389767458035920252976321479040070332714946547001818028130327360,39925225086260741158709888165779068906379902527863408261021009885952573322832,2026-04-12T18:10:00Z,1
0xf649856d1082cbecb381630fefe9e16f251328bc7b1b410b48da8afd38af6735,mlb-wsh-mil-2026-04-12,Washington Nationals vs. Milwaukee Brewers,yes_is_run,88813525023064115457085907072869665922750544652426577887475636994636338076666,2646370168805921299635935351101361734817667871487400033553724209767045784115,2026-04-12T18:10:00Z,1
0x6e663e2ea7037aea8c664541c5ddfaa9e9200932d7c098dced0bfec5a3fe19c9,mlb-bos-stl-2026-04-12,Boston Red Sox vs. St. Louis Cardinals,yes_is_run,77118437569645746399355872077023142029282491754256329695479911186853989846378,75341335706948456707611271310524938038840063382637127679473704338140582119623,2026-04-12T18:15:00Z,0
0xfafb1356fe696c64e01f2587d1625c4f1543b3c6aaedbb6ad3a6c1f37e210ce5,mlb-pit-chc-2026-04-12,Pittsburgh Pirates vs. Chicago Cubs,yes_is_run,71743499382327409456948820365274123603417938845452793505996415510953095701754,81670372329477145193700107649206730006427799804616237477485180955431131700880,2026-04-12T18:20:00Z,0
0x47e1d7ca5df2b2e35fe7d14fecef6a65a0c9175b92442261c9ff77cbeac844df,mlb-col-sd-2026-04-12,Colorado Rockies vs. San Diego Padres,yes_is_run,27601980140962120125538966190121257715527665872120026566070149009981288506271,99525505762982093039981590291129977843651918121935269231851770142565774472023,2026-04-12T20:10:00Z,0
0x50e26a21dcb98af28e3269fe54a7711dff649924c79e422f1103e691b9683f30,mlb-hou-sea-2026-04-12,Houston Astros vs. Seattle Mariners,yes_is_run,106508025062835592403077031218901142031318479652021486505340050358474302831659,45118908496897311205036146512839343581072624708266926144189048917044392997801,2026-04-12T20:10:00Z,0
0x579391af3b76debbb5b3e81bb72f818394487a39c0adbaefa2bd8267d9b7c479,mlb-tex-lad-2026-04-12,Texas Rangers vs. Los Angeles Dodgers,yes_is_run,53452445887336678941937559893220934063760808728686574061540954333830502186127,110596159414556128521547368169464825263912166880603001279037581915578385233036,2026-04-12T20:10:00Z,0
0xe7fb40f918bbebc65f5f762514d5c8b33c60868698bc2e82196d780aa4572140,mlb-cle-atl-2026-04-12,Cleveland Guardians vs. Atlanta Braves,yes_is_run,70566300421114738445013663113192513077216951948651120933269038801435664958882,28058193000606404717896376102341194012944984683251831276320707541719274180523,2026-04-12T23:20:00Z,1
0x5833064abf1e0e8cc300650389dfcf194ce3d687093969b129ff8527d71734b4,mlb-hou-sea-2026-04-13,Houston Astros vs. Seattle Mariners,yes_is_run,3839071749826920248976725055926906684589842422956964035003653515636977062676,52776240928720887953184487735142487820746990286763864492456445465145397458793,2026-04-13T20:10:00Z,0
0x71f9b076cba18efb4b48f5cb9e1b54ef9ddbedcd296a8fb3815bb64369789366,mlb-ari-bal-2026-04-13,Arizona Diamondbacks vs. Baltimore Orioles,yes_is_run,26084897484645214656020546941054662319010775027890369206829169991472259232069,114169867330902509029010624468624871976154053360847747039960768429033881045821,2026-04-13T22:35:00Z,0
0xbb2572d93824fa01f3d583837f01520f6e5966a43bae62f63e3dd75586133ceb,mlb-chc-phi-2026-04-13,Chicago Cubs vs. Philadelphia Phillies,yes_is_run,9667701903002274189105525209935471770014089939892813092183081183701528162917,27544572260645519441777740156630962254768136839521519340398494858915917954728,2026-04-13T22:40:00Z,0
0xd8aa0263a498d8c1409a52eeaae6fa2dd7d2e639d484d02f67bc4db78823ba64,mlb-wsh-pit-2026-04-13,Washington Nationals vs. Pittsburgh Pirates,yes_is_run,70706802083155130029049719137987125549453543393809227738661915693899216095925,64923066346625708299175069608100165585769766078205226718802433283715040636750,2026-04-13T22:40:00Z,0
0xc78dfe5dd59d13a943d4ad3593891d96922fc649d8224a6183d354879d93a866,mlb-laa-nyy-2026-04-13,Los Angeles Angels vs. New York Yankees,yes_is_run,32313112228316233764727941966297481531641303368632439707150133942750693645195,26193441451863404677081292640396130328953041465310925552440473481913315859044,2026-04-13T23:05:00Z,0
0x24c692a9a97f5aabcdd3c8a06c574dadb7a894a8a51ed48551a1afff869e95e3,mlb-mia-atl-2026-04-13,Miami Marlins vs. Atlanta Braves,yes_is_run,41352601418189443859016389588762347133999608042222032723735443812571121617111,19798000409378792928702765477498399372599611616566999791223548363156590086491,2026-04-13T23:15:00Z,1
0xc9cb5df61c4534ebca8176b69b34a8a56fd884cd1d11f1ac22ec5412265fe14d,mlb-bos-min-2026-04-13,Boston Red Sox vs. Minnesota Twins,yes_is_run,92025449666178420959717310202679857199839491536629495159835490982929177909308,1935375520652187981181224768130502897951455643291904208900449640670119581364,2026-04-13T23:40:00Z,0
0x9baab3ae05eb52798ec511ea64ae7aa5b1d53061e11a3f96e113963a715e129b,mlb-cle-stl-2026-04-13,Cleveland Guardians vs. St. Louis Cardinals,yes_is_run,114256677249347774396402006283904670872389537295921137728341152835605916878345,115521531896782362077698033207781808378133638798846278027068648902439215494362,2026-04-13T23:45:00Z,0
0x63be7364609b0b069db50b19751ff44ae1ed972dbf531913691ad62fbd373cff,mlb-tex-oak-2026-04-13,Texas Rangers vs. Athletics,yes_is_run,42782290055572964826758030733238681738573198318291950826373378860158498378937,93303759760162201918035288288698668612840767219315744655438211680905960807908,2026-04-14T01:40:00Z,0
0x5686d39c0415f67801a17e13c9d0961c31a065588180bb703aba502ef61af089,mlb-nym-lad-2026-04-13,New York Mets vs. Los Angeles Dodgers,yes_is_run,110190262019412504094115689512048918840828655850930662697916068149895552296426,69595013099955676853831605724249231776740855876164683201300087603556165619159,2026-04-14T02:10:00Z,0
0x59895420ed9ba73ef0e4a26d3974d76e0ffe0d5264a460a79c642ffee6f2f803,mlb-ari-bal-2026-04-14,Arizona Diamondbacks vs. Baltimore Orioles,yes_is_run,53599397425985707289030488502026462709713870095724265074847700504884711168629,83206151764227359327397054454397900104643513554608255296486812579227101237654,2026-04-14T22:35:00Z,1
0xb5a4fc3a05dc59afe7773793254e63bfcf54a00367700982cf2741424f61b7a0,mlb-chc-phi-2026-04-14,Chicago Cubs vs. Philadelphia Phillies,yes_is_run,49324393171918723107545237236640940964021789752734228614367135935646219929207,43217233328313193548598550357158500923626028960537365188449915374443145267429,2026-04-14T22:40:00Z,1
0x47dd302e1904d16ac4651cc6706fe44029e6afba6110aa7630ce735218fb2770,mlb-kc-det-2026-04-14,Kansas City Royals vs. Detroit Tigers,yes_is_run,79887642486204692091289611674694579775699261221553220969031586201793872034787,50799603780076099089704170078316801353406704455911536338288726035284075531241,2026-04-14T22:40:00Z,1
0xcdc6578707f734e3f88878b977bcdbf234ebeeb8f955648388cad46c21ecfa5c,mlb-sf-cin-2026-04-14,San Francisco Giants vs. Cincinnati Reds,yes_is_run,95172304964921664001177774649398557434430363254238700196783768374427987842447,110998136731029540099925413977019191754394522082115610865837294403582933792418,2026-04-14T22:40:00Z,1
0x395b7044f5807a42a9f94909797c498b2b18995cea8c92338e723c282ad638d7,mlb-wsh-pit-2026-04-14,Washington Nationals vs. Pittsburgh Pirates,yes_is_run,55522281988228240117086524987712742755243334376511515490162036841546525773860,595893885659074515788124541444632301496952144569825269380285716312566743618,2026-04-14T22:40:00Z,0
0x1b4a163fe0cb0bf79e7adb19d54af650982d919d36e62902487aa1c7e923111c,mlb-laa-nyy-2026-04-14,Los Angeles Angels vs. New York Yankees,yes_is_run,95416039404330794671458678950746459880248643895945523739407075108676083480022,31904119137849373741376176525754762380793573256420173111433358206931705999694,2026-04-14T23:05:00Z,0
0x13f768a535b7dfb1f04b2c1f25d320a6b63fc05a1beb8b31308f69cd69a72830,mlb-mia-atl-2026-04-14,Miami Marlins vs. Atlanta Braves,yes_is_run,65174585245569087303915810222508781492515625337640824232092758546566097151666,98323206617956741123029167261850316160349252420939350875846139272180548761954,2026-04-14T23:15:00Z,0
0x92db215a3f2db5431eaa2f760d02f65ff41131dfb227c2bec8f6c6136effd6a7,mlb-bos-min-2026-04-14,Boston Red Sox vs. Minnesota Twins,yes_is_run,53264257524853530149195427992981809223259568946015178492382014897178216871550,40741175945199504619428241652873390930408926142333054877328790216080438653088,2026-04-14T23:40:00Z,0
0xa36f514e99a6102b239f32b257ad8bdddd62adfc1f936130fa15c20349a5a6a5,mlb-tb-cws-2026-04-14,Tampa Bay Rays vs. Chicago White Sox,yes_is_run,97558693026854153487456610736576095064394392121585933555878177091403336209016,80960758352484957952904403748493524474352811094755757456314938695784606535430,2026-04-14T23:40:00Z,0
0xdb69089124da62a854aa814dafbfaf3675873f25eba5177c26afaebd9f4fc96c,mlb-tor-mil-2026-04-14,Toronto Blue Jays vs. Milwaukee Brewers,yes_is_run,55111489557339631516677745401899877293531685240471550168041569266756067180639,40037890559757891592150633894350275715516697420090465512221392132450818031602,2026-04-14T23:40:00Z,1
0xa4d7bdcb777549773fe392da6e69528a018190f10b28cfc1e3ee0b9e3d715464,mlb-cle-stl-2026-04-14,Cleveland Guardians vs. St. Louis Cardinals,yes_is_run,79019800503476540644608695132090258482636059200361536479738982718364623819470,95685748285605469575876751149842585469116406359494596517774602775880483510342,2026-04-14T23:45:00Z,0
0xee8c14a28b16fde73cc1479efbe8612685d2f393c40ef7f2f268e16a951b0b43,mlb-col-hou-2026-04-14,Colorado Rockies vs. Houston Astros,yes_is_run,38555088764642072911828658577805623352494355403177958511352717865169003986870,14531580308268358832723376952930887642060122516485204050762575725080913591464,2026-04-15T00:10:00Z,0
0x045a3f1dde5445fa4b0032beb7b37216a12d2f63ec12b1c46123897fa2b3c45b,mlb-sea-sd-2026-04-14,Seattle Mariners vs. San Diego Padres,yes_is_run,87357428155412935088200802627204888055308379161924853355634786030536458052581,3545040810057291204329070187747506903467089493495801764755247389134120180608,2026-04-15T01:40:00Z,1
0xd92e924d9f147f9817beead5965c9f8b63045213bd17caf350f8365076772ac5,mlb-tex-oak-2026-04-14,Texas Rangers vs. Athletics,yes_is_run,62770121681173990443556964170710155120928974228700759034675278207420961741281,108102414351478706280481228615605715361864281943494867859833585746262551267348,2026-04-15T01:40:00Z,0
0x75a22979249cd72b89d4a2988429e50df842e8e53dd0a721e0787d15160a0339,mlb-nym-lad-2026-04-14,New York Mets vs. Los Angeles Dodgers,yes_is_run,74729758294071163517227615082181562142134982424396565509610396404551960411722,15532692386278383073149428620209611159063916951588404849875925500807829177811,2026-04-15T02:10:00Z,0
0x90b81c9ca761ad899bcf2b6decc7f19eb274d9a31212fda657f00e8d2c956988,mlb-ari-bal-2026-04-15,Arizona Diamondbacks vs. Baltimore Orioles,yes_is_run,76439211511712153652123305018041818837568309698894028630493971998851266096199,585841484902554251080022837739945224615491599090318384583019799870230955822,2026-04-15T16:35:00Z,1
0xb365573e1768af542d2d714ac948bd942fc84f508cb595df2cd115bf0bf8cda2,mlb-cle-stl-2026-04-15,Cleveland Guardians vs. St. Louis Cardinals,yes_is_run,8459382945953091314183887653560136910541263630612149726261658469147510634441,75770294305821408949087682666601349855535017341889953721369697252266429251504,2026-04-15T17:15:00Z,0
0xdf8e80b8059773b49cd060ad1917acb8672835a5b52da2f757e13bd13c26691a,mlb-bos-min-2026-04-15,Boston Red Sox vs. Minnesota Twins,yes_is_run,110934228587165225772052711726823356770738988623768055401088286363525755052914,105277428456557833732631726953887590403851430755861822761584409089922697153547,2026-04-15T17:40:00Z,0
0x32c62a6cd6333c4a65157c9acade2c3ad6bf8993259e1cf096412bbb3bfdf14f,mlb-chc-phi-2026-04-15,Chicago Cubs vs. Philadelphia Phillies,yes_is_run,27710184671491357668521638363334351271375339672139195590740980793179264103937,70870060581796330782185765574154171250946700984465898132738369557160220438110,2026-04-15T22:40:00Z,0
0x3290188a56fefa8eda2325ec265160fc3df2182926521b752a1c89f6a6eccc2f,mlb-kc-det-2026-04-15,Kansas City Royals vs. Detroit Tigers,yes_is_run,74953459323393828235486571304481280892133323730754596598448780271227614492984,31971038452352266236634356273338498038049938545785369091372603421981457839777,2026-04-15T22:40:00Z,1
0xc69ab2164a6358e915ed83e277fda3c29310ee3ed6c6e7a57a13e894b3829dc9,mlb-sf-cin-2026-04-15,San Francisco Giants vs. Cincinnati Reds,yes_is_run,76109120419648746262824335135218507410239977127163470090467812576580005007917,115774318866413537052301842293830284863910989206503074321043675709854973316171,2026-04-15T22:40:00Z,0
0x4ff5c5e8d2f2d5df9f0a2363b3eabeb96019e4d377eba3ced820e9256b320f11,mlb-wsh-pit-2026-04-15,Washington Nationals vs. Pittsburgh Pirates,yes_is_run,98135252293255761739061734375988555730309243029923551556898726962770529334952,83669880646724438383167134222239057414953461377272982186582896779720537104368,2026-04-15T22:40:00Z,0
0x6feee57737e0b9f88999cf85827f4683b9b886b8261cdfc11eaa242c25691c6b,mlb-laa-nyy-2026-04-15,Los Angeles Angels vs. New York Yankees,yes_is_run,672672596341821271395710642774991062389307726299673370999570907962302632551,51657477559022809800533708290141070778749916187966709748742272566045536747508,2026-04-15T23:05:00Z,0
0x1989faf58a616d0ad5834049f2362e175c8ebfafd38b36afb502f0c5b60af74d,mlb-mia-atl-2026-04-15,Miami Marlins vs. Atlanta Braves,yes_is_run,72131270495213839193078448985190539573940048897073541343884138161012568291655,23802944437353989244613266973756930100136906421564854066484984500211534041064,2026-04-15T23:15:00Z,1
0xe25b39639129857f46529c68821d68257fc064a82972e750e942a20d277b478a,mlb-tb-cws-2026-04-15,Tampa Bay Rays vs. Chicago White Sox,yes_is_run,99985653884778213896454600921451763942734248549323987072772219105219605609610,34665047006622741939918159581309785015773468396388141038754167011092032291266,2026-04-15T23:40:00Z,1
0x608602fb6d19fef73dfb0f1aac4357766a8cc6f1187e78680b633fa42b922b79,mlb-tor-mil-2026-04-15,Toronto Blue Jays vs. Milwaukee Brewers,yes_is_run,30604994210195421115844037883334349497098930798943249869154830218720151825600,55742148324671251970851431275146449657967481330861669613092961291162699969483,2026-04-15T23:40:00Z,0
0xa6878233963af66e677bb694c886e3303c205b649fe4176006b32d372afae408,mlb-col-hou-2026-04-15,Colorado Rockies vs. Houston Astros,yes_is_run,49072384977183032286822951499681883924604776615717953114707353083306505131925,112863370755780805492818515268185164668967340355779161598118211125408592310477,2026-04-16T00:10:00Z,0
0x8ba3aabf00b9c1bc55cad6ce40b3377e243dae08711cebf627221d2fb41944a9,mlb-sea-sd-2026-04-15,Seattle Mariners vs. San Diego Padres,yes_is_run,36856901217923240261161540703738576418537629898389799066320035772900644540888,1917958755984753841588314585886572634049407965761486330480395115927585127482,2026-04-16T01:40:00Z,1
0x5d7fd586f0d7517fa94da243aed78e637393c0b1e295fc670f35d94c8d3c62a7,mlb-tex-oak-2026-04-15,Texas Rangers vs. Athletics,yes_is_run,97905333393877503419601042498563747163879645375184648100069253283119150903617,40814922244868748757946103403467961953520890304573564113082882372107502310846,2026-04-16T01:40:00Z,0
0xfb6af32bd476876a056350976b9bf2a8cf2d68a6e9c9c90b4b3aa45f0c1108ee,mlb-nym-lad-2026-04-15,New York Mets vs. Los Angeles Dodgers,yes_is_run,34954973803848535146126195987305188302531616073469217980308444514340918617232,87803541700067487905019363452834113200012926101850123024230097843694284873641,2026-04-16T02:10:00Z,1
0xa2c7eda7de7b2cc4d402df7d1d23ae83d4417ab05268366a941deb938930a726,mlb-wsh-pit-2026-04-16,Washington Nationals vs. Pittsburgh Pirates,yes_is_run,93829026575849936184136093570935708556340221996382017393641316744811444156696,78782990491276809311017567477820005095825312735321779158806535113995844740692,2026-04-16T16:35:00Z,1
0x76cabee2b750b3bb8c4181407b44fed67a4cc3f46d1ab110f1793992742f4e94,mlb-sf-cin-2026-04-16,San Francisco Giants vs. Cincinnati Reds,yes_is_run,95345903243931495006687850761407665518885988963226976497712187845874304261360,47714560883816691988793521752398765703223286318413102413057604583795564704914,2026-04-16T16:40:00Z,1
0x62e1de971142695e7136e53b0f72cdbd910be5e68734e2ba96759da46cbcd127,mlb-kc-det-2026-04-16,Kansas City Royals vs. Detroit Tigers,yes_is_run,46092750647385291019243748252408722306132590893949482525736927625381581024064,87215435677258459513059059225000603710140523370519016832358473432588228522377,2026-04-16T17:10:00Z,1
0x79853e3b85a5f55d934223b6fedeab5c8de70abc47dbfab5b7bc4685f2a3ea52,mlb-laa-nyy-2026-04-16,Los Angeles Angels vs. New York Yankees,yes_is_run,44896487746100614733487151079229659575796111407350413497624652958274636316037,41722985453931473763889845558706661157933653877970659919650519057754201747078,2026-04-16T17:35:00Z,0
0x35984da5c543ce31339081fadc792d3306cdcba0655f869355de0ae0cc774e38,mlb-tor-mil-2026-04-16,Toronto Blue Jays vs. Milwaukee Brewers,yes_is_run,99045516544464277377396176889731958610256667330401563617268354138650614673236,37135724111632401591939533630141602323898857441502357364508612339811999542052,2026-04-16T17:40:00Z,1
0xad4b685b19a60891364af0857eb3b85e5696bc1c4fc4012297920681d03725d6,mlb-tb-cws-2026-04-16,Tampa Bay Rays vs. Chicago White Sox,yes_is_run,27492098550065484403444065366815892151147438776245930517862066810061170197871,90914564456887072666349755474158401163052025331744651915787685629987931945249,2026-04-16T18:10:00Z,1
0x68e72352283e131a1e088a3157e9bca17ba126bd2f1e4d5bec9997232f75aac8,mlb-tex-oak-2026-04-16,Texas Rangers vs. Athletics,yes_is_run,89598036223518237533805381641927571738166040658568648942836918289654134919482,112663737531032339292662625962831793448578476872937687713779122107914876697451,2026-04-16T19:05:00Z,1
0x29b113158a091fda55bd80b2769cfff7dbfae9cffe63ebf6973f4c6ffdaf666c,mlb-bal-cle-2026-04-16,Baltimore Orioles vs. Cleveland Guardians,yes_is_run,15973056907607136275951671318956190493395494922059841177140794098458015857526,37149246585167297309968618467694181099298675214081339318667407775580712923114,2026-04-16T22:10:00Z,0
0x3ff12499b2e80e5d065de65e26569d86e03607541580589c31e8ec0ac1e7d1a5,mlb-col-hou-2026-04-16,Colorado Rockies vs. Houston Astros,yes_is_run,99871383698107735792071494406829916511969571030641126875588374574952239752746,111695129043922716301070297897439049514859437668573620128287637194766165536640,2026-04-17T00:10:00Z,0
0x0ece1fd4d45f9b3642b94eca50966b2737411fd74148438b4a1b621cd3c192a8,mlb-sea-sd-2026-04-16,Seattle Mariners vs. San Diego Padres,yes_is_run,95404036291014633280468874695973626427257567891601898655246528047440057949786,19250140840574502231164537703650571310083209885882473944468168581673145235778,2026-04-17T00:40:00Z,1
0x1dcf3a6da86b9cc94234e26c03c5556ff7f1f533c0ef5d2e78bd83047e254815,mlb-nym-chc-2026-04-17,New York Mets vs. Chicago Cubs,yes_is_run,84728933924455375640979975466999877480344161207547223047156570322801686695212,48590083015335840195386590338885615879168915580680940936094756254820426677468,2026-04-17T18:20:00Z,0
0xf2e3b123409334584275d107bd6428535729f18854f8c9c42a7d93e347077b7a,mlb-bal-cle-2026-04-17,Baltimore Orioles vs. Cleveland Guardians,yes_is_run,35867807191549735321290968570832001044782238280281851055230334304321088093099,68131255820754439740165319222440750617147181762162297551252847811293841543506,2026-04-17T22:10:00Z,1
0x699e4ce516b082b101c2a2a4881f5de33c6337d6b2acfe9b7d0ec1942f0114a0,mlb-atl-phi-2026-04-17,Atlanta Braves vs. Philadelphia Phillies,yes_is_run,85037915109943481707829256731707578390476998026059442402955262653520771814029,94550845746796461127619952093126022197214866250022023846914000449057687601393,2026-04-17T22:40:00Z,0
0x7071686ef3b5beb54e210a1ab0d2e5f25f0d3c00f4f96b1e4070db0b5a436510,mlb-sf-wsh-2026-04-17,San Francisco Giants vs. Washington Nationals,yes_is_run,10810956761396617086031501125441868922470517694347349883389825475540545264496,74965019732200089668754952403761568521752833967842003429162651857773958050512,2026-04-17T22:45:00Z,1
0xd56d0ae659c01659a0a456811ad564ed0764e6529165096f2a78ba8e7e9af488,mlb-tb-pit-2026-04-17,Tampa Bay Rays vs. Pittsburgh Pirates,yes_is_run,43437496875379138431382153965222091325197063285353775998493387078530404662090,87558948572534494355011504596376859079679204259348062543254293969338438303736,2026-04-17T22:45:00Z,1
0xdc555c9a52760f4b0638919e126aa23f3656d6ffaedaec0d77321227340b2146,mlb-kc-nyy-2026-04-17,Kansas City Royals vs. New York Yankees,yes_is_run,87201383241211199539683228958870095873360607180847083474152089214466374254879,47792803122083064856948574451453782361849729842708400778161801485865407703277,2026-04-17T23:05:00Z,1
0xbbecbf48e27dac62bbf21947a07ecc845608f1b724fec8db54c102ba5c8fa2c9,mlb-mil-mia-2026-04-17,Milwaukee Brewers vs. Miami Marlins,yes_is_run,103192706680006651017235824038823795004201433417415188332757091745377526987928,114560283596281218313739234729390959850809963837691697339069516935883510649783,2026-04-17T23:10:00Z,1
0xac6c2d3e111bf32608f92a039f0b5fd2ce557c38727f8e131e2a0a77724ee93d,mlb-det-bos-2026-04-17,Detroit Tigers vs. Boston Red Sox,yes_is_run,21778309925283486156920997669807508970338655202817557489899793819692235460738,62672542081107356446619839901187633644019668909283439792401988720274164861077,2026-04-17T23:15:00Z,1
0xcafdd5646efc6dddbee0d569f15bb5511716c7d37fa5bb18b2d2306cabe3fac9,mlb-cin-min-2026-04-17,Cincinnati Reds vs. Minnesota Twins,yes_is_run,36911523570023026059429180200388831240005391588286912481254262322487729068505,94790488756548492784685361198331040693906881160776509204359405747588542483331,2026-04-18T00:10:00Z,1
0x3b6b39d63b9c8f8cee70e4ae5141e78d10eccdc5defee3cd24ab5f8dd9087996,mlb-stl-hou-2026-04-17,St. Louis Cardinals vs. Houston Astros,yes_is_run,95891317612174939553046197105338731141869144500764667754987466828363760499556,48657260569236685460806285841898992972586890746730318430693268793123975384987,2026-04-18T00:10:00Z,0
0xa0d133224d6d823aa4baaff8235959df7404533d3b7227c2f83441ce2bb89e3b,mlb-lad-col-2026-04-17,Los Angeles Dodgers vs. Colorado Rockies,yes_is_run,4609107900087606160446374139757552128963091969398773821224710802464431785589,37479172598095837397672885538171348508352333363098266021863021353117486291451,2026-04-18T00:40:00Z,0
0x1a09004822a304337d5a0aceae1dddbd307b8d464a95898a84cab8886e69cd43,mlb-sd-laa-2026-04-17,San Diego Padres vs. Los Angeles Angels,yes_is_run,38721044424647892153536132214280272303381308121309372005966479393588776487351,59474599756548833236677314842181021978461448217037374324243425960611291517833,2026-04-18T01:38:00Z,1
0x3b6e7c0f8d432d559a669244b8ef967bdd221d8fa010d31e919959268d9f4f5d,mlb-cws-oak-2026-04-17,Chicago White Sox vs. Athletics,yes_is_run,15874337459798007369848679816245713803367216554411818271657363673144506346249,10029143303217539799760340381328322614535444740604079536323502436426319652502,2026-04-18T01:40:00Z,0
0x2c95d86447db17333d1b5edc3f819d8d66957687b03f11ca0b00193586192925,mlb-tex-sea-2026-04-17,Texas Rangers vs. Seattle Mariners,yes_is_run,102117072523639128167501803166361227635067112060939754004244266994249533675892,12737641257159024704996034976981770088815359667622849959199205109258678391068,2026-04-18T01:40:00Z,0
0x1e22037cdc7e22c85747778d0c505b4c56d2bfc581f4f1225cf07a2d1f3da9dc,mlb-tor-ari-2026-04-17,Toronto Blue Jays vs. Arizona Diamondbacks,yes_is_run,69731398341884051358476380940437939837514878805888928162051050651844994907259,84532827516871865854313173763828259681114126390530750526672779448765598721182,2026-04-18T01:40:00Z,1
0x865da62a567055cac804ec39a1908eb7524e2b96f16259786decc4bc4d1bd3c3,mlb-kc-nyy-2026-04-18,Kansas City Royals vs. New York Yankees,yes_is_run,96847095903937585873084402278792187796551654999865846830345492643392566446624,39714163290329937466858826088832081099598367687447953261767029648530539085438,2026-04-18T17:35:00Z,1
0x9401136deff961e96a3b2715aadcf30c8faf207a707ff8dcbc67e6e42c90d71a,mlb-cin-min-2026-04-18,Cincinnati Reds vs. Minnesota Twins,yes_is_run,65937842816313817373973377298706012347809219780924823012985313907630323366110,13727914381995794862271416309043013213357546494173257119615675730526927792371,2026-04-18T18:10:00Z,0
0x5acb44df45f5843bfd2158fa3c00b82418463cb871e3511872e63022f2db3e7f,mlb-nym-chc-2026-04-18,New York Mets vs. Chicago Cubs,yes_is_run,80381230763461930269530388168857665005416362237983439781846161529318521126718,104016738396981339304164638081171531683080436373378825005034892171820143271676,2026-04-18T18:20:00Z,1
0x3c53357ae008eab65a513fec590c548f3ca3b294b3739e7a2c6263dcb0ca191c,mlb-cws-oak-2026-04-18,Chicago White Sox vs. Athletics,yes_is_run,22099454398702695697308608019265124321666320558437697144948962881213479016884,107701413375813038616391084519313972995059097570330714466228268249569286358429,2026-04-18T20:05:00Z,1
0x30ef94e268f24f1522256f23f0e165826fdfb485d54d5bd286a81124543ce28c,mlb-sf-wsh-2026-04-18,San Francisco Giants vs. Washington Nationals,yes_is_run,26887674921365182309078037951225937662767889597654569080836827261741845459917,111601094197541838446763973205956975539158927608597147873259249975587190760303,2026-04-18T20:05:00Z,0
0x45c828407dbfc708aa65de27261cc81e198070ea064c3815a522eecf841e6121,mlb-tb-pit-2026-04-18,Tampa Bay Rays vs. Pittsburgh Pirates,yes_is_run,102125556425568304206602475166175906037627497243611066942415903224554737855385,22200658346353412063519008408790490437335795729462978430527364099758906644152,2026-04-18T20:05:00Z,0
0x0867bd04920169ff750699a476d35489a3d49f5ce5830607e1ee021ab4b67baa,mlb-det-bos-2026-04-18,Detroit Tigers vs. Boston Red Sox,yes_is_run,115034758984060299371890853381082793324652142273600351653261375254993926854021,4811652784943378031214911012433803889904343286264260517054793203712864422941,2026-04-18T20:10:00Z,0
0xee826feb4d98b031e7a2a19addd2af2e0f51ca3b325d7d1d9b49b4f1fd23d059,mlb-mil-mia-2026-04-18,Milwaukee Brewers vs. Miami Marlins,yes_is_run,104438634835168976674163247323645571399510966844688512631700238284269728623247,26035710698594412036601695300727302300869253855264777413021698699243401637159,2026-04-18T20:10:00Z,1
0x4da35a83397f3988ba9a772c12fca5c94348dbf45dfd98c619a9041211149173,mlb-bal-cle-2026-04-18,Baltimore Orioles vs. Cleveland Guardians,yes_is_run,15804815885984170903523952563015104855944949781714971755923383739360151133180,37281241053112034549770124065824081783544122617200891053104303910476387261250,2026-04-18T22:10:00Z,1
0xd73d536c63f3ce1867fd1e5a87cc639359d29459e507f67935533c0601d7a873,mlb-stl-hou-2026-04-18,St. Louis Cardinals vs. Houston Astros,yes_is_run,100003462752516725364396275831437777960321176550383435777173217935033706899758,16980356522723687760769827547228969083966013335783933329110829077072929032920,2026-04-18T23:10:00Z,0
0x3631bd6b32894fcad984b2af385cb6ffc8aa95d18a6713285b3f1e5c16b6c2ce,mlb-atl-phi-2026-04-18,Atlanta Braves vs. Philadelphia Phillies,yes_is_run,59482809612661673762597743719319885124776243273722689847163217789401015852038,86129977687159907905282233881332946153580768186680541015810798816961824556704,2026-04-18T23:15:00Z,1
0x036a3bc676f935c8000653e0fe9d3671307a6c323be65c39126558d5636c025c,mlb-tex-sea-2026-04-18,Texas Rangers vs. Seattle Mariners,yes_is_run,82057161505839926151186189935194499197488356379751062517481312974491034491561,23729734682759670138047017168273408017696808796418912970956319627037379262321,2026-04-18T23:15:00Z,0
0x5305e597d1868fe28b45171cc084727d6303c7ff82733a94a30ca65cdc3d28a2,mlb-lad-col-2026-04-18,Los Angeles Dodgers vs. Colorado Rockies,yes_is_run,18105020477893912225229700032674612783945181116886335890947005578839281619343,69475328003876785877475660753580836090825168756747143461092286572086100897537,2026-04-19T00:10:00Z,0
0x039e3565572deb5f4270b7be1ff4bb83c58767ba6ac7ae9295872fbe2d55961d,mlb-tor-ari-2026-04-18,Toronto Blue Jays vs. Arizona Diamondbacks,yes_is_run,76321324974908634133730708820344784663976373924257590463367139151556974555921,3608991124495184517525045178613984404283437425336512267668721843194196440540,2026-04-19T00:10:00Z,0
0x0855ec9998b0fc7f5a96e03fe07e4a7cb89189920a01a975a903a4df4a584c52,mlb-sd-laa-2026-04-18,San Diego Padres vs. Los Angeles Angels,yes_is_run,69522157349298975922319874267360367515686659826805078129611354587127416852664,6200423107171462801190216924113789360207732270082254879130489973194256027716,2026-04-19T01:38:00Z,1
0x627af016927cc64fdf557441d20fb61d36ccc02f9cbf08592367526cb3ec5c7c,mlb-kc-nyy-2026-04-19,Kansas City Royals vs. New York Yankees,yes_is_run,103706543966231986298807047068342994250684958734842433116377989649167926609181,102757493395236193393640694710006601006350223323630992779891007367676101282402,2026-04-19T17:35:00Z,0
0x79f81e9faac6bc1a164af7ed0f551162bab949e35ad03c393e580cb871a8e06c,mlb-sf-wsh-2026-04-19,San Francisco Giants vs. Washington Nationals,yes_is_run,100131340906589755025290923167297574467023988842852921093392789144601887620735,450283778399978430488949707083729763333322891485069808345209343407572103430,2026-04-19T17:35:00Z,1
0x799e9ccfadfadb5297ae651bbd14aa03eec0c20a1747270392c72b62db662ad4,mlb-tb-pit-2026-04-19,Tampa Bay Rays vs. Pittsburgh Pirates,yes_is_run,39012169983663290040808375531992160771793231123621804298844291670608204658107,18447249270047083664861863606303924918283903391980958544200395618600160899145,2026-04-19T17:35:00Z,0
0x9377a75ba1ef657a7cc7a5ee0c80e0d546b42a95a2e1aa604e9a9795d7f0b8fd,mlb-bal-cle-2026-04-19,Baltimore Orioles vs. Cleveland Guardians,yes_is_run,72812079272461570161485460836450575556573675723564918635637826009565941345679,111031406565698676995110397222725814914534028210231335367867110280117367150969,2026-04-19T17:40:00Z,1
0x4d1b594d38616be6f1392ddb2dbcb23d6db3d215e29c2961a3c938172ddd93e7,mlb-mil-mia-2026-04-19,Milwaukee Brewers vs. Miami Marlins,yes_is_run,47375173465091190258660125826992739725878651535076728859753137049120936647488,114764492138288615139017760967052309506134935574041814722843089597095325739213,2026-04-19T17:40:00Z,0
0x57afab215986391f8da113a3e6319d2338ee40638c92e13e3632ff827d0921c2,mlb-cin-min-2026-04-19,Cincinnati Reds vs. Minnesota Twins,yes_is_run,83251171107642541330810033669672741746709889996602779285032417862945456272419,88702508493492507863259837194190887940707738969886679435278455566584746294557,2026-04-19T18:10:00Z,0
0xcff25eb3ad648b27a4f9f5e247c94702504e03f57c3c7eb152ccdbe67742ac4e,mlb-stl-hou-2026-04-19,St. Louis Cardinals vs. Houston Astros,yes_is_run,93891208407178011704597826611522628605384995511994600499718306755607493777171,1242052025428036224318215354293834517301894186445578306032386600193414556964,2026-04-19T18:10:00Z,1
0x4ce5de1ea7ccd0b80511896d036721872f03a3ecb75e6eeb4dc9cf38b8491015,mlb-nym-chc-2026-04-19,New York Mets vs. Chicago Cubs,yes_is_run,47693811985801724775248400461337296014170537007059852062897374943969507156949,39599162436366167169926856933484350406946823220412201731360462456897696525175,2026-04-19T18:20:00Z,1
0xfa6800ea81430e2c5ffe5533b9b80028246d55acb8f032cfe2f41f2fc7ffa7e3,mlb-lad-col-2026-04-19,Los Angeles Dodgers vs. Colorado Rockies,yes_is_run,30042208554810671930137184694437296823035387490651103040512573942898916764296,37701933993042809962353573369355585966342587604255484274013000174277156047218,2026-04-19T19:10:00Z,1
0x483d31caead1eb8a5f19c5c39315814ac90211c16a773430f0c092c74940075f,mlb-cws-oak-2026-04-19,Chicago White Sox vs. Athletics,yes_is_run,45968532011907719159615273727042216171121612476975017074492269859298420077270,91411274703199111162429026585301870902830196575474436248273398019373334525111,2026-04-19T20:05:00Z,0
0xdd926cbdd651628d8a35020bf2ad971388b44fbc624c504d164b86a63988eade,mlb-sd-laa-2026-04-19,San Diego Padres vs. Los Angeles Angels,yes_is_run,24166505201526101858946165354757285651276971345197227596110770676847955189715,50590582555319473008326658531501344509853764290899729677691168749975781728929,2026-04-19T20:07:00Z,1
0x442a8cd266c38d01dc0ea86adfb8cff9970d8771245bad208fe64f8faf4e1e01,mlb-tex-sea-2026-04-19,Texas Rangers vs. Seattle Mariners,yes_is_run,12947847972962983782472430946192480014703538321280618892813631440592151784793,115063691644582887396018940698149996363606132191421948395398835585984204119394,2026-04-19T20:10:00Z,0
0xcd2590919b132675bab616f972eaa09c8790e639eaa7c1ea43429cd8d3677a48,mlb-tor-ari-2026-04-19,Toronto Blue Jays vs. Arizona Diamondbacks,yes_is_run,31358012055187039518681920030903513858138997273887007544069778858070893396528,50341881697541063964084096425743171400058058109578549689504736374783673943065,2026-04-19T20:10:00Z,0
0x3f2ec332bae81e77f33a22ab0add8ecf4f113b0e946bc07ed5cb91b2c51eeeae,mlb-det-bos-2026-04-19,Detroit Tigers vs. Boston Red Sox,yes_is_run,109979010223573348517874216849768449060264531672518142493320026944258354149012,94483522603295304616890933608304315435242406342625609215077553708529501910428,2026-04-19T20:35:00Z,0
0x181710c7b90818cf08a7c437e7b6f57a7ccd72334644ff72184f63bf4adf54f3,mlb-atl-phi-2026-04-19,Atlanta Braves vs. Philadelphia Phillies,yes_is_run,103423144045700859653875140750076223403436141206370437859024026923666474494346,66921806561765892188663671701422023483653682412761922573135104843032482125980,2026-04-19T23:20:00Z,0
0x6186df212a2d36df5348e5a97a3e9f9bf837c9f78604087926f34aa5c607f1fb,mlb-det-bos-2026-04-20,Detroit Tigers vs. Boston Red Sox,yes_is_run,100224278174436436349641119718123920506098151406044184077561417723336324602770,30124594156213146322864573160827955297649525178376098344462617560564997555871,2026-04-20T15:10:00Z,1
0x1d39cc6a70cddcbdcd69b7e1d0bb79388278a7494799abe1581ac0498c6ea370,mlb-hou-cle-2026-04-20,Houston Astros vs. Cleveland Guardians,yes_is_run,24131535505314702236168768341518719850706329066364316086676659869494053756033,93810116570672719311587486948374883886156324034063239324413410769705121551866,2026-04-20T22:10:00Z,0
0xfcc75954fb8a99a014ec86703735ce3ee84b79a2de96cc37d9756e5924d3a22e,mlb-cin-tb-2026-04-20,Cincinnati Reds vs. Tampa Bay Rays,yes_is_run,22236414967524862676168602040369854317296853746530756354238110132295873474831,16128697402175394707273689571309262513238616879581807663328551967139897964700,2026-04-20T22:40:00Z,0
0xf2d8493c5693481768e13d56cde8c8533c3fd185839689a32915e99291d7d383,mlb-stl-mia-2026-04-20,St. Louis Cardinals vs. Miami Marlins,yes_is_run,73859461870577534811081867237095599621649563265706118164079624078831365328830,37123777238768221404179435553564093350555646074818290830244002168866065819156,2026-04-20T22:40:00Z,1
0x301264052e3530d8bf7bcd6e489b43ffc226b6c7e8ef591f783c53d487f28fcd,mlb-atl-wsh-2026-04-20,Atlanta Braves vs. Washington Nationals,yes_is_run,19168489638994890145767437566753609228623695279067963030172307660258535987344,77968929301610683477352940578706787306882441110356342997327641913626928517410,2026-04-20T22:45:00Z,0
0xe8f44dc4a3077eaa397ca66ecb48034b1bf6e19c06ac578005d8933decd5b172,mlb-bal-kc-2026-04-20,Baltimore Orioles vs. Kansas City Royals,yes_is_run,114607175494062316168657858505488598517509874657471917762042298713963270801067,33742637475643045989273971419548427082558751175420823947935055504670534691245,2026-04-20T23:40:00Z,1
0xe5a47ccdc5eb36f768e1b22fb1cec536952e542d62860b39bf8b01eb427b980e,mlb-phi-chc-2026-04-20,Philadelphia Phillies vs. Chicago Cubs,yes_is_run,15780765876655605635399285655967409198963593925603680693946112015550281049991,88601633347691219809513577185830461788145770628447064739879732142983109971530,2026-04-20T23:40:00Z,1
0x70b2a32a3a62a41afeb254f58764c9c37ffdab99452709c90b7c0f42c47ad6fa,mlb-lad-col-2026-04-20,Los Angeles Dodgers vs. Colorado Rockies,yes_is_run,97834654426983126433675227594152391753254309613672058201954288129202458001815,87604777276200344741312204373693488018808799759189947160801634918194298993367,2026-04-21T00:40:00Z,0
0x8d695fe9ad328781f3125c9bb5e1c1ffe0547227304444c2288aa1969185c091,mlb-tor-laa-2026-04-20,Toronto Blue Jays vs. Los Angeles Angels,yes_is_run,78979360039826451489850928966473961117522542910094755264657739727977712947346,22972845951084671067322149267034745951082524819045890816211871594190491395239,2026-04-21T01:38:00Z,0
0x91d7920de5b32a672fa68ea9d9d33f49260bb76c04b4dc2a1040036ef404df5e,mlb-oak-sea-2026-04-20,Athletics vs. Seattle Mariners,yes_is_run,70218657928073943928165497153975719764436583001212673932436774851169836228665,65770962543792332394736229222203873718905172820433685131551691737480696776198,2026-04-21T01:40:00Z,0
0x080d6d3ccf61882e200b6c8256f5752b24ac14dd2d6ec186a7c0ae34253edecb,mlb-hou-cle-2026-04-21,Houston Astros vs. Cleveland Guardians,yes_is_run,113151316222083940113863794172312230788915731367021258447631178829069709771734,93101362525061320032841602120835239900245563168464840225356828759006790163089,2026-04-21T22:10:00Z,0
0x17cdb4118a04781098d92f456fe1e740b09b500e1ed3ffbf8e772798334e0d9d,mlb-cin-tb-2026-04-21,Cincinnati Reds vs. Tampa Bay Rays,yes_is_run,89724105963404215516007736946916127865552478210641614765287394613834137326783,15744435376525485967566450479795652186475913829468803964174863682683716967559,2026-04-21T22:40:00Z,0
0xeedaab7b9b6cbf9718d100c6da43d8e9ef1b1242067f6754f35b0d1ee9ac124a,mlb-mil-det-2026-04-21,Milwaukee Brewers vs. Detroit Tigers,yes_is_run,41688468062875554919447959595947595974959974946410887697164182007992341731286,89806485828288773753007381463940264619794377622259169961721589987206150673513,2026-04-21T22:40:00Z,1
0xd9d003c641c4b034a98686da571cef6a0c80bb834464eacc4228ea8b2a3b8bc0,mlb-stl-mia-2026-04-21,St. Louis Cardinals vs. Miami Marlins,yes_is_run,97177618466352253126479720085804384935560158987361008152423796599729000103934,92207732226725795771003637665778587962505983899133323178808195046778896672970,2026-04-21T22:40:00Z,0
0x7e3a0bf113e575edda582a5d0ca7c8e184c0470784413a1a34a77837e34dc189,mlb-atl-wsh-2026-04-21,Atlanta Braves vs. Washington Nationals,yes_is_run,30511861963253332990538897097714871916409846198304436116628293554407654374129,55336646362976713742136244787957135114846481228980464388679589346384718645234,2026-04-21T22:45:00Z,0
0xd7c593aff3054978d8b36b0ccbc5440f939c3d970963397ff0badf6dffa041b2,mlb-nyy-bos-2026-04-21,New York Yankees vs. Boston Red Sox,yes_is_run,64089376766987996103280853194958989940796425180970552293951581823999480003185,104890661192496357812912306816739218530961852154084450649428610355984555148112,2026-04-21T22:45:00Z,1
0x30fa10a6fffe329c1f154fc7ad325682a81de4e8ecc902d3ac836a134865122c,mlb-min-nym-2026-04-21,Minnesota Twins vs. New York Mets,yes_is_run,57840431498115376427744732957278497983116637798743054421096782869076766750159,3627334450550511767007558417580309803291225626813236960339034915559477240269,2026-04-21T23:10:00Z,1
0xad6c122f97b628defae234f3e78b5ef53f171ddced5c8f7d5df9529c7d2839ff,mlb-bal-kc-2026-04-21,Baltimore Orioles vs. Kansas City Royals,yes_is_run,21884057742481456215168574144109080966573079115239700893249875425812468392999,96089997572162953049903817991607597590825338869037189953322587504435391551757,2026-04-21T23:40:00Z,1
0x398ea89dd0ff46315936582fa4308a3af8086df4cd37764a6861f811dfcd3f9e,mlb-phi-chc-2026-04-21,Philadelphia Phillies vs. Chicago Cubs,yes_is_run,74176867714189624944049250744848616708754153995213020255005273929507627521434,73993970161141647058750869914483354716962302435820828417060070541880634508984,2026-04-21T23:40:00Z,1
0x0b04e80970200e4a0e6ea15ce9127525e8b346e22009218c350b095aea07dcf7,mlb-pit-tex-2026-04-21,Pittsburgh Pirates vs. Texas Rangers,yes_is_run,88851940135218745410564412427296318980370937097118884006740861859010259398577,12769931147783381812171767058430181636004195095411432946457234499434603166366,2026-04-22T00:05:00Z,0
0x9049abd687c45e62feffb39d77e554297c5b59373aedc90c3b200c1d2204ac83,mlb-sd-col-2026-04-21,San Diego Padres vs. Colorado Rockies,yes_is_run,6744259892823640336068604894007519203499695358248825533400039472609346644963,98044896411128593873507444066191907823794088054493271933441944335854662802533,2026-04-22T00:40:00Z,1
0xbc0679376a893c2f7df0603e2df26e8504250f0330ee7f3060aa5da727fc91b3,mlb-tor-laa-2026-04-21,Toronto Blue Jays vs. Los Angeles Angels,yes_is_run,49148588438358737570267722195930841548221705568749636021923921187409706983903,86486226615853889504130520315701504845086338981791761350968504431867469494311,2026-04-22T01:38:00Z,1
0x74e47820390383534f12e73983c8f123405c56c462e3a7387242de7e8bdafb4c,mlb-cws-ari-2026-04-21,Chicago White Sox vs. Arizona Diamondbacks,yes_is_run,43591523550666215073442105223099077311254888927666606591773056804559944789763,108087084720050008695939977436779302433442452662244431709500738694753723407706,2026-04-22T01:40:00Z,0
0xaff8ca0868f354bf33f8898f795d7729b8e5c99590076ae3df6f40756960fb7d,mlb-oak-sea-2026-04-21,Athletics vs. Seattle Mariners,yes_is_run,76757230608217730512587503894185205514075887188637220836467040990068922881829,74827274585208349171483986022436794834609720806235833941919539516830421734289,2026-04-22T01:40:00Z,0
0x908218e9321c8dc0c478d8f60284d3fea7b11b021eeb5b0de6c74e307bea690c,mlb-lad-sf-2026-04-21,Los Angeles Dodgers vs. San Francisco Giants,yes_is_run,30359105892247431070132392702463202480247585499193767092614591117239245035610,63390173022204335295362142343432537690219375567801894778025412735317491510550,2026-04-22T01:45:00Z,0
0xbaa7b4c61359904a6a493be5dae043d79d9aface3f2e5fef7d44a7365abc9b4f,mlb-stl-mia-2026-04-22,St. Louis Cardinals vs. Miami Marlins,yes_is_run,63182708911816825482129033037076522962911391265317538114082524515923056142109,79011156370495966089936796903747241669416926680937173529276170139966102598784,2026-04-22T16:10:00Z,1
0x9c6983ab7f4ea5e511b8c46dfb97a764a9450e01452b626055a906e649bbcb43,mlb-cin-tb-2026-04-22,Cincinnati Reds vs. Tampa Bay Rays,yes_is_run,51072370259857227845479969599477318788708606362473017680114842992742850817702,66784062988269885704049999720158916999993630583935750644734345694683683266699,2026-04-22T17:10:00Z,1
0xf237b38f6d406020356d403188f1596e1c786e089b239779259c66541daaf99f,mlb-hou-cle-2026-04-22,Houston Astros vs. Cleveland Guardians,yes_is_run,91037674193357094453217028023076227491521083413947653551939756830752656473101,3874337299434239503276131579218059734486715517635196020483083555285748105842,2026-04-22T17:10:00Z,0
0x824f695f80d5e0b27125d8b6cade2afa4003fd382490052bd10031dba810b607,mlb-bal-kc-2026-04-22,Baltimore Orioles vs. Kansas City Royals,yes_is_run,18856088676851330121047758777743524648743435114710408688293466475867659133751,6654065370888669408414763341965471069743947363112878032933065057878735732718,2026-04-22T18:10:00Z,0
0xdd2470c51ae3ea448785552e1de2c3e5ee52a5b405f10fe7d5fdeea579f2a8be,mlb-tor-laa-2026-04-22,Toronto Blue Jays vs. Los Angeles Angels,yes_is_run,94337048416484382941270455070202905058015046230366234335270059743639478558078,83456981004333459725508387297863277661571506905711983617688042817037676711408,2026-04-22T19:07:00Z,1
0xa664bf2a89ec62119bb41776256e27d49061d87676395f74db700f84ec7ee275,mlb-oak-sea-2026-04-22,Athletics vs. Seattle Mariners,yes_is_run,8797013528426982024479288854465206755909115859065207866094800013002523646575,94756413576893010899156358921513031233834258319425908152865019405784217806951,2026-04-22T20:10:00Z,0
0xe4f46cc1131ce18ac1a7b35a6b3054e7a298f8334fd69027507c2200d9b189c6,mlb-mil-det-2026-04-22,Milwaukee Brewers vs. Detroit Tigers,yes_is_run,34138095619501932078185518903695847295535346557262279022968361487621049378305,23711341577032030034591834291672545415308694871937248973150513800414056682206,2026-04-22T22:40:00Z,1
0xd71cd4a55487c3f7d870d938b9511f756b3648cef144d3ab19534260a886e234,mlb-atl-wsh-2026-04-22,Atlanta Braves vs. Washington Nationals,yes_is_run,23758243862816040316894232681198250285721574732967800706965201864358412439301,42901475655742325307290838549495774838655019700499998331232662690682846663982,2026-04-22T22:45:00Z,0
0xa0fad56980b21a1b8c3479f0dcf5671b39f889f0af783322584d800ba6600576,mlb-nyy-bos-2026-04-22,New York Yankees vs. Boston Red Sox,yes_is_run,20443913875226357670639400150048089668320844508568352987004281875497870828052,58339947780956882045462893023164524093989806090198794225868664205777033744328,2026-04-22T22:45:00Z,0
0x61c5489d8a4f3d62880eb7648cfabe529baee4e3095767a9ad347988a8280ea3,mlb-min-nym-2026-04-22,Minnesota Twins vs. New York Mets,yes_is_run,64686938648058323248848834065838402316657245329497493990331258844379078639109,50852613114450269401252267113540301300732900138943043341458680661139732275545,2026-04-22T23:10:00Z,0
0x287f48538e2a28b7163d22ec4843990101fb122f7a7024c7837da3363cb1b2f8,mlb-phi-chc-2026-04-22,Philadelphia Phillies vs. Chicago Cubs,yes_is_run,30429854940981300873780565856541582444294414690016110729432997094594487849839,57779524076764072679730572104237561171513250938291321091890132906643931218689,2026-04-22T23:40:00Z,0
0x6f70778ef0e3612346398f3dbad11b9bf2af46c7ebd55f6f3540ef32fb3f8265,mlb-pit-tex-2026-04-22,Pittsburgh Pirates vs. Texas Rangers,yes_is_run,79459824613007461158885039651212946469287789989782449690674381671558108982260,1233326712401790805581113134348273584749215158587896583295179217268252260324,2026-04-23T00:05:00Z,0
0x5e8d002a6cd3d966e72be6997e11d6ff6cbca86736a54e8d3a0ab954efa6f297,mlb-sd-col-2026-04-22,San Diego Padres vs. Colorado Rockies,yes_is_run,94133624552788249542682162828096413182879197779580899193843602036257008543641,20433453369528940575749468252961229430546509723553098468346399818250706706182,2026-04-23T00:40:00Z,0
0x557a4794aaf6f0ef35cdfd015c500f6845b0f28fa8731f9e6152243509026a8a,mlb-cws-ari-2026-04-22,Chicago White Sox vs. Arizona Diamondbacks,yes_is_run,41035211954000543338382963219044607962027593375243209297255243352061490623175,8912445773310987367805732395056821384563693395690142846575706409198050024737,2026-04-23T01:40:00Z,0
0xf4e0fb8214d48c0ece30cede0bd5cdcdbcb2cf23000261b8408b86ad933c1dd4,mlb-lad-sf-2026-04-22,Los Angeles Dodgers vs. San Francisco Giants,yes_is_run,29507163497247354278000671446144959474684789530742711082519063009578260126761,19805783211516415276684903935720128015815479136683671321249344193821465617727,2026-04-23T01:45:00Z,1
0xf02280233802824f71f85e08074b141f3ad29fa105cde2d3d35cd8b5825495a3,mlb-atl-wsh-2026-04-23,Atlanta Braves vs. Washington Nationals,yes_is_run,14715764349218305799684438108703085119724056209892611609254801386778982569000,36970518748330508130512194426607528647299756011710972485914990574852128388261,2026-04-23T17:05:00Z,0
0xd29fb933e6a9414b6ed1b804540356b54c97e417ac22b7fad8a2d8f00e7cf01f,mlb-mil-det-2026-04-23,Milwaukee Brewers vs. Detroit Tigers,yes_is_run,61521659398183032043586158686117844759635957817851473031551765162915021893288,68808343398052269869740862105910857705560653759187224745840988634557484342488,2026-04-23T17:10:00Z,0
0x41fc08e425bc3e390e8697e132aa4bb408d1cce8b2b684360b71b2899ce04a2e,mlb-phi-chc-2026-04-23,Philadelphia Phillies vs. Chicago Cubs,yes_is_run,81234825697936504074371261617668098458492646475971459754252353848979483994436,17646002385320755330192753650793465638611456260482333931333251282729357102981,2026-04-23T18:20:00Z,1
0x9f5e88ecadc9c626432386a6e3417409696c4634c151b03a650536d3728998f2,mlb-sd-col-2026-04-23,San Diego Padres vs. Colorado Rockies,yes_is_run,98699974932379969739002834266183749566906012256859663709627485250771069679537,59451201755955102368779192443080522322840714992040772624258739717946278710193,2026-04-23T19:10:00Z,0
0xc297e8bde6ba5adff3554d661184c4b56340f5deab47a0af8a8242078d78a186,mlb-cws-ari-2026-04-23,Chicago White Sox vs. Arizona Diamondbacks,yes_is_run,28879623805317370677097885823538396199775646921224970326701416639289546274702,104843083863356144265637156131224999438298570236780072740982877565131093047113,2026-04-23T19:40:00Z,0
0xc28d48d58039794583e33ddf58e9045bf5b323cf8d74b9d70d7b0ea54f09b17a,mlb-lad-sf-2026-04-23,Los Angeles Dodgers vs. San Francisco Giants,yes_is_run,96236267046449248011502633699079095617353650976594585238952357423568700515103,14382438323259074577162430143437870558235130130115271546126552961213717982492,2026-04-23T19:45:00Z,1
0x466c32ec041fb267071ad6674552430c4d7765c1d5aa7dd8c9fd7fa90c0df8fe,mlb-nyy-bos-2026-04-23,New York Yankees vs. Boston Red Sox,yes_is_run,31987092778388364050550176465115557230919160044924682015650779074120932010619,8911628556293170466415765542491634399406375989291551633502495230487434940325,2026-04-23T22:10:00Z,1
0x1ffab372f82b54c99e84f9c37470f5b74f5cad8879c26ff72ba5615a240da3d3,mlb-min-nym-2026-04-23,Minnesota Twins vs. New York Mets,yes_is_run,109806169904875839349499238359618242281113055270617879372831916979376224152776,75743389537640008189955340031072965575633477049697196297400636523990662974124,2026-04-23T23:10:00Z,0
0xc2d77ea3636433d56099a311668d98a18af2046df7e518d22d9da7df43bca715,mlb-pit-tex-2026-04-23,Pittsburgh Pirates vs. Texas Rangers,yes_is_run,58735525439460137546063743227605969222506568460976596586491757291653576768247,17234792095665195011704818502459012954040592479950541390775585582967295172542,2026-04-24T00:05:00Z,1
0x6373fd274fbcfb3900f27c12bed924e4f3f76e5a954318f9407277dc420cd323,mlb-det-cin-2026-04-24,Detroit Tigers vs. Cincinnati Reds,yes_is_run,27372186456926157101521242606716898987707402101522194350802015189079884108466,88552578453490905678142592459721261625835745528134321255873309383694047387341,2026-04-24T22:40:00Z,1
0x032cf51b0f1080ede0f6b4bb0f7f258a11ddf4899ccc343fefc60d8f15b0ae63,mlb-bos-bal-2026-04-24,Boston Red Sox vs. Baltimore Orioles,yes_is_run,81874305173276440796978510745287585357042118001525113784226347183537463076711,63832074530300126159109074626985980954644611828585065070983872434990373241951,2026-04-24T23:05:00Z,0
0x50e3e829d34ec92b74f145ee85a2b6b9c513c0ea9a0353a43a9c6e9a42b8e3ac,mlb-cle-tor-2026-04-24,Cleveland Guardians vs. Toronto Blue Jays,yes_is_run,61518970569263569101585922364493805257546033907531270838528327307600475820271,50775332459741245667808136361826752905376648648015848792948195869773942786068,2026-04-24T23:07:00Z,0
0x449f5fe7094ae727fc87aeb03628768ae6faa90d68fd2feaf2b6688b34667890,mlb-col-nym-2026-04-24,Colorado Rockies vs. New York Mets,yes_is_run,103032174875783329434116927754756804131353406709063622952474846022701476840498,35373237276404065951889870244422191339078370088686474957687511895403270765611,2026-04-24T23:10:00Z,1
0x77a7e97436e372252bcd40cda679e39974eefcf4922af4357120ef35c28f9c94,mlb-min-tb-2026-04-24,Minnesota Twins vs. Tampa Bay Rays,yes_is_run,18334593730560098087538599406385838900371387780635352522733502625286299528117,61061183916132349079781868412393503526986862432161257325408239824833641808007,2026-04-24T23:10:00Z,0
0x1771972f610e3fe1de331f23b5a94cbfbe6891e72dd8504c44711dfa3d51f98b,mlb-phi-atl-2026-04-24,Philadelphia Phillies vs. Atlanta Braves,yes_is_run,96161936172114550432349906827863861899545987771019310422920738080240270429932,70538858150014424939235353678814711722937874625802300659751357761975420307319,2026-04-24T23:15:00Z,1
0x04be5315cefee25e50422cf4dc162ffaac18beb5a86f8d3ae99a2a90df42e06b,mlb-laa-kc-2026-04-24,Los Angeles Angels vs. Kansas City Royals,yes_is_run,69929893780931621505954335801158669973424047767475688272567270373368944539584,65682726512550720323310655534554224672112764257407350080886311822760799818615,2026-04-24T23:40:00Z,1
0x2ff0736a1283f5b220e1e14669d299514b6cd955a4bb5cc4505fa29a3b2e8a63,mlb-pit-mil-2026-04-24,Pittsburgh Pirates vs. Milwaukee Brewers,yes_is_run,18043980490778029768036405235058383221762208483358633971542244747096818552884,90620512571041183838595021399087552885888414608242865376326464354739746402202,2026-04-24T23:40:00Z,1
0xffa218ba880c4afac87e0bbd6c9ae999885879908afca0dcf23460ba904fa6fe,mlb-wsh-cws-2026-04-24,Washington Nationals vs. Chicago White Sox,yes_is_run,33270454175265578817016917924651452217276078452685600229168139994492522659467,10063520862470294442486675415051887573295613858467183816616439426139260045495,2026-04-24T23:40:00Z,1
0x841e748fa640cb81d664d75597689b91ae082b48ce4b447c3bf2b847f682f242,mlb-oak-tex-2026-04-24,Athletics vs. Texas Rangers,yes_is_run,43090649450560283965448152319132905399609340029514890334182909305653296452654,54373971330763145246089044015067832065782251169479179372121220504696461914761,2026-04-25T00:05:00Z,0
0x5ec058511fd1f8452c77a4a3568dc50e5ba9733f70c636b6f355bf3371c01a3f,mlb-nyy-hou-2026-04-24,New York Yankees vs. Houston Astros,yes_is_run,57504384965171783410102371021562550317703838703036423610485453276644643220057,39520942687630469535957597387828730895572104329354698169610454515096505756782,2026-04-25T00:10:00Z,0
0x63cd9b42a48a1bde5aded7d28043f58ab2112641b03a969429afa01b3919be92,mlb-sea-stl-2026-04-24,Seattle Mariners vs. St. Louis Cardinals,yes_is_run,983752733731692598179914857275888225302525470086398277436059360742630869515,25625371334009067014060456816549523284022675016026602853460128474273593720145,2026-04-25T00:15:00Z,1
0xe90d71f301128db88730c92c341ee4e5015a5001d4fee5bc133928f58aaa04ef,mlb-chc-lad-2026-04-24,Chicago Cubs vs. Los Angeles Dodgers,yes_is_run,6696949210600189287869549294999853717180964029166592334601162038516794585730,73577933917536491413196925699641315072337180475911292712882650982127228480513,2026-04-25T02:15:00Z,1
0xfa2ca3c344fe3346403139b8067d9105e3163dd25b7bc7e9fd185ca02dec64c6,mlb-mia-sf-2026-04-24,Miami Marlins vs. San Francisco Giants,yes_is_run,89690560958095612932501605333119094926021122466013640895355139888094314728928,27596257677097555526278092656111882143875110114557027507552710857436310694244,2026-04-25T02:15:00Z,0
0x7718c441c3d17516aa8ddaafc0b2c4b2170c4ef3148a0470773504fad94cb1fc,mlb-bos-bal-2026-04-25,Boston Red Sox vs. Baltimore Orioles,yes_is_run,98961497064878816114296031612363307063647588661728084828447130419332132141352,101856445859765294420713355611689879648309576611439269166529284416412432063298,2026-04-25T16:05:00Z,1
0xee7636196ec073cc19ab70b4c9ca974766827fbda2f5f4650d73aafe64e586b7,mlb-sea-stl-2026-04-25,Seattle Mariners vs. St. Louis Cardinals,yes_is_run,70118803677846878777670568603233323291181099840731447927013001397523433602904,75129727281456584446541777845804584130158348728860924082979569745977996847710,2026-04-25T18:15:00Z,0
0x20f90a1dd6d0bf099327b6ae380dcaf8cf1fa2d00378f3460254f7448741d1e4,mlb-cle-tor-2026-04-25,Cleveland Guardians vs. Toronto Blue Jays,yes_is_run,103978654766913256477344830053170614347487078352960207994109433753963254728518,75102173250666601695479635501688222711628938454525708492131628404904008936434,2026-04-25T19:07:00Z,1
0x38819acbe3ce6a66bf88b875a4f3feb88f3c9fe88e8fe5cbe62f56483d8f184d,mlb-mia-sf-2026-04-25,Miami Marlins vs. San Francisco Giants,yes_is_run,1574898812363324495484178258532359864552438360573380359865062806168853426798,13306837070234265480974904544222099330535690765209728718199558915332037511572,2026-04-25T20:05:00Z,1
0x7dd4ed69280b55f2c4f81eae77c19ee681ad7b022f6e96412bc837a1ca42bb5d,mlb-min-tb-2026-04-25,Minnesota Twins vs. Tampa Bay Rays,yes_is_run,69176812089161572834054097427331367937934908500918177423869204383735118266356,66704333402487317665761802952800998020794584769062700123793515293842650052203,2026-04-25T20:10:00Z,1
0x5baf13cfec4f8dfb2007b38f8e773454ef03546ed4e5f55c87b4773d60ccf552,mlb-wsh-cws-2026-04-25,Washington Nationals vs. Chicago White Sox,yes_is_run,33082258476825288443674829119508419859366713913542317348265472386709462203489,110185501786585692804075788153353241692464780696625280589193900262684454957592,2026-04-25T20:10:00Z,1
0x5f0dbc56cbdbadce467bf895887f6f3d794f4793746360bcffd955455e2b7f67,mlb-sd-ari-2026-04-25,San Diego Padres vs. Arizona Diamondbacks,yes_is_run,40137371345632126530207233605205325631784264128419433694987841034470605828866,45697937719057025888832854444987564250224353888800893663724399262809174855510,2026-04-25T22:05:00Z,1
0xf5357d4ec4bff847d2b2d1904c53cb8c4d928e3347d61fde8823935d47107204,mlb-oak-tex-2026-04-25,Athletics vs. Texas Rangers,yes_is_run,4784696217414695969471848860727897276715129497812350956012291108739133337363,46545393509653544925505348327017991803417541504529611418332497224742786560909,2026-04-25T23:05:00Z,1
0x3e5848bd1a1fef96d5caf5a693f3b6e6c86fec80cc63e39f4debf1694001ffaa,mlb-nyy-hou-2026-04-25,New York Yankees vs. Houston Astros,yes_is_run,79073986959341641196916289412296064225415526275160160535023455054478465717085,46845441892234732077415406399684007717244916366936659251795335966752816757314,2026-04-25T23:10:00Z,0
0x7d7dc115da161fc08bdc4bcce869b57bb9310cf3a9e2c86ff0f2056831075eab,mlb-pit-mil-2026-04-25,Pittsburgh Pirates vs. Milwaukee Brewers,yes_is_run,88133615876125876744168663601707131947068104313053294092672464762467395675948,102560680598184838837299652011897875406897540890450941589154340168051176274748,2026-04-25T23:10:00Z,1
0x48c6ced426f353fd1bd778f04b394923db6e9c9520ad4c81b4aa6c032dff3c75,mlb-chc-lad-2026-04-25,Chicago Cubs vs. Los Angeles Dodgers,yes_is_run,30866120524965849087388152410218418632786445146408302266870032800964641441199,81837621027315438773007036393778494772646143656047562079679746469980706478198,2026-04-25T23:15:00Z,1
0xff13207e80ba97821284f8e418998cbfb921a3cf6699fcdce08d233e7e287d59,mlb-det-cin-2026-04-25,Detroit Tigers vs. Cincinnati Reds,yes_is_run,15135055164816794235606327046643460344020025092879540137816359569818468710418,1185516560828375908474259534954401716852440476315471077906684023353329418468,2026-04-25T23:15:00Z,0
0x7d3cfa18f418fc1201b89d8ecdd037c717c6bc23469bda2e816d5fad7c12eba7,mlb-phi-atl-2026-04-25,Philadelphia Phillies vs. Atlanta Braves,yes_is_run,98212010894478333849128991274993473568175359392670082936149048961139011627071,106946535028626331467521070007701973824915581614489417849064344880732878037464,2026-04-25T23:15:00Z,0
0xa25a33991d53e3b7925cb2f72dbdba518a34076cb930445908dd2a75536cd9d8,mlb-bos-bal-2026-04-26,Boston Red Sox vs. Baltimore Orioles,yes_is_run,24889662817740437715970620378715470217979618365152119330452497263982622141317,43337585093821579561283344520296583087908815506641213170173950562695345400549,2026-04-26T17:35:00Z,1
0xe9de0637dc8534a273789151f9cff11d6ff72f048470dda88549c54dc63eddad,mlb-phi-atl-2026-04-26,Philadelphia Phillies vs. Atlanta Braves,yes_is_run,106839700890505505929906262101186308284653155166106616000725215963907254859505,67123987754508819688627249503537938120332127681533694031612812312977585369877,2026-04-26T17:35:00Z,0
0xa07cd4e33c6074b5c485efbec9e74ff7ffe8e4fd4c3ac86038748b8e51d39405,mlb-cle-tor-2026-04-26,Cleveland Guardians vs. Toronto Blue Jays,yes_is_run,113138824426611441255424791560179029763057876648474750841416699134780983605380,113094844517593084576090930592159070129469195818799832672760862233548167217749,2026-04-26T17:37:00Z,0
0x36e71862046b9ea3a488c0638d949a32f9e9790547f7c3eab89e5c1afd26bb81,mlb-col-nym-2026-04-26,Colorado Rockies vs. New York Mets,yes_is_run,1528473569321695772273684121446530257735233553537711544944986903047706988717,9225466441158516498661349006077828601468542512017657243801417268299422496038,2026-04-26T17:40:00Z,1
0x8661d1957663c56227bfb9e88c8c0ae96fabf1de19dfd0b8a70718f4638a185a,mlb-det-cin-2026-04-26,Detroit Tigers vs. Cincinnati Reds,yes_is_run,104360761327341706494383282570695442026329346193030430988908016436774596672672,8037279355464856810501791432993227716467454093986905164589309797057758732449,2026-04-26T17:40:00Z,0
0x50724a4662b0e314e66b6cddff666284cf8061238fbf6fca49123918fa250bb5,mlb-min-tb-2026-04-26,Minnesota Twins vs. Tampa Bay Rays,yes_is_run,91358755815283056156324403017704595456863427830156213806279593152986452964108,110439405742894916926170181386393949551533906112660049344211914943092790310763,2026-04-26T17:40:00Z,1
0x06074c33118c8e88f32e3acf96558fe191330b14aeec50d66fc5ef7341f68552,mlb-nyy-hou-2026-04-26,New York Yankees vs. Houston Astros,yes_is_run,42391953377460217808228555089979386909990681802622294223031404899835635545742,85185710145978478976777951069092544286628750348151716417604914307428235664846,2026-04-26T18:10:00Z,0
0x9e4bfdea44b6b47dd19b58b5610c67ad646a06abb947469c344cef88de6fa4a5,mlb-pit-mil-2026-04-26,Pittsburgh Pirates vs. Milwaukee Brewers,yes_is_run,21460552297359289073408205774884016207847189316366933573563286090450587278818,89836689203796115564999554635119857309366937998741018728959645700170127534326,2026-04-26T18:10:00Z,1
0xf6acb15e26a0348469226d1767c346e81ba350af1beb03b0c11cd82dad683459,mlb-wsh-cws-2026-04-26,Washington Nationals vs. Chicago White Sox,yes_is_run,59621289973221466838946825671566310086458460555735655747820873132531562467615,959683240416291340115517468743308082752843992829627714090979324328112859830,2026-04-26T18:10:00Z,1
0xd6aa2e8561ab66243c2454f5e4c51a0710a21069b6a2e7620e9aa459aba302cc,mlb-sea-stl-2026-04-26,Seattle Mariners vs. St. Louis Cardinals,yes_is_run,40297948941357058792952214960318438731829070938126767053873878444536429214558,10608222908716553603318653111014228072533383914023555174597338029328623421081,2026-04-26T18:15:00Z,1
0xb9a746d929576ecc29356e7e4b3c3f00453cf1ead3748fb3e8bee26016cdf92d,mlb-oak-tex-2026-04-26,Athletics vs. Texas Rangers,yes_is_run,57009287323455442239112124670882972545738216878667119539144806742563814388754,64191466942407107346779194387699518833796633681959871245554787986558451614633,2026-04-26T18:35:00Z,0
0xceb9fd650db1c8d6c041e6bf55a2fdcf28af2f8dcab6073c8d21a9bf0ab60c25,mlb-mia-sf-2026-04-26,Miami Marlins vs. San Francisco Giants,yes_is_run,110386945514884300304830005619122052026178182074304662046442434780429955864566,14479197089732080127518081655870458628195899614660035608428692398926268910062,2026-04-26T20:05:00Z,1
0x67a7d7ca37f1c16dfbfc735d6c18c368a214d1f47760009fff9fd11755262065,mlb-sd-ari-2026-04-26,San Diego Padres vs. Arizona Diamondbacks,yes_is_run,55402712052686875584557272278100545284021006239712087021165435142228096697719,72887614087992683702577680598100193683602735080262940988604278517671369019481,2026-04-26T20:05:00Z,1
0x5255594e965093f3cea08be14517a7de8ee226c5f9af0a793a294d85a1a7fc36,mlb-chc-lad-2026-04-26,Chicago Cubs vs. Los Angeles Dodgers,yes_is_run,87631631751876765691012835939904545106194915601781250402063097589987544052199,105124087548874154782030734699623462253548359253062502938821455554116906652061,2026-04-26T20:10:00Z,0
0x2307a0b370c50846966877b67f2de3c870187563acb032387264c0bdc33f98f9,mlb-col-nym-2026-04-25,Colorado Rockies vs. New York Mets,yes_is_run,114082140546004284142032511373339567762290615250091406644177565535261078707578,87450233546590623284024600935137033853325756725774324143802084954550761090310,2026-04-26T20:40:00Z,1
0xf9663fac4ed903dbf9b63ce9c74e99d7e46b59383a14f379a798af286770911c,mlb-laa-kc-2026-04-26,Los Angeles Angels vs. Kansas City Royals,yes_is_run,70659922894904337007973340407992348701729948170078810370005421562521932303290,56757483128561568715640490468546650318360370358945484230344017013801227758771,2026-04-26T23:20:00Z,0
0x7013dece00f069480e68a41fa675b496154a7abcf274c55703a38236e6cf0df7,mlb-tb-cle-2026-04-27,Tampa Bay Rays vs. Cleveland Guardians,yes_is_run,3611043710281299569532593682017558928875952976453366355327972909346845481927,47037357848663385119391044009357659895357333907484354844232535475923106661986,2026-04-27T22:10:00Z,1
0x0d82b343a302d0fb950ce5bc83ab4e9afe154af123c6faeb0c57131340befa9a,mlb-stl-pit-2026-04-27,St. Louis Cardinals vs. Pittsburgh Pirates,yes_is_run,62562731546978529740651242752746454413624074861767939403514578429375770540453,82829211278936663532519008380724973782481360850715556026183279548265147272787,2026-04-27T22:40:00Z,0
0xc699d120035c7c2ced15577a26039f25e178401be6060addcb63006742db4fc7,mlb-bos-tor-2026-04-27,Boston Red Sox vs. Toronto Blue Jays,yes_is_run,81221581774109603724765344167052197129720577623516187948628116268801850952964,3760181978622953726567065568742712724176267032370183830900785891862591889500,2026-04-27T23:07:00Z,1
0x6d075f7b13cdbdf5c7acd072458b3eebab06003dc1a8c2ab92ead400c62cc14b,mlb-laa-cws-2026-04-27,Los Angeles Angels vs. Chicago White Sox,yes_is_run,82359244858001524716095556559609976009552318315416283797957830857999806748483,99614480193444624006506434193710209931826034835601793882414993638377172190057,2026-04-27T23:40:00Z,0
0xd3e3eedd0e06455c1ce1576e3e8ca44659c4947b2622f2b888c9d9a78abb3ee7,mlb-sea-min-2026-04-27,Seattle Mariners vs. Minnesota Twins,yes_is_run,87327078493408548540453538406630849401217587555479233599766997424736639768117,110780311430124311007761719459490170624188567750350967418585735188612266938633,2026-04-27T23:40:00Z,1
0x0076c31237b7e002b70ea85efc7409fa5706e455237809d2e2963a8ae3602470,mlb-nyy-tex-2026-04-27,New York Yankees vs. Texas Rangers,yes_is_run,29680729729792762336026226257728371619815994825833073905258625043344448873834,17065388160625965852925516993489051711423877885382763814926889434049885390577,2026-04-28T00:05:00Z,1
0x08a4e1f28efffc9d4aacae55d7be307d03f80a8fe9451125638afbf44c6f9bb5,mlb-chc-sd-2026-04-27,Chicago Cubs vs. San Diego Padres,yes_is_run,30911818670048220344778432395084888478984120223575127980457293440113559531198,107453292290964258988043039368776553638588909763537302136524240592042495129409,2026-04-28T01:40:00Z,0
0xb62805c0c73d240f3b666e5484c618ab3cf034919b16e3d9eb010e871a33c383,mlb-mia-lad-2026-04-27,Miami Marlins vs. Los Angeles Dodgers,yes_is_run,60983388927750651159970273178708867097273453391037930469140207423658091562292,21220901980010053374007888785461793755759741689639107689283861130236616999257,2026-04-28T02:10:00Z,0
0xb07d6828baf3dc2f0d7141e97984bf1bd3216aa0edb0fba858095aabdcd8aed5,mlb-tb-cle-2026-04-28,Tampa Bay Rays vs. Cleveland Guardians,yes_is_run,98551575449834309674546256203048293155946174725678530456642169789798810447891,86265243305770777503533363214612130369808290599800725888696883146942051149554,2026-04-28T22:10:00Z,1
0xaeffed49576598df96ca029bfa88e1ba183348e8dbcaf19f77e367be563bbb1d,mlb-hou-bal-2026-04-28,Houston Astros vs. Baltimore Orioles,yes_is_run,10677854838533535371586113707287631490179537764767007097369647597812005065155,110501119422413541065018653546142762502613822635345658929462639161038043419780,2026-04-28T22:35:00Z,0
0xadda939e4a49629030341ec398aa9fa61e2f9aef951015b25a120dd1f9291287,mlb-col-cin-2026-04-28,Colorado Rockies vs. Cincinnati Reds,yes_is_run,43688433141232046818886134099475597760286481308031255900048964522383281393109,75486482884489890317601472105090728752773018339804281459669678538823024437590,2026-04-28T22:40:00Z,0
0xebf0df5f60e216aa4e558256c0d69ba6d6d9efbd04f119f66bf2d603fd136319,mlb-sf-phi-2026-04-28,San Francisco Giants vs. Philadelphia Phillies,yes_is_run,55174026666526666962439747395443164695133574430780467899300913853580247502390,75779554304543636106698738471985231341052556981898828666533895139605412785687,2026-04-28T22:40:00Z,1
0xade256b89931f5044e8c85f98a4bc6c5bceb603b8771a1f53d7fc1dfef291b93,mlb-stl-pit-2026-04-28,St. Louis Cardinals vs. Pittsburgh Pirates,yes_is_run,50020306109688074870541174574497145136649929229966236114574109075723760462841,28859676136919437122932051237020012399181360881265071958801610487834854177945,2026-04-28T22:40:00Z,1
0x3b89f3fe2018623314b94685e7c0cab0236593db1f98fa2f2d96f727b039752c,mlb-bos-tor-2026-04-28,Boston Red Sox vs. Toronto Blue Jays,yes_is_run,22417608970252243021235139691293058241299808523294149747401246365589386696771,99291934552725390111031300033310259147463116079437072727962183580545061714736,2026-04-28T23:07:00Z,1
0x85928b1997873596f9b34f1cdd319364caec1ae413f2aa61d83e7becc73397ca,mlb-wsh-nym-2026-04-28,Washington Nationals vs. New York Mets,yes_is_run,105352447200175609062969787402035358172720341889019334926516295109399608249516,53945532025541483949544062594720753441614474893696207949564561913204630554221,2026-04-28T23:10:00Z,0
0x81c5d329fcb167ebc664b8f78d4a145c49eebff35ddae2684adb3ec4e6939c5c,mlb-det-atl-2026-04-28,Detroit Tigers vs. Atlanta Braves,yes_is_run,105475766279743775087681365556114104692526625811685053960226168867688219196927,18654649654121481001030919637235603635820131530780388857659820519192976975517,2026-04-28T23:15:00Z,1
0x53e68818764b425b1f1608ac2f86c4d66dd6c6e28774e703e8f897e6a29b6b0d,mlb-ari-mil-2026-04-28,Arizona Diamondbacks vs. Milwaukee Brewers,yes_is_run,11580852547168276113812756433525901415373114689279332320546014727255570549991,110553591018635581648009545747215385694119472382386537106090402633703069424852,2026-04-28T23:40:00Z,1
0x1dc1abaf9031b6333412922e0aeb09160d1a2745f33d779d7ff4586cfee75689,mlb-laa-cws-2026-04-28,Los Angeles Angels vs. Chicago White Sox,yes_is_run,73591260399527737691019626371217374273337293928774024221952845234688319480794,60977079084497346025968500050472281033091204680213398936712885805023776719694,2026-04-28T23:40:00Z,1
0xcaff46c2cf45d69b981398d26600d561fc46da28b7efc45efc480e4464d1eea4,mlb-sea-min-2026-04-28,Seattle Mariners vs. Minnesota Twins,yes_is_run,77636205204534123278933542412630628435003014859164082050274801647690169316882,57781668502363150263330906109920262395643583841192353724191660053790098741931,2026-04-28T23:40:00Z,1
0x5b50c8862b378731b6bb1e26ed9d64d2f7405b3a9940cbd494ff33e35dc86839,mlb-nyy-tex-2026-04-28,New York Yankees vs. Texas Rangers,yes_is_run,63737085882190548510292678102811877839343286040258481685374485837243384734916,40130941920208117991132695264942585533847311762196303578596853342876886030379,2026-04-29T00:05:00Z,0
0xe45baaef24ad4855ba9176eb9700448e985ff1114bc930a2430b533b31c846c3,mlb-chc-sd-2026-04-28,Chicago Cubs vs. San Diego Padres,yes_is_run,4853147091052422967238958427653872783469840856281882837282272274558688160062,89446661221206638080219156744243379275338546301059431533444151217907416860722,2026-04-29T01:40:00Z,1
0x050b9231716edf9f49139bda0a028e128f19b91c9e576ee2df2346db546f7d30,mlb-kc-oak-2026-04-28,Kansas City Royals vs. Athletics,yes_is_run,76783866278851143343366216114685182995325432835290987974634565217573434116281,71464698030830087927375922381261880914444598950860140168403863180173408671026,2026-04-29T01:40:00Z,1
0x07c5907d09efd2f4e454fd23ccbe87f217abee3b129aba4916ddf4b39f403f81,mlb-mia-lad-2026-04-28,Miami Marlins vs. Los Angeles Dodgers,yes_is_run,52536626331871646958042353168179597080494756425167428274407499469143532147396,4615045303218992854079337604033245618939766407270245670903832131082577485953,2026-04-29T02:10:00Z,1
0xc6d886b54b9d8b7e41c97a5e1e9c4fab7f18352abb6e4384c2a76845115ca8f0,mlb-laa-cws-2026-04-29,Los Angeles Angels vs. Chicago White Sox,yes_is_run,57542877337168094018111658739803541037679642773771896875503582981886939537287,22335856066757256336644661462397175969069868016597552512951144462529332634630,2026-04-29T17:10:00Z,1
0x1acced152a72d7e790d6476dcc38b99bf334af0da94fe5784135313ee829b495,mlb-tb-cle-2026-04-29,Tampa Bay Rays vs. Cleveland Guardians,yes_is_run,85729038853017224022264721979979718795586917164505478414282547875831447729896,9793749411187544901192188980433860210336173426504746484010984797521235699694,2026-04-29T17:10:00Z,1
0x7cda1e6f2b23932781d4425612d25554ae0de61f9c9d8d9afaf4fa1353a83818,mlb-sea-min-2026-04-29,Seattle Mariners vs. Minnesota Twins,yes_is_run,59043129744848156312746528478704664721382653514010010224487202830262463398360,47980430516235964391979703792737319677104987916270380103768569271321600873798,2026-04-29T17:40:00Z,1
0x2ad5519404d110246b1637ac67b8bdca237bab4e476692492b14c25493d3f60b,mlb-nyy-tex-2026-04-29,New York Yankees vs. Texas Rangers,yes_is_run,6436586747709322155046508044080878346263704300070394332901514292171187402952,75188237120242369470475976567120457348960096923698089272510865832855683231032,2026-04-29T18:35:00Z,1
0x822860fff220dca700f297ddc94c9ee79d99630929251067b784d0a40fa9ebe7,mlb-bos-tor-2026-04-29,Boston Red Sox vs. Toronto Blue Jays,yes_is_run,59490038685317693429986084121855724435222384928582164426158834558313262563824,69591394986349867961924091723777522156072800155699633826404471220253549567468,2026-04-29T19:07:00Z,0
0x0427f4dccb26819c299d987f4f2c79baffda26ccbfe5c93a8666ab119a9c3c0b,mlb-mia-lad-2026-04-29,Miami Marlins vs. Los Angeles Dodgers,yes_is_run,69555252255422445855055277671247397279216730066377288685637448226535918260092,96441053050609388798498741970783667415028149605118059388048417102303375684303,2026-04-29T19:10:00Z,1
0x806f142dce2edf0423c8b2bbf11ac0097ab4401e025df9d7327509e3523a3377,mlb-chc-sd-2026-04-29,Chicago Cubs vs. San Diego Padres,yes_is_run,55593137304087026378648319282324313211312693981455838432185216897210192640347,28065032548717963091021945678338720486962966927488844751955309501000673461744,2026-04-29T20:10:00Z,1
0x4d2ee970eb48e1e0930794e5238c52282e8d0cd4dda380bc90fe500c223279c2,mlb-col-cin-2026-04-29,Colorado Rockies vs. Cincinnati Reds,yes_is_run,44205619660837734133625254179526662762983717313690444471713858836141579181565,103966679348978846590810398937176183707630326329160827129237181178089995724765,2026-04-29T22:40:00Z,0
0xed21894af2b9857bc890c6b9f007ad9b394b8f356eaee8ad7cd00a493f14ad20,mlb-stl-pit-2026-04-29,St. Louis Cardinals vs. Pittsburgh Pirates,yes_is_run,30745098682741155556029088315028917037639759813261181549830357311577901051769,57084663955907772366332202218564808216527558846298475108643584479233224445077,2026-04-29T22:40:00Z,1
0x14add5f9b1d32f211029b0afb2c1fad9e9704ea4e98f84fb59df8dd620244df0,mlb-wsh-nym-2026-04-29,Washington Nationals vs. New York Mets,yes_is_run,85126930768907986125614084997589397253062134907862573238549544604552501633674,20756987365442658821184851895298007266824707151902329697276251597067926103108,2026-04-29T23:10:00Z,0
0x77fe37c4404e4b732a9940e7cea906db10e9b9c092d21609a8080b2b24f9c160,mlb-det-atl-2026-04-29,Detroit Tigers vs. Atlanta Braves,yes_is_run,94002712878061750440400829403299179801804527375440189871229961121920141637514,103316697822309827119886154283761507950259979553732116028453489600103829543391,2026-04-29T23:15:00Z,0
0x771420bae10fe317676ea5c6f017a66752926cd1eafa3d11c198e73ac884f162,mlb-ari-mil-2026-04-29,Arizona Diamondbacks vs. Milwaukee Brewers,yes_is_run,38909855102852374804836317591970949428369665410451851307288936818487886562999,111905765698762876440646055776782721165069053764715826249194708655211276584815,2026-04-29T23:40:00Z,0
0x3f1fce93a9a3711b8d524c64d8d415977ca02430bc4cb0ba34cba40a6f8f8146,mlb-kc-oak-2026-04-29,Kansas City Royals vs. Athletics,yes_is_run,83205089438258812888951793851579632718692401710537115084209975782731278060320,728024523401362472565689032459010688752568857954932862435924097631952964393,2026-04-30T01:40:00Z,0
0x3c1ffa82493eb0f9cf696ce49ab925b23b86bcc3bb552c9d4db1755e032210b4,mlb-det-atl-2026-04-30,Detroit Tigers vs. Atlanta Braves,yes_is_run,92854189620209593506722493259751563456610464246469049406655609068593791138633,30843390698929894900810527418262266973283814750653898793684167271376147497166,2026-04-30T16:15:00Z,1
0x3e08ed28505cd6cff3616df7fd0e652918b634ceb66758909e9a6ae79c463f64,mlb-hou-bal-2026-04-30,Houston Astros vs. Baltimore Orioles,yes_is_run,95050030955610148771152940870963254889098110287992596628184598881717999506938,3601981730888166954110226074280733589808270253054022146276269711351974456091,2026-04-30T16:35:00Z,1
0x7be2e4f689abdd793344b3951206cdb5918ca56469e1af25d9799a5cc5049bb3,mlb-sf-phi-2026-04-30,San Francisco Giants vs. Philadelphia Phillies,yes_is_run,9128073088332502397885450476065433315119476158913671473833859175278085800900,95283156870850405635202492533326858055175773158723632824978087462442676379687,2026-04-30T16:35:00Z,0
0x2e8e5402fd49638fe04208c3e1803aea8b5730d1fde19d3979a06b55d116aea7,mlb-stl-pit-2026-04-30,St. Louis Cardinals vs. Pittsburgh Pirates,yes_is_run,56946875565803207754734697341849082585901683460072480084882368268845862306828,102022504383359003652917992607023636329247522160236520203090025481901299617087,2026-04-30T16:35:00Z,0
0x3c25b78af29d92260dd156d85dd1f4d49eb680e16227a344519cdc99d5221371,mlb-col-cin-2026-04-30,Colorado Rockies vs. Cincinnati Reds,yes_is_run,60807224261511581783672215384648410727658703439622579175237429386733362949120,59386731662775642962829616318427997492677112891358978021405242980086718482050,2026-04-30T16:40:00Z,0
0xf3f682912949b265f5d0507e475e28e30e6e9819aba0a3db3fef0811b61daabd,mlb-wsh-nym-2026-04-30,Washington Nationals vs. New York Mets,yes_is_run,23681609534955271058263520168112785439954954497497705174665902712564420150243,41066385222549692978747898387131295390205710993859887240405128275235107961204,2026-04-30T17:10:00Z,1
0x5a4273bbf643bb48c5df5fb05b71e5939cff5ce1756d88b9a9add42d99aebfd2,mlb-ari-mil-2026-04-30,Arizona Diamondbacks vs. Milwaukee Brewers,yes_is_run,106901938433922791986978013022154699584953607546036468862842998179730140520454,88160159384756916552914090687845339342513997003676401587909087309373630542358,2026-04-30T17:40:00Z,0
0xe9b6e361b6175fe196876557e7b5cd199e2e6ff6b7621702152238cba6d3c9a5,mlb-kc-oak-2026-04-30,Kansas City Royals vs. Athletics,yes_is_run,107377844604156354041656930031640681311468807950271746379220571113943722138108,58641316929958668191108357868615636912892656769621551317580492173909937660134,2026-04-30T19:05:00Z,0
0xd3749531008bfdfbf1c7411823ac64f3febc44d0424ff9bda4f1bea7be7528e7,mlb-hou-bal-2026-04-29,Houston Astros vs. Baltimore Orioles,yes_is_run,19524502380041390175484578604764826152378605856839627291922614970920990613950,78663431289434205916567384412080815813061778465704025560742530831376881619178,2026-04-30T20:05:00Z,0
0x688e3e1d94549e8061bc7ac0625d99f18e5f7b40d623deed2f07d13ad44b64f0,mlb-sf-phi-2026-04-29,San Francisco Giants vs. Philadelphia Phillies,yes_is_run,67940213421642709230389245169495251949660113620474785223036657112741412544831,109656252041064118967714338110189610497812274483019708696245503393419603746205,2026-04-30T21:35:00Z,0
0x8e72f1facb6426adfe5aaff3d5100728227bd4f4759f31b7d7c080fb175af717,mlb-tor-min-2026-04-30,Toronto Blue Jays vs. Minnesota Twins,yes_is_run,22929438306517877756422547116566114094406103915694122280897877179634388475651,33630003665352588857829424327108623017833828251407810175829745099345332984398,2026-04-30T23:40:00Z,1
0x0b744864e301d96f904822e277e9aa050d1fc7d379047ab6a1bd9e51811f6dde,mlb-ari-chc-2026-05-01,Arizona Diamondbacks vs. Chicago Cubs,yes_is_run,63147436834059666232074793459733195161369155678430410279418112783042252798666,64621253850960152629415025378109958921126470364678418421414337760214527967313,2026-05-01T18:20:00Z,0
0x260f02e61e2f09c72523dc225f280fc7e5640c98010e45e84e095173588aec30,mlb-tex-det-2026-05-01,Texas Rangers vs. Detroit Tigers,yes_is_run,88408358273579359431967717648150617400221453391784916474678352427504659940608,50778423167415545713640766228376173950742047237760282643091485737387410874106,2026-05-01T22:40:00Z,0
0x2ee3ec9d50387c1f8ae827a4bf5244343fc138e71551eb2b3af6acb01a0706be,mlb-cin-pit-2026-05-01,Cincinnati Reds vs. Pittsburgh Pirates,yes_is_run,106874191881449219515899460450404283700346740868005860238696924936437909085003,105882457912530187728464630820602584332698214583837878837414895484011797992148,2026-05-01T22:45:00Z,0
0x4a1ca1d75d6be273ae370a34a770cb629f75a399d642a725857350e7125d621f,mlb-mil-wsh-2026-05-01,Milwaukee Brewers vs. Washington Nationals,yes_is_run,4065861936762807798579637613770993001314883591509325468648534831488006281751,108264583064678781086416546307705750072880200614917502650883620145296123625181,2026-05-01T22:45:00Z,0
0xea89a5fef865d6ff781b41900f09ce353b6342db566d9fe2e723d35038a01f4d,mlb-bal-nyy-2026-05-01,Baltimore Orioles vs. New York Yankees,yes_is_run,19740886201044142902588765572340434824734497996626161460205399673357821493140,47630170995603593999175120845381590460514143819143113960345337689881618727823,2026-05-01T23:05:00Z,0
0xc21393a0d5758956c9a8098ff89dc073fbc845f8fc32b06c0c95cb5da02e6049,mlb-hou-bos-2026-05-01,Houston Astros vs. Boston Red Sox,yes_is_run,27776078320113901090693265124262806774797847715655910510627456655588085325519,19728555251433717860563279881229347503752669769862837957904086285422344777854,2026-05-01T23:10:00Z,1
0x47ae50d3112cb7719a87968f9a575344a4b529b4f0d89e9f04457af9494b88fd,mlb-phi-mia-2026-05-01,Philadelphia Phillies vs. Miami Marlins,yes_is_run,103639266449267197370382644912486370976017421918672762455445994942459206266716,96873854462087124864391429418971397866180063010814071048827259365688008587317,2026-05-01T23:10:00Z,0
0x10f0a52368a3ac1707ea599adf0c2ab5e1418dfc2fa1d57334806ab8e8e45928,mlb-sf-tb-2026-05-01,San Francisco Giants vs. Tampa Bay Rays,yes_is_run,45747038166550917685147458122502776029474374706207592993873962200079209451042,52351704666232382383535091453846530660583475393827446839786784761467028321908,2026-05-01T23:10:00Z,1
0xd0722ed7e10b6a04eee8cbc2d5308ca4ba375775b940c8a603f2965d2505ce6e,mlb-tor-min-2026-05-01,Toronto Blue Jays vs. Minnesota Twins,yes_is_run,44671251434737485708895315165839711438877263227970525060400636278072196866160,58258170117788665631963134019226820107862898399626910657809872798509001474996,2026-05-02T00:10:00Z,1
0x83e6cd03098d18c18efabc27101c00eb0467841d7b4d0205ff751847d6982593,mlb-lad-stl-2026-05-01,Los Angeles Dodgers vs. St. Louis Cardinals,yes_is_run,54593941440863992124629938669252792764763843069560671966728409542606402405679,49328049032947360403492830033676756475177129152923532967024792266466994166515,2026-05-02T00:15:00Z,0
0xfbd38dfc09b84f91bc1f7aa6805f00a151576e880b9394c8107a671ea29034dd,mlb-atl-col-2026-05-01,Atlanta Braves vs. Colorado Rockies,yes_is_run,49430305153358080139018567087293073358458565644823848984201925712904471197502,13937304655894835392348938690191714893126762269067414713752451873239682430169,2026-05-02T00:40:00Z,0
0x4b303e9ed46008b31cb8f53c78d581e1780d0597bcd3ca53885c37d93a180f21,mlb-nym-laa-2026-05-01,New York Mets vs. Los Angeles Angels,yes_is_run,1048290701949386591797655532463780644297312412767115338458211974229954620087,50813397648718990415845883311646693558222611179199800514695842711067343993563,2026-05-02T01:38:00Z,0
0xbfde7647910e01466d3f7a4dd270f721149d6877c86ad65c4694b1001354bd34,mlb-cle-oak-2026-05-01,Cleveland Guardians vs. Athletics,yes_is_run,106047052962668825798513753545182002605172720304797505443010937582406781628926,115622771498920141601588062884414180151578281254661788593465295247240680354385,2026-05-02T01:40:00Z,0
0x57ce25138c8c1570c4c073a4f53fc60da999df597ed3c897ac2a86bb88726ab5,mlb-cws-sd-2026-05-01,Chicago White Sox vs. San Diego Padres,yes_is_run,32588578367170646104581362497655450717218062460496323506348438408810841233625,81464357370656924358107301056666119944551964268128555361040925021273012966522,2026-05-02T01:40:00Z,1
0x54f2434874f33c0316e809624dc3eb242b770ca3731ab1e228c9ba4eebe7fe7b,mlb-kc-sea-2026-05-01,Kansas City Royals vs. Seattle Mariners,yes_is_run,7362324785920794565213217486077405063459375261012437149525140245450318605296,94702003323019868416814684604256010538032833467205563913566808440635940253412,2026-05-02T01:45:00Z,0
0xb1ef3f686a380525fc527488c0b96b688d24506b7b7b1fd5eb5c015fa8ecab65,mlb-bal-nyy-2026-05-02,Baltimore Orioles vs. New York Yankees,yes_is_run,26234890907717082867364151012568851002070019970212762708819357274591438647689,97091342812783855179652291101139549553762197893298637069995649587324795365518,2026-05-02T17:35:00Z,1
0x754fbb32a89113ead9eb667345cd77085850bd5269db720812d3bec996e52156,mlb-tor-min-2026-05-02,Toronto Blue Jays vs. Minnesota Twins,yes_is_run,104169464077331738600131763017647996286298356463891138558600846403800328628174,73457939646920194152103537484694339657850000008598750725964419232830810176646,2026-05-02T18:10:00Z,0
0xe98df7974228a8ee969f27ce66d4115bf299cee50e2b1ef523090799b883bbcb,mlb-ari-chc-2026-05-02,Arizona Diamondbacks vs. Chicago Cubs,yes_is_run,88469236421719659960510703416122747610128931846796795478283041090087597315343,78634672402854765875342141151723973594206619066008012719831701070494459554889,2026-05-02T18:20:00Z,1
0xb64c8a68bbb2db3ea34d2ccdd42abeaa8cb2f5fba677b44348e3b77fca130b37,mlb-cin-pit-2026-05-02,Cincinnati Reds vs. Pittsburgh Pirates,yes_is_run,81924115910130490684946263015348465526260893023540539035054989122255998144641,85926625764245573280163916056737511229721709044294755403899457566672147210717,2026-05-02T20:05:00Z,0
0xa5bd6fe3556af14aed8c1c754361ae7a35d4dab2a058b03221b7d56036febd02,mlb-cle-oak-2026-05-02,Cleveland Guardians vs. Athletics,yes_is_run,5205374347346940162727971002613397667457605657406273866405856061038483049663,89107472788231733499011104499510192412491072561826658427680811225368447997363,2026-05-02T20:05:00Z,0
0xd54668143ff2138b95e055ac65922a3dbdf550f3478a6a3ee913271ad131d751,mlb-mil-wsh-2026-05-02,Milwaukee Brewers vs. Washington Nationals,yes_is_run,112287323459775945334484203680035866265320144946650552976280679889048358440857,36554307497278640835541377779425441331641900466832156910256627467920151647142,2026-05-02T20:05:00Z,0
0xb53fa354a6bea0f555e1f07fa9c4733f4b785727b433c912635da378ac5e1707,mlb-hou-bos-2026-05-02,Houston Astros vs. Boston Red Sox,yes_is_run,80187267193377397379712937490026246710041416399391934281810272350770429253354,29562749904508377224745633706092885099439578389000731972714614215689572721438,2026-05-02T20:10:00Z,0
0x91d648f3ea6b03f737affafe5977ccdfff9b9db8bb6c95c7f4613822406bde89,mlb-phi-mia-2026-05-02,Philadelphia Phillies vs. Miami Marlins,yes_is_run,24433827121317163491450472844293875733645914541428615899649235283803772235696,101390116576149444980238851097310348942369603541018684891303758641349798258970,2026-05-02T20:10:00Z,1
0xf065835100f388781638a4a87b86fe337e04decf9d2b456587757d73d40b1408,mlb-sf-tb-2026-05-02,San Francisco Giants vs. Tampa Bay Rays,yes_is_run,33941523262170214012827300189382021313030896335874012165383777289096103738311,87154452829794475247576049549398294298413233940743233028062570135297278057994,2026-05-02T22:10:00Z,1
0x9ef5804f377f34f739145dae5fd6ebc70cf80744b4aaae4898c0fc526ca122b3,mlb-lad-stl-2026-05-02,Los Angeles Dodgers vs. St. Louis Cardinals,yes_is_run,57087752121885554938167483289967193058655631801254134253632133440469425966433,14494710280693710302581375989093157868492830742869121576878735550217116831746,2026-05-02T23:15:00Z,1
0x20261eed4af9a2e570c7f81a7cb9c1d131dc2b1ecd3243993e21497350566b4f,mlb-tex-det-2026-05-02,Texas Rangers vs. Detroit Tigers,yes_is_run,47513903876448257407558130134143130013863088640275695684057897381675784967536,90119413987289114171568256362295959968198458970660037819893525445725434838319,2026-05-02T23:15:00Z,0
0x307bce3aaadb2bd77d9c42462a13e47a8795677c4ad675e8b28ac98f2da6ed9a,mlb-atl-col-2026-05-02,Atlanta Braves vs. Colorado Rockies,yes_is_run,17526837497064611961196237049976486805643279672046883640396976894013814516575,113358473843647469403846186529931655256903857755950815092382282272202899954801,2026-05-03T00:10:00Z,0
0xaa7b9945a842fc2e07d34755296793c53dcc0ea2663274e7876c0011ee2a5ac9,mlb-cws-sd-2026-05-02,Chicago White Sox vs. San Diego Padres,yes_is_run,95581202460017276697674875251425944317437340409610820972662771591348052938559,24838355299740279955781460835750494105540266671718105354116672397897862483857,2026-05-03T00:40:00Z,1
0x6223140ff27861a879fe6221812b28895b46c93dfb0324c946da480a68fcab0e,mlb-nym-laa-2026-05-02,New York Mets vs. Los Angeles Angels,yes_is_run,95504426354352734312525035532197273345228725192983848026207401739730086121572,26178431876483974997611768750045308176551037304605080170774281045121392798473,2026-05-03T01:38:00Z,0
0xffdb123f68d9563840db70223e8d8af6ef6abc2960d88b5cb2eee325640e9506,mlb-kc-sea-2026-05-02,Kansas City Royals vs. Seattle Mariners,yes_is_run,30031121569334619419479859341819326279192498360889011402367523475414089439626,104458486769894719379863773483455541756562471310779313718041694618295018646412,2026-05-03T01:40:00Z,0
0xc3adc047d21677bf95625ff5ba03112d7dd9889c613944371c89a39e8efd48ae,mlb-tor-min-2026-05-03,Toronto Blue Jays vs. Minnesota Twins,yes_is_run,97315007870767898004712850700322267241743891451095491507333495319921194756639,63484170830381477488300543815243866052826385510965971140785178243623173583208,2026-05-03T16:45:00Z,0
0xd4229a4d2f93e0c7611798ec4e6068d7cd77ff87d3fdfdff5ca2eb77ffebab64,mlb-bal-nyy-2026-05-03,Baltimore Orioles vs. New York Yankees,yes_is_run,29451131516508850040909079302946668509793211101879484003146483381010874483472,93626487560937949212162744868438113188986872602963225434057201113023677632489,2026-05-03T17:35:00Z,0
0x3485238e77cdd260d1696a8d23dc1e71ca22574a8233b57d2963996e72c4fdc1,mlb-cin-pit-2026-05-03,Cincinnati Reds vs. Pittsburgh Pirates,yes_is_run,108844109254816172154750910429473628559818924728689882014075830010079424991003,86205495268041195690863997438736770586969203833466635243223247682471585441851,2026-05-03T17:35:00Z,1
0x3e1f92c40745e8f1d591ce67c3723ebe0131fa91295b21fd40db9912ab01210b,mlb-hou-bos-2026-05-03,Houston Astros vs. Boston Red Sox,yes_is_run,16276518876188956976027698427678036519035586477482184508749847783447784398064,57670043685960425933785690387758142849192558119114109543800354468399190737201,2026-05-03T17:35:00Z,1
0xabd69b3a1f9d21bd02337cebdad3258ee3ca44086ca6c6464b856ebdc54ca0c4,mlb-mil-wsh-2026-05-03,Milwaukee Brewers vs. Washington Nationals,yes_is_run,79939176697155456357950815667562855514498440128466448917152336848547182038442,109314892776085696204610902367910302178939892358756663078456595479376376319677,2026-05-03T17:35:00Z,1
0x148f0c5b8d159e5140dd3b025a113ce76e9b9f28bc9ec9973ed659bedb3f425e,mlb-phi-mia-2026-05-03,Philadelphia Phillies vs. Miami Marlins,yes_is_run,20300519233484674068334144860042548008646206702250134818651188333642093193596,5059515715296228317053222236821140827668885207984853670852158840446340405175,2026-05-03T17:40:00Z,0
0x6dca810e720933623b6f4cf0b76b86fec23683f62657baa8ccdc5ff081379286,mlb-sf-tb-2026-05-03,San Francisco Giants vs. Tampa Bay Rays,yes_is_run,93954648582183340646398903895149551904553996663571439813896862946998906995552,87335971184781574220708189142144686088907378085498009798280685786349556734188,2026-05-03T17:40:00Z,0
0x231701c7d850b66206608f78cdb37720343dc3a6b485b3b8a6feabe50a8224d8,mlb-lad-stl-2026-05-03,Los Angeles Dodgers vs. St. Louis Cardinals,yes_is_run,60363032663643686491003148364230916644243009021734867632715246274808081724737,7267660139365685707451511891171547899723027931697444622182943935894009967254,2026-05-03T18:15:00Z,1
0xdb98abf4c7790f2bf69987e47dfacbec6304ad4a31b37dea66696adee7c7d039,mlb-ari-chc-2026-05-03,Arizona Diamondbacks vs. Chicago Cubs,yes_is_run,20398511123946597596553553809838374407672278499293050551494695230079354567459,88474465307321488063283424078869771636479067743956594754674874655792255322047,2026-05-03T18:20:00Z,1
0xb9018af17016cdb2b49f260bbdabaa28ce80d79a05b984556c093653f3a1bf8e,mlb-atl-col-2026-05-03,Atlanta Braves vs. Colorado Rockies,yes_is_run,4903250010589938427903624717407454560300473064901693068591197200832054041323,60345441330607742050224777141432821352581294194882391357744926817930027944315,2026-05-03T19:10:00Z,0
0x447e34cb9af47e50ddf618ed16c32c27cc9062c3cff7647a88a3cafb23e58a86,mlb-cle-oak-2026-05-03,Cleveland Guardians vs. Athletics,yes_is_run,96696336588639261900081843994859130836166672216996699887500773032221530795327,21239939654618874472884661709621867384798887555722788202061838506674151135903,2026-05-03T20:05:00Z,1
0x6fe4eb56643c1790d4dd30970b4b5ee424aed80eefb57d2dba78c996b2c313fd,mlb-nym-laa-2026-05-03,New York Mets vs. Los Angeles Angels,yes_is_run,91991696478594421910922720461272260803620097448768774785672144114726569494065,108122681495327375219763305610748547353528602084511247969689086350097420216861,2026-05-03T20:07:00Z,0
0xce8dbd691c25a4c9d2acfff5d5ded6d39b443aff232f8750d22989911d804e93,mlb-cws-sd-2026-05-03,Chicago White Sox vs. San Diego Padres,yes_is_run,109942626155693869398133465011921300833664192959242288647067259628194179872484,112542528507229218216057165402493033462577260994496139404858241853310909964255,2026-05-03T20:10:00Z,1
0x91c10ef6a1e451e3ba7610c68ed9d03789c8b24616464d33da2eea042a08c399,mlb-kc-sea-2026-05-03,Kansas City Royals vs. Seattle Mariners,yes_is_run,50600242110780332110314144845949514699329506175134667326487375985070009205800,54232665747915856387665527031410325760767896965354140320142995394417458259949,2026-05-03T20:10:00Z,1
0x752130d04d2c77be2da69f82b7684ab0cf4a2a878c137f54820893b21469bfd3,mlb-tex-det-2026-05-03,Texas Rangers vs. Detroit Tigers,yes_is_run,72854390291540594202055492775208749628603537187206860083388606811190752001483,41797005157385171513226163563550070253357294580077746990494709624374430009680,2026-05-03T23:20:00Z,1
0x41a6fe3002994555fafe0d832f106aa9e1462b88e554089f736a48f14c9102ae,mlb-nym-col-2026-05-04,New York Mets vs. Colorado Rockies,yes_is_run,104691368512435478132104096783807945339828007412099305793958872610201829884712,58471834752055221641120200629031845992856186668760590646459619819810408762377,2026-05-04T21:40:00Z,1
0xcb2e8664cfbf2e82c1c8cd8381b7b8a4689ee4975e5b15574a726b69a2bb8dba,mlb-bos-det-2026-05-04,Boston Red Sox vs. Detroit Tigers,yes_is_run,60811769580584327865182544279384428243887738167025559257349882359005252020184,1534119785088257615113875273802350793196453389296769475949353788870356404702,2026-05-04T22:40:00Z,1
0x187b715f27fee86c8a758ed68636771f22d76e5c32241a61745d685085624648,mlb-phi-mia-2026-05-04,Philadelphia Phillies vs. Miami Marlins,yes_is_run,14986122946659743702047423871667577743089122458680058820461957609389776807851,85698071052309362065726346216574364875324288463615995169737774426910279510715,2026-05-04T22:40:00Z,1
0x80a5cb55bd62c80cc30f128db82a8d81c4b7da6fc7a93a3a5a7b53d8f811c85a,mlb-tor-tb-2026-05-04,Toronto Blue Jays vs. Tampa Bay Rays,yes_is_run,26128546585602067395696765965988694030714561969428036269888177159624061940472,96001279888633580910736649426164562872415279980642113288303816814216253278581,2026-05-04T22:40:00Z,0
0xe5009cf0824d13c4e69bc1bf43ccb6294fa4b5f9c0161cc172810601f5d7b485,mlb-bal-nyy-2026-05-04,Baltimore Orioles vs. New York Yankees,yes_is_run,37738765597759893602667538190666743136525672473596081667180916618518866696644,45699253407349698061406544383292010343251054014644673678506370629189785918824,2026-05-04T23:05:00Z,0
0x8b682f52fc6d433d1e71dbf932eb75428a7a8df773bfb812727e991f154ce3d2,mlb-cin-chc-2026-05-04,Cincinnati Reds vs. Chicago Cubs,yes_is_run,63841349482331688869930232037067427295528421479729345386556321589969548922129,35133162958647213092851998539317262977120261786219343330283507289615057843807,2026-05-04T23:40:00Z,1
0xa9a14d42c37f608b007ddf7e33ffb4b2ee48b08e70e15a6df0f9979986fb6374,mlb-cle-kc-2026-05-04,Cleveland Guardians vs. Kansas City Royals,yes_is_run,114705846005885514036213344287246691835194165231885864561265336037701429693749,16511867338164733304186818337340317021626571113140596128425258227216991497834,2026-05-04T23:40:00Z,1
0xb57f1d5d29cf4816eaf6d7e58b492cb19ea271d5af54fd92d3ecf59f47b87aad,mlb-mil-stl-2026-05-04,Milwaukee Brewers vs. St. Louis Cardinals,yes_is_run,82993410627319166632758083056000436098933303009480397663262921676540572080590,2393528638251178487377086705923109705746370306876623546536092075542478815391,2026-05-04T23:45:00Z,1
0x642e95e5c38477461e8d13297bca284efeb2c08d7f23dc08142bbeebef91214f,mlb-lad-hou-2026-05-04,Los Angeles Dodgers vs. Houston Astros,yes_is_run,19291336881794111587934943828220217032610783654852662465492630494228781633785,106578946492701711757888787867606606132127527391978607441586805564835036050079,2026-05-05T00:10:00Z,0
0x0a7cb0800b3c6b59fe04b3966e8255ceffd8998e654874c86886e13d6c34f746,mlb-cws-laa-2026-05-04,Chicago White Sox vs. Los Angeles Angels,yes_is_run,46046007199111188054988120048920656320827178171936785397964877708258455458168,113551934532254861151694257585905311408487382278326498260327357122439946180356,2026-05-05T01:38:00Z,0
0xe62cd2102a5a6978b0de5d9e3886d9864d040b2d9ee5e24b6e2df933219e3753,mlb-atl-sea-2026-05-04,Atlanta Braves vs. Seattle Mariners,yes_is_run,32119108530686912743585114226875364753232420550629724619489435573382101850218,112148337380771884523444492485452713766476571406311747666927944190490177919253,2026-05-05T01:40:00Z,0
0xef2fd4c317d136a2f02ea74f41d66acf9c3922e1698e6b73647c73a670c7a5b8,mlb-sd-sf-2026-05-04,San Diego Padres vs. San Francisco Giants,yes_is_run,1625477102105061112736332666662883497068266449713834855507240811438170878128,30007268869318760747409738508198400455768627698069078016245875059914493177992,2026-05-05T01:45:00Z,0
0x9b0389b95a9d2f6ce6f1fb5b768740d4454f7ad4d65ee715b8d8bb83f9f00958,mlb-bal-mia-2026-05-05,Baltimore Orioles vs. Miami Marlins,yes_is_run,76503745796097396032005135252694556648344695217387015558571373128689945311574,95317844497504792962572553337182381016354333274620634376891934431957105008978,2026-05-05T22:40:00Z,0
0x2c72df6ddf050338a0e61d21a95ebbb7e36fe42c3b46bc403b8248d8495f2c2a,mlb-bos-det-2026-05-05,Boston Red Sox vs. Detroit Tigers,yes_is_run,89177822784835387774377325310227287258534681849693364687219112939238394443776,74877207820903542269451562696522380607247772040835147885907788535668614274097,2026-05-05T22:40:00Z,0
0x65d9141450528f9e1e6e65c0cfdfd9c34f2be4d090dad3dc18e806e76424afec,mlb-oak-phi-2026-05-05,Athletics vs. Philadelphia Phillies,yes_is_run,62343488290824859307431820249675553758463021121982026068541440128487515535753,10126338563387559706439989793521060210119623197125810469126847895284119926927,2026-05-05T22:40:00Z,1
0x72c0cbb025675d5f06365c1f9d8db25e4397a573a8a13562edc98d244208f94f,mlb-tor-tb-2026-05-05,Toronto Blue Jays vs. Tampa Bay Rays,yes_is_run,78940645212968724353192594030688996175388800883013497990040043171720736979318,77773431587454452596049487650438644650257973433953918691416217194054795987374,2026-05-05T22:40:00Z,0
0xc9bb493093e8c9b650925815d67afe483c5572583d9d6c22105d7d22948f6e0b,mlb-min-wsh-2026-05-05,Minnesota Twins vs. Washington Nationals,yes_is_run,33512797367285584927567074214704223466165622386535373400488396746101760406082,96337939944975395866193598293741493753856495077802991446499594017360256726682,2026-05-05T22:45:00Z,0
0x2baf910cf91cf07ca920c06d29dd321defc77cbc2870aa62781fb370f0bf2136,mlb-tex-nyy-2026-05-05,Texas Rangers vs. New York Yankees,yes_is_run,4377144062774836875301191256204083602685903675621118304358806349086790725096,45703615971840622371366925641034361068651132538392803921958416534371197334376,2026-05-05T23:05:00Z,0
0xdfe4e5875a7274e8e677960aae46a5451ec2790b5aa91539054866f0d220ba30,mlb-cin-chc-2026-05-05,Cincinnati Reds vs. Chicago Cubs,yes_is_run,71210284482942407509022426836010481214502386866183160628384750286989600811098,71274834869025095012936685143467722391203407708550790013493083042984327374450,2026-05-05T23:40:00Z,0
0x662c6a4b1bdadc7dc02940237d0317ad50d3471d28239a2c77cf436966331491,mlb-cle-kc-2026-05-05,Cleveland Guardians vs. Kansas City Royals,yes_is_run,53829329279486322560046387120775500256528959961166139399227024408810815442439,40179805407143753172005530652228868398511034733369663353063767412794938067237,2026-05-05T23:40:00Z,0
0x1351f469f7e110f4a5eefc28526c873056851f2384c9f9fd94481616f42b7471,mlb-lad-hou-2026-05-05,Los Angeles Dodgers vs. Houston Astros,yes_is_run,91786116939623865194262971591579097830323780297207644604573271062857533483199,85145732525762629049022445033684592456492785701673002739923189716124392659690,2026-05-06T00:10:00Z,1
0x257a813e9250708257518f938eade20d6c4174821b6b8735e02bd69cf3d3beec,mlb-cws-laa-2026-05-05,Chicago White Sox vs. Los Angeles Angels,yes_is_run,46787215867767482763897337125117610716781379802674400477365106138317570273824,105158675650246573793358967305990117233382802168750859975673333369844526576804,2026-05-06T01:38:00Z,0
0x513d16e12a901e41c56f953fad9eb7f1aac8a5d0850af0cbfde0b67a4a8e85f7,mlb-atl-sea-2026-05-05,Atlanta Braves vs. Seattle Mariners,yes_is_run,83202127770835188872325455915603146262292764717635691660435119523599011723063,25244923290685535479483060083426173849199231911349102084082244397243102833299,2026-05-06T01:40:00Z,1
0xd54706d4fd09e83a76ac1c3f41ddc9d5c4c009911be2cf93c161382bbc46fe94,mlb-pit-ari-2026-05-05,Pittsburgh Pirates vs. Arizona Diamondbacks,yes_is_run,15346804099983026623073812784803549670349952547253572984951163484184528658328,76510826269210883818543988024221549462969094404247674723191032800760111048592,2026-05-06T01:40:00Z,0
0xf569171a50c28afca8568ccf8e4f3f59204db6de0570021fcd67c6c77991fd7a,mlb-sd-sf-2026-05-05,San Diego Padres vs. San Francisco Giants,yes_is_run,52157851661806371112781294664182303383046548071499544973625968698301137561983,112420887445403166996589522072621373370992742159285149873955863418171599509147,2026-05-06T01:45:00Z,0
0x98dd63156d016e163c6417b2ea897dc6da8c7abcbbd256d49aac6535a022e1bb,mlb-tor-tb-2026-05-06,Toronto Blue Jays vs. Tampa Bay Rays,yes_is_run,20240547531216551627513000991614034010975185809890192855469077421151987003629,77061786622617636237091510922072390880968376586015485796504351559268384056170,2026-05-06T17:10:00Z,1
0xf3b21c4fa2ac8aca87da9da0696138fbd0980de28b5ac43fbad958f939a9d566,mlb-mil-stl-2026-05-06,Milwaukee Brewers vs. St. Louis Cardinals,yes_is_run,107763031050125863735103751010157985017580203779108989702543361369292727860302,113373184006096862525111684785147494002621322882212792288985292395106200070433,2026-05-06T17:15:00Z,0
0x7b0c3adc0f3bc41105ae7171d9f362d4e472c8f9f71dcf3823266dd527157e7b,mlb-lad-hou-2026-05-06,Los Angeles Dodgers vs. Houston Astros,yes_is_run,56849959947676513365075252209445985899916172385185270563867484073415178875151,68878751379182631358134497320953492349631335747732333468734460732876981566255,2026-05-06T18:10:00Z,0
0xbf680bb1a836cf72b778bdbc825392868784a2e56c7d8c25f48e685547a94fb4,mlb-sd-sf-2026-05-06,San Diego Padres vs. San Francisco Giants,yes_is_run,70604588686470843393637480599975590641404629544342259675814962515673294109348,47310865188231669321957011625601145252359928783227532159129303708044196645631,2026-05-06T19:45:00Z,1
0x15aef8af80a17edda7e3b51052a867806af5cfe6a5bd2ed78ca9a2b5c342b66c,mlb-cws-laa-2026-05-06,Chicago White Sox vs. Los Angeles Angels,yes_is_run,12679049996243223284579049026787492459733203102164883166993379084796481933141,88228851268511858639529823291425548565771949558240801592045138043272810104492,2026-05-06T20:07:00Z,1
0x4548b9607067fcb77ede52dd60fd591b9e95b4c2cbe7d3c1fa2b7b3625f4b414,mlb-atl-sea-2026-05-06,Atlanta Braves vs. Seattle Mariners,yes_is_run,43039401113999254422278423365423326150270320448075649918582155836211573449180,37906593250854869415851221521280105618593926736620289396571410292653141410703,2026-05-06T20:10:00Z,1
0x8a75fa3cd05a0cc7256e26022954e88934aad077a1ed39876c74e01f2e64ba68,mlb-bal-mia-2026-05-06,Baltimore Orioles vs. Miami Marlins,yes_is_run,101450189085037089103267016096569384072923160780164496478408647187902461443618,52459152736785888847553396456083249656412481562913081543157358767186233389173,2026-05-06T22:40:00Z,0
0x7f8afd2949051f0142b32408417d8456d9287acdac121894a6e11e82703a786a,mlb-bos-det-2026-05-06,Boston Red Sox vs. Detroit Tigers,yes_is_run,11653706152363115160030433315975316727203059337647797422777297083576984440105,5207910331000626877659042410533029720793345435560352315427830272951358342896,2026-05-06T22:40:00Z,1
0xb3bb9440392ebe415c37affa4af18ac147f868bd609704651966df083506d1db,mlb-oak-phi-2026-05-06,Athletics vs. Philadelphia Phillies,yes_is_run,45569696544248276825611333055989532312672078294174444195314562250380092384210,107774695518702514904013891022183246341942357911172665293144611117186391984917,2026-05-06T22:40:00Z,1
0xcb85d45c77d0004a1a5df5e32f02074a3c7150786bae304357008030def026b2,mlb-min-wsh-2026-05-06,Minnesota Twins vs. Washington Nationals,yes_is_run,106805512904353121093305841522471876717946588268928154083959531325805592159778,60045727425840925022813532417638292348425398013021115814184306199172207608447,2026-05-06T22:45:00Z,1
0x2eb031521b02beb44b7ad0f44c6bdfebb477a13542bae555c4a6fb916fd075a6,mlb-tex-nyy-2026-05-06,Texas Rangers vs. New York Yankees,yes_is_run,32794212458822631821236986028363110915432459657558128515973714836536781182088,72728720799590437566700331765139832518983861086783484347296575390717584612550,2026-05-06T23:05:00Z,0
0x23d7fe736a86bd1600d7676af182c4b0d34b2e92676f54e6026c955a06dde3d1,mlb-cin-chc-2026-05-06,Cincinnati Reds vs. Chicago Cubs,yes_is_run,13959837592187264903456130184398755560487428786738086571384296132984272842495,55688681291517577087011447775786497487009945331052491676036805008083984303867,2026-05-06T23:40:00Z,0
0xe0acc8e8b283370109ba0c7c55a20c80f5b0bac96affb4f4e24c9d5c17e82053,mlb-cle-kc-2026-05-06,Cleveland Guardians vs. Kansas City Royals,yes_is_run,6005649133257206336730780627387601234370234420502205245678254225121948721968,13596768772240988634684490644889646063611780867512036965432798988752253349718,2026-05-06T23:40:00Z,1
0xea81ed49b519bc2a4ff5672a66724cc30031c4aad8edd753d117f6caf2fcd8d2,mlb-nym-col-2026-05-06,New York Mets vs. Colorado Rockies,yes_is_run,49903876968975530398471340070845527849435657337431926825677841332964553204910,37558848231207370846230406219122023657397525248236638276706750896539747188719,2026-05-07T01:20:00Z,0
0xe19964eef04bd42ad0649b54620a74dcbca6cae7bc246f3ff7922cc96ae599a3,mlb-pit-ari-2026-05-06,Pittsburgh Pirates vs. Arizona Diamondbacks,yes_is_run,48038068968190493180442322623694150788046811975519859168367388788559145755466,56124609030185077997701955384845211373901568956345309006687250856698170425057,2026-05-07T01:40:00Z,0
0x74f20df88d4b745143f870d25605119a93ec1e1f10cf3ccc9c00879bfe22149b,mlb-tex-nyy-2026-05-07,Texas Rangers vs. New York Yankees,yes_is_run,73491585903967586534877906527783125589699100490455146720000967654431219304352,58170518736111628607863236663983615445637064428741387538159739545518238672011,2026-05-07T16:35:00Z,0
0xebcb83ed3fd4907a0cfd45fe1c0a2f23a4e62921aaf5dd0b4e77be0e20387391,mlb-min-wsh-2026-05-07,Minnesota Twins vs. Washington Nationals,yes_is_run,104660447803932045287441507872193266276860141154009515561637400418898856159495,18469765164416048542033448069708389468782231523853635523480128216264030467991,2026-05-07T17:05:00Z,1
0x388e346264834e3ebcd369bb244b6def94414b0bbc67133758d67ad8cfa151dc,mlb-cle-kc-2026-05-07,Cleveland Guardians vs. Kansas City Royals,yes_is_run,84714997697924692577704743588431113204489177427663346749216570709575947901653,70330659054408849394142672085897787139445735639716594649117244987397193873596,2026-05-07T18:10:00Z,0
0xf5cc3e36676ffcd9279d5f3d2d1c85531bb63cb485dba90e7d849f78af0419e2,mlb-cin-chc-2026-05-07,Cincinnati Reds vs. Chicago Cubs,yes_is_run,36130959064371980871825491913925918586564160337012371470212743560945004710148,13085313663961103979574390073074643199332044588917670962926439555199019750555,2026-05-07T18:20:00Z,1
0x8dbc27b79d54f7a7c3d9db30e1487e83d96a1585cbe25f9a0eea5be90d5b4786,mlb-nym-col-2026-05-05,New York Mets vs. Colorado Rockies,yes_is_run,61808580370275472361036257722568645505637862263275932188156759902238704300873,18951112059403593574021336459231777584190528485218978839096530761443411069467,2026-05-07T19:10:00Z,1
0xf750a5d077a922645b1da5f6553e121e526630c9c8cea8c964943ffa42087209,mlb-pit-ari-2026-05-07,Pittsburgh Pirates vs. Arizona Diamondbacks,yes_is_run,34364001856619666801914383742674778989891606430665391004595108131864234705697,12380382722670044558328483608603260723754269667351961503529835551223089864211,2026-05-07T19:40:00Z,0
0xd4e526533b50539962960893a9f9cad57450b6c5bcc9ee3b45c5901a852a4972,mlb-bal-mia-2026-05-07,Baltimore Orioles vs. Miami Marlins,yes_is_run,33738160592260788397574776374759344499740027653660318666605412089008968908721,32955626203799579134107435533544866325856362169353052537081495271674436305898,2026-05-07T22:40:00Z,0
0x8aeab6eb8a634b07b72b1556272b99e772a908e68fda52971f268db2d9aa2e7f,mlb-oak-phi-2026-05-07,Athletics vs. Philadelphia Phillies,yes_is_run,95471172029090420625666365544807360183187323466441867308626342041491441943473,89675465379789880441468555643594985401634175230533957063062132455681440066503,2026-05-07T22:40:00Z,0
0xe934d98c9557cdad0fee8e8ac2467f3d926641c6d613b865effa927f9720d452,mlb-tb-bos-2026-05-07,Tampa Bay Rays vs. Boston Red Sox,yes_is_run,84796028961704385984833184562113417913631689014099679205810269798588851802135,22002705821064189775800533240339735371228345506837878064246544707620324463702,2026-05-07T23:10:00Z,1
0x06fa0b97c3de5bdb20adfa1c60b4d3a74b0b10f52412737374f9880305f457e5,mlb-stl-sd-2026-05-07,St. Louis Cardinals vs. San Diego Padres,yes_is_run,8175896236395941848766927874755423914838874081656522257920346244060589664163,94010071327008381831532483804104533777928665634573769747810712392583210414882,2026-05-08T02:10:00Z,0
0x362917db8abf95ac9b6f145dfd887ba1a1ce28829443494eb15bc461a9a1d3c0,mlb-hou-cin-2026-05-08,Houston Astros vs. Cincinnati Reds,yes_is_run,52305502443068127151575131531848214160681250776280019192041220349134177122124,41814173926359575362548091767566216587068102784886245932908658317329235108693,2026-05-08T22:10:00Z,1
0x6fc0f7f5b1a2ee5b96dbf11a6e2497dc2e379d7854944f7a7b14f75542a08246,mlb-col-phi-2026-05-08,Colorado Rockies vs. Philadelphia Phillies,yes_is_run,96621048587472035813789111853339740083997405190476126299099855921870854286793,2171986870330958086434257848994602524464133287608348955407424077244291991268,2026-05-08T22:40:00Z,0
0xd08390c4643a5a406dcde5ddd8308634f58a6e763413d438ca4478db23fcea0a,mlb-oak-bal-2026-05-08,Athletics vs. Baltimore Orioles,yes_is_run,95833236943386066593753068742801587274522878994219637038226333111466069492008,52566207371104447112469213122356067889667710481226503748990552891057560620361,2026-05-08T23:05:00Z,1
0x4c6d7e2d91938867064e4872b95d3c5649c6f6a5f3fd716a69870b40253336d4,mlb-laa-tor-2026-05-08,Los Angeles Angels vs. Toronto Blue Jays,yes_is_run,86839059245235434255337509809366061619220149986688119884208635708337262552924,109012963791545973143211074327262554641956860300979389760187246477342304426357,2026-05-08T23:07:00Z,1
0x89017cf4878562a47135270d95c1a86b90ff91fd7f011ec5345431c027cb14cb,mlb-tb-bos-2026-05-08,Tampa Bay Rays vs. Boston Red Sox,yes_is_run,100581837921214521577812683884778313357840774994956488576939590515205569666569,55900764873068931392914298593103989588514868468614326246168392006035917142405,2026-05-08T23:10:00Z,1
0xebebdfe1ef5520364a5962fbebe410632d4393ecbcd01febb3ed744630f7b02d,mlb-wsh-mia-2026-05-08,Washington Nationals vs. Miami Marlins,yes_is_run,90888707887762433995269705448993296416129292784637717564939535610052711040109,99159636493623315374250793607191340158359768078290064290661354530656741376394,2026-05-08T23:10:00Z,0
0x8619b66c14f60a2ea82a8cbe1552dd77f566de2719b999e4d7927e31f249f73a,mlb-min-cle-2026-05-08,Minnesota Twins vs. Cleveland Guardians,yes_is_run,103435566545823936350432660574176749535556587304187016322532226629498110524940,13063577898590175271942576836031941918058261770616811769879361783504988053344,2026-05-08T23:15:00Z,0
0x6d089cffb473235b2ffa2118d2cdf1454a46121d9059fbbfbffbd50998f8144c,mlb-det-kc-2026-05-08,Detroit Tigers vs. Kansas City Royals,yes_is_run,15488346775945185475772115878260829109691716915390442017531626410387481605200,20408656247575908361715565942391023512901049756949650363129310496744939312076,2026-05-08T23:40:00Z,1
0xc17f2dadb860a7dca6231f510c3e71bf05b87edf81d0d57b339cce92d535f302,mlb-nyy-mil-2026-05-08,New York Yankees vs. Milwaukee Brewers,yes_is_run,6618323062670303515126014516842651855266337365254654921768671798559996850660,84975249632126337644776888871106521208979852377505933626858497825120432878666,2026-05-08T23:40:00Z,1
0x9b45b392cefe9ade64afd096dcc2c3a2a15f81ae6c9bf5430c2a5efb7d265729,mlb-sea-cws-2026-05-08,Seattle Mariners vs. Chicago White Sox,yes_is_run,7501865796499291118841426073804079033260161083683337740383159044118692548671,92247151931645086809652999883299377790697015312729466802763758202675923030400,2026-05-08T23:40:00Z,0
0x84e9abcd3a75d641e380d8d39c2b32465a56c816df69be448eafa1cdc4756275,mlb-chc-tex-2026-05-08,Chicago Cubs vs. Texas Rangers,yes_is_run,27221137419633842181262919750109121115517981422904240011293812699868250009869,68729708544206449505922937883396286497131400803257406729002918827444969726527,2026-05-09T00:05:00Z,0
0x21a4cb6c6a57da900b512f807e6d04385b64d5a14da017c611442a74e212ed2a,mlb-nym-ari-2026-05-08,New York Mets vs. Arizona Diamondbacks,yes_is_run,98229731396470541777608155150184154576103494572004149467564740155825954989478,31816751723575981280636652239006980677389118834854742469548316574567015987852,2026-05-09T01:40:00Z,1
0x687d9949786f12b40f9f37cd75b095b4cec6d51ea041819f40cc7f7a511246d0,mlb-stl-sd-2026-05-08,St. Louis Cardinals vs. San Diego Padres,yes_is_run,42421441737692445804401576416293458394520772082119461143577078632926437228096,91494845272998154670610496861730209566663495932946121175569863846311340496413,2026-05-09T01:45:00Z,1
0x3677596554f3abe7e41b7d9980c0dee754224b92ca24d7d37a006c5baa3006d9,mlb-atl-lad-2026-05-08,Atlanta Braves vs. Los Angeles Dodgers,yes_is_run,93351591604696254661904878302344729919472351449486157029689542651668673857307,54257114745577312710003169398587224371546142321130418872756368172445412622520,2026-05-09T02:10:00Z,1
0x4598fb0e5fd1feb62ec4dc8cb300899a104bb86a55235ad6c14611d757e08295,mlb-pit-sf-2026-05-08,Pittsburgh Pirates vs. San Francisco Giants,yes_is_run,57948366634967836188629792603169820657738930845400968784364343568570411473538,36795830650298828596418186383425020038100201098835431389949470863635627504825,2026-05-09T02:15:00Z,1
0x70f7439f1f94ac2066c8bc7d76689b67d392b0bfd73a0a82def9abf21d68f7e0,mlb-laa-tor-2026-05-09,Los Angeles Angels vs. Toronto Blue Jays,yes_is_run,52695356248051858184594442578347500295540919990047705590104575744361872416246,38669204188548609037622691860569456332736236877614932070925500116171590461102,2026-05-09T19:07:00Z,1
0xf073832b2b96e184c4f2f7f40ed92b219d1f6cbe389ececb39b62d1a54462e7f,mlb-oak-bal-2026-05-09,Athletics vs. Baltimore Orioles,yes_is_run,41116832109462373469040359622032576097916477907641452605412545673164585868285,112168182606001353131485659408581554956415836401244241270893064465738830288623,2026-05-09T20:05:00Z,0
0x163d87b31e44a2bae22c40d016340a3fbd127a3c7c7d04e587391d443f366ff5,mlb-hou-cin-2026-05-09,Houston Astros vs. Cincinnati Reds,yes_is_run,61560023397826963969817429907858009824607706906485270886446700985734014677951,57909712736138015071791576705188130182834376993014796038551498239078700110612,2026-05-09T20:10:00Z,1
0x35ee06e95ba9110be33cec1819cc0e7fef2e9aeaded29acf832ff5f0e9287d30,mlb-wsh-mia-2026-05-09,Washington Nationals vs. Miami Marlins,yes_is_run,29323860724959322382122815072922629453079190355184928946405289453001961435610,31869059093968241886357897810803292051997593475842176329161021269540475541098,2026-05-09T20:10:00Z,0
0x61acbc0ba6939eaf900bef0b2ef794f67e7cef906b88a9f0c205872db011d1ab,mlb-col-phi-2026-05-09,Colorado Rockies vs. Philadelphia Phillies,yes_is_run,109221353328688670850472819420204922821286849574797820946810524390924451775955,28483063845380967723240758184401005768540248776623880701659360834580987520823,2026-05-09T22:05:00Z,1
0xbc6a972a45cddd5238153f14171b058ced7a58f682866cb17be731e9293bd2e3,mlb-min-cle-2026-05-09,Minnesota Twins vs. Cleveland Guardians,yes_is_run,104154491579105508924555201372868584188046061641156487008291543080949727786086,646586019028913163108841935251962594256475643600310956111104009050048620767,2026-05-09T22:10:00Z,0
0xc06359cde4ee9f73a8b0a5f2ca8106012b5970a72f1cb60054f9cf88385797f2,mlb-chc-tex-2026-05-09,Chicago Cubs vs. Texas Rangers,yes_is_run,81039575821092384184367281699582052181284947539555961271876725933146472002439,8784089655391359713806488464690963231997662871192438301231271040908292323093,2026-05-09T23:05:00Z,1
0x292837fb2eb945f195eb0b8bfa88ca7d98a7ba40e51e648d4baa07957e2c2c8b,mlb-det-kc-2026-05-09,Detroit Tigers vs. Kansas City Royals,yes_is_run,61152531503032257656008218386953785989558032960861829347697956417783560789416,114109603639813715395164521063774135979704712406160140154134982560275014140577,2026-05-09T23:10:00Z,0
0x5784346bc6f234d57320c5df1f3df77cdaac273f19757a8c18ad571546428c42,mlb-nyy-mil-2026-05-09,New York Yankees vs. Milwaukee Brewers,yes_is_run,110316884997521052912286324852190682346878473430536519657033268926076438556378,43230849554353572303201010786750997420718323160349839162163671689400487681547,2026-05-09T23:10:00Z,0
0x3f5185c2d10373e9e2d4d0d4bbe09f7ec81b9e6daad41e52626fb331558ccb41,mlb-sea-cws-2026-05-09,Seattle Mariners vs. Chicago White Sox,yes_is_run,37824241247882534438956671674231904277868385999024273102419743898870934033160,75132784159912430720476930311267904782101629921851057039271578167968899202362,2026-05-09T23:10:00Z,0
0x02961bd3dcd30c46fa2ba946ede2f1971ec415633bfc9789d9c7cdecfe3ef458,mlb-nym-ari-2026-05-09,New York Mets vs. Arizona Diamondbacks,yes_is_run,82470621962759815374815571944695085893749136064723475378296413496887194737052,101693610344045113650780923322418833879568210250949610901293905636452975301249,2026-05-09T23:15:00Z,1
0xcce2b5c4ba119081c799c8ac6f8caa1d27ebaa447510c961f6b7f3246235ea24,mlb-stl-sd-2026-05-09,St. Louis Cardinals vs. San Diego Padres,yes_is_run,43201755144942118837292097646761388077612178670449443332320897315547387245253,114126119168557902480132084988423720822860024738095512169479663580363793725124,2026-05-09T23:15:00Z,1
0x16ada6dc0aa9c650b41d9130f37744b02d4e640bb90bb2921b2ddf1cbfc26222,mlb-pit-sf-2026-05-09,Pittsburgh Pirates vs. San Francisco Giants,yes_is_run,431704664001500658563673593601623852381284243539545395486554776847111885935,37368598684014426296110025349370049519314398771084413515582783253489070188027,2026-05-10T01:05:00Z,1
0xb3739762cd79bd9640c5fe6d0ca1604d1650c8d9b273d1653c081dfc2218cd08,mlb-atl-lad-2026-05-09,Atlanta Braves vs. Los Angeles Dodgers,yes_is_run,107639730034652794771801058678364840675110287432590095416129337385094741256106,15904972738200747138495800174445298752974519191278521525120532545448507449644,2026-05-10T01:10:00Z,0
0xd5e4cd615efbe8e78d0ae031356891c7b527277c2dc9efe6167974edd80d300b,mlb-wsh-mia-2026-05-10,Washington Nationals vs. Miami Marlins,yes_is_run,47195824548849916948292746656856654539756884485602358863032466447754973928292,72776295140999847066760173175385790335305015469457567093295067335789793787575,2026-05-10T16:15:00Z,1
0x8e7bc868189feffb66dae194506608170b5812904858e569fb717950dc3d2bfb,mlb-col-phi-2026-05-10,Colorado Rockies vs. Philadelphia Phillies,yes_is_run,5026875095461880597388953452642059486652885867218501391845706110980781086359,41354319702442662151924626668706770851183097614619058605059729284236648989004,2026-05-10T17:35:00Z,0
0xf558fa73981a8623b9c94efe13d29ece643d42b2e0087123177d6bc82d4bb20a,mlb-oak-bal-2026-05-10,Athletics vs. Baltimore Orioles,yes_is_run,90271960747336562712908757476579447954894127605528985824113068550832603580986,45094424361056946594062486994483987577951493329082691488601463402020648766998,2026-05-10T17:35:00Z,1
0xdc362c780bacca4692ca0117a4ee143cec861574d2eee61c34133f823830c09c,mlb-tb-bos-2026-05-10,Tampa Bay Rays vs. Boston Red Sox,yes_is_run,83234515507338929194240910494583972598805766045113711376954384741200107496974,73595624957633030621021636883488027906457524071215170331771751231470012308491,2026-05-10T17:35:00Z,0
0x191cd2eedaff52d373ed3a824878162112abdef3654535f23219cc10de5fe666,mlb-laa-tor-2026-05-10,Los Angeles Angels vs. Toronto Blue Jays,yes_is_run,109338539051918604469532509688258217813305786766474443579929856109526675236740,66853781682835965767989678281921095374752389913617523131011468590977835575245,2026-05-10T17:37:00Z,0
0xbbc8d81ed80620c2b2f120422af0aec4f064eade3ee481471ca8bc981a877498,mlb-hou-cin-2026-05-10,Houston Astros vs. Cincinnati Reds,yes_is_run,69836797227671272240000591924513690215774153224459942258109662535789383512855,74315381614985185738944561060704663114753781485755276656201185247937512135883,2026-05-10T17:40:00Z,1
0xdad0087dd060d7dd984e54853b784b50460e369fc707500615bc4c52b3d19834,mlb-min-cle-2026-05-10,Minnesota Twins vs. Cleveland Guardians,yes_is_run,2329160067929317330563989774833132910802314675269918271472496022962175681508,53230879818376607072913199046846810077162832360504973110948301166672389802733,2026-05-10T17:40:00Z,1
0x59b38f0364d9a3fd35c6c29e59d87d308e780d5862293cb44798050479c5642d,mlb-nyy-mil-2026-05-10,New York Yankees vs. Milwaukee Brewers,yes_is_run,75221744876326692969928802197207575454122098443357724143747226542187631842222,60464997955267396243651787617538104215619955467118561006961573085459349716431,2026-05-10T18:10:00Z,0
0xf8859453f9e98b0f821020274c2f510c3445fff47958167580fc451b5b4fbc1b,mlb-sea-cws-2026-05-10,Seattle Mariners vs. Chicago White Sox,yes_is_run,44145549769876099287223067332685815792903025218158448527030505078993490762577,56741685421369087355881345395221321846130103902861725330399448592908880888082,2026-05-10T18:10:00Z,0
0x03ddef758259765968b363c043282085d28b8d361c1ab99f1a45f47f4c4eda68,mlb-chc-tex-2026-05-10,Chicago Cubs vs. Texas Rangers,yes_is_run,52396127329945286709889602696035225964084988822891953403026650045697269930501,94645652364159152050143612781687243145355081853506953342811699319565365966055,2026-05-10T18:35:00Z,1
0x7f1aadc59db325dbfbe2cbe0fa8878dcd2c9b7563ed3823a6ec6b89d3bf7d702,mlb-pit-sf-2026-05-10,Pittsburgh Pirates vs. San Francisco Giants,yes_is_run,35925889997505387087192666605497650377032128799583362476327466800991474112951,100335048906630501579274781473708395547903410740659340059058487469694594602241,2026-05-10T20:05:00Z,0
0x77ff7c6caf5c34f1799285e1efcf4f08e059623da4989bde61cbd57db687f680,mlb-atl-lad-2026-05-10,Atlanta Braves vs. Los Angeles Dodgers,yes_is_run,108676938553959541655270129400581479744298444260472877913993321259651635735741,32135927630249013718926892834428563546275407589801165977443231134310953898447,2026-05-10T20:10:00Z,1
0x989013616bcace3bb78272c3b87b31c05e398f03434ca292341675ec9ce7baff,mlb-nym-ari-2026-05-10,New York Mets vs. Arizona Diamondbacks,yes_is_run,32088682575829707110705121548323853318171655971917593012649292326423485933643,110337490288620607274858658743253079891430518850062742457085155985955946057480,2026-05-10T20:10:00Z,1
0x4daa283f8aefb26f4232718ae4d65b73e3f84e0ed91950143498b2a4f76aa21f,mlb-stl-sd-2026-05-10,St. Louis Cardinals vs. San Diego Padres,yes_is_run,18706886053270194967677181492858094909901092291446141900648417419551753345253,105129486808994765655291186886129270996687637817295505339967729241992134060229,2026-05-10T20:10:00Z,1
0x261829a641045207ce24d5589be7da884b7d110601698747bae7c6121ce4bfb4,mlb-det-kc-2026-05-10,Detroit Tigers vs. Kansas City Royals,yes_is_run,19499834703584801343160450371613113336743050792636533360178689300700742838992,67307131139941904720047715230985262689213560320242900076681518839159414466452,2026-05-10T23:20:00Z,1
0x0c7e72eeeb7efe359da459f1333804fe2ce1894df7088aa378715570d548b2a7,mlb-laa-cle-2026-05-11,Los Angeles Angels vs. Cleveland Guardians,yes_is_run,10600993581826308371247261747901681679734407554347173847702598480581817038904,105178523157930022297493623974193623708141694619794799140841599852164697992965,2026-05-11T22:10:00Z,1
0x2eaec00fab59b5962e9a2d549a8af3e194d56557a865a159520fbfa36cd7fed7,mlb-nyy-bal-2026-05-11,New York Yankees vs. Baltimore Orioles,yes_is_run,76574047232457433198681155819283299519564424558531903087267426344427805847542,74132590806915034488362533439050436993820467898559004269299894587668211923785,2026-05-11T22:35:00Z,1
0x2c8a7a82894aef2e320775c89eebc4ea186568eecbc9e9c5d45cb63909d91904,mlb-tb-tor-2026-05-11,Tampa Bay Rays vs. Toronto Blue Jays,yes_is_run,84382865119223964572743494406915802106818051613228740559997776009053727606146,7140185186870737568202606702631026568676937264733542238111581500253000153400,2026-05-11T23:07:00Z,0
0xe74808f23af6016b469f548b42971cd212c2617b82a2af79cd9587647f1d05a1,mlb-ari-tex-2026-05-11,Arizona Diamondbacks vs. Texas Rangers,yes_is_run,49567314926366625182783611668168854602740591633048438305376037557934275769731,22853361469045610697587315801408141640625873479501018769771109855573075950176,2026-05-12T00:05:00Z,0
0x3f08d898b49fe3e65332eb32565f02a439703df3748be7474d3a47f05cdb73fc,mlb-sea-hou-2026-05-11,Seattle Mariners vs. Houston Astros,yes_is_run,56556833278289987076726669802216032440549172030074054723085737605561025444425,85633361549791460798709732387659298404763469115138438357277603667304647139429,2026-05-12T00:10:00Z,1
0x88a43757673c9ef4acfefbcfa498b7bca11f5b5bcda65e4d627b26ef01b21720,mlb-sf-lad-2026-05-11,San Francisco Giants vs. Los Angeles Dodgers,yes_is_run,38103195544486979447526704722992957296382735747648669321469068776688137747917,40357165368159848152320592757928517848235774610324859951854668029003237434842,2026-05-12T02:10:00Z,1
0x5fda82c08fe373f4f8a24c80f853bae6b29c0656c55d018ab114c5830acca695,mlb-laa-cle-2026-05-12,Los Angeles Angels vs. Cleveland Guardians,yes_is_run,34540641534755952934082170974248619988971849125398661884249861277154691161845,25855080270400073659730863806074643685294362091138070428886452760702108556003,2026-05-12T22:10:00Z,1
0x1064033ca2b61d7158a8df7147001333ef94cb6f8e579a90635c438811d13044,mlb-nyy-bal-2026-05-12,New York Yankees vs. Baltimore Orioles,yes_is_run,85838887522649568245959471045957840514935664198565615922471936524009143634817,92706587823752150451687375234964933793801000043531480689105243553469811835858,2026-05-12T22:35:00Z,0
0x0355f4a41b120f2a571846080af4c7ac2ae810e9b60f50bd1f363e2bf294e258,mlb-col-pit-2026-05-12,Colorado Rockies vs. Pittsburgh Pirates,yes_is_run,29045430067079353978456930232213944719054952016372752282742085593870303174282,57597513708411724212362011818925737815750674005068898411800754825808174981422,2026-05-12T22:40:00Z,0
0x322e145698247e3c65e903dbda9bf913ec5e27adcd11ea9590d8d8527ebc8d0a,mlb-wsh-cin-2026-05-12,Washington Nationals vs. Cincinnati Reds,yes_is_run,94024685628736957798581390854996846629289711671327893788209253367549613648734,41984066232590515140875471636094341786610666847034008780776449640419906884382,2026-05-12T22:40:00Z,1
0xc1fd7af9e82c29f68c27ecb326232966fea9f29fe60041b86c181ba0c39e51b8,mlb-phi-bos-2026-05-12,Philadelphia Phillies vs. Boston Red Sox,yes_is_run,70684372191166431484476200276897933132150378318878246608023664625030126849929,25523316819222549198551207373519979427417978940162152147639629137609464195802,2026-05-12T22:45:00Z,0
0x0444d0008526eedf60accc8a8bf09997ccfa34ad1b6d71e10470d8e8b4b9a47a,mlb-tb-tor-2026-05-12,Tampa Bay Rays vs. Toronto Blue Jays,yes_is_run,27147743107931479148526841038280050117989864214604730568964760643444991801876,91580723014083201855457971279727688069961586177534397262717869457015088296576,2026-05-12T23:07:00Z,0
0x158eb8f0a0a597e4ac79400da6d5f5c5190581eb502067a81114cd8f4e4373b4,mlb-det-nym-2026-05-12,Detroit Tigers vs. New York Mets,yes_is_run,102521477453113968754228886062782506601497550312583008853984189665591922482532,10611414260673585478001704763280543345774876477744820241478314880467812151630,2026-05-12T23:10:00Z,1
0x82be566867dec10ad6f61a33f56dcb45392d7312cff227018434ca34ef05523f,mlb-chc-atl-2026-05-12,Chicago Cubs vs. Atlanta Braves,yes_is_run,57847115506683457728244480945674703964899689165442318693590968257323634946082,27638790725347038259639416249053231065424202415108956429272260441152552025461,2026-05-12T23:15:00Z,1
0x064435355ac2cfb39712ed43c6173514e9e361c3c23daa351c81a055e473d1b1,mlb-kc-cws-2026-05-12,Kansas City Royals vs. Chicago White Sox,yes_is_run,20427910324387375656993681474707679356113043467279253788126575521741968740155,99216984110130782287195908130785691620573031575300532802692870491448900350150,2026-05-12T23:40:00Z,0
0xa19901c1da0f581496914bf9d275263ff7b02c45310ae6f6c924481970b6866f,mlb-mia-min-2026-05-12,Miami Marlins vs. Minnesota Twins,yes_is_run,6193411172131648516536473448593923069153955681410585882478773673820588291022,67563116474331078199725704304099730858929306920378318172081630814484560739395,2026-05-12T23:40:00Z,1
0x6154cefc7ab6b8589e137d0ec57acc3be082eb3c443031e7af92cd608670c53a,mlb-sd-mil-2026-05-12,San Diego Padres vs. Milwaukee Brewers,yes_is_run,46613026531067179329403978649676659046048599138609497850652577984184180569376,36132389028849124674935070726623301963824731619305553425871191822142690984450,2026-05-12T23:40:00Z,1
0x632e3fcd6a92508adddfc21706fe3a78a7fa1eb4726e5521d9af9764914fec1d,mlb-ari-tex-2026-05-12,Arizona Diamondbacks vs. Texas Rangers,yes_is_run,33914580293867146751306432298873011705402146030576338776075809796241031802062,93984172296218248925941936213353739354195983859704526245246965408787864970538,2026-05-13T00:05:00Z,0
0x672dbaf75bc37b1074e8906240f5b8eebe39b3d9174288810ab4daf4b956b477,mlb-sea-hou-2026-05-12,Seattle Mariners vs. Houston Astros,yes_is_run,108155096560607169880438199204039533658637588125221039420302852066463059175142,80575860740636833145862804012002340648660794205108564868724007354359351824797,2026-05-13T00:10:00Z,1
0x85393661e9139505eb0977da0b4922ca869f5ef24b217d5e2445aa7c74f9a1d0,mlb-stl-oak-2026-05-12,St. Louis Cardinals vs. Athletics,yes_is_run,76941306163901658218463031396849654351818498120019278957053079822305251313531,11609354996209361170709035214610474413797799176662975498507313130452623920669,2026-05-13T01:40:00Z,0
0x2887753b089685cc512b032220fd6db2f4a27a5c4cd70fd720cb9057bffdb4d4,mlb-sf-lad-2026-05-12,San Francisco Giants vs. Los Angeles Dodgers,yes_is_run,107350238228060376715690170020994660391878046709440583630211588167559825653504,82006383756159281353617444423269087908341388700801543248365672247392850419101,2026-05-13T02:10:00Z,0
0xced0128799a84a864555ad43733cc1f85034a24e27f58b5412e8fe95f8554543,mlb-nyy-bal-2026-05-13,New York Yankees vs. Baltimore Orioles,yes_is_run,7589276476569761561175583776337753717251017487045897141204121041463613137788,85846616187396252832592779581969783866571971819414913340706746275598839375375,2026-05-13T17:05:00Z,1
0xfd590e27cd15753fa1ff28e8a7d8257be50272261879d64a679887feccc85bdf,mlb-laa-cle-2026-05-13,Los Angeles Angels vs. Cleveland Guardians,yes_is_run,19803441582865392253675715219121876771838269000966773862821165120245846476219,78938474710911016541562391303738305657298786721773612418948848310996456009589,2026-05-13T17:10:00Z,0
0x3cfc030dcbaa07a90ffd3a8ddec3f99f7aed370239d9c10db04936880dc32a2e,mlb-col-pit-2026-05-13,Colorado Rockies vs. Pittsburgh Pirates,yes_is_run,53073232102983224528715982898376048855732948264479485398452786033463285685371,50542450215144450104496164378126128596184661950945839504008826741529753839423,2026-05-13T22:40:00Z,1
0x5e4dda8d577953489bcea0216577046c0eba5c6ca46520763a5e62eef9b8cd8d,mlb-wsh-cin-2026-05-13,Washington Nationals vs. Cincinnati Reds,yes_is_run,102717269461543343196260948559529496259398500254332629221111227646082866719653,55617459296792068566732252389160584556858179831233508047677941363924642288499,2026-05-13T22:40:00Z,0
0xcffc274b1c9aa6d2dd1a3c617f312678598c4f9697748b29c4a7a3ff6836276d,mlb-phi-bos-2026-05-13,Philadelphia Phillies vs. Boston Red Sox,yes_is_run,42232145306690112998063164595377759334520498006809532595719684557364311854713,25596485806040844081435911285174013410714237718781348307947448731464229741924,2026-05-13T22:45:00Z,1
0xa711df687dc4b4ec12f35f541e5b3ca9a9fa28779e967e32f32fab0b20411c51,mlb-tb-tor-2026-05-13,Tampa Bay Rays vs. Toronto Blue Jays,yes_is_run,85041468919865518138261138888798840472272739843788703092381894798238992300222,78588039628128056269907942089707095545627954973010296805454394287283540073428,2026-05-13T23:07:00Z,1
0x2a7d16b82343d62f2c57318dc976e963f2c7983474e2865fc63fc9010cf409ef,mlb-det-nym-2026-05-13,Detroit Tigers vs. New York Mets,yes_is_run,91836842019078163176037716861713679149883834761512475081408947198214430715301,80548412854575282557612133391150960694156172191223458162951360359926630844565,2026-05-13T23:10:00Z,0
0xb9eb28dd9ebcf0678d83de90bc3a75578962f5d7a19d046705811d34bfffae8c,mlb-chc-atl-2026-05-13,Chicago Cubs vs. Atlanta Braves,yes_is_run,100509689782948317456064339066860314657842423351845494817221919496571525198464,93543736842128666674003727500057280070760017750836116030476624813691995062039,2026-05-13T23:15:00Z,1
0x82e49878dedff469a3f3ec181b0ae9c23b9f24e5a17cc32addb8c2727968a2e7,mlb-kc-cws-2026-05-13,Kansas City Royals vs. Chicago White Sox,yes_is_run,35465947132625763500717228967059829351922386388301639555034477572958956446901,20844246350276643274653987608230078111764539751083132839230248332551643517955,2026-05-13T23:40:00Z,1
0xb8444f5f3b0a732c8911a1c73c7bf0d93a94417e00de731cfe04149d13f232ba,mlb-mia-min-2026-05-13,Miami Marlins vs. Minnesota Twins,yes_is_run,18524248844589511614470392306497628717096102424381872660703264408641419336617,95216892407591772683406673211347529794072869434034721961700705810191971923591,2026-05-13T23:40:00Z,0
0x2e037d19ca4486b6cf31dafe6d34008c444d708fcbc12bf206f61a334d70f82d,mlb-sd-mil-2026-05-13,San Diego Padres vs. Milwaukee Brewers,yes_is_run,20724854546266672582115178170369256641581950629824940167733200316162662717562,65952219844099840794821527547537193536686392930177022214459633630599016816386,2026-05-13T23:40:00Z,1
0xa9f74be8eeddbc1490367a4e62d007a62078177fa5b79d19ad420249c1ffce42,mlb-ari-tex-2026-05-13,Arizona Diamondbacks vs. Texas Rangers,yes_is_run,63742132352014913184961662425958763366578714841364283256880589303922334643578,103203792297263102177312578806849566380374385043493517459408193236313158671273,2026-05-14T00:05:00Z,1
0xa7fb72e2b98bc4e192d072621e87419a90747da60cec3308f7c2de253e922d88,mlb-sea-hou-2026-05-13,Seattle Mariners vs. Houston Astros,yes_is_run,62243354612064860391302164762502097376373996964439382990538355002243018323440,14625445104543295064859486425980391297880862192388044063461933442577287978479,2026-05-14T00:10:00Z,0
0xa3c55087dfe6c8f11363e688149cfb5903638e8cb2b6d941f4a6c8857f1569b9,mlb-stl-oak-2026-05-13,St. Louis Cardinals vs. Athletics,yes_is_run,28768496649622813414322655879024903695644727120802199454013890622373176857692,31234986508784390247294448889382475028808116831808727064979267404410630942097,2026-05-14T01:40:00Z,1
0xea5ea2b0bb2a2b85e1b9263f6b3e5484b5bc670ccb5bcd214e4eb8e20947d999,mlb-sf-lad-2026-05-13,San Francisco Giants vs. Los Angeles Dodgers,yes_is_run,107193915601064757445635467870435475565537635329414812670215522142910461589791,62743338295048956225472553544877377601310069439593356439923118284424556528310,2026-05-14T02:10:00Z,1
0x25ba6f7ac5085a3ce9a60e725e9310e1c9d05eb85509f7daaaffe32eefa5b695,mlb-col-pit-2026-05-14,Colorado Rockies vs. Pittsburgh Pirates,yes_is_run,87361459239304926322375718375396687532937410145252606461723909219244089268615,84209396749633980074222024562628186835738442651135809039470235718519406032082,2026-05-14T16:35:00Z,0
0xb5421f7fb3e710687743618e992c170525457fddc7a01252d26dad041f7b31d5,mlb-wsh-cin-2026-05-14,Washington Nationals vs. Cincinnati Reds,yes_is_run,34031926832089586036515152982621515693484331421366599937409471809683847704415,47969469479437337187497845233099426549961074458704028798163239073536396230071,2026-05-14T16:40:00Z,1
0x1229da9c088fdd49349cc84ec225dd47fec1b7888969c8324f21f7fb1d08d52e,mlb-det-nym-2026-05-14,Detroit Tigers vs. New York Mets,yes_is_run,55112863668247447032448319642989743813475360761436727835104425087588633868071,114014112829805661147648898751064168611522014133617310207846616270947682185811,2026-05-14T17:10:00Z,0
0x47d4f11761e1b3e56e2a62d380afd3b8b25bc2e586ec7154fda435525b4c04a4,mlb-mia-min-2026-05-14,Miami Marlins vs. Minnesota Twins,yes_is_run,103987959404431267570451914533362213812589363180799862416964110470157778194267,58271149726229629253865234524753022743873787476362527623061988103299529344068,2026-05-14T17:40:00Z,1
0x84473c00f254009b0294e1e01e03ad4c4eafaf15b50440eace9dbb790328959d,mlb-sd-mil-2026-05-14,San Diego Padres vs. Milwaukee Brewers,yes_is_run,38159005412140479395568847425247914540648449485918164513163635557583103531873,63906239167903174173531236559121725394978534486355977830229071739610242716482,2026-05-14T17:40:00Z,0
0x6937683d537c664b50f53898741d566e8c302763045f1be79ab1c2cd3c1d7a1d,mlb-sea-hou-2026-05-14,Seattle Mariners vs. Houston Astros,yes_is_run,114812910925328022688277612353855226759543276112396731025048221823416770496708,112417018778598330074913414432016895907408117198138293154676722927851021955928,2026-05-14T18:10:00Z,0
0x8b029769355c483710b8d63efbf26285378b18ea98e721cddff5900bb591b3b7,mlb-stl-oak-2026-05-14,St. Louis Cardinals vs. Athletics,yes_is_run,17941457914752523700067223631101190940894794784266538345242929676813155254346,85461676443933042853691436047508119499819952302534646606197605183770195917409,2026-05-14T19:05:00Z,0
0x52b9a87b8f083f111ae38b627cf34b322358f3eed4c3b5239f553d66bc72cd9d,mlb-phi-bos-2026-05-14,Philadelphia Phillies vs. Boston Red Sox,yes_is_run,22851320469323623423162910131713016094919913188256233391841226389242405658580,10754436624170949197256855915851382286716815261945691929557232059139509352714,2026-05-14T22:45:00Z,1
0x93a1e477deb0c6fdf9816258d3df2f5439d52c11b66c42b4f34490b5f6ef7429,mlb-chc-atl-2026-05-14,Chicago Cubs vs. Atlanta Braves,yes_is_run,107645699642689988552291338197728432666557654017144474356502646711068385013703,634695385938539396183283332693730526096850934765379138939788404704741618997,2026-05-14T23:15:00Z,1
0x44a55cc8b680f5e092a6d8d254ce2d28dc587b8a900393febb0ce9d378c4f676,mlb-kc-cws-2026-05-14,Kansas City Royals vs. Chicago White Sox,yes_is_run,43095271873002057008967545764323503299101704859816890677714870744788364604809,84833668693117257898604764072497089679979566285911613708497882804186961124530,2026-05-14T23:40:00Z,0
0x692ed93c52b57c1428835b704151dd0015151c5e3f8ed59d529f9cc5865d5e34,mlb-sf-lad-2026-05-14,San Francisco Giants vs. Los Angeles Dodgers,yes_is_run,42575493186986724726358148119603195181882007440144224701064157807080575523599,75790158162703667656775637310779457207922212502259275526298738295925634517202,2026-05-15T02:10:00Z,0
0x0a29020c4adbdc916107525030f733caaa8c27c4b9f61ff1110c6677e0790ee1,mlb-phi-pit-2026-05-15,Philadelphia Phillies vs. Pittsburgh Pirates,yes_is_run,29638692118452538258870229009287403516722829040128468773426951658906409834593,102718223043437927444506095566450376458753060769379266008976733713570823174134,2026-05-15T22:40:00Z,1
0x03bb98725e9f57894999874a8753fe9aec2d362fe14fd2767a34a38f00c94e3d,mlb-bal-wsh-2026-05-15,Baltimore Orioles vs. Washington Nationals,yes_is_run,93723842770735923544164988252011801332143461682861609053744364220398412907826,74886482313524252186461120167525096722728464637190712670971200190471630891523,2026-05-15T22:45:00Z,1
0x1b42b84a6c5ef2da649614e109d5d593938055bce4e1f21e7d83e952e12dcf4c,mlb-tor-det-2026-05-15,Toronto Blue Jays vs. Detroit Tigers,yes_is_run,21408595756342596010021180909201180602634329411559579414712384656009042736005,27993706945416964526588412893950376086178061807871669333123476059656647718914,2026-05-15T22:45:00Z,1
0x6141f9e63b334c3e3db5e6a454298bc1dcddbbedcf682de1af6cd585905baa86,mlb-cin-cle-2026-05-15,Cincinnati Reds vs. Cleveland Guardians,yes_is_run,30778051378579347997415674404046821467177710957097941442171697699409920680235,31315127335190152071206401865748290778474005984584415638954425390464214947115,2026-05-15T23:10:00Z,1
0xafea5feaf90b1a2d7f76ed99f46cd7ea594f8cef903796528c2ef19bba8bdc4d,mlb-mia-tb-2026-05-15,Miami Marlins vs. Tampa Bay Rays,yes_is_run,77032021751349438257683512399345733125430825499051311610258606358664907604627,13214563976224293434920281804764293660061533792051722607027021210803340945606,2026-05-15T23:10:00Z,0
0xfc4adeb7470127a304b27505ca0571a28164c8866042a8a2e1064c5fbf4e5f1a,mlb-mil-min-2026-05-15,Milwaukee Brewers vs. Minnesota Twins,yes_is_run,96793541390091464300129191507863072115330702766579720039920667159690428140939,2920840198498751618519237675937366365408063286598157356403135432022489353513,2026-05-15T23:10:00Z,0
0xaa5a91baf639ced30085ace97672dde8db363f3103a23a549823137a0a9f7b77,mlb-bos-atl-2026-05-15,Boston Red Sox vs. Atlanta Braves,yes_is_run,113361551695595448793467445083377604482091937419531490461167069475271548532838,81707823533018278761889731851100049042835374724442439515887014882285794141055,2026-05-15T23:15:00Z,0
0xd6bff8810e67f3e79f6ee1eba9891d2b5cad8ca571c1dbfd18101fe5acbbb67a,mlb-nyy-nym-2026-05-15,New York Yankees vs. New York Mets,yes_is_run,72167442458992641279716091385744408921105287629074758767209974294744452035228,80766554541096328875093317408341614078474304369673049377596305143497204634297,2026-05-15T23:15:00Z,1
0x5f99681e0c05d221986f8e24aa1dc02c535cdde647284b712bed1f8bdc5fc523,mlb-chc-cws-2026-05-15,Chicago Cubs vs. Chicago White Sox,yes_is_run,47240925955948897073598870749179932691201869876077580159879085787750346401614,15828840247868413494556308010255190716247575923193336083002186965979953594586,2026-05-15T23:40:00Z,0
0x5fd9d6614108465edce0ad40d0f1fab04a55a6f2c7488cb6fcc9122a66304500,mlb-tex-hou-2026-05-15,Texas Rangers vs. Houston Astros,yes_is_run,24610515362468491714382330167621244228710917445512393290601370400188500275756,74343267678143444709493444429972500147783093683643428213053208295413327799643,2026-05-16T00:10:00Z,1
0xb096d2a8ae4c473a794483e30b0e1c6352a021d29bf5a86331d5b44377ec288a,mlb-kc-stl-2026-05-15,Kansas City Royals vs. St. Louis Cardinals,yes_is_run,105978081780522938107764598489865737064057429155756369793634755538722981395676,69083143886583383084646696819153908194989910846954859134870315393533724652535,2026-05-16T00:15:00Z,1
0xc5988a4e916ec7b369a9a6e469e8c235dcca3749c46ef6e9cb1b630cf2f08020,mlb-ari-col-2026-05-15,Arizona Diamondbacks vs. Colorado Rockies,yes_is_run,31499590133251216697693207444639032386462429014791261817381333514409955113392,79150793814369860944141154124882826233502264988324331991121688559289300449410,2026-05-16T00:40:00Z,0
0x537bc80df64893a434d77f47279f2f57178d59b18f31bdf85c5e0740036c1872,mlb-lad-laa-2026-05-15,Los Angeles Dodgers vs. Los Angeles Angels,yes_is_run,78153883978168160010309544338951029443589135252241873991911116522451802108694,87941921515981622496339576048066927346759535827262019872519397870968657761870,2026-05-16T01:38:00Z,1
0x22fa94b44139e3226a62ad545d56f58f8c063c3455643a104105bfe5e59caee4,mlb-sd-sea-2026-05-15,San Diego Padres vs. Seattle Mariners,yes_is_run,31326217603281492808431388826754373277763981995920479645644479045645509212338,93371912904998293570196545823403655873281465241269635171124559211701699959558,2026-05-16T01:40:00Z,1
0x7cd910b19f6b95cf4fef83326c0de55b8fe277f40308f88faca91b7ca68d0e49,mlb-sf-oak-2026-05-15,San Francisco Giants vs. Athletics,yes_is_run,8306294434452461576222856531805462912684318666442212008846410007033060026268,108223260690394566048316458304916692790674997347837758332463569112144365779586,2026-05-16T01:40:00Z,1
0x54519301ad0075b54e8c1dfa1f9edb4fa7c0bb2048e682a380476b7c872e6987,mlb-tor-det-2026-05-16,Toronto Blue Jays vs. Detroit Tigers,yes_is_run,43633621548677626669600094063044514447262096346713180959844730394632199147044,10519808881925507885626451413944670940544266559620118491183079190897956650555,2026-05-16T17:10:00Z,1
0x961e35375b80b9917073530ca020d67a579826b965c549fb99b3427b87b90f1f,mlb-kc-stl-2026-05-16,Kansas City Royals vs. St. Louis Cardinals,yes_is_run,49020602801756228442259627549670419611426717467283117717961751995908216763042,43217198659887399430142178617602220841314287386423567479270674497457727138342,2026-05-16T18:15:00Z,0
0x2a3106ffc26132c006ef1b287479dabc86b05f9632fac90fc63f81f3ec7584c8,mlb-ari-col-2026-05-16,Arizona Diamondbacks vs. Colorado Rockies,yes_is_run,1640574574930580386155613300159572371545954341638383388585050218584684225451,99396964002135192753372475310747368594186471085206899988834994055807028001543,2026-05-16T19:10:00Z,0
0x56572f33a90cd98323c698c6a0f195f0f8fbfbf17a9d28b6e576e04bea6509c6,mlb-bal-wsh-2026-05-16,Baltimore Orioles vs. Washington Nationals,yes_is_run,35099606459569838081582668182605355190657056145863084992653618494020207500091,44868194239631614723655700443729348649585138311127530991790755882535405606674,2026-05-16T20:05:00Z,1
0xa70fff125afb4ab9c8d5c2187ba15a2dfd0b19167a3dedad9084651e919e7bb3,mlb-phi-pit-2026-05-16,Philadelphia Phillies vs. Pittsburgh Pirates,yes_is_run,15148381535167568280392555549617035719355813897708146773454035147339339198640,42452551303170988881383362862000789374089565716495752550987146442902659344402,2026-05-16T20:05:00Z,0
0x5b1663d74e4f6cfe0d5d148da00e46cdbd84f959b7cf48746f932e010c285b10,mlb-mia-tb-2026-05-16,Miami Marlins vs. Tampa Bay Rays,yes_is_run,112628608815835898560407844835675182682540229182443107344323181011714156173834,79283649848438633062075165176536795368207082456461056850570658890084255679662,2026-05-16T20:10:00Z,1
0x9e302a26c16401c6aeca2e36fcecfab396ce0e16fc4be5ddd32ee056d6c3c36b,mlb-cin-cle-2026-05-16,Cincinnati Reds vs. Cleveland Guardians,yes_is_run,57176238274367561396761395974138282438974890831113182467835695021182377716683,78663131896357138616490025235784702925487083879982376031894633935369465403430,2026-05-16T22:10:00Z,1
0x634b1202e0eb26b7f630523ce401743da695713a5047653c43c63b8bbd5f15fc,mlb-chc-cws-2026-05-16,Chicago Cubs vs. Chicago White Sox,yes_is_run,3864346502069067142167899644682705286702292363383061826171063873755199740502,10107387435766708669973769641748485916068231063698345764093176390146699351754,2026-05-16T23:10:00Z,0
0x6041d7ffa86aa6c818090d3f3224f3ce07a4ff065c16c56fd7351a8a2105085c,mlb-mil-min-2026-05-16,Milwaukee Brewers vs. Minnesota Twins,yes_is_run,30740807502027131170285869059626540520293074860317959284012849125559635999354,54062933123342938169459023288621413295675401627322380356426722808155748855468,2026-05-16T23:10:00Z,1
0xcad45ae8af7ce40a9e29979978221ce09122ea225cc47daa1e8ae5255e39ff9f,mlb-tex-hou-2026-05-16,Texas Rangers vs. Houston Astros,yes_is_run,39519269840801089281703377835078093461551940969928806987043502848753593779383,74110525775653887259831860022611683042727732329085508065958232666081513343116,2026-05-16T23:10:00Z,0
0xb8bd2a345562c3aa02aab6997e60cee2fbc5662b5252c078e1ce6a1971ab79b2,mlb-bos-atl-2026-05-16,Boston Red Sox vs. Atlanta Braves,yes_is_run,115767286393667723827563504919721145610619956034968409416570974861463591083561,9044022209147979596156243106180658245380511730141589208920002446347385593101,2026-05-16T23:15:00Z,0
0xfde4fb713826d4ecdd713b75ba441599520756317671c01041cace961099a949,mlb-nyy-nym-2026-05-16,New York Yankees vs. New York Mets,yes_is_run,85706396079109508825313068547022745016629135555109004534957654297043633353614,113869521894556466464107344454247301332602835660204694182262049329758795970465,2026-05-16T23:15:00Z,1
0xa6081cb54a6cce644104024972a3bc0791e9307d776f6d6fdc75e42f3488cbd0,mlb-sd-sea-2026-05-16,San Diego Padres vs. Seattle Mariners,yes_is_run,82928629889076572600409261922293885039426405775519228982257236776567842883378,114821114527076251873763501157200226838987229151318058636420346359454097344848,2026-05-16T23:15:00Z,1
0xa90059a7cbead146d6f68345bec097febbcdaa8ea914a86b3ed78aa7d9be468d,mlb-lad-laa-2026-05-16,Los Angeles Dodgers vs. Los Angeles Angels,yes_is_run,30438807324914167931262160986124649949344101558390620155981428314502616122357,886766761229805865717484748482858472301127171001011190442112786243535820603,2026-05-17T01:38:00Z,0
0x9e8f8af49b152c451b1d56fed2d18809b8c381dbdb540c673a07ade07b2cb588,mlb-sf-oak-2026-05-16,San Francisco Giants vs. Athletics,yes_is_run,106351609977695286912508724106200201896785154724272904382432481818329758119252,54344032092206104909519067845474351486401796915801190333964308274659460648216,2026-05-17T01:40:00Z,0
0x2fecfb497fd2d8a10aedd422d6fe6301065bf6d564c467b1f6d997f4ab1ef461,mlb-mia-tb-2026-05-17,Miami Marlins vs. Tampa Bay Rays,yes_is_run,24538039793353343251058915325892585315210310758106579350454388157275804237295,88343043163346797987951175814070624921895717161823391062670610008888544515709,2026-05-17T16:15:00Z,0
0xe520696a295b9ea6d1d21f3e0f0c83340a66d9d9ff19326e93725e555460a99d,mlb-bal-wsh-2026-05-17,Baltimore Orioles vs. Washington Nationals,yes_is_run,24301118874574976511848208976688622394880579604927818279767771333740599949936,53735041463077555562358889879963241808140660802827885169425281660930869960796,2026-05-17T17:35:00Z,0
0x4c7021b5a70965642fe95be3ca6454a3e5e054957b20a4eac8c7b8782d36ea51,mlb-phi-pit-2026-05-17,Philadelphia Phillies vs. Pittsburgh Pirates,yes_is_run,50512771129735897321739064185651078389805627151515152395882544615526189998556,7454399892898136011807745587439775517570513288430627357244498199802780954026,2026-05-17T17:35:00Z,1
0x95d2a29035ec2bf6c09fd1c3a61b35d84d38af6e456a390fd1be18a0d80a6295,mlb-nyy-nym-2026-05-17,New York Yankees vs. New York Mets,yes_is_run,82509095099101923964729850404772354399208786792441841936551135162153598927758,26215348385386964569912978782570106282906381273981324534525305641060673311970,2026-05-17T17:40:00Z,1
0x97104eb9e9168449973709d657460f2fee61e1d55442b88ad4b1fec945d2d5b0,mlb-tor-det-2026-05-17,Toronto Blue Jays vs. Detroit Tigers,yes_is_run,89019376647206513854513203080701317854515935929093851538248565193981339625664,115751508759186789246967995217693261556686105744605758428255384387971297181616,2026-05-17T17:40:00Z,0
0xfbd1c149b591519d34b26e805ce95b7f86effbe4033d11275569bbdc9db7e413,mlb-chc-cws-2026-05-17,Chicago Cubs vs. Chicago White Sox,yes_is_run,57203906278927187981381477700332391212840618128837702501186081377235935440566,44995834366045002764035768560327700949074780863676653787379438786817197285528,2026-05-17T18:10:00Z,0
0x3449fffaebcd03b17a67e6ad4bc05799cb951c5e9c8308f9b81bbf261a3dccb0,mlb-tex-hou-2026-05-17,Texas Rangers vs. Houston Astros,yes_is_run,50158406733427088347595997750384739651011223311371678511633573802304485935423,74409946809429510731570111039720200131786762780525111216527611060178640551677,2026-05-17T18:10:00Z,1
0x616fc43393d3a356b090497950679333083ed44221de7019da9a3ef1026e82e0,mlb-ari-col-2026-05-17,Arizona Diamondbacks vs. Colorado Rockies,yes_is_run,104072604449887405799609230773855597905085907657014499907574952749234769965029,43004083026591647167846515835569716476944804758087006006106581434851568524079,2026-05-17T19:10:00Z,1
0x0ded060c0e16398afdd11ddf3686bca84bc7ca65b5633e19d23cd47a00c20aa4,mlb-lad-laa-2026-05-17,Los Angeles Dodgers vs. Los Angeles Angels,yes_is_run,109036777864621949926776870745142826815165340735748150441666109940514896286023,76862459713207813950027758508775974757768417178532106098297897261401336568406,2026-05-17T20:07:00Z,1
0xec36e543ffb9ea67474581c8e19c3ca34cade3a938f9ec67fbc8f4f11c78e966,mlb-sd-sea-2026-05-17,San Diego Padres vs. Seattle Mariners,yes_is_run,72340216336135325629309814519035241622101640379907454993146368241808787971297,108373744035449025198914933863299671081207746029143325890286784449193464502398,2026-05-17T23:20:00Z,0
0x78ce8562e9eeff1902c7e0c2ae2fb2591081675492f5048cdd183d068d2f1b2b,mlb-atl-mia-2026-05-18,Atlanta Braves vs. Miami Marlins,yes_is_run,99429242919759292819236719556920835639882038778979231769296871519569934837431,58793009716455816271270198076220860135536940322077536858771097696237855319878,2026-05-18T22:40:00Z,1
0x2337ab112eaa3944886c4b504282dcf348c422b3fc14c4c12d396f58dfc169c8,mlb-bal-tb-2026-05-18,Baltimore Orioles vs. Tampa Bay Rays,yes_is_run,50942696396573913497572044751494433136238155254109777791068277837776090934473,19062848601920553023662672475622865883727488706684892607860659034742137621683,2026-05-18T22:40:00Z,0
0xae720cd8cd8f3025f572b900f5d99e7cff695c870b5ee3a05daf5a9e241e73f3,mlb-cin-phi-2026-05-18,Cincinnati Reds vs. Philadelphia Phillies,yes_is_run,63322427714216938200895296310967529727089669761594454236828575354257352336295,88407934997295602624429747334733065098434993975265098796500274517610765718882,2026-05-18T22:40:00Z,0
0x107ab1a31d26d6c22f797bedb1b8a7fa39fc133cb69bc54315eec0a29658815b,mlb-cle-det-2026-05-18,Cleveland Guardians vs. Detroit Tigers,yes_is_run,52700186542467480923618106567256421181881736777670898576817797680147815486023,83350517979675585523970986272326334270540309287329575782163033963203733019642,2026-05-18T22:40:00Z,0
0x6a44994da7dda88cf96542510bf73a485b1a6260652c0fde61d2b093aeae3fef,mlb-nym-wsh-2026-05-18,New York Mets vs. Washington Nationals,yes_is_run,42386323638169326963847808552013230219306759060808315535710393025976763935202,15799949720403829401480963347683298772938495106919195449297101819308259393524,2026-05-18T22:45:00Z,1
0xc5ef0276c18f5f63c9341acb9d5b115ff6dba1d870d9b33587954c18c5c31700,mlb-tor-nyy-2026-05-18,Toronto Blue Jays vs. New York Yankees,yes_is_run,94051136744785344072443728508751093895516220968056333833679335100165847171690,99442241922138876484792389353492199522458408035010294376195119823147804755137,2026-05-18T23:05:00Z,0
0xab50439973a5160cf2b1bb4e12a8c4169d1cd61746850f92743ed7d95f934fb4,mlb-bos-kc-2026-05-18,Boston Red Sox vs. Kansas City Royals,yes_is_run,105307009409140659939907830500032844136550603969784791371392447115529589588770,51889257827521250311762268908206285703410951889449119288312651972574305981548,2026-05-18T23:40:00Z,1
0xec2a07a5f608a0a6d33ae4c0dc3c634f519f95ebe24967c70bda67b565af3c83,mlb-hou-min-2026-05-18,Houston Astros vs. Minnesota Twins,yes_is_run,53065999889969132199304925845048368293075972225014277911992207553376436081090,28390981588644067987564458284795355480561584480891134342576750373253491573372,2026-05-18T23:40:00Z,1
0xb1911fd800e69f1730c4651209ede65da25cb9556ec8864108501d5fc7eec18b,mlb-mil-chc-2026-05-18,Milwaukee Brewers vs. Chicago Cubs,yes_is_run,55668371719074309831754547708123262358013320383998390943953256141849982976156,9554172905788405210160152790025872127171649515528499306902960474015196337557,2026-05-18T23:40:00Z,1
0x2ea8ae96b308a13857ddc557bf47ee76aceaab601c05dcce3ed9275f9c6d5fe6,mlb-tex-col-2026-05-18,Texas Rangers vs. Colorado Rockies,yes_is_run,95597736803772709170226020380425395307798060588529528331634193761347956198018,37510485925981524669277187275952205056519155280905639783658237747781621508719,2026-05-19T00:40:00Z,0
0x095fe505fff3b7f2e0a3d93e107d4f94e8910bc16cf84618052e48df0d16f30c,mlb-oak-laa-2026-05-18,Athletics vs. Los Angeles Angels,yes_is_run,2498847119369353912577068227598909012468289480059318390149049243181928517110,58498810745963564958285975038529990761161450030565327276535300361428624960207,2026-05-19T01:38:00Z,1
0xe5f46fc9bbadfa12f74b9f186a1666ac119f5e1e7b36a7f446cf8ae4b20639f7,mlb-cws-sea-2026-05-18,Chicago White Sox vs. Seattle Mariners,yes_is_run,51210962205973885138194746024451468306976935291995266434589046528130545051787,41864255928095408372048017907781046495485819607513718605560142766242014152738,2026-05-19T01:40:00Z,0
0x0afd252dd6f91e4b147e97d05b44cbf20dc9f1f88c5bd08e661467ca9e45299a,mlb-lad-sd-2026-05-18,Los Angeles Dodgers vs. San Diego Padres,yes_is_run,107933578450362639163744683717241081980475108709793075878006205230861020359588,56181147146507365901043841833267976804218066898654999775373940426537912264953,2026-05-19T01:40:00Z,0
0x7a29ba091f89ceab76dbd6c28d8f2c547d6d7f768f4d1ce6208847bda0e17749,mlb-atl-mia-2026-05-19,Atlanta Braves vs. Miami Marlins,yes_is_run,115539932190690944825612036497936472831455494192361968342163560607045184142015,103026594025047395586691148898065953500278486056251671031447094926621755081056,2026-05-19T20:10:00Z,0
0xf14b03aac5b33d5452deacb75525cc19d81cd36a3a98e1db36ccc11a4cde0af3,mlb-bal-tb-2026-05-19,Baltimore Orioles vs. Tampa Bay Rays,yes_is_run,53628080670920191523074587015294836982800474265993316167691490182841376132767,16533144280111390960372081658443964723405339639963084995360570321604044379600,2026-05-19T22:40:00Z,0
0x518a5ea5607012f7665e3c78d49f7087fcb14d56b5bc5c8bcb83e20c3e81135b,mlb-cin-phi-2026-05-19,Cincinnati Reds vs. Philadelphia Phillies,yes_is_run,69828942429469413509043048420953034186481022325104975407467161836944112147899,89373471188307501948722473521835595904664328834129613184639183561813850349487,2026-05-19T22:40:00Z,1
0x0fe43e962ad9df1cea7b6618d1c1923280eb6bd1c3e4e1dbea592dc62db5d352,mlb-cle-det-2026-05-19,Cleveland Guardians vs. Detroit Tigers,yes_is_run,25442739251395969303528474550987378117715148425901359597295490812783021970393,75770553809491343147681496729317113997298599156867759324547046017480211484876,2026-05-19T22:40:00Z,1
0xb18f9f9de83237da962ab06eb971b9202854fea48a7cb6a4a3feab9de9c2a168,mlb-nym-wsh-2026-05-19,New York Mets vs. Washington Nationals,yes_is_run,63034446979164622434578184759056391618843054422281998782123171617960021737747,84716381317305167795498120508872309296527218784453842740339386070899870464888,2026-05-19T22:45:00Z,0
0x11695a31f5f2630cd72987a79f848c9b8a8e4737860203dd7e5103106caf32e0,mlb-bos-kc-2026-05-19,Boston Red Sox vs. Kansas City Royals,yes_is_run,104380729205547723124186197155110673655589670383846201883096763545781210406941,2506725934653457548426358030397631193495722409417291473901081912697710510450,2026-05-19T23:40:00Z,0
0xfb8da624a4aba9e8e83a82b94b49422eb8fc4d7bbac0b4a0a5186b6c7bacb856,mlb-hou-min-2026-05-19,Houston Astros vs. Minnesota Twins,yes_is_run,2946243278647641400345062858025310303459057055205672896262955863136796666526,28754410993967968968782461919733948355334291792088866225539172929959891538367,2026-05-19T23:40:00Z,0
0xa3e049860a1ec4419e8f1019664b291376a04dbe89d63c304ba807c0c9b64592,mlb-mil-chc-2026-05-19,Milwaukee Brewers vs. Chicago Cubs,yes_is_run,31931980243619686881899849675207942558998572527357632955994026579927483888376,28611629627409195488054665932476368725218151242114452674769436908730544248382,2026-05-19T23:40:00Z,0
0x2104805d4800ba84a09262a3458c6cd36879588fc8f21f2c5fa2f83658d21999,mlb-pit-stl-2026-05-19,Pittsburgh Pirates vs. St. Louis Cardinals,yes_is_run,18189060243336979981782057563488872780671811370155414095046376956395782129425,84472998648194830670302219323695228487283974713068490592147257366339053847306,2026-05-19T23:45:00Z,1
0x667172dfd2d4117ae5a947f62babc585cf5e1a48b679d399e97d8106c93d2eed,mlb-oak-laa-2026-05-19,Athletics vs. Los Angeles Angels,yes_is_run,41576525279649436539238950725236670633611301031348212983789363822128498021447,82319398936131619597572742782104860183460895024243584584797704196691468699587,2026-05-20T01:38:00Z,1
0xcd584c1c36cb7dca11dcfb0a99c66670c142e37775d3fde8c91f75b128656b23,mlb-cws-sea-2026-05-19,Chicago White Sox vs. Seattle Mariners,yes_is_run,23767501789467298392129239079543695942008608975460832291694842931038869323177,107196512602498272660906431208135296350572293077073115527592624260345899605850,2026-05-20T01:40:00Z,0
0xf304b5ca9d0fd82f163f6ab564a816c616cc3c7d678ac0c50272dab0f37dc0f9,mlb-lad-sd-2026-05-19,Los Angeles Dodgers vs. San Diego Padres,yes_is_run,108540092143998302335739509360804757143078110697452457200878251407314535373213,53464933266215930155159603497354356037255447819475631975031931352734878459521,2026-05-20T01:40:00Z,0
0xdcf4fbb2c46d01e4a081958150738c575399cbba2bb647d43da0e544ddbf6859,mlb-sf-ari-2026-05-19,San Francisco Giants vs. Arizona Diamondbacks,yes_is_run,48097922300246729904013590566088255357248275701485579285210311021282125732803,85264495951643591059218836114537860746771534700798674643161859890739882067704,2026-05-20T01:40:00Z,0
0x1e1939ada256f6e755ae211ff4024a71b3633da08705bf05c76e278996a96c50,mlb-cin-phi-2026-05-20,Cincinnati Reds vs. Philadelphia Phillies,yes_is_run,69845409647451252644449590552187497271240047949724883144401934696302416892989,46017338699377745694450884696140898529220152019176248138560222959788143194573,2026-05-20T17:05:00Z,0
0xc5c87ac44546bc96ffa383ac2d0c63dc3a6ea7a6f613f586e47e83fbef63371d,mlb-bal-tb-2026-05-20,Baltimore Orioles vs. Tampa Bay Rays,yes_is_run,54060027869503404546935168135103365012560950245012817430326706825900115662820,102539978836793857214691671764558596613264849097127576295011940510061977612800,2026-05-20T17:10:00Z,1
0xe2032cc4c9d2c1e8e52dbbfdcc6f6efc9326cc5f3400d550eb7ca78e1c178a92,mlb-hou-min-2026-05-20,Houston Astros vs. Minnesota Twins,yes_is_run,17372977440704174446968116867901850369992211950195220538686680307208269786299,76906686366458905879493189403498228832883645491041590085631045897873984188415,2026-05-20T17:40:00Z,1
0x4ebcf37ba03d9305f4ead06364faa3a7aa249d458d57e7123db78ff505d57344,mlb-tex-col-2026-05-20,Texas Rangers vs. Colorado Rockies,yes_is_run,41028403859268763697686085013134928855067436187301325836649357851330348501349,87780295834522165132800297033118165104627862398150585971469032285102336858431,2026-05-20T19:10:00Z,0
0x070db8c1e7da7b31719b8078f0cdd26240f93a92c83a910d30cb38d2c768229f,mlb-sf-ari-2026-05-20,San Francisco Giants vs. Arizona Diamondbacks,yes_is_run,62769218278876492009086704614674398333327187744187502554444752088232753955647,20287801278889889427719604307228390375157382911499685514161182111400351930669,2026-05-20T19:40:00Z,0
0x90e7eef329c8ad4e7f47fd4421dd7aa489572a7bb8d3cf979bec72517aa061b1,mlb-cws-sea-2026-05-20,Chicago White Sox vs. Seattle Mariners,yes_is_run,42079157342008296659441544911489495153889580074687981860478371622192467455456,18973906301682388441233568283529259756720402210087229258169738309313280800647,2026-05-20T20:10:00Z,1
0x16045242709f79c41c078372c2070e9c24cace542d8c744330ea1443bb0f04f1,mlb-atl-mia-2026-05-20,Atlanta Braves vs. Miami Marlins,yes_is_run,106861437469478807476398514654826779274035241126286251021574474052331046551788,53324167130262168871595030396729680331097164591203645515695229763434503230938,2026-05-20T22:40:00Z,0
0xe502ca69bbac285d43bfc42033ae27e0fa797f35cea74498580d6ca65c36f6f0,mlb-cle-det-2026-05-20,Cleveland Guardians vs. Detroit Tigers,yes_is_run,51410310449716942256368200352859937202454648596269290727529683023725534743677,99815451836158794755491747257462454848350991350598692593490294838914660577958,2026-05-20T22:40:00Z,1
0x4da1dd4dd317b158285b9a90df3d48084187ca5e15e76a2d94a4e54ea312c15d,mlb-nym-wsh-2026-05-20,New York Mets vs. Washington Nationals,yes_is_run,62860400513318335589850339203419033400099260664832111340885629197781557682633,105807526536824518427976426128526716424648911177473662724637411064572195743481,2026-05-20T22:45:00Z,0
0x01572099ea3ca6d56463fa984ce871bf817eb78325e239ea7b8d92b74b66b364,mlb-tor-nyy-2026-05-20,Toronto Blue Jays vs. New York Yankees,yes_is_run,25217602960852635757434203174085436839538576661787825065361434305672456941407,38378065831342401613849403147679638351526400124798874559530405256242153357794,2026-05-20T23:05:00Z,1
0xaf1abd2eea0149e901b83a5c5a367f4fd8f73d7721d6e091e8fcdf8347be52eb,mlb-bos-kc-2026-05-20,Boston Red Sox vs. Kansas City Royals,yes_is_run,34123053870712726689635183833865597574134852128460609302815759419966247766082,81833844558702088348577832456316197783195929854144399152592181329690705715417,2026-05-20T23:40:00Z,0
0xb946d847d3f821adbf6c8ae974064152593d66e53439577eeb8c2d3d3c7d3ea1,mlb-mil-chc-2026-05-20,Milwaukee Brewers vs. Chicago Cubs,yes_is_run,13246406463929778825828794469797077676163164909085687684412448123109222376650,102817812221903795849906224391832575285949912378959464103652352620316527412091,2026-05-20T23:40:00Z,1
0x4983ba1cbd98a278ce0d28ba268ad62960d35dbf07a7c19f9090c363f7e2a022,mlb-pit-stl-2026-05-20,Pittsburgh Pirates vs. St. Louis Cardinals,yes_is_run,8009773550478148606713266514831523007622160318082757621131165401060574128241,64572337735987675567924833788429517911509796502672240612804641030151430203638,2026-05-20T23:45:00Z,1
0x1e012e92548a8764262eaae54705a522b45cf374669d190faba25c73ce48f2f8,mlb-lad-sd-2026-05-20,Los Angeles Dodgers vs. San Diego Padres,yes_is_run,104551429301285280351880908370064193685851413486013405662912794650840045881845,66139270851355571969321513182417178654315622886930748886054686595253643266320,2026-05-21T00:40:00Z,0
0x64633ff40576efe39b77ab4f6263accd6fab0b90c4abe0829aa7acf8fb2e6772,mlb-oak-laa-2026-05-20,Athletics vs. Los Angeles Angels,yes_is_run,59334606199897139868540384439696123503382248540224979906762490887006670567195,969831818987403964940593837412160001864884815900664228446009264415532277948,2026-05-21T01:38:00Z,0
0x2859e61bb80461f566f880ab3a363f4805e99a9bca4c60751e1c53add366325b,mlb-cle-det-2026-05-21,Cleveland Guardians vs. Detroit Tigers,yes_is_run,29541673353512220034604648290267719992505382573732802191317547150439425765827,2973444588001683295456975269493687044603929863978217422037812704127392949435,2026-05-21T17:10:00Z,1
0x1c698c773f370d31c864e996ec622ce4dcf75d048c0e8b9a53efc13e26a9aa4d,mlb-pit-stl-2026-05-21,Pittsburgh Pirates vs. St. Louis Cardinals,yes_is_run,101647950316645927791957123297418226993449775161170993317029153059765515586098,114125307350494782563063481417357291135834746725915613904419112892163949738396,2026-05-21T17:15:00Z,0
0x94cad8c6f9981b03f3d6de8d7a8501214c68de9904f24756a57a6635e25dedb0,mlb-nym-wsh-2026-05-21,New York Mets vs. Washington Nationals,yes_is_run,20788523354198215795450405128782570459297052895747014519411343913310074650451,24230980226851432163891289813673209478870904506400963927471764028761862727000,2026-05-21T20:05:00Z,1
0x71c5ba1d70484048d7572a6926407c079591b6e6679803e0180c499645fccc07,mlb-atl-mia-2026-05-21,Atlanta Braves vs. Miami Marlins,yes_is_run,22008361548274511322109526563728857649401830829270683425237905563305532562671,58696563339220103194431802285817522347878009808535576054473119436384378771058,2026-05-21T22:40:00Z,0
0xfd2651a2fc29f875864e59440f909a5f2ea7a46e2ca6a9af5ef899ac5e2bd222,mlb-tor-nyy-2026-05-21,Toronto Blue Jays vs. New York Yankees,yes_is_run,32122217979554245510185064046664183606300799272446169000679715458397033255381,14158462902824726733108460869777772267543336323488053107314515462475365252258,2026-05-21T23:05:00Z,0
0x91169755a92219bf22a6e7355bfdec6591bb6b0a8547a5f92383dab0dc6b06c5,mlb-oak-laa-2026-05-21,Athletics vs. Los Angeles Angels,yes_is_run,44284165050292995306654443648139007646022260715591609224958385654014845709131,50381112379950419118980084330065335647042950695611166668065111188383113847831,2026-05-22T01:38:00Z,0
0x4a827c59ec230fc701eae069f9b7ed1e02ee75d6bc0737880dcd6346d955a994,mlb-col-ari-2026-05-21,Colorado Rockies vs. Arizona Diamondbacks,yes_is_run,91535157213196519628827074565881490637336573265294428530199639986330268665481,67710175878149746502396492932938603521987639174149131901121846219414978139667,2026-05-22T01:40:00Z,1
0x3c0ef7c5a6df6fe18ae729e6ce468a1384d31e1176dc0081c334290e7c2051c1,mlb-hou-chc-2026-05-22,Houston Astros vs. Chicago Cubs,yes_is_run,97199865118493656679124333487622282408941301214636477223803081375657950629551,81993128725654691899345681768394470945426421071101204398124918184991076383470,2026-05-22T18:20:00Z,1
0x14e9590e668cc3e4d40763cc35dad12da0f705727b7708e1c0efcfad020e9e83,mlb-cle-phi-2026-05-22,Cleveland Guardians vs. Philadelphia Phillies,yes_is_run,85994319514948751732580611316925419286327467888422622915278562927439088594887,45628996260235360612568672112065450092293400192862176581169513447075803387215,2026-05-22T22:40:00Z,1
0x235687a4d01fbc7c4f5dff66ec78b0a883815022357aafadd3e767b21ec904d3,mlb-tb-nyy-2026-05-22,Tampa Bay Rays vs. New York Yankees,yes_is_run,52152274265344151942158380312951980614539588493755209460306883122011596791859,113275708174731054844168726157980955550084555400049395670347164549417123433429,2026-05-22T23:05:00Z,1
0x73aabc9523d3abb9d395cc44d6e9e4f7fb1810db8122ed68c62d11296628d54c,mlb-pit-tor-2026-05-22,Pittsburgh Pirates vs. Toronto Blue Jays,yes_is_run,100415730946076196979790327542404026519183856813881346804407118249577047991533,97734141734723560301757722535412703003165319597353697292786077760630604817768,2026-05-22T23:07:00Z,0
0x969a6a3771725e65e05011c0051f97544bfed99186539f00bad2bcd41b0a60b0,mlb-min-bos-2026-05-22,Minnesota Twins vs. Boston Red Sox,yes_is_run,78508232322231628822443053085122242643727040226425349693470107957135954446230,7493516967862632339902615938652037993740797085883436800510827554492110029924,2026-05-22T23:10:00Z,0
0xd5340413e0b745f17ea93c631a1374474a311b6ba7b447cc7f1c851664b708dd,mlb-nym-mia-2026-05-22,New York Mets vs. Miami Marlins,yes_is_run,40679955830502865899732576416235311748836546935895786807070713306173778846780,105231332964180757851560104243476339562777379948549028627270806561713550703279,2026-05-22T23:10:00Z,0
0xe5c2fb7ec1036e0e6e6d0598528c6604afdf622f212334ac4f16da00dcbde7f7,mlb-det-bal-2026-05-22,Detroit Tigers vs. Baltimore Orioles,yes_is_run,91739013784648761521278006312297154004352115042001716206715097844764332567426,103386634213917748146581580925937389702597020442758519645150224159671386554417,2026-05-22T23:15:00Z,0
0x2392038875bc207c07094b4ad741418a77e17160f7d470c8135035a62d789b52,mlb-wsh-atl-2026-05-22,Washington Nationals vs. Atlanta Braves,yes_is_run,101380697121301079039464572451208266601178484611760179610595887444783498247087,17778976257866923390463864940675087762703959104033413977535342963318428658598,2026-05-22T23:15:00Z,1
0xeb925f8f654f4da256a2ca30848a1562654eaa8e211a9f157e1311bd1d3c3e2c,mlb-lad-mil-2026-05-22,Los Angeles Dodgers vs. Milwaukee Brewers,yes_is_run,57851976535541277574205126649487862249283449999103557723096874271909603045551,28804320641151489189926527926115557969652947652709743088634017133839442434909,2026-05-22T23:40:00Z,0
0x294efc7f514a9848728afb037618ab45c786b6a5a2ca645d671b89c33e9cf530,mlb-sea-kc-2026-05-22,Seattle Mariners vs. Kansas City Royals,yes_is_run,9591604025539304736871033620391797811328758559551254348695747437093083570843,16115721510125797923704711378838017000745553309090398458851027202767949530000,2026-05-22T23:40:00Z,1
0x54c5450aad953f54f160ea591b0b61ed1c35c4999990c1e3f808557f8ce77689,mlb-tex-laa-2026-05-22,Texas Rangers vs. Los Angeles Angels,yes_is_run,74782174511883987685295153264899194407128833515348196741037145083398382796936,88778242108085066518955749902161420798412469095566147316876391712261754770793,2026-05-23T01:38:00Z,0
0x3e11faf90f9dba09fddf467aa6c96e303b6682498813b0f55e1ff9ea87a69228,mlb-col-ari-2026-05-22,Colorado Rockies vs. Arizona Diamondbacks,yes_is_run,98671274835403369083539301622886343407572391808195974255601097865193640908577,109478237291435665459984008115078933234007222115532038633970013294856838389609,2026-05-23T01:40:00Z,1
0x3d03b7065d978e18a84e580a9761f8d70e8d6968be3d88240c7fe9cfbd1e2d26,mlb-oak-sd-2026-05-22,Athletics vs. San Diego Padres,yes_is_run,21462074497895083403117771221209276795502054995795226322452796648485121287017,48533384851533479981456034274464482000394639692087987284133456034359209095692,2026-05-23T01:40:00Z,0
0x51d41d37e68bd1e20e31684f8d2546086bc1941464a6a3d2df3563ecdea43037,mlb-cws-sf-2026-05-22,Chicago White Sox vs. San Francisco Giants,yes_is_run,77603313947076828800236588946051504262928069499320527215109326365324500299731,97422974127040509458024580890954460941448412140522180573591255484981468845830,2026-05-23T02:15:00Z,1
0xf532973691cb06f46cf60557000365fdad02c447311d9d26e1b5de214f334f23,mlb-stl-cin-2026-05-22,St. Louis Cardinals vs. Cincinnati Reds,yes_is_run,91819077819659566933828483613710733210696476928197347171221468970803919557098,18521803467278718087805919948529944767271425113499648494144254807899994598747,2026-05-23T17:10:00Z,1
0xede725caba64a2eab64c5226bd40e233ef5d8a291238da116fbf220b0a9de2bc,mlb-hou-chc-2026-05-23,Houston Astros vs. Chicago Cubs,yes_is_run,51423543843747860289021054691239822762355206472775949781440730244710311793386,20327580476246743482116279914360103580801808340862115410228340912139503625235,2026-05-23T18:20:00Z,0
0xf69faf2bd1be9ae601ea7f7294619d59ad1ed37ca42d0d91cd6c2b633a79dd8e,mlb-pit-tor-2026-05-23,Pittsburgh Pirates vs. Toronto Blue Jays,yes_is_run,41717765836235293061596431307412017000670124070702871620239092297362277629801,97428700674541194426284818566296003656791203207910072516372672306471805380314,2026-05-23T19:07:00Z,0
0x249c9ae0155ee3ed61937a272a48886107b7d5c447398e513a647a25816649f0,mlb-cle-phi-2026-05-23,Cleveland Guardians vs. Philadelphia Phillies,yes_is_run,98714696084597878810352569997085171785139234739725932034891615290470130650561,103597211067265669866228167168501878244750503645051239783576840098205322449424,2026-05-23T20:05:00Z,1
0x2559c57180fe965ab8df04482444ebd420a5df8d5d6e769d77a64b96f9346487,mlb-cws-sf-2026-05-23,Chicago White Sox vs. San Francisco Giants,yes_is_run,100386760867285298410737787516344225902062652227487429270775159410799208484955,3694107422756465923018741798562557958208269592864703164873132391071982015744,2026-05-23T20:05:00Z,1
0x31ab61722637f63b8c665455e937d6ffa6f634f0d6d7b2af96fd6b4511e11a1f,mlb-min-bos-2026-05-23,Minnesota Twins vs. Boston Red Sox,yes_is_run,111131363953375015041293319441891049364893055868587383542459568362050704638312,46380476798763561489191111418142204354642026506151346885902496544417623057513,2026-05-23T20:10:00Z,0
0xeb824d4ef63c7c0ca14521033eae70cbdf0f008f74939dcef0566341a720729b,mlb-nym-mia-2026-05-23,New York Mets vs. Miami Marlins,yes_is_run,101531610503038779182546487386129721384571895408092537959945011822729578850175,107336622162301245069070059949952580349036814294415098629402909590424138668197,2026-05-23T20:10:00Z,1
0xc02c861d9d7e48cad5ea8f2637beb6367d892195abc0606aac8d25ada6a55517,mlb-sea-kc-2026-05-23,Seattle Mariners vs. Kansas City Royals,yes_is_run,86217134732944050424000495081197115709761432484642179196379030386076511741145,102824387419227409023216627021877124681613559310698993761165583040609674897961,2026-05-23T20:10:00Z,0
0xaebdf793a953d5f091e078584c117654ac1dac9f9002511b17bd37272fe71092,mlb-wsh-atl-2026-05-23,Washington Nationals vs. Atlanta Braves,yes_is_run,19284277476235502448490699049295815515602738752984662303447931218421710027003,9566949264107624636356818189498358493729107010995162541285249135839798014802,2026-05-23T20:10:00Z,1
0x998919110475580d7b1395b8f6c916c8cd5e129b04889bff636383407bcebd12,mlb-lad-mil-2026-05-23,Los Angeles Dodgers vs. Milwaukee Brewers,yes_is_run,8687765986278873178989728146075645580344934258486076633927941513990367145127,1467828528387431341170358712066180638349602633205114545702254290371945378568,2026-05-23T23:15:00Z,0
0x9af57d67f725c03969aae6c8ff8c773c49b3ff12dc02a91842d33c819c534353,mlb-stl-cin-2026-05-23,St. Louis Cardinals vs. Cincinnati Reds,yes_is_run,30713329299050854239016876593466325902702573359841296781445027493985483188315,103449825893910092635287507839450323352728206538924622684482793675473812611964,2026-05-23T23:15:00Z,1
0xc3e2e3774ce23a31e3f9044e3c03a575c863ddf2c84f317b8d97fe6328923f13,mlb-oak-sd-2026-05-23,Athletics vs. San Diego Padres,yes_is_run,39247517824388137296212929823294378019904625978760767087526891817855833318852,109650857612518455915008030194447555686921805774923662916059129456377002662293,2026-05-24T01:40:00Z,1
0x7c6da3e93510766fa35f27629efaaa172dc61c6eaf6d14d87aa7d394d6b6019f,mlb-tex-laa-2026-05-23,Texas Rangers vs. Los Angeles Angels,yes_is_run,108339028724742791913585876478414406090922739595713111602947895708745973045572,43577112634093729537431437703947289269568999096272983847983352340061800296044,2026-05-24T02:05:00Z,0
0x6d808e5dcb87b734aca32f891cdd4b7397afbf28de1ff714954641fe84c6ca75,mlb-col-ari-2026-05-23,Colorado Rockies vs. Arizona Diamondbacks,yes_is_run,16680030280539871849995464427262244987563264945093307767097490173247605112463,50360887901037860382583952904428958922938227240788642356386529391754656878600,2026-05-24T02:10:00Z,1
0x7260cdb6407554ec7f7726edc5a1800d430ebb5aaf2c5e1dd3f55d594642c752,mlb-pit-tor-2026-05-24,Pittsburgh Pirates vs. Toronto Blue Jays,yes_is_run,99255308608477783271123041323973035340853250216545426325672563683829744277728,85912621681845305006118692847968899177105612250020625890707368534530525864476,2026-05-24T16:15:00Z,0
0x062f46f4a35926ba7a024e282e92f1d10106b35b5c4b3526023167246a4ced44,mlb-det-bal-2026-05-24,Detroit Tigers vs. Baltimore Orioles,yes_is_run,23914714324332462995518052564018634373851415526806573947298559311369192658092,12730266009907457462148642193510162445514463499976085386254832139609295430947,2026-05-24T16:35:00Z,1
0xc712b4b89850c4dd0cb28f717182c2eab5e23375cb1f97830ccbc9ae53cd669b,mlb-cle-phi-2026-05-24,Cleveland Guardians vs. Philadelphia Phillies,yes_is_run,21095874367742806745128667223616009086635860728343013520637907797421799828986,38228260607635236938792552383751494540852044182727602922723446310024245034856,2026-05-24T17:35:00Z,1
0x64f4ccea934dcbc42f2547f3332a447726945c6fc5b54e7f626d2fa9de88fbda,mlb-min-bos-2026-05-24,Minnesota Twins vs. Boston Red Sox,yes_is_run,51544445790074250833080587271995042196124542583353952330137617776507320526434,105516028545090865505241857846296900969326131245571930000961155091491158299482,2026-05-24T17:35:00Z,0
0x45999e5858b4b5858628fc89e8224f17f546b8f659eea9bdab856cc7b8eaf01a,mlb-tb-nyy-2026-05-24,Tampa Bay Rays vs. New York Yankees,yes_is_run,71846790369413169568786815388125381003666560370123269641317224156290394469484,99271834345508145184922468851443654738307099115826777970982419798328492734652,2026-05-24T17:35:00Z,1
0xe38a337daeec7c1d47174ee2fc8ab2385dbf1f34123c87cab0be1ead03611af8,mlb-nym-mia-2026-05-24,New York Mets vs. Miami Marlins,yes_is_run,96783071853782313344295478618909307885193299919215498635257287553954991268937,3371124112720598620236557326120066594422857707449257994534915526641608540525,2026-05-24T17:40:00Z,1
0xaba69929d00a4d08ef77e029ba40cb6da603e8ca0cba64c8089b84005df55ea8,mlb-lad-mil-2026-05-24,Los Angeles Dodgers vs. Milwaukee Brewers,yes_is_run,45493741044083816119782943293002224033799553580097072229971238033459009156138,20609246227839579816038801319663252094436124838194758767489049743600267247815,2026-05-24T18:10:00Z,1
0x49ea653728168923b92552cb9404aa468761a1be5c11c4090bc576d7b0dc245b,mlb-sea-kc-2026-05-24,Seattle Mariners vs. Kansas City Royals,yes_is_run,78100442893916054525808102900800914360081954097619109475152594649585576450150,38959711035490450950244961665131038027425388894309707354170647027004774061731,2026-05-24T18:10:00Z,0
0x6251e1dc27b742e004b6104776665ec7c28b671587ebb4830aaf8e74e0fcfcfe,mlb-hou-chc-2026-05-24,Houston Astros vs. Chicago Cubs,yes_is_run,54244387475443579987372247791767153810442621556146692653519293405855489909617,25534681313198911863965034467233162213099199356912544910797464148827916736232,2026-05-24T18:20:00Z,1
0x350ea924ef56368ca2e8d1fd9e767cf56365221ae51cabda9b9cb0b410121af5,mlb-cws-sf-2026-05-24,Chicago White Sox vs. San Francisco Giants,yes_is_run,56188594189508303005506902596830525428199805700500458460925653609692148192181,20936384986165840503668757305922058612816938695255704769889102571476643743935,2026-05-24T20:05:00Z,0
0x491d56e69fac3d6d4c11cf3c4ab4a89c2f9a024d305a00934e0c092c996f3100,mlb-col-ari-2026-05-24,Colorado Rockies vs. Arizona Diamondbacks,yes_is_run,8826200617072287637440303503346095802121651836131764180621810376431040106671,97780836888417335061039899224291520977017706444808740016171128019591190516809,2026-05-24T20:10:00Z,0
0x1d61409df3557003e34c31b13684437879de3de33adb3c9a6647171e340a309c,mlb-oak-sd-2026-05-24,Athletics vs. San Diego Padres,yes_is_run,28762529091233664615038438276638829022378435257377788439594039557583214651775,31769649892571654247316551793158280956698008766855309382426975821265668889072,2026-05-24T20:10:00Z,0
0xc6525aa60f9a404bfada3636be237e2fee2bd6af08c89cb7f70afb08d7f66c4e,mlb-wsh-atl-2026-05-24,Washington Nationals vs. Atlanta Braves,yes_is_run,45406912573713446409892237248283038262294943565260827121273548937789364657158,59578404209230015193802711299644873351112196749441729162181928834252032945382,2026-05-24T20:10:00Z,1
0x36d925e07e3c46731b66e6c5baddfebc67ce9ca26f89717f32243994fdb1e423,mlb-det-bal-2026-05-23,Detroit Tigers vs. Baltimore Orioles,yes_is_run,106683357449189600217028721882048495125018184974699658067191387118329960937706,84553391607033189268777099510169996034286382273922876252845758399532126459080,2026-05-24T22:05:00Z,0
0xba85c9e1f906d949b70300ba1b058246be952ecdbbf87418a072e81b54d7f088,mlb-tex-laa-2026-05-24,Texas Rangers vs. Los Angeles Angels,yes_is_run,92445262530295101835411649262219750658151188821420377499514571937491046350689,11999080983183059203237574423018496300068511417912353668770490493557488682067,2026-05-24T23:20:00Z,1
0x4f986ba9839c823bf1f9d730552f2ac6be6abe70ef7945860945cebaac42df84,mlb-chc-pit-2026-05-25,Chicago Cubs vs. Pittsburgh Pirates,yes_is_run,43992501415731651737657281501435792311745073484030328501315194023887060494340,49156342719308235091430405489399322951871173764369785706507049096763848566476,2026-05-25T17:35:00Z,1
0x9a564be3d87300bd7b929eb5a67bfa504dd4b26f5d001e3edb7f92155101b77e,mlb-tb-bal-2026-05-25,Tampa Bay Rays vs. Baltimore Orioles,yes_is_run,34884309997353799570832839040223978650529984102048737080428622517623971973865,54773589884030391256189032367396031444192173045800529357500472444293133994818,2026-05-25T17:35:00Z,1
0xde0d3b7d1809ab27167ce3a86bed5082034777f610277e11987f7939ebe80805,mlb-min-cws-2026-05-25,Minnesota Twins vs. Chicago White Sox,yes_is_run,74416458666298137273885912937094993890595240691432525883639936987177121176947,100070508062943588813550780999135620398614215556141707379633279648711846004310,2026-05-25T18:10:00Z,0
0x2bced1b05591c313282a5d13d5a4e6933b08c546cf2087c3b86e8395dd6e8425,mlb-stl-mil-2026-05-25,St. Louis Cardinals vs. Milwaukee Brewers,yes_is_run,58885026852623898978718895024268699972724992363669088914971882557833331589,76703180700803635924390643109110032431063169000775220043448417131499171288322,2026-05-25T18:10:00Z,0
0x07e8b4f888d3cf55ec57a4b2e9d8bd3d08e0e4b28731e8cb19af4fcad0f56d73,mlb-nyy-kc-2026-05-25,New York Yankees vs. Kansas City Royals,yes_is_run,84474707960876550178594890069094892951971551604091060135146582006209483889002,114501571118682012713890796466985436121761388963125748639150299207869647955503,2026-05-25T19:40:00Z,1
0x953b28007df5c88199d525ea6f8ff791f49f76c1cfdb18d73bce997a0030fc95,mlb-cin-nym-2026-05-25,Cincinnati Reds vs. New York Mets,yes_is_run,11671689706544329913633001456635448922658173026356153546480713082052239466679,92912461998370354129911078542723347608676343156163025714901209924609210527213,2026-05-25T20:10:00Z,1
0x44dd35828e6aecd4360cdfa93f10f64d86e8592032c5b2beebacb058168332c6,mlb-ari-sf-2026-05-25,Arizona Diamondbacks vs. San Francisco Giants,yes_is_run,31008370451324788080843044182849978343183111125676932455357136152383646726134,52777795196794409591423670067879208818015010755776323967714999042657387467023,2026-05-25T21:05:00Z,1
0xbb607cc7aa16f88a73311bf9e99ada313e4cc83f17766c561a8041f319ce0bce,mlb-wsh-cle-2026-05-25,Washington Nationals vs. Cleveland Guardians,yes_is_run,82406821980675586040807459674044873240826694667142826749105767821819691449406,101690904469065660542107719435880046042465006897086679625216116172012651053758,2026-05-25T22:10:00Z,0
0xaf41e328b00e0383abca0b864e97b01acd928f3491cdc7deed32364d5bd36250,mlb-phi-sd-2026-05-25,Philadelphia Phillies vs. San Diego Padres,yes_is_run,102984395119756532710504244035792432484328394141654491436926088086849027812795,8257157380705948553271613127404345109474157372815143614049888051274038020693,2026-05-25T22:40:00Z,0
0xe045e46e8868602e6a28c07b2c9c13b2663a65768a275c3463d1f5865767ba21,mlb-hou-tex-2026-05-25,Houston Astros vs. Texas Rangers,yes_is_run,21831282644577593842877304995142441482870478648158630255301697284226578784480,114193024053952944031080537115928244892397952258841492767378261852855859327354,2026-05-25T23:05:00Z,0
0x6c6cc524e2dceed7eff9dcc71ef5e97252b29b65077f5f5b5b7fd37ead629649,mlb-mia-tor-2026-05-25,Miami Marlins vs. Toronto Blue Jays,yes_is_run,67944811537107065250671090097066746720170244821108415323298558026082574744786,75615121543219440179764811726709829399259229104513725661644006816633833356318,2026-05-25T23:07:00Z,0
0xe7d471dd71efab3313c92bf8b42475ae051d92f780feb5606ba9c074e4c7d15e,mlb-col-lad-2026-05-25,Colorado Rockies vs. Los Angeles Dodgers,yes_is_run,91308915036607638566882535221022636550348492941564807698154163581194676715995,34336598858835723077798600364980389914626181939841041227246367882422013012953,2026-05-26T01:10:00Z,1
0xd231292f84bccec0c2325c589c3d03081036ea5ee22843ed15f3cc4543d60ac6,mlb-sea-oak-2026-05-25,Seattle Mariners vs. Athletics,yes_is_run,97278978837438827435064238410722990596522129524897745167020815580070664038517,97072018283886638479108468631793237112606596153007595961008648469146506905132,2026-05-26T01:40:00Z,1
0x4374fb8f59b52d6d17b2f7a7737212dd266d618e68a7b2553b85c7ec2ada8135,mlb-wsh-cle-2026-05-26,Washington Nationals vs. Cleveland Guardians,yes_is_run,37262122573826334014726957780517338292877203251850532184572218917164433215332,83513571120766317215750321585277305354257730218123073632978831145732478767808,2026-05-26T22:10:00Z,1
0xd85cb27372680aaa783362f83dd83999b27a7b42aeee27de6d0b2c859366a21d,mlb-tb-bal-2026-05-26,Tampa Bay Rays vs. Baltimore Orioles,yes_is_run,87509930694221149826743852068922638525884967764285759801322097302732999364739,46105451859255822135197508006462618539252121652006534700009505098984404966909,2026-05-26T22:35:00Z,0
0xce3923e4f6b7758d2933c00187e54f9a414fc9278443bc236fa7f33e814a38cf,mlb-chc-pit-2026-05-26,Chicago Cubs vs. Pittsburgh Pirates,yes_is_run,103482677120822154456508824983720651070517683117811708882397245605154684757607,3053121032087619050146159598735871412859874822328792386729515312508425014868,2026-05-26T22:40:00Z,0
0x9f86c2ade02940fdc34dd363c1896d3f5dcb801d6ccdba3bca343a4256186ecb,mlb-laa-det-2026-05-26,Los Angeles Angels vs. Detroit Tigers,yes_is_run,115497168043713339069158730549823260695541174113091602854035470001881040710765,49539870206293965317493213938829827498356493146933304144365017857559339800677,2026-05-26T22:40:00Z,1
0xd78857b26ef57cae5517f3f1650d9c10630f563e925cad6a16a60a4ab43d9271,mlb-atl-bos-2026-05-26,Atlanta Braves vs. Boston Red Sox,yes_is_run,46452171279277321178910098329453609035294118304845644121001687938384415622332,96642009244169269043684034864179299008570126654878019155364973289794317132574,2026-05-26T22:45:00Z,0
0x3345746a9f9463eb4f9a068c42f062832e0701559136f94a5cfde515b327610f,mlb-mia-tor-2026-05-26,Miami Marlins vs. Toronto Blue Jays,yes_is_run,79951236901372235737626515311698346256362860760589765102823605213470717522125,57788526703664917614700912471020462052801804606027458269949685349494790298152,2026-05-26T23:07:00Z,1
0xf1374b7ed82114d5ddbc6b0b23ee39694267068976144b270878cd6bb28bcd82,mlb-cin-nym-2026-05-26,Cincinnati Reds vs. New York Mets,yes_is_run,2093265102004816087837938135927261367552173817513101750253626826874279393769,86473541840277154624209362460293074278192742624868638349056628348157250407588,2026-05-26T23:10:00Z,0
0xb9b82664d2dff3edd6682438d5db5b515f81877c6738f2801c7434cb4b8eff1e,mlb-min-cws-2026-05-26,Minnesota Twins vs. Chicago White Sox,yes_is_run,70660911883060971550522017965624689100979315089836126832182569058825900628374,63584074484159598917360806208407659594503563355368268140364250938453937208608,2026-05-26T23:40:00Z,1
0x0b3592686e6ab8af1d8a31b0dae3b5ee0a2263aed60b04f0690cd272a75d5870,mlb-nyy-kc-2026-05-26,New York Yankees vs. Kansas City Royals,yes_is_run,53254093751426543366330145268223214387616299531092300423380575997124585733822,59389416463345256201829041886727576079667784909749374182767279285619157956677,2026-05-26T23:40:00Z,0
0xa4ab03d909ed809e82a07182d40ef19dc048fe420824055d662826adec0be01e,mlb-stl-mil-2026-05-26,St. Louis Cardinals vs. Milwaukee Brewers,yes_is_run,55073578898568417878420235243479255245080908345217674732189084841437731476539,109485783744639132181195677720866388496687857437919232047968965085778029925804,2026-05-26T23:40:00Z,1
0x0988221dca583623f575e103b51475bfc53726b825193d89cc0903f75f0f7031,mlb-hou-tex-2026-05-26,Houston Astros vs. Texas Rangers,yes_is_run,110231963733997061656226812165317559561582226759702478808708588294161243775958,40737137752446820674882130108263981305816325244934579006034012910819662885286,2026-05-27T00:05:00Z,0
0xf21265e83677486da718d7b4e487a9029756199a38966cff1b63cc5570fbf0a6,mlb-phi-sd-2026-05-26,Philadelphia Phillies vs. San Diego Padres,yes_is_run,8852447751653136791330517465344775527828360467877299874856849841161540281258,44244430382917216157075832796843361272092910209592699832985598336305054286730,2026-05-27T01:40:00Z,0
0x15bb36756182bd6ed0adca81c89782203bd2ccf9e6e364d79c725d37eb73073d,mlb-sea-oak-2026-05-26,Seattle Mariners vs. Athletics,yes_is_run,111220863845173503054852779975500971134608408753072868349071014314549715581829,87540631803375544055519491393287719437508213082055347586720012578645150904982,2026-05-27T01:40:00Z,1
0xaaa79cbb6e4b3c8458a8f109c0ed6bbfd1eb4a4fa85f9e9386aef0ca8ee35f72,mlb-ari-sf-2026-05-26,Arizona Diamondbacks vs. San Francisco Giants,yes_is_run,20903724507088024179929998321724923200562766408289297230810005914456324218354,82748001129229227808684440263687667599293818329554226045424383391886086465216,2026-05-27T01:45:00Z,0
0x889574efe22de4c10e38cad5889d8e60dad4d0fd322e8535b4446f0b0bbaa761,mlb-col-lad-2026-05-26,Colorado Rockies vs. Los Angeles Dodgers,yes_is_run,27347245265222984398304838132882101961228216936944908514596412782811599205094,40281240468251373630583470119185067646968422894188365568743203943312358408449,2026-05-27T02:10:00Z,0
0x84a9ad71e8cbee34e5a8e47b10ad16ed9f1385d70d7fb81a3bc6cc3187295d6f,mlb-mia-tor-2026-05-27,Miami Marlins vs. Toronto Blue Jays,yes_is_run,65775623400348509479567691119175160285118510977495064530995995680924869508888,12160555700028608474692141342547389875686973461060064077724066628460698146445,2026-05-27T17:07:00Z,0
0xacf71f7a47964f4e21c37d68cd723233ff754a2b31fb3dc8c2c21ea48c97b34d,mlb-wsh-cle-2026-05-27,Washington Nationals vs. Cleveland Guardians,yes_is_run,46483297048853373498201051056565759464295014298642945837526470487322450260844,46444725257861243356693268497366346394394503308746757841703995685544407016737,2026-05-27T17:10:00Z,1
0xe060892e8dd8a18ac35e332fce905929a98eee1a8bb407017075ab15e67688b8,mlb-stl-mil-2026-05-27,St. Louis Cardinals vs. Milwaukee Brewers,yes_is_run,14406503412538982701826495335053461045143865197408215577952256874729022531368,10735234227428380411507062218474592217132917661920144322409031526090541622285,2026-05-27T17:40:00Z,1
0xc2f90ac6a5f75ece1aa5c259da8b67c8223742d6bfa443a1c26c6284e9cb8598,mlb-sea-oak-2026-05-27,Seattle Mariners vs. Athletics,yes_is_run,67286629033810305661993833413490448094724184155971952755283196248770352670103,16005630503836355442606265789244168105548150662808077774344125670493636245752,2026-05-27T19:05:00Z,0
0x3195cdefd376c86d6c11c876b0e59f0ae97c1eb6f118814c7b72ac661c1e1f0e,mlb-ari-sf-2026-05-27,Arizona Diamondbacks vs. San Francisco Giants,yes_is_run,76036377302031892007815424044787835103497813400992727165317485375697238562746,49750889852865119737874289487408035176501986922825273850334303174085619229057,2026-05-27T19:45:00Z,1
0xd7a14bfe51c19e7c806bc4da4ebd28bca6c996893d233f74b1e63fab166b7d50,mlb-phi-sd-2026-05-27,Philadelphia Phillies vs. San Diego Padres,yes_is_run,94352366413778076590773235000221174250203572511890606800490903504835383927674,66710214880663998759859156494446669448939425837787222984911352091642000433675,2026-05-27T20:10:00Z,1
0x066e1e0cfdd852a859b9cfafe2c5e121a3d1377ca9fd75025063f186124eb230,mlb-tb-bal-2026-05-27,Tampa Bay Rays vs. Baltimore Orioles,yes_is_run,92182458191948205436194526388165051214978249177783956510168892355441296398805,95730593413106623515141540823692317414277802640381079353032017518078317077056,2026-05-27T22:35:00Z,0
0xb3a60b82f75c00861f46c38c9b56e8b6941742f8d1192766beb3e4468f26c8e7,mlb-chc-pit-2026-05-27,Chicago Cubs vs. Pittsburgh Pirates,yes_is_run,28618256162770062442885299512845831154310251624124589613099655002801564897659,31180464781855161657220948733131500021193999941199301228036755257272761264462,2026-05-27T22:40:00Z,0
0x69be6b9195151541fd01b8a639b47df38a03cf4463e17f3d2b8d1a49573d7243,mlb-laa-det-2026-05-27,Los Angeles Angels vs. Detroit Tigers,yes_is_run,54651600240839324954484183673199075667511929511988867074373714646657891180079,45528690924509855976510690258894539660102402270747503761855243117500468274237,2026-05-27T22:40:00Z,0
0x42a655f7d8bb8ed98816b86b6c55ed0aa8ec5df163abd2979aca37109076ef2f,mlb-atl-bos-2026-05-27,Atlanta Braves vs. Boston Red Sox,yes_is_run,97886669742263681808582423725241942300179077960477291012175031388506437580231,54756956708768926435043878796740762902577791867755069641649326141895562439971,2026-05-27T22:45:00Z,1
0x77b1748ed3a80bbf79e1bc4103a2a51c810ad89fc1c05533d85a3b536ffc7338,mlb-cin-nym-2026-05-27,Cincinnati Reds vs. New York Mets,yes_is_run,11585598303623945033339427338997730560282417065102272936245486244922225761858,33889383356171783509502669859428984481130172011444299860717202564767066270710,2026-05-27T23:10:00Z,0
0x785336730b2e68394af0558d130bdbff8b70d73c95b04331f281f16d9ad12679,mlb-min-cws-2026-05-27,Minnesota Twins vs. Chicago White Sox,yes_is_run,49518098432700524296605185708094225478894047988966740980840766843444871012764,26644918805359302017520187775599735010727190177351709184668399129885443343037,2026-05-27T23:40:00Z,0
0x8a2fb38e4cfe0f97d56d46bc8da3b93bba496b780398e5cc62995d4e5aa9a221,mlb-nyy-kc-2026-05-27,New York Yankees vs. Kansas City Royals,yes_is_run,10128206147878287456330915919533957107106215190127525934329986186402501485636,83386755982748683786048057943747988345754187053908071413476665788349210105532,2026-05-27T23:40:00Z,1
0x729a0fd524b5603b6505bb24df7e076c603f325e09ea7398c1aad553413fd1a7,mlb-hou-tex-2026-05-27,Houston Astros vs. Texas Rangers,yes_is_run,49153887558474557167655501451168581552498078272954204896219618591555341387119,62189898631244575797775207354334322301289449787911233340390511507409063487265,2026-05-28T00:05:00Z,0
0xd4ba600c82025ea3afd538d1946464fe0b072900b5b93ef385ef3028477f143a,mlb-col-lad-2026-05-27,Colorado Rockies vs. Los Angeles Dodgers,yes_is_run,47942857834981374726830020521947629528413842353819343305974490735859654852445,62767590275158064794083916991400751848415730496447317008159965071895429893769,2026-05-28T02:10:00Z,0
0x4713f3e2df30fcd7bae0e41c9ec774f6853708aa59cdf50a05c9cbbf401e469c,mlb-laa-det-2026-05-28,Los Angeles Angels vs. Detroit Tigers,yes_is_run,75591288411905843467805608076137437101259808232568847324997622617301196595233,33986303315734577581420158569977963385004484921717907482613194622410803196638,2026-05-28T17:10:00Z,1
0xaf4b11b0506fcd0d1a0ec47e36ac10287d58270717cd84958c9e76dfcd349e09,mlb-min-cws-2026-05-28,Minnesota Twins vs. Chicago White Sox,yes_is_run,91833766017559125921491268347355064083533583994129898370907362751257445472374,50503389264005027744822329289296869554779155752097313749813820776057028295141,2026-05-28T18:10:00Z,0
0x979d8ce9471114d8df4864a4327c384503b340d1a11db20075b68757841f8f30,mlb-atl-bos-2026-05-28,Atlanta Braves vs. Boston Red Sox,yes_is_run,35149949778702528874526408752278989075473769304109001959019714858486454150020,4223066323203465337756836399584130135731279241227696341769741247474645508325,2026-05-28T20:10:00Z,1
0x985001eb9abc4bd7fbe2b948c090e6d64f8ab37b7c0976aa3fa277169cd71d9c,mlb-tor-bal-2026-05-28,Toronto Blue Jays vs. Baltimore Orioles,yes_is_run,25997220297950471266670354847887345316352100998918659117210879531004070966239,103568278716938481265696327883844852088118355252008655688962877031344763843352,2026-05-28T22:35:00Z,1
0x2a9da6d307d514b23088be5d0a7293da2175513308c375f12543938743c001ca,mlb-chc-pit-2026-05-28,Chicago Cubs vs. Pittsburgh Pirates,yes_is_run,83293411061277960556060312127420640398565168623665178223537595466911838426064,18155000778641374260030766021028808891344545692534687069287850095963945809172,2026-05-28T22:40:00Z,1
0xc3783fe8dc625cb3a48fb57d78274543fc91cf22d44eae5516f361c1b14e7309,mlb-hou-tex-2026-05-28,Houston Astros vs. Texas Rangers,yes_is_run,62533761523279831440173711385271095140921954274732456937674521553609668984508,25833459545723859321072555748194439945499269398015848906071977263888009808676,2026-05-29T00:05:00Z,0
0x3adb7eb2803647404be4f741e46eec05ad49c7b8fe6611fba08e4567f5493de7,mlb-atl-cin-2026-05-29,Atlanta Braves vs. Cincinnati Reds,yes_is_run,45793207006107534391551095339418336547616137439025156955708484153633935937241,37592292504326075399438452277730344558319834486433893752043129600518527779952,2026-05-29T22:40:00Z,0
0x7005206b8125b904566bac9f8b0c37077e5e637bb28a7e581c92d1c5c50b0057,mlb-min-pit-2026-05-29,Minnesota Twins vs. Pittsburgh Pirates,yes_is_run,76886938096736189871993032818276672309039366870636101963933122123018530875886,74474619011639619859566478321553335830664290733790732883632588311045393840077,2026-05-29T22:45:00Z,0
0xc933b286c84b7e8234efc0e2cf1f8e1be0f38522ad156855b1afd653561067b1,mlb-sd-wsh-2026-05-29,San Diego Padres vs. Washington Nationals,yes_is_run,30541520888322448202384572487919821428410616621174796189800185467948117998388,1973496728399635889822478405859703335193723844162522440526310583088410687952,2026-05-29T22:45:00Z,0
0x6eab418170acda819d8a67c712fbe4d53559e82502e5d03bcf735b23e2174df8,mlb-tor-bal-2026-05-29,Toronto Blue Jays vs. Baltimore Orioles,yes_is_run,7302100096569004536694679927912067743080420706889218046302621087699452367045,27489928394484823632327275846950698651675486514201584900461290180416336533818,2026-05-29T23:05:00Z,1
0xc708399d05b011ca4bc5c291b3834d3f001ca2886a06302e2f1357c8e46cbd92,mlb-bos-cle-2026-05-29,Boston Red Sox vs. Cleveland Guardians,yes_is_run,74102115143963513017486434460892427442366787087329877837064502322049710040557,54394370704072660657132566141624431348775200843836571888303515619227939830090,2026-05-29T23:10:00Z,0
0x9d54533c9eb71585e8a2ea8349b996edf3a21c89f935454f4eaaf8475e8504cc,mlb-laa-tb-2026-05-29,Los Angeles Angels vs. Tampa Bay Rays,yes_is_run,115338775878760007808528353559558799076110480215659919905581486111871611155393,81997610117428384962596681014890806818802624055082888101220427157749710765709,2026-05-29T23:10:00Z,0
0x352d0d97518535c1d0691fb934044a7f2460da8600e2040fb0e2cbec752ffa90,mlb-mia-nym-2026-05-29,Miami Marlins vs. New York Mets,yes_is_run,60097004301364735038053297998075781858818439808540017889638844457931599926941,37202746062320006670942724524512218203947419917705880001043443058258918926073,2026-05-29T23:10:00Z,0
0x05f5dfd6a58ce76b012ac086627ce8f3ffc6ef61b1b7cf2f5f365dd1efe5ecff,mlb-chc-stl-2026-05-29,Chicago Cubs vs. St. Louis Cardinals,yes_is_run,104723782387927093853531365624694201311385050263319507805220399117466771714834,20532916094389057934912845958362075839909930497806401031907132070259079767164,2026-05-29T23:15:00Z,0
0xcf9dcbc7f17a933bde3785f0811540aede3043490e5d2bb8f6b6b95a14885e4d,mlb-det-cws-2026-05-29,Detroit Tigers vs. Chicago White Sox,yes_is_run,72486077385553755166526182950679789846372745114067290188339763529501959380038,51732647672352353423760796521426861985218342655118655134462346086022780528921,2026-05-29T23:40:00Z,1
0xad6936698acc8c39ee8c8e9e2dd87bcbc2c31a240b41060a1de0e267765f7bc2,mlb-kc-tex-2026-05-29,Kansas City Royals vs. Texas Rangers,yes_is_run,88713248903325070804014817951405357820261683139989179910444993213985764364928,101544636691849523391132571404144118807247450633257453575312957416377356640307,2026-05-30T00:05:00Z,0
0xbf3fe38492236e771d9b6cc67ffb5688885a2aefb161796b4dbd0b2a5c2571dd,mlb-mil-hou-2026-05-29,Milwaukee Brewers vs. Houston Astros,yes_is_run,79532506885443502057589185528811975903287693213657072722372257569671325874820,89080721080585368202336636725333008247953518164119801137500082383388394496205,2026-05-30T00:10:00Z,1
0x1e71766400689be1d167c27a98b70be42f63798214f2136153ca5a5fa720d824,mlb-sf-col-2026-05-29,San Francisco Giants vs. Colorado Rockies,yes_is_run,68903819228486309609483275742819177834393328631509505065618481449941024469702,31160454507916977127721794448485603514151545681054813461126529204241223331856,2026-05-30T00:40:00Z,1
0xb0c403b808ebe9513286ba070ad32a601fe640f00e2dbbfa45373da2c30fe07e,mlb-nyy-oak-2026-05-29,New York Yankees vs. Athletics,yes_is_run,70896110607593359252118340969820461981165277054759195894602080927340691569740,1396611593276997633277519794102382507854017646076564050408520351909091387833,2026-05-30T01:40:00Z,0
0xfb42a58bc97d9e441a0dc9a9871f060a5b431c172831e0366ee40d71ce87e578,mlb-ari-sea-2026-05-29,Arizona Diamondbacks vs. Seattle Mariners,yes_is_run,31381334632303661529645858459463980594563928752373769891310139155696196674277,18776040762989678920253594259590953241796510265429621562239771510947811331104,2026-05-30T02:10:00Z,0
0x528242580f95dd6229fcc8ebe4840244ffcfbebb207f286f3f0b347707d27077,mlb-phi-lad-2026-05-29,Philadelphia Phillies vs. Los Angeles Dodgers,yes_is_run,19784516913548759478968062009887416352153111926811469670603400292404981006539,80467900647877525873202194025989831482530176360721562424228486313372306547617,2026-05-30T02:15:00Z,0
0xd2db09dbecdd90a3a27c0ac43c825e73aab5e71dbea70e229717d2f0361b280b,mlb-det-cws-2026-05-30,Detroit Tigers vs. Chicago White Sox,yes_is_run,41749669497326544504642662675315774034338250995490316979105359646900610850470,49879413899022556592906162724069325021222534506961838678418729412619879349376,2026-05-30T18:10:00Z,0
0x6b539bdf01d2337c9f1508119ab27b640d2cea241e48ab6053e7023b4215849f,mlb-kc-tex-2026-05-30,Kansas City Royals vs. Texas Rangers,yes_is_run,67228524459012576806550724861945710618677659652589995417016047874577192167862,68708028758611623300735693297612365149451766046856251440248248001166856095475,2026-05-30T20:05:00Z,0
0xf2015e6fcccf597cc850d1c27725ce4790a1fe85158e28a6c27a679a1905232a,mlb-min-pit-2026-05-30,Minnesota Twins vs. Pittsburgh Pirates,yes_is_run,20351393920999385000706500418153118082099137070935292410798885696007905644638,109519276137096876777544864300291782529582571181149228728477514290894158391394,2026-05-30T20:05:00Z,0
0xd27d100cce354af6f52fd558fa4c2e68314783fb095ed9f2f2475a99d167d1ac,mlb-sd-wsh-2026-05-30,San Diego Padres vs. Washington Nationals,yes_is_run,23817531397024635011719800297436997141352711298487545542461218219807838032557,18008533790713601930889584463105127272719969550808266043835068201728051882880,2026-05-30T20:05:00Z,1
0x03414dce3f1f71efc537cc0af5f73f090ff1efe9697915de0e29082c0d82f250,mlb-tor-bal-2026-05-30,Toronto Blue Jays vs. Baltimore Orioles,yes_is_run,94007045387703824823756959250381623022061225918325817373197707368169274533030,69241724455172301401752943511827199963562101556950594096503265984803138695907,2026-05-30T20:05:00Z,1
0x24252e062904af2d942c4a167706980585c2e7032aa7ea2ec1ee67cc4d3715fd,mlb-bos-cle-2026-05-30,Boston Red Sox vs. Cleveland Guardians,yes_is_run,36736958620121514337966069118823750519416034174780421137818564386723135600521,45252337370633445633179977214321518345450781447614429748357125863692626013047,2026-05-30T20:10:00Z,0
0x9569ad36ab37ea589b9a9619c73f85d82de3dbe3a79353dac5c809e8f5d65619,mlb-laa-tb-2026-05-30,Los Angeles Angels vs. Tampa Bay Rays,yes_is_run,94258767938270673044251741826905457471290516723830035451379356960051983432478,52684124930853978153640433686697324412454635859870757253071535365510322087250,2026-05-30T20:10:00Z,0
0xc6679435585139a7f3a857ee00660a9b8f6ef42c9b84aa1fb6639775c0af1aaa,mlb-mia-nym-2026-05-30,Miami Marlins vs. New York Mets,yes_is_run,100224687055426030200364489900022126423973887742958175430977528014103681898903,94453680714982427054126683708939839876777755258976428086910614461608724679324,2026-05-30T20:10:00Z,1
0x4aeb7540ee69408b44d4c28c204cbc2c7eb1b2a3c56f444d0b90fdbbe0c39cfc,mlb-mil-hou-2026-05-30,Milwaukee Brewers vs. Houston Astros,yes_is_run,65817185281249796859850015115177367468366196661173983159902427556221397210226,88523139784132158655467111477509152778765731887572454527217059474997184554467,2026-05-30T20:10:00Z,0
0xb14d25e666e9da6bf6e325655fbeaa796c6c800bb99f656d52d0b43edf21cba0,mlb-atl-cin-2026-05-30,Atlanta Braves vs. Cincinnati Reds,yes_is_run,65466073023588902548850800459690551072746487042364737641107842113516243473839,16456315268963753502549552722439208234532550589361427270558048865399166803235,2026-05-30T23:15:00Z,1
0xe3a3270517d2b3b0fd7722ea47f18fa0e90380280f35dab7c4feafba5804a1ed,mlb-chc-stl-2026-05-30,Chicago Cubs vs. St. Louis Cardinals,yes_is_run,4628423262903672617405694726198567820669332820784689006431717981585363878920,113461970089009585766752828048785866357355763315036485542492319089085190215760,2026-05-30T23:15:00Z,1
0xec0bd1a1f5f544559081ea420f6c8256e59dd96f230f921468f3e44c59094f87,mlb-sf-col-2026-05-30,San Francisco Giants vs. Colorado Rockies,yes_is_run,38068936603166140839571423704211566460031846377063114433479025038142409069434,98415068082743380272722663628152271377134780677715120768345743059020468183427,2026-05-31T01:10:00Z,0
0xb807474c7220a2b6612c18bd425666b0b9104a211eb78b01ed8860eed08fdc81,mlb-nyy-oak-2026-05-30,New York Yankees vs. Athletics,yes_is_run,94677147069406475719269782480586687345424551883799097767758670677322433759345,92145290234885464313414829692210617812243146724712487162600503897231565225245,2026-05-31T02:05:00Z,0
0xcb9717d165ff75f60164eea167f04ccb10583c6a13500e8cde305bd7f7ebc1d1,mlb-ari-sea-2026-05-30,Arizona Diamondbacks vs. Seattle Mariners,yes_is_run,49351106558080335674487277125962489573444880181345233021382758272151186312570,59538898006902346610885902940582565190963053748686557415012754622861014232869,2026-05-31T02:10:00Z,1
0xbac6198a022a21997c921ce324b564074d8671a2f782aef804bc8ca92cd33e3a,mlb-phi-lad-2026-05-30,Philadelphia Phillies vs. Los Angeles Dodgers,yes_is_run,56881543055910517012605220850068210193378532254786581594819851964204033279605,32789992136102513009693405346563321277635930055370235208623662059697381574391,2026-05-31T02:10:00Z,1
0x4e32b67c2641657f79a676c6a452ed01287d23d514c588fa09e4ef6021375bac,mlb-tor-bal-2026-05-31,Toronto Blue Jays vs. Baltimore Orioles,yes_is_run,105576483760204229505608057913189360880243333918401359907792753646323916240020,55608522223443808855326998992487381125520534861197723814696766339914048978808,2026-05-31T16:15:00Z,1
0xf9c38a187edd27acaf1a3d6fa1d7c4f34889cdebbe7c3b22b35fd49fe1087168,mlb-min-pit-2026-05-31,Minnesota Twins vs. Pittsburgh Pirates,yes_is_run,24098410382127018114222493339000848136193042133531201264328563713932405425182,113888961491284173044562666570107651262363609822716635497733175320402669284258,2026-05-31T17:35:00Z,1
0x7e39d31563ab88f6f9d83fdc855bed0130a2c0eda89b75a9118f1075ff135683,mlb-sd-wsh-2026-05-31,San Diego Padres vs. Washington Nationals,yes_is_run,29222087962782845638246873100098696038166804847155709752825486223613720850597,76058032160264108106747454545362207305093972984715688639127486547792504415276,2026-05-31T17:35:00Z,1
0x6642fb3c40c6dbe51a0455406aada71bb72aa8b97c833913784f71eebe24cb96,mlb-atl-cin-2026-05-31,Atlanta Braves vs. Cincinnati Reds,yes_is_run,68377959669167656405609760241692171322593591444561581621218742731965338509694,91491852494479363564681485498190015622123273058704983491435295658673969163643,2026-05-31T17:40:00Z,0
0x8d64f4bcea90d7900d6f3bb5e4787087f15b068f3adb13bf9ae9cc3e91ae7fc6,mlb-bos-cle-2026-05-31,Boston Red Sox vs. Cleveland Guardians,yes_is_run,20877721631579325958678136903777706514015183916923650138253786406291687451568,71777397652913155376480319808251174057628178912177497915324930263733653724726,2026-05-31T17:40:00Z,0
0x899bfb3057fcbe024def074d169b1ca380274a5b07d9f5a598dfa129a64bb6ba,mlb-laa-tb-2026-05-31,Los Angeles Angels vs. Tampa Bay Rays,yes_is_run,32649411551985076307852308178042779150177354831053393533090573993913257556627,74055028375442258060867435352662870674919255760901468393887467483002144129227,2026-05-31T17:40:00Z,0
0xe6a29e40c30976477f0babaaed2d1dd4beaa06bc4fe72da2721e8923bea3ba52,mlb-mia-nym-2026-05-31,Miami Marlins vs. New York Mets,yes_is_run,108717312525211515455602859978982399508050748103365213424273041438200983319269,30808160769886870009845983278153361618057793875893731940598151518430979392880,2026-05-31T17:40:00Z,0
0xe47d4f07cf4ed784d237e7fb8a64e6a54374557aed8e38562163e8429ee26a2e,mlb-det-cws-2026-05-31,Detroit Tigers vs. Chicago White Sox,yes_is_run,72950362413123245610714878913337990803780540033925686652287250801231116888453,93607940209865612707414492167894556723527948927740741837683817520695138451002,2026-05-31T18:10:00Z,0
0x78b15fea9b291601a0afc3322df41a0672b0d457da9e633616dbc247a5b02569,mlb-mil-hou-2026-05-31,Milwaukee Brewers vs. Houston Astros,yes_is_run,23876657656734531898173145103015144422343234788958724930011392817434133137917,32902516962757103859748719475912892829423768399422881374419136905675732620121,2026-05-31T18:10:00Z,1
0x7593dfb3204063700e90b8c4344c3ff301913c4e67dfb080011bcd267ae997fa,mlb-kc-tex-2026-05-31,Kansas City Royals vs. Texas Rangers,yes_is_run,60021774949432972075318990004882646909806489902307803688780469874735460489313,82092921719528644889470737639566130371237177420934576907347640968239827688356,2026-05-31T18:35:00Z,0
0x24dda1a685ae34bfa58469645d3c2d1f229e8b04cf2b5ceedc33287b8b59d00c,mlb-sf-col-2026-05-31,San Francisco Giants vs. Colorado Rockies,yes_is_run,35887032330845358488446804472077999489503515856486200950802229324747299034358,88792797495753973019664612262421290198115914707080341355936009668613465800043,2026-05-31T19:10:00Z,0
0x17ef964f930584ad1ed9775cfe02f589d9669cef28106c6a69478c59a1eae3bc,mlb-nyy-oak-2026-05-31,New York Yankees vs. Athletics,yes_is_run,99016078063033461599965859169925577474217614429594951690731969531588012675820,68882543696479166441810316362638191944677057910276700478001308404683198176687,2026-05-31T20:05:00Z,0
0x5426ebf2593a95d8d6883622863a08eeb30f9725c7f133537fa56b5fce80ab8a,mlb-ari-sea-2026-05-31,Arizona Diamondbacks vs. Seattle Mariners,yes_is_run,52545699817671672888908153912428744218744376208222113326660818543102953823492,45720287499670039141364673096089402657755319362655552298834497290462685802498,2026-05-31T20:10:00Z,1
0x4d0121e6e0e40858892274b2297a14aff6ef33a1096eb8aed8bba236c1fcd0fa,mlb-phi-lad-2026-05-31,Philadelphia Phillies vs. Los Angeles Dodgers,yes_is_run,101261804440153004379480122600955301278520018560486307246177125964841644657212,84831566579448506882174103788811566998781830813799356837848410645776807269226,2026-05-31T20:10:00Z,1
0x13a209eb86ff3d57d9edb1342de5fdde40848ff4af7c5541d940ac01834847b3,mlb-chc-stl-2026-05-31,Chicago Cubs vs. St. Louis Cardinals,yes_is_run,4298826571229576361864409449779320679822567635851278035346736657351375161342,38464936868402693694360799932063147662169897541932259914928309173971327736420,2026-05-31T23:20:00Z,0
0x10a99cd9da429797facc7adef274ae80e23e3abc16d61d97642d9455b031ac99,mlb-det-tb-2026-06-01,Detroit Tigers vs. Tampa Bay Rays,yes_is_run,30021100792507921158521063659328490920957443463405012187721448309779666447978,27441882936627598406288195427262771965546139025268906054403396860028240734701,2026-06-01T22:40:00Z,0
0xa111f3ac50aed3edab82ff332f9d86cb0b63316b58b336bb801c168dab06b16f,mlb-mia-wsh-2026-06-01,Miami Marlins vs. Washington Nationals,yes_is_run,72911709239811507815807815490734455732741164202221143164618217629148953460071,49868142408446016470629531796650785715987152282521135143217538955560795059492,2026-06-01T22:45:00Z,0
0x1f520071171524c99b829d384b8976f4c105a4be6ab4a7567e24c6d5477ddd60,mlb-kc-cin-2026-06-01,Kansas City Royals vs. Cincinnati Reds,yes_is_run,27756750245463580402577189002808324665098859647867696984577588749496701157952,113803002313930162959217835157253056877772432655349570001602592519244894795148,2026-06-01T23:10:00Z,0
0x0995f60d9bc09c736d9929f03825edaacc1ce1ce6d08cae3d8a76e07245bb90e,mlb-cws-min-2026-06-01,Chicago White Sox vs. Minnesota Twins,yes_is_run,77512092699668797420150043226730857948723671054430603465705153871802795310262,39166456703147395458815738215510978444529160551999693577761222874366119264018,2026-06-01T23:40:00Z,0
0x8cb9512ea66f325022b690b332f2ab9faedd26b28caa6d7b22091e006984fac4,mlb-sf-mil-2026-06-01,San Francisco Giants vs. Milwaukee Brewers,yes_is_run,39737888189050355827641583212105557559157182443297838774438246549547899670786,64747372667964205158786026825930857642675017548665350494772874127011430929361,2026-06-01T23:40:00Z,1
0x8d75d9aa2edf11c85e25407bfb4209aacda1225a1547b071027a5302f83bee76,mlb-tex-stl-2026-06-01,Texas Rangers vs. St. Louis Cardinals,yes_is_run,103290723025935362803018380243608818755567680837380965666132190848756823708343,86309221997025216810252148086628848931983659650209684383357593106828592829610,2026-06-01T23:45:00Z,1
0x478afcf111fc8836037416d9784d9dc68f6bcdf75b0ecc7bdbfe0782b6c7ab9b,mlb-col-laa-2026-06-01,Colorado Rockies vs. Los Angeles Angels,yes_is_run,36321042122994295698901645851948057451396954952250887815293464584339912510456,95164478891104810434724370644689695594912535575799068378555583854118284979883,2026-06-02T01:38:00Z,0
0x65ca9ec534ca63f92f85f2508c3270a43624a3c396d55b90a4816bd883b6c493,mlb-lad-ari-2026-06-01,Los Angeles Dodgers vs. Arizona Diamondbacks,yes_is_run,111983357345414658009917475217032456783926032431975400084853295012484012114430,20093300502472074549271665526884727043156388509967059334747802151697997897746,2026-06-02T01:40:00Z,1
0x3039fd00361c4a82d652c8646396f9a43fbc27d32bd836d13bea4ee0152048de,mlb-nym-sea-2026-06-01,New York Mets vs. Seattle Mariners,yes_is_run,50875118370958346426697544670372805180107449885058715476538148921287555511692,4979139555146710496131288572490635172528092297947524543672721284090062502119,2026-06-02T01:40:00Z,1
0x265b8302415ece85395de315f9786f338b6c7374e600e6060b501e1d7cb11349,mlb-det-tb-2026-06-02,Detroit Tigers vs. Tampa Bay Rays,yes_is_run,90123478983646877912477922091543093620747549587118682816578368388691446737310,67453417776404745838910529347498602296749756513099066151698809455011489163843,2026-06-02T22:40:00Z,0
0x4f4ab7f3998d13be3ba48723139d3d9154f6e3bc95ba878b746e1bb8d6bffef1,mlb-sd-phi-2026-06-02,San Diego Padres vs. Philadelphia Phillies,yes_is_run,24600174918758991721769392858857246338608483511828217596904321475401290160038,103051969792142908289588991386343060843278205130217464463771692244194079150582,2026-06-02T22:40:00Z,1
0xb99c4fd12a59776183253eb8c322d122fbe910b7d1ab735be58b9c08a0ee6669,mlb-bal-bos-2026-06-02,Baltimore Orioles vs. Boston Red Sox,yes_is_run,60502197959573258638181981971413445113027016591867637445201867748693261090714,45164158048887305816943022582292649719850096558310221315938533431596267819076,2026-06-02T22:45:00Z,0
0xb19aa87a5d9f4fce2e63719a57c2f76ddd39413d13e9089fca6f3421b4935ad3,mlb-mia-wsh-2026-06-02,Miami Marlins vs. Washington Nationals,yes_is_run,100381828431352042236689001168627481261638246356569126246155699074391496616980,27054939819817749107024461925444919789890262825755015808138135484059150073855,2026-06-02T22:45:00Z,1
0xa1c57f6ffb619ad8bc2539933be014172179beb95c297ce57fa61cc99cf9971f,mlb-cle-nyy-2026-06-02,Cleveland Guardians vs. New York Yankees,yes_is_run,38473118241313375259802170235639884660330403130593195854335131324859625984973,99789474992607699195367048028953126237018227114906096846662574033053453132428,2026-06-02T23:05:00Z,1
0xbd9a9f58c3bd4fc3fb723391f22cac88034e057eba1d02f50736211198ed4be6,mlb-kc-cin-2026-06-02,Kansas City Royals vs. Cincinnati Reds,yes_is_run,99711686717961558583166492561850029873143769814893417002164106873596640383370,93090362365856448071831646355403348078991246852645839949338930583196222515449,2026-06-02T23:10:00Z,1
0xe39ddebcaa288591d78bc0355eb62f9820f0c1782b885e461548e277ef189073,mlb-tor-atl-2026-06-02,Toronto Blue Jays vs. Atlanta Braves,yes_is_run,32803520104804114183881632278551039779032574735296703714833806492088482769195,111448258467930055532290595465514937425646197453004560241173074968324192311802,2026-06-02T23:15:00Z,0
0xfaf7e1819b92c942ca4343531ce349f7799fe0ae11a16342da8077f74c6873f6,mlb-cws-min-2026-06-02,Chicago White Sox vs. Minnesota Twins,yes_is_run,2018833613153196313613153484645268149932306631922088611321228432058149490997,16625582590596473840143235173231922109617822862578939330115418377592441944715,2026-06-02T23:40:00Z,1
0x08b2af15c94d5d7c99c2b319d4d103bafefadb2a87a2fa3535d0a44f28fddd5c,mlb-sf-mil-2026-06-02,San Francisco Giants vs. Milwaukee Brewers,yes_is_run,79867679168595787396118832501908941905543949908852689435290279151088849026386,50849487640148402535541906730611509607084894790569950417626651646902514565724,2026-06-02T23:40:00Z,0
0x89a4e8d1d66a5fd77fb517e29118c5f0c8d418b758054f700b69e7e72663e9af,mlb-tex-stl-2026-06-02,Texas Rangers vs. St. Louis Cardinals,yes_is_run,53767973356781997898864304733169342636105006234148490142559454819914124113966,90671763286603261817746830749543360321179745100790067022522048879634892939319,2026-06-02T23:45:00Z,1
0xd03065a4f560bb1552d79a8abd228ccecef9df7d9225f7ed2203b949c8b7b73f,mlb-oak-chc-2026-06-02,Athletics vs. Chicago Cubs,yes_is_run,76723881793689552330726701599843660976152203686539683179389267779007543876916,101760572961384093708814078194179285483222457252409872983081759168817534668477,2026-06-03T00:05:00Z,0
0x93e20903f5c4de1dc13df52ed495c686d2bb1513190926296cd50e42a8861193,mlb-pit-hou-2026-06-02,Pittsburgh Pirates vs. Houston Astros,yes_is_run,22347224305223490752920406799656175720157641250988221501351381511874721317863,55885403515587392975325422813226265909914016271182285591606826175738396003689,2026-06-03T00:10:00Z,0
0x32e7fc320530a5b3b677bf422dbb6c20e108981c9b600fb87c604c31da1a4faa,mlb-col-laa-2026-06-02,Colorado Rockies vs. Los Angeles Angels,yes_is_run,44152246479764314386554942917876954484947349387547845883761311150722818354425,56550646646751841778559750626736774805420632553095752505948359430697387420137,2026-06-03T01:38:00Z,1
0x1c493c37826423ca781af2cfc6c35cef0bb71201f63ae403d420a538a4ee6650,mlb-lad-ari-2026-06-02,Los Angeles Dodgers vs. Arizona Diamondbacks,yes_is_run,44311247262541939295385006456944267002842460975466916986864498899261154481349,36874640654420809776248740781379571200979644871517739242806180422997628716119,2026-06-03T01:40:00Z,0
0x2ec48fcd82fe6be594e3efb947028d004c05ee33f5a5286be016ae08cbb8bc3f,mlb-nym-sea-2026-06-02,New York Mets vs. Seattle Mariners,yes_is_run,112827201364562548034859294486915043121712486447966192150525691587529687785830,13724649730235060386300981392848452198401533471265755233915580557027422383758,2026-06-03T01:40:00Z,1
0xa3e1de8b6152a99ade284d9463d5a73871e8a0fccd3916eed0bb931ad4a70c47,mlb-mia-wsh-2026-06-03,Miami Marlins vs. Washington Nationals,yes_is_run,6450785689729216693315552815453496930908918802654000626549588053204289856090,60774479569120701878099046626945808792811674067993247318710252701812841627555,2026-06-03T17:05:00Z,1
0x683da6610969b8fa52a51af5baf0815d798aa0ffc0672120614c83192ec94e9b,mlb-det-tb-2026-06-03,Detroit Tigers vs. Tampa Bay Rays,yes_is_run,99651940210474358116908513380893803287317450984069981951760318089692229445553,96664209260524241526690202800915343188231940632368725371555168372373611691058,2026-06-03T17:10:00Z,0
0x2e3781d67b7dae6ceed438063655a2640689137463065d20a4e796ea4afa13b2,mlb-cws-min-2026-06-03,Chicago White Sox vs. Minnesota Twins,yes_is_run,38882067920471605748196587865791868237863062802982729599973396370564618047174,31920028474902958788807151381268986259347036596609263370298347437022516433889,2026-06-03T17:40:00Z,0
0xb9b94781e419f17a79d8e4641db994442fa8325b789a2cdbce51e240b8ace23e,mlb-nym-sea-2026-06-03,New York Mets vs. Seattle Mariners,yes_is_run,6656272870260162919389239988501182680504921373649132591996111922278565759145,21103676503620996890996949714778438209129966407968453233231136441311017272234,2026-06-03T19:40:00Z,0
0x067b29de11fed6d7649839d44536dbc6c3572b0271ea02230e7c2a7877cf76d4,mlb-sd-phi-2026-06-03,San Diego Padres vs. Philadelphia Phillies,yes_is_run,76704768183131841043866512907740381769448627705399505134349670407637491403254,87601892030793825980790942271300382417063933189101264146173956417863451323641,2026-06-03T22:40:00Z,1
0x7ec33de0f3374b5f2d02e79ede2e73c6f76c3caa0a61df1575e1ff15d4535e39,mlb-bal-bos-2026-06-03,Baltimore Orioles vs. Boston Red Sox,yes_is_run,103913681092697585958065465255323228135865346422704260888090519225829219394850,106719632969634560983349766215686257912443999552341708703481447039746902699599,2026-06-03T22:45:00Z,0
0xc004addbbd4d9f79358fcab6e18e0ddb27d6ed1c26fe7bb342fc45a38891fa7a,mlb-cle-nyy-2026-06-03,Cleveland Guardians vs. New York Yankees,yes_is_run,58687895168645414124882496871168252306703246467170331848478628919426260811310,30920239514092496667315420402762630135712286222235847700369740920995452581272,2026-06-03T23:05:00Z,1
0xce15137c6c7a2ea6f8e55fc5c35bbc795f8f1035ca72837d2f97d6a75676d200,mlb-kc-cin-2026-06-03,Kansas City Royals vs. Cincinnati Reds,yes_is_run,73345966725898909458053443986753710446489434624791814588411020413345953798013,35154573713052865648925045761464040893645322155930811702172236774257886363960,2026-06-03T23:10:00Z,0
0x83458b368965fa1d1e1dfff61e918f4890afe3c6dde3e8d372939b9f9a4439b9,mlb-tor-atl-2026-06-03,Toronto Blue Jays vs. Atlanta Braves,yes_is_run,52715034966623463230759719265152535182927999185842737867230926875736333873735,101457091108669227714836969553550684846172736536520890172136287226515098751752,2026-06-03T23:15:00Z,0
0xf87d82c22141c4a8e7b31dab43394c545a14b7ee31aaea839be118038fee118d,mlb-sf-mil-2026-06-03,San Francisco Giants vs. Milwaukee Brewers,yes_is_run,70177573781744472996717330983247732751368649872494553043094209533105682417958,29903725737745391421931638368846399576509559282170752779817384880338624810788,2026-06-03T23:40:00Z,1
0x1a9a48cc02b2395947fe833f470373808c2d20e3f62fe5274ea184dc1b022bcf,mlb-tex-stl-2026-06-03,Texas Rangers vs. St. Louis Cardinals,yes_is_run,52275281663546154203691411035399422273645025754069104766263872604122486033705,65172056204141157866837912873212533005423661491036271606170480531234436623938,2026-06-03T23:45:00Z,0
0x26bd758f3ee417349eb2456a336b5839e6d96b50c21dbebee52d05910b42307c,mlb-oak-chc-2026-06-03,Athletics vs. Chicago Cubs,yes_is_run,90997498419187979167996910597233041865126394934868310156562735947026803474357,46023786752679242274749347993191281312259898223360414036482095458797063471735,2026-06-04T00:05:00Z,0
0x1483b7ddf7404d7ba1a68bf3213be1e06badec2c8c12b3912f078873751737df,mlb-pit-hou-2026-06-03,Pittsburgh Pirates vs. Houston Astros,yes_is_run,17186349301692114234845473084522160289909154774377315664540356801933230589065,26904885554458553971182989568490074827934807925183987284312742060548671678612,2026-06-04T00:10:00Z,1
0x23cafd776740f2b3fb0635673e4132d6af6ad996062605123f7a5a7ab5528dac,mlb-col-laa-2026-06-03,Colorado Rockies vs. Los Angeles Angels,yes_is_run,107529355402774693644267228028235512739877939306883447907741599989399843977510,85774069349690150682872071724879388972653517658897635453429442173199726831859,2026-06-04T01:38:00Z,1
0x30bd96a5e99eea9840cf5b08ebe5184cdcae4dc2a106a75aadf8fb641e7e786d,mlb-lad-ari-2026-06-03,Los Angeles Dodgers vs. Arizona Diamondbacks,yes_is_run,8009305496909817390841608515143400555523473853420331173105985156606355560067,34250859124105809671419984455094214229489310029268916450907257071588663733839,2026-06-04T01:40:00Z,1
0xc157b253f67d12f47eb90d36f8e6408b5b34e5584722408350e76d03831146c4,mlb-sd-phi-2026-06-04,San Diego Padres vs. Philadelphia Phillies,yes_is_run,18800799419543718596196630860226915581740326611554764795101495997777612263931,89555813954583705890858695285078256206708056560184289397939079341484956090922,2026-06-04T17:05:00Z,1
0x229f9a7e58a2236e66c113597ea94c281f99ded1a9e070078a61f248d6422e27,mlb-bal-bos-2026-06-04,Baltimore Orioles vs. Boston Red Sox,yes_is_run,73847262026357366979052139109502381498452605508318795284217978676659992174882,96363205016068759795281450801888593335533096002890201367650134331396641862016,2026-06-04T17:35:00Z,0
0xed9a2f91da7d79bea3ecb93adf7c98002c764f6eb67f5542918c819446aaf06b,mlb-cle-nyy-2026-06-04,Cleveland Guardians vs. New York Yankees,yes_is_run,50921727122609624327989497454045088924045139547789145948440207940978211453354,84609268821227247729882085011711555968648372549972011880100852582662541496695,2026-06-04T17:35:00Z,1
0x808997f471412834a75cdfcbb1a902f351164fbdd5ed4a69be4f17995badbca1,mlb-sf-mil-2026-06-04,San Francisco Giants vs. Milwaukee Brewers,yes_is_run,35636159404051014204797740486453670922770711178483816479130829788925022704908,108271321222677528909311297523995294655984934783859250098095139725237818091235,2026-06-04T18:10:00Z,0
0xc048af375d657087a39e3a9b8d98e7b37274befa8c6bd247136539ecd66d0aa6,mlb-tor-atl-2026-06-04,Toronto Blue Jays vs. Atlanta Braves,yes_is_run,12984769178198640986299475204526995165140839986943109185142716908343162639030,76215305967166168884736756702526397982365926305655815223060866460481202224415,2026-06-04T23:15:00Z,1
0x04659fe4a5e358c1fb6106f4e33eec5bd0f817d2339d32c6867264f89bd3ccb2,mlb-kc-min-2026-06-04,Kansas City Royals vs. Minnesota Twins,yes_is_run,27515661137651460536732051370399406548321732972916802830002619143170547370370,44352646820902559715785862105120285129313883059401122165195380580567603207501,2026-06-04T23:40:00Z,0
0x6dea4dd554c4b316d985ff27d7b8ae478bb738a11361622014aa494d7650105b,mlb-oak-chc-2026-06-04,Athletics vs. Chicago Cubs,yes_is_run,76728324188156640301750315682716583742070327732591412503030519759936786547215,62854801972178945496921349227395556397459707006944638419087816350358462120537,2026-06-05T00:05:00Z,1
0x6e713766c78cb860c5266289e3095777b8eceed23e2e07c01617d85955f04e07,mlb-pit-hou-2026-06-04,Pittsburgh Pirates vs. Houston Astros,yes_is_run,58274357919398696909624604244714150638336133603936715482264869765199797975898,65777734152416475460722091625549742612088898194139525128845547142577965129340,2026-06-05T00:10:00Z,0
0x98832361b4f3959fe89802edcda853ca3d45e1ed40a38926ad8b4453e68877e4,mlb-lad-ari-2026-06-04,Los Angeles Dodgers vs. Arizona Diamondbacks,yes_is_run,64364808305097018358414348314062529153451031486992314308113886767815837507823,7861627719144714614582971064921232250816621274875822712202347697249995919213,2026-06-05T01:40:00Z,1
0x11acb7ed15881f3f3e3c7f2ad40b8392d88eaca73c8ddc7660c1e48613e80238,mlb-sf-chc-2026-06-05,San Francisco Giants vs. Chicago Cubs,yes_is_run,16882187141026643798572519660307232237989010898649907027865168561704182495497,41747186231782011938067640061703307204079687760807069378542242275547662374006,2026-06-05T18:20:00Z,0
0xa789938ed27304e29a0543af413ef6ef9299cf981d991036e67a085ff8b0bc1a,mlb-cws-phi-2026-06-05,Chicago White Sox vs. Philadelphia Phillies,yes_is_run,43491651085618186964635207875049469303720192614875950501550478018796099076332,51257992741832367795412038193392177650775021137694196870136379990038412129690,2026-06-05T22:40:00Z,1
0x47b5ef0d851ecb22f6fe30af98f8e503bf4a8ada8639d9b7a895fdb3a03c14f5,mlb-sea-det-2026-06-05,Seattle Mariners vs. Detroit Tigers,yes_is_run,95985348169512950363014405142160456864642781072442637794373905077182889614947,113308669158897294782062008081498670151712851061326988637194526365127302263001,2026-06-05T22:40:00Z,0
0xcc2f0a6be0cd5068e487efaae5f4485f47c4c15b2480f5723edd549c75e20852,mlb-bos-nyy-2026-06-05,Boston Red Sox vs. New York Yankees,yes_is_run,15476637291661046753600241744847773885597299821352569406049938548235086702831,36120454685155397775107467864360942948383908067860386509650816068565155143941,2026-06-05T23:05:00Z,0
0x614f8c167addca8542f69f53501b022a1d364a0265331e35fbc2a21218f51548,mlb-bal-tor-2026-06-05,Baltimore Orioles vs. Toronto Blue Jays,yes_is_run,82296059724854233468856421786554134591324903171158206457671653620404417406855,35906049450906435621833123389886338523277656920869502105103290647557902375741,2026-06-05T23:07:00Z,0
0xba5bdd329716cb39746603b13f2003fb2363c1b0be7f6d5ce2042a423e12ec26,mlb-tb-mia-2026-06-05,Tampa Bay Rays vs. Miami Marlins,yes_is_run,94267273664541934661686433563657804018624287556847127707161290338265064001993,96937023785400198344165055096909951118229090931793035415981261404757523100058,2026-06-05T23:10:00Z,0
0x2d14e280a4e8abaea003c8c719e955c6f26e0d1c0f175014dcf9533175028833,mlb-pit-atl-2026-06-05,Pittsburgh Pirates vs. Atlanta Braves,yes_is_run,40247428616622829388980745244801652587815919630277176883729329846272630772604,97580889609777102224295827086381358049262001625965441417619091927972498461636,2026-06-05T23:15:00Z,1
0xa29da410cf62a9c47141f229b11826eba66ed4d5702e733e6aafa81eacd8acc2,mlb-oak-hou-2026-06-05,Athletics vs. Houston Astros,yes_is_run,80899185521608493215972142711102594082219363932736951804664283206952192942114,27439595334403411915693712531660721026120258746867851922828193012738204036878,2026-06-06T00:10:00Z,0
0xded347ac47ee77f2c8b1fafa893f7fee0c1d282c06e12dc96e4f816aad07fb5a,mlb-cin-stl-2026-06-05,Cincinnati Reds vs. St. Louis Cardinals,yes_is_run,16932215698179452949552203923324632395969981211096749288900267945395545169330,96045319792314353024062533690676961799063120965593471775083990086204946092890,2026-06-06T00:15:00Z,0
0x961fb75b95e5eb47785544338c441384ba9fc005ead15077624cb9d820f43830,mlb-cle-tex-2026-06-05,Cleveland Guardians vs. Texas Rangers,yes_is_run,23401639941680800111518873274431427010472583655592269772298322568055021103856,84135493250354706838715591794949220242320335948792556925256615979482027481625,2026-06-06T00:15:00Z,0
0xab9648e6e9e037383cbb0f59c2f192adc104f7368614ff55a4c4227d2435706a,mlb-kc-min-2026-06-05,Kansas City Royals vs. Minnesota Twins,yes_is_run,14962032049407457485714727852939450260446687003607313986604188373660721314350,82436355037209724343239755916665715068218566134592333647457538519733310596934,2026-06-06T00:15:00Z,0
0xa6ea8ea30822456daaeef07337ca10b2ed93db9ecbd52e3e88ab1d3c1ae74ad5,mlb-mil-col-2026-06-05,Milwaukee Brewers vs. Colorado Rockies,yes_is_run,88184205171084974124393150016962740037614586461602243404273128231002826956918,96024508072361271463679251360965637263585389894446308471761993036588455254483,2026-06-06T00:40:00Z,0
0xc10b98556344be42b7ab0e16e2b16dda389a0b30737cec94347c19915844872b,mlb-nym-sd-2026-06-05,New York Mets vs. San Diego Padres,yes_is_run,38085081476370874370479898243980742380747261451309749663156831244736590176242,87158440834952075263300509465183956615865932929363615859694938527351572057838,2026-06-06T01:40:00Z,1
0xf9f2e3aa9c4bfe68f9ef8ce949d9a393691e7ef35b3fd7f1dcf085106319fb68,mlb-wsh-ari-2026-06-05,Washington Nationals vs. Arizona Diamondbacks,yes_is_run,28575948205069236346226052425525620535996013259981467797711570769989609107855,108605644972126496492225844752599380800632329757580470667058732701212186431558,2026-06-06T01:40:00Z,0
0xdc2c5acdd26f0432af4c2b9ac712ebf20e227e218be9cc26266f89a0541c978d,mlb-laa-lad-2026-06-05,Los Angeles Angels vs. Los Angeles Dodgers,yes_is_run,50057740222084315833581607241109074397679198968160336451556099689915166734260,32657491652675360270592045997760899978900223033527593711854830392274480206902,2026-06-06T02:10:00Z,1
0xbd1e143e56c6ed8b5fce27549bc48cc57e3dc03dea7864aa240167db545694e3,mlb-sea-det-2026-06-06,Seattle Mariners vs. Detroit Tigers,yes_is_run,64886514441180477380887637834011365451741816480017404192349220262254041092662,24077864573395473998573641534872025566121724515971575301301961950783091705116,2026-06-06T17:10:00Z,1
0x08a24b02f527353615c0b32bab479f2737144b2630c30037ba2a55844c878082,mlb-kc-min-2026-06-06,Kansas City Royals vs. Minnesota Twins,yes_is_run,69733662763174980411670744135668058461916563350202375655089266984760172035550,105436614687657342406265438055905942357794533462177527770456908695020471100394,2026-06-06T18:10:00Z,0
0x38682cf1bf1f96ba52702bb69ecff64e737962584b9f7f9af2d9bc058f841244,mlb-cin-stl-2026-06-06,Cincinnati Reds vs. St. Louis Cardinals,yes_is_run,42176495253754058092777879891013302227051417967145780220769772925035909056021,73306927125037468627805393567303735563611178345438434251186245640118203012834,2026-06-06T18:15:00Z,1
0x936feda1ee49de02a89f4a0093868c8acb1788d06972f0f41d4de47577294ca6,mlb-sf-chc-2026-06-06,San Francisco Giants vs. Chicago Cubs,yes_is_run,43971383251737478265357691639289714553688178867148753359779333263400401150984,71551889802524321100529514709758092513993294262014338952811227431007396112744,2026-06-06T18:20:00Z,1
0x9fb48cee7ab93e2a1e75ce0476b4a3013b9c89fa3fe01a69ef5136ca96023939,mlb-bal-tor-2026-06-06,Baltimore Orioles vs. Toronto Blue Jays,yes_is_run,20093113108207220425886566744202494593463569733689803371418242559973118181251,46232361197452410259194508699900723881139702365590025176084051082576782228567,2026-06-06T19:07:00Z,1
0x5238aa360b81dbc9f02254c8457ec8b5ae5aad5cd28ea46e542ac584924ec466,mlb-cws-phi-2026-06-06,Chicago White Sox vs. Philadelphia Phillies,yes_is_run,38870499730629042639053794300978241878018344629604995720659093564942438442796,23781779085436895645051652046398388652991248683966473751417307581495222482957,2026-06-06T20:05:00Z,0
0xb4e41158ee591840680ccfc97652ffcb0137c6b26712572b5d57e2b693d8c71f,mlb-oak-hou-2026-06-06,Athletics vs. Houston Astros,yes_is_run,68619339058902262204352958005305183302968603852084421706694783514777988310253,48966867671848697715118952565454983088027838266753013109111870288652395396096,2026-06-06T20:10:00Z,0
0x8fe9119f43435201e5f36cf9b04f68d68bddb60dd8794f15f317983963db30dd,mlb-pit-atl-2026-06-06,Pittsburgh Pirates vs. Atlanta Braves,yes_is_run,109323135068722382485985880551513157951971748460336703144363790487531166159938,48595107157579001473841929415989186594952869942490272395898433552026784496837,2026-06-06T20:10:00Z,0
0xc6b999ad1fd2211c659a062da10fd1d69e82266462cec3f5725c6ce094d30f69,mlb-tb-mia-2026-06-06,Tampa Bay Rays vs. Miami Marlins,yes_is_run,71094861528611209870168735759825691982374684740315519253651608429203856979401,48172474646310132531230439006540989743634636062647778569174624407143959765811,2026-06-06T20:10:00Z,1
0x6557f7108d59341a78bc4c4e9139bc9a3de9ecbe79f0e3388c1292f04cdf3c8d,mlb-wsh-ari-2026-06-06,Washington Nationals vs. Arizona Diamondbacks,yes_is_run,71047980685640740986391757689503762567337925062053008403934592916023190849432,89973366588265790954751766402819416095655520319440272850128548006901825746538,2026-06-06T20:10:00Z,0
0x3b81bddf300f111bf878b70e0a562563fe1247d66273791f882fc232f9c7ecef,mlb-cle-tex-2026-06-06,Cleveland Guardians vs. Texas Rangers,yes_is_run,29580531813180612057540004612149206753333324900028368389039540331048145183454,114718587251082044567171024535116715392400729000884478415697356562265718770423,2026-06-06T23:35:00Z,1
0x5763c7409a53aca70a16887684b750da982822225e69da8785cb5f76be21a517,mlb-mil-col-2026-06-06,Milwaukee Brewers vs. Colorado Rockies,yes_is_run,13155548368640086447143900188453252455789659636770764408434233895412706459790,28470894449817206605853890442946425613546854130263873611391687312108245095374,2026-06-07T01:10:00Z,0
0x91eb4d4cb1ff4cb51c2e572048905c27efb1e4f14c9c20bfcf5bb3f6d55cc88c,mlb-laa-lad-2026-06-06,Los Angeles Angels vs. Los Angeles Dodgers,yes_is_run,6890101995251256529303977618314969137896293513126529397546148512838588156937,70377834504275877363789382516543612904424046548517574533267987237294355872621,2026-06-07T02:10:00Z,0
0xa8ab85f7daf6ecd6d90141c9af20f74683128e9254b3707ba5e5737fe62c897f,mlb-nym-sd-2026-06-06,New York Mets vs. San Diego Padres,yes_is_run,86652338570818242038774393506991646214012589556108545823548579556849473437472,74447697124607244418393178774857308344465708281309551271417590473488206468414,2026-06-07T02:10:00Z,1
0x02212c3c4bd6dd9826ae68114797840e0012ae10a3815804a5de0742c0737c14,mlb-bos-nyy-2026-06-07,Boston Red Sox vs. New York Yankees,yes_is_run,103774927217536363939558516884149979902999517969876249854400377893016279032139,36318310723086620963048785629336228620447719583068888929816037221320149245710,2026-06-07T17:35:00Z,1
0xeae931f53ea6ae869cafbe3f459c87905223968def617f8dcbd71568acde2031,mlb-cws-phi-2026-06-07,Chicago White Sox vs. Philadelphia Phillies,yes_is_run,104437587770217851200799081236033427073248109131632333533327393494294913434226,47981645207981677500890967809996409156643404934102401042272413712367053099991,2026-06-07T17:35:00Z,0
0x195750926465f9bf69622b5d580744345b2fd68995dd58444b0476f84c7c35c0,mlb-pit-atl-2026-06-07,Pittsburgh Pirates vs. Atlanta Braves,yes_is_run,55901287266567304896167295908062617891967452515525785085992288645619056182424,65528246744334113923032789038413513524912761395358951306171835829120614063960,2026-06-07T17:35:00Z,0
0x61d77d8b76766bbc6db0343e0ab07f1bb0812c8922122905bd0f4b77e6089e18,mlb-bal-tor-2026-06-07,Baltimore Orioles vs. Toronto Blue Jays,yes_is_run,47961518625137784273231765029115834818348981896746219663796615836074328544995,93450270195514355013236576856452838406344773256800253374120811736004046402361,2026-06-07T17:37:00Z,1
0x2133e5818084a4eed243c5ebf6f3c5950f85a98b11afff880fd90fd5c91b47f4,mlb-sea-det-2026-06-07,Seattle Mariners vs. Detroit Tigers,yes_is_run,43724290407962038547312864751069532674093529698515102289969791357613272279929,39125143754806759535898893986499711065653364218491907054502569096328589408232,2026-06-07T17:40:00Z,1
0x87a23d7b6fa47da59e983c5adea498b5cf2f226b656bd409b1c5e8ecca1b1e60,mlb-tb-mia-2026-06-07,Tampa Bay Rays vs. Miami Marlins,yes_is_run,103735198439714389863356253833029935549970645933422062559159130459909513349003,59873927585938857789866370275905137078549326147053661044540461647010923662583,2026-06-07T17:40:00Z,1
0x6b5df07f3e3fb57994ba5a814e94b2ad00fac6608855cde8866197c700f67115,mlb-kc-min-2026-06-07,Kansas City Royals vs. Minnesota Twins,yes_is_run,17818624647543233479520368317792461120737053308543406726956408914528321935627,50104473043033571946690419419872362899520191710818133259550968993810184450151,2026-06-07T18:10:00Z,1
0x15eca683174f350ad92e86b909c7f0cc437f9733ceebebe94a2e3f863dca1f1e,mlb-oak-hou-2026-06-07,Athletics vs. Houston Astros,yes_is_run,275515047752771343312320719074069973663974867701358888944095750636625109644,42659691921584508022715271326051677121737243232504332303614463317761464390402,2026-06-07T18:10:00Z,1
0xe6233d21f9d435f0b7c235d5e2548c757deeea0f270253fe6d73eabe3501df1c,mlb-cin-stl-2026-06-07,Cincinnati Reds vs. St. Louis Cardinals,yes_is_run,59022524099691402517385720199464169967831232358053072544535040427406106911942,86169962351450478468540392014108092231451862742690445990840519907102102163870,2026-06-07T18:15:00Z,1
0x608f2c098915a7f533d5c7546d2f8c5ea9b56ca545276f35cda7d8da1bc70d09,mlb-cle-tex-2026-06-07,Cleveland Guardians vs. Texas Rangers,yes_is_run,50789208061098399477874880993441772783362311270414906724783601302279951295069,39139198610656987612789828739369016657543441108134491127234098524229180969769,2026-06-07T18:35:00Z,0
0x551b80d78b389fccbdfdf0d31b070da379582059283dd2a66f6ae9239c6bd17b,mlb-mil-col-2026-06-07,Milwaukee Brewers vs. Colorado Rockies,yes_is_run,107595117023504181201564971026556168335871923542874067636212506710119441715565,61126682214145069204142065200497062571390739206374862166860479288617799782076,2026-06-07T19:10:00Z,0
0x540f718353e5ed9f185dc4dd122432b76bc361025d5ef67d4c1672e9feaee1b3,mlb-wsh-ari-2026-06-07,Washington Nationals vs. Arizona Diamondbacks,yes_is_run,112654525236671177666448533498829733710731590273570877936006683792925344288938,10174204588664097657912419098474485059400655247956034055598158483521093794961,2026-06-07T19:15:00Z,0
0x449551362b47b11965a0264e506dd883c0906afa7dd5a403ddcc52edb93063a0,mlb-laa-lad-2026-06-07,Los Angeles Angels vs. Los Angeles Dodgers,yes_is_run,64058158352063376701377466774930276893723982852049017243061638322406680059250,11553975391577774851206278003234614339661703823770465531207321954267455521533,2026-06-07T20:10:00Z,1
0xb77ca16efe653ee97fbaa1c5a5dee2d4ff0f40919ce58a0bf8a6e9d1304b035f,mlb-nym-sd-2026-06-07,New York Mets vs. San Diego Padres,yes_is_run,87150151449515114361320219394677303379625984023012444653465988931333219864344,20771295442426273758239708638531649343913186757643549045900006669999393847710,2026-06-07T20:10:00Z,0
0xa890ac870d89bb57ff36684a33de8899c509b69a0cfbd6fcba22d9f979d475af,mlb-sf-chc-2026-06-07,San Francisco Giants vs. Chicago Cubs,yes_is_run,65206331552409683109210398037334128154833393219585688804820540713931633895889,103190199532280629357857116840474550532422462930218359216646298518855084310853,2026-06-08T00:30:00Z,0
0xc548a7ffdd5bf3e1de1538e15dd392898e9036501f873b13684ed5ae84675681,mlb-sea-bal-2026-06-08,Seattle Mariners vs. Baltimore Orioles,yes_is_run,44473402652449200600489612737616979918965272274266754269065385442451698220319,57508800034842608930814119753694536817794159543417096722360033264545395717963,2026-06-08T22:35:00Z,1
0xd7546da8173fd16a451c10781349cc723b1c4683018e12d337254cd160762827,mlb-bos-tb-2026-06-08,Boston Red Sox vs. Tampa Bay Rays,yes_is_run,26786668099918126072830000671153695415580068713379168616231449862410282923294,35547927048891766777720119087973028838465950430704968448270812313197001850534,2026-06-08T22:40:00Z,0
0xabcb2bf19b4cd1216e44c2a2f379c2186375e98a2eb1470c399e6f44d327ce8d,mlb-nyy-cle-2026-06-08,New York Yankees vs. Cleveland Guardians,yes_is_run,81717337776912143826545689608833790001260668158848049446211370301086153110718,15927976580415866299141929306609263943692561656082112329726084749382664855546,2026-06-08T22:40:00Z,0
0x996b0d61561aef15384b2a3618433c8d1566aec3676987301bcc0d3da3a3df4c,mlb-phi-tor-2026-06-08,Philadelphia Phillies vs. Toronto Blue Jays,yes_is_run,99406843700888615484004366392040589692348683271319642782199477683201087040206,46945604674106117675573674611739579689861905589480811927254894367365804769590,2026-06-08T23:07:00Z,1
0x28c807bcebaa05d0a215448c7433c32743c8c73e0fa9709429cee0bba326df46,mlb-hou-laa-2026-06-08,Houston Astros vs. Los Angeles Angels,yes_is_run,104512576301510284561637620906125381717612511818577360317368698881355816313544,59699094349089351865874084475317307437282041394851485681243584392076313506257,2026-06-09T01:38:00Z,1
0xaa9a93a8aa5760836d982111a9e73f7eb0d62161e0a7edcad6069149aa6620e8,mlb-cin-sd-2026-06-08,Cincinnati Reds vs. San Diego Padres,yes_is_run,48140179499503382217270528705855717133936579039844342195396084964018416616050,27122541999207046544736949353157575918331574308270872320614902924978839424996,2026-06-09T01:40:00Z,1
0xc38884cb8b4e620f2194b392cfcdb6a61ed81a579bc3eb039b9e21846f7a0057,mlb-wsh-sf-2026-06-08,Washington Nationals vs. San Francisco Giants,yes_is_run,28894583828995793200481038458764953551827264251141870006373384034172608604282,8182116759159660218254275349968784889783482317203714959624784900698153527076,2026-06-09T01:45:00Z,1
0x3a84335921b548160c5d53a82b9a36a2ffac169ecc4724bed3c8ad587082404d,mlb-mil-oak-2026-06-08,Milwaukee Brewers vs. Athletics,yes_is_run,106500855129589878677788858284506184840568242391431379559433626393029787290472,111399129818348073366367010642283715887989277627256404506984575092461112961509,2026-06-09T02:05:00Z,0
0x18efcbc1904cc8cb422a0658aa9b29033648ae2316aea7302e7b2ef47be5a4b1,mlb-sea-bal-2026-06-09,Seattle Mariners vs. Baltimore Orioles,yes_is_run,48775697955237743053314005917160343290805940520946211021119909740631041512173,83666676409840856494444846068114704028015926971287037678524583643140291880506,2026-06-09T22:35:00Z,0
0xbad5f70cbf78cf6798dd29900be1cc2eccd57db99afded62752f1a3aa18233d5,mlb-ari-mia-2026-06-09,Arizona Diamondbacks vs. Miami Marlins,yes_is_run,112485566607541772165685458531268034960746292529195938972356087083350533565750,80474544316929845758691223776634089963622571070621366419927629475341095997420,2026-06-09T22:40:00Z,0
0xcf7fdd4bcb11e2315160fc9e1581d3956c04f1f1bd3c30ff30042c624708c585,mlb-bos-tb-2026-06-09,Boston Red Sox vs. Tampa Bay Rays,yes_is_run,14059352060967346810647401056029015297833749272057115261136591507969536099472,64810830297435559138181046881413788747991740881654234726950741508412160755784,2026-06-09T22:40:00Z,1
0x62cf10b3a8c11f35b4be1de77bc6b88555672dd428c0320655a923365119a63e,mlb-lad-pit-2026-06-09,Los Angeles Dodgers vs. Pittsburgh Pirates,yes_is_run,52247654421462135574150392022264196724991047590470970806850536924325180673543,26338509394038754148255067474049997626022987712245369464852024463398819933202,2026-06-09T22:40:00Z,0
0x170bb9eef75b9af7cc2b81acd0cbd061179046b5e16452c3fbd4e3b5382e37f0,mlb-min-det-2026-06-09,Minnesota Twins vs. Detroit Tigers,yes_is_run,112082580474079997046175421735948211775141700230276920946397372575054981583448,74134476975644538156276978479600068520569620079053342223149203119782917401687,2026-06-09T22:40:00Z,0
0x545634579277022ca0ad056b103526aad098f6beadd6a947130609723c0c167f,mlb-phi-tor-2026-06-09,Philadelphia Phillies vs. Toronto Blue Jays,yes_is_run,80062793356192821582437282444220653732574158527072258994931006381443479466299,58413578809146465037429007617919824142653826649825831061621062394513462602857,2026-06-09T23:07:00Z,0
0x9aab733f4e501f2a93cc4d6f21caf38be5721ece88b80d08d7b3da8febf9430b,mlb-stl-nym-2026-06-09,St. Louis Cardinals vs. New York Mets,yes_is_run,96161082600684076411265127328888015242285738562613470207773667015148162970148,55576426931688487884314351586479304618442251570194779047255907145649368439523,2026-06-09T23:10:00Z,1
0xae69364032c6cd7f479c5e449c6ba74c6677839587d0b09b1470b68fd08982c9,mlb-chc-col-2026-06-09,Chicago Cubs vs. Colorado Rockies,yes_is_run,13675037697657980238161168946681293193649927610232433508662997466714264862251,106520772528075737588427951655878244204401219158557950896359958910008558489333,2026-06-10T00:40:00Z,0
0xb1b8d86484a339988808913503b565b8eea0933010cfb62a3d9099ab0e0b613f,mlb-hou-laa-2026-06-09,Houston Astros vs. Los Angeles Angels,yes_is_run,85363718238125686506867048973792123367892548187851711129855229038764946920312,64721618028808823814972598472831903688652888843941009836934987738441574929142,2026-06-10T01:38:00Z,0
0x4a8b3b4f39b95823774cdeab338d8c0e53247a0143c6b852fd41175611d1abf8,mlb-cin-sd-2026-06-09,Cincinnati Reds vs. San Diego Padres,yes_is_run,58113166435387362187725316500651524110099625183745756665600187993294459685662,96314019496083883908689034140948081137652450891447723740010177132313070797535,2026-06-10T01:40:00Z,1
0xa7a41a316fb021c9b63017756384e92d889f824685e625b1dcf7d809000d2984,mlb-mil-oak-2026-06-09,Milwaukee Brewers vs. Athletics,yes_is_run,70686775389498350752963868592752901898544088867452043276580804933215161803637,49844342800614032817251212279664629006461292182029702529133615028229695857457,2026-06-10T02:05:00Z,0
0x74f99b2559104be849659a6c4fad9dd4abc4ca0c01b50ca42d20d93d4966a58a,mlb-nyy-cle-2026-06-10,New York Yankees vs. Cleveland Guardians,yes_is_run,39411796401234776119849184795540141277982958884664064576459838873395075194137,96215105516908024304898820165577999014066423205644575092111078859365452704699,2026-06-10T17:10:00Z,0
0x10e221147746e666c6550b82be53caed72501aebd74941f24a16f43dbd540113,mlb-wsh-sf-2026-06-10,Washington Nationals vs. San Francisco Giants,yes_is_run,22655667924245902991959235614407458522760669451837536286580068697535313053971,93710061589182602742565265670320580835156564771985384825313700906169680126427,2026-06-10T19:45:00Z,1
0x53b858f6377a51c4a6327d1891d3018dfd435f7c8e8f680bf9b21dfb07b5fa70,mlb-cin-sd-2026-06-10,Cincinnati Reds vs. San Diego Padres,yes_is_run,43308266005684930120935721648525916374531902059127770677392240764556446097652,41543311167819757553551216353756202191599528396725487651301918304370037638075,2026-06-10T20:10:00Z,0
0xaca8e9f21bdf2cd8292889af73690bf82321cf972f80a0839d612e5a38f4ece8,mlb-sea-bal-2026-06-10,Seattle Mariners vs. Baltimore Orioles,yes_is_run,50729586340248819298794351335217112496464120631446587796138355178877230892046,68858784983252672247761052483546671633790630550137807165797253075814104356577,2026-06-10T22:35:00Z,1
0x8219b10a78e8ad49d68a84ed5608246aac19dad98c40313bd4f2b9883bf1d3a8,mlb-ari-mia-2026-06-10,Arizona Diamondbacks vs. Miami Marlins,yes_is_run,45111666983699611204057297535434832227126610296920476398814250591079378802840,93966051339783348349060322891149713894991524209157470198482431857735026472102,2026-06-10T22:40:00Z,1
0xbe6e2bf2c1bed0c73a14a2dfaf4aa4be319ecdec7a75899947558b5d88378fdc,mlb-lad-pit-2026-06-10,Los Angeles Dodgers vs. Pittsburgh Pirates,yes_is_run,114207191146982184834580731494982440408528219355148280773499845798691542688057,105544191033338847168442360740262193748073634765706991446398763274424064840542,2026-06-10T22:40:00Z,1
0x9aeab8ab1dbd06d986ddb2632ab81b893c1e7fa13c2ee225c407a49ac8eb04ec,mlb-min-det-2026-06-10,Minnesota Twins vs. Detroit Tigers,yes_is_run,14933398562898979915518927363517938574282286839017343979776667328190657470741,39199248017097003135138474680601857265754294520717684496595615162949004030871,2026-06-10T22:40:00Z,1
0x34abf715f6931ee47fceda4cf1122ccc4c9b25da43918a2ff1ed0e481bd991d7,mlb-phi-tor-2026-06-10,Philadelphia Phillies vs. Toronto Blue Jays,yes_is_run,27505326265757084965228971439753785263558105916784006507073079579900501358449,110599469849810530625317890644263932158886968839561001355131570738681515258558,2026-06-10T23:07:00Z,0
0xc86881cb511ce14fd6ab9fdd7afd18161a7d14b6269304694c13daaa728f1331,mlb-stl-nym-2026-06-10,St. Louis Cardinals vs. New York Mets,yes_is_run,94995931278884843958638516736049487468570274821736599888737820928578031849091,33936034628418255625311764013659016158689306219880497716634828623696778358151,2026-06-10T23:10:00Z,0
0x5e61fcfa913064cec698b439ee64c3eee81278c32a0e7a64fe1294e92af13d6f,mlb-atl-cws-2026-06-10,Atlanta Braves vs. Chicago White Sox,yes_is_run,15749767534934569449867766510923985991487440699821724223000532157966036082151,105985718378556542744442056806805645651258674608204922169696982722256157314090,2026-06-10T23:40:00Z,1
0x125ed8b429861e10b5754a9d72ed9ece839a7d9f732e19dd37cdd8de42650d47,mlb-tex-kc-2026-06-10,Texas Rangers vs. Kansas City Royals,yes_is_run,68165750000094427608555688864331446975364051183079204533360073280662982774938,107980845211932545634071311917128070227635396155633888504769216621379606984265,2026-06-10T23:40:00Z,1
0xb922b7b977adc2a948eede4299560b302139ea9ae56812bf5b3c8d08b63403ea,mlb-chc-col-2026-06-10,Chicago Cubs vs. Colorado Rockies,yes_is_run,101460179844735438120128744474114151623408926493736098537819488223692287244682,42490127771601092363087969926224768472323515354245983400306421180866282123676,2026-06-11T00:40:00Z,1
0x3a487f6acaf1a97ff284003ac882e3e692bc415f6a24aadddf6887abbe386e01,mlb-mil-oak-2026-06-10,Milwaukee Brewers vs. Athletics,yes_is_run,49929664908506274019973474204846475774227234184454624904612981083755734761835,58520741651131868842404311017263669655114040571348607300713404381050264721170,2026-06-11T01:05:00Z,0
0xa22243feb4e7370f310f14908b5458f57c55290e3da4a5f75f06a0ecae04f39a,mlb-hou-laa-2026-06-10,Houston Astros vs. Los Angeles Angels,yes_is_run,14298283992167122114661815690453354440002789516212754531320930952031497145311,4445413938052616993613268319676667122785054521138435498041472380744943399193,2026-06-11T01:38:00Z,0
0x15171e281e5ca30996b59a588427cab1c111a2b9b66092f568c47e78afc100db,mlb-ari-mia-2026-06-11,Arizona Diamondbacks vs. Miami Marlins,yes_is_run,59364922199795630964587252760400027999436389801150600507446186567555740655696,38550355450806047886703626976020271800580589078959456168409730127123755222648,2026-06-11T17:10:00Z,0
0x43ef4145409cc57c8d1d60fc68e3765680bbd9f30b2b5fc02e51ee74d95ae431,mlb-min-det-2026-06-11,Minnesota Twins vs. Detroit Tigers,yes_is_run,96344405286977047989976356118373608966789659022487718229970757700956820962843,46771975918582214913427986998814918897236449764388955443469382054891243700862,2026-06-11T17:10:00Z,0
0xcdd6ceacf238a07f3c275879836e1fdd9794ccb4b61bdc680623283d97d98190,mlb-stl-nym-2026-06-11,St. Louis Cardinals vs. New York Mets,yes_is_run,38958970514209454844096456182660808290344364818974838235770427251092890929510,60995661683232108147167929196269389501740066018820973043196657041108208050115,2026-06-11T17:10:00Z,0
0x5cb7036082abec3612f1039fe69118cd2d2ce7bb3af1055e9abf38e2bfd5486e,mlb-tex-kc-2026-06-11,Texas Rangers vs. Kansas City Royals,yes_is_run,107178049544091925509481604649279317064373844187454437958091699654667875748307,101757629722316125976527591999808675273884877065878449763936594373718397503656,2026-06-11T18:10:00Z,0
0xd863f4ec78a40e3f951054f7a2bc6873c87e03a4202673989e2334cf0eed5cd9,mlb-chc-col-2026-06-11,Chicago Cubs vs. Colorado Rockies,yes_is_run,859198655585379712328376613030469960017765573396593901793379916110180171445,29286670371409686205182240863962630548073650942687864317371155324014401886967,2026-06-11T19:10:00Z,1
0xe15248e45f609aca53d3b7fe720f49c5fed6e733e9ca10d607e74695e83d2d28,mlb-lad-pit-2026-06-11,Los Angeles Dodgers vs. Pittsburgh Pirates,yes_is_run,98298060338243026644011537803361413650599386958652217191462203666106505402240,78779236398520334035199543714392112547121196813070792884041267163767803913871,2026-06-11T22:40:00Z,1
0xe27ca657d1a0c4e9560e2751f62944c0b6acb7a7e24effdd3e5fa48b42645e15,mlb-sea-bal-2026-06-11,Seattle Mariners vs. Baltimore Orioles,yes_is_run,104777645190014883848587597773554006219540310272307718244848954319955256384440,1933089461747144213535445812209292030933457167026291718087259393140262872452,2026-06-11T23:05:00Z,0
0x1e9bd067dfa2dd742b6afb4fc95092db12e34b5a572bdfd0b5dbc544071e9353,mlb-mia-pit-2026-06-12,Miami Marlins vs. Pittsburgh Pirates,yes_is_run,79790586046654765018705033698763003213977446810518912133450873443957350616026,8564246274427198908089733146269649578227397524404927664380058937663570517970,2026-06-12T22:40:00Z,1
0x56c94b6669770a2c9749b0d860aed7dc557bd2d431b6bad1b55f9cc8ee852b6b,mlb-sea-wsh-2026-06-12,Seattle Mariners vs. Washington Nationals,yes_is_run,113355048102129146029568903030954589820879011056961276070390220626129080827664,51625807377658558878279658793983735757566413060348314989052729516688341789969,2026-06-12T22:45:00Z,1
0x9178c5d9610f2e77b854ee1fcfedf16c10802835c924becae843bd3e5c0541d1,mlb-sd-bal-2026-06-12,San Diego Padres vs. Baltimore Orioles,yes_is_run,74521200456230143617009342325445614132577187737743401942218748402142245990028,44946721168106745618686529746699960074480108989957062917750177224881177615534,2026-06-12T23:05:00Z,0
0x42ad500166cf727613f628c92f95577200540c4ce1b2188ed86462fe82cf348a,mlb-det-cle-2026-06-12,Detroit Tigers vs. Cleveland Guardians,yes_is_run,8116684274376380093514434497578218023826872027073081655755136940726877134015,61459179948341127703856336491564341071565156477547153817819886151618141476416,2026-06-12T23:10:00Z,1
0x1db41fdf79285f1aeb3cd0335aa29827c453530f4750cb27f753356e469699f3,mlb-tex-bos-2026-06-12,Texas Rangers vs. Boston Red Sox,yes_is_run,32308172730421547936201273479467783096938811994762417384043766099385022963095,24466666674579210307617845173863060296330929386492874791901547029013264528572,2026-06-12T23:10:00Z,0
0x636a46fdd7683140cd64d2a2dc09662de7ae0546b15f43b340083a29fb2794fa,mlb-ari-cin-2026-06-12,Arizona Diamondbacks vs. Cincinnati Reds,yes_is_run,27970664237588753530462829951119606587143741539487734079519487713637965488030,99017805010905622107269510678734312569781878754275916570061106134350621355211,2026-06-12T23:15:00Z,1
0xeaa0b700ef9df6c8bba65a3e07cf49aef5fc17bf3a009e0dffac9355451e81b0,mlb-atl-nym-2026-06-12,Atlanta Braves vs. New York Mets,yes_is_run,76582475446113717379721842976931538056713355498052309671873532455544151792927,77116944207982664174247131753541163852134183224297494071412855182318632877333,2026-06-12T23:15:00Z,0
0x8e80ed9238e3a01216864d49095dd14a85dad8138e4cf82dac8eff23e024efbb,mlb-nyy-tor-2026-06-12,New York Yankees vs. Toronto Blue Jays,yes_is_run,17837406212827485077685657307939748156051303698648299189586696804195982361413,91335453758937425878504445742915046235469192640264375747208011219990591771657,2026-06-12T23:37:00Z,0
0x37bdeadaa637ce9ecdf790a893641aefc837c5744b6490b32588d4fdddd6a578,mlb-lad-cws-2026-06-12,Los Angeles Dodgers vs. Chicago White Sox,yes_is_run,80100101672771861557146639251277557726576361998193918986028631316434443990954,33866468286443040662427895143762938544181880629527792713660904833819802465185,2026-06-12T23:40:00Z,0
0x7543f428b8ddd700f905e5a68116119adecf7cbdf7d748111c2ad09873b22776,mlb-phi-mil-2026-06-12,Philadelphia Phillies vs. Milwaukee Brewers,yes_is_run,71345800664475649079046558364204990189374969815398107911850067451542866351210,13867012904232672470818302094543040226845294802921234716228866845397267574253,2026-06-12T23:40:00Z,0
0xd25fc0a1f529989b2492c41059fd7a12007289c446d9e41a0682555a6afe44f0,mlb-hou-kc-2026-06-12,Houston Astros vs. Kansas City Royals,yes_is_run,12044301696351981779007969406146818696068683531128722788861732880010510989270,96517671382336740415897638765032973081839853807639100128435751231450950114516,2026-06-13T00:10:00Z,0
0x0b3d15d1ad27541cabac5ae5e30e86b4541ce2a900652b2384252d292e2069e6,mlb-stl-min-2026-06-12,St. Louis Cardinals vs. Minnesota Twins,yes_is_run,73901947382485081885127934529344010608131354522311641321486043914448491162125,91872321872832348348603055541762567855806444435122885974067431742431717829939,2026-06-13T00:10:00Z,0
0xfc68348241cc33160391837fe5ebafcde93595a4f3b3c5d7db71b24747685870,mlb-tb-laa-2026-06-12,Tampa Bay Rays vs. Los Angeles Angels,yes_is_run,47930270539304596108329839662314995055332428320096207738252618101619318995145,50056016418238827470885800579509483983966982478270625721256114624717841456272,2026-06-13T01:38:00Z,0
0xd9594e1ae65fe8d9d100ebe5f8cf6d031ffc8b2e84dbfdefd55eb79095e20841,mlb-col-oak-2026-06-12,Colorado Rockies vs. Athletics,yes_is_run,57087162438487140497165025650929766532353784537009651762304243454657859017264,44595322891789439234835110831356051916791882340568329723515652027383672482339,2026-06-13T02:05:00Z,1
0x6756621314417da495da75aa96f2ea6e5f40a5a73e2f3c5b0e4918d1ccbf70da,mlb-chc-sf-2026-06-12,Chicago Cubs vs. San Francisco Giants,yes_is_run,13766062037317071607782119506530164583978178050897632350663869124986585091268,19975966264706583294185180646823316011176025321230173000326831500176578824348,2026-06-13T02:15:00Z,1
0xf0cf26e0f0796bb463541b26781af99f6414ddc1267b52c4f8ed39bcb49910bd,mlb-stl-min-2026-06-13,St. Louis Cardinals vs. Minnesota Twins,yes_is_run,17114448067343754788202923116589523399475729729004972629034168548738473501819,19503514963386961127734271871307461342931907826848683259271832803335173651129,2026-06-13T18:10:00Z,0
0x89713a5d078b694af51d9a90c956ac88b895be6d29c38417ef46c3f1b7b3454c,mlb-nyy-tor-2026-06-13,New York Yankees vs. Toronto Blue Jays,yes_is_run,26944997046460183740005552940837871166763507665101097121528702125383643560029,38044419106156639851299858058571585534575023145420362381292292967911007344033,2026-06-13T19:07:00Z,1
0x450d485ffde51f13ddf3756d005fc6654545829c256c1027517c2baa98c4f6d0,mlb-sd-bal-2026-06-13,San Diego Padres vs. Baltimore Orioles,yes_is_run,18097145541093709553979941916712532316704843012042206296175843152162713725452,104196398921613413458972099398632066692366393954294030921811517625465109127543,2026-06-13T20:05:00Z,0
0x378e2de725c0a4110b1827f0065126900ed57f66cf5f554d114278ef7e3dcc31,mlb-sea-wsh-2026-06-13,Seattle Mariners vs. Washington Nationals,yes_is_run,13820732291068753944242251175199002156462001232024050883363818683284500241692,14796760698755348368593100951355827795311674754984818993131872797938605088048,2026-06-13T20:05:00Z,0
0x5a18a1142a63f1b4aef2325d4e7572e136ba6d65f22602e8894597e9f132f7e3,mlb-ari-cin-2026-06-13,Arizona Diamondbacks vs. Cincinnati Reds,yes_is_run,102041792004538879274379319176550193013553589705679803977339171703645006071348,59815652918184524472516501767186622730697132124696544638088460966324259108632,2026-06-13T20:10:00Z,0
0xb305d6007f4a314ff5021c92eaaf6f4bbcab9c8a895b8e343d30d373a8f72560,mlb-atl-nym-2026-06-13,Atlanta Braves vs. New York Mets,yes_is_run,76405744520600364576268179147398217358024340015680476384823555188124929819154,60810177530823597065372285280944725954332645457805073566427684999273536263642,2026-06-13T20:10:00Z,1
0x0256380bbc7fcd1ebdd74497efd41ba123bab105a9d08cec33ffb5b561770487,mlb-det-cle-2026-06-13,Detroit Tigers vs. Cleveland Guardians,yes_is_run,28559651251960522735707712050934089810259330461252088756950302135734444710632,26907480922280250056073521960010450491431244321021809281006088118797031452889,2026-06-13T20:10:00Z,0
0xb80e9a43c322eed5e19feb85d1e4bb9484cf50dc1a0948684f831ac2026e32bf,mlb-lad-cws-2026-06-13,Los Angeles Dodgers vs. Chicago White Sox,yes_is_run,13483467930763262890969544673858836210053502969817691148753442734861339879750,102192929469879102529882772590761056139956681614908443938178271626343715603786,2026-06-13T20:10:00Z,0
0xf9c9b8ec917bb23c45426fecc81587b8dbf9e6bfcfb3c23bd9e23c7778210b28,mlb-tex-bos-2026-06-13,Texas Rangers vs. Boston Red Sox,yes_is_run,59327460465462834195026953744712025609623746817525700474717112305114196163805,15065108756426228606982944879755440161593296767007821797630793892472332017596,2026-06-13T20:10:00Z,1
0x7e5899e4934f3d2269eb82ca356e4166bf30d98fd4440496399047d0d3c8f968,mlb-phi-mil-2026-06-13,Philadelphia Phillies vs. Milwaukee Brewers,yes_is_run,45303094165517421484351492673102136702108080896192122716185567444950264811449,53205812835165443435703178022714712839356614636668282560940355562498877906084,2026-06-13T23:10:00Z,1
0x8a81575074f1a5489b620de0e2aacede1a3d647ba81de6b0276a2fd9ae7297f7,mlb-col-oak-2026-06-13,Colorado Rockies vs. Athletics,yes_is_run,15370582827359408145939157544219731306114599824225590395671525803800975981893,20697687154936377210928224011951482240719238845241681931032329344435467194731,2026-06-14T02:05:00Z,0
0x35ee2b5b9ae7d457b3fadf86fa7977f921cb597304ffeaf7a98712bc75d3bc6d,mlb-tb-laa-2026-06-13,Tampa Bay Rays vs. Los Angeles Angels,yes_is_run,30992876525971441848525307408791325957092653162245432681759157247517797746013,54316257333176527221326008027580609626964956283846660267087790324362206081702,2026-06-14T02:07:00Z,1
0x47db83266adfdcbb8d2a220cb07089e43f570e7043b74b6d65d5c9843f2e3f67,mlb-mia-pit-2026-06-14,Miami Marlins vs. Pittsburgh Pirates,yes_is_run,9818636342482748477359402699270613868209298417074798364291771428455972817316,54657785666753839538592838787497665543743448140949756198241038675210697612903,2026-06-14T16:15:00Z,1
0x7d632b295c3c5391001a9a34efd6279d0af87842d63373a25302211ef9742c48,mlb-sd-bal-2026-06-14,San Diego Padres vs. Baltimore Orioles,yes_is_run,84705334679117126701929701083989520040826679293033092940811929278825581855293,89497574223583234892986489315085111785395238307658365617422954590817080926527,2026-06-14T17:35:00Z,1
0x2c9afd361077f9e6cc35966bbcb5bf382cede6ad40627763dd9892ae62743b15,mlb-sea-wsh-2026-06-14,Seattle Mariners vs. Washington Nationals,yes_is_run,97264628824336932936583755346650848648402687187234431180973179921041912959142,47448910727676448369967029133550329191060349247816425408489242343273693781986,2026-06-14T17:35:00Z,0
0xf2c2dd18b36452785a03e2d8995445172e4caa6e6177c825bc777cf36aa5ab0b,mlb-nyy-tor-2026-06-14,New York Yankees vs. Toronto Blue Jays,yes_is_run,72210260130624577776712881465847272196487322556485687284519299790305162109189,53075403500554487558877360998008635464741457891289409772289077536519014051226,2026-06-14T17:37:00Z,1
0x9098e12882694a1512bd150a5121425a739da58d379291b83eced0a39abbf701,mlb-atl-nym-2026-06-14,Atlanta Braves vs. New York Mets,yes_is_run,105548282228567268456139692047600172702277538904577529306745130847272418837757,108455469317356619735921446043073320621307246999528864827617229805495388930619,2026-06-14T17:40:00Z,0
0xad6bd2db7e0d16c7f123d16af95e1e2620c0ba7bfaeee5ce7d6cde61fdfda9fc,mlb-hou-kc-2026-06-14,Houston Astros vs. Kansas City Royals,yes_is_run,4808592458346273013154712487505996717333783650617972483291473987035675108737,16881444615978026949848046967774471251614355284898982933185457998936448190269,2026-06-14T18:10:00Z,0
0xdd54ea72885a85f3fa5f69e820d2d762c056eb7dede087aa6c1941860b6f0772,mlb-lad-cws-2026-06-14,Los Angeles Dodgers vs. Chicago White Sox,yes_is_run,25997651315580259726825386897516314120053758838243956807590011778481251388534,34405176249761842647740954172629532719858650139948278622701166797305685174886,2026-06-14T18:10:00Z,0
0x09e1e9e2793157603e8175e976e66885dcb78087563e33642b5ca43cee04f74b,mlb-phi-mil-2026-06-14,Philadelphia Phillies vs. Milwaukee Brewers,yes_is_run,2553215018634340510749142500406387236335733386451502956903120289503718849686,62741008958626770694048319291392922611636224205668487048299986230016036188448,2026-06-14T18:10:00Z,0
0x3d38039765c4f9e30775ffddb9451243debe451747e2f4ba4a1dca6045217366,mlb-stl-min-2026-06-14,St. Louis Cardinals vs. Minnesota Twins,yes_is_run,18269289067247950588820685185763428939642271390255186284281517002109477889781,52878887310229138826220476708651921786005310289660248690388602365845638285807,2026-06-14T18:10:00Z,1
0xc3790116d6c679cc71ba1402d43850081a7f28d842bcf1b4e963250ebf829815,mlb-col-oak-2026-06-14,Colorado Rockies vs. Athletics,yes_is_run,62671041580674402492893373451377872859312971210207840212772141088481253046012,14874788427065456969416486033811004879162245984350505714712071776696492293645,2026-06-14T19:05:00Z,0
0x302ac33a98677ab118d796dfd2b14c1dbfd3984b175cbbb4622e20a5d7a6bd84,mlb-chc-sf-2026-06-14,Chicago Cubs vs. San Francisco Giants,yes_is_run,79381432446354733297153722432150691520716953732549131812902704644263361848482,93320897095675635172614426095005349656307446739622850096880378235346632867753,2026-06-14T19:10:00Z,1
0x6d31e5676ab03ae83afccc1890e23e88dff99bcbfd6bf05fbd2d0269f148c020,mlb-tb-laa-2026-06-14,Tampa Bay Rays vs. Los Angeles Angels,yes_is_run,48451666389826716737722706375050916114303641795544282489474500125308650776539,5338583793816964278409591413063854270687081055124843236243867958038331820982,2026-06-14T20:07:00Z,1
0x55d04dbfdb9cdbdda8aa0a54548b69f68c52f31c7928d3f265b15ee14f0ae4f3,mlb-tex-bos-2026-06-14,Texas Rangers vs. Boston Red Sox,yes_is_run,74139181948956302685095994275616149857735783445388869577843763297071625961871,88615492750830026552854882996100368378876532494944302758066953594020970074358,2026-06-14T23:20:00Z,0
0x10c577147710e1e58071f60a449f5820924367b58478e8e9ed41771ab0aa677b,mlb-mia-phi-2026-06-15,Miami Marlins vs. Philadelphia Phillies,yes_is_run,40232376300650307056186269839960174359296441660810878109997632974604616378134,10905867020455450214014390598093353092183772687082295482783139742268867462412,2026-06-15T22:40:00Z,1
0x15175380d9b03f77fe2f3da17dd4c4adcf884ad8814e0cba8cfed9fc2cb4354b,mlb-kc-wsh-2026-06-15,Kansas City Royals vs. Washington Nationals,yes_is_run,35359845974497810395250944566194339434185985123452930787644427185525924388336,1152332901599292368632401324408268755335894966399713928312529818650067212988,2026-06-15T22:45:00Z,1
0x91a52f46c0612ea79014380fbcbd72106c891b3bc658d8103007fadb066db269,mlb-nym-cin-2026-06-15,New York Mets vs. Cincinnati Reds,yes_is_run,70546022743548872511747140474608921155952819220309310833602560169478678533304,3032103048284943401731344370403090277925913658986295106214479091408892429628,2026-06-15T23:10:00Z,0
0xa9a9cb6e4ef6de895470cbea2f58263ab6bfd6e4fdc64a7bab5c11cb80c4a1cb,mlb-sd-stl-2026-06-15,San Diego Padres vs. St. Louis Cardinals,yes_is_run,70693533884456569421576174990702115207638680993098222560237726872179963840573,27570544454312869981205696852832210741298997357400935046558352186043137534186,2026-06-15T23:45:00Z,1
0x569fdd6b975aad3722ad05e35a911b934fae0a8be23299bcc0661dba79883cce,mlb-col-chc-2026-06-15,Colorado Rockies vs. Chicago Cubs,yes_is_run,17954775910770920821170314198719024097317969828293456455965202394192146830344,79258584032154869984763080067222335682532469032863881862037351230749569382412,2026-06-16T00:05:00Z,0
0x6d1189a0a137cbef9983db5efa30fb514cb7f13bc2e071f224903654ba278cc2,mlb-min-tex-2026-06-15,Minnesota Twins vs. Texas Rangers,yes_is_run,105958808449110379077868800755123687024639920727688052490115241492686724959783,97785154812946035004812636679007549566229010293205257234094736175233897954174,2026-06-16T00:05:00Z,0
0x90b4035f9e8007911d1553154bf32a5fc6dea22de2866bec3eaf31b96bc251cb,mlb-det-hou-2026-06-15,Detroit Tigers vs. Houston Astros,yes_is_run,52379418377494428409787509143174817456556051874339720475968380005720788700381,38574514656732651504447463999527234613204773333075563337679453007571970335995,2026-06-16T00:10:00Z,0
0x85f0ba8d0e18fbafe61e522260a53cedfab0598eed9493b2b757dab50627d6d9,mlb-laa-ari-2026-06-15,Los Angeles Angels vs. Arizona Diamondbacks,yes_is_run,100412055084953960056371756092089038101631245472402836524860140686614681248910,96813967326095730110977440799142309970067388109246592006664009902538570099260,2026-06-16T01:40:00Z,0
0x7c2bbb5155fa4774156ad2709de48baf1b1a018d30631d4e02a59c9f46323b5e,mlb-pit-oak-2026-06-15,Pittsburgh Pirates vs. Athletics,yes_is_run,7070874349566348266261109573775020196036665960080959725634234277593043470067,18084304834764325955551899798705993554144682538337638893331413715997514094493,2026-06-16T01:40:00Z,1
0x38fd3f83686d2d4bf59c8cc1bb0d8715b486a8aa8302d5364fd9ed052e467359,mlb-tb-lad-2026-06-15,Tampa Bay Rays vs. Los Angeles Dodgers,yes_is_run,108296810348519382236476220358819975883051109074363774095488158630668438848562,111803786767389834222087082991786062150125723090862689815246573726120584618024,2026-06-16T02:10:00Z,0
0xef3434bc44cb604356652da5a2ee792713c5929817500191356b8f82275a715b,mlb-mia-phi-2026-06-16,Miami Marlins vs. Philadelphia Phillies,yes_is_run,72477505617455720473689978001516798334274438472959902191100773273627566106845,21965227866914307223218353160700026798238970650267650048425878710724406624394,2026-06-16T22:40:00Z,0
0x1bd0d8f7496e6f9c52dc313907f7aa567f6f4e33438118cb6983aa539c05aca1,mlb-kc-wsh-2026-06-16,Kansas City Royals vs. Washington Nationals,yes_is_run,56389170759297180516860380239424590479298163620046872956434363465156634845624,76261908735387834734715110453744772986058375591038406056163117626442525046363,2026-06-16T22:45:00Z,1
0xf8bf606761468e2382b794d5fa1986a9bcd450d0d63fa135b8294545a11d6f73,mlb-tor-bos-2026-06-16,Toronto Blue Jays vs. Boston Red Sox,yes_is_run,41242293344083941353329614431877324402511562647075920127678767030597625246394,28326832083387957050991774328839107513625785884373341975998416276321258436714,2026-06-16T22:45:00Z,1
0x8fd13d9ef6d7a9b5a95985d473c13bc964d728f64e3eced475438879360c74b5,mlb-cws-nyy-2026-06-16,Chicago White Sox vs. New York Yankees,yes_is_run,108749452766026612107708317522785559940837332005021824323974609038434174642872,59058332651778907369036924660418027185958530908021476706710566763454617477954,2026-06-16T23:05:00Z,0
0xc28d852f0ae4e787553e23d8e226a0564190e5e2fb8022c78f415d6f74687ea7,mlb-nym-cin-2026-06-16,New York Mets vs. Cincinnati Reds,yes_is_run,49638772286140406583778745440345255219455732105871436703278610243768259649498,92075812078449455757329141312311199622322620292674882993130342359787219181436,2026-06-16T23:10:00Z,0
0x4f2801ba4c0bebb257d03bf881bb8d6db899500d7a75309af7d224d54749a301,mlb-sf-atl-2026-06-16,San Francisco Giants vs. Atlanta Braves,yes_is_run,85302305902601566902480500803726009022639118688100525811496066228513585649765,49464886774625087112749280084034129895131931293634983758415338956522758834385,2026-06-16T23:15:00Z,0
0xc3ec6f34f08482d8bd92861f3f64dc53a389556337d4a984c08fe36f16dc75fb,mlb-cle-mil-2026-06-16,Cleveland Guardians vs. Milwaukee Brewers,yes_is_run,93594362932193137381928831139576550695549048974850881161644738219987323498584,83920454347128861096557502794971799679055970958564668610755760788792103075573,2026-06-16T23:40:00Z,1
0x73ee6bb51ae2e180db45d00b0dc8f27d18fad95555617df3bf9f94ab7de08d73,mlb-sd-stl-2026-06-16,San Diego Padres vs. St. Louis Cardinals,yes_is_run,97698099798923244498238226339318819718687202417069473518948279857940765923543,25141586191036568130635894123355222599750694422843853538753298633088134226995,2026-06-16T23:45:00Z,1
0x80f3145e5327d9bac4deb5f31ca33a5f462b346fda25aa54e5048a47acac7710,mlb-col-chc-2026-06-16,Colorado Rockies vs. Chicago Cubs,yes_is_run,89414696402653925717855126753817921724416756961191097206122580898904632653148,55679701137968053898738531045262711942226055876327072546386746994595464560662,2026-06-17T00:05:00Z,0
0x01d1d621dc6c0965acb4b7b0b0f9d9a6bdcf3dcea03e70d6981729922ba627b8,mlb-min-tex-2026-06-16,Minnesota Twins vs. Texas Rangers,yes_is_run,16385884794438148441628065426651360406458938339487031481142526188795726426682,82273687583319835683609452825952618773067042460619925070980027581476995437574,2026-06-17T00:05:00Z,0
0xbf85bd009b125728f0c238430b3ae2d70749cbeb57fab80ba580f939054c8c3d,mlb-det-hou-2026-06-16,Detroit Tigers vs. Houston Astros,yes_is_run,32497962902405839802108023474620849387685967686138545577883069880462770080075,94468358809784320847913175473405091712587045390785269029969083964361667825049,2026-06-17T00:10:00Z,1
0xad0b555ef0b7995a5bf591152cd5d9ccd24f3a995b2a9ea15cfff700bb49b627,mlb-bal-sea-2026-06-16,Baltimore Orioles vs. Seattle Mariners,yes_is_run,77699431510771316617089707598052451822579094316975061339206110864087555264237,109968333849636365690597729221346934412823151605141797228975694792242012174816,2026-06-17T01:40:00Z,0
0x958193e0bbe922a7d999483b006d9167a21563f9cc375458ca10b1e36cb46646,mlb-laa-ari-2026-06-16,Los Angeles Angels vs. Arizona Diamondbacks,yes_is_run,32113405963916245524081612233787811185823604346174599517790053832625335696661,53023488668652489188845422536459560387349811845225231704170713822713441303724,2026-06-17T01:40:00Z,1
0xc3d16aef00a062aa8f4da8d267856ec7d0d975c9de2947d4c489d2081f490bcb,mlb-pit-oak-2026-06-16,Pittsburgh Pirates vs. Athletics,yes_is_run,83474114010243730489719524881162214519301702374925608660841399094503700011047,79077529356130019357182618498273725056229920006455072229573518558867919052514,2026-06-17T01:40:00Z,0
0x0c5a5755ee72c06e846c5f42163b1270ba677d448759aaebf479aac4ce83738f,mlb-tb-lad-2026-06-16,Tampa Bay Rays vs. Los Angeles Dodgers,yes_is_run,36217570912206105344623607836986333386074963150845769638516434721532439267847,31531323589737280768789574551640572554122243335236430468125128375679679891833,2026-06-17T02:10:00Z,1
0xe461003fa025eaf636ca28a65015964acdf6752a846d1c65e2bbdec5d9c47d99,mlb-nym-cin-2026-06-17,New York Mets vs. Cincinnati Reds,yes_is_run,50425980568604442607012812245803333330469499299580931513986933178579549756188,58256650216813109677222150012640214480284751089587106195859794071853823665694,2026-06-17T16:40:00Z,1
0xd7fb9fb08bda0127db96ff1bc1fbf2e6b30f4716e839e13215f18eba4c8805e7,mlb-kc-wsh-2026-06-17,Kansas City Royals vs. Washington Nationals,yes_is_run,89837089470204139652717524818048287503818485375280122244105197847903850544465,99231314401822628460626705614897325943768515870934301085799005645631702146522,2026-06-17T17:05:00Z,0
0xb79b0e7f8a3d2be7d76edc27adcc6b391af889f9d3596cbf717cf9f5083e9bc8,mlb-mia-phi-2026-06-17,Miami Marlins vs. Philadelphia Phillies,yes_is_run,492932258295158890785478599086010491364594696419590029578647265590518536348,80679445699024594992212514363170063516251519115965154078973395578853818599844,2026-06-17T17:05:00Z,0
0xed959814e5fe8aec4a4cb4b44f6cae685af6729914830bc861cf7c7cdbf2562a,mlb-det-hou-2026-06-17,Detroit Tigers vs. Houston Astros,yes_is_run,54922930713368632605457018305170784293235975316878112031301012381929737440695,25260202856261362607565696091659562442760206191227776516586957427270303445020,2026-06-17T18:10:00Z,1
0xcbf67d6dad42878011bcc26aefe098b13672ef85066e8f9f6093ae4ad0baa377,mlb-sd-stl-2026-06-17,San Diego Padres vs. St. Louis Cardinals,yes_is_run,114077354724001195928236925402807735514432989830036168922750976362198563265530,40539085044388210932209765122560037434865079139217761470877999247654105668727,2026-06-17T18:15:00Z,0
0xf014863e4d720c6fcf6c3bdfd15c106de9c02663c92de540e4fbb9fd8cb7afb0,mlb-tb-lad-2026-06-17,Tampa Bay Rays vs. Los Angeles Dodgers,yes_is_run,42073748554095029376225433810401443439185870474006115249363793707159716085098,16112351941598384973559472036660405366429040021161537176974638650711759987506,2026-06-17T19:10:00Z,1
0x3a3d4013faa7f0e6906322b42c8ce53a0c36ba86556c95ef0d315371e01d50cb,mlb-laa-ari-2026-06-17,Los Angeles Angels vs. Arizona Diamondbacks,yes_is_run,101871214223045095234417327147421493087122235851823383758660853466881144526044,1722187702878855479301690086808892296672362838683639183214990152641474354138,2026-06-17T19:40:00Z,0
0xcb28584a96fef558715349bf3111b05ff36d97f75b354b592703540aa05a8a58,mlb-tor-bos-2026-06-17,Toronto Blue Jays vs. Boston Red Sox,yes_is_run,57267335947436514165402845516625820009364737364652288451263430269583683937547,68588208586335313416282335318635041542938188599447777871474961126502583564780,2026-06-17T22:45:00Z,1
0xe6acde32fbf2018a544bb489968ba0a7f02fbc02df0617c790fd43b38b8dbda5,mlb-cws-nyy-2026-06-17,Chicago White Sox vs. New York Yankees,yes_is_run,1970755182037378140334379269616550232020050621766175248361793434837545439111,30202609390604464342234972551440230858559911727314483855725834986185163623972,2026-06-17T23:05:00Z,0
0x6a554a30d749f1710c67a3d93eb27c15811fbfdbf13c24dac34bed986c413942,mlb-sf-atl-2026-06-17,San Francisco Giants vs. Atlanta Braves,yes_is_run,45525411224038689013727260393259257467830947853794090774487462543805389446085,74830131664633817530994742497379824172167537751451607154627784193165409988481,2026-06-17T23:15:00Z,0
0x56f74ebe535687d2b61a5c2d5acccfe9413d1a6ae0911b8f9fa2ccd2881262f3,mlb-cle-mil-2026-06-17,Cleveland Guardians vs. Milwaukee Brewers,yes_is_run,91851517642908916425870418255895455281094825535939860043624944050160118888422,100305370182171039539399219279159518814589661952395257937086979986874024545766,2026-06-17T23:40:00Z,0
0xba00b3c0e88e3063c53dfd5fe281cb15cf2813954faaf0b0abccdcc89e17e6c5,mlb-col-chc-2026-06-17,Colorado Rockies vs. Chicago Cubs,yes_is_run,95080551655808016829667903125722158096612567063867167141558421147429355343587,23764770380390807764288234090615084849222561421717449198608998121924968707351,2026-06-18T00:05:00Z,1
0x3395d5fc0f714f702a8aff19fff98e5293ae86a23dc91fb2fedf5d697adb096b,mlb-bal-sea-2026-06-17,Baltimore Orioles vs. Seattle Mariners,yes_is_run,68718038734456175900555991003980649887426364861740139166577314492513468738407,114439679351046937880172418363447404421153875946244666220670790469360732893860,2026-06-18T01:40:00Z,1
0xf6f1a1ace735e2924e718461d89a44e5fc188b5cefede8f69d44bfb5cde0875f,mlb-pit-oak-2026-06-17,Pittsburgh Pirates vs. Athletics,yes_is_run,93783556831744676514751939682997859774055043421487131850264931628315018784253,4565277800513007164888566858362869187800236090719045225164164898312937779933,2026-06-18T01:40:00Z,0
0xe23487ba831fcf696e67a65989497a0517de48097e0f3e14030867072257b504,mlb-tor-bos-2026-06-18,Toronto Blue Jays vs. Boston Red Sox,yes_is_run,5662199538960461867305767415659374813365368671647636358607891579902157402997,58444862597819812968821612860899945399055659791569770645562130848816710758989,2026-06-18T17:35:00Z,0
0x99eecd56bf79499fc155a22f0221bc61d89bf6856983b4766c02adbd57e48233,mlb-cle-mil-2026-06-18,Cleveland Guardians vs. Milwaukee Brewers,yes_is_run,109204407387514265229931545805467381248849064682118136251966776385920130277595,28192573374906214882376775326010318607885981292715021922428469250060611256302,2026-06-18T18:10:00Z,1
0x093bef129ea30f14df275c5107c8414f7908f95d831e77c5c6831a24e6fc4fb5,mlb-min-tex-2026-06-18,Minnesota Twins vs. Texas Rangers,yes_is_run,40249776832477316170127790147937492188752888951397596269565650085638650577762,33655518750067488386447940995639430536647373207545783165370458216788634508095,2026-06-18T18:35:00Z,0
0xa6c67602ca995363cf40c3aa543f4d00d0e00398e4e07f0599d9e764cd9bcce2,mlb-bal-sea-2026-06-18,Baltimore Orioles vs. Seattle Mariners,yes_is_run,103917890806159605738683736884545422335019199234686141234095793011415372229457,94656510978260043778810271286825062811820895293712566848154236139318780554853,2026-06-18T20:10:00Z,0
0x91e786089255b05a38f5dd8e2890dc596d4758d057ed8a8e399d7a2f00e61ae6,mlb-nym-phi-2026-06-18,New York Mets vs. Philadelphia Phillies,yes_is_run,70060742213173276635674976906954557317380373321641781165881446234223333020410,23200497669694800765277811095791325008300402504482226149467092297924851102547,2026-06-18T22:40:00Z,0
0xf97d1e5846b46bb2b0696c6961bf96a2d0eb8eabc358d14329e4d0d96fdf9e4b,mlb-cws-nyy-2026-06-18,Chicago White Sox vs. New York Yankees,yes_is_run,8264222022873579435170276214725665058905069494872497116649691019304941351835,100381985405341233447374159278045096048330707957323747949226460368777906069855,2026-06-18T23:05:00Z,1
0x6228d6aa2b55641ecaeee25d6235cb00ffb79d9c712577e4466708379c6e6a34,mlb-stl-kc-2026-06-18,St. Louis Cardinals vs. Kansas City Royals,yes_is_run,5857388351372889754400828903833365922425356329449253952299103000621703471641,15933720229416232087476389389646789364681466540910654959930001742266352461924,2026-06-18T23:40:00Z,0
0x6286791869b11c9224d9e5d64848829406f0953df8aa8f916e6ae8ca1ca853d8,mlb-laa-oak-2026-06-18,Los Angeles Angels vs. Athletics,yes_is_run,98577287965252399153533586616955958879776059981728050448632678575368781788571,52797135624552837935356962294237772801762306653497449044666917649105821542026,2026-06-19T01:40:00Z,0
0x59b3d287bffee630661afe4edb3e4007e13c4d1b90c17d2338ef24915a2db5ec,mlb-tor-chc-2026-06-19,Toronto Blue Jays vs. Chicago Cubs,yes_is_run,56474677935777653626337481889738870214254936551540458161458328109236851371297,76082212458334877058985059893815273568224918511914938012515234800878096801535,2026-06-19T18:20:00Z,0
0xb49ed1c4398840dc1f1112d6634142d6e7ac4b162060542f6089c7a96832e659,mlb-cws-det-2026-06-19,Chicago White Sox vs. Detroit Tigers,yes_is_run,113287605203528136824281041407990822913410230548215339978509127203889553015690,24642419728415282172551071645237109549488899416884550912876075093630418015304,2026-06-19T22:40:00Z,0
0x7d60b2e7e37acff7f6de352fd91bbe9ec77d2d15be51f69a27de246cb420070d,mlb-cin-nyy-2026-06-19,Cincinnati Reds vs. New York Yankees,yes_is_run,85917056061333844268265049674161095696676637038872247581078824251364191514153,112612693391606585370036364787685878988136565537799802545555845986797840616073,2026-06-19T23:05:00Z,1
0x7645ea0d20b3c4aebde4517e9c55d0d6a29da72667e2d011515ea93ff489a76f,mlb-sf-mia-2026-06-19,San Francisco Giants vs. Miami Marlins,yes_is_run,94239686558724900120780308181100475277238282032610479631054795973992076226036,421193365886484243410722764570069291160073336228006506035268751582903443599,2026-06-19T23:10:00Z,0
0x679e6c3a540e298cf642953fb9692e85f7b0c8d20a3f348324517df79059d745,mlb-wsh-tb-2026-06-19,Washington Nationals vs. Tampa Bay Rays,yes_is_run,89292863612247481174394435183429098485101770573203858403357149429041205584406,74681255592744364262432036308934058181198774388213759755169315212321116673684,2026-06-19T23:10:00Z,1
0x44307a02811ec438f8eba9bb13d061ad56bd95d6df12d4f952b7422c2fb03e09,mlb-mil-atl-2026-06-19,Milwaukee Brewers vs. Atlanta Braves,yes_is_run,100465618589727679899679077633248169980543505862472905949538981976517814855606,54055974703106929761588454548602078035595140042280497999271768392503358309866,2026-06-19T23:15:00Z,1
0x455d1dbb85a430473322240160549b1870a7c3ff933d69e21688db64b010cb2e,mlb-sd-tex-2026-06-19,San Diego Padres vs. Texas Rangers,yes_is_run,26481860360457117106273353038401555128132291021690473469977799836560571874758,70831355571724266351957836399276609105350430684493290291257016098330563298293,2026-06-20T00:05:00Z,0
0x0a8d48b7cee1a71e05a5958e31c0ea2759c4486615aa5a9b80dff32b6dfab70e,mlb-cle-hou-2026-06-19,Cleveland Guardians vs. Houston Astros,yes_is_run,44296452043510352085519460948679340995444871813987900593495620649583794552077,76201877805135415121787324190678501424533825229063318572646398132835740621604,2026-06-20T00:10:00Z,0
0x9c9c866ddd72cd6e04d67ded573cbe8aa0c5547bbb33a2fd18c6d01e9c467f05,mlb-stl-kc-2026-06-19,St. Louis Cardinals vs. Kansas City Royals,yes_is_run,62465088592773232092897647603853657258307499450747781902736550832422614897710,83258977924600533640497822815092365350498765205655123943964750635269279698230,2026-06-20T00:15:00Z,0
0x8d1243e6b5248396c1bb95365abe6ca63d1b35db1868706a20c012277ac60654,mlb-pit-col-2026-06-19,Pittsburgh Pirates vs. Colorado Rockies,yes_is_run,87281130668810102591693498633807350607491348172666107036073311756490140971435,80925082886215591100341051601822618324675633744277244526865998917575219363597,2026-06-20T00:40:00Z,1
0xd8b0e55c2abb6eb0db07a7a7cb3d82459a9c25a4d188db7da8e8258749e86fe2,mlb-laa-oak-2026-06-19,Los Angeles Angels vs. Athletics,yes_is_run,54136306243376034839832584423711043818962761767114746289517182029033417906595,77161898806980936380041596574472966429671769940745405077920182055165430941420,2026-06-20T01:40:00Z,1
0x66360917543ca237ca8a0c55fe4457760fa385de5734a4e5259b388d0197dfde,mlb-min-ari-2026-06-19,Minnesota Twins vs. Arizona Diamondbacks,yes_is_run,61617683886559882216322002478449438770978457498530303562566916176538691180168,17212814436324292520227841764996000433230953466134235273084040529881679677606,2026-06-20T01:45:00Z,1
0xb877fdcbeae65172f5a5292053ec429bdcaf1c0fcb2aa49bf52865c5d725330b,mlb-bal-lad-2026-06-19,Baltimore Orioles vs. Los Angeles Dodgers,yes_is_run,112952462352969678261479657159063329608773151636131610422096726988127447361544,67487925360750145876187861094725102461298366479278319999548548083111547240656,2026-06-20T02:10:00Z,0
0x48abc013f3d4273824e51eee9e28b15c87a7786a83281e73835e9026a85d2d38,mlb-bos-sea-2026-06-19,Boston Red Sox vs. Seattle Mariners,yes_is_run,15408567594726830247857982619817842737232417404719015291749351774208654436877,57832758115866797526269975388981405972963453442094740377954253455405161402321,2026-06-20T02:10:00Z,1
0x3c2203bb6255d8918d615c9313c5f9fd5b7926c99c9b2710dd15d248afe37890,mlb-cws-det-2026-06-20,Chicago White Sox vs. Detroit Tigers,yes_is_run,112088554431924445961454002517223244087858903193270825919725270143507771382853,67359509424974888870917480518284035692276750299900974358862980382760183461635,2026-06-20T17:10:00Z,0
0x1e41ddf9d9a7f3c015c21824a6aca3743b818d51b08d6124cf6ff88027547ea7,mlb-cin-nyy-2026-06-20,Cincinnati Reds vs. New York Yankees,yes_is_run,42397973793418680116123915364533899344987021635365210027848135225723869806018,23072864006008542305093959475544881687686805731323478822328431044607714797996,2026-06-20T17:35:00Z,0
0xd715ea7c40bc08b631585d733657c3ea7dd2bb0d72c0c8984be2bc5665402ba7,mlb-tor-chc-2026-06-20,Toronto Blue Jays vs. Chicago Cubs,yes_is_run,71695463980297112448867597170112841749519359839975937706670085301873872830822,30522236802849540188799795959672552468967693710541766349309854149341652851614,2026-06-20T18:20:00Z,1
0x8703fb021ff4497617c88ec7685984a8ad0a54ccc22ece0d5f1c0b0579934436,mlb-sd-tex-2026-06-20,San Diego Padres vs. Texas Rangers,yes_is_run,12765355135159433180733476942111861189858826560814962680937953025909215184555,29830402620691368365130551472677586318819027161665924808249264006877110151562,2026-06-20T20:05:00Z,1
0x7aa567156ffa03203d5ab4bf1d38e9d2a972b6ea56132196693e7eac8e95178c,mlb-mil-atl-2026-06-20,Milwaukee Brewers vs. Atlanta Braves,yes_is_run,87577345934071055236763341424351618445000010421462489627720867340352987573013,48902887062246744930810014962931691513006313716699844869939766830747294565390,2026-06-20T20:10:00Z,1
0x8ab936a4967c0b9bfe876bc21ed71180c0e47121b8c990d067bfe10ec6ff4779,mlb-sf-mia-2026-06-20,San Francisco Giants vs. Miami Marlins,yes_is_run,87361934050888542206150965253534361936829026338392615238002602682671333791502,93551469654944062557994109796686431267909495020415329459981101926927357756360,2026-06-20T20:10:00Z,0
0x82577220b39717ef51ee08e46375241ecb644db1814e0d3e4be09dcb14f81eae,mlb-wsh-tb-2026-06-20,Washington Nationals vs. Tampa Bay Rays,yes_is_run,22843237260846813502969945400092029583950013045981612382726639039513264313119,53493214873537304168602265734362106822580380763300836705289963449237593337931,2026-06-20T20:10:00Z,0
0x2aefa5c3fe2656c98529d25582b3ae3fb96043d1bf9461e15d1a038ab44ae03c,mlb-cle-hou-2026-06-20,Cleveland Guardians vs. Houston Astros,yes_is_run,34458563523268988624684174538289373869636751062420988442602723066610940085843,42242973821721913052742412096921906358772717007226397997901866328151419801956,2026-06-20T23:15:00Z,0
0xc3298fef905b679143f38205f6e2ea107cbc3b2ed4d4c19a93771ce113ac7859,mlb-nym-phi-2026-06-20,New York Mets vs. Philadelphia Phillies,yes_is_run,86654336039087599139248116285738657439547800314060935547779420535328336457778,82440416291744789038186672897486540619698697601149889236099371759690608647659,2026-06-20T23:15:00Z,0
0xc6c1cd7e0c9102475b1dd4ff643f6442a2064ad371bf04a7fc86abc2f5a311cf,mlb-pit-col-2026-06-20,Pittsburgh Pirates vs. Colorado Rockies,yes_is_run,85320323286881068779809008579361000740404990686588376007519732807892255856496,8116490569218265911380428148527745987366565609671219668941287274679777799062,2026-06-21T01:10:00Z,0
0x186566910944c3f3a80ddfe41a788d08d1cbc32ea7fe855a9d82b4573c51d44f,mlb-laa-oak-2026-06-20,Los Angeles Angels vs. Athletics,yes_is_run,13584412148378108699301640502132651738283687232382008722614759364884184957392,35917748927834624168523117578562917374610590185562658700101167153128795408280,2026-06-21T02:05:00Z,1
0x36a18e1a03c23df6c8c8124ce8209f8ba91f0b3a5074c87965dc1a46cdf3eb81,mlb-bal-lad-2026-06-20,Baltimore Orioles vs. Los Angeles Dodgers,yes_is_run,37301901000901115905983928973444033235762248500401572208003338009374821090576,69629662979142301579507125688766861291595226188678312281044728306145016485119,2026-06-21T02:10:00Z,1
0x2ac756724dfba79e5dbc459e0a1e034efa7fbcd54e35da5d556b2fe5d52405ae,mlb-bos-sea-2026-06-20,Boston Red Sox vs. Seattle Mariners,yes_is_run,71031932713850098965474006371713389161390153126358451817951481872231059497593,92814530868964438701330419657272855899625282688754378066820806815012174362477,2026-06-21T02:10:00Z,0
0x9ec917ebd9d8590ec92309d72a8038093ff3ae345d88baf90d2d287c07f8e473,mlb-min-ari-2026-06-20,Minnesota Twins vs. Arizona Diamondbacks,yes_is_run,88682640530680990365340853910748679409122678387553158384938659695521730556979,58855578500456527478826973377402172684243832542464812982919321762554951613159,2026-06-21T02:10:00Z,0
0xaac93189b0ad67a9e728322a9b9296118cfb77ef21e0a5b8c35cb40a53697249,mlb-cin-nyy-2026-06-21,Cincinnati Reds vs. New York Yankees,yes_is_run,68897466451562683478567466851919592161113951273684910749249139262370130998964,53300405380185299245389881602079072944903022919302274686438505268962993183014,2026-06-21T17:35:00Z,1
0x3c2b693e2bf180ffbd1a5639a8ffcad77e8bbf9a84479722e274233ca5a763b0,mlb-mil-atl-2026-06-21,Milwaukee Brewers vs. Atlanta Braves,yes_is_run,41340487453985381603867851582806888549425056577430228637871329661921663642457,12670427406602496690454751490602321073844027037331853645158620137045696255650,2026-06-21T17:35:00Z,0
0x9aecc66730a28b6ca00fc5663752fc4a977ecc308ee484c94907648b24861639,mlb-cws-det-2026-06-21,Chicago White Sox vs. Detroit Tigers,yes_is_run,110000031889599960207745473935670549894579581783773471292629630350911562341604,49505424372639510995941114735088236973327811542180042077373187208835698407479,2026-06-21T17:40:00Z,1
0x3f2cb063dda5ca2be683e9f721543d0bf80d7af52b3e6c8d208fb224a19bcbd8,mlb-sf-mia-2026-06-21,San Francisco Giants vs. Miami Marlins,yes_is_run,8764550730238919921442714822507868091424041834060329936600789218854201645424,79714462274661598317374327124003336749135687537936805092833641624571578396718,2026-06-21T17:40:00Z,1
0xb3ab0dc3c227196f5a5366d6ace3330235a5e21f5c9dcbb06ac4e0e327409502,mlb-wsh-tb-2026-06-21,Washington Nationals vs. Tampa Bay Rays,yes_is_run,25141799335249466138167853464394873663769118617299958558360407496394241680965,92527279994825066059945135191892361491220717604449004412192784676049134612172,2026-06-21T17:40:00Z,1
0x6d3b99cf0f363e8a283c04aae21f1c16ffcc1886978221bb86a8e55e15f0262c,mlb-cle-hou-2026-06-21,Cleveland Guardians vs. Houston Astros,yes_is_run,4474623094637879077440477838558989392913051487735212201970223161803595685042,22542910734637204082311198950044349203789459692362513412886764815544701667695,2026-06-21T18:10:00Z,0
0x0e3317349fe139b9bb9688999893a56fdc16fbb8da327688d5063f60e69c4bea,mlb-stl-kc-2026-06-21,St. Louis Cardinals vs. Kansas City Royals,yes_is_run,82211394062761824590186020616422733537593650958154303994420839827052672778022,9670383235668832363807879689938824950170104406205861964794726156141388858347,2026-06-21T18:10:00Z,0
0xfd05aa7330008cc0bd0ea110ac7816ba9b3a10f2a6d0875d8a14be7bc62ce46c,mlb-sd-tex-2026-06-21,San Diego Padres vs. Texas Rangers,yes_is_run,3293933721048054100091617195936311217052138378723116788442411469035360632277,23597494929300757183072889944056436012820572667473812110188888575723676718961,2026-06-21T18:35:00Z,1
0xd702314be8e490bf76213f04ffbbed8b2dd34ffecc587129982b111e58be36a0,mlb-pit-col-2026-06-21,Pittsburgh Pirates vs. Colorado Rockies,yes_is_run,49824821049854511398447407621390566471723623200715502492784971334781241647775,85976938195906437953728912199632557450487325232606778918604399880753606750547,2026-06-21T19:10:00Z,1
0x957be9200f818a2a59d6e30014e09032e52664ace55aa72317701d14219f6fa4,mlb-min-ari-2026-06-21,Minnesota Twins vs. Arizona Diamondbacks,yes_is_run,58685341234949088442574139981835150102821793885020962443591970266400588281029,103652288667323109924591530405534894982991252381330236515256401699055421372504,2026-06-21T19:15:00Z,1
0x62f7166c52253f94852282cac60733febefb3034bc319ec07504ab5de4830c75,mlb-laa-oak-2026-06-21,Los Angeles Angels vs. Athletics,yes_is_run,46832867682358415237294543519530780160311451245405493730223028211984112514809,113117148136545191435322678369390991205600090329462762657631973038343596375056,2026-06-21T20:05:00Z,0
0x4752d8e9198abd1fbade13b5ac64f834474d4e86a4679e9035bddb459aeedb0c,mlb-bal-lad-2026-06-21,Baltimore Orioles vs. Los Angeles Dodgers,yes_is_run,83960424100237538898768897329189088223170534653486414085846478211192238821644,32347340225780879685752367474956278881379503840692767835025386319110428088174,2026-06-21T20:10:00Z,0
0x91fbc4471062bb549c95703e9055e3ef4c164cf10eae81cdc037a5851048819c,mlb-bos-sea-2026-06-21,Boston Red Sox vs. Seattle Mariners,yes_is_run,33993033200316105292820348904136985009330464840115612472978354058605720685573,89618543521653852384161415338657717048122214515554626585260026466703152836167,2026-06-21T20:10:00Z,1
0xf002c7fb75eb5c91494ea8efc5b73f7887bbbf63fc006e0163f4a5d0f3cc8a67,mlb-nym-phi-2026-06-21,New York Mets vs. Philadelphia Phillies,yes_is_run,102851342491105380886457686774165642457113709354627726926037643986108960217483,104062525352534067533990364827325553055531701204578424548296124048531620807080,2026-06-21T23:20:00Z,0
0xa7cf8c97e346e837bfd737dda7a069bf5f97982f3700718670d8021bc86552bc,mlb-nyy-det-2026-06-22,New York Yankees vs. Detroit Tigers,yes_is_run,48610440194906127221980413969250223681860847722722342346288506653714635464434,12878908487326195854717018389272379774970059256641919186995563019589043840359,2026-06-22T22:10:00Z,1
0xf88e74338dba1305aba25d175cfcb9b4ae307d896f4e411003f0d8f9ca06bdbd,mlb-kc-tb-2026-06-22,Kansas City Royals vs. Tampa Bay Rays,yes_is_run,81353300713097571097518124759909548939095673124429895160922073315316203895576,108302313798946199436310462175765982817938706187780558363814078254798114647650,2026-06-22T22:40:00Z,1
0xb726228cd581a68eca13617e840e0591e60cbed41a8004dea399ed7101272107,mlb-tex-mia-2026-06-22,Texas Rangers vs. Miami Marlins,yes_is_run,44472330616467567136203686053653360706074483759788089126277474066707850157108,8710033440699909807268032480961434514005035142188470326882662808192334295088,2026-06-22T22:40:00Z,1
0x7772bb7572b2c80d4f15c035c78959e71ed567edae48a88314dfae124ad0c403,mlb-phi-wsh-2026-06-22,Philadelphia Phillies vs. Washington Nationals,yes_is_run,35373817547813849671683579079659233219417696755907164011642144054980039432748,110518021746528714261335516147021552564238888453576053866841452574334984110015,2026-06-22T22:45:00Z,0
0x41430b2501cb97c9ecbcda19699dda9adf524d7fdaa78ae9ace5380cc0c7e8a5,mlb-hou-tor-2026-06-22,Houston Astros vs. Toronto Blue Jays,yes_is_run,90655519393972189917853413484458423543234071304554766824706929265576166188595,49266784958026346746557022501737308664799353204242536309509030249154434433288,2026-06-22T23:07:00Z,0
0xd6cfacbe9ecbb1e5d62d1ae666f58c1d51d99a36af5048dd2a5fc020f79bb2a2,mlb-chc-nym-2026-06-22,Chicago Cubs vs. New York Mets,yes_is_run,15716265922664560752829706401575785461637854280467877991863836508061783587370,87925603499338456318295580159425155082039238332481977473913763077866954559521,2026-06-22T23:10:00Z,1
0x65fbdbf17424332a4799d042689be90830d8c1896b09a395fea917e744efd5c7,mlb-mil-cin-2026-06-22,Milwaukee Brewers vs. Cincinnati Reds,yes_is_run,22931236614385582331424102187291456607457966113000716537086460073738962652604,31463375158002868772845639192058218689490287773175152727882388489042047477138,2026-06-22T23:10:00Z,1
0xfb91f602bb0032772c617bb04138e197ebae64bf7d83483b1305178f8c431613,mlb-cle-cws-2026-06-22,Cleveland Guardians vs. Chicago White Sox,yes_is_run,68069134243107118827563582752412122500482746947703679182262239540648085619143,56010063333500443795969842231807015062917312596057388092210697720004688279377,2026-06-22T23:40:00Z,1
0x3b80ed07c8cbc10e7f477c01bf79c9f46032f9953823ca228d5d8f2945c21870,mlb-lad-min-2026-06-22,Los Angeles Dodgers vs. Minnesota Twins,yes_is_run,113014614096471997260313947932777423164511769663977267617818922852518433761895,28997003992457004528666042371179366162206524711177817273381994010657701686376,2026-06-22T23:40:00Z,0
0x471dec2176558c64c29ff589c26c0eeab22e21a7b808f300331c543439b476f9,mlb-ari-stl-2026-06-22,Arizona Diamondbacks vs. St. Louis Cardinals,yes_is_run,26841964360129884849731300327472948323398217511306465125195797883898352654305,69784622460344339211080667427415063744795933866483813057433124589261145243037,2026-06-22T23:45:00Z,1
0xf0a9c2d2b3f04a390cb378e016a8a3df3c35a8f4f7749a87bcaa9a4b7fb81f0f,mlb-bos-col-2026-06-22,Boston Red Sox vs. Colorado Rockies,yes_is_run,111280144772102872203364510055882724545535925718719800449230921345910645387734,112810363917109610570850719992047786530948341871363422390483702995141840647508,2026-06-23T00:40:00Z,1
0x57967f871ccc9116cd00f9f654d49f333895f7cc997249ba84f26053b0389238,mlb-bal-laa-2026-06-22,Baltimore Orioles vs. Los Angeles Angels,yes_is_run,62867845295580871032340219624202014853242189704908105686632933429662059959602,5613188677125403495119692371338693035170756772864169715532217075127574086842,2026-06-23T01:38:00Z,0
0x2e3d63a89749505fdcedcd25b1bad99866d75860adaa3590b264adfc6bd4515e,mlb-atl-sd-2026-06-22,Atlanta Braves vs. San Diego Padres,yes_is_run,115457751711641355459734738046095195950946218831255992384876649304491208231162,70882703488412152316829848428221646792508529172913567950114922700125806734224,2026-06-23T02:10:00Z,1
0xea762d4a84d45cf12aaa1776aad6b4126fcd48f77ba3a5298a06767f9b3eef5c,mlb-hou-tor-2026-06-23,Houston Astros vs. Toronto Blue Jays,yes_is_run,32925392073672479583219237827448226791347742832877824596132947538009967693659,5566398466211991000575425050883674674414577470070268453958884641218557328751,2026-06-23T20:07:00Z,0
0x59abe96641e9ab065604b78b7dec80ee3c072e0b775f313d8b169bf9711ce90c,mlb-kc-tb-2026-06-23,Kansas City Royals vs. Tampa Bay Rays,yes_is_run,34404125536119303612802522708564620639613597844983399903738313811472749108206,25664472396628384269047519187752851921054228932236042432457399462751304171381,2026-06-23T22:40:00Z,0
0xa937862090fd9cfb7b8c20a4024fb3316dd15349076f813f14b2549e0158f7b5,mlb-nyy-det-2026-06-23,New York Yankees vs. Detroit Tigers,yes_is_run,27385589997460485496072351215729418157689868892482349378786589004441141968471,89270324892328789953294320751960703379585558402479888022161879555069715381636,2026-06-23T22:40:00Z,1
0x54f17a7949060a2880ff312fc7fe70ac87f2833b0a8862bdc9e8baf7695ec370,mlb-sea-pit-2026-06-23,Seattle Mariners vs. Pittsburgh Pirates,yes_is_run,56878599882378287909720564784725264298032936641318065384677718290920893835549,20039865871385066176614986398496633987920053517731000563249112045991133882999,2026-06-23T22:40:00Z,1
0x361dcdc9cb783d90d4fba68ac8081bb13a099634fe040c1e20fa6af6d36b629f,mlb-tex-mia-2026-06-23,Texas Rangers vs. Miami Marlins,yes_is_run,12165307396517196622077897363856281381110500123955461776383098192984140239342,57199259209082998856691667164805444695470877261798446017572906750371129329896,2026-06-23T22:40:00Z,1
0xe84ff73b566379e6d547690d559cfb3c0bcb3ef662db33b1b72515a0d69d782f,mlb-phi-wsh-2026-06-23,Philadelphia Phillies vs. Washington Nationals,yes_is_run,89298260366743123854396695834210219186568861003345499060818232792972096027361,55048952514702589473994871509662756131934633996140812637642715789711238464731,2026-06-23T22:45:00Z,1
0x348bb766591c0e17c217d0849a5be2bd9b1834f8d96f1799b33e831a99937b58,mlb-chc-nym-2026-06-23,Chicago Cubs vs. New York Mets,yes_is_run,40693007137470290013763990878700069705137368329594467286010662962443650038860,23583917039098266682259119321635328426273066994601715007680463539822090685616,2026-06-23T23:10:00Z,1
0x979e7f72070adefb831c2d44d1f89433ecfd44e57d05cfc9e56077c5f21b25b8,mlb-mil-cin-2026-06-23,Milwaukee Brewers vs. Cincinnati Reds,yes_is_run,92840901213041042411995455457250118907442738681544107841358068773959656142178,101718841718508175726206053408373266978681490334847139797745002638174915247568,2026-06-23T23:10:00Z,1
0xa42d06159ce98fb711c88b235bbe828a2983c682b3d0a884b0eda49786db5091,mlb-cle-cws-2026-06-23,Cleveland Guardians vs. Chicago White Sox,yes_is_run,54597927312786542713211592739310480907052389667199349650648145078454701799038,85205460671833364291781091801400729153065475569300203162697465374175164080480,2026-06-23T23:40:00Z,1
0xe16340e32626339116b6303ca5878791292536965fbd691cc4e3583bb5ac6ea8,mlb-lad-min-2026-06-23,Los Angeles Dodgers vs. Minnesota Twins,yes_is_run,15107428189093402245050858560233787630567807506409032169050726882182996826691,20931833213535795878937049131264092292317007775853952649823487226676607134243,2026-06-23T23:40:00Z,0
0xf025f95263cb30853c4c16319aca9e9e74cbf027509c626588a4bd5a671314dd,mlb-ari-stl-2026-06-23,Arizona Diamondbacks vs. St. Louis Cardinals,yes_is_run,3771070026346760305135157929740603847351648640950691319293539747915283013382,87564527697905471571189752229993628060896348000536479728207407989640702874009,2026-06-23T23:45:00Z,1
0xa18e1d944be54e47febc6be4aa37e7844bc2f224bac702a1444ce3883c342568,mlb-bos-col-2026-06-23,Boston Red Sox vs. Colorado Rockies,yes_is_run,46267870049018766680272178559306599393488850821338937102257133707308518614939,33143017707194537184360895774746458098758538739883896746073044175557662554916,2026-06-24T00:40:00Z,0
0xb255a4333ec9b4b97f62b8c01f2458987887623f157538c0545a5ae13f0212ed,mlb-bal-laa-2026-06-23,Baltimore Orioles vs. Los Angeles Angels,yes_is_run,45239322507060965269711104155994785500693693350984563359853143920316311424279,46185944277664820664402262770609531052598588014946005773261637425129074143019,2026-06-24T01:38:00Z,0
0x274f86d1b9b2b6916a05f4067b7a898f2268fcc2077c4f6af31a210a302e3f7e,mlb-atl-sd-2026-06-23,Atlanta Braves vs. San Diego Padres,yes_is_run,80453548436811767571169718848022865630050354220953159129492843659171330368831,98501131059802922646816568979499336798001884497578055134146423040295648883212,2026-06-24T01:40:00Z,1
0x243f6d8ecf8210b96ff3ebc66f251ef25e1033e80bb8b8faa04187a043474a3f,mlb-oak-sf-2026-06-23,Athletics vs. San Francisco Giants,yes_is_run,15838949606541672175764606969591148479164091849755422465516392833888139578843,67641212391744198058375339465364743236023671510200577695537781096624287354185,2026-06-24T01:45:00Z,1
0xe8b71a167126bc8718c1b5fe9865b111c4c7b75c672a332a0c9c4f7373d90c15,mlb-tex-mia-2026-06-24,Texas Rangers vs. Miami Marlins,yes_is_run,18109228121985663897158554011990144288920747236295032738075609390546725473815,18829762075771819238332660590759784782847256108988484921175472046150970511988,2026-06-24T16:10:00Z,1
0x91401fcbfbaca1d7887898953dc9240f811c1818a0671f4d025a1c2602a2a33c,mlb-cle-cws-2026-06-24,Cleveland Guardians vs. Chicago White Sox,yes_is_run,57898990287922994489511407023834879902515292042866443474039236157615049653610,76692752518471747506643284097636670100244737087144115795346871080552973505135,2026-06-24T18:10:00Z,1
0x7a09b8ed07258bbc2b55905d7c42cfb36c8cc02ed95a7d645dea990c089ee6fb,mlb-bos-col-2026-06-24,Boston Red Sox vs. Colorado Rockies,yes_is_run,69459446718589459042837613797517964153159877405840886569286550713111784766394,1026578338968667642662160865297472051356927285281633200736877048802660945949,2026-06-24T19:10:00Z,0
0x96d395eaad0402ccfc0c4edc3989cef04c7d72ab4cd70176360718c990f0f6bf,mlb-bal-laa-2026-06-24,Baltimore Orioles vs. Los Angeles Angels,yes_is_run,110175163636937527971983786491317822556931524633563156727592522341067579363557,85464362151938941345828191563111703415980753160107412289940839222601458421487,2026-06-24T20:07:00Z,0
0x18f9ef0c1d27871653da1d232b4229c55ee1bbd1e8fe5f8c5de1bd54abf46576,mlb-kc-tb-2026-06-24,Kansas City Royals vs. Tampa Bay Rays,yes_is_run,113197674553492165439784525015114712758293818500688294730889253950080153249149,82890239633392170749696264408705341855660757933505533179346836634214745741729,2026-06-24T22:40:00Z,1
0x23b238337f9e74f549992ccdc3887924df0f18e4bff5deca8832de9626b7807d,mlb-nyy-det-2026-06-24,New York Yankees vs. Detroit Tigers,yes_is_run,33293350968443400139736694579493744837331721443463928037082444754626395177187,94524270606988519131556946848869443709528726680863479083249947731747429019424,2026-06-24T22:40:00Z,0
0xffa563af63d508113d6b3f6ae6be4bfe762e48fe28a35fa04015a5f369084bf4,mlb-sea-pit-2026-06-24,Seattle Mariners vs. Pittsburgh Pirates,yes_is_run,87786691586402426816111438233446963061354556571371529512399408078928436416301,14621116266239997498891102525640020321198719835212927283416297273366949721865,2026-06-24T22:40:00Z,0
0x47842d4d79aeec2ff45f145b8999633a7b99d0821de884ea86e7ad2c19b09e6f,mlb-phi-wsh-2026-06-24,Philadelphia Phillies vs. Washington Nationals,yes_is_run,17138729108684294063280057811892463121756544408728990298490797692095521745221,97130603357002919481603972144150581151609544330275329416797688219597608352494,2026-06-24T22:45:00Z,0
0x0de6d3adfa9236e4951b09e24123d2e0ff0c327583ccbab25aa79c8f147161a0,mlb-hou-tor-2026-06-24,Houston Astros vs. Toronto Blue Jays,yes_is_run,72697650091988861847386802326942957217702595702954890808316560586257147274408,49506559743904955743334118840569780959057453604763610015809088924027859758115,2026-06-24T23:07:00Z,0
0x67a7b1c178a5bb098922735f211756f551fecf34da349fef8b78b20c79ebb104,mlb-chc-nym-2026-06-24,Chicago Cubs vs. New York Mets,yes_is_run,114966389694396306732724823122184734881033398701013790382165501504188475975091,19551045476229888885308916781877964294700074504609872065920887450072519631224,2026-06-24T23:10:00Z,1
0x1c8834e19f8325928d9104c5885fce3908d0c90048f8f27650883f432cab6a53,mlb-mil-cin-2026-06-24,Milwaukee Brewers vs. Cincinnati Reds,yes_is_run,15805263082748908870725590977957287768673345340723997922403303651362899399874,8240163050552514026477594390185953204833275675526557247525460016202988952235,2026-06-24T23:10:00Z,1
0x491a268aa5c2ef25f5785597d1fbd9b367e9604f73c763f12e125c5e1f47f236,mlb-lad-min-2026-06-24,Los Angeles Dodgers vs. Minnesota Twins,yes_is_run,19446783121090133110261814307569446708345144421931790426989070791036318931607,30720104661295154056272354082396804080932503233734844855406657310641813021546,2026-06-24T23:40:00Z,1
0x0b8bd6e0e85b12c9500e32ad097e76168b30c111cd194ffb8f169988c1463c89,mlb-ari-stl-2026-06-24,Arizona Diamondbacks vs. St. Louis Cardinals,yes_is_run,63471319604148060357313998818365208969991905579937723742872647049162574399518,91169834598734706371085631708178379211239645470727073117305784457787218904783,2026-06-24T23:45:00Z,1
0x7219ac6d5b63fa6d36b8ae6556cd25bee352f27fe1137c641b344bdfc752108d,mlb-atl-sd-2026-06-24,Atlanta Braves vs. San Diego Padres,yes_is_run,56562075580630902110834695505504784378245511432034001757269700485825254347277,58611037763771818150254790677020806521306188320904553913635459336061550453238,2026-06-25T00:40:00Z,1
0x7579d953f37dc814f25b03180b8385f44cb90ef5908446739cdaee01ecfc43ee,mlb-oak-sf-2026-06-24,Athletics vs. San Francisco Giants,yes_is_run,38460026699867004868929314299897364840606803140261662415027279082509316618891,74834159066047584981365794592778032583600436631699455599406924827696698144134,2026-06-25T01:45:00Z,1
0x86aafb02fc8450f9a8ffcf91d4c6e5d918a5a4f4a769e729eac1ca5c33b8c15c,mlb-kc-tb-2026-06-25,Kansas City Royals vs. Tampa Bay Rays,yes_is_run,49124292547660322286431780680017071308626446132344328986286225503832221379965,39440051720807918556056342444117433369986883721865182153100376514655239870338,2026-06-25T16:10:00Z,0
0x7f783b0921b0064ba8bb7435a0be6491e8876cb80021752bbbb546d39f835340,mlb-sea-pit-2026-06-25,Seattle Mariners vs. Pittsburgh Pirates,yes_is_run,88116479578056830582456319210222620549431080302540806492484468396577749324389,14750611837082491887154695543964907414812499124037364247000043659528561177951,2026-06-25T16:35:00Z,0
0xde8e0c24160245072047af380aefa4e71d117e0bd72cbe4130180e2e5f5aacb1,mlb-oak-sf-2026-06-25,Athletics vs. San Francisco Giants,yes_is_run,47548530985960088296129132061221438634928755754248933414630467237405878566480,72323335142462530363902641874469620220861609895876506278606717755797334372746,2026-06-25T19:45:00Z,1
0x8f14792c8409de4547155873ba15188b56a6dbb1b9c871f9d0a7b84e18bb4344,mlb-hou-det-2026-06-25,Houston Astros vs. Detroit Tigers,yes_is_run,105599541137674265163376643421452500168794069621132522754741831214078442959375,26604846749345987728079406018219300221487551419621575857793929426692390254705,2026-06-25T22:40:00Z,1
0x9b461d347653d93f4a6caabcfb73d041a55c2a78888cd1f233d3301aa1661298,mlb-phi-wsh-2026-06-25,Philadelphia Phillies vs. Washington Nationals,yes_is_run,4037737299756551911981288284886781153130955860885582578991978382846318694088,34062072085417458688596294194734928059939831036080051016267276302183457990840,2026-06-25T22:45:00Z,0
0x0862fc63f563cfb574be6e46be827244323e36851a81aa94f8dc0c81b1302d29,mlb-tex-tor-2026-06-25,Texas Rangers vs. Toronto Blue Jays,yes_is_run,81060708656525237408021822452240892156788799802926572010263865126119894963968,66495101399302402086519810434485248605757783884989726653478381334509557622803,2026-06-25T23:07:00Z,0
0x80636c31b49d125bfe8acf2406ffd83ba972be0c919434487ab7d176bce45df6,mlb-chc-nym-2026-06-25,Chicago Cubs vs. New York Mets,yes_is_run,72254394345601596777146061745971143696388238062619130789909588756924959515118,112719351398416231581292292457171061416024559363372724613066178194209535483000,2026-06-25T23:10:00Z,1
0xdf7c8d4063a1ca09117f393e47fd57ddce5a6adc44ff305fba0ff011305f3f03,mlb-nyy-bos-2026-06-25,New York Yankees vs. Boston Red Sox,yes_is_run,87224065418990280104759901590748725237331914031340621169770716126871158928220,112504409682195975727530840418941082465740514564645980617095038832086271142084,2026-06-25T23:10:00Z,0
0x8587bb9868bcd8aba92d8ce93a25ac1b3689e4a1c2c177ea33228a8ac955ff2e,mlb-cin-pit-2026-06-26,Cincinnati Reds vs. Pittsburgh Pirates,yes_is_run,104610844789104564175404048118234037916304955690823589123669981431524740249418,79131284806088785297014641682622191600131373405260046416073233519296903364681,2026-06-26T22:40:00Z,0
0xacb292c213bd875cd0488455589770a0f35ea475211da9981bb1d365032f39dc,mlb-hou-det-2026-06-26,Houston Astros vs. Detroit Tigers,yes_is_run,74319897230299687905390489309877745067715812789107567666387192285683999092551,79026469087849746657179613180282293978149376113373493291167076860743215083991,2026-06-26T22:40:00Z,1
0x00d0c5438eb947174915411ed730cda5a745e8052005c4d089c3335023b1c785,mlb-wsh-bal-2026-06-26,Washington Nationals vs. Baltimore Orioles,yes_is_run,100738405023513636449619871227274852118011350324291226139579812928805128879715,7283313570933035688887835991905107567610801234341643203300140701654876478254,2026-06-26T23:05:00Z,1
0x7b9c3a8ac1faa7d1e022f52547457924e91bfee068d73d309cb3091fab4a0ee7,mlb-tex-tor-2026-06-26,Texas Rangers vs. Toronto Blue Jays,yes_is_run,95452728447434800556421774370763932907883252407006585637257805276972216070598,45738793086498376999221522643693397484851572094323521293247329384068104979957,2026-06-26T23:07:00Z,0
0x70c7e85608d025e785dacc76fc42bdab26a7631d5e270e4ac23ed2ee0fb90962,mlb-ari-tb-2026-06-26,Arizona Diamondbacks vs. Tampa Bay Rays,yes_is_run,54333777457638169314580943015163052358691491245806126594988697828019788463356,4293456140123113013812332719617942463685708845802459563291669987972869630967,2026-06-26T23:10:00Z,0
0xe1004c716f617e230dba53c402f69af1855cff0f7179adbe33612aea2da3c5c5,mlb-nyy-bos-2026-06-26,New York Yankees vs. Boston Red Sox,yes_is_run,18183196355721186565629231999473789616424686567425100956943495553688177019237,75141571694491885048921913423785267768775205123518730563480491921017728790298,2026-06-26T23:10:00Z,0
0xc2368390934f574a65f5a67a798d62ec1f844f56028250de7a8d3a74fc5ca399,mlb-phi-nym-2026-06-26,Philadelphia Phillies vs. New York Mets,yes_is_run,88584670162958992307207919600849072515075066041754693815832712428902573561182,41684833826669218789436050756508994849737260703814200229988404925896135878676,2026-06-26T23:10:00Z,0
0xceea2f5a2cdb736c5d0f2c8411cc70a752d7a6981b3400d076bde5d16cffeff8,mlb-sea-cle-2026-06-26,Seattle Mariners vs. Cleveland Guardians,yes_is_run,21926847918973571351064617295620378526857702436992536852523305820183717910524,43404624688783354354046784290073550038175837614731871838186008431252339780042,2026-06-26T23:10:00Z,0
0xd163f1eab4f62c57448cf157baf2a998f59745b8f81526e88dcae3536e72e65a,mlb-kc-cws-2026-06-26,Kansas City Royals vs. Chicago White Sox,yes_is_run,96375238790237403986722941952305353543776694182527643503203064855216019626403,42324054856313473716831647583066065805102995541796658539009146020561336796713,2026-06-26T23:40:00Z,1
0x82b36b430659c0211e971ae12a718326e279d09f4759154f72e175010cc29010,mlb-chc-mil-2026-06-26,Chicago Cubs vs. Milwaukee Brewers,yes_is_run,13664631714866415040952167977754943748752177863419686618777732041062535423799,96661825010916663485258638880050999423469230864550621684983274402855031505613,2026-06-26T23:45:00Z,1
0x4593791d29209e756f8edf77c3a57c2a0b28535acafb06006f0bc84c47440b82,mlb-col-min-2026-06-26,Colorado Rockies vs. Minnesota Twins,yes_is_run,15478844816952017925778303223532904395013782992510542163689214404281261452763,104539449672708161931767899710456441678496443521628211352767220877031358800588,2026-06-27T00:10:00Z,0
0x1aef31c31fd66e6f629c6ab4bdb494215755f793738715489cbd1f38d88cf8f6,mlb-mia-stl-2026-06-26,Miami Marlins vs. St. Louis Cardinals,yes_is_run,41821727052054553627756197478086677068224152392105594627491297990486081167506,71043059027636981519342272311029925262435617167761759857661924806056206195540,2026-06-27T00:15:00Z,1
0xf93a04574d1cc2c38776ebacfc39250c1082dad7dc9c3102f78040ba9e42d15a,mlb-oak-laa-2026-06-26,Athletics vs. Los Angeles Angels,yes_is_run,79108336165841607361279184792897854493505392032916354767703994857210270897336,29805160243208730655631786837944030040042287288986520754978371518831115281642,2026-06-27T01:38:00Z,1
0x00717191bca834ad5280b6e00e2ce4262acfd7dba16becaabe954d73e21c078d,mlb-lad-sd-2026-06-26,Los Angeles Dodgers vs. San Diego Padres,yes_is_run,43404731623563433913282599796934438943141419666042942898639873594227728136916,99248105062192477220608247061324050757890894084260790682009897118958153073057,2026-06-27T01:45:00Z,1
0xb37a136a06ec2adc9e4d48007aea753a0637036072ec103ccb1d28a74dfb5339,mlb-atl-sf-2026-06-26,Atlanta Braves vs. San Francisco Giants,yes_is_run,30665700058884440988785193387830927638479202445672687634636462907625482266817,102388863743448912790998619053626078265468449175695049051561367693273665346674,2026-06-27T02:15:00Z,0
0x2d6f01aa093446637b9844b33ad644e242c9294df33c59bee41efcb7f5291f9f,mlb-hou-det-2026-06-27,Houston Astros vs. Detroit Tigers,yes_is_run,98612270781158088147099394107105427172238974114280663321215274861510795169369,72815229136036012659427003344628409271661641541492342170740009466518159782326,2026-06-27T17:10:00Z,1
0x2c8d7eba98dbf7cd1ed405dd2e530210abd3f28e07bd150407b25ac7b1fde13f,mlb-nyy-bos-2026-06-27,New York Yankees vs. Boston Red Sox,yes_is_run,78269786871208437332059079667763613456982206910959783235941002258760539219655,12308317428391543921604241274280557567229861003301251349151663214385613312521,2026-06-27T17:10:00Z,0
0xaed5701904315203d138f8bc89baa5214b54bb2812650cd6d6e6c978ac3bc416,mlb-tex-tor-2026-06-27,Texas Rangers vs. Toronto Blue Jays,yes_is_run,97451044984996958392350715313920143657890207351467220086337525630082848316269,74523963092781525292222142013873399042808687721155739464080622472122532017131,2026-06-27T19:07:00Z,0
0x2dc95e6beef4fad3405f84b27a4fbcc69b9911222d1a525d07a0ff00f367640f,mlb-cin-pit-2026-06-27,Cincinnati Reds vs. Pittsburgh Pirates,yes_is_run,55268548770815784191172740785905247881736718932277406564099548695580153703659,83791028008908820746463055007885933713717423052556541153023680507918340651204,2026-06-27T20:05:00Z,0
0x19beb8c60aacf962ea06e7adacc90984fd8de5512469b8ac84eb2d51a7aba961,mlb-kc-cws-2026-06-27,Kansas City Royals vs. Chicago White Sox,yes_is_run,70590456767906239609253992996499660599586009063622246883654481202602194982856,12286155174663657014550436119041808723591362043916459199130844080359549232762,2026-06-27T20:10:00Z,1
0x22254d7425adfab0759a36b7850801aed12c092700faf123ce347562a7cb1ec7,mlb-phi-nym-2026-06-27,Philadelphia Phillies vs. New York Mets,yes_is_run,36950534845605849291281315835986229175782687555719955998395725459977175342848,73562670025298799779311204797651497578662065914397588844838745749549427816465,2026-06-27T20:10:00Z,1
0xfcd1081b4f7a7c5ba07fa0a147477a4671a57ca4d5c4135f95c685b44f78b6c6,mlb-ari-tb-2026-06-27,Arizona Diamondbacks vs. Tampa Bay Rays,yes_is_run,71107101994372217160856984027382086451418161995374750226052859667445608903669,58861085822019243221886330983301993457726767533010760012277255025083026085482,2026-06-27T22:10:00Z,0
0xeebfd32fb5b0fc7df81b561911b4f0dadedbb1bd2971a29faf272e347f55ce02,mlb-wsh-bal-2026-06-27,Washington Nationals vs. Baltimore Orioles,yes_is_run,25486361161103621242401393977298375564043576629353131695761842107692829696301,46256651053752060151915178545055063574956947621338912184116930180733501762735,2026-06-27T23:05:00Z,1
0x071594c48de71b569072eb367702b961978150179c2ef70bf84a3c2f5b1e480e,mlb-chc-mil-2026-06-27,Chicago Cubs vs. Milwaukee Brewers,yes_is_run,112822883287017904200193425340543218186848476244160268327357810576950924639463,5448164070642691770346728911946236738123454427539163221871199833792599585922,2026-06-27T23:10:00Z,0
0xb7487ad519bb31eb911412a330765bcb47f10dc80aa03c0caa3645c2e1f22909,mlb-col-min-2026-06-27,Colorado Rockies vs. Minnesota Twins,yes_is_run,43703474911768301737393269654297688168629560421733585744404778863629526769329,6738468838892303193454496675881021227305301388954317625459793125068425404233,2026-06-27T23:10:00Z,0
0x2f8182bb72332931619db86941919500fd4651c2ea54f63f8e077d69acc51512,mlb-sea-cle-2026-06-27,Seattle Mariners vs. Cleveland Guardians,yes_is_run,102488479202022177650697208826144336953788003631602926691732856938593746240241,36437372224751736784844803493886118907756840381892526193163782873706626543901,2026-06-27T23:10:00Z,1
0x77b454c5d274425b128782d8ca8a5a298dc9398d07e96d39e687e2175702f41c,mlb-mia-stl-2026-06-27,Miami Marlins vs. St. Louis Cardinals,yes_is_run,19091099350445022982141664216169074658172527179364464177609547596076063595474,9944354014289514864210982468251935588985007252889740722699755379616131402041,2026-06-27T23:15:00Z,0
0xb8e726801446a4512e6d92bc28254d2ee45a75ae1f9bf9c27e382f744ea877c5,mlb-lad-sd-2026-06-27,Los Angeles Dodgers vs. San Diego Padres,yes_is_run,34482506771525035313997694893717080465680656707178937561302534621981949729807,42554073882932917271898338509871052866109043432577473693310544899701695451513,2026-06-28T00:40:00Z,1
0xb1e5ea6d99bbd78944dfaddfdff4018c5369a88ae0c3efbfe147206a8c3e3ca7,mlb-atl-sf-2026-06-27,Atlanta Braves vs. San Francisco Giants,yes_is_run,99556632832659116080345246256361503470679254885729509375877012802371239174243,53054445330440161132316549354161767802144305830278134114017650854760551093422,2026-06-28T01:05:00Z,1
0xcf3bab16be0fb5d0dd4e101ad1b4cb529bf48eecf5aefcfdc670d6cfb77aad74,mlb-oak-laa-2026-06-27,Athletics vs. Los Angeles Angels,yes_is_run,68687699205668462188822673136373041992399874754064353250368433753773921810725,14262857255874895877619626482210272163434957424566476417940747286767812293802,2026-06-28T01:38:00Z,1
0xdb7b8bc2c4ae26a7b24ce906e4a71c91916fb4a4b8d32c48b82a62253853007b,mlb-cin-pit-2026-06-28,Cincinnati Reds vs. Pittsburgh Pirates,yes_is_run,35504106699367891565909416969873332533877102255244180977583167316916445753789,114881306877021959122747491900191981206784761293331894453499264248355470799111,2026-06-28T17:35:00Z,1
0xc19a73a012fc501f204064affbe21c3e49729f3e06a36990fdbd413a5e5564ac,mlb-wsh-bal-2026-06-28,Washington Nationals vs. Baltimore Orioles,yes_is_run,62871431182893084719313699876407768184550123097724558999272075591787994980189,10274373484075944265482218965907891150181073737666891268254319840799106807839,2026-06-28T17:35:00Z,0
0xe5e896476b7d20251f5c7f7b62190cc00d2d81d38218f57ce96f28b72b43885d,mlb-tex-tor-2026-06-28,Texas Rangers vs. Toronto Blue Jays,yes_is_run,94786430211501394357045518461196417086400241072053276273933405984675762619092,22573523133099089085793600920575715673140723330817318718980815817293238948131,2026-06-28T17:37:00Z,0
0xf20d249d5e3600a05c204bc42ff0c48e8fd4fe17c003ff6f7824b7a86c50a9a4,mlb-ari-tb-2026-06-28,Arizona Diamondbacks vs. Tampa Bay Rays,yes_is_run,54348675706844789590832410632933600558872566100326374397882489930307894705390,1081052692844894679357486106711996180508050200786691817110660066314112208714,2026-06-28T17:40:00Z,0
0xe376f46124ae4eac85fb427d5483365d1db75c95c8eb56200ac9d95dcecbcaa5,mlb-hou-det-2026-06-28,Houston Astros vs. Detroit Tigers,yes_is_run,98825227114017152844015944098115384851884807432208742952156983671585673166039,7179009775655907477468237386847807496057122387672859115148512567630742791731,2026-06-28T17:40:00Z,1
0x605370558841cbafc9035bdcb04e536b869fea57a6f2a6f4a8b9426d4b136db1,mlb-phi-nym-2026-06-28,Philadelphia Phillies vs. New York Mets,yes_is_run,42553602055485037193316334905442588381927221288102668917222567978767109236792,111810932496590411483358807738406520614177722449353393731636489180221022752747,2026-06-28T17:40:00Z,1
0x6dc9c49c149108511e155b092d0f5c40649868bc990dee962b6001a4a59ca5e6,mlb-sea-cle-2026-06-28,Seattle Mariners vs. Cleveland Guardians,yes_is_run,112474565907455896340046276793526935406728509716005812801270690152351560186016,89317424028039686551896882793203801836945918713568241229473500042826670764730,2026-06-28T17:40:00Z,1
0x9fd9f65e9d728cb7639379cbc946840c69c7bcad00664e68d261b6b6832119ab,mlb-chc-mil-2026-06-28,Chicago Cubs vs. Milwaukee Brewers,yes_is_run,15027334024923793748898577141931504660947908364312928481546251230214380778925,5464077804233978542422985146163325814145686010164068096039452566674428349203,2026-06-28T18:10:00Z,1
0x7d2357bf49520a19b42fd123943ad12d36d99cbe019b6ad357ef0bebcf4b6638,mlb-col-min-2026-06-28,Colorado Rockies vs. Minnesota Twins,yes_is_run,23137197973352522275172553274077915373880003673021677987120620414532219120770,93314136617266225679162727117506589868536574669756969816900236920324248406099,2026-06-28T18:10:00Z,0
0xf3865326e63f979668dce92b4c58c26e9275dbcce1067e45e48a82d37a6fe1be,mlb-kc-cws-2026-06-28,Kansas City Royals vs. Chicago White Sox,yes_is_run,110184690584275811436099203079961039053078473989061100194422663927075612183198,36560769270726007328201433891505009101980193837569963254597629005671876349095,2026-06-28T18:10:00Z,0
0x37f3ad289a2b54738d9310a4ff6067b0b83921c9bcce115846452dbcee01a2e6,mlb-mia-stl-2026-06-28,Miami Marlins vs. St. Louis Cardinals,yes_is_run,93591394072546552895509645864764807868036500670761283164409230993627424326596,111103333862584119575198746599120763482404141852641798753312612418235169813993,2026-06-28T18:15:00Z,1
0x3f63b8ce94c0a69692c3e87a682256a41b20487a225a27d48c6208d89034d107,mlb-oak-laa-2026-06-28,Athletics vs. Los Angeles Angels,yes_is_run,81128994100429831924661925740414990319426196784136467307071705732238378035249,15870204203084139503868558527863403282914414933888901072632849485986542373729,2026-06-28T19:15:00Z,1
0xee9d9dbccbcc5b566d1982deb49255c92cc9b0e8d2308b857d97c8967b4741b5,mlb-atl-sf-2026-06-28,Atlanta Braves vs. San Francisco Giants,yes_is_run,44097590023413804139731039482640708782511559076438121604853863912307561528162,67054309871939046126579615224571969521620602990036743436164627162319808161157,2026-06-28T20:05:00Z,1
0x2ccbcd9698237e3606a189487d5c69253171e636ad550fe2d91e7d085bfa2f69,mlb-lad-sd-2026-06-28,Los Angeles Dodgers vs. San Diego Padres,yes_is_run,65045640139320233536191286121040055653486000254037459959629420862251195025489,90200675454776344619718017997224811886838200778517690342221965520745744409967,2026-06-28T20:10:00Z,1
0xf386b5367ace7f1a0cf7b53181f373ae1338b2dd6754ac177c15f068cdabaa91,mlb-nyy-bos-2026-06-28,New York Yankees vs. Boston Red Sox,yes_is_run,71356400352694827975478538721920442873068941844912587722799128090436887019239,92400315310837711300491943850217058561683581474273871238391836692001319280794,2026-06-28T23:20:00Z,1
0x314aa7cccea8390c4d18df37cc24fa98d30583361a5c0f2007d21eb7cb38b1ba,mlb-cws-bal-2026-06-29,Chicago White Sox vs. Baltimore Orioles,yes_is_run,98088103327517685436539691543284698975691621820297904794776956901522921117059,98480688580868276152144334845906572020311313230214145444863749895270471076084,2026-06-29T22:35:00Z,0
0x1dbebfed3eb608b79eaebbb916e9740efab079cd32065abeda93a1d0b2449489,mlb-pit-phi-2026-06-29,Pittsburgh Pirates vs. Philadelphia Phillies,yes_is_run,52245895722744947161738960580021445374825611490499721500625196745068538207792,77784246968094195731384918504877070620962374010299030597197673338365465900192,2026-06-29T22:40:00Z,0
0x3a949e70d3ad3a9293da8e8f695f1576b5dd9126eb4d69696077efde5150f60e,mlb-det-nyy-2026-06-29,Detroit Tigers vs. New York Yankees,yes_is_run,63300642696481207829558103575149632144083505443413934005664589851573430883875,22542422310191122814302672138087998490009018350541772733714357892392174269468,2026-06-29T23:05:00Z,0
0x4fa19044d6e101cfd25b0c7268b1763a00332d9601add70ab61d200ad8dcaafd,mlb-nym-tor-2026-06-29,New York Mets vs. Toronto Blue Jays,yes_is_run,5029754686566747923300284011174791206186426923073129917600074146118021058020,73391730337427707045691693966879642638224855781528388189353628640210470851114,2026-06-29T23:07:00Z,0
0x7270cc516dad3f9650b457b6694e88974156cdc7ad024ec3875e669c0b455be9,mlb-tex-cle-2026-06-29,Texas Rangers vs. Cleveland Guardians,yes_is_run,39927554032765485411059054930388569605248795935567755379739941137563135657011,113301918049130902126474883768174045814635029390572968038532468390367293833470,2026-06-29T23:10:00Z,1
0x49b7ce6966622134ce81ab38f14993725a7df39d00339c8a34a81c10df660b4d,mlb-wsh-bos-2026-06-29,Washington Nationals vs. Boston Red Sox,yes_is_run,26473666036935551938758012385656136298493854587617542235686051291201324774911,85603585947112245723746575521227931028379397866724566533479780048667528005151,2026-06-29T23:10:00Z,0
0x460a96bb1560ed20d66ee2fc2dbec9629e19a81d84d75184d0a41d15459023f4,mlb-cin-mil-2026-06-29,Cincinnati Reds vs. Milwaukee Brewers,yes_is_run,81676258465397172025832815283085349197408196999067573818771504165930271038403,91313692813933376308096230149567251361222451328830288007241100795192602214456,2026-06-29T23:40:00Z,0
0xe2e7f0d99795012293324da015f72bef15cc2d20af8c30bcfda6a937a3cb7b08,mlb-sd-chc-2026-06-29,San Diego Padres vs. Chicago Cubs,yes_is_run,89125373420460449384169570758572207267074385353441116679006515685908926799352,80819013190147018862470100464496940101908875107966915958121448809984783589100,2026-06-30T00:05:00Z,1
0x5b7873e0495d85ed21fb6c8debf7a09f79bbc8f61af601ad676f6f81679a7a81,mlb-min-hou-2026-06-29,Minnesota Twins vs. Houston Astros,yes_is_run,53037762486430999991016200860296234489519431795819647094725645509632962127011,38065105671355812111630570712022462027865318551787830621985590615852111644373,2026-06-30T00:10:00Z,1
0x463a566dcd787c7052e45cad4d72affa36601056e1c85bfff7933e8831506612,mlb-mia-col-2026-06-29,Miami Marlins vs. Colorado Rockies,yes_is_run,101681220730937130074337752193498012327514338036484490881680036162653376901767,22970141653528596606024393012295388581199785623935724990455442190857664132768,2026-06-30T00:40:00Z,1
0xfdb5fbbca84bf6e665f759f9f8c68821352f2c4464473b24dbe802a99df2b505,mlb-laa-sea-2026-06-29,Los Angeles Angels vs. Seattle Mariners,yes_is_run,80223148028423578562626796150233348547939663084499249828147586509269895981380,84622112721575728214554785132218847912072303952923177647519821702217896780972,2026-06-30T01:40:00Z,0
0xde2495d1ac76d7fe0ea532f2f51569cdb57bca422e5c86df921722cc44982be6,mlb-lad-oak-2026-06-29,Los Angeles Dodgers vs. Athletics,yes_is_run,39786528944895009983386862519564227626803739814667532706982607431560859865130,5996053683929225338433374428771976955365332514480142733832236300940593194082,2026-06-30T01:40:00Z,1
0x35c275ee0f759ff9002ed696a09f8f4d5643ac9f987afa2811c55be9929bcc8a,mlb-sf-ari-2026-06-29,San Francisco Giants vs. Arizona Diamondbacks,yes_is_run,106522518832304182347648046464764844070495166924882320005948212921236475742328,80385056070348919550425292649174476478891565272370538805593659770899335951455,2026-06-30T01:40:00Z,0
0x7cf888edc9da274b913bb37d0c79fe36660e87a55b4f5588a56dbcbc9d2a5755,mlb-cws-bal-2026-06-30,Chicago White Sox vs. Baltimore Orioles,yes_is_run,107283056644403643734660149265923115924009967748224554504031834376600114590714,60167737309568061542200043891932832301833631485907266264647808690654083301642,2026-06-30T22:35:00Z,0
0x2103429456ee850de4b1cfbcdeef02d684195195ec6d7b89c9ab9dec49763dfe,mlb-pit-phi-2026-06-30,Pittsburgh Pirates vs. Philadelphia Phillies,yes_is_run,59224785003545869081369969384910530113895607353298507348771433296342961243536,74996364455254511077106107021841199532752509829941243667041003493000945016907,2026-06-30T22:40:00Z,1
0xa13e8e91960edb442dd407388ad441495c6730830e2e4582167a922bd4b36bb4,mlb-tex-cle-2026-06-30,Texas Rangers vs. Cleveland Guardians,yes_is_run,65388870063057543299613938071625432525020287619629985230419357949414327782366,45081432084868619254952113978066268238689675666977884587423210581159160316224,2026-06-30T22:40:00Z,0
0x8c99e6b94a5281a05b4232fbed35a76f274adb7ba8d8ce172d3b13ba60ee92c0,mlb-det-nyy-2026-06-30,Detroit Tigers vs. New York Yankees,yes_is_run,18334672536449523477738877435427152947313312830440606535028992581501217382739,56878105024063699135043938909190245785191966750486748858180000954465019177841,2026-06-30T23:05:00Z,0
0x63d9309421914b8280e9e49186d638e2707b2da11b31be97b25eedb53f931dc6,mlb-nym-tor-2026-06-30,New York Mets vs. Toronto Blue Jays,yes_is_run,52338250291598074052485418295027090343799220904778305241462833269592493841013,81188102212899791096201576639100201381654203469300015847921443715600378572808,2026-06-30T23:07:00Z,1
0x6aeaf8703a26b772377621018d8924b36b8e23a2ee0ce2ec29472e99bfaf6c52,mlb-wsh-bos-2026-06-30,Washington Nationals vs. Boston Red Sox,yes_is_run,3414745896866954214844461987684067473111183603182468004307805636668856976531,27161995375313858791939634581999372292758374694629720387919738128627762549142,2026-06-30T23:10:00Z,0
0x1c80ff7b2f78511acc0d20665889d1a44073331849c6028e20a2deca78948226,mlb-stl-atl-2026-06-30,St. Louis Cardinals vs. Atlanta Braves,yes_is_run,2792896721656341977273787843620335005307660227949194187815047185179821386791,38408757999216184201681174159776429249085051935111272010110390338680615829428,2026-06-30T23:15:00Z,1
0x15c4af954369d080bdc36aca3bf51d9adac652a34b116b1b077e4f030e51786c,mlb-cin-mil-2026-06-30,Cincinnati Reds vs. Milwaukee Brewers,yes_is_run,94759174623937887720014478889565202263294099993088830081509492952934297287610,44671968788935893852698544791085779544661226757039241250430009456923932874548,2026-06-30T23:40:00Z,0
0xb878ad57fa01ec30c17d786628607f468a39ea7e93ca86d53b1d556866b1a7fe,mlb-tb-kc-2026-06-30,Tampa Bay Rays vs. Kansas City Royals,yes_is_run,40420104031915983938157067029856623837973597830662291667761588305574704691,99888792105572006634372889063827228059256776790261881674018196008486128210053,2026-06-30T23:40:00Z,0
0x142b8c9e6f357db8acf8f475611765600ca57660d6d60b2cbb0a55fae6210f51,mlb-sd-chc-2026-06-30,San Diego Padres vs. Chicago Cubs,yes_is_run,64645317058363804846093204960988263986270645544908630349247986403644317675741,5987653509839576628766992939273248204392519467886564972304115998785158162430,2026-07-01T00:05:00Z,0
0x9439a306cbe9fed98aead1da614c642f4d653fff67e3de3a259d2e8157d6464b,mlb-min-hou-2026-06-30,Minnesota Twins vs. Houston Astros,yes_is_run,70195677145247576542959425891450117286500273076754142820517357796707672929986,10703976755064432218522557139022291128338303342523406906329264702464927276431,2026-07-01T00:10:00Z,0
0xa4f7b7fa1490ec19c9f194838ea12e217af0a28dfd5c83f2674630594ab57b0f,mlb-mia-col-2026-06-30,Miami Marlins vs. Colorado Rockies,yes_is_run,75690554612360749283356799877311779946190273044453069773424840279668550516634,87749434361419013970129165381474782186846413591324932277109707670091014732144,2026-07-01T00:40:00Z,0
0xaf662135ea46f1c813285661e673a35e231b5f66bbb5e7d34d36300c5fb77142,mlb-laa-sea-2026-06-30,Los Angeles Angels vs. Seattle Mariners,yes_is_run,112619833326272965544213728928398972338707748204915698240859000814411822454026,45260117503477309503985829168955217298687571645646121170910983605991004995588,2026-07-01T01:40:00Z,1
0x42e66ab9f4f0d27f1077ebb017c9ca7f4765de85e07c69dea344471caf4429e2,mlb-lad-oak-2026-06-30,Los Angeles Dodgers vs. Athletics,yes_is_run,74966695478552978111045682991384917520576170628725549279858160967669700393914,36172358919281240969094559426598969922054401459930110682337565635040710060113,2026-07-01T01:40:00Z,0
0xceaae8d438f412be49c28f03c74b51385131fe917550f0b10721302e5b9f0673,mlb-sf-ari-2026-06-30,San Francisco Giants vs. Arizona Diamondbacks,yes_is_run,49786342912703562939910591260637851130373730343749684527031479377142701501595,32851748737186694753684174625168331002339767824172849713031882540828944775723,2026-07-01T01:40:00Z,0
0x5769db35730d0715c6457df37b05f54bd5b071201382b9d4e08d1c33b1b7c076,mlb-cws-bal-2026-07-01,Chicago White Sox vs. Baltimore Orioles,yes_is_run,85790964426010423446748068088666462629550559411522708891111458311775320076180,46882287933941779825821152116287524821423964003359295959266799362432470682286,2026-07-01T16:35:00Z,0
0xd10d659ce94e5b3e2fcf3118cc1c8629ca1fecf97f10fd50fdbf2b83985cfdf5,mlb-tex-cle-2026-07-01,Texas Rangers vs. Cleveland Guardians,yes_is_run,105690232155434002681756761212738688597933541392956734835996267823409545158458,55314294335996851595549793632371746518400610779673273162286829833281440026346,2026-07-01T17:10:00Z,1
0x57f0dcff5936ba647551540a39389a7d2995088c4fae631a3260a6cf65fab736,mlb-det-nyy-2026-07-01,Detroit Tigers vs. New York Yankees,yes_is_run,63203393369947576052050485841495839408128128026449916926839520224821873453729,101668363170941624234432391946304049144166868567513395435860093376307484310461,2026-07-01T17:35:00Z,1
0x8011dcfb551575d800653845d9b3a010f63ec474b935991364dfbf9a5049b2ba,mlb-wsh-bos-2026-07-01,Washington Nationals vs. Boston Red Sox,yes_is_run,28185987940722076924898945350948987909685668405701071963015900845023231856880,3390732514156558745394094541536671776008261709279850776925755947368195372626,2026-07-01T17:35:00Z,0
0x7ce5c903180d6fe97eac45dcd426ba17549f53bd69b2a3c2d16af5da4a038890,mlb-sd-chc-2026-07-01,San Diego Padres vs. Chicago Cubs,yes_is_run,68483618221404243287839126985244467336215472529843814044103152942644283551140,39216644571396203268664195623742387566731686243857115618379613685540728850569,2026-07-01T18:20:00Z,0
0x01666cfde0ba3342bd2d3f8fa584ff9a400968e6a0cd8e4c3d4880f466394536,mlb-nym-tor-2026-07-01,New York Mets vs. Toronto Blue Jays,yes_is_run,28900236854960516646929184304614984677620719363015439869314299037858808644241,97145821664051952657305812885007259788965264403519269977808870240781514025820,2026-07-01T19:07:00Z,0
0x0bfd1bf07efe346832b4211a743dbae28bb9da598c8762e49b85e048d93e99ed,mlb-pit-phi-2026-07-01,Pittsburgh Pirates vs. Philadelphia Phillies,yes_is_run,4179997564542888115956501252378622821543877316801208610433774513813239597354,66988526745480876235646586332959315198662737602966301331754966030884352694114,2026-07-01T22:40:00Z,1
0x2fc641e1c503086cb3c3f48baa2f328f6381d47c609fd791b1ae4309fe6f93fa,mlb-stl-atl-2026-07-01,St. Louis Cardinals vs. Atlanta Braves,yes_is_run,111991968423357591472370837075815201554691559293140345957758779429887168613711,41487348194869198731199977873263498525958376087593754045233473589918674168504,2026-07-01T23:15:00Z,0
0x36a8996dc2ff2677cdccad6c4523a8c48a6ccc5ddfd54775bccd6521134cabb3,mlb-tb-kc-2026-07-01,Tampa Bay Rays vs. Kansas City Royals,yes_is_run,33133662062640391537717843014280202337179051224927155406643539352321819978296,20987339439717141566334021104515978058368440448885324167495787733006667268795,2026-07-01T23:40:00Z,0
0xe94b603f3ce9cc741f71f8f3b889eeabf3137a03636505a7ccdd1eac39635a93,mlb-cin-mil-2026-07-01,Cincinnati Reds vs. Milwaukee Brewers,yes_is_run,106966926001921895508520138770378271807529337022525603839174839133059208129409,73090449897173282532311102024857605279277358508459766965155350699205617637747,2026-07-02T00:10:00Z,0
0x2cc5215ae30583d8674f897b07e1c541d69a388e54d18420476e5198f8ca3e21,mlb-min-hou-2026-07-01,Minnesota Twins vs. Houston Astros,yes_is_run,63491575704517090066633069682242699318934789603054485963471149635621147273110,56455651472512135338380015136520120245094769631988015192739893719301865613575,2026-07-02T00:10:00Z,0
0xbf720dc0bd97ed0bf1fffd19ac5518099372babee14e27e28082fbff66d97224,mlb-mia-col-2026-07-01,Miami Marlins vs. Colorado Rockies,yes_is_run,108443775071012871356533332462671308534283112178663565770163818057536009830065,86589430530187457841198590689434936312883854443390464149110039549475324630217,2026-07-02T00:40:00Z,0
0xf504f221161e5f3908744123df3e3f83951475c8f8c7a8b1eaecce409fad0f28,mlb-lad-oak-2026-07-01,Los Angeles Dodgers vs. Athletics,yes_is_run,880188348116350514295583937940816860670276021075209683324496406490760225078,71823124447462058813227933268851416516113955421907038235031796511442740774505,2026-07-02T01:40:00Z,1
0x830e1602469bf29c0fbbf61f4ed9778d756476d9d743e11c202dd221edcc5438,mlb-sf-ari-2026-07-01,San Francisco Giants vs. Arizona Diamondbacks,yes_is_run,7872279252898036249404554965458581370072249532065957952689922452718905862636,90563320932252715441495264607836343140348706236321707900698268605336101315607,2026-07-02T01:40:00Z,1
0x9b309ce2382c555663cab487f21084bb48cfc738156c6dc1239fb86f8b7e721b,mlb-pit-phi-2026-07-02,Pittsburgh Pirates vs. Philadelphia Phillies,yes_is_run,105928128129704305822754413098326023550218964725359734316589355442630678904165,106706622391333647031327821480640218475917087840911015315382882991654263370736,2026-07-02T16:35:00Z,1
0x5eef2866dff0dc49b4cbf9e73b707e340bd9ade3a465af3dddafd415c273eb96,mlb-cin-mil-2026-07-02,Cincinnati Reds vs. Milwaukee Brewers,yes_is_run,48951150270569719267583496981925316579166286066213918332948717965911492283323,79083549660788625424510943902658048364101120805505154866557123728444949015850,2026-07-02T18:10:00Z,0
0xcd55db9c8ee5028ddc958a2c8835486cb29e29a584735183037049870af41e8e,mlb-mia-col-2026-07-02,Miami Marlins vs. Colorado Rockies,yes_is_run,87305676964387513891450767465862389791524600550148365270139876966367124322735,96586928655937122911925799149834519654366352074219210003814535857767357383927,2026-07-02T19:10:00Z,0
0x8a7b9b83a0d8f15535096ad24cd8a832a91cb611462e6ae800b66d30a65c0604,mlb-cws-cle-2026-07-02,Chicago White Sox vs. Cleveland Guardians,yes_is_run,20031339718449892440960149195365858338554778551393823932860424446690136843254,69824264280852306032457511178519573072260405281535872514288029778753634604136,2026-07-02T22:40:00Z,1
0x4ca8b87ea8ecbf38a6250548eddf26a837b7d57ad5de0bb271070ca5bfd858a5,mlb-stl-atl-2026-07-02,St. Louis Cardinals vs. Atlanta Braves,yes_is_run,39913243132950111337836695769629363406176841839794065527090088824340297220313,70443462006872083397481978077456783236959352285066151373867803394194027717523,2026-07-02T23:15:00Z,0
0xafac68edf9a31326754a6e2fff81330be1724adfcfe9ced0dde134217549bda8,mlb-tb-kc-2026-07-02,Tampa Bay Rays vs. Kansas City Royals,yes_is_run,12649718129324841587250784863739928850360746106688149323673170887684524116612,7707065567889786807366258048148443832751389278947837068396897867084141300672,2026-07-02T23:40:00Z,0
0x6a2ada657f0297db1db8b6a71d20a0000145d39ea3fb5230ce1901eb206e5e20,mlb-det-tex-2026-07-02,Detroit Tigers vs. Texas Rangers,yes_is_run,57710329835573512118965135175674967220345484961323509908744903502069630496005,91497896756470521504820591618059035146821409901577456622498896672361310247835,2026-07-03T00:05:00Z,1
0x3a2b7783ed99199e8d0128e9d0ae0037c70b5cb4900b1487953300da8ff9aa83,mlb-laa-sea-2026-07-02,Los Angeles Angels vs. Seattle Mariners,yes_is_run,60452937996599004569929794949015038638206094831116923687600607189873873991794,35803759524745984016511493682966098160349688410458796698139359950471662443984,2026-07-03T01:40:00Z,1
0x9139586d39cb1d982bfaa9f777e92c6a7b369cf3b8db03a3ec3ac13f5415f57a,mlb-sd-lad-2026-07-02,San Diego Padres vs. Los Angeles Dodgers,yes_is_run,79891229461960299760651113640000065572237553914782776047611563403336807930553,186846748025212238020580935620732610203850553543322072079111356693653277888,2026-07-03T02:10:00Z,0
0x69a4b217f88c02f60e9af4d29d704be3f4cd848e4f131aa5ce06cfacb0158b41,mlb-stl-chc-2026-07-03,St. Louis Cardinals vs. Chicago Cubs,yes_is_run,35712384250458154535209907150646245386145384085367352361448085250812482762561,106428606655421081347329150929877994860760048127383290836482813130873438003489,2026-07-03T20:05:00Z,1
0xe3b4a8c204da092452db0c6970055c5ce3b111d1059a9e6cccda4297537cb2dd,mlb-pit-wsh-2026-07-03,Pittsburgh Pirates vs. Washington Nationals,yes_is_run,24385682091229279702391446643874248029721766154670052447109527216642900989557,93920547797599534643427612779341020699766251347172666476412456184298362631320,2026-07-03T22:45:00Z,0
0x73f95e2a14c1db35ed3adaeeb18d42eb9fa6cd009670dffcdded249cde829c94,mlb-min-nyy-2026-07-03,Minnesota Twins vs. New York Yankees,yes_is_run,46200075901045101601768520179298281632717741004968102598472619119274257057017,17669688489406490266803883784832895306678530882426341997681373419172549838558,2026-07-03T23:05:00Z,0
0x6b74da206991de27bf94a2d09d4787779c60bf31853469b22bc47b308f66c504,mlb-bal-cin-2026-07-03,Baltimore Orioles vs. Cincinnati Reds,yes_is_run,41022871746072901680619034483069332534877605438690982826476285752946110096446,96271683407944724546697863911319562798384665836023503564579623537891918140240,2026-07-03T23:10:00Z,0
0x082b03c407354cf08aa0149cb10c16d4deb605db790bcf18d7f07ea7ab590cc6,mlb-cws-cle-2026-07-03,Chicago White Sox vs. Cleveland Guardians,yes_is_run,60689611400107054754795984355529519503353544950559561119558294548459276459338,13700533069279617340255629359633280631666178913298977988924661892324342189237,2026-07-03T23:10:00Z,1
0x3ac0a07ab19cf336efd5d3df1e6d12e4af61068625b5add18d40e12bdc36b16d,mlb-nym-atl-2026-07-03,New York Mets vs. Atlanta Braves,yes_is_run,111985442581812171670811158209714973448634795562871708779126274800586284477518,86540205748461090503188701347247313142216520432271102630818424566234125892629,2026-07-03T23:15:00Z,1
0x609aba2e153d40c4bd30b61e50e41a8bd0b6ca53a6eb1992917c42911e33b406,mlb-sf-col-2026-07-03,San Francisco Giants vs. Colorado Rockies,yes_is_run,101730343727009074483414604175439346978326234607031139874308996786607346112870,35867008450611313472784156846948761223899449279280830404076715193268961700225,2026-07-04T00:10:00Z,0
0xb5ea4573fc25910f09799f6039e6cefdfa361c5549a5fd06130184926c88abca,mlb-tb-hou-2026-07-03,Tampa Bay Rays vs. Houston Astros,yes_is_run,29170671415156389509364097018799290426347609730082210548704844158093710704688,679959100412790169278989758435325265419847673242802635435110256619787534431,2026-07-04T00:15:00Z,1
0x066edb2ce7676cc5892b07510bdd5337424c131eba1bcbeda42427f13af1de0d,mlb-bos-laa-2026-07-03,Boston Red Sox vs. Los Angeles Angels,yes_is_run,40369139234152654505506075475312666503524388006805187325605583398311209681846,69882147949327722588632435164905160908382902788124851529384714571336161449917,2026-07-04T01:38:00Z,1
0x55f7fee9557d15b8ea0eba454d78f70ffd631499cfb60f49ed0f019ec5a5360b,mlb-mia-oak-2026-07-03,Miami Marlins vs. Athletics,yes_is_run,29431091540217695799106918790762073887211646361419408510782301185404987768290,277619272171038477914872997421898629325431279158251609866542300075822003387,2026-07-04T01:40:00Z,0
0x8a98ed6af0959a4bc67db067a40745267fb6ad6790711d3cb6c1ac6a16190c74,mlb-mil-ari-2026-07-03,Milwaukee Brewers vs. Arizona Diamondbacks,yes_is_run,43510961908200758662318042145722200023353499908005429618268388314612858643684,69230115681862591510229179978460094754651259600801351167230674369314210598205,2026-07-04T01:45:00Z,1
0x9c979293609d843dc107bdb6403c446d6d593fb4cbedde2997bcbf98f85107c8,mlb-sd-lad-2026-07-03,San Diego Padres vs. Los Angeles Dodgers,yes_is_run,69620895620016545979072974958991148752592776258106063785280990113418106816383,23965659709322140071176989186753039762811481257455128322010458283854695873150,2026-07-04T02:10:00Z,0
0x88e0b0058649bf56d6cfc8f45b33df335d6646613a52f6ee48ce9999aeee5423,mlb-tor-sea-2026-07-03,Toronto Blue Jays vs. Seattle Mariners,yes_is_run,69934743948333422787830313447827813840591455180160593024015490799814276757040,90329480194343685568590289757246326439708209167794297595828092256025169236887,2026-07-04T02:10:00Z,1
0x36ead0a64e21990c3655dd9e964f95bc36ba897ce41e0336509a6e8b5ef7a750,mlb-pit-wsh-2026-07-04,Pittsburgh Pirates vs. Washington Nationals,yes_is_run,68871194567330283204965907561565082137074397018647474994508478760151557630217,40496529613096517105964388185805262309474035809047759579268291143135648853446,2026-07-04T15:05:00Z,0
0x89c238804744c643e3d57bccd4c728c5d6fd4c62c040cd49488453fe23f8287a,mlb-min-nyy-2026-07-04,Minnesota Twins vs. New York Yankees,yes_is_run,14003733815094755392818026439013179258344859454298040883473643748696916030295,92430484448561622378442521220793811531964411703898140635065852618759956795101,2026-07-04T17:35:00Z,0
0xa8ce9a9818b7c02f2b424906a7fc42cfdf20ea2eb89af1dcbbf6b9b58d2f4fad,mlb-det-tex-2026-07-04,Detroit Tigers vs. Texas Rangers,yes_is_run,51436839937860574654863383355215375602871681910802999867948714102055910955572,2425492024382387046520612243156577741838282489191189040778947016764461183881,2026-07-04T20:05:00Z,0
0x1d29ff5bac27376b8ca984902dde548a1af9a8548f1dafa8c3e9ea58edc82e88,mlb-tor-sea-2026-07-04,Toronto Blue Jays vs. Seattle Mariners,yes_is_run,39141627054010346133034501420938943390737648053179157272688945019596318103083,14829282447387635274362038336426078687363367761414003681853244604510302501744,2026-07-04T20:10:00Z,1
0xf1128646bc7aeb627b067ac40224e825922c588e9ee2717b2c62625cb4cc4069,mlb-bal-cin-2026-07-04,Baltimore Orioles vs. Cincinnati Reds,yes_is_run,62132615392953878790702290230046209536481590020741018120250215106011987217268,50839638748247827369599360425486657004504665470144831647640492352575118100617,2026-07-04T23:10:00Z,0
0x8ad22bdf6f9cc9a6c5002186871aa4476164e33c8ef5a6f2a9594f6006c024e9,mlb-cws-cle-2026-07-04,Chicago White Sox vs. Cleveland Guardians,yes_is_run,91552061207043580182084001807961736840747760542890585319838875887214730222850,93390358702374622666312046014270567012208590502135485161264422669526423791302,2026-07-04T23:10:00Z,0
0x38cf0b175606a7906d5d6618ace4a94d9d002bf4110faaa0d93aa5c7323ba942,mlb-tb-hou-2026-07-04,Tampa Bay Rays vs. Houston Astros,yes_is_run,21379437482223284453633270661859884772237428598923009904306191101614484906824,106051062750218628253606484112052636818314857652406035441616695612894058689562,2026-07-04T23:10:00Z,0
0xc6b930e6032b09850ec44c3d491d670fb313ca466c1b2784da284fe9a55fc9a0,mlb-nym-atl-2026-07-04,New York Mets vs. Atlanta Braves,yes_is_run,59582392012312962355795043846605541334053031153889182676014246258732183528287,69206703060577695613668829774456423574468285898371830735795029058619924315103,2026-07-05T00:08:00Z,1
0x1ad904f29601b0b33c0db72ab73700ec61f04701fd8f4fa796d81a99b7445b14,mlb-stl-chc-2026-07-04,St. Louis Cardinals vs. Chicago Cubs,yes_is_run,103869060224421277206939679101900497767711974167827782321698028780877236484961,67633686600326616101626742671944862735504103118884011111133975058176155482601,2026-07-05T00:08:00Z,0
0xf7fdcbf911ee578baf5418b819ba9b557341cdcf78747335a4b82e570aed3d66,mlb-phi-kc-2026-07-04,Philadelphia Phillies vs. Kansas City Royals,yes_is_run,86382906129470605383026751411397243208213882620612666876522893748974959372379,76349493237672264621101738931935437307992652058628430221231602509755310246524,2026-07-05T00:10:00Z,1
0x5834a2f9514a760ba02733a4008ec58434fa59c53103e3d53e037275df7e3e8c,mlb-sf-col-2026-07-04,San Francisco Giants vs. Colorado Rockies,yes_is_run,29890801062009966655683312798974470194387762471776375794216225831116032160763,90623775919500998315937448567812372585231849288046829294651266846188591940821,2026-07-05T00:10:00Z,0
0x8579c88ed079d833c8cc5d4efa6fa41a7554aafeb38e7952f7d6561e3b1528b7,mlb-bos-laa-2026-07-04,Boston Red Sox vs. Los Angeles Angels,yes_is_run,46355123003386416506774710130137743111607738901255746521082593565107417534665,14268378230794230145952313771082219743950726527988805355892028646946485322901,2026-07-05T01:38:00Z,0
0xb7d84dae987eb172914fc50092eb4d5279bec7e9fa28554d661ace60fdf7b548,mlb-mia-oak-2026-07-04,Miami Marlins vs. Athletics,yes_is_run,31336629624813085369545319720238158959008293524574944218639104602034546354273,97595240465220450889180960616833408472601812896207947901033732184591544198371,2026-07-05T01:40:00Z,1
0x944c18368a95bd8acede39320e73c8b272b5d1a11e464013bc33a707fce00e20,mlb-mil-ari-2026-07-04,Milwaukee Brewers vs. Arizona Diamondbacks,yes_is_run,82537314891425904126379864130540928699818800166384315576987663283077372847221,40533448179036948367450267048989946502319370303098405247305566556627834424906,2026-07-05T01:40:00Z,0
0x1bcbb51c3f5cd124fc562db437f853a3a591e17e0129bd69214c40d0e56cc404,mlb-sd-lad-2026-07-04,San Diego Padres vs. Los Angeles Dodgers,yes_is_run,112828655142789252557146499050882593913772509583871236623536277838313534581125,106120483422651397139650802594259201767261858560508628665573522728474343372689,2026-07-05T02:10:00Z,1
0x8b6ee953b015084a18d6529919f41836adb74b5a8776d121f6791f07065b3d86,mlb-nym-atl-2026-07-05,New York Mets vs. Atlanta Braves,yes_is_run,84294686699588257918779066388205426904087838396448400773910713852199723831838,110011977662121732752360170887247694159013272664956256054006109089445984491171,2026-07-05T16:30:00Z,0
0x8e40f0810063b1b144534e7a4261d92446f620de551058e4704b1a81056f6eed,mlb-pit-wsh-2026-07-05,Pittsburgh Pirates vs. Washington Nationals,yes_is_run,81981987446487841543020730212494387533993482386583487086992157020453604251114,23379144444397613679498603926819068444611364659421905695384963245444561422188,2026-07-05T17:00:00Z,1
0x8b9e6bfd2e28dc6d1148cb3979625e27a5877e12ed993f905cecd4285036c8f6,mlb-bal-cin-2026-07-05,Baltimore Orioles vs. Cincinnati Reds,yes_is_run,69119174054803066552438587689652156370821957350391203689380456473601350708460,81417574529979197926966387971154766910334215870643258934920729148836801342639,2026-07-05T17:05:00Z,1
0xfc2802e68276527a8ab37ba00fb426b5e7081545b77b76e2227905e2995f5f4e,mlb-min-nyy-2026-07-05,Minnesota Twins vs. New York Yankees,yes_is_run,95279394082634121457757812140664776717017399699236747669003241136989855714891,70126255180362877172992258771633269075175902961955787434442474291052593841636,2026-07-05T17:35:00Z,0
0xd947ed94b8dc451f548e2258deb1fb8870dec8e52e631ee37691a6241c2321bb,mlb-cws-cle-2026-07-05,Chicago White Sox vs. Cleveland Guardians,yes_is_run,52654416055995088949114567381214101184955552292743630255873813678259624391395,90950709577274805341152639032774282192034879325935980550232830136518850910388,2026-07-05T18:00:00Z,0
0xc61bed2c0cdc51059a43d6cab580f2d9a59ef75f7847e39350dc5852a034f84e,mlb-stl-chc-2026-07-05,St. Louis Cardinals vs. Chicago Cubs,yes_is_run,86530046278163123852260162622204128241555761793953366909390939200789533684436,95245632459032875583883768317149940308843764407414654902269125655747560647545,2026-07-05T18:30:00Z,0
0xc660944b2ab30034127fcf7666d58789ef0925d60aea9d14083518e7e06879ed,mlb-phi-kc-2026-07-05,Philadelphia Phillies vs. Kansas City Royals,yes_is_run,66691428694817313570409307690231632779895313780824248036925480287502119450157,92217697288616313295231594887045757546628301862000978349687357822821486101080,2026-07-05T19:00:00Z,0
0x3aa706b96cb646bebd9fd52a7f691aec06f9308ab8bef3eed4cea2de56364fa5,mlb-det-tex-2026-07-05,Detroit Tigers vs. Texas Rangers,yes_is_run,44809720492957643233154049581647934461431501531957233607470640049660859602334,49655640852989909724911139719274614791006466992847339780492572437890607150476,2026-07-05T19:30:00Z,1
0xf36907cd1cd879180c26df09f29e9bb3930086176d12526b1e27da917695ae74,mlb-tb-hou-2026-07-05,Tampa Bay Rays vs. Houston Astros,yes_is_run,45150747089117493930240954799776141705421155307239003238665896845759566233238,36236466604486048637393520658807573958855853992962101197993524803614457680023,2026-07-05T19:30:00Z,1
0x2825708629af4857e5e86f45f46f0737981e6f1cb51673e003fd8a97e04dfdaf,mlb-mil-ari-2026-07-05,Milwaukee Brewers vs. Arizona Diamondbacks,yes_is_run,16991834332412516114902278784695602436298383674462832393603695891932960527275,79080028520395536288822350044021689572289882944873924759704860150909875952794,2026-07-05T20:00:00Z,0
0xd33ca017a929bcbe1d50b4e2cee8d45726749d824696561831dca71b670fefef,mlb-sf-col-2026-07-05,San Francisco Giants vs. Colorado Rockies,yes_is_run,66426323798799725496223722369390825735266382923505388453650623340390175451533,81934530098982281531180049241198110773121277497457793621500902830086669475819,2026-07-05T20:00:00Z,0
0x9abcc566b6dc2bb55e2fc0a5caf33e55cdc7fb978b908f1d01d9599057bb97cd,mlb-mia-oak-2026-07-05,Miami Marlins vs. Athletics,yes_is_run,53328032760514833533875276186191284412961484243171908592521622642971746271632,54743813872392791011039154125880753301431296591221158939990307497501323892643,2026-07-05T20:30:00Z,0
0x812afb60f71acd7b0502a5e233b5da6021b6c4fb57d0baa3dddaf1ce60f77f6b,mlb-tor-sea-2026-07-05,Toronto Blue Jays vs. Seattle Mariners,yes_is_run,45232693158841873574445014885281477624930811641929888631085153767843231792122,94884550999794887966815367989754316938429558379062636334425496170034835065693,2026-07-05T21:00:00Z,1
0x4b7bc5d89bba251c1927d6cc2d6911a5cc010c7378bbf4204474a3f13af9067a,mlb-sd-lad-2026-07-05,San Diego Padres vs. Los Angeles Dodgers,yes_is_run,66615512928073130598032758174679669178042590031005440819754607060476900825273,114054521538054236009696489007446927638193976464637850863136108588026496677849,2026-07-05T23:20:00Z,1
0x5d4803eedd039b6fa10912f59208f6530b9453fd745af3cb0d21fdbdca82f914,mlb-bos-laa-2026-07-05,Boston Red Sox vs. Los Angeles Angels,yes_is_run,6345588624763309169139606280964166058169193361150973712875812285046241045624,115460044979608015525863543776450280331826348210705289039761974248248062896866,2026-07-06T01:30:00Z,0
0xc7ed55ab36ceaf025227f29e8ec2d0634ac3a56f1a3e65a71174160e03cbf41f,mlb-phi-kc-2026-07-06,Philadelphia Phillies vs. Kansas City Royals,yes_is_run,51676291350712453672964645577590987673630239764926696150479164507963919240888,21994731008898785814358461724966748226286055323061729964485196977425017667581,2026-07-06T18:10:00Z,0
0x7a810155c605a4e9755ef6bc6aafdbd9af366857da1c72a4c6b66553375893ea,mlb-nyy-tb-2026-07-06,New York Yankees vs. Tampa Bay Rays,yes_is_run,85221387336151200694584592509179194287801762529133014678986819593280120516304,47866158866829625308277352076148549815708730944130283277182996788041370236596,2026-07-06T22:40:00Z,1
0x03ec03e3e6ebaf729be5388ca74d2e1f5726577fe36a6aa49d4b6bc35b07697a,mlb-hou-wsh-2026-07-06,Houston Astros vs. Washington Nationals,yes_is_run,413999762577500469425391353013218460008577623750516449046487552910049177814,38515822876401272183050817332692240797832229137382574953533079661974997771038,2026-07-06T22:45:00Z,0
0x520bf37de12218594aeb824dd3b35479f79c20e48a9bd8963c6b98feea1751fc,mlb-nym-atl-2026-07-06,New York Mets vs. Atlanta Braves,yes_is_run,52281542431481449201154779022965230911285502189067442521777033304549654654444,58133984300447648549435613416116841093925818523452967166576600171178738443902,2026-07-06T23:15:00Z,1
0x6354aea0c8769c7f303b35ea9c23a54882b3f1e873f955bf0dbd5586b75ce384,mlb-mil-stl-2026-07-06,Milwaukee Brewers vs. St. Louis Cardinals,yes_is_run,97825855264730906287284910215378866014846852280341891007262656906937754427729,64958728204834242908441478339776820493156545718603185779902372247082189476064,2026-07-06T23:45:00Z,1
0x43737ddd68e45df1f42650d0a9b25c111f1793ea71a891a9360061bd203da8dc,mlb-ari-sd-2026-07-06,Arizona Diamondbacks vs. San Diego Padres,yes_is_run,105956882403153250639731209398351133136777137026987987149323208134308375036829,38622620350276853430234107558823018881058357354371284318861760047534072158478,2026-07-07T01:40:00Z,0
0x30637331867883ad8e5a3d502e572551319b5b39d776badc76c9f04f618c8fe1,mlb-tor-sf-2026-07-06,Toronto Blue Jays vs. San Francisco Giants,yes_is_run,50574996869138339639477700358189335114925233287405195823420386866985124288035,44017484006317362066895116513399301873413971679268488144998198127788020072609,2026-07-07T01:45:00Z,0
0x2ed240189081a73e1d1553c17e3be1a20e465f83e8a909c6de0ffb584a182abc,mlb-col-lad-2026-07-06,Colorado Rockies vs. Los Angeles Dodgers,yes_is_run,73462584885988866532528274944454416120013879043992735122675498251014000067053,59317048643685181691440156032791286843398125433825473760179578674935027087626,2026-07-07T02:10:00Z,1
0xbbc8e8ed4093cf057f190fe666c1c4aa878f2addafa34bef3e43da305a37b5e9,mlb-mil-stl-2026-05-05,Milwaukee Brewers vs. St. Louis Cardinals,yes_is_run,88776589280051025294879219408184718510423720620656660713150503255326802719758,79342509747793553941115640361358677862980582531535596806789441227066977196253,2026-07-07T18:15:00Z,0
0x6b51b5025db5b4e06bbaf0d64615f1180c204fff09357498c5fcc6a1170ffa27,mlb-chc-bal-2026-07-07,Chicago Cubs vs. Baltimore Orioles,yes_is_run,105419675670251190647170833180372810700343301402466280280360126444993573013004,167361040792102248875344672808354496674372005358053754904435921963247610905,2026-07-07T22:35:00Z,1
0x2bb5f1fe994d2f3287f3fb661b97b6e9151c42bfe31ac57fb65d07187094d272,mlb-atl-pit-2026-07-07,Atlanta Braves vs. Pittsburgh Pirates,yes_is_run,104081301298826912458885379801678800457366426183535517467600857499431299837941,37815440952408577726767126370633155381972389795851524998071919630503298292925,2026-07-07T22:40:00Z,0
0xd11fa62a32c6972aa9d1c7ad706e6cfa1ab98597c1c995dd3e5b96b320df7de5,mlb-nyy-tb-2026-07-07,New York Yankees vs. Tampa Bay Rays,yes_is_run,93254593144424902634577423097788776146448155996323052422375774451635221521598,106441686440611932949817103380577935983696559969171891922973438041667613598169,2026-07-07T22:40:00Z,1
0x87bc9456912ae0c72a3bb7b95766609cfd4eb4261394230c251867b9b4273ae5,mlb-oak-det-2026-07-07,Athletics vs. Detroit Tigers,yes_is_run,77961094656564864315902020171823994542162500695752443997285189430045187831986,74857207311938954359376722234364707672824703323551075424694225903996800142467,2026-07-07T22:40:00Z,0
0x5d763d080c73d4e6111cf68b1ece40b197430e5b97340f703d0b649035b7a841,mlb-sea-mia-2026-07-07,Seattle Mariners vs. Miami Marlins,yes_is_run,24617692234201527738055944107816959126336708082789435615544331169817025453927,98216834541897406582072042617681919335981505341857954028127228602683131452243,2026-07-07T22:40:00Z,1
0x1809419299038ef843b9eb2f0c155a7789f43d4931e9614889917ddf83c07e4d,mlb-hou-wsh-2026-07-07,Houston Astros vs. Washington Nationals,yes_is_run,27280361473803053603261050873845003074918338771011909882057392462116437433304,54851351258151764722943914162623232344670945757561581079536742370025981849379,2026-07-07T22:45:00Z,0
0x21ebef471f3af2c60ae3b609bc9580b70417672576c002a81cc7a021a5bc9f9a,mlb-kc-nym-2026-07-07,Kansas City Royals vs. New York Mets,yes_is_run,8415913410517966680104745325826045801479060391290511279976628590166917409217,36716213971148057966030851061927640716462265809114922224774095781924013185602,2026-07-07T23:10:00Z,0
0x5eab0881ac20942581454164029409685176de3e58a8ef5eb9245ada59b62af2,mlb-phi-cin-2026-07-07,Philadelphia Phillies vs. Cincinnati Reds,yes_is_run,5069135176832379141840130252014762594822051178132905485195078197179559105105,23963872666484018294107619196961020627464447722285984174788139972508631443296,2026-07-07T23:10:00Z,1
0xe7b082058fbdd440c2322a78d7f8140e488855be74ff79868145b66d9746672c,mlb-bos-cws-2026-07-07,Boston Red Sox vs. Chicago White Sox,yes_is_run,68007892912023881397896673738149788238244541708785559780142153403866290442029,78347218822978634705690676698907337144629900617733530259310403238663072741103,2026-07-07T23:40:00Z,1
0x1ddbc18bf921cf03b77e1d171f0b1579fa6ead3828ba1b102483d660e856fe41,mlb-cle-min-2026-07-07,Cleveland Guardians vs. Minnesota Twins,yes_is_run,77361854357572306454123176184428020653902661253887496391616467089237437860385,23275377194295108548619553466204588197212021625410498117110646964106450809855,2026-07-07T23:40:00Z,1
0x5525b7c8de24918ffc1402c1715686a9e469a1f8ef17eae6727f728e0cdad615,mlb-laa-tex-2026-07-07,Los Angeles Angels vs. Texas Rangers,yes_is_run,92198652110824707312296314147230583904152495608729701862322578232126251183983,66375636442824340616755770818355628387866420750559679628015541793727894753257,2026-07-08T00:05:00Z,0
0xfcf9b4e20488f5d6b4b89f65ea5487fc5cc9cf4218cffa1aada5f8f98be9db4e,mlb-ari-sd-2026-07-07,Arizona Diamondbacks vs. San Diego Padres,yes_is_run,74567480525641394568017020353221962899461014169073358838518050613011924735141,2775352125167753279584527846037484836065569063212807823072272540453775994462,2026-07-08T01:40:00Z,0
0xe8e34ab15de198f17adba8a6136b8efcac70be1cacc31a02b23c5d2c5aed2d11,mlb-tor-sf-2026-07-07,Toronto Blue Jays vs. San Francisco Giants,yes_is_run,66121800714190190813605416377072543184661219506866224169696661970227743287482,5240431008676274189291328990498627791259593190087223821319891596316842525886,2026-07-08T01:45:00Z,1
0xd80f73314ec1f3a1e0a0ddf04f9e512e0e408ae36bc17ff528c261c6593bb6ec,mlb-col-lad-2026-07-07,Colorado Rockies vs. Los Angeles Dodgers,yes_is_run,95862933437593454262617284006949460129386426170329753021191063638570359254507,73669770497658539316101508258412283283858955799333772123447303470263560024425,2026-07-08T02:10:00Z,0
0x6c22cd9a5fcf9d6628d787cffbf5443f86ccebe8dd8a8915dd1c575842c4338a,mlb-tor-sf-2026-07-08,Toronto Blue Jays vs. San Francisco Giants,yes_is_run,90466495978832272148012300579628452629001082440996626116841004757801324852837,94689852649667458936783911975505378605485257624200065590853068283556454908039,2026-07-08T19:45:00Z,0
0xd140a549eb7694f5f50b6d6296a05a15a2664b000cd5af7d9531e5962916308a,mlb-chc-bal-2026-07-08,Chicago Cubs vs. Baltimore Orioles,yes_is_run,26064054319188279891894972702786603397304094428975806470478507483662977824759,22651723820535631313519488044842601333782109999819185815338320455180461641340,2026-07-08T22:35:00Z,1
0x2eb9c6855bdbdee4f639e3e567e60eb43a9accdbe4f677f80a2eb8099759bb77,mlb-atl-pit-2026-07-08,Atlanta Braves vs. Pittsburgh Pirates,yes_is_run,48381553214898356483214465725986531575963903393518701338228037019344716065363,91930322099846125457609887579076532459198757195503974181551302231112660651224,2026-07-08T22:40:00Z,1
0xbfed3f2f85cd86f8229f05a4d197acd72029a1361a81ad24a175d30c47bc4ff2,mlb-nyy-tb-2026-07-08,New York Yankees vs. Tampa Bay Rays,yes_is_run,50701806578078011929685930966372621197394704442413727100250199266720834291172,89448676564956984335914456933542318534552202414399368068826701640411447126592,2026-07-08T22:40:00Z,1
0x2ceb340517db5e266e3be2e9fb6dd686c3f671a38b0543821516097b5b840760,mlb-oak-det-2026-07-08,Athletics vs. Detroit Tigers,yes_is_run,99844377986120482408406887554265483704035493859725499301102875512621430381222,95128463948028254839127970377445666644986901487822162500832201174892821199522,2026-07-08T22:40:00Z,0
0xa346deb6baaec20294cee4236a50408da56ae06f47799bd12cdb793ca764e2ef,mlb-sea-mia-2026-07-08,Seattle Mariners vs. Miami Marlins,yes_is_run,72618701255374463551893409188034732677446787206301143688496254970771439529332,64766210438872932297296828169311687145761942700225346325809740053061647433096,2026-07-08T22:40:00Z,1
0x91ee20c7bca90141a9e89994b38dd94640eff59b52f74965ebff357f4ff667d5,mlb-hou-wsh-2026-07-08,Houston Astros vs. Washington Nationals,yes_is_run,23134684219105314474877842588400475226057311453943336021584461270067330725026,32512147991866418391082735391922980523835839524283810410233031950980933049735,2026-07-08T22:45:00Z,1
0x694367062815ebd8d9d090e3223c45627cad332fa876705c44181a4a24c15f92,mlb-kc-nym-2026-07-08,Kansas City Royals vs. New York Mets,yes_is_run,83026181729867039996146319131614988812092863810259338306502128473990560586515,76006373710800659649724260077219730927825987431201782321081996206164883630852,2026-07-08T23:10:00Z,0
0xc0bc60fc07a0dbe38735e6ac27c4513f75eb1dc01075f4e11a458fcdb3b0db65,mlb-phi-cin-2026-07-08,Philadelphia Phillies vs. Cincinnati Reds,yes_is_run,81000516264215827544859781641038012347433905805705220853188893989013009497868,78720309103064141439592173451478312835990021015687350020713961523246957949812,2026-07-08T23:10:00Z,1
0xc6141588d7eaaa0042b868c7085c44b63ca6a9540289db5e1b95c59864d5a50d,mlb-bos-cws-2026-07-08,Boston Red Sox vs. Chicago White Sox,yes_is_run,66306103199413240524463524354476829707978886855851429588799075199036627221718,38142934308832613121135063025706132016019940122327549271083619939336475072458,2026-07-08T23:40:00Z,1
0x1ee4ba43f3f008dce1d0cfbac21e9b145644c1f89f22daf4b56e0272cf3ef7c3,mlb-cle-min-2026-07-08,Cleveland Guardians vs. Minnesota Twins,yes_is_run,11001934842493796113680463312829470154315514764254733917461409621216546573873,39138902764875739254785925178264508306491542820963619155994628076779186322804,2026-07-08T23:40:00Z,1
0x2511129fbe1f30f17893cb3ac79c25d4f48e1e82006b79e9f61c56b06e27892a,mlb-mil-stl-2026-07-08,Milwaukee Brewers vs. St. Louis Cardinals,yes_is_run,115504769621352210464752353568740045947419072448532888598394587499697362812141,51149529858843858980426330918766060522935476224393492235275341407439967221327,2026-07-08T23:45:00Z,0
0xade2ec9e555dfe379e26e5661b4367c5683813ca5ce3b3785e3b7e81ded9b83f,mlb-laa-tex-2026-07-08,Los Angeles Angels vs. Texas Rangers,yes_is_run,84559313972369620407948873169831827529665795255503555087366226806075016373042,77974403384269170542963329328645108510966170760942591118569890444614664804470,2026-07-09T00:05:00Z,0
0xa5b3b14f1a7828b667cabae40eb627213f6ddbf0fb6dbb409aa54e7b5d6eaeb5,mlb-ari-sd-2026-07-08,Arizona Diamondbacks vs. San Diego Padres,yes_is_run,77165795888342139774415082496244894812972049840103920937680561831406845482482,34049795108416638126268202824629450312984571895838780954683510258077936873710,2026-07-09T02:10:00Z,0
0x493247e7665c5905e58e8ecef0eeddada03a5de4dd09ead8dbbf0d7c5b2374df,mlb-col-lad-2026-07-08,Colorado Rockies vs. Los Angeles Dodgers,yes_is_run,65921270463003168768786091838393550330182421768501142479739268328571476737521,45836987683108203045301347013267468405081571735200290077602328058162325494075,2026-07-09T02:10:00Z,0
0x772bbdf7e7f310cd695afb1fac94c470c6ede34641a2f30805bcbc74eb706d76,mlb-atl-pit-2026-07-09,Atlanta Braves vs. Pittsburgh Pirates,yes_is_run,106301105395394569092340503530196519887898375683496954561793680450947972209854,100928451525753548020748132822821054913513391367697663878552135923113804152698,2026-07-09T16:35:00Z,0
0x062f4ac6359015296a938ab9ecd65e26966663cb71f2cdd5d53840c3988fe2d5,mlb-kc-nym-2026-07-09,Kansas City Royals vs. New York Mets,yes_is_run,89046093350279193021255014009953766631565962994104686834407259148097024605960,79157913526193339546212888875845235213210267266215247836047118931427910776146,2026-07-09T17:10:00Z,0
0x0d5971b122fb7f45ed5aa8987b409e69b43e68fdb2868a052bb93ab868f7f1e1,mlb-nyy-tb-2026-07-09,New York Yankees vs. Tampa Bay Rays,yes_is_run,2254787757087211068636189064482393540159360678387930490861393893978236238490,26297269896831865472584271750442561585245926238639789037635579393327691943876,2026-07-09T17:10:00Z,0
0xec791471b85a1086416bcafa337dac42e7c467f3f4467fa5b5ee2f3c650e5d0f,mlb-chc-bal-2026-07-09,Chicago Cubs vs. Baltimore Orioles,yes_is_run,21827609955732070300033445634225061267127307331065700427693513801073006251826,70812140666381167156621831304070701767414851242213662249866785362996302862479,2026-07-09T17:35:00Z,1
0x11f60efa882ee04ce6ff205ffab67fcccfc58831a6370667d2d9fd992fed2a1b,mlb-cle-min-2026-07-09,Cleveland Guardians vs. Minnesota Twins,yes_is_run,70561667306715120654891778471134810604732754919248809538756015468323551826156,1495675704276000713244606162495391077918183241608723954438406850719383699642,2026-07-09T17:40:00Z,1
0xa8bc90c695111a8e9211a9dc597f4ec6eeffdd3ac965e55e48ce1169987b39d7,mlb-bos-cws-2026-07-09,Boston Red Sox vs. Chicago White Sox,yes_is_run,31229821139211944343205463466539873269227138180034233868500560849024150981367,37180298951174707003236091090737603317195280640688567935857250438563796518632,2026-07-09T18:10:00Z,1
0xc4fbf903fbddb5ab3eaf35d092c8bb7215e1881163aeadccba95fe19bc037aa9,mlb-oak-det-2026-07-09,Athletics vs. Detroit Tigers,yes_is_run,66027669061735996210192948276848638283746291032724793560006326839358893503799,4561415823630882543269241718451726971296362956336870638256093832912734268295,2026-07-09T22:40:00Z,1
0x4e4cf862c4b70e5be05dfac85d6f696e9746f2445aace157808e7d1ef4f07e5c,mlb-sea-mia-2026-07-09,Seattle Mariners vs. Miami Marlins,yes_is_run,57848592404666718701700475453460800642072188761514399829521346863753398841854,99221446502301442275298329683828196364231722458982428228751923251957806993343,2026-07-09T22:40:00Z,1
0x06d4606f40dbef9f30807213afaf103e386a6842861bb8ab0e19b655c52fd70a,mlb-phi-cin-2026-07-09,Philadelphia Phillies vs. Cincinnati Reds,yes_is_run,52754791808794333426731962047352277841420453871259957318792503713890355824118,34926604115591042169014095672652657096466947188947698569788939281942399964453,2026-07-09T23:10:00Z,1
0x8da7b7971e2a7fbef49cb5513ccf76d258b43250a43ee8c15fdb069aa68d76f5,mlb-mil-stl-2026-07-09,Milwaukee Brewers vs. St. Louis Cardinals,yes_is_run,99112235348941480157944301728824894758346353494935720333000609485539044982391,66428493408609047612925944697831932859933655646004187644498476837343340347659,2026-07-09T23:45:00Z,1
0xc60f39fa5a5d60d1a983d269fabbf927bc79358fc83550501063e9365a9e77f1,mlb-laa-tex-2026-07-09,Los Angeles Angels vs. Texas Rangers,yes_is_run,99105657894119227869297868608759708225446271721731456824419783669052505968267,77617598186530860815824665692535139995152574452116795851637515215182273612882,2026-07-10T00:05:00Z,0
0xc3b7cce6cf0847bcbd9ab5fe675c30ab96f60baa46e3ac0b47ee49c39443f931,mlb-ari-sd-2026-07-09,Arizona Diamondbacks vs. San Diego Padres,yes_is_run,22495458828096376095689363278092577221489776183822658890417023408460955854276,113477888531970215191056774907689507532014026835264307894775881421886490116536,2026-07-10T01:40:00Z,1
0x4c59e16afa8917ad2f03b1df63f9122289fd17d12e48a20dda968949eb408328,mlb-col-sf-2026-07-09,Colorado Rockies vs. San Francisco Giants,yes_is_run,37616019599584253959475860811918052182323052472734583930404793131553610133447,47566106872476640541649017708461996659860228406483413594746903503326908396370,2026-07-10T01:45:00Z,0
0x62c05b13ebef16dae57970fb3d17396b9182ddfddad6723e6511079909886fa7,mlb-phi-det-2026-07-10,Philadelphia Phillies vs. Detroit Tigers,yes_is_run,90539754130728754293845412978291537717892647422103950017024230251799865759877,104240016539548247773176479812242234958938293862728981267601600616863723304042,2026-07-10T22:40:00Z,1
0x0a61b8138e6481195b55aacd882dc72aaf28e7508869dcb0595bb4aecc9759bb,mlb-nyy-wsh-2026-07-10,New York Yankees vs. Washington Nationals,yes_is_run,41135321689154002902677419586585412892639055764649126689283459788546338453076,95659455142099038972722055871010032418952799466693579792076240474481036270818,2026-07-10T22:45:00Z,0
0x21aa7a91827b6afd42ca8e43915157061bf6159220f14ace6eed7d0783ba3fb3,mlb-kc-bal-2026-07-10,Kansas City Royals vs. Baltimore Orioles,yes_is_run,102255954671573626677494986542689907509191855106702958597077457690445618021854,30183776221404656934924176838962434599389472744437429240122444747108543774637,2026-07-10T23:05:00Z,1
0x12303a6eed830a08450c0beab4dcdf360981b7513eba74b68ce67f7fa9f7025a,mlb-chc-cin-2026-07-10,Chicago Cubs vs. Cincinnati Reds,yes_is_run,21675147802634675193103282302399170156445255895581848097162247007145553271661,87366553782769149656920890809127389239087466812810035292504025458571331291470,2026-07-10T23:10:00Z,1
0x089a1eaf5df3fd4e7c4a527898b2e6cea71c8be8ed38614049c2b908a48991aa,mlb-cle-mia-2026-07-10,Cleveland Guardians vs. Miami Marlins,yes_is_run,74638673050940323313103894543140436839981324112377742565155844512590642258238,110432096663458151397969591434739765211396959261542935422430383120049093751645,2026-07-10T23:10:00Z,1
0xf3776f82e5697b1784a3ed0a8b91f074b5cc7029b7335099d63b18c7dd3f7a63,mlb-sea-tb-2026-07-10,Seattle Mariners vs. Tampa Bay Rays,yes_is_run,79332142844085504654248389369152714119221650211077393680596913267852798332346,47541027659267124626105245188162487690412968424300026793401677133723130990897,2026-07-10T23:10:00Z,1
0x8bee4a46ffd73977e6d29f002df38eab079e1b571c53c5072e6ba544eea7c1ae,mlb-bos-nym-2026-07-10,Boston Red Sox vs. New York Mets,yes_is_run,11032402723655535810623354249905964368688136620628865635351998354753923787815,19869489221235007056732192208614827033595668135243933932747365167446271484513,2026-07-10T23:15:00Z,0
0xde855cde24761cc5d514f5a8fb80a15a61de4021ed2beeb37eab05813ec3367b,mlb-oak-cws-2026-07-10,Athletics vs. Chicago White Sox,yes_is_run,33563092026445914450310197851529858519848425224633492586463798848419505768537,9958900137450040132089897776747119052515266455356851037825997248889102640945,2026-07-10T23:40:00Z,1
0x21faa12b8db19ad2df6a15fe89ce41e5fe0d0660b36b1e125ac0110a5810334a,mlb-hou-tex-2026-07-10,Houston Astros vs. Texas Rangers,yes_is_run,66727140803710926084285352617175360297286039014049128436500650609542475371993,760229267336117295588739213330095658636311005833555983601263213630816739833,2026-07-11T00:05:00Z,0
0xc910f95c46d10805d888a204265857b4890e61f2210ae4294b37afc2c40874c1,mlb-laa-min-2026-07-10,Los Angeles Angels vs. Minnesota Twins,yes_is_run,106160863365915275915929956521629666930169658160747657513215024655098883897002,65562409896149144199339394797461056837514127393182312528781897325524686044120,2026-07-11T00:10:00Z,0
0x40d687c7bb9d46e305dafddead7705f8a1319c1948f64738e03880311d366064,mlb-atl-stl-2026-07-10,Atlanta Braves vs. St. Louis Cardinals,yes_is_run,105766377759033528687637037393822764524822377233920074533571889035089751354791,59715262112255225478900180987810344345996033546077826150750750951602475737218,2026-07-11T00:15:00Z,1
0xb5f76aac131a1b36dcfe634b1239e4fddb3a957632c7617cec2fb27126bce3c3,mlb-tor-sd-2026-07-10,Toronto Blue Jays vs. San Diego Padres,yes_is_run,8432672403756174748585221782552425098031978370016628732214611711022979622087,9305713020472801469619887933474691020828434236508266964270066101308648643636,2026-07-11T01:40:00Z,0
0x9679814e34eb359b768ae8d9155bcf0f3b21f2a53d03c74f8abf51ac7704631d,mlb-ari-lad-2026-07-10,Arizona Diamondbacks vs. Los Angeles Dodgers,yes_is_run,61224088448874935411545417869908069417604160875162626852688537415944048433672,42128354259163355395676262255543216269460680989637969063040660686089144638677,2026-07-11T02:10:00Z,0
0x51674f0a331423038b901be9640600c5f46d06e6a440c3b25825d2dff4c9dd41,mlb-col-sf-2026-07-10,Colorado Rockies vs. San Francisco Giants,yes_is_run,103457270626518409506023631116470547318419908854361958694141229664040288347384,57070012978350189093846609388320140300159815867078128809903132263708758308758,2026-07-11T02:15:00Z,1
0x2bfb39024b3e4f6538dc313e9157cb84982bd3ea03ed5089fc6102e14610a185,mlb-mil-pit-2026-07-10,Milwaukee Brewers vs. Pittsburgh Pirates,yes_is_run,46183801535071293286188289023186785839979316578798210367759459480846865483625,66761721643306676089794414650734122021599325713716211544290191857809274867038,2026-07-11T16:05:00Z,0
0xaf85dd2ceeaa8eaf6bf5982a3fbf1568150da87379e5a0787201fe6b9f4cd201,mlb-laa-min-2026-07-11,Los Angeles Angels vs. Minnesota Twins,yes_is_run,83294386897445236279214599713571815354167817969044877161936200834521630577995,78252567866472300744124723303029072620092255137835626662820981834484897509229,2026-07-11T18:10:00Z,1
0xf0aba32d4de8eaa508b5c8af0179d49d8a648abc1cfc64d41346e44a8d7becb7,mlb-oak-cws-2026-07-11,Athletics vs. Chicago White Sox,yes_is_run,111792115799185176697402296620327631318141163765781405588150923934778948186307,54225083442391282953954897302987730263629090399799024924995297482518311042080,2026-07-11T18:10:00Z,1
0x7bc3831b2c4915a67d67617fac06900447ee916e319810ad348e58708619f777,mlb-col-sf-2026-07-11,Colorado Rockies vs. San Francisco Giants,yes_is_run,87929119280434078871701379885262274483473258316629110536554317404174456768734,77849197796141509171759405590126155464821235845066641951759306041648118668973,2026-07-11T20:05:00Z,1
0x5415e9399bf5943d327d8068676ebc03b579e43649063730263e34f716a8935c,mlb-mil-pit-2026-07-11,Milwaukee Brewers vs. Pittsburgh Pirates,yes_is_run,1461073512309440321040688186360169179940758972313784909891678806773021613307,28478403442055189667979909924364470540379266206102084106996053286178977548493,2026-07-11T20:05:00Z,1
0xeae5b3afe2cbcb8d9a6cf291de20623c21d1f843289788520cf21dadc9a3fd03,mlb-nyy-wsh-2026-07-11,New York Yankees vs. Washington Nationals,yes_is_run,22038373911336672286552740197951901979288107149030336591609728836192292597514,67578168569276942928898222213457139090983058759706936919816210431269394962769,2026-07-11T20:05:00Z,0
0x930d09146849fdc58e6cfcdecd15b7a4f616ad7942f16245a76abe42d5a82954,mlb-bos-nym-2026-07-11,Boston Red Sox vs. New York Mets,yes_is_run,64353940830616716117554764410714305111425741289854764719776382152623859724903,2014180795959722831056699121675234169096796837452681738039805513303151092335,2026-07-11T20:10:00Z,1
0x1174c9bc516093afd8d077c8fcb14ecae32272e8e92546d990468f7b6232a525,mlb-cle-mia-2026-07-11,Cleveland Guardians vs. Miami Marlins,yes_is_run,89794495724024937076153230190165570193211813230758045793588019853187082060104,21671852981764917904059925650925783226406064943730981625231582904571856622195,2026-07-11T20:10:00Z,1
0x3457ae61868464473638d099ef8e2cbae90a0ae310b286d036cdaf8691f7f152,mlb-sea-tb-2026-07-11,Seattle Mariners vs. Tampa Bay Rays,yes_is_run,53130262657604390397616116874069564913393017795070907671477343987859390211778,29132438627999066557146632210348266881215194973916942599802866133478169341275,2026-07-11T20:10:00Z,1
0xb18c6c9bd53ba5272c4e6a03d2b5ccdf322ac38650c21ea5e9eb4a17f132dbb7,mlb-phi-det-2026-07-11,Philadelphia Phillies vs. Detroit Tigers,yes_is_run,74710096697301694176652568146706434450389416510678562827306040391603174008529,89572603842573849353033419848716279510430216675569074672432781486100200784591,2026-07-11T22:10:00Z,1
0x5b35702746d2b41dc3167a31d120278fc8fded1dfe964d53f9f73ab43601a013,mlb-hou-tex-2026-07-11,Houston Astros vs. Texas Rangers,yes_is_run,27711424346918835314174022416096680060211750432787263634147872925899384884012,32304268755051565365340160640862776130758818151485357327849781956147629034484,2026-07-11T23:05:00Z,0
0xdfbfb877377ec2f85422f4d1339b3e13f05ce6a7820ba2fe879b577d1eb2bdac,mlb-kc-bal-2026-07-11,Kansas City Royals vs. Baltimore Orioles,yes_is_run,30107604290782380387493611803135324188488567038799061585539991417799212786937,32274316846907704615228374723710471179816763221117248503518009321707380303885,2026-07-11T23:05:00Z,1
0xf8e8daa8709f697b5c9f91120a94c9223d0bd52b80272452e50128bc7709a881,mlb-chc-cin-2026-07-11,Chicago Cubs vs. Cincinnati Reds,yes_is_run,102536285180087183679300563490790714624549849747901866969396067799024930821119,58386658652234614888305581279674281618674998066027842642262002534721694863625,2026-07-11T23:10:00Z,1
0xe87e2221f39fd36e7c9845dc27a80e3d5cc4b8f89039b66a1a92860207485c83,mlb-atl-stl-2026-07-11,Atlanta Braves vs. St. Louis Cardinals,yes_is_run,38659096566971152628479556508846978854413378556514650773895958769793386578314,91546828488078115724187597509417956133644740500816160668303004327659369080924,2026-07-11T23:15:00Z,0
0xafb2e50475789394ed72e43cda85f47b4daaaf80c61aea7084d413b99513e6ab,mlb-tor-sd-2026-07-11,Toronto Blue Jays vs. San Diego Padres,yes_is_run,106068215609040084694189155185196901254616112963785746393262208992232071175453,99344610872468069354665683347061595403642316454115929283237891242293816633684,2026-07-12T00:40:00Z,0
0x8e86deb291aaa6b9356173311e5fbe1a1f15aac7e52f5700bbc819c1454044f5,mlb-ari-lad-2026-07-11,Arizona Diamondbacks vs. Los Angeles Dodgers,yes_is_run,4968536357847275691094937749321127429553123586289256146887223823896687129747,44890176407855044665604011790896917823663549032355579974391161534307747479823,2026-07-12T01:10:00Z,1
0x60168e4fd6662fe57c66b6a69501c54656ae6cee05083228cf8788bf460ed1e3,mlb-mil-pit-2026-07-12,Milwaukee Brewers vs. Pittsburgh Pirates,yes_is_run,18644482951359229351795530749726687532073506374004352248135148301081941397434,5705671025652335536757211319939947469391377625769594111692025032318685968686,2026-07-12T16:15:00Z,1
0x02838f72de826b7fc70adeb19c87ce1db240463b090f7b22cb669fa250a9d457,mlb-kc-bal-2026-07-12,Kansas City Royals vs. Baltimore Orioles,yes_is_run,16186353979580871895827026024962397762553990930225324890270433649561061195856,58782290628958052233731860607854370557033433674086398266426050658175196921525,2026-07-12T17:35:00Z,1
0x9bd58acea98a547b1ea10a39aafc37725da6627cd24713787d8e8faf1ac7debb,mlb-nyy-wsh-2026-07-12,New York Yankees vs. Washington Nationals,yes_is_run,65434430214225673640453646567648605668828102430546385850994280989139291354161,111515167037153114583907551256977854231910865466217885811532954109609303297919,2026-07-12T17:35:00Z,0
0x03806818cf4de310aee1766e960fa2768539361cfd1188cab2d227b454f49f81,mlb-bos-nym-2026-07-12,Boston Red Sox vs. New York Mets,yes_is_run,4282967953870372417691132582057612703812816539639151048214615991140083126088,102938430932603391200221556749672245041224575329999352616575458139724946045542,2026-07-12T17:40:00Z,0
0xec15746dfbc04020830f8bfbd0f7799a45eb45428f56f51acfdd47df2b8bc066,mlb-chc-cin-2026-07-12,Chicago Cubs vs. Cincinnati Reds,yes_is_run,31862379453498007735719810621293772427965784594014930940204543366343655166284,12300162758528876908092617015230755794109169138554311442682523502772497137816,2026-07-12T17:40:00Z,0
0xcb5717ab5a86ae5908a023a6c08f0c855b47c9fa2ff76bee127d20334e8a8061,mlb-cle-mia-2026-07-12,Cleveland Guardians vs. Miami Marlins,yes_is_run,60928446085518445281725444146341553173523201967990099566644571363255336628400,78946535764364482991050269497397139175204235472450599066443133051898982452780,2026-07-12T17:40:00Z,0
0x0ca364e2f980fadc29a11853d27b6511b2cb34fa2655781d1e04eabc44eb88bf,mlb-phi-det-2026-07-12,Philadelphia Phillies vs. Detroit Tigers,yes_is_run,40822277964477214027784584865465066047925706449471031572792319764838829221606,102497901684666921932487302917334652728984617685969406898219989645126468122385,2026-07-12T17:40:00Z,1
0xd428aac7e04b5931ca88f7458ded3a2e819a99b9fcf37d602d01a4b73adae34d,mlb-sea-tb-2026-07-12,Seattle Mariners vs. Tampa Bay Rays,yes_is_run,17855250229419277992693589670721392033938645095803693530826136369694845525148,100786623201385600515785106091661586191281595084905339105021326728591986965831,2026-07-12T17:40:00Z,1
0x882c063481217c183cc3bb5172e49ab03cf16471eb31c57527b57b54fa34ce53,mlb-laa-min-2026-07-12,Los Angeles Angels vs. Minnesota Twins,yes_is_run,80367329974510121218837613244115974700045450868847005226734463903568617726365,33882905146042065613003593760215389528468848589560323243783006458764627195136,2026-07-12T18:10:00Z,1
0xf292f0f7be115861960f2a8fbf01d3d050d14134b8d40ce9637b9e1faec47973,mlb-oak-cws-2026-07-12,Athletics vs. Chicago White Sox,yes_is_run,34362529609485645193870308365542825466346803774226128324703287668552997494763,63202668725313283057315447551852578951529318889634008877125982749631368911905,2026-07-12T18:10:00Z,0
0x113a2970ddb72285f6e0f76510898304612e6a3c33386c7f5529f404c81df8ad,mlb-atl-stl-2026-07-12,Atlanta Braves vs. St. Louis Cardinals,yes_is_run,629126655431616844905653789498372869110117847267780874646296436783417093683,110468737100829291892530092799811054823424379229427030174209155266547725480029,2026-07-12T18:15:00Z,0
0x3f64448ba32e935193a6c62512f54a0e82011367144ac6a04fef9ddc8b641847,mlb-hou-tex-2026-07-12,Houston Astros vs. Texas Rangers,yes_is_run,85081274408406607122319691698577707214839642842882700790099800858397319017219,6160269823938864110266145054823292353808276915564007644864313926568326660647,2026-07-12T18:35:00Z,1
0x7bed0c3eec2d17453e8a94230bc43e5cd97e6139906305e84e183a8dcb7a1ca2,mlb-col-sf-2026-07-12,Colorado Rockies vs. San Francisco Giants,yes_is_run,61516947771906988951632668805394080055142328754944750677951073283774516676788,60026240576962688738825609413461007275467121667888740060035848421370328420011,2026-07-12T20:05:00Z,0
0x84ccf40e22a02f316e0bb7e67320d9862b4cc610d420d54374b9b14d2eff8940,mlb-ari-lad-2026-07-12,Arizona Diamondbacks vs. Los Angeles Dodgers,yes_is_run,22689171889055961242128831935369272344247394528137097062224192711440782352367,42908230325204227927447682482590790410295438489416523203214045908997092875839,2026-07-12T20:10:00Z,0
0xa213420a17614859fb08f59d68674ca46d65eda49b2f635750d668a5db922963,mlb-tor-sd-2026-07-12,Toronto Blue Jays vs. San Diego Padres,yes_is_run,13551574077168484866931119286168396194084106983210034555600045516764271479583,73687899298645314168102937149529629187928700875628827154047775498396176959072,2026-07-12T20:10:00Z,0
0x1df18124f3427b1f08875bffb8c7a159ef3842667db35c9a50bf163fef8e1677,mlb-nym-phi-2026-07-16,New York Mets vs. Philadelphia Phillies,yes_is_run,98759058904585017816970380423668615662013362841694988461093726633375651377251,84350249700322888477381015914675591486665972878825048673609625731377431373047,2026-07-16T22:10:00Z,1
0x7d4e2f56006f103006045cef38373c2d9f539a4e057e59727c35eea731782b3d,mlb-tb-bos-2026-05-09,Tampa Bay Rays vs. Boston Red Sox,yes_is_run,35497386476955087570764114084405109030244568293727255579019149839519607540947,22555245177641238275671533264812093636659505779227155439112162089409139439739,2026-07-17T17:35:00Z,1
0x16163e176e45ef28d942dcc6004a480122e7710a493d7f88f78c366ae85c26dc,mlb-lad-nyy-2026-07-17,Los Angeles Dodgers vs. New York Yankees,yes_is_run,65167882838268714445200442904701958355599687917437272893640943625795040015556,48450030437611510817500591581610006619199068734272537177500758259960129499037,2026-07-17T23:05:00Z,1
0x3ff9e0412aa7041f2e29ed1373132bb9167d1eeebc5404428048733b434479a7,mlb-pit-cle-2026-07-17,Pittsburgh Pirates vs. Cleveland Guardians,yes_is_run,112957776514167329161017413271903401905708372960115255421720452194920966124421,95248284788601911899083352043483039478490076662114303347798709252747150039478,2026-07-17T23:10:00Z,1
0xb8a681fb26682f140c3df7bae9928cc64ec50f1376427899e1fd0f16df96afe3,mlb-tb-bos-2026-07-17,Tampa Bay Rays vs. Boston Red Sox,yes_is_run,98931554643071682503698390217207196565938295803010124790644629445838615459490,61074294236167062606555779213976298466185415378052897967651682420651856786513,2026-07-17T23:10:00Z,0
0x50e1fef2133435b29ff10a395dc5a8aa912ef09d5b3799345d3ddea4da2bdc0b,mlb-cws-tor-2026-07-17,Chicago White Sox vs. Toronto Blue Jays,yes_is_run,95656963690132997860183498685110405749928191181052564511750771587715988230345,12857815729586366108482705543368396187567571328129630124924870536334529758250,2026-07-17T23:15:00Z,1
0xe5cc3374284e345b92504517daef314434f83aa697a12d7a0b41b24f37b94c5f,mlb-tex-atl-2026-07-17,Texas Rangers vs. Atlanta Braves,yes_is_run,23521749865138906013833924731562778822041514000390056270264673152297771326287,13087486743962917786751108692810387442859347543176056872381458856700141918995,2026-07-17T23:15:00Z,1
0x4349b3cd02067fa637460eb3a96a18f77c3719b181c4bff58169d1fa3b7de9ae,mlb-mia-mil-2026-07-17,Miami Marlins vs. Milwaukee Brewers,yes_is_run,83238638458894885669072840092879801855396318481860140114175967295208806586547,79056893031669443160135834856426705185569203233995140038977510568970973454608,2026-07-17T23:40:00Z,1
0x57d47e7bcb192d2346120b661befbc863e55598a8e60efbb004efe8a87b9bc21,mlb-min-chc-2026-07-17,Minnesota Twins vs. Chicago Cubs,yes_is_run,63156973595932072081977576936934260132221780741117547999984834109049816608057,83303860150923966477652917528629379222464003170681632902537793613660860091265,2026-07-18T00:05:00Z,0
0x2b5a12a59fec9e48df50234d110c68ac02e154966860029cd5b2d6adda8d3da0,mlb-bal-hou-2026-07-17,Baltimore Orioles vs. Houston Astros,yes_is_run,115359528765592663976419407242130770195507819061141833849087907552702581239619,47943806087962450257551203304702606049135206151821624034863331750617746439162,2026-07-18T00:10:00Z,0
0x4e0ffe7d68245e6f469fcd6fcc4901bb0b302669d6153a6da3d727d75fb1220c,mlb-sd-kc-2026-07-17,San Diego Padres vs. Kansas City Royals,yes_is_run,16709091116525650959361915875399993987138491022408214869551985719520038238334,115600016641595857693584409538697960027433229517119563357771854557755344573256,2026-07-18T00:10:00Z,1
0x5d976e7900477ec99f8f902b7983ee02eca42f4b88b9e10574715dfe5da58f36,mlb-cin-col-2026-07-17,Cincinnati Reds vs. Colorado Rockies,yes_is_run,62790214681232603775382237601251260464057403091496584916394697164273237822944,34805984983470318123575102907636148718508056552663682716044070524121344649997,2026-07-18T00:40:00Z,0
0x85572e7e210dd6414421a70c83285e97c539081a0779ad13aeb88474c3b19dc3,mlb-det-laa-2026-07-17,Detroit Tigers vs. Los Angeles Angels,yes_is_run,42838756209162644184813471606517931916826623029716967283691920387152974905102,39834574938094775385882292332659549177021299194198165638755817288501322523328,2026-07-18T01:38:00Z,0
0xd08d4adf16e577b840c6a0f8a57a63229e5695992a6e06bb12f9ca3659624d84,mlb-stl-ari-2026-07-17,St. Louis Cardinals vs. Arizona Diamondbacks,yes_is_run,82226997513739472857570173517892532355661145564377627754566507051509027052582,31384476119032225015856232752378170523087528445448107112920848693902340413320,2026-07-18T01:40:00Z,0
0xbd4447f2c7194c37c05befc19fe1d6c75a51d62c3cdbdb58ea7661d8bd0965a0,mlb-wsh-oak-2026-07-17,Washington Nationals vs. Athletics,yes_is_run,72036087300974500081311577559167658382595149601716109624546383320685725137240,51548738165210898163273789781673313375720478341459313401785403901989332081344,2026-07-18T01:40:00Z,1
0x035046f0a5b9eabcb60128ffc20a7ee2ed19776caf955d7d9c10b3163f2d65cf,mlb-sf-sea-2026-07-17,San Francisco Giants vs. Seattle Mariners,yes_is_run,60982836826720291973205950103501476479843411252428731193926559895176732806759,104200587343542689988036470074654197999190018368407341802833503813698000928356,2026-07-18T02:10:00Z,1
0x560d9ab61b1e575b3b8f8f2158b477252f31b09781c4dfac6d444fda54398dac,mlb-min-chc-2026-07-18,Minnesota Twins vs. Chicago Cubs,yes_is_run,19603254442526198656614974623618462741746844414670516042160134238129934877115,103003858307380417920493827653500461730716943131984454445508129976967392972983,2026-07-18T18:20:00Z,0
0x828d3aebed627480666c8dde40f61bad3d95d3e1757f48c89dba9371a24c946a,mlb-cws-tor-2026-07-18,Chicago White Sox vs. Toronto Blue Jays,yes_is_run,90165447810479607752634525599677053712920611557698220947540542276902116050910,74703398499843619150710684409642729847732190074391568245095262566550592143157,2026-07-18T19:07:00Z,1
0x2aaab477e268d3335df38bd106b4c77b96923659f71e35997c88ee593bee4a8c,mlb-cin-col-2026-07-18,Cincinnati Reds vs. Colorado Rockies,yes_is_run,100692734551781884397142228327692025800507385306163326992412446127870048524311,83186379624146125478225370356418830146332491191343401600891636480255103456823,2026-07-18T19:10:00Z,0
0xe9ec63974e94aad91b67a949422c7dec77282fc28b5c425737a3a2506f7d7163,mlb-nym-phi-2026-07-18,New York Mets vs. Philadelphia Phillies,yes_is_run,68574635473325856324210924294348996040657197114629595817790260247988034434025,65948219185125326487441817934827294310072492989596082854474542740159967020458,2026-07-18T20:05:00Z,0
0xebbf4024bac397aff1b90dd7c934e37751120c6d90fb93f6c99504cc6b253274,mlb-bal-hou-2026-07-18,Baltimore Orioles vs. Houston Astros,yes_is_run,54617736296671270365373232439087146396413469033723854595789019301479156708498,3694578243276847702852257073203196445273922302927109692859284795445358946796,2026-07-18T20:10:00Z,1
0xdd5b4011233de4f1ec4689aac241dd6ca38bf8d691ed01674d75abf108f3c3e5,mlb-mia-mil-2026-07-18,Miami Marlins vs. Milwaukee Brewers,yes_is_run,77466741533434805645567096295583066287501076188799232980577897208902651782527,74909191403337296703727529429539189358909133656776271431603424265104942772458,2026-07-18T20:10:00Z,1
0x4d44087081ba46de27b3fb518b8b614dc639404cf56c651f3cf9a9667de8542d,mlb-sd-kc-2026-07-18,San Diego Padres vs. Kansas City Royals,yes_is_run,3206039929745792976621915347678827851913059820756773540434368489197235799103,129038129882539782717460770836281492264875205072683624698245863429489685184,2026-07-18T20:10:00Z,0
0x9f0693905a73017bb154c44d0d626ec82747e8a4529c62ff4e543098d0d26f2e,mlb-stl-ari-2026-07-18,St. Louis Cardinals vs. Arizona Diamondbacks,yes_is_run,42168389367636921437588225376087786257880169383511302577233848576244378827253,8840265387210312282257352981263927320631705029733508304771490082347756166496,2026-07-18T20:10:00Z,1
0x4724d27b9e33903090b1019da423609925ac9d9763bfe1e359e42cd3584e51ff,mlb-tb-bos-2026-07-18,Tampa Bay Rays vs. Boston Red Sox,yes_is_run,66428552505022309307077942370123889091180642488366307830539170580518685873824,56901205575975587979765428044598021395097390224689915348073104378600477312523,2026-07-18T20:10:00Z,1
0xc808e341a9e35843f1dd57f11d4c842661fee3dabd73fe611fff3aa56959878c,mlb-tex-atl-2026-07-18,Texas Rangers vs. Atlanta Braves,yes_is_run,94796831647759469263050101480797593386982278340402196365483337304524521232975,114533403296591493656896481924674708508599651521512034510627680644951820379780,2026-07-18T20:10:00Z,0
0x73a0587c8910ef516a9bb24b43f8dcce6c9ba67b3d002ba7c2939a9a8bda0b30,mlb-pit-cle-2026-07-18,Pittsburgh Pirates vs. Cleveland Guardians,yes_is_run,109616321675713400030581244593867483825508944987339719951802149419462292124594,82150547161327747245003495062191999428669081960699749034212345586948245012191,2026-07-18T23:10:00Z,1
0x7e8843cf7f2f4400b171e3ecd3258cdfc50043c6fa2ec02908e9465fe4dd8c57,mlb-lad-nyy-2026-07-18,Los Angeles Dodgers vs. New York Yankees,yes_is_run,9821679570262011486877072272522022356605136441493697435754765655143199634908,69450325672001119119307903397828881594868721359592866232569442387189049680034,2026-07-19T00:08:00Z,1
0xcfc1f1af5020e8aae4c2f8e1f2d37fddda9fc9ac7c6f343a8e479d8916656d28,mlb-sf-sea-2026-07-18,San Francisco Giants vs. Seattle Mariners,yes_is_run,61962119838376170761952876894112000872373030781727133845419595889722117416749,99544906770745677763298437154451397916706880899614922095255262225893655139057,2026-07-19T00:08:00Z,1
0xed7e25bceca31e1157fb5666b6a9d841d7817f5681ed916f12a2f59605c9e6b8,mlb-wsh-oak-2026-07-18,Washington Nationals vs. Athletics,yes_is_run,110961339493534113782446415681426652221890746569572147916881835705756564443409,16646606661967309418389143120601692581248614566901400215906871514561231142023,2026-07-19T02:05:00Z,0
0x36e5529f50b1cbc945445bcd79c5bc9229dd33d12b75a5668a9a61f3dc08c817,mlb-det-laa-2026-07-18,Detroit Tigers vs. Los Angeles Angels,yes_is_run,45535813256731158969078680347764320137116933465635137739678233447687222256850,63058326053026865459824697070613428199857885759096609916943397220868224244228,2026-07-19T02:07:00Z,0
0x692704a572c715b72b6fd8f5aad40989a9c1dbe25782a9602a82367f6bdd4eb4,mlb-cws-tor-2026-07-19,Chicago White Sox vs. Toronto Blue Jays,yes_is_run,110540147994285217948633724624449642499141298326056505665520897660026339840700,7050720943188179731318487275201400670431396267419014161802278047546719582861,2026-07-19T16:15:00Z,1
0x7e8f3b864e8a62edf8e8ad9c323f1d7b91168ee4139b8e885d88350807acaa35,mlb-nym-phi-2026-07-19,New York Mets vs. Philadelphia Phillies,yes_is_run,68989831469563235322643943141429465519879695749242878407500841797279536607197,106380499331581985483267316095743190599718040934947885738453059399370051636199,2026-07-19T17:35:00Z,0
0xc77c27719026682c1e816c792f2801537acc27db91e202901e98ac4887391511,mlb-tb-bos-2026-07-19,Tampa Bay Rays vs. Boston Red Sox,yes_is_run,97626538244287850067143505836474223619823751867961202095150510337083289928598,110629830299904587402728116805801120280242614037384446813340082038312585990476,2026-07-19T17:35:00Z,1
0x6041149c064a6d1382aa61f5474798d98226e8f2e4dbb1892c3de61f6c4d29ae,mlb-tex-atl-2026-07-19,Texas Rangers vs. Atlanta Braves,yes_is_run,61086955667349256581716156953539088266646024348860701683812178181415516089175,28625788012542455276430782046410152003193118006230340943093168977431740662748,2026-07-19T17:35:00Z,0
0x3158cb06c34ef1ddb221c93c4a1020b011b125c9239bb4d60864b4cee4fe3f33,mlb-pit-cle-2026-07-19,Pittsburgh Pirates vs. Cleveland Guardians,yes_is_run,84913730542422864681028043059619684973598958069551025421354602320127044043718,55341512544639218831839013213679022601785234564510688187348656004998736492049,2026-07-19T17:40:00Z,1
0x54bd9665c11daa05050b48f9b0fc53cee61450d3b2661092de6225cef7d35b48,mlb-bal-hou-2026-07-19,Baltimore Orioles vs. Houston Astros,yes_is_run,16976101629658504015780184986507037203726241504293242705523447656137366202071,70404517431015131812653053821792591375045479542227195893439051589464313520647,2026-07-19T18:10:00Z,1
0x923169f0d0001140fb6990c60f45bda80fbc86a1bb6d29b7a52dad8d0a664fe6,mlb-mia-mil-2026-07-19,Miami Marlins vs. Milwaukee Brewers,yes_is_run,96891255412945841422529095450933849128500148746527892493388682335347909433497,87195782241752517516754027834907043236295303616411733975933732352635585073079,2026-07-19T18:10:00Z,1
0x857abc629397a85f1a988ad7567b817399b383b389ab1fd8d5a3d97696d80039,mlb-sd-kc-2026-07-19,San Diego Padres vs. Kansas City Royals,yes_is_run,52518189289484527161608150665833286559532419224949227458452727301360692047078,21956588621838058481937111821833738975033197987283613057343047236868788708084,2026-07-19T18:10:00Z,0
0x103d9f91d230fca1159d0f59516685c2eac29018a763bd9ce2bda05a9182becd,mlb-min-chc-2026-07-19,Minnesota Twins vs. Chicago Cubs,yes_is_run,103000181118835008038923742393971338947683260518586001510006390381300865051717,29176034457967207908514566001619712688980632100453426110672700505245018780816,2026-07-19T18:20:00Z,0
0x12be5aecf2a55f97f380a58f475c339c3b4f532c05a74ea512889cea2f64fb7d,mlb-cin-col-2026-07-19,Cincinnati Reds vs. Colorado Rockies,yes_is_run,110378340806611192175447270516442816319768839305613762885026965068821687755106,14866541518254347163320818895298076174244479737003012856664177607869989264484,2026-07-19T19:10:00Z,0
0x0b212e647ef1c884915f03800e45456a68a18d4beed64e5d385be53a5373c162,mlb-wsh-oak-2026-07-19,Washington Nationals vs. Athletics,yes_is_run,33760630934548112240269577691980677010300100025586863809759187416340733900679,11757654388284917983754146007399043773239763571305624169208499526962537756943,2026-07-19T20:05:00Z,1
0x9e3d42a6860bbc1b352de600572941c9c3fc825cd2f85c7113db09579be87c1a,mlb-det-laa-2026-07-19,Detroit Tigers vs. Los Angeles Angels,yes_is_run,115367573859575183943988978947988689366592376255799563872915196359962943345422,109800544874933007555992612652355543144106054252766134474223478352581700896432,2026-07-19T20:07:00Z,0
0x52ef638fd099b1fcc56d7de60fb27209120e708e1a2c114545ccde20474505d1,mlb-sf-sea-2026-07-19,San Francisco Giants vs. Seattle Mariners,yes_is_run,40075553730136057160029944561185997502029919135066749601969621906660603240425,48969928300883867603642860566299061282081910736551458455369436956440819094940,2026-07-19T20:10:00Z,0
0x0580365bc6bb24db6196ce7d142b330ad7002e7cad0d71c47e79323c887ac6da,mlb-stl-ari-2026-07-19,St. Louis Cardinals vs. Arizona Diamondbacks,yes_is_run,71324294971454003377494846803758443104886895359804076808080757249418169140433,37644640372781422597282114317711129646614261903335313362676471984192564928230,2026-07-19T20:10:00Z,1
0xc5ec0a0776eefb4c8049d322e6671309cf4ecac9c2aae8c6721e47146459de9b,mlb-lad-nyy-2026-07-19,Los Angeles Dodgers vs. New York Yankees,yes_is_run,41949587212223462728428523287677786742838788254408569058789142526876121562042,13976094070345685615616879957495756107510254004898582015551716568307160092345,2026-07-19T23:20:00Z,0
0x3e8586001e88494bdaa761e31cb4b6685c71dbb01c1e87cdd83bd9c7aa427635,mlb-min-cle-2026-07-20,Minnesota Twins vs. Cleveland Guardians,yes_is_run,68581965960328456294472839267909337866263849099723881441026104070443592007984,75089792208484786992125898516423158472456362303910105140629632919757063896044,2026-07-20T22:40:00Z,0
0x1df3be7af0860ae57ab1a6a435ca0c6033088e9d2eb7ea2486a0a126635cdacf,mlb-pit-nyy-2026-07-20,Pittsburgh Pirates vs. New York Yankees,yes_is_run,72695666544736441593220098535599560504275437471595887151722627536965459040454,54027560179125188996764960835109210478520985846439206156155545727039368560958,2026-07-20T23:05:00Z,0
0x65b34487822725de768e9d3a23a51e864deb5456e949b1c3ef12ecc4f3361e63,mlb-tb-tor-2026-07-20,Tampa Bay Rays vs. Toronto Blue Jays,yes_is_run,43593111045931191708416773512540168795460353387857393595214768989034042115258,99976211186627728936969233421190884389396859371695123838924692078718047155146,2026-07-20T23:07:00Z,1
0xa541ff3bd8a90dc62c6f7893939111eddb69422934daf660c36315b1f3fd9eca,mlb-bal-bos-2026-07-20,Baltimore Orioles vs. Boston Red Sox,yes_is_run,53750628001969953393524887472865980881121365170773176108242073828502878800070,17446761472179656671767375320299342210966785145248630922719832881124630052785,2026-07-20T23:10:00Z,0
0xac1bcce1972d36d2cb62960fab988d81f3a5f4bd048787f08e414df29be3af3d,mlb-lad-phi-2026-07-20,Los Angeles Dodgers vs. Philadelphia Phillies,yes_is_run,66026589007854667410785943949489835876950220105607747816139896370906827966543,56646934047663191170921106250654103359735917220264619205636806760646621456405,2026-07-20T23:10:00Z,1
0x8b813a7bf8dc38833f9f88c3829461d89283cb6875abad366bc9280ec8d6d5dd,mlb-sd-atl-2026-07-20,San Diego Padres vs. Atlanta Braves,yes_is_run,74509191589906406339342382970503703161717883948008068799782185122091580159223,18167127273515945767164340092831289253106834278694960451357706114283265825461,2026-07-20T23:15:00Z,1
0xd39d5d675a47bca9f0f2d0d8aa80afc446b3a0d32b85cb5cf97c47d2b9656b09,mlb-nym-mil-2026-07-20,New York Mets vs. Milwaukee Brewers,yes_is_run,56805773908848538319309325183244365453229631446537687622178204845603130183963,69667410291370020066134325736440475777613228872280842749263561497797840392843,2026-07-20T23:40:00Z,0
0x1eff53ce2cd46c85972a078e58a4924eb69f3eb03d5352abeb0b835a5104859f,mlb-sf-kc-2026-07-20,San Francisco Giants vs. Kansas City Royals,yes_is_run,58014475690987962279710431584413028842079079394787095803703311853165635872494,24547692830914970227844034804707878335327820879466077679319332333816957554454,2026-07-20T23:40:00Z,1
0x0150d4dad660d63c503796c79d5e908edeb357ad5928dd83f79c502f6961724a,mlb-cws-tex-2026-07-20,Chicago White Sox vs. Texas Rangers,yes_is_run,45104145245508223619126766921866558974955449767566345496318074890642738649183,58609753470573317354478556006000657238188637437285813744345598726128634454459,2026-07-21T00:05:00Z,0
0x01e1802f135dd4a9f248e9a9e071944a2b89d46d89888fde7027295f3bc6e035,mlb-det-chc-2026-07-20,Detroit Tigers vs. Chicago Cubs,yes_is_run,36960276609755990531501380825336823902329592204278813639942527369566380580127,43372628256347202995391058784386629602958651940245870626815521176509614189407,2026-07-21T00:05:00Z,0
0x1cb7d73af1848412d401f2bf794345fedba2e581b77588055d283b3779157415,mlb-mia-hou-2026-07-20,Miami Marlins vs. Houston Astros,yes_is_run,83389902934297266822953359475356224685133182221568037658087624229941324351492,6587203717388409247152378655327235564070059913801367292700209547350141075485,2026-07-21T00:10:00Z,1
0xc01806939d14aeb0a95dc839db96d0745e2522dbb0f35a1dda5caa8c68e49684,mlb-wsh-col-2026-07-20,Washington Nationals vs. Colorado Rockies,yes_is_run,46421773057724873078457614700390183741070280585885847142363036274721344021987,96472838751441359471344439256998077448328447123983960165691490889236382502144,2026-07-21T00:40:00Z,0
0x6cdb510da4a3fe93c20e14a2ca6eab5a761154ec39bac1d8d7f5548325d50a58,mlb-cin-sea-2026-07-20,Cincinnati Reds vs. Seattle Mariners,yes_is_run,96040328332960617981906272121724867322308540936218735073275053244883731079087,99094965547422485979249216703089803573609124972533305471004727107389793739446,2026-07-21T01:40:00Z,1
0x4f708d154d11864585cc514809f3cea2dd49df4dade0f024c432e78c67d827de,mlb-oak-ari-2026-07-20,Athletics vs. Arizona Diamondbacks,yes_is_run,100629479419740654214368746805407783455335952655038112933844477670893666343326,96862436586875796835423015068229324575442683580711804475477541723160310165310,2026-07-21T01:40:00Z,1
0xbaaa40cb46cdd5ae0027da0827c7937885acb635c76b88550e64e984fb9b76fb,mlb-stl-laa-2026-07-20,St. Louis Cardinals vs. Los Angeles Angels,yes_is_run,97866059309522165289597895184863808808031398485254245820844336531627485215362,21965227844586201862182179218872866614864055036745116816261324514743004898111,2026-07-21T02:10:00Z,1
0xe526ccafa58307c969cc37281490cb224936ed2e63a475bc565d7965bc01591d,mlb-lad-phi-2026-07-21,Los Angeles Dodgers vs. Philadelphia Phillies,yes_is_run,11458145478084112615447458673747277863759112230821261873636772367107755172105,109550342063288419344582416658424916079397544931494642641665153836941426151471,2026-07-21T22:40:00Z,0
0xab3f05b6dd74d143ab0e2cba89b59b62c8dc3b61cd9129696a798efc660868d6,mlb-min-cle-2026-07-21,Minnesota Twins vs. Cleveland Guardians,yes_is_run,55259929092691088794754746124002778330151966819199637193377763473098323069547,4545436387392741910001618457289696182634051425119582543030941216451736306781,2026-07-21T22:40:00Z,0
0x9f7dae17481c224c0311d61f80fdd4841c5afd3ed12ca80c1bf7ece4ca12c560,mlb-tb-tor-2026-07-21,Tampa Bay Rays vs. Toronto Blue Jays,yes_is_run,44754810044149350080454547870223986297206255310874521956635523319804329445312,44027701162666612476890105415941292593252615507575142021837472301816649323501,2026-07-21T23:07:00Z,0
0x81105e6073d5ea1269b34569db9931f0c882971543ffd855d5136f99dec56a8e,mlb-sd-atl-2026-07-21,San Diego Padres vs. Atlanta Braves,yes_is_run,15487924328277514265958060556151461789150095021137479851059762329671606761888,63496590031185062245590260144826528471330028066252235654598413788107175456090,2026-07-21T23:15:00Z,0
0xa675565d862510303d97b687703f994173ea87f8e777f0219dfc93cdc0f5d12d,mlb-nym-mil-2026-07-21,New York Mets vs. Milwaukee Brewers,yes_is_run,24692151581379922228194125537740261578064261226809217041878543422774310350775,106391674492275165482461721788567997178438125349788007988139725842138673440238,2026-07-21T23:40:00Z,1
0x4a724dfcec7b0b52e439aa53203512b21bb42ce54a55bcf3a46cbb332b0a3d7f,mlb-sf-kc-2026-07-21,San Francisco Giants vs. Kansas City Royals,yes_is_run,59880562797751076356676575476048121947039512949500508881362618997678077304072,109788409441136730635922947579568433975326869780553246258290014722360537864090,2026-07-21T23:40:00Z,1
0x1998f79318767b6619f28c724b2c4101f5ed9f017bdda5a225300b44af5cc1c7,mlb-cws-tex-2026-07-21,Chicago White Sox vs. Texas Rangers,yes_is_run,2124380333056678341747490388712544632653855812033344015146739523779362859128,112919787075376113802084127322362867860863362985069274215856352045952834608129,2026-07-22T00:05:00Z,0
0xe3f4fd06e03eab25a69b53f8ee13af613faaf9e74a77ce9b1dad71381da9979c,mlb-det-chc-2026-07-21,Detroit Tigers vs. Chicago Cubs,yes_is_run,26372249207151751218409457259191591307205762370606349787707217885039001040942,100384744658789457979051193327410186364794727621148070996182611083856794482550,2026-07-22T00:05:00Z,0
0xb7bfb182148b55cac0f1ecf8af8edac381f97390c4e34406366017f1bce015eb,mlb-mia-hou-2026-07-21,Miami Marlins vs. Houston Astros,yes_is_run,20464013223262390124649371768807342730965520957681083869199135511567041398639,73926312621492280067758040766367740904920128713810956231324404407733872050378,2026-07-22T00:10:00Z,0
0x6ef397dd668b81700652f495bb11fbf22b6ccdb416cc802a0e8dd6178decdf56,mlb-wsh-col-2026-07-21,Washington Nationals vs. Colorado Rockies,yes_is_run,19862532042037461699208796703614255903589719372228614082518879617081611872323,4367850317603304330933024127741084059281389306930466061837499127450648987704,2026-07-22T00:40:00Z,0
0x6a6c2bf527aa946d97e4f3c544653108a1c7785d809f72d175f27945315a28cc,mlb-stl-laa-2026-07-21,St. Louis Cardinals vs. Los Angeles Angels,yes_is_run,1585235270923014294594746865084211000536052346358107483289206787180037815679,113653398405455172626411749264832901981650427893320456009552696827916740333068,2026-07-22T01:38:00Z,0
0xf1664328bcfb64e64594cacde4f4983219283a9321de99bcd857835f3f04a549,mlb-cin-sea-2026-07-21,Cincinnati Reds vs. Seattle Mariners,yes_is_run,64934401505842831088677774579005073921791524114947854513675008740477234824981,103490364489599740654315687530817826776240461797820224608784513538841475472196,2026-07-22T01:40:00Z,0
0x48e7c5439b329284c356640e6f04c772c0331c094465066b0d23bb5ab2b32174,mlb-oak-ari-2026-07-21,Athletics vs. Arizona Diamondbacks,yes_is_run,96305714554352900456743097965124896221758783739385661236711094994023243372590,68602348918793529201485355129458701800865939918731890378977919933642507095848,2026-07-22T01:40:00Z,0
0xea8c2c37399c011026e4df0ad176c24b823fea3f16063050e08e952d8a70fe25,mlb-bal-bos-2026-07-21,Baltimore Orioles vs. Boston Red Sox,yes_is_run,48298787740438524884982524141372704865033924262365044796043697379796426511994,49759317401138080994970784223925599711526750288374128491575957128874026145400,2026-07-22T17:35:00Z,0
0xf7948e04813ec87310c407bada2714b38b498b3e6d64c9aa525f848e4912f188,mlb-pit-nyy-2026-07-22,Pittsburgh Pirates vs. New York Yankees,yes_is_run,71939110175185412593589003860753154229041058266921002504103945833806847062672,81981272135606789118478210674658724120904395540392052485961887880604357506226,2026-07-22T17:35:00Z,1
0x5b29dbee083718995d41504e9b76dbbed93dc30411000a196b693ff66d3365dd,mlb-nym-mil-2026-07-22,New York Mets vs. Milwaukee Brewers,yes_is_run,72368067304749521983546559197402616804207821883052095705662618059939126219229,66107958202089083331374556995521552334080456059353155892932569344354982590738,2026-07-22T18:10:00Z,1
0xc248f1c47a1f293a6099f7fc0331e087418ebaa5186dc5fac3f3ae3f059fc5f8,mlb-sf-kc-2026-07-22,San Francisco Giants vs. Kansas City Royals,yes_is_run,87475111232919757772702633414320011079497866740253498229357054940602552807253,7455785284041851698201281783851802487963568583299875336166002990302967832828,2026-07-22T18:10:00Z,1
0xcbf190392deba839c6f595becf0a152e0270ad95d5cefa4db8b8635582e6a423,mlb-wsh-col-2026-07-22,Washington Nationals vs. Colorado Rockies,yes_is_run,3201429809124103735211377563323612269771232328595059479744247909452966461857,75992771989062122296661839023008425102234438037153116553755807611045733381067,2026-07-22T19:10:00Z,1
0x33ad89d1ccffd63c96cd0a3045dbf4c9d1c7317d62815271d27c34ce8c81ecc8,mlb-cin-sea-2026-07-22,Cincinnati Reds vs. Seattle Mariners,yes_is_run,16574883283417437675875026723108452034024035182484315459046252213780186646705,80814585121625947727593367846035850666420700595497019138815642520347700844833,2026-07-22T19:40:00Z,1
0x626fde2d8e55b23103b8ef95bf721114073c1156341680e626020b5b795f7c70,mlb-oak-ari-2026-07-22,Athletics vs. Arizona Diamondbacks,yes_is_run,52139563830741115287469521848483397890438615911784627654315052185995446934643,6415335866837150539630513770818088105291548726235975294820734886964087145320,2026-07-22T19:40:00Z,1
0x750c115c9a1bdd64cbc8e101f0605f4e5e838c1045b4d88b0eee31ebe958e803,mlb-stl-laa-2026-07-22,St. Louis Cardinals vs. Los Angeles Angels,yes_is_run,61353319007453227591513873560481474928528480483308745173896323767316649795270,55956245025311309690939841839518370588388230339598257257020410912637736023303,2026-07-22T20:07:00Z,1
0x5b066d8c79c8303c0aacf8139590a9f3cd4eb44bc1aea4a6b3718ce8912584b9,mlb-lad-phi-2026-07-22,Los Angeles Dodgers vs. Philadelphia Phillies,yes_is_run,29070058670484605767532248868035601003236536543693735629694412875246219643036,80071830165410671841036455019974242749230495607414617941426844736473488501644,2026-07-22T22:40:00Z,0
0xf148de89c54a1a41a9de63f27b2d84e598edbfc976459f3d09b666a4e346f9e1,mlb-min-cle-2026-07-22,Minnesota Twins vs. Cleveland Guardians,yes_is_run,25397862841170515482029646872429940743669547654938450958485114745163806157619,565605345024276823027792682069813829871026183339834559654784346507762320538,2026-07-22T22:40:00Z,0
0x8e08a1339647815ebe4960ba99648ccaf6dbdfc5ab2928fc6eecb54d775f2d3e,mlb-pit-nyy-2026-07-21,Pittsburgh Pirates vs. New York Yankees,yes_is_run,25190052574536499224962315657115429240376639205583688500669636816065799927081,85110393080576871499907124535378939027130901593815801895539763758644704051068,2026-07-22T23:05:00Z,1
0x2101d9d49c4b672365a9f8280fb8a31e0603184c3928ccf32ed01d0e3a455fb4,mlb-tb-tor-2026-07-22,Tampa Bay Rays vs. Toronto Blue Jays,yes_is_run,75488359436416222515071746018684034777664061556316870623491673300339538690373,115363725957340693589211116393593642187012783158793506799432897749962896492825,2026-07-22T23:07:00Z,0
0xf159ab1f44902bee367da83090de224f8eabd368e83ff5277a24d635d9cd01dc,mlb-bal-bos-2026-07-22,Baltimore Orioles vs. Boston Red Sox,yes_is_run,802900568693626054533890627171393352214489768266051414457158485440431604438,18630205721316988775176755902748680166377761645539833385167229947060443930415,2026-07-22T23:10:00Z,0
0xae30222e047fba6fc1dc8a040b0403605beb9d88368cad93ec37415fd1163934,mlb-sd-atl-2026-07-22,San Diego Padres vs. Atlanta Braves,yes_is_run,18637976017294070754631875757933836941678688240498664208996907452361730444682,61037225774537921971949429547498600105930166784562421093725958080002837491795,2026-07-22T23:15:00Z,0
0xe12593003c5f86209d7be324b85e2cd2a7617ac8e6daf660f716061e82fcd1aa,mlb-cws-tex-2026-07-22,Chicago White Sox vs. Texas Rangers,yes_is_run,92278941905921694097182295391352412238108131378506436348182182222271506931120,3179099085711318368980959387151959407477065967650115802653199151602321965841,2026-07-23T00:05:00Z,1
0xe27a1fa96403b0786de59c442da299aa1a242de4db419fa1393082ba081a6809,mlb-det-chc-2026-07-22,Detroit Tigers vs. Chicago Cubs,yes_is_run,55403335357230262612162916105920045995700805240820673711158941771944978504331,828623014066260524197732256607468875281674736488732424327816282216552336673,2026-07-23T00:10:00Z,0
0x2dea7481ff5694eb395e93e70198fc94c8d4ba9f89520e2db30be434c97aa8b6,mlb-mia-hou-2026-07-22,Miami Marlins vs. Houston Astros,yes_is_run,8332199297150868496809911339951568625881907851188479037670702047444671503134,9537382586253410554003505950501025900171250559448646776896201461000687589295,2026-07-23T00:10:00Z,1
0xc52876d4f2b2eb4698b0e172a92d8b018e8766922f8070a09c376e782d7aa116,mlb-sd-atl-2026-07-23,San Diego Padres vs. Atlanta Braves,yes_is_run,109504935587193552418613305842908063635212977518552249215475471083990662186291,96850417872613772115373656239104369756113456469978370734860889592568433165199,2026-07-23T16:15:00Z,1
0x2078305335f13fbfc70c3b30bf732d82073d4954045bf818ad9ab9b6f4004ef6,mlb-min-cle-2026-07-23,Minnesota Twins vs. Cleveland Guardians,yes_is_run,31754701001371889312045116086070396526992844933150436226068377465184058883919,6891259003431066639602676881954379518782515835524546642428216495417515599355,2026-07-23T17:10:00Z,1
0x449a8ecb0d8ab06e9427881cded127dfe25f8e4775e2c6c4b4e094adaac80d9e,mlb-tb-tor-2026-07-23,Tampa Bay Rays vs. Toronto Blue Jays,yes_is_run,110983343951135873032333805615140602710456567206544263463033997542538307797527,10359182278377778807824709161858885240491244425476810739318487560121977900552,2026-07-23T19:07:00Z,0
0x61c154bb9ab416b729230895155cecabc83494df95098102322446eb37da9284,mlb-ari-stl-2026-06-25,Arizona Diamondbacks vs. St. Louis Cardinals,yes_is_run,57956929142350911976456231856963199858905166203096617165461058113782809027378,101036762873009057334819640553153220531333792270560481338037460715412799000730,2026-07-23T21:15:00Z,0
0xccf767fc84b4ed01da8b99017ac869a00042abf681dd324205d244fa22888462,mlb-kc-det-2026-07-23,Kansas City Royals vs. Detroit Tigers,yes_is_run,107724394516372740728805499755449080841267653793121301488472783873073254678739,652718393342676874436696391829250564095760632740661952666413810791841352307,2026-07-23T22:40:00Z,1
0x608630c8624271f289e180d6841fd1e80f425b1e7a0dbade55d7846de39de108,mlb-col-mil-2026-07-24,Colorado Rockies vs. Milwaukee Brewers,yes_is_run,57649196216881163672250391689015018144189039208618623653178764748335769400776,24180096620272115272676271225351357340433302514444642052865104339168000502731,2026-07-24T20:10:00Z,0
0xf88a32dfc036b7bf0d7974fb59d0b11bc0ae74a9805b3a93cfa5216328da9876,mlb-chc-pit-2026-07-24,Chicago Cubs vs. Pittsburgh Pirates,yes_is_run,88485396799305342760342535165687176302218325399486980254505834431707195211026,33563816452649217779063653761997915481961733964506063623812335202138277520627,2026-07-24T22:40:00Z,1
0xb318bbc05cf949be28c11a8b6cd06eb69fdc5ebbd1315db658986a15a1981e58,mlb-kc-det-2026-07-24,Kansas City Royals vs. Detroit Tigers,yes_is_run,56980825194093089215933739262250272245156249648437838933157715124048007913719,37998367258691997564451508445257398857860702229011540734395178007486910769542,2026-07-24T22:40:00Z,0
0x7c14163ae82e2f7cfd027e02978065b5d52d70d3b6ff2d686fbe01aa36412988,mlb-ari-wsh-2026-07-24,Arizona Diamondbacks vs. Washington Nationals,yes_is_run,46738201521624951278256935197570886526518242022442722806670019489029433186859,9273581837041278276252868764442583368142160483751804159354185994164666589838,2026-07-24T22:45:00Z,1
0x8e0ee15b12110c5202ff6610bbd5fabaa03b4c073403debd036598271bc46c8c,mlb-nyy-phi-2026-07-24,New York Yankees vs. Philadelphia Phillies,yes_is_run,100249743731354120763413638903496799590993130505170474288554622178387468865806,86797945995478274309489109383825323270330370600527711911604797386313730912780,2026-07-24T22:45:00Z,1
0x29404b5fd4084a7dd2dfbe0378778857bb7c18067dbcac1015f26149028cd68d,mlb-atl-bal-2026-07-24,Atlanta Braves vs. Baltimore Orioles,yes_is_run,45084646831496093265253435553344922631203146954131217912769049308444801078561,77788830618762420061478688741158291391203293083870269703931013279415126697776,2026-07-24T23:05:00Z,1
0x8508f540525295a037fbf07faaa307f01a6e22648156feba5e8d721a68339061,mlb-cle-tb-2026-07-24,Cleveland Guardians vs. Tampa Bay Rays,yes_is_run,74436164547799070958156387568755695422598203401606778964623937933532180700588,99766532780039479243990713689742630539912670252502614970808481143447334349789,2026-07-24T23:10:00Z,1
0x79f25e2683e0a8d022eb09cb59a4512f75917106d97f42ee46ac2db0a4f503c6,mlb-lad-nym-2026-07-24,Los Angeles Dodgers vs. New York Mets,yes_is_run,52516914065481436334340158898797440024320041489884220970202837961696086916843,40571569053641558903204486575635880811586355348914543121989581730861373328918,2026-07-24T23:10:00Z,1
0x349e5d71dc31ec8b6f75cb188f37f973a2a071339b45b357d7c02f0feb0edfb7,mlb-sd-mia-2026-07-24,San Diego Padres vs. Miami Marlins,yes_is_run,99004661117562107162716458601391885676744653689655264308808109804390536917162,58496966059127079736988520582250047885333695207522650510085528532275864203025,2026-07-24T23:10:00Z,1
0x3fbadd127b75c9f1e4f110f1456865c5b3a5e6a385578f8117d411926b948b8b,mlb-tor-bos-2026-07-24,Toronto Blue Jays vs. Boston Red Sox,yes_is_run,92794927528487408158351615832010514487212089346237354495506935028851927051828,7152940494058100062082565942319406274603197471056860866420297482277825259012,2026-07-24T23:15:00Z,0
0xea93b93b2b9369345a12d0c263bfc78b5e6d51fd165dc65be9fa8bdaf188d9a4,mlb-hou-cws-2026-07-24,Houston Astros vs. Chicago White Sox,yes_is_run,108629416329440872162565522413186022777643619156146628639641284416291464831528,46413644738154759222413752833992488179961183326539263379429983028143796730478,2026-07-24T23:40:00Z,0
0x2af7d2929b1bb10e1f9605dd0806c9a1a35720551ff8b4729c5f74fa460f16d8,mlb-sea-tex-2026-07-24,Seattle Mariners vs. Texas Rangers,yes_is_run,115528315007528857033978194613919538603503474145041942689352184960053500752508,98098652080823676464818463034406752399311843173462298220881135112144042910286,2026-07-25T00:05:00Z,0
0x3bdb4b326d675ae7fe836f5b2cd90dd89f40d694249f9bb1258e5d7ac7b3a169,mlb-oak-min-2026-07-24,Athletics vs. Minnesota Twins,yes_is_run,84630390858095837053968085852743450704669623169022348632202595698621244683561,91856112252306347600661828538638613287395476833019987624223587005002807297021,2026-07-25T00:10:00Z,1
0xe8ad133f77f5476ac9f962fb0dadf4f5f8af0f53665df51a2c30fda4918b3e0c,mlb-cin-stl-2026-07-24,Cincinnati Reds vs. St. Louis Cardinals,yes_is_run,87640179282104310770030864968407170680659540174635404064675100228529589516513,18574413804595293219460435281664022457177577853309430889073852734052367173681,2026-07-25T00:15:00Z,1
0x467040210a7422362df33185bad71882c06c361a70bf8b4bce3d7381a8c09274,mlb-laa-sf-2026-07-24,Los Angeles Angels vs. San Francisco Giants,yes_is_run,97219204126161583629579942038152630140668793172175939187440148344270177952020,41591041121442108475445830227707192174740196150499760467203402991815318293800,2026-07-25T02:15:00Z,0
0x918b8ed7da372d2f165d4620634193bc55afc2016fe39b73b6bef9d27c8c28d0,mlb-kc-det-2026-07-25,Kansas City Royals vs. Detroit Tigers,yes_is_run,18262640524742671337636880931963351237234208831743326765931744992656378781521,21264007303102940914258006994903371643256392539577395783603523592465036154875,2026-07-25T17:10:00Z,1
0x6b3ff4a52ca1a778a2b36ebf2fd50508c7ca32d875afe82bd1661dcc569dae7e,mlb-ari-wsh-2026-07-25,Arizona Diamondbacks vs. Washington Nationals,yes_is_run,84642226500202429515401449293904603910789211240502779819462469676893528182636,65708497630747152493824558984624760939956727073127733089394485287183822445809,2026-07-25T20:05:00Z,1
0x02f2bfea017e4889b51329d71dec24fe7e1c8a14ee6269c746aec0f5d3d83f1f,mlb-laa-sf-2026-07-25,Los Angeles Angels vs. San Francisco Giants,yes_is_run,109952397830383276157110730525745591806177301922882136448278579056680064706785,42254371916948795286892835263524089696010650259511285928432321238565417270681,2026-07-25T20:05:00Z,1
0x4ae44fad36ed66038113ba61837400462519c98cfd2c33f3d011c4e992b1ce42,mlb-sd-mia-2026-07-25,San Diego Padres vs. Miami Marlins,yes_is_run,87244851658630770188529375155267219355752750790244729058904217995901876300327,11359288001398135839743472102261303908961827224737354527631817867162051930550,2026-07-25T20:10:00Z,1
0xe5923bb229eed32aa906573c75278ebcd4fed0576b9088ff1dd2ee3faa213bea,mlb-tor-bos-2026-07-25,Toronto Blue Jays vs. Boston Red Sox,yes_is_run,28111628159430320909027584786713734546551148399545984678179155617648779455652,38176714740725629935772852392925003502806593420123467106210284646308897280614,2026-07-25T20:10:00Z,1
0x10caf21ce0fe9843027e9865acd05076642d5c83d188aa699701b974c6526761,mlb-nyy-phi-2026-07-25,New York Yankees vs. Philadelphia Phillies,yes_is_run,23873300961062032832521368324636791033789160437012953191321750869117535932272,4525227599347860427034248225141554129819356374929587083236449077036114645395,2026-07-25T22:05:00Z,0
0xf8ff89b47332dbc15eb563e23db3aaa9ed2ec0164dd0429bc4c512ae33332a8d,mlb-cle-tb-2026-07-25,Cleveland Guardians vs. Tampa Bay Rays,yes_is_run,6792765194577255776246400928085418791247915503900715063430110244371661278798,56682740711834629917312484839534078690561613221550204085093044815180746023323,2026-07-25T22:10:00Z,1
0x4712557e8c93987f4c73b2022e97ea4b78b254e783f200edc2c5c1ae42cdd7a0,mlb-chc-pit-2026-07-25,Chicago Cubs vs. Pittsburgh Pirates,yes_is_run,12632912246583467433875202284593256295381870753887772137108024430129008701291,107521621755190576598120693734100256915375394402280980790541761879474114011782,2026-07-25T22:40:00Z,1
0x3f48ce917429746b0a400c1aa1c4c8c3bad7fe24f854fbaabbfe6a29578b7faa,mlb-atl-bal-2026-07-25,Atlanta Braves vs. Baltimore Orioles,yes_is_run,42136001892697224432356586567399088322254028822514214321513207233184226348262,83851163715099450190256763587023902762987286363229049748352261376482409775942,2026-07-25T23:05:00Z,1
0xe44ef2c5d56895856b21f3bcd94ce7ee35e7685f5c69b4c2910b5ffba75d3788,mlb-col-mil-2026-07-25,Colorado Rockies vs. Milwaukee Brewers,yes_is_run,33279245975039351922128057771172262949160191859693023845342303552637190717166,92805116552470397323216034612112884860156904493350311611108805957558465972491,2026-07-25T23:10:00Z,1
0x9da14a904f20d2157c2160c58af263111644705d107c92706dc044c7713be313,mlb-hou-cws-2026-07-25,Houston Astros vs. Chicago White Sox,yes_is_run,17560315486512689357461102743943492762441211980647262882011907783791447618660,20072184056630318300027492343710286400574373761074681444865566973414377157814,2026-07-25T23:10:00Z,1
0xdf65eb150c0f3f2c04ccd248fc5bd5c52ca59ec4c7fdc78cf899a18033898006,mlb-oak-min-2026-07-25,Athletics vs. Minnesota Twins,yes_is_run,93671899845931049398713844801195186145565564855379245613326534443853785470108,8086437411120013231199316695490892697331842582320847016856912260494063618989,2026-07-25T23:10:00Z,1
0x1814d0735c351801d96dc50400780c90cb708da9a643c1d508c7d0698f0e6633,mlb-cin-stl-2026-07-25,Cincinnati Reds vs. St. Louis Cardinals,yes_is_run,59104396976541874291695336015822920823970186810023641214011341119242309213082,56029637946364672354304696723345371333479155810036263796218113084472987280827,2026-07-25T23:15:00Z,0
0xd6a661c39f774f3f941322add4184ed0636f5a820feaf0c3ddd2cbd5a4c1dc31,mlb-lad-nym-2026-07-25,Los Angeles Dodgers vs. New York Mets,yes_is_run,26392100640642515371712919163799526767490557458486808347866087827224294259563,20559273709668448865537835854701443861051428276798523590215163096327570657683,2026-07-25T23:15:00Z,1
0xe75a0789432ad818dcd55e4fa224d21c0736cca0c83d5ad776944d4c62aefd7b,mlb-sea-tex-2026-07-25,Seattle Mariners vs. Texas Rangers,yes_is_run,37182927779881465790384133540674511324600851709351187285875149697004783048402,81391286830035048867895603167576378456669516915490614751103553322466013287647,2026-07-25T23:15:00Z,0
0x59b23be380be0e00d8626868d5810d3e68ff027611a1becdaba0e20a9614cd8c,mlb-cle-tb-2026-07-26,Cleveland Guardians vs. Tampa Bay Rays,yes_is_run,22971823967909111889277152392424446772628537025143034853074911354668703133205,3916589299008217765641555941006284103005940199635369411014683192242640925433,2026-07-26T16:15:00Z,1
0xcc390b54bfa453291a62a7785c54e1ef37fe41c9e40ef2af296bd9a252fa1eab,mlb-ari-wsh-2026-07-26,Arizona Diamondbacks vs. Washington Nationals,yes_is_run,59422828979418921901025740603602628701257664091749078066760955942568260041032,19020051231890965670554328060120152798461216179618053016314366858300411932413,2026-07-26T17:35:00Z,0
0x583cf509b77b108bd30a720ceb5696d65ca6cef1436a24d22dce3ba237ad4fb4,mlb-atl-bal-2026-07-26,Atlanta Braves vs. Baltimore Orioles,yes_is_run,39916040788787926486921405703311618763168951840941487831402493878472565874012,68491834997833701768756887036720961981797269593480469782282553380343635715092,2026-07-26T17:35:00Z,1
0x60eacb74eada34d6e99a2fe40fb066da564fc383917f0a84143e95b894f7e228,mlb-chc-pit-2026-07-26,Chicago Cubs vs. Pittsburgh Pirates,yes_is_run,80572489561176585404788379033806733206536497629624302273806512767520615850453,90947635660048887008940078308460753305559260456082450497133464060616483966369,2026-07-26T17:35:00Z,1
0x6a735915c6fa6afec257158f2fbd58da8aa9317f2a4fb8638edc810693752e81,mlb-tor-bos-2026-07-26,Toronto Blue Jays vs. Boston Red Sox,yes_is_run,109908811454977419174137387135929321666146031796207909883898803751673485239476,1658039351342213308137776514487980844841342632642394111652540360829545898877,2026-07-26T17:35:00Z,1
0x2f1bdc7f42ab8811d9ff8e329a9492f15eb0c279722369bc6e9497f029dbb415,mlb-kc-det-2026-07-26,Kansas City Royals vs. Detroit Tigers,yes_is_run,106374578037491605576804411259575042498265519341291363322310684610653115201218,26361759750814501870594457138960894511834157122820693984579958445476174124255,2026-07-26T17:40:00Z,0
0xb79bdbb88cdf8601bb4086b03ceecf599333916cde98fde51bac0d459177c343,mlb-lad-nym-2026-07-26,Los Angeles Dodgers vs. New York Mets,yes_is_run,89843591788281776848730458956374680538462562602407011751152176540229778798899,51052774962133580031556845604911456942716920923397730114799303081888886720479,2026-07-26T17:40:00Z,0
0x754d32441255d21ad72c450dc55ef4ffb0677001d79eff9e91f0308042475223,mlb-sd-mia-2026-07-26,San Diego Padres vs. Miami Marlins,yes_is_run,80966252447575295382177157732981461185506641595412214857535619318111561300098,35513861620368982562047835589745851523662035688317159628135650100518062026776,2026-07-26T17:40:00Z,1
0xc13cb63fd91e70d6dd21596b0d1f8da68fa21140df7beb16c0bc8cd654317042,mlb-col-mil-2026-07-26,Colorado Rockies vs. Milwaukee Brewers,yes_is_run,111767706050531990288418870675934720020433714130280780997279005979781807799358,63199966352821908932570642737840678936296615827996168817008552706116510185134,2026-07-26T18:10:00Z,0
0x6e47c09348a7859fd0f1df9dd060e29adef70988db01ebd7436aadb28fd7f7f2,mlb-hou-cws-2026-07-26,Houston Astros vs. Chicago White Sox,yes_is_run,3254594694258219521623806923972936851529972329814776307766848109030397576677,96157759869332622819167973124111673049429480669855832997543784920520141908809,2026-07-26T18:10:00Z,0
0x74445910b57bc14588ec081f9a9225f05622d19dbf4e3cf0fddd132fdfeefc6e,mlb-oak-min-2026-07-26,Athletics vs. Minnesota Twins,yes_is_run,19977609561508938061820297819981946407011513089468572350914832814453620769983,9331959578538141976772219382991247031443808475190929904926424627581332219604,2026-07-26T18:10:00Z,0
0xd293eacb3df30a1dcc937b21ae9841e3d932c3e2375a3c49e3ea54dc34e71032,mlb-cin-stl-2026-07-26,Cincinnati Reds vs. St. Louis Cardinals,yes_is_run,70673765019026300904904714237027792272564117080349626083014270636007350755146,64683610500130522383044981976989342959184408596848230303717592357014886132881,2026-07-26T18:15:00Z,1
0x7e4a815f25fbdcd280296851b89508a171ec798a530c5c9e9e25b0290978db6a,mlb-sea-tex-2026-07-26,Seattle Mariners vs. Texas Rangers,yes_is_run,70956134656327556109708485701399128786543627733094101561241263023570029668200,2061379522253730064223115437639732048159037525132503516493174597379991561642,2026-07-26T18:35:00Z,0
0xb87a03f68a2b2ef9e65a15243145e01b6a43ffe0917d935bd1d9911f434447e1,mlb-laa-sf-2026-07-26,Los Angeles Angels vs. San Francisco Giants,yes_is_run,39276721299269830370607197562821041437740739635482958480540501412668921477226,8774304497120103622603518568949677363008743316965585672215666984782882073682,2026-07-26T20:05:00Z,0
0x211a40950d85644c74fe46dd2364a15e78a03cba03c644629f4aad192a49ba14,mlb-nyy-phi-2026-07-26,New York Yankees vs. Philadelphia Phillies,yes_is_run,10868007679147220722721406810054074782831699389204302410580350394224358298076,35782610727249032391679757657683778845699417637910789604163204715293217936888,2026-07-26T23:20:00Z,0
0x2eb4709e2722ed0e032331c78cd8ce26c9eeed201a9539380267f99a25f0b34d,mlb-sea-tex-2026-07-27,Seattle Mariners vs. Texas Rangers,yes_is_run,56752956345789969750384679744588119018480023631647289251094898148023498103449,52065768406309081957224150815802053055262775774493246087851215287191905744501,2026-07-27T18:35:00Z,0
0xbaa6beaed4a497ef4e2651af97000ef4057bf632d703cfe314c9eccefad9076c,mlb-ari-pit-2026-07-27,Arizona Diamondbacks vs. Pittsburgh Pirates,yes_is_run,80476729955585155068775736646711955147518446101580008745753680294496536554985,114741186100076107649647790117529601541110893070539498348083115885971101184412,2026-07-27T22:40:00Z,1
0xe92f616884b3c1e4d2209c61d1be8225973a087e508ba6ccbb36a6360298d0e3,mlb-bal-det-2026-07-27,Baltimore Orioles vs. Detroit Tigers,yes_is_run,47829124624033367233595903461151826538503692289266164186055626760091807717315,99242407809030769759089272138910269603668039865623995804244807679603787996024,2026-07-27T22:40:00Z,0
0x9a0e6a9bbdf4a0ec7906d930cc2fdf90d62975680ee9490ef1f86d2f4fb613b4,mlb-phi-mia-2026-07-27,Philadelphia Phillies vs. Miami Marlins,yes_is_run,104612687601296672922101233341857270070448007746039515105718969646003450239749,66693395184101304118944695945054717533646543372182470655388304613428015342065,2026-07-27T22:40:00Z,0
0x8e87f054058174cc4fe191744f97864c570de13a0b80dec6b37fbae019ba0b41,mlb-tor-wsh-2026-07-27,Toronto Blue Jays vs. Washington Nationals,yes_is_run,106375236065689077397620211120076170423712945186455373187692690527531111541395,48638211817910682978171690428186424958115865061514800497319895434319257120223,2026-07-27T22:45:00Z,1
0x39b4caa3555c63c452f9f232fd63763c391d31541ad6511a05062b584b2127dd,mlb-atl-nym-2026-07-27,Atlanta Braves vs. New York Mets,yes_is_run,90904364971636235422776939196987874797993450074329269612055935660852697678086,7235486091094170731917549427171830418740940768004580811764824293640831379571,2026-07-27T23:10:00Z,0
0x447b3dd15bb203260e2f7e40a91f118a981cefcbfdf864809eb5c48b7df6d03f,mlb-nyy-cws-2026-07-27,New York Yankees vs. Chicago White Sox,yes_is_run,110281460408816844881348428424380666398085038446765346406582291285444466113195,2027879279177991049488331558683480943987061889590737547118378062700726061911,2026-07-27T23:40:00Z,0
0x9fcbff9c4df34f14f57892dfa877b29dbceb1599c2044aa7f59500072ce60f76,mlb-chc-stl-2026-07-27,Chicago Cubs vs. St. Louis Cardinals,yes_is_run,44020936073258379078056250764679588487917671434923352286604611503396428359334,74558391194398229912832625146862925932047215944599190155695022388498775694786,2026-07-27T23:45:00Z,0
0x773f6572a51a19d945b879ce68b95736fd139a7c59352ff70dae514e1ae5ffe0,mlb-hou-laa-2026-07-27,Houston Astros vs. Los Angeles Angels,yes_is_run,33434894041965878566898896625732047086807960670143058640618063435279604828134,19033859790062552896703289952466571873679520800038692112799639026279766111707,2026-07-28T01:38:00Z,0
0xc7d56be9fccc9d29a9d044751c8dea9a249c093a86ad9756d74b4c01fafde74a,mlb-bos-oak-2026-07-27,Boston Red Sox vs. Athletics,yes_is_run,43834972591076959790143875146438977404551155440630636157678969172533621342357,9059118414526908448253707900966396745834364357787975707064565468719643239217,2026-07-28T01:40:00Z,0
0x3df6c067da4a754a46473e0c9707f9679ad8728d082ce2715087b0d073343971,mlb-mil-sf-2026-07-27,Milwaukee Brewers vs. San Francisco Giants,yes_is_run,103307470941689943238127083933896677513586589083646110438388183421431466049486,51966036567998210913322157044486984524870490891937893350260397401058613660173,2026-07-28T01:45:00Z,1
0x19781c9eb8127ab95c4e955e1b9857ceb1c60b2aa135f12721e1ecc911dea58c,mlb-cle-cin-2026-07-27,Cleveland Guardians vs. Cincinnati Reds,yes_is_run,5948262148080954103682432143923667741375060652202276366619683206668034805341,3242121417377144362575000210157862962180457481527354108436766137433691508060,2026-07-28T17:40:00Z,0
0xe7f1fc0edee3599a091a735af2255679ef3894a3611db7c82f6b0af3adba3ba8,mlb-ari-pit-2026-07-28,Arizona Diamondbacks vs. Pittsburgh Pirates,yes_is_run,24337122836706003717180930769965662879289615182118018688150445099512388784062,27816597972852571164580923410066449698795996448838965829055552523250781750582,2026-07-28T22:40:00Z,0
0x61524f70f0752e8724d24a0cc673f7b390d9bbb5ebc88a3841fe7406484b51f9,mlb-bal-det-2026-07-28,Baltimore Orioles vs. Detroit Tigers,yes_is_run,12948894960201746228167392779378392919926158913920076297676655169910511670464,12606671684703624810823791063437084305295133087075813389003920699665321439951,2026-07-28T22:40:00Z,0
0x8d1f0d7692999b8268dc0e9be01427a4e83ad6b53ae5e15cb258516000a75906,mlb-phi-mia-2026-07-28,Philadelphia Phillies vs. Miami Marlins,yes_is_run,54624547222816959550583378529752135760483505713685506907777200923620133386828,67126073082725175560402195714665794168174940926973852810575568541586841214526,2026-07-28T22:40:00Z,0
0x159e289511508564fefcbcd6af6a3fbfa22019d3c0249bfd4c257d8144622f81,mlb-tex-tb-2026-07-28,Texas Rangers vs. Tampa Bay Rays,yes_is_run,36319571060476026784734036834105727391434937211927143805194846324505449317974,35542084503912135600484281503819438890988453394361980117424241182089679188785,2026-07-28T22:40:00Z,1
0x33d0df59b129460856bcf04a4e73a661afd5527ba07ba4b0026a817dd451a47f,mlb-tor-wsh-2026-07-28,Toronto Blue Jays vs. Washington Nationals,yes_is_run,57004155131882242413309768004181186119122247045512318171034733957507861967337,102016662833674221120933041060376195703170795988226578197434709136956562907768,2026-07-28T22:45:00Z,0
0x0e0df05f274644f0c606e5a6c07a794529f5753ea6349433fab23b17f6756014,mlb-cle-cin-2026-07-28,Cleveland Guardians vs. Cincinnati Reds,yes_is_run,37882472010201435908229910520362942419094730490419441411771218490609104790774,1154678617114721142080015914915711191388012640463258483458116488010280243681,2026-07-28T23:10:00Z,0
0xb051e15dd52152ae37abf8607865866cea9dacd15ebdf0184d77b29104255566,mlb-kc-min-2026-07-28,Kansas City Royals vs. Minnesota Twins,yes_is_run,74762445699139263296225619676285541690520010789938083372375643287353850048384,44286081388709404421154547588423681425594153447732527107663130551419613206691,2026-07-28T23:40:00Z,1
0x3054d1fdcc4654d185551e92a388784aaea578cbfc54d3b0d3710620f321489c,mlb-nyy-cws-2026-07-28,New York Yankees vs. Chicago White Sox,yes_is_run,27528960280185555375105550411303989376690404167493268881400860264392873654855,27598287365614140347554015488918056003108583576698345600684408845050479392187,2026-07-28T23:40:00Z,1
0x97dd2e60b533c311be14dd2b692a2cfb8c1c57c53bca694059603b3f1fd660dd,mlb-chc-stl-2026-07-28,Chicago Cubs vs. St. Louis Cardinals,yes_is_run,17233069087720936338892094432705628999148365002903002392211146523983633840834,92822495620243326413202001343774496336245787161550062825117531155439390980077,2026-07-28T23:45:00Z,0
0xdac0362edd4998e01c94e5244612cc12c94b420829f6eb6e95c234ba66d9a05d,mlb-hou-laa-2026-07-28,Houston Astros vs. Los Angeles Angels,yes_is_run,113043609237237855432641155721155156927737270337481421221954972047099117449403,69753458469909729853388073428685642024125771977356895180669983898977319503734,2026-07-29T01:38:00Z,0
0x1fd1c262401c21fd1a550fcc8a40e8e3e62e9d5d113223a1cd69c0cc3435b500,mlb-bos-oak-2026-07-28,Boston Red Sox vs. Athletics,yes_is_run,16781596022867420823630694878245234181520792314572984408822051260780296190870,103216809107368059717480318613007237122984474782568163744616728546762658197272,2026-07-29T01:40:00Z,1
0xce3240e77aef21905fdef92d1553a7322d1980604048e75d25415e380548ffce,mlb-col-sd-2026-07-28,Colorado Rockies vs. San Diego Padres,yes_is_run,111993842533439989097529060439973025473329856466436226580053891029913294527950,34233568899211437151460639250752373353247133293283159350174336867778780598477,2026-07-29T01:40:00Z,1
0x7c54bb490d1d64088314e69a57b86931311292f1bd6d8652f2456c25ff2b0d40,mlb-mil-sf-2026-07-28,Milwaukee Brewers vs. San Francisco Giants,yes_is_run,61173324758869990674974058786236726688118948363145061521561491190045648960842,57826810125466517662383539844382387725946170797346615346768920871442496571966,2026-07-29T01:45:00Z,1
0xa883e52612c3edd76b5f72c9f1c40333870d897ae499dd013531e5e41590de67,mlb-sea-lad-2026-07-28,Seattle Mariners vs. Los Angeles Dodgers,yes_is_run,62780697180282098737255241796697980656699366912032272228703086562481168556187,27357742718524654349424409982130948656408744513817834237018479558699650921224,2026-07-29T02:10:00Z,0
0x0324b86c3d492662bf8d0ceb68b01db3e6effb56262a13bcf1800dc01000662a,mlb-phi-mia-2026-07-29,Philadelphia Phillies vs. Miami Marlins,yes_is_run,48726492255822097315602218892854718472897748231530001510729008811274735409175,75714391069878790592939886312053873025039534201171177727451979386384074730595,2026-07-29T16:10:00Z,1
0x7f0c69154e63e6a8f1687afbf343d1548d4f8217d6253a22f0d6f7904d0fa76b,mlb-ari-pit-2026-07-29,Arizona Diamondbacks vs. Pittsburgh Pirates,yes_is_run,104461939861685411078228451083095058914340757903388553069671123476223138755077,98955643069387237639388143811140098597093493069074600239343302367069889219842,2026-07-29T16:35:00Z,1
0x1cc64d1cd3178369cf813bb00ddd09e57b1c5e9a16a06b6a48f271c2092adac5,mlb-tor-wsh-2026-07-29,Toronto Blue Jays vs. Washington Nationals,yes_is_run,14207147873305593030379185663046630425398516459679829651058814136503759403300,26960551586562589529366500937274042623348154538198911401806872565379423625704,2026-07-29T17:05:00Z,1
0xe3c54771adb750209bf1bef3af996a54e52b80a9aa3f51dccb32d38fc1cdef96,mlb-atl-nym-2026-07-29,Atlanta Braves vs. New York Mets,yes_is_run,58499894450952900872120318055619890094951134535184385412135745373687719869174,11923435054276240609262560656765938593608539351981352175637808835331978588508,2026-07-29T17:10:00Z,1
0xd71101824b595b274ac98b484c50cc8a8223dbf8cbc4762b9d7d4ea98075c14e,mlb-bal-det-2026-07-29,Baltimore Orioles vs. Detroit Tigers,yes_is_run,83922675434847316166157507278279712865304122469187457587453135642127159398999,110338610368309829829485873586289346194784617912531693540716815374818096333319,2026-07-29T17:10:00Z,1
0xbcac999d5178cdb747e9665079e6e0b53842a23f64688905a9fc56dc8af86ada,mlb-mil-sf-2026-07-29,Milwaukee Brewers vs. San Francisco Giants,yes_is_run,65172756730809101092479702477466682590991739040327407432552863187111226734657,68411458890006929224455102683406146754353704816189651658037793689486151638372,2026-07-29T19:45:00Z,1
0xcd17095f88b946c0c0d59d4a540d67fe3a06ef3e8ffe9532b708770b0b3991f5,mlb-col-sd-2026-07-29,Colorado Rockies vs. San Diego Padres,yes_is_run,14296189906909529318730844629845884198933111291971019426125279458024741306565,53728265290593973043628280907951459626767217391687744578466569123353283012798,2026-07-29T20:10:00Z,1
0x4227db8d569bd9a91cd2d251562225ba1ae9966688a6d600ccea91541d132dbb,mlb-tex-tb-2026-07-29,Texas Rangers vs. Tampa Bay Rays,yes_is_run,90593156771928095578711056663226462059900537426532861288299621143601552422387,79830049899705955609145570402309367969722125946643615038607122084296631860,2026-07-29T22:40:00Z,0
0xfedec089eced7467b97f0aec857fb1c74fffa5e6eda936843c924d2a66cef6f9,mlb-atl-nym-2026-07-28,Atlanta Braves vs. New York Mets,yes_is_run,105507982080171285172545916862585644768713544326311919468932531826695048099575,6745570557303853430298802557389304690391226067300642296357373099105828946055,2026-07-29T23:10:00Z,1
0xfe0f04689547cc544c4455ae5cd7d8e85d2043d9a1017563c1a43e11d8861629,mlb-cle-cin-2026-07-29,Cleveland Guardians vs. Cincinnati Reds,yes_is_run,31496967179171034588804717238104279472321168256570505861666832328162705561976,64172292028716626991620604809254532312604613946419220538735896917280439708681,2026-07-29T23:10:00Z,1
0xd4e4ef3c82afd4c821d297b07f1d6c8707532104db0493ffc290306e20ae01a6,mlb-kc-min-2026-07-29,Kansas City Royals vs. Minnesota Twins,yes_is_run,3402757093531099085774737071300731180932758044950897412901949375374544490930,55876667171244878388210841114425413053963481379054528530390501271109605291751,2026-07-29T23:40:00Z,1
0x883ef272abbb169f78677a1042a0a69fa260428614ab12036fdce40746596380,mlb-nyy-cws-2026-07-29,New York Yankees vs. Chicago White Sox,yes_is_run,50665410420499430581783858911070156585500243601138538385695179444020299742774,60966948164429316868304125986863577169600146199068270027513761458249777414817,2026-07-29T23:40:00Z,0
0x8615b3d93c2029a2dc94d096a46f9ebe4c1fd7782f09ee549007fb416e401b7f,mlb-chc-stl-2026-07-29,Chicago Cubs vs. St. Louis Cardinals,yes_is_run,41143641381738650921039720812104916489295716094771283964687472336743674953327,94716118959478796824036052667648192119238831558443042654982361784091851900656,2026-07-29T23:45:00Z,1
0x6d5489ac11fdc7943570976e386a1ca92f545865767e08a43381f61181b0e7e4,mlb-hou-laa-2026-07-29,Houston Astros vs. Los Angeles Angels,yes_is_run,19728880975624721732809027040580287433897551021436987482538936083535248927920,10021397228452985287985320164052027243945947890345482474483314443356083117707,2026-07-30T01:38:00Z,0
0x14b13b778551cafa8c1109bca06257bef0e2fc125df32ff4f4b8caf7262cbc2b,mlb-bos-oak-2026-07-29,Boston Red Sox vs. Athletics,yes_is_run,79861668104649211542606679095774774897130628424277729894119661459890555867821,30197232752968581589737634638208472203832492345330607591369825803723076447567,2026-07-30T01:40:00Z,1
0xe8c07626395894f9102945223f4c33340e8372f52611adcae7622401926a998d,mlb-sea-lad-2026-07-29,Seattle Mariners vs. Los Angeles Dodgers,yes_is_run,80151175994167317204816701728831038533397109965996902615422620031776354501272,45012551162595601547361002337180373277080161969609671579138221262998854579542,2026-07-30T02:10:00Z,0
0xae5189786ddabb0e49fb8af893e258cf86e984599bc6729f7ab0171127b7eecc,mlb-tex-tb-2026-07-30,Texas Rangers vs. Tampa Bay Rays,yes_is_run,39707003695402510047327016955695565181391186554843554170396060903263205821929,44231740665567631194196444983360773388978656319244604528841534152320905467834,2026-07-30T16:10:00Z,1
0xe45c4f55b24e8cc9d8e83514faf883c19b7300629976c7599f1f26c26b1a6725,mlb-kc-min-2026-07-30,Kansas City Royals vs. Minnesota Twins,yes_is_run,27757492244255600732288515215373721163916848823940491627370167926587444242471,77648402143677330595557771659287513898491314050983822067544492919852559047643,2026-07-30T17:40:00Z,1
0x69eae8c48ee38698ede0270cc948db73f084cfa3859db0bbb496c70d3694c5cf,mlb-nyy-cws-2026-07-30,New York Yankees vs. Chicago White Sox,yes_is_run,71964565475859717374475378833257755688265103927153937288225365923338274815561,100880878980932221788680900472676920509571313845027788167255499749078733473232,2026-07-30T18:10:00Z,1
0xcaf222873c18157583a1c878e2caa273c09455656e01e3bbc6197cf202460eab,mlb-chc-stl-2026-07-30,Chicago Cubs vs. St. Louis Cardinals,yes_is_run,62632171054857057102280657033104212628347876084308494130120548205201871506429,115321927947445630854987962807307384623274614923378281255299921904187899144244,2026-07-30T18:15:00Z,1
0xd1e3671d79b5ea3dd23b47c68c7857a60c57d09eaaaeff4afb8648a062473296,mlb-mia-nym-2026-07-30,Miami Marlins vs. New York Mets,yes_is_run,78223692986574622299586781993021579014288523577274352910665082711074589533416,26680715938525787275739640892398285698343370725627103588200418817483807047710,2026-07-30T23:10:00Z,1
0xbfa20de8091489e625bf2bf83eb13b23ffde65ace205bbea4949aafc70de11ee,mlb-pit-cin-2026-07-30,Pittsburgh Pirates vs. Cincinnati Reds,yes_is_run,75737146643423675502827179214182420771815320020751256871063520500349612033725,87838957541492441394939592916532899792184990934395419604364430804810327901237,2026-07-30T23:10:00Z,1
0xa478dbf921184cd385a8d4f0bab779ed55134ba86b4e0760c1fe2c6c1e576f84,mlb-wsh-atl-2026-07-30,Washington Nationals vs. Atlanta Braves,yes_is_run,50647176406613508380703721900023008217906040638562841121032050791131985375754,53636656131159832781743655416318908034751040680573855136542024751995218061826,2026-07-30T23:15:00Z,1
0x5061666c7612b0eb60c16a64f679d7f7ded2b1a369e9294d88434d024fe3157b,mlb-bos-oak-2026-07-30,Boston Red Sox vs. Athletics,yes_is_run,8127736730791474845141518041017450828471930415698796528164788346386681676832,11506912546000192079669521609870156560027899930324749721105118493624998896590,2026-07-31T01:40:00Z,1
0x7b358b8c9fd38b7065eaf2bbb79536c95edb8c9d2706071d5f48614ec1cb5f35,mlb-sf-sd-2026-07-30,San Francisco Giants vs. San Diego Padres,yes_is_run,39791936988320673900650054521977731766968922462878407409110945745227690853266,103318560948672744870406051139509389654145406722276611397626626209209810540578,2026-07-31T01:40:00Z,0
0x5dc784878d7df2d82edbdfc0f726f8a97dedf200a951058c3e9cbeeac6ca70c7,mlb-sea-lad-2026-07-30,Seattle Mariners vs. Los Angeles Dodgers,yes_is_run,110238046056754765750439972831240662594004569042849982672649825794338455360182,100024039714040275561734479783543094742039121681385595370762123330560705448457,2026-07-31T02:10:00Z,0
0xcacce224c6950c0483b5ce79bc3efd32d4f9c63434dc358474ffb4f63662acff,mlb-nyy-chc-2026-07-31,New York Yankees vs. Chicago Cubs,yes_is_run,111785927908326181962750953045056283658947154107217650880474854050282694298449,55697668499069374270095728125319735600671978823966349005535899151349369719824,2026-07-31T18:20:00Z,1
0x1aa27908f2dcadb0d44c7e50c22d754d6a7e0fd52caf6627f54f675025e05ba1,mlb-pit-cin-2026-07-31,Pittsburgh Pirates vs. Cincinnati Reds,yes_is_run,802333726318971366220132241429451806572841592783863237585476775590734987299,20762908606760794899431388560602333115600516311359851362363194838447898090458,2026-07-31T22:10:00Z,0
0x84c15a63b681648cf7780024062b9a0ad4c93c1885608ab28506626480e8da05,mlb-phi-bal-2026-07-31,Philadelphia Phillies vs. Baltimore Orioles,yes_is_run,41785753899282799038524833024217508756743200589646799316153839659622492190978,10464043928184012341790719167848326518939592369181268956490490631636783900757,2026-07-31T23:05:00Z,0
0x426a0c46f2e7bb730723b28bda7198e53e6dc80e3bfbeb6b7cd6d38672a4f717,mlb-stl-tor-2026-07-31,St. Louis Cardinals vs. Toronto Blue Jays,yes_is_run,27253919484882901061999548413914651659423479944670128694714745068882368411138,85962018666643743702692028164444258169930967937788733854960644989226787643644,2026-07-31T23:07:00Z,1
0x4fc7b1e4fd4a52b188aa60c5f6205f62b3ecbeff64dc21f7a5c2e76ec7ec2ad2,mlb-ari-cle-2026-07-31,Arizona Diamondbacks vs. Cleveland Guardians,yes_is_run,59587296350753141735418756684843951517451770559953064533303188423301870372324,22308293805628245102162073963234661630806853101407372799606325314044933928590,2026-07-31T23:10:00Z,0
0xfeb27f1c81d4f5ef8060e0e37c25c952e3bbdc07f4598757883d98afc37e1077,mlb-cws-tb-2026-07-31,Chicago White Sox vs. Tampa Bay Rays,yes_is_run,27396653768210633279422162979766151301844485746057471477529071859227913718376,108805461484489142552654840339590598515438168735035463351173403419194664218011,2026-07-31T23:10:00Z,0
0x6c4451ba9a508f9b10468558b871323f2c8184bcf05bbdef41721f08eb408350,mlb-mia-nym-2026-07-31,Miami Marlins vs. New York Mets,yes_is_run,81389016238060779404510439481368329498819684520695733371138492343625822196800,31227776616693016925208446360396725118473876074979473885864214274115545200954,2026-07-31T23:10:00Z,1
0x975026cb87ec944430f35e26d87e787b90db0a6fa607b3c6cbdf59903d787aec,mlb-wsh-atl-2026-07-31,Washington Nationals vs. Atlanta Braves,yes_is_run,64388026968983974679595052865621490342873424686423193308849021950842563074152,13032608568999684798339540647441777531588967468321060733449348889590937688484,2026-07-31T23:15:00Z,0
0x22d5b1c664256cf6ae4fd1d204eb3babea089c9196186090663f1d0c561d2313,mlb-tex-hou-2026-07-31,Texas Rangers vs. Houston Astros,yes_is_run,12729527486933723046486728930634064270903275895218699914788849102912098768288,113038521754128585832372530728451509838464789550700287440300662142216326449183,2026-08-01T00:15:00Z,1
0xdc61581cd92d1cc52f0cd41ebfadff98f88a9c2af37c52c620a433a4134ecb46,mlb-kc-col-2026-07-31,Kansas City Royals vs. Colorado Rockies,yes_is_run,93373845113935749919962982612875155464346185905091807646091771236122787327847,3989150418808127856719653361674607106755700553511774241637584770363495457930,2026-08-01T00:40:00Z,0
0x9e12e80aca37c5613d52fb6096eea99d56fdecf9aa094434df4d1c34f04eb851,mlb-mil-laa-2026-07-31,Milwaukee Brewers vs. Los Angeles Angels,yes_is_run,3564812304838292514978958158652174082511104191934568965804767806205332847761,49447954170239712902826292536599008783490762637616831426968161498942397462760,2026-08-01T01:38:00Z,1
0x5696b78417571502e9def3de1692ba6087d68792e5d2a2ae3f8f65ef13db24b4,mlb-det-oak-2026-07-31,Detroit Tigers vs. Athletics,yes_is_run,60873424965658514683329846718281740352492237582543510140951733286366197310131,6364123464606273710921571890464633498976743930004664626402580164507579374929,2026-08-01T01:40:00Z,0
0x57785ae3a724987f70350cd757c7cc9699eb2a776c90ec28d0744e820762ea8c,mlb-sf-sd-2026-07-31,San Francisco Giants vs. San Diego Padres,yes_is_run,80220102428179960174264406950335660017341179599773463774337888010074964531376,19768841494564026382547711699999147555553262373604361048546340842554989364741,2026-08-01T01:45:00Z,0
0xaa8ac0adf0726671a1c265378ef8d3a96dc5ea5de7771d695875a717b77ddebb,mlb-bos-lad-2026-07-31,Boston Red Sox vs. Los Angeles Dodgers,yes_is_run,87590914317214456470371645410702034866637354465387815114791470775238545650506,87011385968528253961493739573705856678818400273471399339755401317067528711811,2026-08-01T02:10:00Z,1
0xef78a6a704ce179751795579e0a44c6d0afdff189614a3f3a1db5f7cfb780a33,mlb-min-sea-2026-07-31,Minnesota Twins vs. Seattle Mariners,yes_is_run,5423597352606831416114961207278044738683837125301541247404268839367180397435,38382909459055241683037802108656552269228214513601205968504595360926694708530,2026-08-01T02:10:00Z,0
0x93522226162cf69c8d325ff248d79d74e96eb49d9a6b0cdde822eea829728ead,mlb-stl-tor-2026-08-01,St. Louis Cardinals vs. Toronto Blue Jays,yes_is_run,8350582857745381159511462698040392468752459426122581791495284928724293954827,63073265632162068603809998500056958748942999296251671727906342418517728607940,2026-08-01T19:07:00Z,1
0x434ba98605b4eea4d2ca802dfc248b9db17906d0b975f34c479ce2d6018b582b,mlb-cws-tb-2026-08-01,Chicago White Sox vs. Tampa Bay Rays,yes_is_run,67874237994027857747241591707676854114915250979400016524261000592149759160613,68523249022539428593291511215640342388261349228732402029195386030388981349349,2026-08-01T20:10:00Z,1
0x6a75d21c34b88797ce8292208dc76bfdd7cc36def8b09bb868f6e946d3336953,mlb-mia-nym-2026-08-01,Miami Marlins vs. New York Mets,yes_is_run,78303511702944161573101102718662716947206158900735661377925666838412696154141,75886045569612438094020746702202295970825138716781799385929018799065412960669,2026-08-01T20:10:00Z,0
0xe514ed156735914cb2643425c993dde48676e4cea7065cdae4367f1522da3092,mlb-min-sea-2026-08-01,Minnesota Twins vs. Seattle Mariners,yes_is_run,114775475328002786220401355692036238619816661450715233705751007009735361186567,71819314992839061470087393099727979925766853456046454121527140270686026256749,2026-08-01T20:10:00Z,0
0x1544de726961f4464bfb0c1a69803e66851a87155794e4875a5b8e0221759117,mlb-pit-cin-2026-08-01,Pittsburgh Pirates vs. Cincinnati Reds,yes_is_run,81625932142257968133744065977339480280434882790429671621223658321756947876873,88830788641411911035014543117549663803505950618047315358102199312265894766859,2026-08-01T22:40:00Z,1
0x337b0a2850e4e15b1744a84a76d1643a2dd99cd5677891ce703781da45189061,mlb-phi-bal-2026-08-01,Philadelphia Phillies vs. Baltimore Orioles,yes_is_run,4019307776875116876297161003583920722247327128753577479575352174217270925924,22261793299906015065392307442441508904068377308142865502672524982869480324844,2026-08-01T23:05:00Z,1
0x25c9c566b221cb01c6c02fbcb618d89e32dae12f4a644e8c66c0a2db4f117ed9,mlb-tex-hou-2026-08-01,Texas Rangers vs. Houston Astros,yes_is_run,35575742006257821670408390513951010299998275394475845445398886440833081313819,102035520289761985632804156895235405408874276707032020925008563610140803764419,2026-08-01T23:10:00Z,1
0xa1378e0b759426242c2e8b77af334d23578669244f0e6d631631cf02f9067ece,mlb-ari-cle-2026-08-01,Arizona Diamondbacks vs. Cleveland Guardians,yes_is_run,61816958228538448920084935615421694544143315767529147454715222487208308085503,48200969729877652686646785708082485255627468495489878700191200045267461970059,2026-08-01T23:15:00Z,0
0x7ff32d2392519612e843a9cfbaa22b774c38b5360c86530ab5611410294afe19,mlb-nyy-chc-2026-08-01,New York Yankees vs. Chicago Cubs,yes_is_run,97239928923660213704680479652001785441268794242026782264307079615612175300847,41376414329555319492559793307211371115968598783906511479574551142537550555469,2026-08-01T23:15:00Z,0
0x30b852d9b48260ab01284a87a41f99c8f50240def865240a5b823968c094302f,mlb-wsh-atl-2026-08-01,Washington Nationals vs. Atlanta Braves,yes_is_run,49230526710357522549877046274084494642091080486368882754560191651939297538167,24183495665868753249308552151572963218218864004092534378521717257702229658741,2026-08-01T23:15:00Z,0
0x48cb2fbb30f7d2ca82d4ec5dd8b7275c4b566af4e8ed4e7f090733070d9cc053,mlb-kc-col-2026-08-01,Kansas City Royals vs. Colorado Rockies,yes_is_run,32268953411201667586096194506658604596865210738791560400459476140594878166941,110920732177009629494268323817798848833860739291918956571028298315237735794538,2026-08-02T00:10:00Z,1
0xf33a1324cf798f7f5ae377e07673c641aa61f67637011ba3ed0cbad08bca7838,mlb-sf-sd-2026-08-01,San Francisco Giants vs. San Diego Padres,yes_is_run,84600071975420185769164408804428146312518873505619110177605101342311707255691,65315365739255953820892284097474638747729341328058754720813279587081472291544,2026-08-02T00:40:00Z,0
0x2ea65b278ad5acd5040e40d5c5a9bb5eafc67284f8c916bf3a68dd68b0a9575b,mlb-bos-lad-2026-08-01,Boston Red Sox vs. Los Angeles Dodgers,yes_is_run,66040777431093088099876716954691271530639365171161784704420379833809761314354,55412479850035859747357679491737162653068695303056211671093863629873906819382,2026-08-02T01:10:00Z,0
0xf79e33eb00b3e45ec351641636fbf8e87c062ee4b7b965ca76f3157c980d6c1e,mlb-mil-laa-2026-08-01,Milwaukee Brewers vs. Los Angeles Angels,yes_is_run,21038217390244463160899861264488890919210743045417207709647750122423025202813,11682367433463147884565089641464579134013206481502814062686369799590203046952,2026-08-02T01:38:00Z,0
0x53e0c3ca5fa0078d58ff039a58ce4ee9bd2dec0398c3cf98c41e3ec33d6e6b24,mlb-det-oak-2026-08-01,Detroit Tigers vs. Athletics,yes_is_run,22861478299602950635783223696424577412792046743638523053063083604991689312256,110549825031215541887678869561248649824197656874320173773286827730147069134370,2026-08-02T01:40:00Z,0
0x6160481a7e690ddc82280e24baf6918033d70c79d529532f49350d87ca868579,mlb-phi-bal-2026-08-02,Philadelphia Phillies vs. Baltimore Orioles,yes_is_run,94232174763383555395640661753733941132275973474074163285143750855507269201211,99770442419822209643577118874387988223845731352681100053228712416118356452904,2026-08-02T17:35:00Z,1
0x8fc7465b5b158cccbbae5fb35f1d8da446eae9db76675c1463eadd0fd98aaccb,mlb-wsh-atl-2026-08-02,Washington Nationals vs. Atlanta Braves,yes_is_run,87269189128756837810602150382172476296718553204937509407742992664452741376604,4947131883232603204380588857408014309308505937634820055950846008337341864135,2026-08-02T17:35:00Z,1
0x25b077fdcc1a5df3855bd5cef16d74a36b0acdf1958c6ad3f8ee069977414cd5,mlb-stl-tor-2026-08-02,St. Louis Cardinals vs. Toronto Blue Jays,yes_is_run,115535341833287642524863098083913987379849988253697736986294245831688844411857,11656919711235296922459414840878409799942515452460181729373911360093908298984,2026-08-02T17:37:00Z,1
0x73a907093506cb1c943e2bb937b0476a2db352c701c373ebeb6a6c33b5d6ad9b,mlb-ari-cle-2026-08-02,Arizona Diamondbacks vs. Cleveland Guardians,yes_is_run,39515254789010074419125996091169255041447326026336833140114582461870492321291,38188916284571828338027537955393178400136941113279838920448809892139907872048,2026-08-02T17:40:00Z,1
0x332c1d23321f5d2d197dfe74c2ec42d052c6d42cccf82fe90ff547e2cd498e34,mlb-cws-tb-2026-08-02,Chicago White Sox vs. Tampa Bay Rays,yes_is_run,35162889980329957000186059981527915922313083915494654290495302730056048004853,69345993749766315886713418282138715815664742641717995240864393319363390982828,2026-08-02T17:40:00Z,0
0x00dd1a19003d909d80221dfaa1cc7bce7b24bb6d2c016c3002e9d9a8de34359f,mlb-mia-nym-2026-08-02,Miami Marlins vs. New York Mets,yes_is_run,53967603199274656064692023030859628000468491702213211467752383147205682772605,71172365827539237094146836204279621912103863909887608397489440397311137104332,2026-08-02T17:40:00Z,1
0x63fd616e2408fddf69b1ca824a49e553234faa0047cbd9c1957fd04932009ab7,mlb-pit-cin-2026-08-02,Pittsburgh Pirates vs. Cincinnati Reds,yes_is_run,101246546880191638002393456890470371462125304345521374051369004464482060063459,35837014018558336054853378903677552895801817029613537288475316142208699321026,2026-08-02T17:40:00Z,0
0x3dd869d8bf09ab98d0a91250b57da45fffe79cecd10bcdb884b8b2cfc9ef6587,mlb-tex-hou-2026-08-02,Texas Rangers vs. Houston Astros,yes_is_run,73607094061074008229401451514099354384276196615080304991762956631528839389503,85442517570425455434405672510677566994168486607768032961450323688947667098502,2026-08-02T18:10:00Z,1
0x386f0d68af32e642ca40e166397e302f57478883ed53952f872703ed75aafe42,mlb-nyy-chc-2026-08-02,New York Yankees vs. Chicago Cubs,yes_is_run,100260401562431601481213228064381240426312078469955046912786403946541096285192,3878636729813700923297343741593134598865425013249605835269355095196731983934,2026-08-02T18:20:00Z,1
0x1d40cfa1d57432cf9010f737ebaa16622ed556408a6e75915b96e85724d1209a,mlb-kc-col-2026-08-02,Kansas City Royals vs. Colorado Rockies,yes_is_run,38376982949682163110308113767329648608405809058705377125616499867935040308532,25564648420048706552482865805855681272076829041662136110357686767569516239341,2026-08-02T19:10:00Z,0
0x75dad1e43fb172c54465edbce2d653efa592d358a7750aeb6d2a9183fc7e4762,mlb-mil-laa-2026-08-02,Milwaukee Brewers vs. Los Angeles Angels,yes_is_run,113594237735003803445671065294675781336744419226183812428643050073497387279953,81390495479495459327165986397448360372142379230209984457791703623509696025731,2026-08-02T19:15:00Z,1
0xb0595a7bcb00d36800eefde05166804682f686775511c388d843dfb819b1fbc8,mlb-det-oak-2026-08-02,Detroit Tigers vs. Athletics,yes_is_run,19023703603317218688507084014390896836344458722637973235446870857011082711620,86538338150066535397351890681897082638454599433561238798346081286178592299174,2026-08-02T20:05:00Z,0
0x1290b265e0c73bb3186708ae99a244a5b948cb3b7a818ec5cb997821ea827093,mlb-min-sea-2026-08-02,Minnesota Twins vs. Seattle Mariners,yes_is_run,63815022788708242763427190438294495572663156813532429072662096964894563920199,109090248413207615526404520427627034564843035323542475377649552999400090675251,2026-08-02T20:10:00Z,0
0x2bf160d8ce4e6d05912a1218356fb590421bf3cedf7bc213401d9169893cea1f,mlb-sf-sd-2026-08-02,San Francisco Giants vs. San Diego Padres,yes_is_run,28678877116917319305655432033673839535212395586353751407075960450308252064937,84466551420679257343144611064753552744437347686121795812052021904917050555417,2026-08-02T20:10:00Z,1
0xe458c260b5f62e626083d86fe02ab8864aa279dd875ba1f48fa3ceb1a30a801b,mlb-bos-lad-2026-08-02,Boston Red Sox vs. Los Angeles Dodgers,yes_is_run,79528000798236612355978856116476073283430990956891190576835375412290183548606,9203558838259330621271745147340457403707545539642026884821238037764933699780,2026-08-02T23:20:00Z,0
0x8669e5695cd8189aa8da12cfd3b31d1c8a9fc81fd77fe9500954dc0cde4a92a6,mlb-wsh-phi-2026-08-03,Washington Nationals vs. Philadelphia Phillies,yes_is_run,100378220257962152472079834293351020947456013867862733652890306743035235878095,88753757009047491884461686718259604090184422589702755120621300433727715587045,2026-08-03T22:40:00Z,0
0xa86cd2262338b7d9869a7d5cf9985c692390309b854b9de9390c3bd917c3c520,mlb-stl-nyy-2026-08-03,St. Louis Cardinals vs. New York Yankees,yes_is_run,94839087304981234680609380957408688534548638801955293820274236413951225538170,53952617600360167100836134575568497208758486483787326890572895674699656731138,2026-08-03T23:05:00Z,0
0xb8041e774cbedb8826e67fe556df9b998494987c5e34c391f6d06cd26a18857b,mlb-pit-mil-2026-08-03,Pittsburgh Pirates vs. Milwaukee Brewers,yes_is_run,1255603045958863324771341746378211147532196241735211264594288427368316258686,72896357442400018142517542528353650649102190748995329279807169817054070490848,2026-08-03T23:40:00Z,1
0x7260838e39c1a7ffc8c235b71c6e8e710524c497517869c622231129d733cd3c,mlb-lad-chc-2026-08-03,Los Angeles Dodgers vs. Chicago Cubs,yes_is_run,112433920512985161985896101917446157407819186566045255647908260084962860682735,66774968211417105100267536598748461830146676376678068015538774404052625908213,2026-08-04T00:05:00Z,0
0x578b50b1c2fd39e45422266ec27cbf442b51b882d9e6c007b44377ba5ca44ab6,mlb-sf-tex-2026-08-03,San Francisco Giants vs. Texas Rangers,yes_is_run,107894288969583501067784918802924524741961362455836590273756612099758992697499,42167885727341902360072282082734135202144632090397413970665313253513771883302,2026-08-04T00:05:00Z,1
0x4a37f4718ffc74499c54aac9738f8ad600f86fc6171fde3512693b6bfcb6ad92,mlb-tor-hou-2026-08-03,Toronto Blue Jays vs. Houston Astros,yes_is_run,44202313144493511237721102361993826181363099071466374082648953375311273684926,29245347097159608365114228173383195320008169572614927358730399054906468549028,2026-08-04T00:10:00Z,1
0x229a84b4b866245bff61a3c959f688788d7bda765f1dba431e13d069f62023c3,mlb-tb-col-2026-08-03,Tampa Bay Rays vs. Colorado Rockies,yes_is_run,57894499869122369723629297647789146450074253450899668184863152870998027360989,48353565211214932172631386320321449700523316954785579931314094152754373334667,2026-08-04T00:40:00Z,0
0xd1f77bf4917cc4117b410c1d81369a557cba99c0562429ff4e1b4f7e2664978f,mlb-sd-ari-2026-08-03,San Diego Padres vs. Arizona Diamondbacks,yes_is_run,45180423963810125669246392583061580371549474288231194957346279249191339195399,2231693112586576517546865628139562332336023467794813439883382626815906415042,2026-08-04T01:40:00Z,1
0x567dc31a4551c96a3bc5b182972d8796c7ea7ef1871c0e816686637434a7bc18,mlb-laa-bal-2026-08-04,Los Angeles Angels vs. Baltimore Orioles,yes_is_run,35063395201549146166866024930314360252868961794184862341210499826357182118495,99595393100637434555771843375476188472942751226190512340552180940232408542164,2026-08-04T22:35:00Z,1
0xb3a6ac3691f2a95e2704cb5c3cd32d00d191c10d025e7aa195f12f65062ee6a1,mlb-nym-cle-2026-08-04,New York Mets vs. Cleveland Guardians,yes_is_run,1461571349731380238607283730883376557833175430437478914775044460094306977045,9082789415577157333241822615424469549471539375438782022581044299713675554791,2026-08-04T22:40:00Z,1
0xe7b8299947a7abda9218316a0eea8b0ed9116ab18c7f7fd5ab1bf33bbd906525,mlb-oak-cin-2026-08-04,Athletics vs. Cincinnati Reds,yes_is_run,5039153336822267597615449370072428991261591426762438909985486363074073910669,7586791394456410735790853601998588454445750444681387757350382888102994208150,2026-08-04T22:40:00Z,1
0xd8304fb591a16be30f6cf03db666b9cf9d9975e9382550e13b0a439b3ce5b245,mlb-wsh-phi-2026-08-04,Washington Nationals vs. Philadelphia Phillies,yes_is_run,37732073387964704333027570736384878042465721991680838500786023234449529986144,90732162674115166383120031012203963588441706460466495151855469640585573154775,2026-08-04T22:40:00Z,0
0xe64bcab7f8cb831ffcf7d98ad6975d43bb487c4e56a497fbd4d6684a1c5b0245,mlb-stl-nyy-2026-08-04,St. Louis Cardinals vs. New York Yankees,yes_is_run,56519692209168098096405157737020846634296185146818074296817298269987521278765,71247477653192528982085893748539053894908441197415429440916648769894138038510,2026-08-04T23:05:00Z,1
0x9f3b9548d8a1ba513b5d6c4653bf1f31d88102f11901ca62b48d33a872ee8446,mlb-cws-bos-2026-08-04,Chicago White Sox vs. Boston Red Sox,yes_is_run,80702649573704172230397491103391739834334448811520677681364640518908025180259,85280981889639925323229286591852047702450849448741246439292349772240383296683,2026-08-04T23:10:00Z,0
0x848ec8809da819451af5d7af67f111c4b0c178628d6ca56c25a9aac06ab2c16f,mlb-mia-atl-2026-08-04,Miami Marlins vs. Atlanta Braves,yes_is_run,14734736434183646150648532905543171751999793660764289116066715434616575915357,75936652203927654520790435249261106118788051644496409053522707088693918751626,2026-08-04T23:15:00Z,1
0x59c7e9c0327d5bf4339a40bb892a79450cd0a1c886418f6f2263fe0c6322c65b,mlb-min-kc-2026-08-04,Minnesota Twins vs. Kansas City Royals,yes_is_run,55367671231170895666094111984483583739620373824996560965212781793937683885807,58930140896950710522270092770563759410880740804456476744497574804620234813798,2026-08-04T23:40:00Z,0
0x22989fcec523d44aeb6033516ce301c4c026df9373d1f9e669f9a1f762e1291e,mlb-pit-mil-2026-08-04,Pittsburgh Pirates vs. Milwaukee Brewers,yes_is_run,66272312366330202453226311868107999645064040403994009164884130747957001223173,22843252073288934718112616665504982101355266227031978258569886233935976136173,2026-08-04T23:40:00Z,1
0xfd3d8dbd034dcdefa60d556b8a7f3cf64ecb4cac41b039e1f232ab36a5593ef5,mlb-lad-chc-2026-08-04,Los Angeles Dodgers vs. Chicago Cubs,yes_is_run,100640619029460788104067406343776170401545182787601714901527980947663580728375,111006307763239731944825344720018537526239842046307738040548293057742325252659,2026-08-05T00:05:00Z,1
0x8af2ed83536eae2b50b1e2a08ef4083ba7b95b900aa51002ab0ab5740229c408,mlb-sf-tex-2026-08-04,San Francisco Giants vs. Texas Rangers,yes_is_run,65268693166894529407222713059751886934339921643026329365239826046912472294939,106206632038567934463611048914985900102326144262606684779685631172996181792620,2026-08-05T00:05:00Z,0
0xafbd5fb3c9769afeb28231bd4ad4bbd012898410c716486e230acfc55d2e746e,mlb-tor-hou-2026-08-04,Toronto Blue Jays vs. Houston Astros,yes_is_run,61856315973094955591567345051140629367483308950911256286080892215371811100904,67016810985038221139676793437828592786871683132778813647808499823358788020752,2026-08-05T00:10:00Z,1
0x77b4b7f9a102dddf2c20de67a04d55a40b1658e0b06ea5088b6c68d1ba24c65c,mlb-tb-col-2026-08-04,Tampa Bay Rays vs. Colorado Rockies,yes_is_run,57506916803786825215095475838141790837223104552603667987806194569251924401854,43636360935278135822047937455548064761674706631594439023184011450138336239022,2026-08-05T00:40:00Z,0
0x5b96e3a1c0b567d448dba41a85b34a51d703a0b5ddbfe06223a95c4f58c2085d,mlb-det-sea-2026-08-04,Detroit Tigers vs. Seattle Mariners,yes_is_run,30221710437571943026779139610556859176714321949181361403698069367291677292569,14871218761865861508976669554742654774090164213091977446267926437023573489487,2026-08-05T01:40:00Z,1
0x185af7d5315d2e70cc51506738464a60b034bd51cb085b872af6096b810867c4,mlb-sd-ari-2026-08-04,San Diego Padres vs. Arizona Diamondbacks,yes_is_run,47311901123108866687862936174840584228092455856353649724570482415158428594045,79890470202840702788077929760168130310077061137175552528712490755112812319762,2026-08-05T01:40:00Z,0
0xdca6c9874c643e909edeb4dbdc03459122488fa203c00a748dee23d63b549a3b,mlb-tor-hou-2026-08-05,Toronto Blue Jays vs. Houston Astros,yes_is_run,32494634197675746197860293257293074141311639629930591582859740947602517027917,104487291099616642341766028993579638766100686976094073557242224754885808114428,2026-08-05T18:10:00Z,1
0xcb446fb271ca9ac02618045d4e42409ea9642f689970cb7e80cce121e26d6782,mlb-lad-chc-2026-08-05,Los Angeles Dodgers vs. Chicago Cubs,yes_is_run,24301903603703397510135037642640448314044183294462690812431281433489330206086,64857102050039598773233096471148431541884770490036716808580852376864756947277,2026-08-05T18:20:00Z,0
0x51df3a2a29b3ec0354642cdb66789c9f57d4081f91bd5a5820956d01def184af,mlb-sf-tex-2026-08-05,San Francisco Giants vs. Texas Rangers,yes_is_run,32706359560394175484216283999947154269416533101526679052969501841993030633143,5939791978713232576702084228735592587434725674010897766845825812615874941197,2026-08-05T18:35:00Z,1
0xae54912bcb54854a13a39039256fa1d5c35e032ae05836024a3d0f4adbf6077c,mlb-tb-col-2026-08-05,Tampa Bay Rays vs. Colorado Rockies,yes_is_run,16889602961337751757656537344900093351646689031815272606092328426571592568467,65383135003897940387437388419289175386144544178766351318889225158178090588960,2026-08-05T19:10:00Z,0
0xe53f09ced420a073251f110ff49aed169901b9ab964124efdb3030670dc0de1d,mlb-laa-bal-2026-08-05,Los Angeles Angels vs. Baltimore Orioles,yes_is_run,5309710041199944867729299621857780735080296756524178206198029166681284098419,23716235428223521012292114209946049722464649359181414793827692574149208343221,2026-08-05T22:35:00Z,1
0xbae41c14cffd45f8cb1fe441f9c0982910e9e81141981bdfa786b83b231a016f,mlb-nym-cle-2026-08-05,New York Mets vs. Cleveland Guardians,yes_is_run,33138700264867579129689671361907041316641403271790107184048193426620252073112,15184898141294416269667485000307750540242584738361917677884609832239733617260,2026-08-05T22:40:00Z,1
0x64b7b010e3a3bc42b26b005054058ca14bd967a9bd304762ada7cd9abb54598b,mlb-oak-cin-2026-08-05,Athletics vs. Cincinnati Reds,yes_is_run,101009173483463734669720085393349644818833748435258531599035059687303413032767,91807833558022028377296487542187172598635296541774044021026297919244984989403,2026-08-05T22:40:00Z,0
0xfc5b6071586d9d89a28677bf95e2377cdc3a412700f4af69b80c0d437ea4946d,mlb-wsh-phi-2026-08-05,Washington Nationals vs. Philadelphia Phillies,yes_is_run,41893049469480439829456752739749623294335634257161510090629524377425267325591,8837206269042952121665963692408218916190926090887721987761428669058745610683,2026-08-05T22:40:00Z,0
0x32253e84b49eb199a5539007bdc56e808ba2ac584629f545c182cea98bab9728,mlb-stl-nyy-2026-08-05,St. Louis Cardinals vs. New York Yankees,yes_is_run,21929720114593060449844856635440734437873577404283874462899757912765456731112,31539291096149367559500890946774526646747363399435068250665338199936699343586,2026-08-05T23:05:00Z,1
0x3d2dba4a482c1fdd0ba144b564835a9235f4bd2ba684ba48b2bb7ac73ffcb013,mlb-cws-bos-2026-08-05,Chicago White Sox vs. Boston Red Sox,yes_is_run,108889302902157070194831382616146422256152379817346265544343049457588996637586,23095467625474579282504197126977204437962780204062700553875769025411692455933,2026-08-05T23:10:00Z,0
0xc0eb662b1ee0192d374e1430cbd46e96b9f8068861124ff8c5cdb038dd624da9,mlb-mia-atl-2026-08-05,Miami Marlins vs. Atlanta Braves,yes_is_run,13594178188176245630338865620841961186064654885872230009487375933555083253659,66229055812872756721428972668250416658434953006205362112976068444201185434115,2026-08-05T23:15:00Z,1
0x31505eed589d34a292b25c884d92943b0e7dff40cbafe1a4777b6ca930c815c4,mlb-min-kc-2026-08-05,Minnesota Twins vs. Kansas City Royals,yes_is_run,77101246814573200236922618811661975823849438765435308993665866411176165397614,13033100183969088172011557150155063650989518853430608662565415170012468625379,2026-08-05T23:40:00Z,1
0x4f600cf410ad9647ef1fdb78fc9fe2e5521ddecd75b501023a480a1d1b5bee84,mlb-pit-mil-2026-08-05,Pittsburgh Pirates vs. Milwaukee Brewers,yes_is_run,34931617311194112173413214588587715640848188106459698355874186935679650059604,19817663096247351796035741576348252934458490990930710509442841106381338726817,2026-08-05T23:40:00Z,1
0x382e81463c4ccf42320f6eb922276d34358bf9f9cb50d0d5323451f070af966b,mlb-det-sea-2026-08-05,Detroit Tigers vs. Seattle Mariners,yes_is_run,75239925548402356212466163740598705181154677908198507263750360984114433498102,40955971982440647085199565506659851412520988935918531651227569724782086741351,2026-08-06T01:40:00Z,1
0xaab381e5e42021a2092b485d4822692b33dec6cacdf350ca3439abd50c180b17,mlb-sd-ari-2026-08-05,San Diego Padres vs. Arizona Diamondbacks,yes_is_run,106657439267499298821179791956066689250106540127006001128074088121458106185835,100706976234474934809132678172798292463742352544321039288040489480297922137359,2026-08-06T01:40:00Z,1
0x4c581b67638fcca96b7aa057c0a35dfdb335118f8898281b31a5d858a80c941b,mlb-laa-bal-2026-08-06,Los Angeles Angels vs. Baltimore Orioles,yes_is_run,49413925932795160406590861336699865579143495359748400158669394823236297454048,13319657904856432320977881488919776984725522782916159346446473866773882580664,2026-08-06T16:35:00Z,1
0xe264e6b86f1a9116b9a4dffaebe609c890666d1ee32cb27ea20a93e95a501f58,mlb-oak-cin-2026-08-06,Athletics vs. Cincinnati Reds,yes_is_run,105125572563062693393944285875541872370537846121911342143346587740269546910064,54100253140706180098865167502131843985290461127879168450558474333909286139570,2026-08-06T16:40:00Z,0
0x2faf14879f14c4b46b8fd518bfc2b507210aac7d28c10ba69d8dc22477f19d93,mlb-nym-cle-2026-08-06,New York Mets vs. Cleveland Guardians,yes_is_run,39931738489498503019502616393402412442962677200429985593085227042816843544465,96705523792514464449203253351275161711819875359283507427252054598023937988098,2026-08-06T17:10:00Z,0
0xa40c4d32fe9e490399258bc7dd1d36ca0df3931aa2e60f5996542fc6354b7abb,mlb-pit-mil-2026-08-06,Pittsburgh Pirates vs. Milwaukee Brewers,yes_is_run,38784796003802574761949158136640958045585747461622742531391535078889735078186,91227413391044618056125866287478425242925554414340638895292989409227730096079,2026-08-06T18:10:00Z,0
0x292fc48a11f3e6100dbcab6dc08672cf73b44836e7e1d031e48ba6b0bc7b7f7b,mlb-tor-chc-2026-06-21,Toronto Blue Jays vs. Chicago Cubs,yes_is_run,67972982881710851861579225295189042856780330013343771296738200627706723072488,77238452498657530790901489170474874059225907062582605469589233346413349849652,2026-08-06T18:20:00Z,0
0x39134a03aea251a5b0ea37fcfb4bf131234dda9357bd12e8211bb40f74591f92,mlb-det-sea-2026-08-06,Detroit Tigers vs. Seattle Mariners,yes_is_run,85117550620083863838779217810783810377112168551553400681599109541788485291952,8776214022663573357648720361159152824874503734779687403540774739684210101462,2026-08-06T20:10:00Z,0
0xb14c17d41a9ffbdfd1c9645f01a15465792ec03ff9b11eb98cee85175a7d4274,mlb-wsh-phi-2026-08-06,Washington Nationals vs. Philadelphia Phillies,yes_is_run,62099675982702616772136562996321907924418002509650442824115615573047673234083,114435256191928410826366118486472296715096720199521326451262744794080027967797,2026-08-06T22:05:00Z,0
0xfc0b4ffb95e7dd37671b7270c81b48c08056e19284154b781cf6c5f9ea7c9680,mlb-cws-bos-2026-08-06,Chicago White Sox vs. Boston Red Sox,yes_is_run,113127480921307596362766210732706291086973812633921567906065357716740960893978,90942105480099461298163619728972798874359103751192657934677831110345101618222,2026-08-06T23:10:00Z,1
0xb36d3bd0461340a00be8eb4eec33a754646b53d76ccbae345d8eef5e52215585,mlb-mia-atl-2026-08-06,Miami Marlins vs. Atlanta Braves,yes_is_run,105755463497826408123232241766009260874506353917746877776575456025020913457456,62463532418911390707787543868337081709787551903215071181252607982524348236146,2026-08-06T23:15:00Z,1
0xfa2b13c2bd6bc6dc447214fbb72abefb56e87faedac26062e2a00c94143d305d,mlb-min-kc-2026-08-06,Minnesota Twins vs. Kansas City Royals,yes_is_run,102160812100409997070146741161100571742225399891365031302236230090260446410684,87199485572416546119261157198254370137161651743398200677242596463854881956843,2026-08-06T23:40:00Z,1
0x25d5fddfe43c5d31b9e83532a08402bb825c68b8dc14dd193accaa2917da9b1b,mlb-sd-ari-2026-08-06,San Diego Padres vs. Arizona Diamondbacks,yes_is_run,75538606983107322598125593655715299738568208407337918705103990931109801510351,25697420058959883884597682843676705268519316671887756970967394564534367500463,2026-08-07T01:40:00Z,0
0xd319f28eec4d50bba000e638750f1bbf6a77a1c1c29d211c892acd30b5a7dddc,mlb-nym-pit-2026-08-07,New York Mets vs. Pittsburgh Pirates,yes_is_run,5475297907476198212718677451727357867558074870634923207398708842715628969077,78231694693843273794716197467948249345845583830235233239093843442480696268252,2026-08-07T22:40:00Z,0
0x57dbdfabd001a6efea9e2462c42d583dd21cf2b2d9b6817c775db43bb1820257,mlb-tor-phi-2026-08-07,Toronto Blue Jays vs. Philadelphia Phillies,yes_is_run,28585088498775309347859267477859519699484424330061256976157541717873608405129,28209042949123365599450199428069145760083289895763114084433953238350912007664,2026-08-07T22:40:00Z,1
0x8f2bb4129af216f52537de528571ac5f0b24a43eb5353bfe5f8829cd10882f02,mlb-cin-wsh-2026-08-07,Cincinnati Reds vs. Washington Nationals,yes_is_run,88191595737113084086889155498857726163958648680442057930309386789820312086271,112019409950022414389602083040335038856861145485777523629834330702408576300049,2026-08-07T22:45:00Z,0
0x555ec762896b04c75cf73ed3ce3ce862146bf8ad1c459354610ac32192b31190,mlb-atl-nyy-2026-08-07,Atlanta Braves vs. New York Yankees,yes_is_run,101644405820670986152586498786568238544261222510937485851378080072234916843337,16502115484462401703829642611372776255234351451217058299683970858438601667318,2026-08-07T23:05:00Z,1
0xc2f53d184b89f3b24d89cc7c7ae933603b17fc477a6ebee2cc21484b726e87ae,mlb-laa-mia-2026-08-07,Los Angeles Angels vs. Miami Marlins,yes_is_run,55123615663775709245430837978442366789090952179352492533362215329691265037617,31123615313734516216056750885614628717503285346959253806562409445545821965050,2026-08-07T23:10:00Z,0
0x500feb58cbe5d2eb80159b95f2a70ccda6580a7977bebe65cf2d4b5020014a61,mlb-oak-bos-2026-08-07,Athletics vs. Boston Red Sox,yes_is_run,107058217898356389853720628221868096156531448706949419504022414483864209988088,63134913936446779911381267862841565302776442851284786227511445408489164528324,2026-08-07T23:10:00Z,1
0x3fba6ae8a857470eb7d5518d4f3f57c93daa935da8645f7ff47cff657aabf365,mlb-cle-cws-2026-08-07,Cleveland Guardians vs. Chicago White Sox,yes_is_run,66524738870884869360708184438085134264064649221584292678609495163971091035179,55901078642394887669445703037655486193118505416886929146072146772225298635043,2026-08-07T23:40:00Z,0
0x4d82d504133b35f7af655733bb7a2e0ab0146584c83ab7c0a20315f111dfeaf3,mlb-min-mil-2026-08-07,Minnesota Twins vs. Milwaukee Brewers,yes_is_run,13579241467751133447530594618464895164492775298009488947358949835233309729461,66272335733071905976536776501686661655142321714766313384641712935789013415285,2026-08-07T23:40:00Z,0
0xab8ddca09187ea01663d4495ff414e6549127277cb4640e9713a49cb1d9084a1,mlb-chc-kc-2026-08-07,Chicago Cubs vs. Kansas City Royals,yes_is_run,25550664452150919270333052795969958830838461179800443062641019371750344520751,79188180807633842782511758928127242810956091275511224752774835853429723112267,2026-08-08T00:10:00Z,0
0x913f635080013130b930f0706d1658b9bac85ea3c125ab5a9e491d78bd813df6,mlb-bal-tex-2026-08-07,Baltimore Orioles vs. Texas Rangers,yes_is_run,61260108956702320778972211092605677345467524285239705793058413609309861788906,77157814089263458506093076528941393952202582539197236751572408852689394685166,2026-08-08T00:15:00Z,1
0x8f532e805771d30af0487fde3ca95ce394cc41728286bb64e3cfefb2d5aaf7c2,mlb-col-stl-2026-08-07,Colorado Rockies vs. St. Louis Cardinals,yes_is_run,21642206367244029884901221865636805730114844557955547734269259184791026907465,6390201235779248982608334132342521503508572484552619946010094552978557626016,2026-08-08T00:15:00Z,1
0x135e23edd12fcdd47b399b8aba01ca253705ee839ce257b2e73ff524d28251fe,mlb-hou-sd-2026-08-07,Houston Astros vs. San Diego Padres,yes_is_run,114600600458954354949304519981782873794869975029455404178452814178898625797951,11702498577904872635257330476545307551156726238081923920535927547790378350085,2026-08-08T01:40:00Z,1
0xd980f73c3eecbfa8afd8f386c1584b737cb58c74c8137a1963e60f5109ef7a96,mlb-lad-ari-2026-08-07,Los Angeles Dodgers vs. Arizona Diamondbacks,yes_is_run,93726443342149201857852971997368555985267292543889468307526376446322735290623,61178565701406141638583313990734089604921543573326838516158678526198995105007,2026-08-08T01:40:00Z,1
0xf8e6d58411d2fc1d0efa17b49f34f091a7c14e47ac9585b170b43ee95b80e7d0,mlb-tb-sea-2026-08-07,Tampa Bay Rays vs. Seattle Mariners,yes_is_run,51388145666594149947254270486075682196484185881014791516128131146322005035781,87663967784393484580065032366015585135962125956470862539200525287834122759858,2026-08-08T01:45:00Z,1
0x17be18c97790b2456aacf6a91e727a565626e80688bb0edbfbe6403ce10b6dfc,mlb-det-sf-2026-08-07,Detroit Tigers vs. San Francisco Giants,yes_is_run,56647591107394202617271723369019350607173923400505460881813456834070644114231,20102647183450177354540036533146764841239780878521331719962100787579964515737,2026-08-08T02:15:00Z,0
0x6fca19904c5ecce7cc4fb24f9ee8ba25935d456e420f526ac3a52b0a9ac6bc82,mlb-atl-nyy-2026-08-08,Atlanta Braves vs. New York Yankees,yes_is_run,6515097453786362580600768773793869785099171507001696939017684016380592920153,110182740722123916202494039107062077474932681439329606590572076561359184147672,2026-08-08T19:05:00Z,1
0xbd07e4a3a23bd75c1812d0bba8b91d19944b9c107e407ed14af20c15589039e8,mlb-laa-mia-2026-08-08,Los Angeles Angels vs. Miami Marlins,yes_is_run,84623076700462484940342351107528103812517982958758732648050562393998538627758,56966407430175569145857546729886327121087131425910533863907029676903489592879,2026-08-08T20:10:00Z,1
0x4a1fe8467dee4cc9f38eace9f66529b3deac7229e66b72651996675b43bb2f6f,mlb-oak-bos-2026-08-08,Athletics vs. Boston Red Sox,yes_is_run,107359851697328286546514130799450427420129318296195706743131755748572170570346,104523079467616873905876845703110183092040633264578398819667697660826337003661,2026-08-08T20:10:00Z,0
0xfcaaa3808aeab88b4fe22c49b08e17bf53418fa74ea085ab2f145e9f859d6da7,mlb-tor-phi-2026-08-08,Toronto Blue Jays vs. Philadelphia Phillies,yes_is_run,107821538858069492013431762733284899271217784497534202031890508266171991860690,39482274903145489423871425283019576443917557054103673084982825810540732018509,2026-08-08T22:05:00Z,0
0xe8b4462e19c61ebbd9a0e6d3ff7c50d644d30cedff01eb4971be541a4ccd1143,mlb-nym-pit-2026-08-08,New York Mets vs. Pittsburgh Pirates,yes_is_run,70243674894359618345539747180988268083488026233354668871361173596181165429385,33902724007584256406821918447688961419295731933499803062510858782425977425912,2026-08-08T22:40:00Z,0
0x1503c68fec657c0354c15ae0317a178f14da79d624ef27737dc8151eaa63ab41,mlb-cin-wsh-2026-08-08,Cincinnati Reds vs. Washington Nationals,yes_is_run,104853676308759451289693280006152226606432583770975839777595537987880287516371,34544563576036831636377633400589470912655222359192268120575086238590479809880,2026-08-08T22:45:00Z,1
0xc31b2b18f2f2a054d08ec28fdfb10be3412fbd5b07d98dcd2c4fabc49e8e2343,mlb-chc-kc-2026-08-08,Chicago Cubs vs. Kansas City Royals,yes_is_run,82281721695100685473745942295240904788934010060855669597083571903185692653116,55110902319380798610772038634511051901909873769664982914872112906387455568215,2026-08-08T23:10:00Z,0
0x1436857cc1c6fa639af8bbba11fc7b207872bc68c049d990eceb402ece199dd7,mlb-min-mil-2026-08-08,Minnesota Twins vs. Milwaukee Brewers,yes_is_run,79714103568697439529673120462541118686584663385895018098603832688011858136147,29519303782308473375468118810558745243862244701253146473428003558737802362207,2026-08-08T23:10:00Z,0
0x22d9a0e50729d08f4e7afc298e6c5a3f218d22cd8ade45aef6b9dcd71cc47d45,mlb-bal-tex-2026-08-08,Baltimore Orioles vs. Texas Rangers,yes_is_run,11621693548970394139595746215609790394745887512732209081076062066402497371995,58802356969508118506681420568410775038608757856037704233328540577951020388459,2026-08-08T23:15:00Z,0
0x87313f45f4d1fbc411697b231b6f7d7e1809b19339d01dffd054ca0fb1eb973c,mlb-cle-cws-2026-08-08,Cleveland Guardians vs. Chicago White Sox,yes_is_run,86147420088139791539782692473178529983008666358276841673614093493689824752331,53776979156387446544675591521448445314357627666193761516503906677950808660242,2026-08-08T23:15:00Z,1
0x0f4204150782f36d1002aa3bf484f1d87755291eec7fa057d79cf043aca7ff90,mlb-col-stl-2026-08-08,Colorado Rockies vs. St. Louis Cardinals,yes_is_run,89285567595063540278148836605219004751884466100368882353722899523529156985748,89002100878762231443645984712639487386454113257793583548377264845515287567983,2026-08-08T23:15:00Z,0
0xde3cffbfbef2f1a6cb80c4ee2ed19f1f0810021d641ac51ad436fbd9d78008aa,mlb-det-sf-2026-08-08,Detroit Tigers vs. San Francisco Giants,yes_is_run,111819607314124105728859438830520957392598256903755346199302747634600955264707,27062893022698391741127152162392902103269743869136824412871283207111269369659,2026-08-08T23:15:00Z,1
0x3d9491a7e8c1f0cc792cbe96b9bf88dc7943832a4114896ad987873275b2afa1,mlb-hou-sd-2026-08-08,Houston Astros vs. San Diego Padres,yes_is_run,66711180982601434168513441123874617764245203989804838650325095235186060588116,75670983870675451253460979838542820613227982836875725497248593291190134253458,2026-08-08T23:15:00Z,0
0x758ffad34720032a02796184744daf1072656730ac878353c87b716a88a34c5f,mlb-lad-ari-2026-08-08,Los Angeles Dodgers vs. Arizona Diamondbacks,yes_is_run,96430015006787501699556456103117616336280033812421009484655366686818284491157,69606120114604724092677691563344722262952582534555098042689104503784731051171,2026-08-09T00:10:00Z,1
0x9ea796a6689029a4cc04eaef3f2e86ea782251ceea44707ef4941cbcc847f48e,mlb-tb-sea-2026-08-08,Tampa Bay Rays vs. Seattle Mariners,yes_is_run,80105517139391814477930730986961747065417200025348442856547067666419300731656,36303628704972671333925255940838132062999598054902608601401367464967109100531,2026-08-09T01:50:00Z,1
0x1f2163a76d2f6ca649b7285b5a203ddd9207d71bfd351e5d1d94d20bd6775d2f,mlb-cin-wsh-2026-08-09,Cincinnati Reds vs. Washington Nationals,yes_is_run,17138343792043352297230793808653069043074719864361823598703453965541734847966,15936014625767356079436307692231739591139173876069265418528636127648690052823,2026-08-09T16:15:00Z,1
0x03e719635f9a970ea9d0cd30b2ca3efd27a74409ee5926b91b85b1a0d451f28e,mlb-atl-nyy-2026-08-09,Atlanta Braves vs. New York Yankees,yes_is_run,68122405822884903643717018253292065246334457627742528906269879706966747725572,44347087749888896644613476331864704033580602041099262278121419971722720334444,2026-08-09T17:35:00Z,1
0x7f8bbb9fdfb642b988276689ef495c7d1cb238af692d5eaa4400d8eccc4968a7,mlb-nym-pit-2026-08-09,New York Mets vs. Pittsburgh Pirates,yes_is_run,66114964807394389237981984252061266223649816316430681835680001058673958381940,44979524586056452529397896671314773552528824398730325078548767409236486263892,2026-08-09T17:35:00Z,0
0x799fe911b21cf4fe0bef5892524fae980fe4dcdb675b9f43cbe0f2b86c5b5e5b,mlb-oak-bos-2026-08-09,Athletics vs. Boston Red Sox,yes_is_run,66818389414610155763088786995805318965502697403493481704067532118793803483730,9556376221992684409571494373560735189811043065574015995611216176382720607833,2026-08-09T17:35:00Z,0
0x779088a120d27344052c8c1ae393c55541bca394cedb2aae6d87f53df70c6c51,mlb-tor-phi-2026-08-09,Toronto Blue Jays vs. Philadelphia Phillies,yes_is_run,38003439821478201918498127504816592906138434373383922619630762455872063184638,85774382154315044510526126470085287989731613961766987180918221279456310625069,2026-08-09T17:35:00Z,1
0x9bac5daeee6d0f5d0cacd52f7b95c2f8aec05e6d40a2d0e4b63bd3448f817f60,mlb-laa-mia-2026-08-09,Los Angeles Angels vs. Miami Marlins,yes_is_run,43735224345684170243645112876201533368904716988205378164851915096023123310147,19611513698016701299338353743471098671144469455662438937567411272821729185850,2026-08-09T17:40:00Z,0
0xc28f3d92031485ed89a3324dfe13df3e9b6633ea7e958ed656ed264fb6ff171f,mlb-chc-kc-2026-08-09,Chicago Cubs vs. Kansas City Royals,yes_is_run,78098421979975610193375794728099616995994998104735366457656990022763157159531,56258301963341989352775882504574016105526016111947340057718204901404080622666,2026-08-09T18:10:00Z,0
0xd46203c2cae8c4640611bef066b1c776f79d93b00409d675763910b5576ae8a3,mlb-cle-cws-2026-08-09,Cleveland Guardians vs. Chicago White Sox,yes_is_run,49831040056753463210529322013366256991646082244240283032961725690230136432924,24133432917268760474038345357476488455769593600847916007974537364078885924687,2026-08-09T18:10:00Z,0
0xc0508422c0bdbf04751a25976cdf59f4150cccad677b2db760543c929882779c,mlb-min-mil-2026-08-09,Minnesota Twins vs. Milwaukee Brewers,yes_is_run,1667492827105463580392556544748779631842764275007446667880401490709197870710,73720602281344010666994673692044260728485795496218576462273246672458955241532,2026-08-09T18:10:00Z,0
0x56f7f7cac9d99e180f51864faf204db4102f88012d1d7314fad7395eebd99389,mlb-col-stl-2026-08-09,Colorado Rockies vs. St. Louis Cardinals,yes_is_run,36413588380069871531851955825247231821434615214743686408794178208127883433399,1017395099378961397593549730310214165745766411556373967412758954983803313595,2026-08-09T18:15:00Z,0
0x3df9547b3bc23dc0c3b83a4eedaf775c20dd0223bf6fe00330e9e8aecb690130,mlb-bal-tex-2026-08-09,Baltimore Orioles vs. Texas Rangers,yes_is_run,110866504041592940855506771654556819976980304520128148199907148296821408845752,59810629829278523476476669964088583707680868568447173218655140478562909770620,2026-08-09T18:35:00Z,0
0x89cac48dd573f0396b3762295b03d0706ecc92fff3c4ab8626d7b6df9e687242,mlb-det-sf-2026-08-09,Detroit Tigers vs. San Francisco Giants,yes_is_run,58842860068333846418601424099715232395610105169561366352478534121782485336754,12048186249227113797689549284818085463022086854683253834782237817416872280128,2026-08-09T20:05:00Z,1
0x2d34b2d1371a9760531244b0b89e659bfded45aa653a0c54d9f1a6e6d5edf581,mlb-lad-ari-2026-08-09,Los Angeles Dodgers vs. Arizona Diamondbacks,yes_is_run,66712772133519852227111914515048747421171854610437129223613576231238605266965,32186177609869378286297407176954156454605980465071252175490595742653745196611,2026-08-09T20:10:00Z,0
0x23f2de397b4f6b54240f72bc864f6b06d26c2b960c19bcb97edd9baf86c8c2e2,mlb-tb-sea-2026-08-09,Tampa Bay Rays vs. Seattle Mariners,yes_is_run,10043114305903340651951253396869745438255397303013271566269437015877262749196,1741945368671248797770296536453196693333717546694648903248153467911685119997,2026-08-09T20:10:00Z,0
0x4ad0239f95c4e92d4bb0591e5d09c0df7cb614654e9f65b7c31d59f74afbcfe9,mlb-hou-sd-2026-08-09,Houston Astros vs. San Diego Padres,yes_is_run,88536851702324593739881265689469843549015973832791949310768613710132730089520,41706684972650585707343776835345854708583045438237727163682870828949552156156,2026-08-10T00:20:00Z,1
0x24a49af1a5d77db8c5fd62ecaafbbca535422dc1a33f03b5b849ee3d69885f16,mlb-bos-tor-2026-08-10,Boston Red Sox vs. Toronto Blue Jays,yes_is_run,12420097011463677198751089261183222386061501926303411141541766933920745507827,99252908696238009552065563547530904660027539106380858806584467283058054091687,2026-08-10T23:07:00Z,1
0x1489f7e57824bc170ca640db090e3ea1887642b26ad652259f26b075a4317e09,mlb-nym-atl-2026-08-10,New York Mets vs. Atlanta Braves,yes_is_run,89492217651246747157224339045645144346817590067129161088694142593719246193064,13862260154212872268511123165863068191318185162113314397676885889761841988147,2026-08-10T23:15:00Z,0
0x06e31b0ea786a57d6fb0cb4e4ce3789269defa41e963f56b82029109e460961d,mlb-bal-min-2026-08-10,Baltimore Orioles vs. Minnesota Twins,yes_is_run,85298481071665000461404938349566526395511129712299715514057533660044748232155,489082174578131375923389983965985981043575149699873896908477634369165605522,2026-08-10T23:40:00Z,1
0x53b27642d573227dc565e633dd173db38f8539765a1bb5eb40041dc1685b8367,mlb-phi-stl-2026-08-10,Philadelphia Phillies vs. St. Louis Cardinals,yes_is_run,92912628755301884703654599266855024231564413278255551746695836121776688238010,110578612815300892983496727493166133053580231167003464423781414348027055541121,2026-08-10T23:45:00Z,1
0x42bd6bec70a8e3c8d8850f4821fe60148c9f632c6ddc20480203634fbd1751f0,mlb-tex-laa-2026-08-10,Texas Rangers vs. Los Angeles Angels,yes_is_run,50398840837218190194544399512314916862340243437639555878618762207974340073921,90452722992645305099172862534096880016143321564016218802619390647420088511087,2026-08-11T01:38:00Z,0
0x8dd7988a78635543fbd7e64e705e73a9a3e206ff021b8b28c804411711fc4aee,mlb-col-ari-2026-08-10,Colorado Rockies vs. Arizona Diamondbacks,yes_is_run,79716041054420046542243672918545731250062031936104887395567287351296560816565,36639226971482229586879459744552135519346009318754127689459512274612964076101,2026-08-11T01:40:00Z,0
0x92e4fe8aed9a2539354a2e769ae98b3ea86a526a71e743caf4d8a8e953617c3f,mlb-mil-sd-2026-08-10,Milwaukee Brewers vs. San Diego Padres,yes_is_run,73479651073009223184646361731966412981530653245170795598262991164667995975891,32622942914596836229877029322754687014206797876602264443482730867486733001260,2026-08-11T01:40:00Z,1
0x5df54145153386cf3a693028beb09893e7de7fa2b3f48d969ae97389d7b3503c,mlb-tb-oak-2026-08-10,Tampa Bay Rays vs. Athletics,yes_is_run,77103758233204636379998851738153480067884649168017474435937979773341436941736,46118847453821802791852645680136804588195332031659423100657293204448777044432,2026-08-11T01:40:00Z,0
0x60b52d181fde6fcbf91822c41bd28390fe522739dab25f23086f50434bfe24bc,mlb-hou-sf-2026-08-10,Houston Astros vs. San Francisco Giants,yes_is_run,2084907388392515586837358071282753004725515413760899378617086820465855003109,25000720937116103017345560645776819799592351752728839520064699966634594867909,2026-08-11T01:45:00Z,0
0xcdab1d4f13b15fe0f1e3371b75772480d09ab1da1bc37f9294572e9ef3db16c0,mlb-kc-lad-2026-08-10,Kansas City Royals vs. Los Angeles Dodgers,yes_is_run,55053879909776918211542543024949049905920404653853159083922292536078254240878,74747890350632652964856809739564721858118657590772835605425274952283274700492,2026-08-11T02:10:00Z,0
0xded6c5c8930e3ce7229f949b02e866c9ac2cd97c83e011c65eeef49639e3c5f5,mlb-cle-det-2026-08-11,Cleveland Guardians vs. Detroit Tigers,yes_is_run,19725803898330948459582783707447900273882495629910072384587524139773361296339,14600617284293166672500303216171082614144926698669548300510424795735660964320,2026-08-11T22:40:00Z,1
0x02d62568a0250f320c34926455e3b18e8fb00cabc1ba6d6523f24f0513160a7d,mlb-pit-mia-2026-08-11,Pittsburgh Pirates vs. Miami Marlins,yes_is_run,45810748795646405076030572363312257843742566457651320730966069519083057669092,5970790653265481645148184759256356757156525033108264013543406662513279474720,2026-08-11T22:40:00Z,1
0x182af3788491119bb0ed6fba979af5ada57ea16c1df878dc158e6957487be18f,mlb-chc-wsh-2026-08-11,Chicago Cubs vs. Washington Nationals,yes_is_run,69697034988771675544346832536580754609935362112911364190559827131410235891168,6061741621772321183358937683369463673500517246344725572561021943598687251832,2026-08-11T22:45:00Z,0
0x6ccd28337ec40af088ebc2536e98a6abd2a54cfe4aa7be522fd176be1b80f510,mlb-sea-nyy-2026-08-11,Seattle Mariners vs. New York Yankees,yes_is_run,85629106011683392874469589548280479488681298248405403892869681022141872412456,4481378820095517268921659288345500164411201267467024810461032735104979644113,2026-08-11T23:05:00Z,1
0x8c299f46f1e3f32b50d9b0f4082c323a4b4d90574d6ad34ae630b83e5cceab50,mlb-bos-tor-2026-08-11,Boston Red Sox vs. Toronto Blue Jays,yes_is_run,42486463997295111059286776361609205370251431735261091149184840488148419799776,39926087358921009610358562973943212977185423505016363789312951489112517129455,2026-08-11T23:07:00Z,1
0x284f1a2f2d9d3788da10477617fc876ca47999dd8d3a3548cc6d858d01a8a6a0,mlb-nym-atl-2026-08-11,New York Mets vs. Atlanta Braves,yes_is_run,114365896763773254545521250244657309122396010908622843954057848128295474828870,109637830570271342488553849338124345713818398852101838221666450576418068226371,2026-08-11T23:15:00Z,1
0x2153bb736d12bede8816c8d20b7251b9c37122993adf44a87b8886bbf05f86f3,mlb-bal-min-2026-08-11,Baltimore Orioles vs. Minnesota Twins,yes_is_run,50755455227077636294423639125322758743740494918138284683696823686291224204069,15177579105444210780881156114540754423776139492418892999662175369284453240520,2026-08-11T23:40:00Z,0
0xd48bea6e0808fb67cbf4c0683739da82c54d955e0ab3abf0758820bf77c8b9a0,mlb-cin-cws-2026-08-11,Cincinnati Reds vs. Chicago White Sox,yes_is_run,40292814726928707346676158347462930652187669499629645327519355881192358472858,70287704519755925803787301038389678592822405961763298915446913078656845915804,2026-08-11T23:40:00Z,0
0x9bb15eb50c832fb45c6f38c60dfa9e816c1160dcfd9e9dfc1a1ab02266c89500,mlb-phi-stl-2026-08-11,Philadelphia Phillies vs. St. Louis Cardinals,yes_is_run,98748479432974680301383911714819578188838240474403195038603149486431971511022,105738391841809173094611725409705773444135321831173199749948344869782563818062,2026-08-11T23:45:00Z,1
0x5c91a2c6503cc2e6e77494f85a0ead047933f737466b4574b60d9d92e06e3819,mlb-tex-laa-2026-08-11,Texas Rangers vs. Los Angeles Angels,yes_is_run,14125086319723826363362156589830732829041951102876693274937451052175859808093,56649143514311267653785143108130310813695735746939118577309054705809478406163,2026-08-12T01:38:00Z,0
0x1647d7ac9f4a174ee808e72f09b0d2434193df61ea6f774990567c9071141e1b,mlb-col-ari-2026-08-11,Colorado Rockies vs. Arizona Diamondbacks,yes_is_run,80714846075629515119423653858099764102566471110012684299147564223630025686912,32805036929035024116486000997734554297615275055909613607735798966491676381762,2026-08-12T01:40:00Z,0
0x71b83eddeb2e4f5e87bccfc0257c91e3e90d85612207566b444d74ff3687bb62,mlb-mil-sd-2026-08-11,Milwaukee Brewers vs. San Diego Padres,yes_is_run,101227095941411477693616868306914036834722158669116471623767784942820431314895,45219739491775512076892382602063223931333059039303336068011644281523370466374,2026-08-12T01:40:00Z,1
0xe3b28b5155eb6de5a0675ac8c808f9c89300a13a76bdd21cf1c003593f8b9f90,mlb-tb-oak-2026-08-11,Tampa Bay Rays vs. Athletics,yes_is_run,53682761429724214195781495713160707499580695856232757148297386478259144949768,107920595959486308097662955144581540873449733940749185515265702620776040250976,2026-08-12T01:40:00Z,0
0x74be8d5f1929a927c32bf714fdd0039d7fa06e96eadb1370b8d514cc079c47b1,mlb-hou-sf-2026-08-11,Houston Astros vs. San Francisco Giants,yes_is_run,113985854804427029264123082399719711720044627455720129222706101479999427138872,31739050987138253573053966532171212741564802263365278462319730485835572587137,2026-08-12T01:45:00Z,1
0x075d9e4a9e474429bfeb0531b97abad8973b7fcb173fd8412391a48510568b38,mlb-kc-lad-2026-08-11,Kansas City Royals vs. Los Angeles Dodgers,yes_is_run,8781382189318855213681450385316014605678873827115497559921011750046560085584,48908498549147977497652488657057933798970012761271281436672685425155216948883,2026-08-12T02:10:00Z,1
0x7f030eda03445422687f85275787a2bee53283d7b1623bdc00e8bf15962dcdd0,mlb-bal-min-2026-08-12,Baltimore Orioles vs. Minnesota Twins,yes_is_run,29552460147290069323650070770012116939799733471007886062870781979148307384463,44167578498060236605914289690591986308899126382462008313445132192310338649963,2026-08-12T17:40:00Z,0
0xaebf14d763675c3588bfebd8355ba428b9d068e3d4facfd76e859ae9d8e1ac92,mlb-phi-stl-2026-08-12,Philadelphia Phillies vs. St. Louis Cardinals,yes_is_run,94542701808354107941681108323162591687479318016454130574151509917043314400787,79215959220932882445698589692087393460821367493681558329731954006016069301638,2026-08-12T18:15:00Z,1
0x6e0c686f1b723cb725fcc6293fbba172ff0d843fce14b7b09b25b728f5a859f2,mlb-tb-oak-2026-08-12,Tampa Bay Rays vs. Athletics,yes_is_run,88384493337813107338385025109659922591873877374797248818281791223608689983275,62674827590262236231941044995455908140787900866868201767477498573539686956814,2026-08-12T19:05:00Z,1
0x65afb2ae8b31cbdb73a95fd67e19ade135aef399ed2ffc91c89245ae55327738,mlb-col-ari-2026-08-12,Colorado Rockies vs. Arizona Diamondbacks,yes_is_run,3716756999808320186952412517272139209603994222204689513215930242966025345910,37833039925471455728314933144833891068660666733412659294466325120289303755602,2026-08-12T19:40:00Z,0
0x56eeb2094aca1101b7eb8e90cf6f362b3cc111c4c182926bc73078bf7006bf49,mlb-hou-sf-2026-08-12,Houston Astros vs. San Francisco Giants,yes_is_run,108262696435873137760944695757884467864299737684594231755051859587505505959415,4350197971527831007877519470502303216731380959584687615894359564630411622337,2026-08-12T19:45:00Z,0
0xb3fe77038cbfdb705fc35a7d3217eb4985ef27c0bdd70f3ab4c791ba51fb345d,mlb-mil-sd-2026-08-12,Milwaukee Brewers vs. San Diego Padres,yes_is_run,50931467139846241606786931951815649416869749251025503999801784377172381727757,108871135541462088021694477806514488762493344360648317226912075340989916400482,2026-08-12T20:10:00Z,1
0x10744e73a3b0bce70d2884e5e13899980654aacf805fc8d87acd3f29fffc114d,mlb-cle-det-2026-08-12,Cleveland Guardians vs. Detroit Tigers,yes_is_run,66222692460682309664024145216149577080894716879120095990936228798984274702639,74004430490967376744830470119985931602543100861020504406537267102509828863537,2026-08-12T22:40:00Z,0
0x24e5ce51b94c31662889c5fabacf5fb51ccb6f59c3b384838dd3ce1b68df6aee,mlb-pit-mia-2026-08-12,Pittsburgh Pirates vs. Miami Marlins,yes_is_run,112108218472039406754437458022945213623529192634325051281692846688940238779865,19988981915969172993928409876431059864685056294280544003018251889681124165243,2026-08-12T22:40:00Z,1
0x6d61ce1d91f80a4d7dcdbdccce9d6dc04b3f5effd6799e46b30d5ec4828f473b,mlb-chc-wsh-2026-08-12,Chicago Cubs vs. Washington Nationals,yes_is_run,31991816196369542065339057074955384141891079231389060790481422501764733712351,90335333636516255274130016359386846757854999953604172888074583285602833161482,2026-08-12T22:45:00Z,1
0x802bbc4b0f530d4766a278c956379ec43a85e622e102faae3246531a1aa5750f,mlb-sea-nyy-2026-08-12,Seattle Mariners vs. New York Yankees,yes_is_run,12361284877325680502734598429303008268640920892923727894616340225414230521853,19133714101987346073867875712009157583987786228330720124584709236466792783977,2026-08-12T23:05:00Z,0
0x611ffb7924a36fb1a00a2ea63a7f1d480a1cc312946c505089f13d321b07a8ca,mlb-bos-tor-2026-08-12,Boston Red Sox vs. Toronto Blue Jays,yes_is_run,87188679353395741395780733558942476503864698488508649797887382569704233829782,71891734443400279179105026497120319823863115386844674090237074912316708926000,2026-08-12T23:07:00Z,1
0x148c4f913fbe49f6146bd64c629765dabebc6fbc1a14e8ab022ee3abdba21f13,mlb-nym-atl-2026-08-12,New York Mets vs. Atlanta Braves,yes_is_run,61416414541267128671536384621480263876771880860261297980847828042984105179506,112772780871419194730932577031992318373286706954708500377341281679665009640489,2026-08-12T23:15:00Z,1
0x4fa108d020072a01129787b258f34e3d4b7cd73e65608a2cda51e99dc88247d9,mlb-cin-cws-2026-08-12,Cincinnati Reds vs. Chicago White Sox,yes_is_run,34716664957836926073301605610263686509180220276710220034117786057501348811028,85379543860698090633663922712663637755673427461884062733886303831215949101154,2026-08-12T23:40:00Z,1
0x186770996dc312927721302a453b660d1d36030072b2f1e1ba79339da7dd58ae,mlb-kc-lad-2026-08-12,Kansas City Royals vs. Los Angeles Dodgers,yes_is_run,99651481140947438753570058043672704928627599254691289704363292285604062964996,87857620771398573272176777718777125315569588968026868333543603418928616468199,2026-08-13T02:10:00Z,1
0xd70e7d91a042b0070c0ed7cc2d0eb51ec949a644e274008c961342b80e18087a,mlb-tex-laa-2026-08-12,Texas Rangers vs. Los Angeles Angels,yes_is_run,100434781501288928929968024045806045905042893690196738830764280403609864716788,18591681659705349096350461197858140579744551054502521802475635680667778012389,2026-08-13T02:10:00Z,1
0xdb95d6ea71cb056779d98899a4261f6df5904e6ebf0d24f43c8622fd490d86b7,mlb-cin-cws-2026-08-13,Cincinnati Reds vs. Chicago White Sox,yes_is_run,104098844648828386895023204984861631998599023930129009744905357017193228593763,36166373185117988018031436144249368798525665911217957005783858472836720500264,2026-08-13T17:10:00Z,0
0x2754db1d6357e0d08ff179dc26c294b9e0904a674f22650d392a09ff37df0534,mlb-cle-det-2026-08-13,Cleveland Guardians vs. Detroit Tigers,yes_is_run,34204693573968844008592873807771588642555560271800251927623875535650503029081,86866885810483949109693248480976235111487894033433700310891085647832447701737,2026-08-13T17:10:00Z,1
0xa59850f4d512f0c959621dd256d3afe21d4b15c4dcb3d0db601241dea121be96,mlb-pit-mia-2026-08-13,Pittsburgh Pirates vs. Miami Marlins,yes_is_run,43932603267162287006392756497252975386751076868802557966294320526738338034499,24969855597931933390654915057787674776242323370144014825971829227791845379065,2026-08-13T17:10:00Z,1
0x26628868998480434abef32bae9d9b1c1c34a078a3fadcdc390d494a0ed15a14,mlb-sea-nyy-2026-08-13,Seattle Mariners vs. New York Yankees,yes_is_run,115314222582207135624094495204006410076731806654657701378563225635179220200063,80909774655587828975839696009814014121104548919663890077549893195784849182261,2026-08-13T17:35:00Z,1
0xac6b887073e6bd5135a898bf8c957d8ef77c66f22fabcec104f7cb264886b270,mlb-bos-tor-2026-08-13,Boston Red Sox vs. Toronto Blue Jays,yes_is_run,7581344063508963318092303169042613530175754425606299078258396306922094903893,32134739770137999143100532282371463364295055931683783123143283189564750047200,2026-08-13T19:07:00Z,0
0xe8f9ac004e53882b74f640807c28508728981a3b3f109b067d6acd148e49d101,mlb-chc-wsh-2026-08-13,Chicago Cubs vs. Washington Nationals,yes_is_run,87493677973683714159182099588108750951422994087632522864347442903068891813151,72253511166733118762710891697656147905917751483661637902549951866087594285588,2026-08-13T20:05:00Z,1
0x57f47029363f6ed8b893a1dd7f4dfb7fe2576406bbbd9d720b1cfd87ee3e877d,mlb-phi-min-2026-08-13,Philadelphia Phillies vs. Minnesota Twins,yes_is_run,65944389401950737255694103901579531428031317379610939741105710774084132337487,101381766972519348393164797982848578155674410010435150965683913504374554048580,2026-08-13T23:30:00Z,0
0x9a8ba575e180d116371b8408fd06178e415885b1bd4a857917873f5f876551d2,mlb-tex-laa-2026-08-13,Texas Rangers vs. Los Angeles Angels,yes_is_run,88227192679019064347305691990663624575643894074069752426024515178964322975357,115592727900529394863936008023037400659430301389329401629319928363551780199172,2026-08-14T02:07:00Z,1
0xe5bbd705f2fb8539db8bc805f5abd53984a38cc96ab0c7e890c3795d9b456c5a,mlb-mil-lad-2026-08-13,Milwaukee Brewers vs. Los Angeles Dodgers,yes_is_run,96985147470361704239017674225235365324492469937132017751196859809202969551252,71104573266047729035852580572463068102291516061822691698092646198386276972062,2026-08-14T02:10:00Z,1
0xed9757d7584c36765cd51b2c8bd5bd8cfc05743adb639879c1f6e5b85247b518,mlb-stl-chc-2026-08-14,St. Louis Cardinals vs. Chicago Cubs,yes_is_run,103723758238516880316659078648700551708197825994274537966936673615661279399531,87167251123818537438439403467862771667297842607423480798998041959121291779594,2026-08-14T18:20:00Z,1
0x49f1eab5818c3f209901b4c8c644b0241d365845f9e1f76b675e6c0a8463fe0e,mlb-mia-cin-2026-08-14,Miami Marlins vs. Cincinnati Reds,yes_is_run,83000050815358412519520707137671007355676710181938771142442370279222758061150,109944115330039808300524369820818570630081472395187396117696203620792739544545,2026-08-14T22:10:00Z,1
0xba4cc86b42f8306fcc9295067fac67df72b41cb50ba9d84c35634eb6e4c6554a,mlb-bos-pit-2026-08-14,Boston Red Sox vs. Pittsburgh Pirates,yes_is_run,56852016448306999435470605394028252248286957676953227506489161993439442946668,94527997374352354888203240775760434035674545699756015836743681768393419769368,2026-08-14T22:40:00Z,1
0x2582b0733fcd26b1a5e97ef5820ac64d7fcd42e9adcce0f97b9fc33a0a576af6,mlb-cws-det-2026-08-14,Chicago White Sox vs. Detroit Tigers,yes_is_run,47776442351121339130211453159864576750190997811956115300640144020515068141687,26546731057308556221519672063425475041138556717698616057464347327690283059634,2026-08-14T22:40:00Z,0
0x5dc1b8baf9b5d2c69e6fc07b44810d4ff6642a9541aa4e6e0e5163237dbced9b,mlb-bal-tb-2026-08-14,Baltimore Orioles vs. Tampa Bay Rays,yes_is_run,102933888627397202537046083763170001816590844910575007810192543593505815740392,103389506233312359845769617137189734465308992442870028318751288970306101377921,2026-08-14T23:10:00Z,1
0x9275760b7558d082fce8662d06612491f20f9d1e167a37fd3981f3a4a88fc816,mlb-sd-cle-2026-08-14,San Diego Padres vs. Cleveland Guardians,yes_is_run,66634077994446349140830127213043175797776501291158658052596586603330260245873,14390215203987383084390471456677900670187681858481807015051818846980049208240,2026-08-14T23:10:00Z,1
0x2c672a23f36714a34fc3383a4c30de2faa74b3833ebe23daeb56d919cb84083b,mlb-wsh-nym-2026-08-14,Washington Nationals vs. New York Mets,yes_is_run,52336144527265806829832551685968513403710949474674424403407985508755150616174,80123706635860210545226397406708499660282386985092464331622523101306398588655,2026-08-14T23:10:00Z,1
0x048cae732a97eaf715e6cabb538fa471f2764179a6f6aadf1c3b72c80255ab32,mlb-ari-atl-2026-08-14,Arizona Diamondbacks vs. Atlanta Braves,yes_is_run,54651966923492666290518325100566399313020579133783160129395463414515512250081,55126252257129264775225031152479392438348355931226119441226353309853812639348,2026-08-14T23:15:00Z,0
0xd9c73e087edd9dbc98d2ca20230175534bb1b65b3d832ff19d3c4431afc2716a,mlb-nyy-tor-2026-08-14,New York Yankees vs. Toronto Blue Jays,yes_is_run,23555698708745452248690299381052816405030968165566344595724325725155914080766,60723177158837711582343501841589467431960777198054819941766165966194016745086,2026-08-14T23:15:00Z,1
0x136246b5f3416e094d2e1ff893a412896bd159a3bf5c734fe246d88de5b5db4a,mlb-sea-hou-2026-08-14,Seattle Mariners vs. Houston Astros,yes_is_run,76846388375196046176537806435518471299307790063881498731992261596908029778343,10943487766398263364373865699621929630024397210370771859972713861049686711386,2026-08-15T00:10:00Z,0
0xb499d7ba273fbe585259f9b810f4e7d35c376ac164987f815f89973fcf573776,mlb-kc-laa-2026-08-14,Kansas City Royals vs. Los Angeles Angels,yes_is_run,25042553599090352307939074144823873292314193738797355653594027631671302248946,93451122582394044046901820978615974938278650504384503819225327941113693383457,2026-08-15T01:38:00Z,1
0x8937190b1131a0a9c91f3bb4f54e3b2b221162d5ae44d9d36f51ac37774cbdfd,mlb-tex-oak-2026-08-14,Texas Rangers vs. Athletics,yes_is_run,642870069427715154100786309501550912922845748311187686614847347151081158024,40760371169447872307135293817505305607352531304716948336412576682709928798625,2026-08-15T01:40:00Z,0
0x4b165cf3fd87b43f276dda28e44e1e92cbe9bc095c309d6701ec639c7f4d30df,mlb-mil-lad-2026-08-14,Milwaukee Brewers vs. Los Angeles Dodgers,yes_is_run,4117663907023173206324630700928494009016000815933023583537433928786955392647,10066324239762843015412537197481611395732326772262271573803066854331885897889,2026-08-15T02:10:00Z,0
0x97a4227dc5494ae7237522a554a0ff56c3e88207f58138ce8fd873ab30d17ce1,mlb-col-sf-2026-08-14,Colorado Rockies vs. San Francisco Giants,yes_is_run,105592883251148983920077315765226561465772542110702684575746363866344547409225,42344924174482463822916603555201317296654771359409268442581282783774957654613,2026-08-15T02:15:00Z,1
0x32e7d0dfdb184b6749d0c29f65abf894efc4f30f97e3302cbef1ca3948ef6053,mlb-cws-det-2026-08-15,Chicago White Sox vs. Detroit Tigers,yes_is_run,57410668563289163605568484228953089096107863658362084072605817806220223243391,62378821431995375801403622064954923989621289230388910993656916134679580596915,2026-08-15T17:10:00Z,0
0x3f9dd0acc8cafebe08c514342fdb609e938bca2b533e978d64fda0e65eac278b,mlb-stl-chc-2026-08-15,St. Louis Cardinals vs. Chicago Cubs,yes_is_run,104532392647294071678090566824378252643300666757475831890521955642926244234709,70167535340980277036663615522399755944962613605840170857836301630915740372504,2026-08-15T18:20:00Z,0
0xf9806c6e281a4b69fde77a2359fafb96ccb8061ad662829ea654a1d23d201740,mlb-nyy-tor-2026-08-15,New York Yankees vs. Toronto Blue Jays,yes_is_run,62212878505158880006072949196875738928131569712422226392717145134879638552492,47698390473653669881124848971656577809476467385309475655896128899997607453790,2026-08-15T19:07:00Z,1
0x8f6aa11963d353f2d87f93d53ec5b26f36af01ad002613399c94935cdb44fdbc,mlb-col-sf-2026-08-15,Colorado Rockies vs. San Francisco Giants,yes_is_run,72116356173042822538235994863523783637124133508504326711915252193211878465658,40002369850521811193369287955319131933104359081072123055872321830255865012491,2026-08-15T20:05:00Z,1
0x0a29a5aa62ce44f0c01c77df2568782c94ff8eb6398326112c3a687e12360db8,mlb-wsh-nym-2026-08-15,Washington Nationals vs. New York Mets,yes_is_run,1249536615753702309623435575594042358995965878034869873964444320921404535984,46599856926770719874502182647452117641090363134694337922720923631103926728691,2026-08-15T20:10:00Z,0
0x6f7d66b9f577cefd61dc26f0375939af9172bc73c3f7ed5a157036520a05dd08,mlb-bal-tb-2026-08-15,Baltimore Orioles vs. Tampa Bay Rays,yes_is_run,13679110288313284852718897218198993222509983896007835712011058246248270256254,13413017276430147651936419022141606380650273963052818271306201657728041509062,2026-08-15T22:10:00Z,1
0x7408a369b17a54a66ae31aa8499ff321dad0f46d8bac08bc3cfacf5f11bd91b1,mlb-mia-cin-2026-08-15,Miami Marlins vs. Cincinnati Reds,yes_is_run,90440938185258227440526857789796441363290154504275808427365954423396872413063,105626758722898922567924552232011163208275682724762574447844794561605298487720,2026-08-15T22:40:00Z,1
0x24eeec6bfafa68e7abc42227d127d85ce1ab17a943867a9ad1526def812e82ab,mlb-phi-min-2026-08-15,Philadelphia Phillies vs. Minnesota Twins,yes_is_run,88649041427311426247511353844076739335282699751968642701868811726468024990801,107090773287824254711690279922194951446971976833798035762358537459698725963597,2026-08-15T23:10:00Z,1
0x52a47057de846b45d9b3b81e1c9d1113d74f6ab83aeb841c21d60bc8a746194d,mlb-sd-cle-2026-08-15,San Diego Padres vs. Cleveland Guardians,yes_is_run,90056945715932043829616216725283748911685908497430237126500936448152377728506,14855916959297771359520239953122860249746197020272370280842345830907335970683,2026-08-15T23:10:00Z,0
0x7e67ecc85c5d480b932735859c1748201e8ab47d185121c724343d1b3b82ecb5,mlb-sea-hou-2026-08-15,Seattle Mariners vs. Houston Astros,yes_is_run,39657333942122060665159610108665039774346545431841327591284668556396903512205,22921787104950528989496298869657095575637950292956683822071165883298137200494,2026-08-15T23:10:00Z,0
0xd0b9b59a565f95d9b29324f31b7ede12723d7935c19660555c99672ef8159b56,mlb-ari-atl-2026-08-15,Arizona Diamondbacks vs. Atlanta Braves,yes_is_run,13448524031709684986652573533648264176520715203874907335676515549388697532055,67745668345811167065399247760905430194951758960400851088495804289383177960781,2026-08-15T23:15:00Z,0
0xb910bba8a7ab187c77a3e4981cdf00b3262ae0c867d7b052594ab5cff5d0e558,mlb-bos-pit-2026-08-15,Boston Red Sox vs. Pittsburgh Pirates,yes_is_run,102564664617408197283344184894775592249251026930357439893175503058437771416578,98410982440998845363962700183155111786278036459884019706772954217798056025879,2026-08-15T23:15:00Z,1
0x155e4e0f984cb19d328f532a8b35bfe8a3ff0d671951df9a695ef78686066eb4,mlb-mil-lad-2026-08-15,Milwaukee Brewers vs. Los Angeles Dodgers,yes_is_run,99712125288918791730395329057744653194464743566054911283247973724190836416836,87132849479135692928331927051366455055179479866276491170973410745091869872633,2026-08-15T23:15:00Z,1
0x2f8fba62079a6a418c8f51274b0315d9ffa816738554fc689559a95e6403690a,mlb-kc-laa-2026-08-15,Kansas City Royals vs. Los Angeles Angels,yes_is_run,52458594243832309137140181861596937480197374311362825427223440476851037231725,17642623630371673372390448441949392785751423460410061404429531168774063474523,2026-08-16T01:38:00Z,1
0xacbcc1017b2d374a783c083cbca453e25d141aafeb07b9702fe73f41732c7247,mlb-tex-oak-2026-08-15,Texas Rangers vs. Athletics,yes_is_run,108921524870348161993500014089379407205523435476408193438133702944295475759205,22454139176487377202153714467321133993003002948700507077598779167994281775787,2026-08-16T01:40:00Z,1
0x8c8a0caee4461500084a99ad12b6e23a08a9c3f8f948cb4ff2ff2d433703db47,mlb-bal-tb-2026-08-16,Baltimore Orioles vs. Tampa Bay Rays,yes_is_run,36606457532303734024107849995301794384084507334788976697530402108875372262446,16419459672171845687009129859509788548157150911528590146959908048568870977742,2026-08-16T16:15:00Z,1
0xd59711df5a42720d816a7649ac51a18ea13607ed63d86f8ad83a10e2728441cb,mlb-ari-atl-2026-08-16,Arizona Diamondbacks vs. Atlanta Braves,yes_is_run,101846653749971740638617270740091569230277843198609432701283000075234693142826,50824139850639095469425853886714660879247801053200454334082232923193772252907,2026-08-16T17:35:00Z,1
0x2f675713e55d7c3cd8a22f9e080ffde054cca194c69c0ab8862d2c16f09159df,mlb-bos-pit-2026-08-16,Boston Red Sox vs. Pittsburgh Pirates,yes_is_run,35119522392868029502702137397390481844891227080943225527521753910513817149459,80285182089973504635276496009248346028999914761060631088190915692858457464468,2026-08-16T17:35:00Z,0
0xe4bc68e3a572025f5f0905aacf4f75f861db604775c94d4bb02e09eab3712b0d,mlb-nyy-tor-2026-08-16,New York Yankees vs. Toronto Blue Jays,yes_is_run,31645063752580227872545362876407275403888229938741936251749880912356382373534,42379097596233056473253917764939691779668459278912781338486188770015537650745,2026-08-16T17:37:00Z,1
0x02cc63413e1c0aa33f305ffa96af575b8bff819aa787d073781a78a9cfa790e8,mlb-cws-det-2026-08-16,Chicago White Sox vs. Detroit Tigers,yes_is_run,37631952488731119644450778316763908032008210714095362062497730389348076632686,62666027337789951226394424733876823635631254886162143322194477057902184481384,2026-08-16T17:40:00Z,1
0x4734280ccd8ac73940161ac533104b7f83888acefd6da06bfd7c0f9aeb0473d7,mlb-mia-cin-2026-08-16,Miami Marlins vs. Cincinnati Reds,yes_is_run,61167516189470275737931793587510671459913176133971084835464450313768187041889,40294504227998611666244619273895432984149479260445180542078746891638727496683,2026-08-16T17:40:00Z,1
0xbb6dd34965a32874e124e9746a96020f169b7e5064f2f7f68f13148f082abc1e,mlb-sd-cle-2026-08-16,San Diego Padres vs. Cleveland Guardians,yes_is_run,65809804771004790781971328088593646203849914961835842624685104798837832177929,61449637139189293250485435728970701218026242642916079415623110008482663422688,2026-08-16T17:40:00Z,1
0xea4c6230be8faeaf30a6cf7270781544979e628cecc755e5f3f9c70a0b6632a1,mlb-wsh-nym-2026-08-16,Washington Nationals vs. New York Mets,yes_is_run,110283543977052353965133539537534929282802808831922496358525659053606987205480,21327923538613133357655228365769097174367561843279257182291652955332602630708,2026-08-16T17:40:00Z,1
0x0d63c8b78f9180a4f41c1b38dbc90a587cf681c3a44b224d19bcfc32024daaf0,mlb-phi-min-2026-08-16,Philadelphia Phillies vs. Minnesota Twins,yes_is_run,25264024315101702911950970692750933468495857939762897503236622800904546403162,86159535684947339436819013298268267370456572243431330478672899357940434869469,2026-08-16T18:10:00Z,0
0x852ae3b8222a81703edb138429c976bedf6a09fac1a9f74c5c6dfaab266699f3,mlb-stl-chc-2026-08-16,St. Louis Cardinals vs. Chicago Cubs,yes_is_run,107259555910865845569439443186604088172742101570805937187976276180957689513595,52834771132407425259458162961348204899570080976620450201571651936189194152522,2026-08-16T19:15:00Z,0
0x7b124f6c98fa571f58e111744799b7b41557c1109d9cc218ba085dd341677aa1,mlb-col-sf-2026-08-16,Colorado Rockies vs. San Francisco Giants,yes_is_run,28319798221425893347104106337851549113210894341130891300006047371999214669970,6716625715451124848466635610922857892213660512532320640849202488177507819905,2026-08-16T20:05:00Z,0
0x8fceb91f0ec93c46d069c4c8ba87f6bee044507cc5b286ab3634f675340b27d2,mlb-tex-oak-2026-08-16,Texas Rangers vs. Athletics,yes_is_run,9995672652548139614137368180815864029956033796696336749614049996905365640362,28986739970799493539439234616396754808983929981867077032893601623991732414607,2026-08-16T20:05:00Z,1
0x56654fa567e6af12352a45ae2df326a2d8b2132e5cace9d394c53afc70f0ef4b,mlb-kc-laa-2026-08-16,Kansas City Royals vs. Los Angeles Angels,yes_is_run,95660743374336832578566840755506723496714250256968517155897445024685981946998,70876078719016438965902733665093450865646466632953768733038571589945600265709,2026-08-16T20:07:00Z,1
0xcfa026318c103bcafd6db0858ff8604ef8152980c6ec474ba84be66358f98b31,mlb-mil-lad-2026-08-16,Milwaukee Brewers vs. Los Angeles Dodgers,yes_is_run,69368790883496239603593421907509314178601581444570520833623498231626712692588,59412982544275262344819085646935569379656082438474620552841098281936396133498,2026-08-16T20:10:00Z,1
0x81fc85648f86b8f6a80fd23f6393a58ed7402ba1ad61ef571f37a0353344b6c8,mlb-sea-hou-2026-08-16,Seattle Mariners vs. Houston Astros,yes_is_run,73091072452015833226501941046981706778389078590451018383278196093294014739953,88957422539678032769992589426459947032829698965820073969649553877107887046113,2026-08-16T23:20:00Z,0
0x0736763450f5c391d6163ff2aef3c46cf0c21e458378d007a8cf1417e4f67728,mlb-stl-cin-2026-05-24,St. Louis Cardinals vs. Cincinnati Reds,yes_is_run,57855956967112241255379025558110447564793376386303629453627992316493769341978,27648807438172164803667832115245970763390215262006347799478069611013895963107,2026-08-17T17:40:00Z,0
0x39786f0f75ee9c3cba93eaf45b5aada17f805c03b6d9b0b2eb90b4d14ae56cae,mlb-bal-tb-2026-08-17,Baltimore Orioles vs. Tampa Bay Rays,yes_is_run,99819745768422188088218142295866456112511096146128560298770821722877374187755,105061650047541388124520072784207458834284469227626820032349678495067996427084,2026-08-17T22:05:00Z,1
0xb6383ab3a1fe496e7edda614bfe3e065a2c197508a1a3c7358ef637574851e4f,mlb-mia-phi-2026-08-17,Miami Marlins vs. Philadelphia Phillies,yes_is_run,95312923945266861317088903231511095152153069405991130505645937361551683763802,93958972194064624992431060661503530078512428329448625624982365449372514597695,2026-08-17T22:40:00Z,1
0xa1c37c299edf6861f0319657c5899b6798e485fd04fedb6311c382fecc6314e8,mlb-stl-cin-2026-08-17,St. Louis Cardinals vs. Cincinnati Reds,yes_is_run,96736251524194892978602495129697328101709637079767982340266457854987032299193,34317759837422319924098433091052352891235435028720985275104151726372940091283,2026-08-17T22:40:00Z,0
0x846be4d7fe2d1ac340223d02711e01e7b321533e99158c50a0fc85b5241c1b75,mlb-det-pit-2026-08-17,Detroit Tigers vs. Pittsburgh Pirates,yes_is_run,47128758041742625193673840524887190469429346564490516628340073814514981297010,74649779090512436944672707308792124769718085608810622819589234627075392442541,2026-08-17T23:05:00Z,0
0xc401019ee0b02dd6b668e8f8fd227e9a41e983a28279b7a9991dffb8aeb19152,mlb-ari-bos-2026-08-17,Arizona Diamondbacks vs. Boston Red Sox,yes_is_run,98062260273466910412414905798678794030442405689056007748708045032768169261563,73116274308565710088897438497786137827659967495302806585023813727180002331268,2026-08-17T23:10:00Z,1
0x3b67e5e8656e86ae80a28cd8eb4092176ff89c0b658420e81b99bd75074cf3b6,mlb-sd-nym-2026-08-17,San Diego Padres vs. New York Mets,yes_is_run,17132215485686595532780200189649488136936673623304341548224260122822231113657,100874309292191757473715073168028816212820029196881939365670591418984847855588,2026-08-17T23:10:00Z,0
0x045c4c2365425d79d5716e7d7f54422821cc770336c7ab2d1b7d14fc75c6aa1a,mlb-atl-min-2026-08-17,Atlanta Braves vs. Minnesota Twins,yes_is_run,87740948910371395836928865889575010468061662158204060082619098179744378870296,91062361392287070563246613796484527718072692751810910191400634723989405266287,2026-08-17T23:40:00Z,0
0x4d1dd06df2d9f806ada1f46d7740e68d76615481a861c8721cb13cfb2a208f73,mlb-oak-kc-2026-08-17,Athletics vs. Kansas City Royals,yes_is_run,89810596960941886428075336894501138165283175816923179297348256112999334171663,43953858209542797219617229693685365836905619618627860387253436288990496541812,2026-08-17T23:40:00Z,0
0x03b3e8059cfe59d37bdbe9231f806023223466d1f0e101945023cfb41e823ca3,mlb-cws-chc-2026-08-17,Chicago White Sox vs. Chicago Cubs,yes_is_run,77111945035318844127426269913543538402227648708872252887570330848217136052979,67829030934640675976084677106161836063095740313259024368297695046446752188009,2026-08-18T00:05:00Z,0
0x7708ed95fc8e5009c94a84b8fe796e7efdbbd556efeca02d7860793bff13cdb8,mlb-lad-col-2026-08-17,Los Angeles Dodgers vs. Colorado Rockies,yes_is_run,5358280782814463317901335079272988485507810982717078398952846628963690034863,25726271236697642171022557867597476996096005698499018029571149784319072028260,2026-08-18T00:40:00Z,1
0x611e0521e239d1dda607f381f5f5ccd7fb77f3709f68ecd0cd8dd9c5aff36870,mlb-nyy-bal-2026-08-18,New York Yankees vs. Baltimore Orioles,yes_is_run,30511540275533823255035091140827580091041177347069347908101405362696464040384,37143129444104785753079736894298810951097907943713895373799682689156442186595,2026-08-18T22:35:00Z,1
0x0e29c4af27d3b6c44295016e05c7500b58fab612be8ce122502147b176829233,mlb-det-pit-2026-08-18,Detroit Tigers vs. Pittsburgh Pirates,yes_is_run,29014986657764079903718249730531613120310600279535325279174957967948709360701,108319803439969504787215902823557238381526375872421539328065937163700538637291,2026-08-18T22:40:00Z,1
0x45f9bf3390c21deaf5401c9e24824acdd47aa196c061272e7ee8404ad93289c2,mlb-mia-phi-2026-08-18,Miami Marlins vs. Philadelphia Phillies,yes_is_run,41411168752260708025209652651444948722762709454332124322353096281120524977425,78717689703382629784813886812496973709641764659963438758035386099050078677354,2026-08-18T22:40:00Z,0
0x16393095b53b5e9c7bf62077220390d6020acebe8eb75135db1aed22317150c5,mlb-sf-cle-2026-08-18,San Francisco Giants vs. Cleveland Guardians,yes_is_run,8601840553033026488493099435025374675517790403548931732643030292636644371131,91327100305624476961093727758826077341160920399295905405277712986831014360672,2026-08-18T22:40:00Z,0
0x6181a9bb594320e72ac517f3edc60e86b8d88db76656ad689018969a6dbbd568,mlb-stl-cin-2026-08-18,St. Louis Cardinals vs. Cincinnati Reds,yes_is_run,64522742335787184031205539711347342141520607298438856599339185846271096544483,68932725638130543823350968475249447102898177204099095433203584386821469218055,2026-08-18T22:40:00Z,1
0xbf1ea06dd00b983d317822e31d8a3cec81dccba15e2aaa8cc3ce5458c0f489c9,mlb-tor-tb-2026-08-18,Toronto Blue Jays vs. Tampa Bay Rays,yes_is_run,20251501485231650136210192753844960317459835708407971070711766618202019919810,99280685397444285219440073669002972728877166425793850596515616299182644313358,2026-08-18T22:40:00Z,0
0x1f2dc3bfe33942347d745a55dea21b9f60a3f30cea0a4098ad626f817e13d79e,mlb-ari-bos-2026-08-18,Arizona Diamondbacks vs. Boston Red Sox,yes_is_run,84616956524356360156602136826523423854899149062923897316102350567883994411248,14403122191770261027410806650610265790163951109244932781029585890720036690531,2026-08-18T23:10:00Z,0
0x3dd788c6c0f9aaef30b04dd451253bf86dab5ff57c1306c56bf3c2ddeefef3c5,mlb-sd-nym-2026-08-18,San Diego Padres vs. New York Mets,yes_is_run,44347542791237962496226696940041985162312098422246199069481544263375461695860,109273306201035508914710976991606453350907786816902562794562939875824982947051,2026-08-18T23:10:00Z,0
0xb44bc473544d5d07ec17c5cfd234fb96ae723cd88ff39a206ccfdcba06ae8635,mlb-atl-min-2026-08-18,Atlanta Braves vs. Minnesota Twins,yes_is_run,70675789348967906783866268894324671375680621079904248054619883818683844440560,27588595475626587773935403586037170765089092696327381717720288984729991757451,2026-08-18T23:40:00Z,0
0x9a1f320ef8015e36e98795787b471dd450dcbe364ca0244ea09519777ebf00e1,mlb-oak-kc-2026-08-18,Athletics vs. Kansas City Royals,yes_is_run,89292830308325908398766583781101702294989021863527447188730246211578317881347,22136246789079043404880236798089814134730645819491544405795640184954399818276,2026-08-18T23:40:00Z,0
0x7b1e2e508b6e0470aca78b3b88a8bf2ef702804c4c1ecfe04074918d762c28b4,mlb-sea-mil-2026-08-18,Seattle Mariners vs. Milwaukee Brewers,yes_is_run,14414538676234309975682362103223741845173260902571690242413402897701787117708,69535884846909959722988017517579968407131053513740302291447595555667870111202,2026-08-18T23:40:00Z,0
0xb861e9af276f66db876859008382da80b3538ddb268095c78d2bc98b837904d0,mlb-cws-chc-2026-08-18,Chicago White Sox vs. Chicago Cubs,yes_is_run,13808535521162788449345087550792970795540054549305875384986950169061688434876,56948702131337535289264888988205402551176179058759725245721865745415317147208,2026-08-19T00:05:00Z,0
0x242c72982f8a96568b96b800016fabea22b282e7cd061f7abd8a5873b4c279b1,mlb-wsh-tex-2026-08-18,Washington Nationals vs. Texas Rangers,yes_is_run,39265897858362900736137616538639052676314311583994856755256909153499527235686,74053476081706628494356404629268572067438756292284166126880947618054491671980,2026-08-19T00:05:00Z,0
0xbf13cd613dd58608287baf57ab0b15beac5c4c57b91c76d38ebc3616c57eac29,mlb-laa-hou-2026-08-18,Los Angeles Angels vs. Houston Astros,yes_is_run,2864511030529045631630612242786571402418891420857339344531718321851884801691,3693249576041735626825937214409510072561911173491270352721276094374374375013,2026-08-19T00:10:00Z,1
0x47e6cec95c6fdd757b93f5701a2f8f77eba7defd42fb35d4e2cf317f092d220e,mlb-lad-col-2026-08-18,Los Angeles Dodgers vs. Colorado Rockies,yes_is_run,82815343051897704775265761129259663473034877326295388734644656359120330941444,94517194479417755049756226112948408256161191830616397265691424938446091248173,2026-08-19T00:40:00Z,0
0x5d7f876bcc8fea7729481b72b294e52ee2af768a4cb6eeb249abe86ed8842c67,mlb-det-pit-2026-08-19,Detroit Tigers vs. Pittsburgh Pirates,yes_is_run,66653897261107480780828704478835879495623179633430480397685131897188355638784,18765632976296507729483266659179346635559640696960512838540477275680862336082,2026-08-19T16:35:00Z,0
0xf5e3097437481edd84a282bcd5ea103130b6933ccb278bcc033536b5ada1672c,mlb-sd-nym-2026-08-19,San Diego Padres vs. New York Mets,yes_is_run,15438063742632208401650965166155624124255542300070208180921305961379693563228,2930458743761251498621365398670457762273070351595275196632474343328944451136,2026-08-19T17:10:00Z,1
0x033e18f1b680d77ca86ba34584c0a82d724c02c68e9d23d55607eae02f9325fa,mlb-atl-min-2026-08-19,Atlanta Braves vs. Minnesota Twins,yes_is_run,37467977688274197400438839735044471429188788889917862649645994891620992700280,43728480596217320629160712176696028156637367772992864478631738714518124602126,2026-08-19T17:40:00Z,1
0xeaef1a675094c3b64fdafd7c80fabfd0259d7c70a7058e391b6668c8feabe99f,mlb-cws-chc-2026-08-19,Chicago White Sox vs. Chicago Cubs,yes_is_run,38972575431006248272179629646776086560378210135927361436455629939660535655753,89297176024977279516447191320953687364403342004918772870569073714498733371597,2026-08-19T18:20:00Z,1
0xaa59ee6be0fecdae80e56c9736f8587f5e9f999af7fb06fdc6190d8ed6669522,mlb-ari-bos-2026-08-19,Arizona Diamondbacks vs. Boston Red Sox,yes_is_run,56047478694021589552580298095463267163377495183495267299139862091212099405911,70224966387791416488141471108840677318266100146525428028140001441127560703620,2026-08-19T20:10:00Z,0
0x7f7091513311c523c009f7e85a98153829b822b2d3ac35f0ecd77f3a1d2abb44,mlb-mia-phi-2026-08-19,Miami Marlins vs. Philadelphia Phillies,yes_is_run,41169147187794146905994973193208710127304943649333314833614896470270249377579,13555827834910602745216521305158146321323711308377517730241889990958120077751,2026-08-19T22:05:00Z,1
0x5a16b76fadffb1f86b915b941b8eba0b1d67e5966ddf164498315a8383395c03,mlb-nyy-bal-2026-08-19,New York Yankees vs. Baltimore Orioles,yes_is_run,71139323695668868702804141849185454091910459730667226047151869016824195680554,23121807074768530348958953455033038525789205809575583236604109488799844307823,2026-08-19T22:35:00Z,0
0x12a5335f8fc2b2ee27dda4ef8be8624962748bc2ad3efa8bc1767cb768005678,mlb-sf-cle-2026-08-19,San Francisco Giants vs. Cleveland Guardians,yes_is_run,66815263208355981788998023501653222584761420047983757160540349089319578634698,52304708755119503779194179258655765888629093999196427193252817686988824526831,2026-08-19T22:40:00Z,1
0x59ae67698a8d6ce8148fe7511c1316632bc6140c16220aa1e64a440bac3b58c4,mlb-stl-cin-2026-08-19,St. Louis Cardinals vs. Cincinnati Reds,yes_is_run,1680272197432537786693189842992747334829251812874884136415019551496274866503,83634008750882415508945724182372879174826740033700109841995293167151398215013,2026-08-19T22:40:00Z,1
0x8d0e02e9c97011925a8f6fb93bb3de31e10d0e3c6f51b29f78594b90000834c5,mlb-tor-tb-2026-08-19,Toronto Blue Jays vs. Tampa Bay Rays,yes_is_run,94562259099116196806986238750849740775474620259606036135929511606102994230864,39806135643038845266838501465797348352322190317549688618608766513929849815314,2026-08-19T22:40:00Z,0
0x2a046838b2720428684f7677695a3134a1d035a6c3e37137b2a5c99270f03511,mlb-oak-kc-2026-08-19,Athletics vs. Kansas City Royals,yes_is_run,68492212311524656663158540117661251697048069509560410426021254788291947761676,44915238008472656846345434180553132212705813147731104499709929700252108607616,2026-08-19T23:40:00Z,0
0xf3c2d641f6f098bf973cdfe370b7dc8acacce7e81654ed4824d76ba3a2d7222b,mlb-sea-mil-2026-08-19,Seattle Mariners vs. Milwaukee Brewers,yes_is_run,8262333183363669702103199588408425584517975943547086467486862225056449629470,98322319884634915885960052264044921378465537226004291032061773746234722616044,2026-08-19T23:40:00Z,0
0xc4abf0ecc12637f38368d1e4bf21f3e3fc5a20af7ca956766762f6aea12cf270,mlb-wsh-tex-2026-08-19,Washington Nationals vs. Texas Rangers,yes_is_run,20123265772058159220682399846945306045257132152369234413365246896083148601403,37061702022529867820692318533899777126248246615816305706081828219258185327177,2026-08-20T00:05:00Z,1
0x017393714671baf7ba1ab9285d3e7e5e66bd668984f66582745b4cfc11f97b34,mlb-laa-hou-2026-08-19,Los Angeles Angels vs. Houston Astros,yes_is_run,86566473667982189442953359646299459003551180803418143561873624028683412991111,84602901860846424641279162151549748877076479043771694905807681999525607332328,2026-08-20T00:10:00Z,1
0x684cecba2fd21590268b2f53a714f3a54e97ff81baaf0c6d85c0c31cfb2db440,mlb-lad-col-2026-08-19,Los Angeles Dodgers vs. Colorado Rockies,yes_is_run,49164688497013303696945580471796376712257828307549910779961676698853257974868,79583218007728950701499604029999074343574359303925713531092599124562992284441,2026-08-20T00:40:00Z,1
0x12c5662bf95177737b0f08be79838b522b357e72a573d11045e98ccb83de7c6d,mlb-stl-cin-2026-08-20,St. Louis Cardinals vs. Cincinnati Reds,yes_is_run,17117184184331419271431581549178335211084267156439524862267545506783555408569,111953950384382185250816803752259611695828695545381718780478491381684053412473,2026-08-20T16:40:00Z,0
0x0c4e56380577959cdb23ca13ae83ee189631a2346aa5bede4708a0cd2794bfc3,mlb-sf-cle-2026-08-20,San Francisco Giants vs. Cleveland Guardians,yes_is_run,103652492828655206156977504866434639508171413247446237581089112281744643168175,58284608497801934619332952274338226698891213602753990083363704452000034744279,2026-08-20T17:10:00Z,0
0x24b5d3384c1aad5b377504ba63248a786849fbad5e14bbe58ad697fa64b11180,mlb-tor-tb-2026-08-20,Toronto Blue Jays vs. Tampa Bay Rays,yes_is_run,86174524720879621551427855929466316406084683995979843436394124299724100381843,83993606310700345207098690073222660027001072679980711676525421953226307501711,2026-08-20T17:10:00Z,1
0xf456b7435cacd931e32b62e2f7b11b1d5238fd9903af3412b3a6906f247bfd4c,mlb-atl-cws-2026-06-11,Atlanta Braves vs. Chicago White Sox,yes_is_run,14829527806207732368021275198193035282816894049281063763683739570833178921439,15835856041639247957361047654390706394627665340954372148816780747790179855801,2026-08-20T18:10:00Z,1
0xa646fb264957b06509ed76eb025bc111ae329c5a820c27a5fc1308018ee744b6,mlb-oak-kc-2026-08-20,Athletics vs. Kansas City Royals,yes_is_run,5906408787623925027626761662413982498420582359345583562065113278871395520406,90254049706049153220484335291946530856390302521892576124447813105598063992894,2026-08-20T18:10:00Z,0
0xdd69354f37f2874ca048ab5a54920e8319b5e86622b1654a3d58c3c2ecba3e37,mlb-sea-mil-2026-08-20,Seattle Mariners vs. Milwaukee Brewers,yes_is_run,20167345899608597260821992704605177271747283035972732829841553856782733405604,70758176312826904234996412102182023205061992279884848794573165172312493838958,2026-08-20T18:10:00Z,0
0x0b209e01312f6fdced9030c37d4f5c2b1a3d13492d4ccabb2fad379fdf47b0e5,mlb-nyy-bal-2026-08-20,New York Yankees vs. Baltimore Orioles,yes_is_run,84760609448589772451805979078999352790129538793384329013340371970873712182302,104458838389191420350683566960662020703079032091987537549064775651532924538289,2026-08-20T22:35:00Z,1
0x6228444e01baeca433e13b948f0da43009d6538c0794f212fc7c5eed088d9a5c,mlb-wsh-tex-2026-08-20,Washington Nationals vs. Texas Rangers,yes_is_run,37785650201319884012720167489310316997195659605884122548462143570972862419854,105589664018925572955137692301272636227905094022928904351012158659147367528257,2026-08-21T00:05:00Z,1
0x89dd519178a1075e3c146cff9c9d02bd6ac20548542f28925571eac3519cbe89,mlb-laa-hou-2026-08-20,Los Angeles Angels vs. Houston Astros,yes_is_run,28792923352530465079370843825050207546832834420255328960081075202959126987157,90778723855321383587958128801112989008675723831844578392799962767860567623959,2026-08-21T00:10:00Z,0
0x610fe6de6052c84ac9beb69bd316f98b240b8d29843a11b57acde7efcea07ecf,mlb-atl-mil-2026-08-21,Atlanta Braves vs. Milwaukee Brewers,yes_is_run,78005085220373855574769603821207801646880233308377015614568204220939863037965,105405904297494429709018981396125678919511582852189531049679336863831294816390,2026-08-21T20:10:00Z,1
0x654a8dc95dd26b6222a50d4a826cfe1e192b0712d29a3a6809cf62f96e946669,mlb-stl-phi-2026-08-21,St. Louis Cardinals vs. Philadelphia Phillies,yes_is_run,68103820272569157984250537961725725604635142182806917820984421661899367021614,79720167590854794161947719744990311391548554284619182384762166619237398602240,2026-08-21T22:40:00Z,0
0xd683f46f92de1cf7c44791eed506e02719099171cfc4e36e1ceaf7fda89e8d94,mlb-tor-nyy-2026-08-21,Toronto Blue Jays vs. New York Yankees,yes_is_run,23561053198045996361430784456441865333688474948177590772351504936356879559488,5559224342796559801881850892581834022173132184926542049200610225325325641835,2026-08-21T23:05:00Z,1
0x2f98a828bd720c0f6d974d9e3c7729de9615ae9e88a55d6801755cfa480f13f8,mlb-sf-bos-2026-08-21,San Francisco Giants vs. Boston Red Sox,yes_is_run,53469519356399868988532734954095237201182524119021436931998863051487010001293,25965833706734497004472766732220416510246371688186742793744938697717815367762,2026-08-21T23:10:00Z,1
0xe22361dfafd81ebe3985de07e6cb38ba655c3c6330f274a7f685babdb7825f84,mlb-wsh-mia-2026-08-21,Washington Nationals vs. Miami Marlins,yes_is_run,102466301422121116706624853179830012244736348274968389393362957468217779487604,52419066093981738423675855481163987578395520575048630038537774524132337815802,2026-08-21T23:10:00Z,1
0xebc919e96b15b25d24e01bbba890bc5f6a994127574f31b5b1a026a0d945977f,mlb-tb-bal-2026-08-21,Tampa Bay Rays vs. Baltimore Orioles,yes_is_run,42524302076701489045631896022399898808608480016066990667518110406786015392875,114000664293440709436338276664040090046042218594100962293780317671696456818587,2026-08-21T23:15:00Z,0
0x347bee8d97deff3d259edaf8a8ca41059a7aec9562f310211c3583c8d05fcd02,mlb-nym-cws-2026-08-21,New York Mets vs. Chicago White Sox,yes_is_run,37525660235498175995986679936425923481020456259835917054914256278778452659094,64659841279130792496002817907776464159916022610234762127650052755776429315312,2026-08-21T23:40:00Z,1
0xa11fb01e0e4206d21a8a94b2710b7c303b349d51c18b17943c676582456468e8,mlb-det-kc-2026-08-21,Detroit Tigers vs. Kansas City Royals,yes_is_run,60236986533226512856938210484467039506695021969758891391532034742437205992644,47640643283689721807442738949563875882446209180311521037879367139713353367322,2026-08-22T00:10:00Z,1
0x4468cb4f68a34fd6d0e5a4ec203031a02c758e6289b2d7c2cd4862c0381f5f08,mlb-oak-hou-2026-08-21,Athletics vs. Houston Astros,yes_is_run,42040251461615378368241097845024514369118922115245772113374191157910440848370,11044874895890129278890561788701419827704441954046457785890936093058658780599,2026-08-22T00:10:00Z,1
0xfbf4fe16be00442ee881211b2d2e0e212c5e3150c0ded1185fb9308f6adf58af,mlb-laa-tex-2026-08-21,Los Angeles Angels vs. Texas Rangers,yes_is_run,22615708800256255377734605795900418735961634510083803514873695849797320727290,65986256652850397040699292496145631340003968166505265602641103459512816134179,2026-08-22T00:15:00Z,1
0x327fedfbeacf2828a37753867d9b614d40f8676da5c183284f11eb7ad105fee8,mlb-cle-col-2026-08-21,Cleveland Guardians vs. Colorado Rockies,yes_is_run,24563959396558185445884908493547720970113905099633598280535858586403976462267,103800952446664025371048475700721456229470516251855602980289993957749773262934,2026-08-22T00:40:00Z,0
0xaf51031bbdc95df905dc53ccb3c607caf0f3d094bf594ed5dc343b173671ad83,mlb-cin-ari-2026-08-21,Cincinnati Reds vs. Arizona Diamondbacks,yes_is_run,61414559920360200556519248847506557192604347214918549621816906001157351589699,44778243030955642238327093262469831382554357426845643650858110049659495777382,2026-08-22T01:40:00Z,0
0x143caf90a3d2d4674b90cf4c6123028f64cfbb7a93b07d9fa88e56b0dfcca8f2,mlb-min-sd-2026-08-21,Minnesota Twins vs. San Diego Padres,yes_is_run,97262108793924888367078193404884292003239624388297400948968248671575753934948,57870398129486875296518381002389504587140337404188714991734621954076373493365,2026-08-22T01:40:00Z,0
0x34f481b704ac0971d3446c95c576cfe40d2d75117b68d4709330915b522a9c2f,mlb-chc-sea-2026-08-21,Chicago Cubs vs. Seattle Mariners,yes_is_run,7457547568827130820880508240160261375867528723702878544384475721369521495659,47410738369807475896857128638875313613151513003512666352914752897078484014061,2026-08-22T02:10:00Z,0
0x8a68bdad36a39ae50f7fdb241e3c6e7413a0cb719d23d16b81bda60de7a97268,mlb-pit-lad-2026-08-21,Pittsburgh Pirates vs. Los Angeles Dodgers,yes_is_run,49062121280292752727590084735934015350108626058152512300244153780941845251321,34075958083706082824817978016489183217264455041900677906802890661126263354,2026-08-22T02:10:00Z,0
0x93f463acd28d7fd6029a74761726a2b08a990ee34aad939e1c5dc4769fefa580,mlb-tor-nyy-2026-08-22,Toronto Blue Jays vs. New York Yankees,yes_is_run,16217530869147279326282292886127779729240305387506082768093124344605232375537,38074529371320881434767607347409750024753150654001494614185584961127675327265,2026-08-22T17:35:00Z,0
0xc6641a2a5e6abf15efd8dc2c69cbd321d504cf2ee8003b11b53ba8c95fde88f2,mlb-atl-mil-2026-08-22,Atlanta Braves vs. Milwaukee Brewers,yes_is_run,66776032005357678530013208201543828102774587358556828157549279146153896401013,61262969010415646618864005649382521613817678591745612473686538993313203001086,2026-08-22T18:10:00Z,0
0x38cded696233bd7703dd7ec32cbdf3554d52e21dac92905d802f894a68a53de3,mlb-wsh-mia-2026-08-22,Washington Nationals vs. Miami Marlins,yes_is_run,59313687793205751308324417690269230591602131396488233722815191289863373159024,83893510486318233114726213666761950554366948823716693265520631941009465678991,2026-08-22T20:10:00Z,0
0xf27f72d4ae1f9c66355bbf9495aace42a86551c14cfae9a51ed46f6d1a7a4f56,mlb-stl-phi-2026-08-22,St. Louis Cardinals vs. Philadelphia Phillies,yes_is_run,36450365580279484213805840430891471847783502516797586791980885846847383284350,83641696934362639600980489230231235508794191113307905999164276819084625265684,2026-08-22T22:05:00Z,0
0x4e2515c6a735a77137dd08aaee76c140791c1db6de4ec5ab6e2d4b47803679b5,mlb-laa-tex-2026-08-22,Los Angeles Angels vs. Texas Rangers,yes_is_run,64488591125839738438829085067334333458131039323635630820490334782574229350497,14780741493242870461737486758933843093552796733037867901019126947915714331386,2026-08-22T23:05:00Z,0
0xee7a62411d614906bc405f38c5dcc08286cbff67d2aa625150a3f853fc330b1f,mlb-tb-bal-2026-08-22,Tampa Bay Rays vs. Baltimore Orioles,yes_is_run,85574001829626728328872498105550980018103677464163698527129636880894538235911,66463125582147362692985974459643807512751886995942547186385982652244401834000,2026-08-22T23:05:00Z,1
0x87067cf08f09162882b49abe6d5c805c7a8da5e1c8a2eb3ab8e6b9172b81344c,mlb-nym-cws-2026-08-22,New York Mets vs. Chicago White Sox,yes_is_run,100388986821227971818909632134082578411559738524178289758581732806555285090881,31245143945012650158424201383433806152018968810450481462095951484738970016963,2026-08-22T23:10:00Z,0
0x4aa6cbe64d11434fa464bb370a5944747d57f03647985e16288de5db0fe38ca8,mlb-oak-hou-2026-08-22,Athletics vs. Houston Astros,yes_is_run,103831612090233352135897923880902022503245732031520466402120721400544734737053,98329081759812285180628866313496509003020034848323531354993516117262457870621,2026-08-22T23:10:00Z,1
0x1e2b191ee781e11cf1a57730d89fa9b52731716873b8f58b047babc3b62b44b1,mlb-chc-sea-2026-08-22,Chicago Cubs vs. Seattle Mariners,yes_is_run,103521106032419852030066535078203846380824319078101421586621893026599374297460,61356808261143862969359821763464126522393425002825001617349670801812707510967,2026-08-22T23:15:00Z,0
0x7a0dd0cfed9ebd6fbcfb070b121139407b21714b7406ab4af9a90b211b434217,mlb-det-kc-2026-08-22,Detroit Tigers vs. Kansas City Royals,yes_is_run,81898157208334432602427746721274486373782531605397323398901416440067275025911,68559725413857682752508190756191528303263912004633786328303461927201948522980,2026-08-22T23:15:00Z,1
0xd83306ae67ddd1fadb0c1ccdd9809e4ae863cd3540a075666c55c49b502e2abd,mlb-pit-lad-2026-08-22,Pittsburgh Pirates vs. Los Angeles Dodgers,yes_is_run,18599763982377172934070542467973838758217382292023625451726846379691074583331,12810170947878179202957039086024001838211928141649541100181511354347809238329,2026-08-22T23:15:00Z,0
0x48d90396353d5b89eb1275f786fd7ab9231bb3c2864b97fc8668e34652bec0a0,mlb-sf-bos-2026-08-22,San Francisco Giants vs. Boston Red Sox,yes_is_run,45466892272419687597088890106264090635916280899557969261633816747158121615496,16392286847693760002217564307612185395309542608338043610341562438996668020995,2026-08-22T23:15:00Z,0
0x288d302bc3257c592cd35304f0ac96f3a53cd713206cbb0d75e644e31b760ddd,mlb-cin-ari-2026-08-22,Cincinnati Reds vs. Arizona Diamondbacks,yes_is_run,6300101380640556231281023340580999806973005536321499566215523758927694012135,110815236726769506988647900649462258249012861700693121692903230071325328480556,2026-08-23T00:10:00Z,0
0x5feebbc50e96cfc64590ec8283752f998dd6dd32e0813900fc9bb6d32e48dde9,mlb-cle-col-2026-08-22,Cleveland Guardians vs. Colorado Rockies,yes_is_run,67202437289834279123557698973292700875223358149526368551126375389855457845991,92495586930940337879963589082534985643146949729263851726188605719103334323056,2026-08-23T00:10:00Z,1
0x5a39c07f54a6c23596859eb5e6bf618959eb762222c2bb391eddf1679c69d6d3,mlb-min-sd-2026-08-22,Minnesota Twins vs. San Diego Padres,yes_is_run,16686719060472532692901663661903863069209771173852779981402966445516507786251,37509479600254236965198553173229204937669887477528496879519994261152592329513,2026-08-23T00:40:00Z,0
0xe7597098ac28a7cab2b986d887a004f2094079fafd01c70bda239780f2da3084,mlb-stl-phi-2026-08-23,St. Louis Cardinals vs. Philadelphia Phillies,yes_is_run,55610590171151201181284570562858404871265396064782685606772448463990464473989,26660972206284293765485674472845365644998560398299057587418843580559984805515,2026-08-23T17:35:00Z,0
0x768d47e595ba50db82da42efec41285e7b0d2777fe3585fb67b191efe3a46a1b,mlb-tb-bal-2026-08-23,Tampa Bay Rays vs. Baltimore Orioles,yes_is_run,27466948897614043918284408846379833837609630285024903681551959123933920844225,92369922612002177643429658937560261104871479229390112319670905954409974500378,2026-08-23T17:35:00Z,1
0xf1ef7a5135733f82eeaa87c6eccaa44882c98fa1ea629e51e2b64a03c22a1bee,mlb-tor-nyy-2026-08-23,Toronto Blue Jays vs. New York Yankees,yes_is_run,62011406324251876693098240875696170437229736714120150545669596830309422196545,96613019563800263134703789186131235089433034941921874252533537504201382069335,2026-08-23T17:35:00Z,1
0xadd62d9e38fa37441afa0454ecc2f52f3db911f4174165b5acc0793103e19417,mlb-wsh-mia-2026-08-23,Washington Nationals vs. Miami Marlins,yes_is_run,71375304525121173482854661696374483069841467443718779543102166100243086846688,56831594680573100990113521955137386172415940299331548912002171484601558349115,2026-08-23T17:40:00Z,0
0x5c0530f72855a359b5517379d971cf8410bd1b3c3e6752be007d48b462966888,mlb-det-kc-2026-08-23,Detroit Tigers vs. Kansas City Royals,yes_is_run,17303121736050663030638199944044995263000243674497882950551421790663418928344,110016183560642524907172193140951305700669780986239614906424490779831878820311,2026-08-23T18:10:00Z,0
0xed51565556fd292d7ee62b58ba2e70a047a4ea9ffe4cbc077b46e8ac6c1901db,mlb-nym-cws-2026-08-23,New York Mets vs. Chicago White Sox,yes_is_run,98275873918526915091849440845712769136744293311585901525605441962150168920994,1346045261597832680792774996255172306564425236187715507909767425312538582296,2026-08-23T18:10:00Z,1
0x0fc6736af5717dbc4c27e0b08ba813aee7bbf122d3c4be7544cbd336ee6d6dc6,mlb-oak-hou-2026-08-23,Athletics vs. Houston Astros,yes_is_run,95975889757712590097934662102257302513117636647765164029893886886786167975166,10251244005928249689937496635360372912202703903227153507890129345212507811567,2026-08-23T18:10:00Z,0
0x4eaaa01f69d500a33075452fdbe30791af44d46b8cfcfa9ddadc29056f4f532a,mlb-laa-tex-2026-08-23,Los Angeles Angels vs. Texas Rangers,yes_is_run,110994623956554324243405694685288241881489779908274755226548712246393418382632,114602241922489057008019716542609063766190582017411959132470573190679800012947,2026-08-23T18:35:00Z,1
0x53632fc6842c1dae5c7e82f12d8821c8a96f6de6d99bf226162d1750c22cae75,mlb-cle-col-2026-08-23,Cleveland Guardians vs. Colorado Rockies,yes_is_run,91291695977510571113019832129969901111386107244170252446971489487659872626434,72590498156799703141608334556889879186733341553114141056375281255841365654938,2026-08-23T19:10:00Z,0
0xf425e22434850c3e644735f3eb0a3ba14fd8f9861c3875623fea505680defdae,mlb-sf-bos-2026-08-23,San Francisco Giants vs. Boston Red Sox,yes_is_run,10287796837308513193172522024539120152112818378304057612136581188110044990560,45466160508470377073950257784269327376917430847146613500597901323051002478312,2026-08-23T19:15:00Z,0
0xe851da8124d739aac6e36e92c36527c5f1a6d970663057d68d131a3dae6e8b8f,mlb-chc-sea-2026-08-23,Chicago Cubs vs. Seattle Mariners,yes_is_run,67392005685310049548696453570664001273811162729799958467887974569184727979851,107487320857425302410573880779404932554864306248615581398805325764145305393237,2026-08-23T20:10:00Z,0
0x57d936b21fb45ca9f5281f4c87cf7062aa788472befecddb1696052a59c81f62,mlb-min-sd-2026-08-23,Minnesota Twins vs. San Diego Padres,yes_is_run,58540778602321837572950153362000194139145006492742923305292380545468137857761,61956755384782168280651118759065345030358505804875336115520220877513410446967,2026-08-23T20:10:00Z,1
0x884617c0c942ea4db9d2d6b075be3c6eaee180a5afc8ed47238d066412737f2e,mlb-pit-lad-2026-08-23,Pittsburgh Pirates vs. Los Angeles Dodgers,yes_is_run,111024829074091254026913434902901243513675818670028116733182574163397455220223,86432639148363999895536356440146831629480392968330773968860890419141205438996,2026-08-23T20:10:00Z,0
0x78344b48f21cd51f0e03669b7c39011f9466fb6c0305f4a6cdc46391d19a7d33,mlb-cin-ari-2026-08-23,Cincinnati Reds vs. Arizona Diamondbacks,yes_is_run,115751678475373607079460976065435105922794752284823196619384609479904187095814,14962069088634755295072887645520538974745652352968155809509704391420808255630,2026-08-23T20:15:00Z,1
0x70aea1120ed5940ebd952af7977d85e7962292fe8b9b78d12236ae4e75269815,mlb-atl-mil-2026-08-23,Atlanta Braves vs. Milwaukee Brewers,yes_is_run,37437539817938052883648636552463003968892760623123749094936157056866368677377,89940834087925458174247971760376509284922831232991830962479211450999272144052,2026-08-23T23:10:00Z,1
0xf8094f6dc42f7b12e7f10868ebe2f1f49ea18a0bf49b90c4271e992f3b64f5b5,mlb-bos-mia-2026-08-24,Boston Red Sox vs. Miami Marlins,yes_is_run,22198192198114424577359991440080552543478829862516432566073276247340293028888,34492922880200885439403709777761188583391432147381287417202307147528866771058,2026-08-24T22:40:00Z,1
0xdcdb6b0155fe44811bcb1420bd83c43656402a662c8ecb406e8cd6d869a6f47e,mlb-tb-det-2026-08-24,Tampa Bay Rays vs. Detroit Tigers,yes_is_run,90130184309151816273640784152082980099933552545891505561725564138418947333501,27216067784393338078793811684417597530001995888567721827382289826576569643965,2026-08-24T22:40:00Z,0
0x4bf92ff2a0faf0845bb2d327556cd4f59aad1428ff7cf12021c42699b017a122,mlb-col-wsh-2026-08-24,Colorado Rockies vs. Washington Nationals,yes_is_run,20690395812284135684700052415411508621397326156848884956137024393360688882978,4507369152000229972846457019482359578633871949360697759781322893210625896088,2026-08-24T22:45:00Z,1
0x1299f939ac71f2b60b586544b6f858f4ad33e7a153cd20ae78ab7b86a78da2cb,mlb-tex-cws-2026-08-24,Texas Rangers vs. Chicago White Sox,yes_is_run,86928081501162441636231391911220609881768572749126662348351203204480078838025,96343600393140006903886020306373412018218829389628549513130249449965137928766,2026-08-24T23:40:00Z,0
0xdfc2a11688a7a48b1f77404e0474db8a35d84d97e1dbf35294a23e6322390c3e,mlb-cle-laa-2026-08-24,Cleveland Guardians vs. Los Angeles Angels,yes_is_run,36045345358394411454084658884358576141290231277398033541210147327235676825027,58337170974515014284642065030151537127208549425324288606879152824003699730508,2026-08-25T01:38:00Z,1
0xa59dbd991ffecb23a29b2d8a183b8a88e0e92c10eb50c24fd04ea102f613fbe7,mlb-chc-ari-2026-08-24,Chicago Cubs vs. Arizona Diamondbacks,yes_is_run,70827073231724958325582758036153511022650482830632913359092698192366095051075,11678962250721861928889218901025972325879533597155431978988714376815541497122,2026-08-25T01:40:00Z,1
0xbec0a833781f52af05be107d2688e196260ffb016236d6fe136afd69a6b6a93b,mlb-min-oak-2026-08-24,Minnesota Twins vs. Athletics,yes_is_run,92559921544925819653773632841596417372201663681632829635556449492711437967519,17829078157541172706564585156002195949496441838646528932081935291001016298183,2026-08-25T01:40:00Z,0
0xb479869e6ad45e6c87c5c6a849baba6d7c24f83c64ef44cf49cb63a3c61e368f,mlb-phi-sea-2026-08-24,Philadelphia Phillies vs. Seattle Mariners,yes_is_run,49250939062945761301776192193263317812127685908266001859363529386361346032828,17974655302274620409207658626659853388507782701019908029178943690381241122998,2026-08-25T01:40:00Z,0
0x8c1cadb4ace87a5f5d0dc50b97adb9820b70a5bf82a58470957302e1f3622b60,mlb-pit-sd-2026-08-24,Pittsburgh Pirates vs. San Diego Padres,yes_is_run,77694749353829058391449313406148840728535261767999862521089725889709295589495,12599084157734618472775262400047900920198007973175430656269950634615412911523,2026-08-25T01:40:00Z,1
0xa5b40e3dc4b988706360c49aad8aa35c5c4b4be8f6b350a8d841a1cff22bebc7,mlb-cin-sf-2026-08-24,Cincinnati Reds vs. San Francisco Giants,yes_is_run,89905542251900147253787245555689000104353447275464005881651609935210513715735,91991472440951739393357629645272675170642595347342367822204990979994562244054,2026-08-25T01:45:00Z,0
0x1991acaaba1f9941eecd58ef2ca5032146bdcf61ec07a0d24518fa1f71d73246,mlb-bos-mia-2026-08-25,Boston Red Sox vs. Miami Marlins,yes_is_run,26222981944559456204742567634126730561401938699775307602877873382665323300596,38880093712627448766164119705264773957627793046737888816853075069482171469376,2026-08-25T22:40:00Z,1
0x346e762a36fbb8178d7f0748de50ad2e8acb31f163ec7ffcf6d7b3c03cda29ca,mlb-tb-det-2026-08-25,Tampa Bay Rays vs. Detroit Tigers,yes_is_run,29402050353248873209895114569906429227380528739559951581981089850739478039545,47171535551468103505859861914568054025916145354593274699563652173560994226877,2026-08-25T22:40:00Z,1
0x18551e295dd49ba81e5c0ec4f8408eb7199d461e2a19d447e60290b087caf52a,mlb-col-wsh-2026-08-25,Colorado Rockies vs. Washington Nationals,yes_is_run,91453740148352287445248213076215271939359054848074982695072844407758446127232,50243739562219370157026596243696225121335591164290521376872840209159301211708,2026-08-25T22:45:00Z,1
0xea9a037ae4e03ba957da405b30e7502d47de8d2f2e2cdead0798b65bb20d99a3,mlb-hou-nyy-2026-08-25,Houston Astros vs. New York Yankees,yes_is_run,23158737217054811095530976912581960696371353860292555865869198146081838658063,67058548279879161025878057390914526805801960581613305711440789452864934940020,2026-08-25T23:05:00Z,1
0x425b43b6186af326aa4cdf7a092baa6ada6807518215b700bb054d4ce5414f15,mlb-kc-tor-2026-08-25,Kansas City Royals vs. Toronto Blue Jays,yes_is_run,67881335895678153184459737287396249067903662870724902539069668756067335247829,71667903465017246977651162951804793460545621952061658461907366689200661428994,2026-08-25T23:07:00Z,0
0xdbb573f6b0f410b8d89ea530e07a3cd84b01e84ada7a9a80edca7ee1a4018daa,mlb-mil-nym-2026-08-25,Milwaukee Brewers vs. New York Mets,yes_is_run,41093075803216426556615771409980141879095929653030764709558376659702857817984,108841826169360635783790097360059346730616764414363748015418358679847087855275,2026-08-25T23:10:00Z,1
0x8692f26f4554b259aa9b9b42fdc03788970de801a4ab92004152d5aa21de6eef,mlb-lad-atl-2026-08-25,Los Angeles Dodgers vs. Atlanta Braves,yes_is_run,40950258508613914321843247222531743383623062337950084911614221447540290776928,89519907357877730311669465357143165043256712406002380347789736346487365181228,2026-08-25T23:15:00Z,0
0xb0d7417803122fc29787096fe1164e7fd7ec2d694fb455072b6ed89e1d5b004a,mlb-tex-cws-2026-08-25,Texas Rangers vs. Chicago White Sox,yes_is_run,39761231260245195506778332596032650313874156953826837332017452953871714828877,22781464404682901750030139709076612069726518347394732991879438830481058395659,2026-08-25T23:40:00Z,0
0x8e4bc957791b2bd6fd8a73fcdd9e53a299069ebf9342d05edad968b9341cdb62,mlb-bal-stl-2026-08-25,Baltimore Orioles vs. St. Louis Cardinals,yes_is_run,70980657661430309710062100187140655523597231660885236722892270300273913567065,13921682422518091315944269028847201895966938595076766702457188126370735376350,2026-08-25T23:45:00Z,1
0x6940afbed33cf54bae9e2f81048481790c8e128bac1b0d8d8ab57627fb714efb,mlb-cle-laa-2026-08-25,Cleveland Guardians vs. Los Angeles Angels,yes_is_run,77764948454741259435851460028809128132003395817368183511182573976487412082639,39331755054176205116723398356927690049443891148603724420188234339243764716467,2026-08-26T01:38:00Z,0
0xcd554689c5d17d6e3dfefcd7329a1308524a4b95030262ce2da19d3fd1c2575b,mlb-chc-ari-2026-08-25,Chicago Cubs vs. Arizona Diamondbacks,yes_is_run,50197462410393595609030937778241592063577326364397933329262057755749739779982,28888917298296377151531892676293134269500112411764419877305245674715665363098,2026-08-26T01:40:00Z,1
0xbdadcaa569f7092a0e807908b9b6358f42026152ee5760a97d7176960b7ffad6,mlb-min-oak-2026-08-25,Minnesota Twins vs. Athletics,yes_is_run,37822934181455517403918746269551354092131388293481798763794493435730653239987,26784238371845341304544398210484486100497802229880979588678187373026014918945,2026-08-26T01:40:00Z,1
0xea8a71437b4fae257f352995f4f87ac4d667583452de81cf6d203f1c78896502,mlb-phi-sea-2026-08-25,Philadelphia Phillies vs. Seattle Mariners,yes_is_run,5290420718959335068422678486541573491424787065111721017530648663513761597706,13060452886787137808975508757899048777183789768266315205629283241535297185683,2026-08-26T01:40:00Z,1
0x281f2908f84501bfd74dede4870f33f9e7b2133ab31f86c05f20ad3e58aba8c9,mlb-pit-sd-2026-08-25,Pittsburgh Pirates vs. San Diego Padres,yes_is_run,41824862204593190902090346529569418728584156155698178136211993316699631858795,54888089126480357373452169286931722597850702152889582624092264798440492426561,2026-08-26T01:40:00Z,1
0x084c0dae2d6f1cfa70cfb8ff9b367497a9bd847fc70e166f7b2dede50f7444db,mlb-cin-sf-2026-08-25,Cincinnati Reds vs. San Francisco Giants,yes_is_run,70166974863764899561104294259805903082199068971770239885238969283442568669182,12510502340883283754175304874820395717479176232340033425192671731864455990961,2026-08-26T01:45:00Z,0
0x9af9160cc073a4c605654eabc935872268488c20a5008b8c4fe722eed9be9005,mlb-tb-det-2026-08-26,Tampa Bay Rays vs. Detroit Tigers,yes_is_run,115101570175860669568014938010966532145273128452911324552920265605624355571298,53111340460390083031279432315185398851987951894275811626569514537134446133153,2026-08-26T17:10:00Z,1
0x52b24b21324aa8a56d9e2ddf2893713b57ba41e572bd787ed091a86d4378ecac,mlb-chc-ari-2026-08-26,Chicago Cubs vs. Arizona Diamondbacks,yes_is_run,48217701343398150086844026191745014236171233850920668452002608850681099204680,30944210203340498893633418500786572717902133946173925128879941971003828740204,2026-08-26T19:40:00Z,1
0xc245d657bf46e95f1a54a4157345f00459546f3ee61d9fdb138193e59d8b1a9c,mlb-cin-sf-2026-08-26,Cincinnati Reds vs. San Francisco Giants,yes_is_run,18680162368755188631274610852529384929160398425243749523026838679448951937103,40279001169706330432129327480482096940711564405281682084228572923766770645034,2026-08-26T19:45:00Z,1
0x96c47e8d7eca99432be8bc37f7bf2c9f639ea1d7f985d251bd98f30c2b2e7fa6,mlb-cle-laa-2026-08-26,Cleveland Guardians vs. Los Angeles Angels,yes_is_run,81515187815564082014710813739416538093947492231508832472359945530547928634544,56752834892193828767610783019284017458405063232246153119009058634276356321060,2026-08-26T20:07:00Z,0
0x525717e667797ebef21644fd8ebf6b1e624c0575b0e85c2119c86ffc3e570231,mlb-phi-sea-2026-08-26,Philadelphia Phillies vs. Seattle Mariners,yes_is_run,105641174214078291719767080089975299604832402926051338465938701714929841215136,65615036457373142404299675437842171235333894343717504291334465495313684274160,2026-08-26T20:10:00Z,0
0x7623a5a552a0281444b407ac41b0a122855f3fa0d244159a7c01cce3c7506a5b,mlb-pit-sd-2026-08-26,Pittsburgh Pirates vs. San Diego Padres,yes_is_run,61766287494061459624404980948652038512822714866457022202460633062790772179833,102942992137357702890467501569358423738268073441329473834979725117007687062238,2026-08-26T20:10:00Z,1
0x46361f8af9e2a3182c49739962af458171743c3d039964895c173f8fcc82be31,mlb-bos-mia-2026-08-26,Boston Red Sox vs. Miami Marlins,yes_is_run,62913736097404968635376217122781541743161611712230847355949568493556500671806,10080554107485424735398893151683009204646279932656007363127124312557455873206,2026-08-26T22:40:00Z,0
0xaf444ffe6632f271f15ea01179955de4bcf8b603fb346be4278813740c102bf1,mlb-col-wsh-2026-08-26,Colorado Rockies vs. Washington Nationals,yes_is_run,85196952484364448603427919848361397619308691699225795601986272411635613497846,55459395724586613724485754908433572280751190936444726765953611704518472330017,2026-08-26T22:45:00Z,1
0x77ffc61e11da29c8d28271af1ea057db6c593aca6938ff62bba768faf07ca665,mlb-hou-nyy-2026-08-26,Houston Astros vs. New York Yankees,yes_is_run,91893751889440663483520795070788600697421640549351500152957641673707520135456,25929551672139286066059023346324599909570510857012468559460764116998377035944,2026-08-26T23:05:00Z,0
0xe0e9e68bd263a6afc9f0f463424388b0f9169b921bef4bbc6dd210db43e389d9,mlb-kc-tor-2026-08-26,Kansas City Royals vs. Toronto Blue Jays,yes_is_run,92480428142778380164066614051060686585740081077783073153219865963444192015869,79042973482292477999409383729326660657057245870278617330616528233061621959388,2026-08-26T23:07:00Z,1
0x1335113e62954d88dee5bb3d3d6d443f45f6b667819b31f192ebbca719d8740d,mlb-mil-nym-2026-08-26,Milwaukee Brewers vs. New York Mets,yes_is_run,67345442090438102476940406542918594485079996291772935079910574443752584596533,15707561919195369405156263552378661175277977469887191751131867794257046331532,2026-08-26T23:10:00Z,1
0x9298a51bc98d82166c1c81eb61ffd63b2528f967ebb7f8b288e076380de5668c,mlb-lad-atl-2026-08-26,Los Angeles Dodgers vs. Atlanta Braves,yes_is_run,110591938898108146206604202927756413650923906390193272148167332408856279719867,24959708395709886414675076321460043684550305246522599293945221555682075844163,2026-08-26T23:15:00Z,0
0x2e1f54a68aa888ddf683499369775c806362ed6056618efdfc974f8cfc09c91f,mlb-tex-cws-2026-08-26,Texas Rangers vs. Chicago White Sox,yes_is_run,88619485178388351549165138580803982144631046580768545917801115581579557696168,101689031760192088788320093720858544549867950813450622416046581829278071309084,2026-08-26T23:40:00Z,1
0xe090f7e3ea5f148f993e530806ee2b0971732d65400d276cc474b6f8f91cd8b0,mlb-bal-stl-2026-08-26,Baltimore Orioles vs. St. Louis Cardinals,yes_is_run,15294065786433770626894815632705140089697034429388226970970285185184669913007,39751903961527100095428126365917076767799187979838043411337283214030351877963,2026-08-26T23:45:00Z,0
0xcf8439a835895ce8d035a9b7c6846b442e18b9ff6da43458980973f8581aeedb,mlb-min-oak-2026-08-26,Minnesota Twins vs. Athletics,yes_is_run,76160587316317383701024566618211524739300207288634027636960967276501511324472,77210426777450829771847793576355287463411088897310408468155305604488238544328,2026-08-27T01:05:00Z,0
0x4028c5795213ea95ab8a8e99af2df137d1b083d6b1b801b628540f6139945619,mlb-col-wsh-2026-08-27,Colorado Rockies vs. Washington Nationals,yes_is_run,38867080679615572952835571755692037414879628446911253255904607308812275148384,66336965724980037728175241555271891791523317014940196445582161716315543167113,2026-08-27T17:05:00Z,0
0x5259479df17d77d87fe26d754fb48b6b4114c11349643f201c8ebdb1d9db0c98,mlb-bal-stl-2026-08-27,Baltimore Orioles vs. St. Louis Cardinals,yes_is_run,17967681319650858550105416636635274820905870442637302961576493750007876797023,54428498752874065619700594048963329248300685665822694540468981720679544824274,2026-08-27T18:15:00Z,1
0x914de43bd8ba3811b1de4b4f843da0841d06df4779fcf6a4e06c05678c36eb6a,mlb-hou-nyy-2026-08-27,Houston Astros vs. New York Yankees,yes_is_run,76950215470944128097667667956984942362172108394420519045950853470834543855189,88470909799933605908276415317449984915008950743222011093638670669121997030224,2026-08-27T23:05:00Z,1
0xe86a59855102cacd4676a7cb47913a612272112e23b9a8a013931e5d42ae1fd7,mlb-kc-tor-2026-08-27,Kansas City Royals vs. Toronto Blue Jays,yes_is_run,110833919616359721110864532623009600136061653680225896596289278893832546217424,87852545751797700304579495212086107700205902790987430133743334652699142605771,2026-08-27T23:07:00Z,0
0x158ddd89d12934f5e705f977f3e40d1d68de0a63c28ffc1652d66047647294d8,mlb-mil-nym-2026-08-27,Milwaukee Brewers vs. New York Mets,yes_is_run,17631194883646152377535697151543066904081275721067944402411200687666401931463,43262119245230331314952462105636494385827450763954723473253999245824720920351,2026-08-27T23:10:00Z,0
0xe9a1be88261273974c2895ed909c273730d00d083c8e0f8e1ae165a3465870fd,mlb-lad-atl-2026-08-27,Los Angeles Dodgers vs. Atlanta Braves,yes_is_run,30328630849396784270004077124011865567144217744051100367675064248356401843939,59782178118991866935241316275222368765564356845489973730827521176685705217769,2026-08-27T23:15:00Z,0
0xd5e0521a3f01e1dff7e799ee20ecd0d67bce49252ddc11d37e774b5fa167f834,mlb-ari-sf-2026-08-27,Arizona Diamondbacks vs. San Francisco Giants,yes_is_run,46729279482214475299989273903965696396829948326977340979074402781607003121689,52926291913721886162174475154961792376746260270686169881391578258201618576002,2026-08-28T01:45:00Z,0
0xabf1824a63eb2bba3a7955044baf231369ce910fcfd99d345445e16669caa8f7,mlb-cin-chc-2026-08-28,Cincinnati Reds vs. Chicago Cubs,yes_is_run,76954693958821385549233837245765792912086180571060221685184697460342243022547,56514547604682593558030196023596234622290933555348937834194534187450145478411,2026-08-28T18:20:00Z,0
0x570e8f01f55df038f2b67dee4e9f5bc5857f5aa440b8fcc2edf5f70a47e1c798,mlb-lad-det-2026-08-28,Los Angeles Dodgers vs. Detroit Tigers,yes_is_run,101439125934890275184088242096135074596684122590905617829044447433024025947750,114152988342775669028511996752590735993254863245753160727580083937654746722140,2026-08-28T22:40:00Z,1
0x10472a5321b7fd7c641887aea294d56588b0402b72f65f686cae093d02c5b5df,mlb-mia-wsh-2026-08-28,Miami Marlins vs. Washington Nationals,yes_is_run,45361182366517705890771198460928178576536463808312864731752044203044479747107,11476323527749837479864004223771970800782069210964611318116007917472463659469,2026-08-28T22:45:00Z,1
0xcd60002726db6dc76709e5c7350eff882973b68dd85480cb4133c618b4156b84,mlb-hou-nym-2026-08-28,Houston Astros vs. New York Mets,yes_is_run,21018316191731947529908813531604087395650153987605603706487463694163694466312,110700566924692560118619740362447527159638200465048136365848532630917524929886,2026-08-28T23:10:00Z,1
0x0a6afb919c8b32c53a0054de68dd80dd7bc9efed13c2636a6c5c34b0a4feb40c,mlb-kc-cle-2026-08-28,Kansas City Royals vs. Cleveland Guardians,yes_is_run,37726999431026447658606426193917327015893801104883385156136168836946633680080,107462405741654671959543138947853245162404419097905035155830282040911566753934,2026-08-28T23:10:00Z,1
0xb4897ed22a574adbb3c59ce85f37e59d03e838bb82a4a790c4739dabe6f41535,mlb-sd-tb-2026-08-28,San Diego Padres vs. Tampa Bay Rays,yes_is_run,7126050122022330331551181634115384893387445212447777453903367052796614892228,45330955898938459899758196379170915428826706276763371050448265349160672422226,2026-08-28T23:10:00Z,1
0xa52a99d7cbafd7f7e0c31e321525f44a90d0ed81225c415b31e5c2cbc1d33757,mlb-bos-nyy-2026-08-28,Boston Red Sox vs. New York Yankees,yes_is_run,24918577361494384328336863403482122632863614023578615822784423997372459660563,41286392417159224949373698471786890015527685086721213693867695229070762729263,2026-08-28T23:15:00Z,1
0x339d9140f83eaa6d373e06f2e77f47c0c61bdfb312d53b35e51b05b96936764a,mlb-col-atl-2026-08-28,Colorado Rockies vs. Atlanta Braves,yes_is_run,16878898225587507860943686859600199798724288090831497612224922451539805007050,48095848630463229815476311192399167064566814008085574747234627103081208372670,2026-08-28T23:15:00Z,1
0x1bac7870472a77878076c4bff6fe5a8ae9cb5f0d0e32ff4738ab1c16b29dd1fe,mlb-sea-tor-2026-08-28,Seattle Mariners vs. Toronto Blue Jays,yes_is_run,10649465806035861151959278191176433382156413445866821763381722214939079509734,6052264764397146481462090069278857156478550882081814797416580565644639336670,2026-08-28T23:15:00Z,0
0x37c424321db38dedfd98b78c670a55b7fc305d569490b1e58cd795625d2ad7bc,mlb-tex-mil-2026-08-28,Texas Rangers vs. Milwaukee Brewers,yes_is_run,78128578007202065267246721448095816766591372531678910678929768725357058389465,18575158550296147910512011214385836639678196338020115900515278866242704901801,2026-08-28T23:40:00Z,0
0x2c942fef534cf7d2afdb6d100286ab88d80f6ea8da43b2eebcc03f225efae510,mlb-cws-min-2026-08-28,Chicago White Sox vs. Minnesota Twins,yes_is_run,82683882499405214808132935758063661730582933364893782635409970593786170104049,47707158379610704498480494451634033058807910946655332396178125335671643220562,2026-08-29T00:10:00Z,0
0xa969143b3d629328711d3b3b142bd60c695a916fcb61e798e8fde980da9bcbc2,mlb-pit-stl-2026-08-28,Pittsburgh Pirates vs. St. Louis Cardinals,yes_is_run,94437451325313061542389478758607300968854510035896733011391101225376164618126,29668679016282763917739055459328270565458881641225054728635905124421929595397,2026-08-29T00:15:00Z,1
0x2228eff696ae6c1303bc693d729aea7aae72c9ae6853f61915b1b183a81e2064,mlb-phi-laa-2026-08-28,Philadelphia Phillies vs. Los Angeles Angels,yes_is_run,52337100208320010224753705298838865070798130515342263546070866726086985032689,84222027881211695972505439924890039168645936916709004312537958173779968691114,2026-08-29T01:38:00Z,0
0x0179997c2c6d7ea5f4b812f29f6ad8271c2a17d777810ebc7b4ea388ac8e25bc,mlb-bal-oak-2026-08-28,Baltimore Orioles vs. Athletics,yes_is_run,103650532978152917475295491917084825503215317253262677949951517777670619449701,89071992798138401117541109330502867523091816376425425083420393503320421538671,2026-08-29T01:40:00Z,1
0x17ac4b9ecca2f5b82e9faffd7d79f46bc0cae2fa34764be298d108d9a5807c9f,mlb-ari-sf-2026-08-28,Arizona Diamondbacks vs. San Francisco Giants,yes_is_run,82107892866906360454004826602918499138506918484862585821819256017029972502596,8113717317858317609598784861833667528962881906361994687120216459670005473731,2026-08-29T02:15:00Z,0
0x1ae4f3088cffa2ebef82736ece106b12c91b554ff97cf3e5c21ae1aa0869f4a9,mlb-bos-nyy-2026-06-06,Boston Red Sox vs. New York Yankees,yes_is_run,66162049923871537798078038840365314476071254968228180135581039871195269345327,100992506615257769921763077127743491790125847994412245202103682649890936331821,2026-08-29T17:05:00Z,0
0x35ef7e6d3dc36bb0b387dfbed79645610c9ca02911073ef4ac1d8a3f993a4698,mlb-lad-det-2026-08-29,Los Angeles Dodgers vs. Detroit Tigers,yes_is_run,46874705928783958878124500204368333261142055109213724134106643879394473959554,71170199428376489848974137595277869258825147540245841463389236626336446892425,2026-08-29T17:10:00Z,1
0xd4c97f192126bdd5a64c7e2b731ff35ea60f6993ef2c5237ff150788ca9bde23,mlb-cws-min-2026-08-29,Chicago White Sox vs. Minnesota Twins,yes_is_run,69887043259649036673322020129256526431508022742299261797607277876616562210976,101991138167903642834212472711192618642302152791495225644280888252144109150615,2026-08-29T18:10:00Z,0
0x4f7608829cefd08d3c083a11cc30f1ff75a357b718d58b879d08a0f054120688,mlb-pit-stl-2026-08-29,Pittsburgh Pirates vs. St. Louis Cardinals,yes_is_run,695682301894036854250377000816982835323751505390126307252378555529878483555,76135462037079960515592510750217739841400207827793816284438265551970886375752,2026-08-29T18:15:00Z,0
0x56aca301549d3a2c73ec87563a2701707e4b19ce821d96d21bca2b3347e0fe76,mlb-cin-chc-2026-08-29,Cincinnati Reds vs. Chicago Cubs,yes_is_run,55604677809869905847910146399374527390752909823092614151657942795201106156465,25728774359046987097986425857399470885712372412283140610557022643826726071639,2026-08-29T18:20:00Z,0
0xa0ddd6847bd43a2016a54806390b284ea7d2b62db644b2cb44cb7c8fa7234ac8,mlb-sea-tor-2026-08-29,Seattle Mariners vs. Toronto Blue Jays,yes_is_run,21165099410382929642811653144855004556727220250919474391863951534738189085148,67947109078091285898304752488049871165898891067587090508059220457463910065922,2026-08-29T19:07:00Z,1
0xda139fc9852125bbcb09f15a92eb7f81cce0a68e4440747d49d28907d309f1c4,mlb-mia-wsh-2026-08-29,Miami Marlins vs. Washington Nationals,yes_is_run,22163092921223535545214359368197740308014117216078213490256826967119858011467,21998685279453614815105307756564947973205914724775044367654696131009020914071,2026-08-29T20:05:00Z,1
0x8854694e3c43c0e00704f1e2038c70d5cb34446b7eea23869d5e25d5b6918276,mlb-col-atl-2026-08-29,Colorado Rockies vs. Atlanta Braves,yes_is_run,52546259712330671344808691402941927570932729430210979306139759605569981442185,49143874493454346631120164992598660130141681236572660280104094258075246735710,2026-08-29T20:10:00Z,1
0x06c66a356bee0ff87960fe5d587ae7e20bcfd84001982e49a3605646c7b3417b,mlb-hou-nym-2026-08-29,Houston Astros vs. New York Mets,yes_is_run,72658980826439553940147154540127574780413093795095385137132108804910835019147,92954963328996194807616868933813812257995818191820012411199194903934458922308,2026-08-29T20:10:00Z,0
0x0738ddda286eed3a992beb5948bccac5cbdf49c63378d7a67d360377d584932c,mlb-kc-cle-2026-08-29,Kansas City Royals vs. Cleveland Guardians,yes_is_run,102217887075929836393316944833908597660052863657432259610299554049538135704466,7758671165900132184740253758804205900349442486848654269994424718820936797013,2026-08-29T20:10:00Z,1
0xa548ed557bdcd6adfce5068e675060166909aefa04efab235f88f1ea21b3d49b,mlb-sd-tb-2026-08-29,San Diego Padres vs. Tampa Bay Rays,yes_is_run,32490537537571740547790755000954984102656109156863796330477805257865448828582,15337465979272336223177243359548911161958301163721936443792645882947740390839,2026-08-29T20:10:00Z,0
0x373f436156d6c576450f7fa4ccfb900f1654488f074ca16e630490f292cd71e5,mlb-bos-nyy-2026-08-29,Boston Red Sox vs. New York Yankees,yes_is_run,89348078896797234939718945172130655690124168222183988604678540797249648222196,46715897507100428495361282736412804672980180914232906238527460206397987993849,2026-08-29T23:15:00Z,1
0xf2f870bb5239e5402ffba17ab3975a5626120d4fa50f63d9af7daf27564efd57,mlb-tex-mil-2026-08-29,Texas Rangers vs. Milwaukee Brewers,yes_is_run,36316084616407029192476159547448493811657063509725798812756235197390441322005,2348518075669251953442774851241177920888067215867030894870250039606004504243,2026-08-29T23:15:00Z,0
0x0f742116c1f3c4b6b5fd9022b2fd78270b558f2f1c25440268f4f49d8935c7e8,mlb-ari-sf-2026-08-29,Arizona Diamondbacks vs. San Francisco Giants,yes_is_run,70666361597828912925019350504345748716847842071064615156044461300797938413080,83171399637294767946581598677549383511417764154368684251112914225547394659601,2026-08-30T02:05:00Z,0
0x4c9ebd0d6a409a0dff8996c810f296ec80b0404e608a82b5a54b8b55cabb3847,mlb-bal-oak-2026-08-29,Baltimore Orioles vs. Athletics,yes_is_run,100078876512997878741012075608146291089605870931595595417758122637831788561171,36440457588947126063002365089327995306381306086647896629702870826914588723837,2026-08-30T02:05:00Z,1
0x40b5bcb49ba43c285fef2d72c86c957ee5207692beb375baa7453f4449e88818,mlb-phi-laa-2026-08-29,Philadelphia Phillies vs. Los Angeles Angels,yes_is_run,92622929357636815389052434366902584526265997611843615923288200472601400703537,87340089354931933976322672532606387597325444455655928820151862695197852579157,2026-08-30T02:07:00Z,1
0x8fd8654f5a57c671d5c4a311fdaca6bf1a70b35735d82c3b0b6f5d16ba69998c,mlb-mia-wsh-2026-08-30,Miami Marlins vs. Washington Nationals,yes_is_run,82962132619634932808814958051641543209480942002363152659180379777901690792418,19386017761678636969746459523834182034386769322561353215926168585866851345888,2026-08-30T16:15:00Z,1
0x6a572e1c4ca0a87d717503ae03ea93965dcdc4d3b5b3c25fbebbbc3d88244af8,mlb-bos-nyy-2026-08-30,Boston Red Sox vs. New York Yankees,yes_is_run,62771427435953612394164390007215574583917609709892435259157321265849223513851,705506159188018414307479504011529493648272916912058793087255548679838904432,2026-08-30T17:35:00Z,1
0xc8a9434c741f5f951107b2e104170dae655875be16d28ef6e30c26a33258f0a6,mlb-col-atl-2026-08-30,Colorado Rockies vs. Atlanta Braves,yes_is_run,34878002301305618341125592385193281766410612448349866016340283250645907794102,29789572610778005843154389800609480188931123231691890160093584695340980341693,2026-08-30T17:35:00Z,1
0xb6ce74158a99ab204eee5287fdf5694b1bbf45979ca5b3aae4a6d789062d0656,mlb-sea-tor-2026-08-30,Seattle Mariners vs. Toronto Blue Jays,yes_is_run,60014474049225667196757998901541086413144635067551548180266775529666949130809,47482768820994855924197175542172902258758872149144677043245969269058405039397,2026-08-30T17:37:00Z,0
0x581767a434fb681e8a9bd6a0e664cd9d0395b35bc830594223b3e258ef23fe46,mlb-kc-cle-2026-08-30,Kansas City Royals vs. Cleveland Guardians,yes_is_run,88143906288987928123561014102479067181821240232182063939875612944722387774034,95485422345367651046084075124329233281067354074980258060363069723493309350535,2026-08-30T17:40:00Z,0
0x8cd8404bbf4220b5233e6464f30b82765bb061dfb427b0620180f5d11353bfb1,mlb-lad-det-2026-08-30,Los Angeles Dodgers vs. Detroit Tigers,yes_is_run,60431182052085573705268536136183609033649822560215443085506844701609507128939,83168773050915311673714856330901797481537239757971156012131960449529577024467,2026-08-30T17:40:00Z,1
0x525d805e8b799d6cbfc0257d92874087edf44a83a70f464b5b5e1acb3b700dfc,mlb-sd-tb-2026-08-30,San Diego Padres vs. Tampa Bay Rays,yes_is_run,92234401266755889396981587255933889524907537470531983422950390986368627085225,75569478214353182337109366221304125057616133082534416656558273211133426297898,2026-08-30T17:40:00Z,1
0x568436acf2f7f5be92906d6fe72601e749f6d1b678a877d7e628ed8c5b9c35c7,mlb-cws-min-2026-08-30,Chicago White Sox vs. Minnesota Twins,yes_is_run,112081580623441715984741864833017563713948913610672075229362341454010816583777,63109562562609303917748358224624991558666739885649045218594811719661470558041,2026-08-30T18:10:00Z,0
0x6318e8f88614b91aa89b54a85c2c04f6afc01734a4c61c947a23f171b3071671,mlb-tex-mil-2026-08-30,Texas Rangers vs. Milwaukee Brewers,yes_is_run,98786077716007595019935188270843907318699513944306361054800324686400727170358,15843545424812643620608314339659111128193009398231951974208038783890799378414,2026-08-30T18:10:00Z,0
0xadaff9c151bf8092e6f72a71961d861dacff788564c5239d31953a9da2ae0d38,mlb-pit-stl-2026-08-30,Pittsburgh Pirates vs. St. Louis Cardinals,yes_is_run,92891833901481204078783242184135261592092414310427579835495086555350158657528,113412361573873968180610627518070930125909490236318495262899991564242480928083,2026-08-30T18:15:00Z,1
0xe951cc955a4c18ca592af7903776b6a04d7b19ac83a6f19942c54f8f781e4e89,mlb-hou-nym-2026-08-30,Houston Astros vs. New York Mets,yes_is_run,32023332141060916702368262323489179930448922957842659544379957980256904557381,97303891841656495148208390862416923068530515869966473369807130138164113110203,2026-08-30T19:10:00Z,0
0x8f8b863f3f5aa1bc4b4da9e85212340ed1e277283eaada9f55be4e7db01d6d05,mlb-bal-oak-2026-08-30,Baltimore Orioles vs. Athletics,yes_is_run,30210684946473656320028223472517029303467819802864741984977319988454548427858,65296556645558662815595602038826926049333367860138856725946058667343067235397,2026-08-30T20:05:00Z,0
0xd1a4a7e120dde11b7b623d9894550cb5dd571fe97a572777db96c1f3a1753aa0,mlb-phi-laa-2026-08-30,Philadelphia Phillies vs. Los Angeles Angels,yes_is_run,29978959074931646649392548010786551749239238024918079982196140524460295329537,50759679412678184551161384871453537476687206410261769529771936354249370400511,2026-08-30T20:07:00Z,0
0xb520039039811bfb862cc75bf15c989dd964e5b586f30da66d5ffefa97502e34,mlb-cin-chc-2026-08-30,Cincinnati Reds vs. Chicago Cubs,yes_is_run,91436204529395007529227665592748681817736492707307056290226162214125205232484,97961634628544416173587541298405003687353283185473814734330092001968955973356,2026-08-30T23:20:00Z,0
0x8b45b8192a332be8cc1782c97d306b6128bee38a462413dd443c308132008438,mlb-sf-atl-2026-06-18,San Francisco Giants vs. Atlanta Braves,yes_is_run,114482439344279008855596829694202815354024913229221010170323924538760536969145,3487018511114092564872401458117402116194421160477214846417821029974486881246,2026-08-31T22:05:00Z,0
0x7c4125594d678a73cd287777fb31e491c50daf19b4a7a194c4ed07c83c049f1b,mlb-nym-tb-2026-08-31,New York Mets vs. Tampa Bay Rays,yes_is_run,80724436574577067879172984556431734677654564210356607698470353362508789051409,102613637569067088998657805141764552359703139881669748277993454944195234811013,2026-08-31T22:40:00Z,1
0xa9c304c0b5430451118b63387788e187be3bc5aaa760de8d2712ee54a7c81287,mlb-sd-cin-2026-08-31,San Diego Padres vs. Cincinnati Reds,yes_is_run,1178047492623872642952516069768048399282316057179736949245969016398079438031,107389400654478883520405523392629180425889534351328214949922697238527819726541,2026-08-31T22:40:00Z,1
0x652faaf7dcc93303ca680c3419188068a8528b4f2bc1ee48984d8b3af593a9da,mlb-mia-wsh-2026-08-31,Miami Marlins vs. Washington Nationals,yes_is_run,34214332943724043317525360474868041342551934982475157696525354717468123766931,81975574665007291565491058899462586008590476380261137953337503520219426504602,2026-08-31T22:45:00Z,1
0x8915449430022265d504e7800481c685eb59614e45cfdbf508e86bc0390d21c7,mlb-sea-bos-2026-08-31,Seattle Mariners vs. Boston Red Sox,yes_is_run,46381506690509059540221897284936599946907200531092656237200231272537576355046,113754321508731585452444885415056152130762917209408993881863138915964239964353,2026-08-31T22:45:00Z,0
0x5ea5d98fd944e050c421efa53e131ffe38f2dd89e7fa0f540a7db8943cc8ce7f,mlb-det-min-2026-08-31,Detroit Tigers vs. Minnesota Twins,yes_is_run,77890466474359854247750425881186664994013734346325960701467143708597803706927,5441377064984242173721852888757103393941080181302133232628290372953411367339,2026-08-31T23:40:00Z,0
0xaf06ae6c8c976ec569a0324b741adf99c0cc8af6a406334dab5cce6610e5d86a,mlb-mil-chc-2026-08-31,Milwaukee Brewers vs. Chicago Cubs,yes_is_run,83210495313915870793081084076676357177265930804806338018497312529851321407196,104253472885022869738039488643162820413630594583623261260102810484969081573181,2026-08-31T23:40:00Z,0
0x3448aa8d5a0a9b6d2b107a27426aefcee75622b60b3d836b406ebb634c14da13,mlb-oak-tex-2026-08-31,Athletics vs. Texas Rangers,yes_is_run,67981777598213304089954147341208571516650648049875201476140637393810484208774,95912116155871946925429101272301501735903415029137575544737293119635485004214,2026-09-01T00:05:00Z,1
0x9cfc39eb8559d7e99f6acb7dcf73f3770d886735024cd838afeb4a4827d062fb,mlb-cws-hou-2026-08-31,Chicago White Sox vs. Houston Astros,yes_is_run,102786433489654754740702135908222604310236129463035861491022456640563981470552,67169759983468851372834082444348963676283843313919006250469481851672266454134,2026-09-01T00:10:00Z,1
0xca7a4cdef5e67cefaa2365819684bd69e87099e93ca26eee2b2734b41dd8333c,mlb-nyy-laa-2026-08-31,New York Yankees vs. Los Angeles Angels,yes_is_run,9060233539557523388985791174154364243421883247451370829206975052001645919997,101752051954227518806940330114567167529749827110441549492330315349731237786239,2026-09-01T01:38:00Z,1
0xb675279e244d2c24caf6a31553eb08077a1ee60df523fd59abbe750581fd8196,mlb-phi-ari-2026-08-31,Philadelphia Phillies vs. Arizona Diamondbacks,yes_is_run,47581653971989215753875215461732418842509749501954062518171802492105284820625,84808348655223461724538266660063185654289526183119163993289033349278114210838,2026-09-01T01:40:00Z,1
0xbae35313db9653905594d12e02431a7e9f720e96ab065c22bc0e54edf9a9346b,mlb-nym-tb-2026-09-01,New York Mets vs. Tampa Bay Rays,yes_is_run,42198901089506552395779221146311319013504299432799273913560851646845093422185,58425412562384335432735747269694678860717619462815196079864115592833848620282,2026-09-01T22:40:00Z,0
0x7fe8b894481a0a056f606625e192d1e619531f119b05c1b442a9f1dedf054f79,mlb-sd-cin-2026-09-01,San Diego Padres vs. Cincinnati Reds,yes_is_run,34702237710674315296818781865793497504390753915387030023512311419295623613488,22164573479304564098542050416264449541539345228743506045471347025748738772130,2026-09-01T22:40:00Z,0
0x65d2fb7268b0a8679d01a60aea5b4c5e36ef543a47d7a798c3a29bf41a16ce66,mlb-sf-pit-2026-09-01,San Francisco Giants vs. Pittsburgh Pirates,yes_is_run,19849540458473076324075068996601430571610939073777284351180500795059011503178,88767904813192707422368662522330031844417004089887697284042644377392727023854,2026-09-01T22:40:00Z,0
0x1ad3b4a947f8421dcb90394ed4eed1f62500c2142fc83aa7b965c1b1a98d8b1b,mlb-tor-cle-2026-09-01,Toronto Blue Jays vs. Cleveland Guardians,yes_is_run,105778589775438471663572385837425767093494834941166087656955150256363310302153,61895486227069279937632214798188577406322119261859537778015864236531397277915,2026-09-01T22:40:00Z,1
0xe770d837d350787722399efd8078a3810b72209432b4698a82b188e2cea26313,mlb-atl-wsh-2026-09-01,Atlanta Braves vs. Washington Nationals,yes_is_run,91166696031452758887286933071721243789424638547049826870811660484062924857597,93056722545812324154462134370251024649136787383630547544610488155581321585295,2026-09-01T22:45:00Z,1
0x59f77853f49c40dc18200293224aa270ad30b1fa7d7222c98bc04f26bea9a285,mlb-sea-bos-2026-09-01,Seattle Mariners vs. Boston Red Sox,yes_is_run,11060855113465322195907246780694283214577940209841583578387768625364697578173,26981958396749498807963106748474810919468437060027429370161734947661756343951,2026-09-01T22:45:00Z,0
0x9e12f39e22f7e20dff87de16629822dcdc452670c0b686680e0199850955ed01,mlb-det-min-2026-09-01,Detroit Tigers vs. Minnesota Twins,yes_is_run,10692655192974897545617799160447440843363457276385964948460665164648464588865,7724970155341521247902741846461448861172977191921404357260948917070796642399,2026-09-01T23:40:00Z,0
0x2462017d8117a4d8e3d08ef7236ecdeab68204e3aa7ee605f0afd8015f003cbe,mlb-mia-kc-2026-09-01,Miami Marlins vs. Kansas City Royals,yes_is_run,96450905444475989815290176516344320157354167123317082663652195439746476827968,19479986656920716015563413913604826658356378790144702354179693802154545967882,2026-09-01T23:40:00Z,1
0xeaabcd4b66abf7deb390296ce565e6d73cdc86b03af8231e9263721a9c81398e,mlb-mil-chc-2026-09-01,Milwaukee Brewers vs. Chicago Cubs,yes_is_run,18860421693303816929558312031628950403087383457427023236946360155599864296042,89612385279662120795359302834793231644382383366232519823431016907518621121365,2026-09-01T23:40:00Z,1
0xbd748fd387f7acfd816f99c458cdb4e67a37d66b0e3a840e6a01eeb96d9e968b,mlb-oak-tex-2026-09-01,Athletics vs. Texas Rangers,yes_is_run,81354619250833099318707524745295133127781788784941636324139801710667896457413,41327596933740634278431157267696271575013095888399327884735343799493412075010,2026-09-02T00:05:00Z,0
0x9397785805e751344189292416f1945b25e5be7148c29f3e3636a73515f4cb5b,mlb-cws-hou-2026-09-01,Chicago White Sox vs. Houston Astros,yes_is_run,100044407641059595955495839212888329239758281504167649008198745433520978240009,68225277049019898601421670935301783718395645904443341835209457960223836588964,2026-09-02T00:10:00Z,1
0x727acb15d627ef2f71c5539f2615583deae9ce6752dcae4ed1c4b652e5f001eb,mlb-bal-col-2026-09-01,Baltimore Orioles vs. Colorado Rockies,yes_is_run,14845424661764631375671917712280663580289468426116666883569259777027690267701,8023119987335735855282234824629950824922295133498030122365531367038279426564,2026-09-02T00:40:00Z,1
0x89a48023f9d7807145c4534e233ef8c74c39fc228dfc7fc41c31d792ae26f37e,mlb-nyy-laa-2026-09-01,New York Yankees vs. Los Angeles Angels,yes_is_run,92249290373136128073128947683222423200197938920311883973618276693820831407252,26602086192798564956505942198089424061415482957792605616091700934380445848744,2026-09-02T01:38:00Z,0
0x8e61d241a4e8dbab9ce6e613719c10b2d15b00c309b57f0acd0c9925703a904c,mlb-phi-ari-2026-09-01,Philadelphia Phillies vs. Arizona Diamondbacks,yes_is_run,50935857287001188032032607529020647751864065851823091362531924635796736015514,53917544028447807184595117920011886266724475703505672290012484092479573390295,2026-09-02T01:40:00Z,0
0x3b0b5198b4a662fce3244da2aaabd75fa0be50bf5a6e3ec198a9f24990488b03,mlb-stl-lad-2026-09-01,St. Louis Cardinals vs. Los Angeles Dodgers,yes_is_run,58580324520138963063128172700674642104530584950325734778556365375740778584767,98072197210652380644690828673956886369570560518723063809108312788766062685156,2026-09-02T02:10:00Z,1
0x9e558de2eb35d3bf75fb5b50ac370cb35bab2831e87d910328831ec3a82f0f61,mlb-sd-cin-2026-09-02,San Diego Padres vs. Cincinnati Reds,yes_is_run,23450193633268103696861619074977925007948747996208207863822119965181748911224,70748175248465722329870184311037215211876776533341309884508875227327211175842,2026-09-02T16:40:00Z,0
0x2a2a8ada3057d64c7e82d4c461dd718e8747bbc0bda5fce1bc5cb7360c150e37,mlb-atl-wsh-2026-09-02,Atlanta Braves vs. Washington Nationals,yes_is_run,53148272511170010851199011881126264116634984918316237068163711371730300385534,30268867139393981637067605117469812503713977365212031212602321904342366893607,2026-09-02T17:05:00Z,1
0x65206d2fcb38f680bf31950d861530f3f87d6a243f958053bd9fddd0b5efbe21,mlb-oak-tex-2026-09-02,Athletics vs. Texas Rangers,yes_is_run,107738725807338153628587003663623613644261487385069882062986571563794536073746,98683702246229590899927082776691757895137776916053674550588565283222816051629,2026-09-02T18:35:00Z,0
0xc0b60755c2e7e52ba126d3b66301a6e444cd213b2ee1ad67e580666b20c89619,mlb-bal-col-2026-09-02,Baltimore Orioles vs. Colorado Rockies,yes_is_run,38904288438605542890303807436684727381805350053653106890121682192175140617165,42554937647110141781764433492166111580459137566036797323963696757559641557586,2026-09-02T19:10:00Z,1
0xdced346b3aa5b1b76d8599e84b36b6b460dccbc44b2c639edffcea8f7b1fe325,mlb-phi-ari-2026-09-02,Philadelphia Phillies vs. Arizona Diamondbacks,yes_is_run,64874921777509250705441755825662985382272656385841393129539222073990451636541,70128399778260646455463502135296192205805547446529994717718624302926058206054,2026-09-02T19:40:00Z,1
0x827300557a1848ef99a7ec5d9e9eff4d32e132410eaa991c62090a7e8eeeb169,mlb-sea-bos-2026-09-02,Seattle Mariners vs. Boston Red Sox,yes_is_run,1754000234194096049225309761614233738942390153001415390729463164391048963671,61459186865713434496302930274932186877289673652408591107053939813635524930162,2026-09-02T20:10:00Z,1
0x5e0213a5828120bb0cce114ffd70ed47ca1fcef9e07fc5ee474daa085310a406,mlb-nym-tb-2026-09-02,New York Mets vs. Tampa Bay Rays,yes_is_run,42748772070607633576626458884018919813638543820337830703111270033725517482105,46592702766937075281239216471342475042215168796184606890130039965111443465972,2026-09-02T22:40:00Z,0
0x0028499db53c6de7e69869c4fe9842999d9d0d6f1dbc84a37a705ffb724791ef,mlb-sf-pit-2026-09-02,San Francisco Giants vs. Pittsburgh Pirates,yes_is_run,11127085642335993727702021888043446641483889906221435733936495122824716575600,27155393170251225229998442124411497331353918568041538846531118528573706301534,2026-09-02T22:40:00Z,0
0xdf374d5e904f94a9c7712226f42f81768f0ed875b99fd2069fc6c8c498c13f98,mlb-tor-cle-2026-09-02,Toronto Blue Jays vs. Cleveland Guardians,yes_is_run,40178990004730045872672610007544355911419900387477114954170745429180774460128,62344322576103508966320304036371875631720322838950504309841088198126977949540,2026-09-02T22:40:00Z,0
0x46a1232e194cf55abb32aeb819ad6182800e5ff3514eb5e703fc1efff6e7645a,mlb-det-min-2026-09-02,Detroit Tigers vs. Minnesota Twins,yes_is_run,78312705063007536178720387372517562880746687794518141387701360436801382975350,63045586401537989543410569304742426259459721732289710601179152589854682212339,2026-09-02T23:40:00Z,1
0xfee2aa4c814e6931b22a724c72260926cac6505d1e3f0df53ec486fc517c7aa6,mlb-mia-kc-2026-09-02,Miami Marlins vs. Kansas City Royals,yes_is_run,33475534761342178325252311869907139633995929297670385615391216415541503968044,50222832421311741822529616090089048602360929848283251534261677914822074369914,2026-09-02T23:40:00Z,0
0x6ba887ed8f5c02a5043d454a127cf5fcc31c02b5bca83c8e43137abf2799cb8e,mlb-mil-chc-2026-09-02,Milwaukee Brewers vs. Chicago Cubs,yes_is_run,86731403723036674717547726596214920273589995972879925703033066868803321968450,46945047558832510545728986883732196324465906557129841352071104931557702357430,2026-09-02T23:40:00Z,0
0x15744ab6c7100993ead66281ab1734f3fb92bcdf50604dcb9099dc4c013d6eaf,mlb-cws-hou-2026-09-02,Chicago White Sox vs. Houston Astros,yes_is_run,469651375672238922220964854699379385843654156586849036977431650016050235661,97407115630815494927179082792648338729901019798888161406662391173737784719486,2026-09-03T00:10:00Z,1
0x1dbdc0dba3d2c18d2e4a366182195b24a24b374df183f070459833b22ad55338,mlb-nyy-laa-2026-09-02,New York Yankees vs. Los Angeles Angels,yes_is_run,5001126532984498981759642499911694927409122651385792896805321532561329929557,11997470485724929549911780465418548305295292379206378207265553123651064829877,2026-09-03T01:38:00Z,1
0xb8c2068ddab5345a5e1ee442bac36eec94d0c4aee425212f8c70d60fa85d5d12,mlb-stl-lad-2026-09-02,St. Louis Cardinals vs. Los Angeles Dodgers,yes_is_run,86767094068801141723703714532398828692372776755007325374102583905789265005829,107304726551760548737088870863998903093928833071069438985208077240482419075734,2026-09-03T02:10:00Z,0
0x7ce3d303120c81f72018ed5d9cdeff0d390f96dbc66ad09d6b8ed1b3dc63086d,mlb-sf-pit-2026-09-03,San Francisco Giants vs. Pittsburgh Pirates,yes_is_run,72377030248052107859931961338598489787132053094258974589678837386775456992272,106454418962201872176547458861026705335635727379407759335722231365521779400278,2026-09-03T16:35:00Z,0
0x93f72344cc9dd98b6a7667d643c4efb2247a0ce9d157b803a8b664fda9030af4,mlb-tor-cle-2026-09-03,Toronto Blue Jays vs. Cleveland Guardians,yes_is_run,100848834194596121849754664495567694112533304741254068994543667857477744302443,102820147859659614294502334049587782617591888812749716557121261628303343516405,2026-09-03T17:10:00Z,1
0xb1eeafa634ec98d5b9424a0a40a93bbc5b0b0264b2ef94513695e6a8c514fdd4,mlb-cws-hou-2026-09-03,Chicago White Sox vs. Houston Astros,yes_is_run,90037501361770179395984499831627180114091784569624649115655688341377799319808,13009872071842847677882144746296259937512045194987472556878486642147906765597,2026-09-03T18:10:00Z,0
0x01368ff65eaaf0dd5bbc682a6c0781e9d2a524b6d23373b52e042b8a057ed915,mlb-bos-bal-2026-09-03,Boston Red Sox vs. Baltimore Orioles,yes_is_run,78647580605836067407625890081560081228818941351179229203187855706468259404784,37382132960758184078460075520115464473870881350374986517924588425603581800191,2026-09-03T23:15:00Z,0
0x454daed7ef985aa19c94ddbb22de13f0dfdf8ee55255f958c0a28a708d30c403,mlb-mil-chc-2026-09-03,Milwaukee Brewers vs. Chicago Cubs,yes_is_run,42603174986986445903998518373116877749401028801006735983683857375175306036956,53926954607839817783141113842906463121707424649411212490939699745656151490201,2026-09-03T23:15:00Z,1
0xb7d34b00a8c895f9b11afcd0c58bb2eecf7e788f53817b88023ae3bd0ef463e0,mlb-mia-kc-2026-09-03,Miami Marlins vs. Kansas City Royals,yes_is_run,10597799956191453566750964740057552015043122416612425444769027823167548156496,47630165633860866871033464076343864669813973772399229519858344119602138011001,2026-09-03T23:40:00Z,0
0xb36312518d269468323a5da5debb6031334196001675f3f3e32ef113c19e573e,mlb-tb-tex-2026-09-03,Tampa Bay Rays vs. Texas Rangers,yes_is_run,40035508512291421734021701475121662548296276961564586503329487901950654797015,87731052051700279179700685091753106996207075308892278487535490524818862735226,2026-09-04T00:05:00Z,1
0x87392b8c428317697cb22a24a57982557fe5606e303d6037d8e3ea25a0af9698,mlb-oak-sea-2026-09-03,Athletics vs. Seattle Mariners,yes_is_run,37704759714810842094437351215038282289319432624956741207064207819471286770919,59212087037945341712024948028589040115330058159914390692519477882166645332186,2026-09-04T01:40:00Z,0
0x28de0489d4b1ecdee268b85e4af5cdc883dfbf5ed72b202dd1807b7177510eaa,mlb-stl-lad-2026-09-03,St. Louis Cardinals vs. Los Angeles Dodgers,yes_is_run,61852790353448203035989763250838124620374130273467953098727959801094733970365,101886347099877691127196652803063309406799472138138423801343245358939453980861,2026-09-04T02:10:00Z,0
0x30c3b3f3a85a51e1583a5ab4254d70f7b3b84e5cfa1192f585d29cee11645516,mlb-det-cle-2026-06-14,Detroit Tigers vs. Cleveland Guardians,yes_is_run,61385133374639186403611046352082114028058049778576846418786444286405680357706,20792112083636104655022580372322423562159689299441362550991696741388041001097,2026-09-04T18:10:00Z,0
0xaa297ec1d39de0aa084b6056ce4696b4573d0b21b882b0400bfb73a7e411a5cf,mlb-mil-cin-2026-09-04,Milwaukee Brewers vs. Cincinnati Reds,yes_is_run,42572776425416854351115164071593005110876244588589724271146135524389192728227,61901042738412865959911656390856697132511958002172819962356841989474006909597,2026-09-04T22:10:00Z,0
0x5bf048992445d8ac8f5290c14331ee3dd0dd567cec9c3634362b806e412bfe09,mlb-atl-phi-2026-09-04,Atlanta Braves vs. Philadelphia Phillies,yes_is_run,110965934930918498953833655365922752673819982985643931136481510525992619477991,4963420259314726591783475266196720010264692051537180482104882395115854632381,2026-09-04T22:40:00Z,1
0xfbea718b8089ce5303c21647c10b7abe6a0c168c74cddc419485232044a78c1c,mlb-laa-pit-2026-09-04,Los Angeles Angels vs. Pittsburgh Pirates,yes_is_run,99010080393438346131938423000480377266988577682850314724897840196856776816855,84093787418494178522741512346945230476633466533584736877051974179570543190623,2026-09-04T22:45:00Z,1
0x887996789f376a45e2eee242cda6bbec3ba9622a8e894a7940d0fd26f81fac10,mlb-bos-bal-2026-09-04,Boston Red Sox vs. Baltimore Orioles,yes_is_run,53077119720319433385858637196336441910306018145486797457428268178572722366236,88446037087762199129693166787682353002340823149079931680680302230760604911729,2026-09-04T23:05:00Z,0
0x8083b8ad483f6482837baafbb4ea48dc66acef3a8df8d17d1a371b069c25dc0f,mlb-chc-mia-2026-09-04,Chicago Cubs vs. Miami Marlins,yes_is_run,71862178590269110134759278363403484215517383507225164634089949557636137340535,62102501960652994473657196401425115094685756842347594621813078346803562992013,2026-09-04T23:10:00Z,1
0x989467893c45b2c15411d24c428bc4fe2097532793cd681f90501cb2c5cf5af0,mlb-sf-nym-2026-09-04,San Francisco Giants vs. New York Mets,yes_is_run,81752296650157237370475461058361980862567664143540594784100568111816768678536,90501845097331348868829754537454969767412946844797964983344196783387493377787,2026-09-04T23:10:00Z,0
0x6459ac6d415d9eb8230452a97bfee5a5c1363e0a61cf9c4ca904be62cd33e569,mlb-det-cle-2026-09-04,Detroit Tigers vs. Cleveland Guardians,yes_is_run,66025628006046618641627102449203582167894655075253802397490031797390320829136,43290459900883662372324391283544089349484473863646620080116453435442871717552,2026-09-04T23:15:00Z,1
0x816d3893af0466924a174c2295b9b843583ffd890d73be41e7b75c047515d120,mlb-min-cws-2026-09-04,Minnesota Twins vs. Chicago White Sox,yes_is_run,51428541389701841491746636966217126896028689313527904933998298482026301584021,115420575512407894974096588245426284173813905777633440734002279938427518897252,2026-09-04T23:40:00Z,0
0x43a82aa5883d4d0af4719896950605941d96cf5296eeb4fb8403a475b694e928,mlb-tb-tex-2026-09-04,Tampa Bay Rays vs. Texas Rangers,yes_is_run,58280516741646977575935628955690195612788641883812497445178630261121962341457,85002593405815388037508117086588002624350411387173161485708929401151327481396,2026-09-05T00:05:00Z,1
0xd6d1f9b05ceb570a774104cb24db9115f0b23bdef21e6631da7561eccf5d3f4f,mlb-ari-hou-2026-09-04,Arizona Diamondbacks vs. Houston Astros,yes_is_run,100766662347131517715343848191621419960539032265106588692756480717386140138785,111402713873812849493194048868961394517760782699483888667233822550689930256097,2026-09-05T00:10:00Z,1
0xa078209738ea88f9d0057a1897825e7e53ecec4fb5c0893500b8d6742c4b93f5,mlb-tor-kc-2026-09-04,Toronto Blue Jays vs. Kansas City Royals,yes_is_run,63199589538557703414559831964915321606692181004578523494004985063906612900629,18918206231992429767343023527637297898939494025384521378246192929385085590189,2026-09-05T00:10:00Z,0
0x73a55b0fafe4dab84dd8f2926f8396e9073f534bc5b8c994cfd119bf2daec4d3,mlb-stl-col-2026-09-04,St. Louis Cardinals vs. Colorado Rockies,yes_is_run,108935220737165678849809431083628055669630193874141413983650568144138847694570,23877185328308913950749788877142952862001811864915823808002585836999751128711,2026-09-05T00:40:00Z,0
0x4c903002c16e04946e3831c02b5745ce3d7b49fbb0f59088f7d67a321be3e1d0,mlb-nyy-sd-2026-09-04,New York Yankees vs. San Diego Padres,yes_is_run,110673753238334816373323110562023168264514853969598199367205988915506358972986,24005841208727586742426663625807166742714884156438157646861867573895082040116,2026-09-05T01:40:00Z,1
0x033dd95046c400184d95e17f9d8ac4e82bee5c4843fd662fd5745a048dab7d54,mlb-oak-sea-2026-09-04,Athletics vs. Seattle Mariners,yes_is_run,96059302152881313800192966408039528008595472353796712374321938781338907266619,94309294273009829998145136532600024280206652304569609116208563352215365826679,2026-09-05T02:10:00Z,1
0xeda9fdfe4552cdb960589a52fdceb015eaab09b02e74bd3825e9e67058d42f66,mlb-wsh-lad-2026-09-04,Washington Nationals vs. Los Angeles Dodgers,yes_is_run,37736762187165407272026409863303753401588144633438673958270258961082686079898,12837742398274581947301523886797202756811345657400337693034687616836056639328,2026-09-05T02:10:00Z,1
0xd490469bd85a240934b506b39f2296796024b18bee911395f98f2b17db094c03,mlb-chc-mia-2026-09-05,Chicago Cubs vs. Miami Marlins,yes_is_run,7251746664123311797961534373862563741326463261175094723927624849800801985000,90616172021844096957141500563316134355040488294549654449648801023464360995558,2026-09-05T20:10:00Z,1
0xdc0261fa767c9c233965f56654a1db91eab542c078073a61c9d638904e8548b5,mlb-sf-nym-2026-09-05,San Francisco Giants vs. New York Mets,yes_is_run,70499893433264883951481113130810880092555104391429248983940379167660722786333,34912365893741794440467508707065040156375087753480766983091283206357434755513,2026-09-05T20:10:00Z,0
0x14725a6161350bdd2eebac90ada7c5591b3fb5b8ef10fdb598a3b581d7a021cb,mlb-atl-phi-2026-09-05,Atlanta Braves vs. Philadelphia Phillies,yes_is_run,59673965130153347071160332171046976781262765683855323633271248555275140522866,25595246566841492313476326891553211367175624801791093699084191050672158323322,2026-09-05T22:05:00Z,0
0x449bd9c752e4b4b0c315f605b8bfa5237c0dc9b0accdeb5695c4e5c615e016a6,mlb-det-cle-2026-09-05,Detroit Tigers vs. Cleveland Guardians,yes_is_run,25729947797429241573430772543038824442618451600659849368594663103622538631102,72070381880826327196129130793954040244456533501312493716130789420174758539708,2026-09-05T22:10:00Z,0
0x947866eb2b2f095e66578e730e0104e70d4cb7d945b04946169db6ef9ddcd1fd,mlb-laa-pit-2026-09-05,Los Angeles Angels vs. Pittsburgh Pirates,yes_is_run,31374829758018106228204577069869682443114563531145795686166671304489827139568,24406433237489002691904888844430403729648994680201084886588638859465622262351,2026-09-05T22:40:00Z,1
0x2bdd1ba814f586b79934b75237a7390fc75e70be7ce98ed60eb070dfd7726951,mlb-mil-cin-2026-09-05,Milwaukee Brewers vs. Cincinnati Reds,yes_is_run,100344270523241429350371972622497374879774853881971467379798106337217878435859,84971197661607349687031814360870472305574761366427341157444527197166316597708,2026-09-05T22:40:00Z,0
0x76866cf5513b4ed9845a4bbd7e8a56fed526f55712ceeacd3f965cebc8afbfb3,mlb-bos-bal-2026-09-05,Boston Red Sox vs. Baltimore Orioles,yes_is_run,95836469667615618852390154852103423198850141990879296051131303899720370777957,48608277272385364144789327992760788664812866935682789958630291973510987146852,2026-09-05T23:05:00Z,1
0xf16e6cdd784620258fb5477a1e8aad57423aefd68c84f929db0bceba2030e31d,mlb-tb-tex-2026-09-05,Tampa Bay Rays vs. Texas Rangers,yes_is_run,60655070502229667478370530158566122330568478747704493589709697759186949260550,37707278197339126842468878954780011643177037645997638190480753520401111127721,2026-09-05T23:05:00Z,0
0x140bb96ed91b3ef2f9c57a3659670fbdc8be8b1493a80f4057139e05d3d80a32,mlb-min-cws-2026-09-05,Minnesota Twins vs. Chicago White Sox,yes_is_run,5790650557511674824266393640950776724773647283937260926179889846238348214369,21420947683590135211508970148032010708479529527598738517263562932191098736637,2026-09-05T23:10:00Z,0
0x93f136ab0be74cd854a3559a9eaeb28e703151654246e4b4089f80875feebb45,mlb-tor-kc-2026-09-05,Toronto Blue Jays vs. Kansas City Royals,yes_is_run,43023241943822110491566463074061716354840338043315667293267964371013459532243,69378662527060916854069529635030491215833235586961481561517744973768816861241,2026-09-05T23:10:00Z,0
0xa79e31dcd93cc5606252f99a29cd3f83519b79879af89424db26fd923310896e,mlb-ari-hou-2026-09-05,Arizona Diamondbacks vs. Houston Astros,yes_is_run,44954881357767611198840256322004422786636373843076411450626232052362270569985,4826853695059034391754028760227225691501940887983032565816235181957646181664,2026-09-05T23:15:00Z,1
0x54fdf06f2f0460b6442f0ca95c04fac8f856f6af07b77a74c40c721c34ccc371,mlb-nyy-sd-2026-09-05,New York Yankees vs. San Diego Padres,yes_is_run,99715177974825197788153439156031353155646998829773413648310726904345638939183,66211538938612464288866535174461671674229560913866164443120867430368058751844,2026-09-05T23:15:00Z,1
0xf1e3c16adb5ce6c0811910756cd36da8beda72d851a20781c7416e9c675397bb,mlb-stl-col-2026-09-05,St. Louis Cardinals vs. Colorado Rockies,yes_is_run,46734337538020646911213676004147318073274911480572024356309039611631207516819,36015064809684559357715101228586704109896295167045275664404765685932391333423,2026-09-06T00:10:00Z,1
0xa49551f43b7f5dada95025fe3786ffd2edccdad6f159feb28d4ff847f885aad8,mlb-wsh-lad-2026-09-05,Washington Nationals vs. Los Angeles Dodgers,yes_is_run,66508852978182360498821704821536056058692823718693245842685463686354805354053,51635936449713662124130355180455249307845696076611179730013628951151776488377,2026-09-06T01:10:00Z,0
0x27a3224f38e6f0b50e789d5d623812223d583a81534993571af12b3c730dd744,mlb-oak-sea-2026-09-05,Athletics vs. Seattle Mariners,yes_is_run,38703898712960698136494043465629651641089398881027843363090701443094788225392,51689949090557293630869072440239439437368132157447107489216723179907717181469,2026-09-06T01:40:00Z,1
0xfec06ca85172068cede8fce2cad8d490b13fa30f58e27146ce42ceb9305b2f1c,mlb-mil-cin-2026-09-06,Milwaukee Brewers vs. Cincinnati Reds,yes_is_run,91697264028711921145339388538851648561260160609087604800299183026092403449928,59560445637956452336193037487485016156978412900223502701452498171811545339773,2026-09-06T16:10:00Z,0
0x24e2c880bf41043d3e475f688797f66079a16fcb71f127327a356143b0ddc74c,mlb-atl-phi-2026-09-06,Atlanta Braves vs. Philadelphia Phillies,yes_is_run,4260401706014646801968074478967181357199778397248417032685605198718538597527,100335818763636292118155809952209679887968763641515194512383903896123900746695,2026-09-06T17:10:00Z,0
0x52b54ebed387de1ff92d83f0b8babe1918f3264ba1dc543f6c5a6f6de719ab2b,mlb-bos-bal-2026-09-06,Boston Red Sox vs. Baltimore Orioles,yes_is_run,16629113089584103277578678310525908691487885570149767178319530838740248529616,74567366196380676965887250216912356881653511385023807411416209222826705099377,2026-09-06T17:35:00Z,0
0x2bdf0cdbd053d09de7f8ed2921a0d96911353991db577593d966a2ac7bc01400,mlb-laa-pit-2026-09-06,Los Angeles Angels vs. Pittsburgh Pirates,yes_is_run,12455569503090193783090149578598665940845752677216634855584180375185883431395,58538914864142809605375255756475642624476098294135320655808237679664806655784,2026-09-06T17:35:00Z,1
0x0444659abab05973376c8c908ff5f85859d5d9c6ac13316745fceef8c6f4f309,mlb-chc-mia-2026-09-06,Chicago Cubs vs. Miami Marlins,yes_is_run,6252260724260991677446948951650251551836096613010931040506278538975189063090,72913048571465739654223196746363437188194604546632144511616396061730336237411,2026-09-06T17:40:00Z,1
0xaf76440dfc8c51275053e3a879a55504a1ccd9aa704ea01bf1bb30563d5c633e,mlb-det-cle-2026-09-06,Detroit Tigers vs. Cleveland Guardians,yes_is_run,108003489001676942472049142582641802941517018531768902705167450253734249430130,25058704551443297522689979735303293871177988639282707575523934868788415903062,2026-09-06T17:40:00Z,0
0x353870dd00bdda54a7efdbe74b0d65a4828d455686acc12c36a0a45dd8f8b73e,mlb-sf-nym-2026-09-06,San Francisco Giants vs. New York Mets,yes_is_run,31054071927678538127269580729955979608528372785168521918051519088884973224503,18077783103835062516523195897021258276538286894072360447156042223181848745672,2026-09-06T17:40:00Z,1
0x12fd1f2dff0e3a6911c9f750e1d44e6db70c98c626974d0499cc98aa143ac93a,mlb-ari-hou-2026-09-06,Arizona Diamondbacks vs. Houston Astros,yes_is_run,111455132272071597767244810388274872817311593320084459233379900437099390625171,71747259378669109008327418878822468740036593816512657759294418110432624182784,2026-09-06T18:10:00Z,0
0xe943c786af6c11ac7097b4d8bc336f2589d0be31034e1044ffb581e3b45b5b7c,mlb-tor-kc-2026-09-06,Toronto Blue Jays vs. Kansas City Royals,yes_is_run,9172525826410800926790431859758956862137942284271542747423657980609052700568,82052996102217167408048473492576331036224719582447173289099889977465053818524,2026-09-06T18:10:00Z,0
0x40493ced64310c9ae31c7cd3d4c14c90780943e4ffffe145d61ff4c2a70fcb87,mlb-tb-tex-2026-09-06,Tampa Bay Rays vs. Texas Rangers,yes_is_run,64386967968444515313658490648445267763495817566641570403495687661415983464485,65390723833319663295179743938274995483254597435739706726292209983724515036284,2026-09-06T18:35:00Z,1
0x8d6d1d9b7ffc52091ca801f00d1e62cdd750cfde00123842830fb18d3ec19126,mlb-stl-col-2026-09-06,St. Louis Cardinals vs. Colorado Rockies,yes_is_run,73833742946957832027069244358263093404370254689746857675152534239739440327318,10609059287737365813985798527612173077467581405903698346942042943840126286537,2026-09-06T19:10:00Z,0
0x11661c923be1cfb64a89889c45c5cc991964cd8fa862b96dc5ea5f432760ba93,mlb-nyy-sd-2026-09-06,New York Yankees vs. San Diego Padres,yes_is_run,40421642016546696226094168541737548786409200131098614954330934549300449092484,81677288727586965293610737174772935459258404572093888355900366080047829277566,2026-09-06T20:10:00Z,0
0x6dd99f06efbb731f7f4ca536529cebb2b7e9335cbfd630f00447e2eed7025bbb,mlb-oak-sea-2026-09-06,Athletics vs. Seattle Mariners,yes_is_run,95648301060729405771920471035852140453354851291996595567124153331553187669692,103723450336447336743670427630755613805641426774310383580908958093428195137619,2026-09-06T20:10:00Z,1
0xa4604db2d3e3ab5c7ef05e7510278c7a2cb12358bcd04395881b7c02d3f05095,mlb-min-cws-2026-09-06,Minnesota Twins vs. Chicago White Sox,yes_is_run,52905421601563890098298875202051831120248933847935045068013109134055945647575,73980484502195541256045419618903510475268117316191961031444613796307134606147,2026-09-06T22:20:00Z,1
0x7d6eca5760fa507b197e5abf04164b8307ac1839576830c826ffe35a922e23e9,mlb-wsh-lad-2026-09-06,Washington Nationals vs. Los Angeles Dodgers,yes_is_run,42288185799895280056153629134591625897171319608600604379505983111593010299101,6581538532247974376232608014061004785693541091736307533603493300550484700832,2026-09-07T02:10:00Z,1
0xa86ea6908c9d7c2448f4f475a1ef0bc22776d8fb8dd5d2fa277ad1f128131dad,mlb-atl-phi-2026-09-07,Atlanta Braves vs. Philadelphia Phillies,yes_is_run,49392690257345873840058844968097115433917013836421638881598191672999296178353,73997332097032228009559464863276808913102973318596769214828810405240397689479,2026-09-07T17:05:00Z,1
0xfa549fec9a686d5050ea0341d29a2049e123ef1c74e94b9c5652fdfeca3734c4,mlb-nym-mia-2026-09-07,New York Mets vs. Miami Marlins,yes_is_run,36750888596330449747696366067458808534594296741446177330487239679911452344118,10402022452823099148249071319617651210937640660215875714783753006862381151455,2026-09-07T17:10:00Z,0
0x1280c2c4aa8c27cba1243c777d2e487590106d5f4fb06d142338321f7bcffa92,mlb-cle-bal-2026-09-07,Cleveland Guardians vs. Baltimore Orioles,yes_is_run,56347650281172596858271354885951329041493465784282531794359269300209751941417,69349520521240914973771537922571979714579715847761933077169514929366784337832,2026-09-07T17:35:00Z,1
0x2aa99242a9733696e0e1e39a18c155ffe5e4358648cb173174b3beb53a3ed80b,mlb-laa-bos-2026-09-07,Los Angeles Angels vs. Boston Red Sox,yes_is_run,11738357671094868253802052883483605268301676409581668116057164389904226151627,51320821456784610637489406204024415641940491946128039883087312589711898977262,2026-09-07T17:35:00Z,1
0x04b41e0f307dd86e559ee643f940202a412212f3628b8d3aa20da495bb6fe1fd,mlb-ari-kc-2026-09-07,Arizona Diamondbacks vs. Kansas City Royals,yes_is_run,104501997826988943173623245607800334960650456115578083165203045180436444244677,53765199834306430492420081684384893239312780708427720512664160651851317945949,2026-09-07T18:10:00Z,1
0xe57331336262bebb2f8a04032e363d2743c61eb7b12382bed5cd62b333e26d48,mlb-chc-mil-2026-09-07,Chicago Cubs vs. Milwaukee Brewers,yes_is_run,35503766163935830156022295279667482962342877065332714277309162414162150408361,79833830132961668295290460872354182450353019521200769602721708142214287054084,2026-09-07T18:10:00Z,1
0x05672b8c7c7d58d826cb54f2113e23ef644e33ac5a0805340a2d50bd5cb89648,mlb-min-det-2026-09-07,Minnesota Twins vs. Detroit Tigers,yes_is_run,92480345994110535373942074068720679681046797625746663903421108463450279376979,38518813200554326496072467988402792935707286185033220029083981607388625815999,2026-09-07T19:10:00Z,0
0x0d045197d2ae2828b042898bf8bc7f9b37c74eeb4f5511142830dab873ec7c12,mlb-wsh-sd-2026-09-07,Washington Nationals vs. San Diego Padres,yes_is_run,50160416040821279206481145487561076963037358560303346923882460160264325215223,49305669475908220459223291993965069903621027783669329846692773316949792707432,2026-09-07T21:10:00Z,0
0x1f319f539f27298923ff6ee4ae0713f3f5b87f30965994d99b6b8be7069503a8,mlb-stl-sf-2026-09-07,St. Louis Cardinals vs. San Francisco Giants,yes_is_run,65637753112596943849917987993502051432305746278390277516007358251601013083698,108947061907919104601196766126086531102465265383843064619580094719434427717783,2026-09-08T00:10:00Z,0
0x6a83831ad2355a74aefe7510ef95ff6bada5ce21eaaa06974f914297b66ec166,mlb-cin-lad-2026-09-07,Cincinnati Reds vs. Los Angeles Dodgers,yes_is_run,99176809646715735067028350606461115637981415680857087842491860691242097580793,40812960106412088894252681989159064430586790680718269284032817885821504386886,2026-09-08T01:10:00Z,0
0xc20fc84b5d539f698d82bd9bfd859b7d48a4b768a74a16130cce3292de320001,mlb-tor-oak-2026-09-07,Toronto Blue Jays vs. Athletics,yes_is_run,31881674265179040565538521276082996142078030166974236409804827332564091876129,4140636314863085965340156672379833800595165518123042739377544631887086380553,2026-09-08T02:05:00Z,0
0x05f71811ea275446550ec9f059fc443d48217497f43b0e7704b6ba414d7581bd,mlb-cle-bal-2026-09-08,Cleveland Guardians vs. Baltimore Orioles,yes_is_run,8728820051717750793740507307978032430474331862741313820283748754789417762354,114711478884594485401101686676414638968084100444234192331803306355964555798846,2026-09-08T22:35:00Z,0
0x66ebe74d941605f029090d233768ff1386c34aae6fd8d65413d1dfa90078d2af,mlb-hou-phi-2026-09-08,Houston Astros vs. Philadelphia Phillies,yes_is_run,22730624022282344497036007932429155838613413786616585168544637153758987998201,12237704468738940228479553164904924320874389944546293352444869202771615795095,2026-09-08T22:40:00Z,1
0x7e7041f2fa6f6563fc6bf93835ac5e33ee8f8cc8b7805130826c923804771e68,mlb-min-det-2026-09-08,Minnesota Twins vs. Detroit Tigers,yes_is_run,104420673942599457109590145736414729976351694408132339816765472753944410000558,85117186873467983180006105836762444428420619653266632855578276803274362628415,2026-09-08T22:40:00Z,0
0x68be545741ac92aa3d43d83dc898637b02d8b676fae22c6aefd4e2677e0318a8,mlb-nym-mia-2026-09-08,New York Mets vs. Miami Marlins,yes_is_run,39494681597380536712914980383094451361445263099259497222070112975208303306753,113898036664340529478337401603817287115488460577051741081115807459615326682607,2026-09-08T22:40:00Z,0
0x192059356629c0436dd224063ee7ab53bf5b54a3267c12b3e3b380d6521462d4,mlb-laa-bos-2026-09-08,Los Angeles Angels vs. Boston Red Sox,yes_is_run,74704517229442065455922750231103153406764410831422658752494064852989194721713,92416346161720672872375738262104082135275573382769033745667812796755824302699,2026-09-08T22:45:00Z,1
0x62ccc748acf3e0c89b744da35af82df6f9a2a4c6574486302ca213b6ea2fca23,mlb-col-nyy-2026-09-08,Colorado Rockies vs. New York Yankees,yes_is_run,18923030164249306007257616317435779388906414095090876219892148448311155483440,100077494828059025984830257502830750210029976901735466614992122457953351168238,2026-09-08T23:05:00Z,0
0x601486ebb1e2b07224ed734fa90c399e2512c8f5176917c923cfca3a01f699da,mlb-tb-atl-2026-09-08,Tampa Bay Rays vs. Atlanta Braves,yes_is_run,6624626067077953244010642536908678491232736300092889319866873558001321146175,47650224559040112838203692395855047926017632227503301284837332819501343397834,2026-09-08T23:15:00Z,0
0x4c0e04c80f48a3b16ee65be47273f076286320a6b301847229a51889d2e021c5,mlb-ari-kc-2026-09-08,Arizona Diamondbacks vs. Kansas City Royals,yes_is_run,38699746566666768010852607482958180835940009808379338425165350261329303652573,1076784276180594279490862984305687861513920982628319329259985169095131739882,2026-09-08T23:40:00Z,1
0x22261f12fcf014d30bcd682c29b80a0d981c64f6150d4a29fec45300c4476aac,mlb-chc-mil-2026-09-08,Chicago Cubs vs. Milwaukee Brewers,yes_is_run,104080853662625302503068216387672029794130553142616079914063446423263436312871,81654798687996350457473805781440229945678565600863738814705136669023829852837,2026-09-08T23:40:00Z,0
0x21c02510d8680a5f5587a9b0b8f6523f828fe94d0b0742c51353379b352dd3f3,mlb-pit-cws-2026-09-08,Pittsburgh Pirates vs. Chicago White Sox,yes_is_run,19335569120563686060341380366826945964843247401291799113730230620013884677437,35318234584430497334142980728528936727865145203404345190301013290293027966851,2026-09-08T23:40:00Z,0
0xe13b983198fd4ccc455835bbcdd22a77c9ba8176895405c4bf76ca766cc0a852,mlb-tex-sea-2026-09-08,Texas Rangers vs. Seattle Mariners,yes_is_run,53287206824173389240520490474756587543824634096178806557564840178913051965699,25650154715700100771452909662748202491789964616549423836552867219570450665307,2026-09-09T01:40:00Z,0
0x24eeabeeb12124086efbbcfe3996c1c11374f3b6ff00aa7c6585232d11e9c63a,mlb-tor-oak-2026-09-08,Toronto Blue Jays vs. Athletics,yes_is_run,36276120634657348755154249967389509866014513752048722261904928217063323324041,15144778777692548907743342593432405996319898365968144415388435131131135298372,2026-09-09T01:40:00Z,1
0x69f629363110a7a451fbfbd9de272141ee21c382191b451e091974d827dcbfec,mlb-wsh-sd-2026-09-08,Washington Nationals vs. San Diego Padres,yes_is_run,11321921998212723633347216910117175067096735347308613198093950963122330408164,95951547419010114023404055944817631591757218109934986805580264516450778526017,2026-09-09T01:40:00Z,1
0x5298f9de2ba33e537f0bd0d83ac4c317ffdba5907f4d39074c04bc2a7005131e,mlb-stl-sf-2026-09-08,St. Louis Cardinals vs. San Francisco Giants,yes_is_run,56676218952755537519066092777650024596495184995221518016245275835006157967503,34640528368688864065819491271105997418960856134837758740508694573007677035910,2026-09-09T01:45:00Z,0
0x1936ed042f479e565c1468082b62d2801a02a4d8d372cb8c81d7f0a2427c5fa2,mlb-cin-lad-2026-09-08,Cincinnati Reds vs. Los Angeles Dodgers,yes_is_run,88302808478080999584253573442600319596159878420204291128187659990021022767816,85625326485875137256069888063687480233228630484634803614446851020740043469768,2026-09-09T02:10:00Z,0
0xad345330a914d7f532c6d60e7fe5ac4d200d5e3578c51729a6ef8bcfe4faeb10,mlb-min-det-2026-09-09,Minnesota Twins vs. Detroit Tigers,yes_is_run,46424012009071937216652171979783990513065197083678387513172878748674025947616,34596126877296122796999837963512891616749314437232352255998044103475497688641,2026-09-09T17:10:00Z,0
0x04417365ce70fd0efbac8db9880f7796d9d6d2d4cf4cd85effc6bc9a971e200c,mlb-tor-oak-2026-09-09,Toronto Blue Jays vs. Athletics,yes_is_run,93711205295356975481931515509765441633584332788191761664252277087279521642178,2296893615466102150178764782609803717114946863070701094922012982667317784875,2026-09-09T19:05:00Z,1
0xdfb2b0d03d471852a14e39b7b42bf6c533cabdc797ade7efedf96fcc4060049e,mlb-stl-sf-2026-09-09,St. Louis Cardinals vs. San Francisco Giants,yes_is_run,7131238143865026134160001581127954760030617379379461151630387494545773012513,58250812511431770860675163627716684188540897370829594530554258690599620705340,2026-09-09T19:45:00Z,0
0xe118d64833b71920758dd61557e04025ebfa7d2b1b443e389178f568deaf1c6c,mlb-tex-sea-2026-09-09,Texas Rangers vs. Seattle Mariners,yes_is_run,9733348285542359301426293617688065856286403969328342478530863621084588557223,103381245865591222315710318361001966617010334567685807971045918100754940355978,2026-09-09T20:10:00Z,1
0xbe788d64f0bd705fcb842178d67a815f6ee62e6fb8b9caead8eea317192b0c72,mlb-wsh-sd-2026-09-09,Washington Nationals vs. San Diego Padres,yes_is_run,108376061826781112133214429202835661470734217468049944660641926738657905891200,114583222999457869249839610558174061788200427689445951148186098085340516912601,2026-09-09T20:10:00Z,1
0xa741b05c0bd72a8654a5d2105c1c1f033d93e7ad923fc42ef4f9c22eb6dfce52,mlb-cle-bal-2026-09-09,Cleveland Guardians vs. Baltimore Orioles,yes_is_run,24622390987923378265181027751489143549012118625460893689151660956466241796092,27381573283117335158738685043011000236208814656490838020941024812491502800094,2026-09-09T22:35:00Z,0
0xcd6146c05b30d8766a2ae7ee0f3888a30043acc5a18504a9ed8c646d3bfb0afd,mlb-hou-phi-2026-09-09,Houston Astros vs. Philadelphia Phillies,yes_is_run,5466390923232258576740501908969828502405906740613190614951034360885974061631,55986669468650444128316263702140143290630788522492817874044868725814146335192,2026-09-09T22:40:00Z,1
0x4f559743dea3e3829e764b24fdf4fd3e2e132437fca7afd2c1d9e3d553d3f96d,mlb-nym-mia-2026-09-09,New York Mets vs. Miami Marlins,yes_is_run,110724328798867157626727457836632204676691339706810492843975310407192946650068,16475507426404559196612233186487468848270785777602242549367580088747365304949,2026-09-09T22:40:00Z,1
0x4249350448042eb120922a8bc055f139bbaef1f6dbb0d7a0a09c742a80bc1370,mlb-laa-bos-2026-09-09,Los Angeles Angels vs. Boston Red Sox,yes_is_run,90269851186266875678469970086370767975902712566061816486921754678937920520000,36257438961325093189609171714902733926159214906066550704072843572140543746125,2026-09-09T22:45:00Z,1
0x3e0fe0dfb8798446ce898d93122a4d7e0ae5f13b2a77aca6889780d31b2a0153,mlb-col-nyy-2026-09-09,Colorado Rockies vs. New York Yankees,yes_is_run,56847354179742792843057145637888589101573716639113748824874431573078911253374,8233471610393196838277292754596030754275715586739480725822805184775268501975,2026-09-09T23:05:00Z,1
0x921800bba4e464c0966c27f92f62fbdfffa168cb5a9f549a07082cc7bb8a275a,mlb-tb-atl-2026-09-09,Tampa Bay Rays vs. Atlanta Braves,yes_is_run,62506420316852751236280871773672100616201476331115493946209399229445120576064,59023279208292792314297432255964033682513963618292425502533573437386780399697,2026-09-09T23:15:00Z,1
0x2843269be187e1a0927a272a2057e7db9daae30d41f98146bb2461778a00218a,mlb-ari-kc-2026-09-09,Arizona Diamondbacks vs. Kansas City Royals,yes_is_run,9837120967366832200517802173843382136374437369874104382442211853381014125552,68143728282013674449982095461734667755136951183293966188471835027690755663473,2026-09-09T23:40:00Z,1
0x6009df5a74cab8adecc0d336b90146921642fdce0ec25612824d9133592c3d88,mlb-chc-mil-2026-09-09,Chicago Cubs vs. Milwaukee Brewers,yes_is_run,94122877078001826349616287624083057478315312226169858610246563475722686572847,97570351828225688490219237051631953782208611525533998715680977909732755595750,2026-09-09T23:40:00Z,0
0x3a24f7de674a39aa4f08d7431399e80266a62fdc498c40cd79432ca3b96e2176,mlb-pit-cws-2026-09-09,Pittsburgh Pirates vs. Chicago White Sox,yes_is_run,48429850314654255738807002174854298075524777522008371091394827501066216738538,42958118273257036100152035092820080160928556815974347406380617864758255380486,2026-09-09T23:40:00Z,1
0x2a340326956863922495718ff4a5d96bcb0dae81cd2c14241d0cc8dcfb7bdc5c,mlb-cin-lad-2026-09-09,Cincinnati Reds vs. Los Angeles Dodgers,yes_is_run,22293612143781814840954222900479538822596995212690915293219633876022495873163,10693736583853140071548368350117224746938349597040419512416729906454056102159,2026-09-10T02:10:00Z,1
0x485fe8382fec221f37f6a2f4076bcc05e8d232e7be6e1853117dc15198405b17,mlb-tb-atl-2026-09-10,Tampa Bay Rays vs. Atlanta Braves,yes_is_run,104720004219865503277965519645613178830525741543635980241055067176698000222812,114465694840056708033822040399882887436712724696123068425077917906078472299375,2026-09-10T16:15:00Z,1
0x62ed0a31ceb248a241ef381cd94ad50ae574fbd009b438afe177f74b49c3cce9,mlb-hou-phi-2026-09-10,Houston Astros vs. Philadelphia Phillies,yes_is_run,69056013591710695591382703497035736475543636792066913305522819820671945907653,85378560121849985124974561593770401469654602535396770838101965319901044614000,2026-09-10T17:05:00Z,1
0x96ce094854bcd2509993f0c025994e55957144e6c2ca25298d2bb0cf70e8ef87,mlb-tex-sea-2026-09-10,Texas Rangers vs. Seattle Mariners,yes_is_run,85914189781775888293870892285086572627102976260721975085630579298494553450718,50925042869833073680364479747060360094767382677114855848658535235460894186288,2026-09-10T20:10:00Z,1
0x17935cf70ba11ca4f9fa60ea0a3969f8c4b8be3a17f7272a9ef7d9522d0f9006,mlb-col-nyy-2026-09-10,Colorado Rockies vs. New York Yankees,yes_is_run,110431950435071195785951397876403623088811219155133244973098306478560181008075,77432911248557575493131276136574218630644597223053541627958055310278150173184,2026-09-10T23:05:00Z,0
0xd9889ccc1f048308f815870172174a11a31d682c8c5813342609adcdcde8ebd5,mlb-pit-cws-2026-09-10,Pittsburgh Pirates vs. Chicago White Sox,yes_is_run,44704868549479394052376806287109120445552805685927028759541717859923909443676,115569595577920464013831944831406181616470694584907978961762580967881905099168,2026-09-10T23:40:00Z,1
0x1dd9385377235ddebe1bf5816ed283e24f3632eec9e022834d692933828d1744,mlb-pit-chc-2026-09-11,Pittsburgh Pirates vs. Chicago Cubs,yes_is_run,83844431182218689542376645756127048072644372340155811094798360621703684120576,23660241221911487949457580839192588192112681802278402656504850647649537364058,2026-09-11T18:20:00Z,0
0x1a2be1ea46836021759ccc2e6741eabc1bcd5dc57066da14733d13241d37206a,mlb-col-det-2026-09-11,Colorado Rockies vs. Detroit Tigers,yes_is_run,79785595834238064559968158412623105059568741449528364523279748365931875293045,46874620306532020945638604216096045348729447194244220102011517608973618094179,2026-09-11T22:40:00Z,1
0xa5ff2e44a22917cc43b5ef76138fbbe714f702d8e560ec37e8e5b08f6a58c29e,mlb-laa-wsh-2026-09-11,Los Angeles Angels vs. Washington Nationals,yes_is_run,87840045456014735041358289600274371021340935347837294902014141235398576732010,61067903882502967233887498662632533931655488172612034297863960083989581559636,2026-09-11T22:45:00Z,0
0xe388d377a9f7387b149148729dc9c68a2b9bbc676ff366c9b27ac97f5f1c0e7a,mlb-nym-nyy-2026-09-11,New York Mets vs. New York Yankees,yes_is_run,31950978515154852496452181944119957725703374794477256807027056864247320440581,10834273726833398644944943198002493618243895825883272021518847477306172445071,2026-09-11T23:05:00Z,0
0xb3806ca6326027b5457d1a4325852fa56ae688e4e112c6c4c9b66faeb992d350,mlb-bal-tor-2026-09-11,Baltimore Orioles vs. Toronto Blue Jays,yes_is_run,22856917919699694990877751344997982579145701302196858184893032276498905840999,100891273881808719057382198456846016494970292586198807927967679199215001408576,2026-09-11T23:07:00Z,0
0x50f1920f8d6ddf53eaf1031ee24bc2e78f9d0e2149c74af7e6302cd5b23755ea,mlb-hou-tb-2026-09-11,Houston Astros vs. Tampa Bay Rays,yes_is_run,47672225638801880638534796307918817781866319552285744584623752931920689809616,58393291047576834231637564719339359446556173160586481732510327806853855153600,2026-09-11T23:10:00Z,1
0x09410103adc7d804ab7e7eab68e56c69321a3c8b441d392787414afa66e59f42,mlb-kc-bos-2026-09-11,Kansas City Royals vs. Boston Red Sox,yes_is_run,104305710588592090303913594389049480779540175184596213987291384380090823066686,47099635747990199272844224755599463945683626756855504973291041054159368194487,2026-09-11T23:10:00Z,0
0xcf50fe7fc6274b46440431ef5b75da876d931e3e12281f28e0de7ef2af716c3f,mlb-lad-mia-2026-09-11,Los Angeles Dodgers vs. Miami Marlins,yes_is_run,7544916902096813491679362719967141074751029080958927806444246265628038012571,67548768870756055605810985756986823389609829723221379488321109470011853039815,2026-09-11T23:10:00Z,1
0xa0ba87eaf5d55cd59b8af267c5bcc7910e75bd14523020009f0e6ee8617f090f,mlb-phi-atl-2026-09-11,Philadelphia Phillies vs. Atlanta Braves,yes_is_run,63965197844278515602330438632716509439956513791088192141338508248287524155509,90339005214710771919372452905294754378758487515816815311957629920861711654965,2026-09-11T23:15:00Z,0
0x86d69f6ad2c8b0371e77f44762b428efe22efcc33b07d7f70c7aa22cac8b01fc,mlb-cin-mil-2026-09-11,Cincinnati Reds vs. Milwaukee Brewers,yes_is_run,46420901778985772573537785555574188442682041554649407214060038226962828190790,100908090446195959309493215700019861271590671332716656385117680408850911896904,2026-09-11T23:45:00Z,0
0x136d8470f8bfbb23439f044c0475404264e2c5be49c082cd173effa9ea83c3c0,mlb-cle-min-2026-09-11,Cleveland Guardians vs. Minnesota Twins,yes_is_run,60096901931292611323367629188193637489270763820306537864553680680229420745943,95828152328867848329256732102651769303509803531836420898095149040802128932329,2026-09-12T00:10:00Z,1
0x6671a5c6c846a75de53b44069dc69176b1d67f645dfd41c26585be150ec76ca1,mlb-cws-stl-2026-09-11,Chicago White Sox vs. St. Louis Cardinals,yes_is_run,110569640774347517742830845300878537608746430668970033599761605735919747004191,7297906769357500683281843886764255520916011366687140968558324819277320262726,2026-09-12T00:15:00Z,0
0x54f07d3859cad07c1d725c0e572ac2659f0f10ab2fef239087930ee9339a1a90,mlb-sea-oak-2026-09-11,Seattle Mariners vs. Athletics,yes_is_run,99709209075452177722033315415356655001340324686337660365427693652045970226041,21355589042394102286904662559727277105014305978928533841889918954370310526429,2026-09-12T01:40:00Z,0
0x1feb3e1ad622b1a3cc2543ed9077e061af7c12f3d00cccf98d985d341a197ed2,mlb-tex-ari-2026-09-11,Texas Rangers vs. Arizona Diamondbacks,yes_is_run,83876504932332922185656639555657142561358011022705822990204297128074040401702,63873221942422949390094293815485630781036942875737911022702606671980090337892,2026-09-12T01:40:00Z,1
0xfe1df26bf6b139035dd47611002eac92c7d6ae54165b4fd1659c60eada04ec5c,mlb-sd-sf-2026-09-11,San Diego Padres vs. San Francisco Giants,yes_is_run,55457291077101256685563401020977066025642407139499655876923437761744777790910,93005055725680372053217681374535683400778733721152275667368625073147888066237,2026-09-12T02:15:00Z,0
0x5ca2cd52d14c9f5931d140b613dd8929c301ed6bf5a56f3244f83c6d9e08f23e,mlb-col-det-2026-09-12,Colorado Rockies vs. Detroit Tigers,yes_is_run,88018308824573052231215946387226885481227647514148033316562437374004690204869,100974432825000199866830871768912078678166003828755426924444259003578430658687,2026-09-12T17:10:00Z,1
0xfb886cafd3cce9f0c2b1d46493cfb6b72cecf634fe9c8cf325360dceb29b95c8,mlb-nym-nyy-2026-09-12,New York Mets vs. New York Yankees,yes_is_run,54180028125555442742845182175442388972020653408182527333175076216885060798184,1787247230454117664252872355767775484743680536825020834224319930314358032077,2026-09-12T17:35:00Z,0
0x07411743a52acb05893b1025e1f036386bfd581759365093101229485518675a,mlb-pit-chc-2026-09-12,Pittsburgh Pirates vs. Chicago Cubs,yes_is_run,108705500227820849270724291253509010450009734786806214017257216784834992762672,77704556446911822835502710546829974983375170661745738340445758566573937018329,2026-09-12T18:20:00Z,0
0x245d6a234777d307fc9e22417d71bee2228cd018256577fd3e35d990cbfef5c6,mlb-bal-tor-2026-09-12,Baltimore Orioles vs. Toronto Blue Jays,yes_is_run,43785145982110069903646918260304210197700010441643781163603874258200571507057,13935060004007955803077582014679131156806454310958972429842127038724898554525,2026-09-12T19:07:00Z,0
0x9c22ed08d6f4bbdc4ece73ccfb5c89650c023e5f612bc5abf9119893dbeac9a0,mlb-laa-wsh-2026-09-12,Los Angeles Angels vs. Washington Nationals,yes_is_run,100078583180852139614272317002613129290944842027387277600969108482454881176481,54751260380070066485681432362079175001577527231427819097189399215413976907862,2026-09-12T20:05:00Z,0
0x78f3559bf44fb1cbd6b3d825a094a07bf9fd3fe0cc7092e70346e3c7b7478ae1,mlb-sd-sf-2026-09-12,San Diego Padres vs. San Francisco Giants,yes_is_run,93021567382988155831775166610099726932492502256286492039191984259870242333362,74015841593834190906742426382306971350807784993560951904359859316190327322084,2026-09-12T20:05:00Z,0
0xf2d0c041d4f7a1343596cfbfe104403c5409ed617f741732f4ac227a982002b0,mlb-cle-min-2026-09-12,Cleveland Guardians vs. Minnesota Twins,yes_is_run,35554499420041974281038557292275936099012872618564663476181845867261058111201,49756903057718718012317746335063616067920337091629268883585608538722529033832,2026-09-12T20:10:00Z,1
0x57165521ddd36d503280b6deaa781d151e5ec71ee3c72b010078ce11dce3e3fa,mlb-kc-bos-2026-09-12,Kansas City Royals vs. Boston Red Sox,yes_is_run,44002169669424706327540594463418954576145358494800670458957016274423651607552,95061847192135498838916626699056201689913322643625271650937217803256090802469,2026-09-12T20:10:00Z,1
0xc40d690aea9e8d49d3fe7f300a8b4249da21b75c08e7fb413328d714686740a6,mlb-lad-mia-2026-09-12,Los Angeles Dodgers vs. Miami Marlins,yes_is_run,84755741442089832746693350269070893068524494509333757950901246195722593994233,76469776263827252434485711917048198847845841146336962416692011823066664631317,2026-09-12T20:10:00Z,0
0xb69ca05d049810db3baa5e100bad631bf4e7821e85d27ec94d4468da92de8f24,mlb-hou-tb-2026-09-12,Houston Astros vs. Tampa Bay Rays,yes_is_run,100395629482342668447691011905942128136159542921605434929942045043161663811826,40133701905971380720836358164390744552167938501301776142445083494271612571193,2026-09-12T22:10:00Z,0
0x344be98894ec158a0a04c1d871793b828e4485dd9528e9a1e900326ec0d97b2c,mlb-cin-mil-2026-09-12,Cincinnati Reds vs. Milwaukee Brewers,yes_is_run,61948972161442481963892687806651141990328009405235869180835699906847015974415,74892023143590895670669808738934966235347063537978745135883896765281456783630,2026-09-12T23:10:00Z,0
0xfbdca97a06d991fce759a973779eb5fc9184245480893c4bfb5ed1237e530474,mlb-cws-stl-2026-09-12,Chicago White Sox vs. St. Louis Cardinals,yes_is_run,61679409042448061149388298320369380447640654246709926371330153279323417477668,80035019273558336621815050238107687630482575516121288089130515976192892942123,2026-09-12T23:15:00Z,1
0xcb72ded1062c66aa4db76dca565f707f58a786125ff89a21b47ea3cb887a2d6f,mlb-phi-atl-2026-09-12,Philadelphia Phillies vs. Atlanta Braves,yes_is_run,41582845876246358455585220017182595637936915274859217054646634313547286724871,13367151379622189479246652732888632218739612181180630515988550090447455832595,2026-09-12T23:15:00Z,0
